{"type":"FeatureCollection","features":[{"type":"Feature","geometry":{"type":"Polygon","coordinates":[[[10.73589,59.41815],[10.73598,59.41807],[10.73581,59.41797],[10.7358,59.41808],[10.73589,59.41815]]]},"properties":{"a":130,"v":173,"dh":1.33,"pl":0,"fo":1,"c":0}},{"type":"Feature","geometry":{"type":"Polygon","coordinates":[[[10.74718,59.42312],[10.74707,59.42296],[10.74698,59.42299],[10.74706,59.42311],[10.74718,59.42312]]]},"properties":{"a":109,"v":137,"dh":1.25,"pl":0,"fo":1,"c":1}},{"type":"Feature","geometry":{"type":"Polygon","coordinates":[[[10.75122,59.42307],[10.75128,59.423],[10.75123,59.42292],[10.75117,59.42293],[10.75118,59.423],[10.75106,59.42305],[10.75122,59.42307]]]},"properties":{"a":105,"v":-144,"dh":1.37,"pl":0,"fo":1,"c":2}},{"type":"Feature","geometry":{"type":"Polygon","coordinates":[[[10.74925,59.42357],[10.74939,59.42349],[10.74939,59.42346],[10.74931,59.42344],[10.74912,59.42352],[10.74925,59.42357]]]},"properties":{"a":102,"v":149,"dh":1.46,"pl":0,"fo":1,"c":3}},{"type":"Feature","geometry":{"type":"Polygon","coordinates":[[[10.7384,59.4241],[10.73858,59.42412],[10.73858,59.42405],[10.73843,59.42399],[10.7384,59.4241]]]},"properties":{"a":120,"v":217,"dh":1.81,"pl":0,"fo":1,"c":4}},{"type":"Feature","geometry":{"type":"Polygon","coordinates":[[[10.74266,59.42425],[10.74273,59.42423],[10.7427,59.42413],[10.7426,59.42412],[10.74256,59.42404],[10.74249,59.42405],[10.74266,59.42425]]]},"properties":{"a":116,"v":157,"dh":1.35,"pl":0,"fo":1,"c":5}},{"type":"Feature","geometry":{"type":"Polygon","coordinates":[[[10.75137,59.42462],[10.75136,59.42457],[10.75106,59.42451],[10.75124,59.42461],[10.75137,59.42462]]]},"properties":{"a":106,"v":143,"dh":1.35,"pl":0,"fo":1,"c":6}},{"type":"Feature","geometry":{"type":"Polygon","coordinates":[[[10.7595,59.42913],[10.75933,59.42888],[10.75924,59.42885],[10.75939,59.42906],[10.7595,59.42913]]]},"properties":{"a":101,"v":148,"dh":1.47,"pl":0,"sl":1,"c":7}},{"type":"Feature","geometry":{"type":"Polygon","coordinates":[[[10.75467,59.43399],[10.75481,59.4339],[10.75479,59.43383],[10.75463,59.43384],[10.75456,59.4339],[10.75455,59.43399],[10.75467,59.43399]]]},"properties":{"a":179,"v":306,"dh":1.71,"pl":0,"fo":1,"c":8}},{"type":"Feature","geometry":{"type":"Polygon","coordinates":[[[10.72988,59.41537],[10.72988,59.41531],[10.72983,59.4153],[10.72986,59.41523],[10.72972,59.41518],[10.72974,59.41529],[10.72988,59.41537]]]},"properties":{"a":113,"v":135,"dh":1.19,"pl":0,"fo":1,"c":9}},{"type":"Feature","geometry":{"type":"Polygon","coordinates":[[[10.73291,59.42122],[10.73298,59.42108],[10.73292,59.42103],[10.7328,59.42105],[10.73282,59.42116],[10.73291,59.42122]]]},"properties":{"a":143,"v":234,"dh":1.64,"pl":0,"fo":1,"c":10}},{"type":"Feature","geometry":{"type":"Polygon","coordinates":[[[10.73013,59.43959],[10.7302,59.43953],[10.73018,59.43947],[10.73025,59.43939],[10.72977,59.43932],[10.72981,59.43941],[10.73013,59.43959]]]},"properties":{"a":401,"v":611,"dh":1.52,"pl":1,"pn":"Detaljregulering for Nore og Vanem felt 7-12","pd":"2019-06-06","fo":1,"c":11}},{"type":"Feature","geometry":{"type":"Polygon","coordinates":[[[10.72715,59.43994],[10.72717,59.43991],[10.72706,59.43991],[10.72706,59.43983],[10.72711,59.43982],[10.72707,59.43977],[10.72719,59.43974],[10.72724,59.4396],[10.72719,59.43956],[10.72696,59.43959],[10.72695,59.43943],[10.72684,59.43935],[10.72684,59.43929],[10.7268,59.43926],[10.72673,59.4393],[10.72666,59.43928],[10.72676,59.43944],[10.72685,59.43946],[10.7269,59.43951],[10.72689,59.43958],[10.72694,59.43959],[10.72691,59.4396],[10.72693,59.43969],[10.72686,59.43971],[10.72688,59.43987],[10.72696,59.43992],[10.72715,59.43994]]]},"properties":{"a":827,"v":1297,"dh":1.57,"pl":1,"pn":"Detaljregulering for Nore og Vanem felt 7-12","pd":"2019-06-06","fo":1,"c":24}},{"type":"Feature","geometry":{"type":"Polygon","coordinates":[[[10.72547,59.43975],[10.72575,59.43974],[10.7259,59.43967],[10.72574,59.43966],[10.72561,59.4397],[10.72546,59.43967],[10.72547,59.43975]]]},"properties":{"a":162,"v":192,"dh":1.19,"pl":1,"pn":"Detaljregulering for Nore og Vanem felt 7-12","pd":"2019-06-06","fo":1,"c":24}},{"type":"Feature","geometry":{"type":"MultiPolygon","coordinates":[[[[10.7295,59.43972],[10.72945,59.43969],[10.72945,59.43975],[10.72931,59.4398],[10.72944,59.43981],[10.72953,59.43989],[10.72963,59.43986],[10.72951,59.43985],[10.72953,59.43979],[10.72942,59.43977],[10.72961,59.43979],[10.72968,59.43976],[10.7297,59.43981],[10.72982,59.43978],[10.72999,59.43982],[10.72992,59.43959],[10.72972,59.4395],[10.7296,59.43952],[10.72952,59.43943],[10.72947,59.43944],[10.72954,59.43947],[10.72952,59.43963],[10.72957,59.4397],[10.7295,59.43972]],[[10.72961,59.43964],[10.72962,59.4396],[10.72974,59.43957],[10.72969,59.43965],[10.72961,59.43964]]],[[[10.72952,59.43968],[10.7295,59.43967],[10.7295,59.43968],[10.72952,59.43968]]]]},"properties":{"a":747,"v":-814,"dh":1.09,"pl":1,"pn":"Detaljregulering for Nore og Vanem felt 7-12","pd":"2019-06-06","fo":1,"c":11}},{"type":"Feature","geometry":{"type":"Polygon","coordinates":[[[10.7288,59.44007],[10.72896,59.44004],[10.7288,59.44002],[10.72884,59.43988],[10.72875,59.43989],[10.72874,59.43995],[10.72865,59.43998],[10.7288,59.44007]]]},"properties":{"a":160,"v":245,"dh":1.53,"pl":1,"pn":"Detaljregulering for Nore og Vanem felt 7-12","pd":"2019-06-06","fo":1,"c":11}},{"type":"Feature","geometry":{"type":"Polygon","coordinates":[[[10.72681,59.44016],[10.72693,59.44004],[10.72664,59.44],[10.72654,59.44011],[10.72658,59.44015],[10.72665,59.44009],[10.72681,59.44016]]]},"properties":{"a":223,"v":304,"dh":1.36,"pl":1,"pn":"Detaljregulering for Nore og Vanem felt 7-12","pd":"2019-06-06","fo":1,"c":24}},{"type":"Feature","geometry":{"type":"Polygon","coordinates":[[[10.72883,59.44028],[10.72882,59.44015],[10.72861,59.44014],[10.72865,59.44026],[10.72883,59.44028]]]},"properties":{"a":155,"v":176,"dh":1.14,"pl":1,"pn":"Detaljregulering for Nore og Vanem felt 7-12","pd":"2019-06-06","fo":1,"c":11}},{"type":"Feature","geometry":{"type":"Polygon","coordinates":[[[10.72701,59.44034],[10.72706,59.44029],[10.72731,59.44021],[10.72722,59.44014],[10.72711,59.44021],[10.72692,59.44019],[10.72694,59.4403],[10.72701,59.44034]],[[10.7272,59.44021],[10.72724,59.44019],[10.72724,59.44021],[10.7272,59.44021]]]},"properties":{"a":239,"v":-303,"dh":1.27,"pl":1,"pn":"Detaljregulering for Nore og Vanem felt 7-12","pd":"2019-06-06","fo":1,"c":24}},{"type":"Feature","geometry":{"type":"Polygon","coordinates":[[[10.7539,59.4347],[10.75394,59.43456],[10.75382,59.43456],[10.75381,59.43467],[10.7539,59.4347]]]},"properties":{"a":102,"v":165,"dh":1.62,"pl":0,"fo":1,"c":12}},{"type":"Feature","geometry":{"type":"Polygon","coordinates":[[[10.75851,59.4355],[10.75874,59.43549],[10.7587,59.43542],[10.75847,59.43543],[10.75851,59.4355]]]},"properties":{"a":114,"v":128,"dh":1.13,"pl":0,"fo":1,"c":13}},{"type":"Feature","geometry":{"type":"Polygon","coordinates":[[[10.754,59.43599],[10.75405,59.43596],[10.75398,59.4359],[10.75393,59.4359],[10.75396,59.43595],[10.75391,59.43593],[10.75385,59.43588],[10.75387,59.43583],[10.75375,59.43583],[10.7536,59.43569],[10.75344,59.43564],[10.75346,59.4357],[10.7538,59.43588],[10.75382,59.43594],[10.754,59.43599]]]},"properties":{"a":231,"v":-351,"dh":1.52,"pl":0,"sl":1,"c":14}},{"type":"Feature","geometry":{"type":"Polygon","coordinates":[[[10.75481,59.43728],[10.75486,59.43718],[10.75473,59.43716],[10.75466,59.4372],[10.75474,59.43728],[10.75481,59.43728]]]},"properties":{"a":102,"v":-119,"dh":1.17,"pl":0,"fo":1,"c":15}},{"type":"Feature","geometry":{"type":"Polygon","coordinates":[[[10.73725,59.43911],[10.73726,59.43895],[10.73707,59.43903],[10.73718,59.43913],[10.73725,59.43911]]]},"properties":{"a":144,"v":325,"dh":2.25,"pl":0,"fo":1,"c":16}},{"type":"Feature","geometry":{"type":"Polygon","coordinates":[[[10.78019,59.43913],[10.78021,59.43909],[10.78009,59.43896],[10.77997,59.43898],[10.77999,59.43904],[10.78019,59.43913]]]},"properties":{"a":121,"v":184,"dh":1.52,"pl":0,"fo":1,"c":17}},{"type":"Feature","geometry":{"type":"Polygon","coordinates":[[[10.77992,59.43939],[10.7799,59.43928],[10.77974,59.43923],[10.7798,59.43933],[10.77992,59.43939]]]},"properties":{"a":103,"v":147,"dh":1.43,"pl":0,"fo":1,"c":17}},{"type":"Feature","geometry":{"type":"Polygon","coordinates":[[[10.76355,59.44064],[10.76357,59.44055],[10.76351,59.4405],[10.76356,59.44047],[10.76343,59.4404],[10.76346,59.4406],[10.76355,59.44064]]]},"properties":{"a":132,"v":169,"dh":1.28,"pl":0,"fo":1,"c":18}},{"type":"Feature","geometry":{"type":"Polygon","coordinates":[[[10.71093,59.43972],[10.71207,59.43958],[10.71216,59.43955],[10.71184,59.43951],[10.71105,59.43956],[10.71081,59.43968],[10.71093,59.43972]]]},"properties":{"a":815,"v":-1709,"dh":2.1,"pl":2,"pn":"Solgård Avfallsplass","pd":"2025-02-11","c":19}},{"type":"Feature","geometry":{"type":"Polygon","coordinates":[[[10.71181,59.43995],[10.7119,59.43972],[10.71178,59.43963],[10.7118,59.43972],[10.71173,59.4398],[10.71174,59.43992],[10.71181,59.43995]]]},"properties":{"a":188,"v":-222,"dh":1.18,"pl":2,"pn":"Solgård Avfallsplass","pd":"2025-02-11","fo":1,"c":19}},{"type":"Feature","geometry":{"type":"Polygon","coordinates":[[[10.7131,59.44006],[10.71321,59.44005],[10.71324,59.43987],[10.71319,59.43978],[10.71328,59.43962],[10.71323,59.43951],[10.71316,59.43953],[10.71315,59.43962],[10.71316,59.43986],[10.7131,59.44006]]]},"properties":{"a":269,"v":-430,"dh":1.6,"pl":2,"pn":"Solgård Avfallsplass","pd":"2025-02-11","fo":1,"c":19}},{"type":"Feature","geometry":{"type":"MultiPolygon","coordinates":[[[[10.71486,59.44022],[10.71501,59.44014],[10.71501,59.44018],[10.71508,59.44018],[10.71524,59.44005],[10.71506,59.4401],[10.7151,59.44006],[10.71506,59.44004],[10.71486,59.44018],[10.71486,59.44022]]],[[[10.71484,59.44023],[10.71481,59.44023],[10.71475,59.44029],[10.71481,59.4403],[10.71484,59.44023]]]]},"properties":{"a":164,"v":125,"dh":0.76,"pl":1,"pn":"Detaljregulering for ny vannledning Årvoll til Vestby grense","pd":"2019-05-21","sh":1,"c":25}},{"type":"Feature","geometry":{"type":"Polygon","coordinates":[[[10.71438,59.44046],[10.71462,59.44037],[10.71473,59.44017],[10.71449,59.44022],[10.71437,59.44035],[10.71438,59.44046]]]},"properties":{"a":349,"v":606,"dh":1.74,"pl":1,"pn":"Solgaard, Renovasjonsanlegg mv.","pd":"1994-05-06","c":20}},{"type":"Feature","geometry":{"type":"MultiPolygon","coordinates":[[[[10.72213,59.44033],[10.72257,59.44035],[10.7226,59.44028],[10.72255,59.44022],[10.72228,59.4402],[10.72214,59.44027],[10.72213,59.44033]]],[[[10.72209,59.44033],[10.72213,59.44034],[10.72213,59.44033],[10.72209,59.44033]]]]},"properties":{"a":358,"v":575,"dh":1.61,"pl":1,"pn":"Detaljregulering for Nore og Vanem felt 7-12","pd":"2019-06-06","fo":1,"c":21}},{"type":"Feature","geometry":{"type":"Polygon","coordinates":[[[10.71466,59.44055],[10.71482,59.44052],[10.71485,59.44043],[10.71467,59.44043],[10.71466,59.44055]]]},"properties":{"a":119,"v":102,"dh":0.86,"pl":1,"pn":"Detaljregulering for ny vannledning Årvoll til Vestby grense","pd":"2019-05-21","sh":1,"c":25}},{"type":"Feature","geometry":{"type":"Polygon","coordinates":[[[10.71314,59.44085],[10.71322,59.44063],[10.71321,59.44038],[10.71312,59.4403],[10.71312,59.44043],[10.71306,59.4406],[10.7131,59.44062],[10.71309,59.44079],[10.71314,59.44085]]]},"properties":{"a":319,"v":-635,"dh":1.99,"pl":2,"pn":"Solgård Avfallsplass","pd":"2025-02-11","fo":1,"c":22}},{"type":"Feature","geometry":{"type":"Polygon","coordinates":[[[10.72054,59.44069],[10.72088,59.44068],[10.72094,59.4406],[10.72073,59.44059],[10.72054,59.44069]]]},"properties":{"a":183,"v":265,"dh":1.45,"pl":1,"pn":"Detaljregulering for Nore og Vanem felt 7-12","pd":"2019-06-06","fo":1,"c":24}},{"type":"Feature","geometry":{"type":"Polygon","coordinates":[[[10.71375,59.44094],[10.71374,59.44079],[10.71366,59.44066],[10.71375,59.44061],[10.71368,59.44061],[10.71359,59.44068],[10.7136,59.44085],[10.71375,59.44094]]]},"properties":{"a":189,"v":319,"dh":1.69,"pl":1,"pn":"Solgaard, Renovasjonsanlegg mv.","pd":"1994-05-06","c":20}},{"type":"Feature","geometry":{"type":"Polygon","coordinates":[[[10.72461,59.44049],[10.72487,59.44045],[10.72486,59.4403],[10.72479,59.44021],[10.72464,59.44016],[10.72458,59.44026],[10.72462,59.44036],[10.72446,59.44039],[10.72446,59.44043],[10.72461,59.44049]]]},"properties":{"a":519,"v":1455,"dh":2.8,"pl":1,"pn":"Detaljregulering for Nore og Vanem felt 7-12","pd":"2019-06-06","fo":1,"c":24}},{"type":"Feature","geometry":{"type":"Polygon","coordinates":[[[10.72682,59.44042],[10.72693,59.44034],[10.72689,59.44028],[10.72671,59.44024],[10.72661,59.44029],[10.7267,59.44037],[10.72665,59.44042],[10.72682,59.44042]]]},"properties":{"a":261,"v":412,"dh":1.58,"pl":1,"pn":"Detaljregulering for Nore og Vanem felt 7-12","pd":"2019-06-06","fo":1,"c":24}},{"type":"Feature","geometry":{"type":"Polygon","coordinates":[[[10.72376,59.4405],[10.72388,59.44047],[10.72386,59.44035],[10.72402,59.44037],[10.7241,59.44032],[10.72371,59.44031],[10.72356,59.44039],[10.72376,59.4405]]]},"properties":{"a":300,"v":442,"dh":1.47,"pl":1,"pn":"Detaljregulering for Nore og Vanem felt 7-12","pd":"2019-06-06","fo":1,"c":24}},{"type":"Feature","geometry":{"type":"Polygon","coordinates":[[[10.72914,59.44046],[10.7292,59.44041],[10.72915,59.44036],[10.7292,59.44029],[10.72908,59.4403],[10.72911,59.44037],[10.72894,59.44037],[10.72899,59.44045],[10.72914,59.44046]]]},"properties":{"a":157,"v":-146,"dh":0.93,"pl":1,"pn":"Detaljregulering for Nore og Vanem felt 7-12","pd":"2019-06-06","sh":1,"c":23}},{"type":"Feature","geometry":{"type":"Polygon","coordinates":[[[10.72629,59.44057],[10.7265,59.44055],[10.72656,59.44048],[10.72644,59.44044],[10.72637,59.44051],[10.72628,59.44051],[10.7261,59.44041],[10.72589,59.44041],[10.72598,59.44042],[10.72596,59.44051],[10.72614,59.44049],[10.72629,59.44057]]]},"properties":{"a":301,"v":443,"dh":1.47,"pl":1,"pn":"Detaljregulering for Nore og Vanem felt 7-12","pd":"2019-06-06","fo":1,"c":24}},{"type":"Feature","geometry":{"type":"Polygon","coordinates":[[[10.72294,59.44076],[10.72303,59.44067],[10.72299,59.44063],[10.72308,59.44062],[10.72302,59.44055],[10.72316,59.44059],[10.72313,59.44051],[10.72316,59.44047],[10.72307,59.44039],[10.72291,59.44044],[10.72278,59.44057],[10.72283,59.4406],[10.72284,59.44074],[10.72294,59.44076]]]},"properties":{"a":485,"v":441,"dh":0.91,"pl":1,"pn":"Detaljregulering for Nore og Vanem felt 7-12","pd":"2019-06-06","sh":1,"c":24}},{"type":"Feature","geometry":{"type":"Polygon","coordinates":[[[10.73034,59.44054],[10.73035,59.44047],[10.73026,59.44042],[10.73018,59.44044],[10.73016,59.44052],[10.73034,59.44054]]]},"properties":{"a":107,"v":121,"dh":1.13,"pl":1,"pn":"Detaljregulering for Nore og Vanem felt 7-12","pd":"2019-06-06","fo":1,"c":11}},{"type":"Feature","geometry":{"type":"MultiPolygon","coordinates":[[[[10.72705,59.44003],[10.72703,59.44],[10.72689,59.44],[10.72689,59.43996],[10.72668,59.43993],[10.72667,59.43989],[10.72674,59.43985],[10.72665,59.43986],[10.7266,59.43981],[10.72661,59.43972],[10.72658,59.43969],[10.72668,59.43968],[10.72671,59.43958],[10.72664,59.43957],[10.72655,59.43964],[10.72647,59.43961],[10.72633,59.43974],[10.72642,59.4398],[10.72643,59.43989],[10.72634,59.43989],[10.72636,59.43994],[10.72631,59.43998],[10.7264,59.43996],[10.72643,59.44002],[10.72671,59.43998],[10.727,59.44006],[10.72705,59.44003]],[[10.7265,59.44],[10.7265,59.43994],[10.72655,59.43994],[10.7265,59.44]]],[[[10.72406,59.44052],[10.72408,59.44053],[10.72408,59.44052],[10.72406,59.44052]]],[[[10.72403,59.44055],[10.72406,59.44053],[10.72403,59.44053],[10.72403,59.44055]]],[[[10.72359,59.44134],[10.7238,59.44129],[10.72383,59.44124],[10.72371,59.44121],[10.72379,59.44114],[10.72377,59.44108],[10.72367,59.44109],[10.72372,59.44104],[10.72382,59.44106],[10.72375,59.44103],[10.72379,59.441],[10.72375,59.44091],[10.72397,59.44085],[10.72398,59.44092],[10.72387,59.44094],[10.72385,59.44098],[10.724,59.44099],[10.72412,59.44096],[10.7241,59.44088],[10.72427,59.44088],[10.72422,59.44083],[10.72423,59.4408],[10.72409,59.44074],[10.7244,59.4407],[10.72478,59.44076],[10.72487,59.44076],[10.7249,59.44072],[10.72518,59.44074],[10.72529,59.44069],[10.72532,59.44059],[10.72556,59.4406],[10.72559,59.44049],[10.72568,59.44045],[10.7261,59.44034],[10.72621,59.44043],[10.72637,59.44046],[10.72652,59.44041],[10.72652,59.44032],[10.72645,59.44028],[10.72646,59.44016],[10.72624,59.44004],[10.72631,59.43999],[10.72629,59.43995],[10.72618,59.43996],[10.72604,59.43983],[10.72605,59.43979],[10.72614,59.43977],[10.72614,59.4397],[10.72563,59.43976],[10.72559,59.4398],[10.72566,59.43979],[10.72567,59.43984],[10.72563,59.43985],[10.72551,59.43988],[10.72547,59.43982],[10.72546,59.43991],[10.72541,59.43994],[10.72516,59.43998],[10.72513,59.44003],[10.72483,59.44013],[10.72487,59.4402],[10.72505,59.44024],[10.72498,59.4403],[10.72511,59.44045],[10.72508,59.44049],[10.72484,59.44057],[10.72447,59.44059],[10.72452,59.44057],[10.72443,59.44051],[10.7245,59.44047],[10.72434,59.44046],[10.72434,59.44051],[10.72429,59.44051],[10.72414,59.44043],[10.72409,59.44047],[10.72415,59.44054],[10.72412,59.44058],[10.7239,59.44056],[10.72384,59.44061],[10.72396,59.44061],[10.72396,59.44066],[10.72363,59.44074],[10.72365,59.44077],[10.72346,59.44078],[10.72343,59.44085],[10.72348,59.44085],[10.72346,59.44091],[10.72333,59.44113],[10.72339,59.44115],[10.72337,59.44112],[10.72352,59.44107],[10.72358,59.44109],[10.72329,59.44129],[10.72329,59.44135],[10.72324,59.44137],[10.72328,59.44152],[10.72325,59.44157],[10.72335,59.44155],[10.72333,59.44148],[10.7234,59.44148],[10.7234,59.44143],[10.72356,59.4414],[10.72359,59.44134]],[[10.72352,59.44128],[10.72345,59.44128],[10.72343,59.44124],[10.72357,59.44126],[10.72354,59.44135],[10.7235,59.44135],[10.72352,59.44128]],[[10.72362,59.44122],[10.72364,59.4412],[10.72364,59.44122],[10.72362,59.44122]],[[10.72367,59.44117],[10.72358,59.44118],[10.72356,59.44116],[10.72367,59.44117]],[[10.72363,59.44109],[10.7236,59.4411],[10.7236,59.44109],[10.72363,59.44109]],[[10.72352,59.44103],[10.72349,59.44105],[10.72349,59.44103],[10.72352,59.44103]],[[10.72359,59.44103],[10.72358,59.44104],[10.72358,59.44103],[10.72359,59.44103]],[[10.72354,59.44101],[10.72357,59.44098],[10.72357,59.44101],[10.72354,59.44101]],[[10.72372,59.44085],[10.72364,59.44093],[10.72357,59.44095],[10.72365,59.44084],[10.72372,59.44085]],[[10.72372,59.44081],[10.72389,59.44069],[10.72396,59.44071],[10.72397,59.44076],[10.7239,59.44079],[10.72372,59.44081]],[[10.72415,59.44084],[10.7242,59.44083],[10.7242,59.44084],[10.72417,59.44086],[10.72415,59.44084]]],[[[10.72344,59.44147],[10.72351,59.44142],[10.72347,59.44142],[10.72344,59.44147]]],[[[10.72376,59.44153],[10.72392,59.44148],[10.72393,59.44141],[10.72361,59.44142],[10.72358,59.44138],[10.72356,59.44142],[10.72374,59.44145],[10.72367,59.4415],[10.72376,59.44153]]]]},"properties":{"a":9896,"v":-26207,"dh":2.65,"pl":1,"pn":"Detaljregulering for Nore og Vanem felt 7-12","pd":"2019-06-06","c":24}},{"type":"Feature","geometry":{"type":"MultiPolygon","coordinates":[[[[10.72772,59.44066],[10.72774,59.44038],[10.72768,59.44035],[10.72758,59.44044],[10.72755,59.44056],[10.72761,59.44066],[10.72772,59.44066]],[[10.72765,59.44065],[10.72766,59.44065],[10.72765,59.44065],[10.72765,59.44065]]],[[[10.72767,59.44068],[10.72774,59.44078],[10.72766,59.4409],[10.72775,59.44094],[10.7278,59.44091],[10.72776,59.44081],[10.72781,59.44081],[10.72781,59.44078],[10.72772,59.44068],[10.72767,59.44068]]]]},"properties":{"a":384,"v":548,"dh":1.43,"pl":1,"pn":"Detaljregulering for Nore og Vanem felt 7-12","pd":"2019-06-06","fo":1,"c":24}},{"type":"Feature","geometry":{"type":"Polygon","coordinates":[[[10.72975,59.44074],[10.72996,59.44067],[10.72996,59.44062],[10.73008,59.44055],[10.73,59.44052],[10.72988,59.44056],[10.72985,59.44062],[10.72989,59.44063],[10.7298,59.44063],[10.7297,59.4407],[10.72975,59.44074]]]},"properties":{"a":188,"v":170,"dh":0.9,"pl":1,"pn":"Detaljregulering for Nore og Vanem felt 7-12","pd":"2019-06-06","sh":1,"c":24}},{"type":"Feature","geometry":{"type":"Polygon","coordinates":[[[10.72159,59.44079],[10.7216,59.44071],[10.72148,59.44075],[10.72135,59.4406],[10.72128,59.44063],[10.72146,59.44078],[10.72159,59.44079]]]},"properties":{"a":106,"v":-99,"dh":0.93,"pl":1,"pn":"Detaljregulering for Nore og Vanem felt 7-12","pd":"2019-06-06","sh":1,"c":24}},{"type":"Feature","geometry":{"type":"Polygon","coordinates":[[[10.72147,59.4409],[10.72193,59.44089],[10.72201,59.4408],[10.72194,59.44074],[10.72178,59.44071],[10.72162,59.44082],[10.72139,59.44079],[10.72147,59.4409]]]},"properties":{"a":463,"v":1101,"dh":2.38,"pl":1,"pn":"Detaljregulering for Nore og Vanem felt 7-12","pd":"2019-06-06","fo":1,"c":24}},{"type":"Feature","geometry":{"type":"Polygon","coordinates":[[[10.71437,59.44131],[10.71446,59.44117],[10.71444,59.44097],[10.71448,59.44073],[10.71455,59.44072],[10.71464,59.44078],[10.71468,59.44092],[10.71465,59.44097],[10.71458,59.44093],[10.71451,59.441],[10.71452,59.44112],[10.71465,59.44106],[10.71474,59.44109],[10.71479,59.44106],[10.71478,59.44087],[10.71468,59.44082],[10.71477,59.44063],[10.71461,59.44062],[10.71449,59.44068],[10.71452,59.4406],[10.71429,59.44052],[10.71426,59.44061],[10.71431,59.44063],[10.71433,59.44123],[10.71437,59.44131]],[[10.71469,59.441],[10.7147,59.44103],[10.71469,59.44103],[10.71469,59.441]],[[10.71469,59.441],[10.71467,59.44099],[10.71468,59.44099],[10.71469,59.441]],[[10.71458,59.44068],[10.71462,59.44068],[10.7146,59.4407],[10.71458,59.44068]]]},"properties":{"a":1136,"v":1450,"dh":1.28,"pl":1,"pn":"Detaljregulering for ny vannledning Årvoll til Vestby grense","pd":"2019-05-21","c":25}},{"type":"Feature","geometry":{"type":"MultiPolygon","coordinates":[[[[10.72101,59.44084],[10.72111,59.44081],[10.72109,59.44076],[10.72101,59.44084]]],[[[10.72101,59.44087],[10.72103,59.44086],[10.72101,59.44086],[10.72101,59.44087]]],[[[10.72101,59.44087],[10.72097,59.44088],[10.72101,59.44088],[10.72101,59.44087]]],[[[10.72099,59.4409],[10.72087,59.4409],[10.72066,59.44091],[10.72091,59.44096],[10.72099,59.4409]]]]},"properties":{"a":113,"v":-100,"dh":0.88,"pl":1,"pn":"Detaljregulering for Nore og Vanem felt 7-12","pd":"2019-06-06","sh":1,"c":24}},{"type":"Feature","geometry":{"type":"Polygon","coordinates":[[[10.72198,59.44127],[10.72196,59.44118],[10.72213,59.44111],[10.72208,59.44106],[10.72215,59.44102],[10.72197,59.44095],[10.72217,59.44088],[10.72248,59.44093],[10.72255,59.44089],[10.72253,59.44087],[10.72275,59.44078],[10.72262,59.44066],[10.72246,59.44067],[10.7222,59.44075],[10.72226,59.44083],[10.72195,59.44092],[10.72144,59.44096],[10.72132,59.441],[10.72123,59.44109],[10.7215,59.44109],[10.72162,59.44099],[10.72202,59.44101],[10.72192,59.44104],[10.72191,59.44116],[10.72184,59.4412],[10.72189,59.44126],[10.72198,59.44127]]]},"properties":{"a":1309,"v":2057,"dh":1.57,"pl":1,"pn":"Detaljregulering for Nore og Vanem felt 7-12","pd":"2019-06-06","fo":1,"c":24}},{"type":"Feature","geometry":{"type":"Polygon","coordinates":[[[10.71288,59.44124],[10.7131,59.44107],[10.71313,59.44096],[10.71296,59.44113],[10.71276,59.44124],[10.71288,59.44124]]]},"properties":{"a":154,"v":-217,"dh":1.41,"pl":2,"pn":"Solgård Avfallsplass","pd":"2025-02-11","fo":1,"c":22}},{"type":"Feature","geometry":{"type":"Polygon","coordinates":[[[10.72085,59.44114],[10.72111,59.44114],[10.7212,59.44107],[10.72119,59.44101],[10.7213,59.44098],[10.7213,59.44094],[10.72122,59.44089],[10.72098,59.44094],[10.72088,59.44101],[10.72088,59.44109],[10.72083,59.4411],[10.72085,59.44114]],[[10.72107,59.44111],[10.72109,59.44109],[10.72109,59.44111],[10.72107,59.44111]]]},"properties":{"a":445,"v":1080,"dh":2.43,"pl":1,"pn":"Detaljregulering for Nore og Vanem felt 7-12","pd":"2019-06-06","fo":1,"c":24}},{"type":"Feature","geometry":{"type":"Polygon","coordinates":[[[10.72225,59.44129],[10.72235,59.44119],[10.72235,59.44112],[10.72247,59.4411],[10.72248,59.44105],[10.72223,59.44098],[10.72229,59.44104],[10.72213,59.44113],[10.72221,59.44117],[10.72207,59.4412],[10.72205,59.44125],[10.72219,59.44121],[10.72216,59.44128],[10.72225,59.44129]]]},"properties":{"a":371,"v":-406,"dh":1.09,"pl":1,"pn":"Detaljregulering for Nore og Vanem felt 7-12","pd":"2019-06-06","fo":1,"c":24}},{"type":"Feature","geometry":{"type":"Polygon","coordinates":[[[10.71411,59.44144],[10.71419,59.44139],[10.71422,59.44127],[10.71412,59.44126],[10.71411,59.44122],[10.71392,59.44128],[10.71395,59.44143],[10.71411,59.44144]]]},"properties":{"a":301,"v":-583,"dh":1.94,"pl":1,"pn":"Solgaard, Renovasjonsanlegg mv.","pd":"1994-05-06","c":20}},{"type":"Feature","geometry":{"type":"Polygon","coordinates":[[[10.71938,59.44135],[10.71943,59.44129],[10.71937,59.44123],[10.71926,59.44122],[10.7192,59.44131],[10.71924,59.44136],[10.71938,59.44135]]]},"properties":{"a":135,"v":-186,"dh":1.38,"pl":0,"c":26}},{"type":"Feature","geometry":{"type":"Polygon","coordinates":[[[10.72676,59.44087],[10.72693,59.44073],[10.72685,59.4406],[10.72662,59.44064],[10.72665,59.44071],[10.72658,59.44082],[10.72676,59.44087]]]},"properties":{"a":409,"v":898,"dh":2.2,"pl":1,"pn":"Detaljregulering for Nore og Vanem felt 7-12","pd":"2019-06-06","fo":1,"c":24}},{"type":"Feature","geometry":{"type":"Polygon","coordinates":[[[10.72329,59.44098],[10.72339,59.44094],[10.72335,59.44084],[10.72339,59.44077],[10.7236,59.44074],[10.72359,59.44068],[10.72349,59.44067],[10.72345,59.44058],[10.72331,59.4406],[10.72324,59.44069],[10.72328,59.44071],[10.72322,59.44073],[10.72323,59.44078],[10.72332,59.44084],[10.72327,59.44091],[10.72329,59.44098]]]},"properties":{"a":394,"v":404,"dh":1.03,"pl":1,"pn":"Detaljregulering for Nore og Vanem felt 7-12","pd":"2019-06-06","fo":1,"c":24}},{"type":"Feature","geometry":{"type":"Polygon","coordinates":[[[10.72582,59.44116],[10.72576,59.44099],[10.72577,59.44088],[10.7257,59.44085],[10.72579,59.44059],[10.72565,59.44055],[10.72562,59.44065],[10.72551,59.44068],[10.72571,59.4408],[10.72563,59.44081],[10.72549,59.44097],[10.72558,59.44099],[10.72582,59.44116]]]},"properties":{"a":542,"v":779,"dh":1.44,"pl":1,"pn":"Detaljregulering for Nore og Vanem felt 7-12","pd":"2019-06-06","fo":1,"c":24}},{"type":"Feature","geometry":{"type":"Polygon","coordinates":[[[10.72602,59.44118],[10.72615,59.44108],[10.72618,59.44096],[10.72618,59.44093],[10.72602,59.4409],[10.72596,59.44084],[10.72598,59.44078],[10.72619,59.44078],[10.72619,59.44073],[10.72613,59.44071],[10.72616,59.44061],[10.72609,59.44055],[10.72588,59.44058],[10.72585,59.44068],[10.72589,59.4408],[10.72585,59.44102],[10.72594,59.44112],[10.72593,59.44115],[10.72602,59.44118]]]},"properties":{"a":928,"v":1647,"dh":1.77,"pl":1,"pn":"Detaljregulering for Nore og Vanem felt 7-12","pd":"2019-06-06","fo":1,"c":24}},{"type":"Feature","geometry":{"type":"Polygon","coordinates":[[[10.72537,59.441],[10.72526,59.44081],[10.72445,59.44084],[10.72477,59.44089],[10.72494,59.44087],[10.72537,59.441]]]},"properties":{"a":436,"v":513,"dh":1.18,"pl":1,"pn":"Detaljregulering for Nore og Vanem felt 7-12","pd":"2019-06-06","fo":1,"c":24}},{"type":"Feature","geometry":{"type":"MultiPolygon","coordinates":[[[[10.7275,59.44096],[10.72754,59.44106],[10.7276,59.44106],[10.72766,59.44096],[10.72754,59.44067],[10.72749,59.44068],[10.72753,59.44069],[10.72751,59.4408],[10.72758,59.44081],[10.72757,59.44087],[10.72741,59.44093],[10.7275,59.44096]]],[[[10.72742,59.44097],[10.72734,59.44095],[10.72735,59.44097],[10.72742,59.44097]]]]},"properties":{"a":215,"v":-231,"dh":1.08,"pl":1,"pn":"Detaljregulering for Nore og Vanem felt 7-12","pd":"2019-06-06","fo":1,"c":24}},{"type":"Feature","geometry":{"type":"Polygon","coordinates":[[[10.73112,59.44097],[10.73117,59.4409],[10.7311,59.44083],[10.73091,59.44093],[10.73112,59.44097]]]},"properties":{"a":150,"v":311,"dh":2.07,"pl":1,"pn":"Detaljregulering for Nore og Vanem felt 7-12","pd":"2019-06-06","fo":1,"c":11}},{"type":"Feature","geometry":{"type":"Polygon","coordinates":[[[10.7241,59.4413],[10.72487,59.44111],[10.72529,59.44112],[10.72534,59.44106],[10.72512,59.44098],[10.72498,59.44098],[10.72425,59.4411],[10.72392,59.44124],[10.7241,59.4413]]]},"properties":{"a":1096,"v":2771,"dh":2.53,"pl":1,"pn":"Detaljregulering for Nore og Vanem felt 7-12","pd":"2019-06-06","fo":1,"c":24}},{"type":"Feature","geometry":{"type":"Polygon","coordinates":[[[10.72974,59.44126],[10.72977,59.44116],[10.72961,59.44102],[10.72946,59.44099],[10.72949,59.44109],[10.72965,59.44112],[10.72963,59.4412],[10.72974,59.44126]]]},"properties":{"a":183,"v":204,"dh":1.12,"pl":1,"pn":"Detaljregulering for Nore og Vanem felt 7-12","pd":"2019-06-06","fo":1,"c":24}},{"type":"Feature","geometry":{"type":"Polygon","coordinates":[[[10.72975,59.44133],[10.73004,59.44128],[10.73001,59.44107],[10.72986,59.44091],[10.72955,59.44093],[10.72955,59.44098],[10.72981,59.44116],[10.72975,59.44133]]]},"properties":{"a":727,"v":-2076,"dh":2.86,"pl":1,"pn":"Detaljregulering for Nore og Vanem felt 7-12","pd":"2019-06-06","fo":1,"c":24}},{"type":"Feature","geometry":{"type":"Polygon","coordinates":[[[10.71986,59.44176],[10.72048,59.4418],[10.72035,59.44173],[10.72045,59.44166],[10.72038,59.44165],[10.72043,59.44161],[10.72039,59.44145],[10.72049,59.44142],[10.72058,59.44152],[10.72067,59.44152],[10.72067,59.44146],[10.72052,59.44138],[10.72057,59.44132],[10.72027,59.44127],[10.72051,59.44111],[10.72044,59.44103],[10.72048,59.4409],[10.72071,59.44085],[10.72083,59.4408],[10.72083,59.44075],[10.72051,59.44076],[10.72041,59.4408],[10.72021,59.44103],[10.7201,59.44132],[10.71994,59.44142],[10.71993,59.44153],[10.71983,59.44166],[10.71986,59.44176]]]},"properties":{"a":2598,"v":4830,"dh":1.86,"pl":1,"pn":"Detaljregulering for Nore og Vanem felt 7-12","pd":"2019-06-06","c":24}},{"type":"Feature","geometry":{"type":"Polygon","coordinates":[[[10.71464,59.4415],[10.71479,59.44142],[10.71463,59.44137],[10.71465,59.44133],[10.71446,59.44137],[10.71453,59.44149],[10.71464,59.4415]]]},"properties":{"a":224,"v":318,"dh":1.42,"pl":1,"pn":"Detaljregulering for ny vannledning Årvoll til Vestby grense","pd":"2019-05-21","fo":1,"c":25}},{"type":"Feature","geometry":{"type":"MultiPolygon","coordinates":[[[[10.71992,59.44089],[10.71995,59.44086],[10.71998,59.44077],[10.71991,59.44084],[10.71992,59.44089]]],[[[10.7199,59.44091],[10.71984,59.4411],[10.71969,59.44131],[10.7197,59.44141],[10.7196,59.44151],[10.71964,59.4417],[10.71959,59.44181],[10.71965,59.44187],[10.72065,59.44203],[10.72098,59.44204],[10.71975,59.44185],[10.7197,59.44149],[10.71989,59.44104],[10.7199,59.44091]]]]},"properties":{"a":729,"v":864,"dh":1.18,"pl":1,"pn":"Detaljregulering for Nore og Vanem felt 7-12","pd":"2019-06-06","fo":1,"c":24}},{"type":"Feature","geometry":{"type":"Polygon","coordinates":[[[10.72278,59.44172],[10.72283,59.44167],[10.72301,59.44168],[10.72302,59.44154],[10.72293,59.44144],[10.72298,59.4414],[10.72281,59.44132],[10.72291,59.44117],[10.72277,59.4411],[10.72269,59.4413],[10.7228,59.44133],[10.72278,59.44137],[10.72269,59.44131],[10.7225,59.44132],[10.72241,59.44134],[10.7224,59.44146],[10.72245,59.44151],[10.72258,59.44152],[10.72264,59.44147],[10.72264,59.44139],[10.72278,59.44142],[10.72276,59.44161],[10.72279,59.44163],[10.72278,59.44172]]]},"properties":{"a":928,"v":-1046,"dh":1.13,"pl":1,"pn":"Detaljregulering for Nore og Vanem felt 7-12","pd":"2019-06-06","fo":1,"c":24}},{"type":"Feature","geometry":{"type":"Polygon","coordinates":[[[10.71202,59.44164],[10.71235,59.44162],[10.71239,59.44156],[10.71202,59.44161],[10.71202,59.44164]]]},"properties":{"a":158,"v":-233,"dh":1.48,"pl":1,"pn":"Solgaard, Renovasjonsanlegg mv.","pd":"1994-05-06","c":20}},{"type":"Feature","geometry":{"type":"Polygon","coordinates":[[[10.7185,59.44178],[10.71883,59.44178],[10.71878,59.44171],[10.71898,59.4416],[10.71903,59.44144],[10.71897,59.44142],[10.71891,59.44127],[10.7188,59.44136],[10.7187,59.4416],[10.7185,59.44171],[10.7185,59.44178]]]},"properties":{"a":774,"v":1151,"dh":1.49,"pl":0,"c":26}},{"type":"Feature","geometry":{"type":"Polygon","coordinates":[[[10.71256,59.44181],[10.71268,59.44175],[10.71267,59.44162],[10.71262,59.4416],[10.71263,59.44154],[10.71247,59.44149],[10.71242,59.44155],[10.71251,59.44155],[10.71253,59.44164],[10.71246,59.44164],[10.7125,59.44173],[10.71247,59.44176],[10.71256,59.44181]]]},"properties":{"a":290,"v":434,"dh":1.5,"pl":1,"pn":"Solgaard, Renovasjonsanlegg mv.","pd":"1994-05-06","c":20}},{"type":"Feature","geometry":{"type":"Polygon","coordinates":[[[10.71391,59.44179],[10.71402,59.44173],[10.71401,59.44162],[10.7137,59.44149],[10.71351,59.44152],[10.71357,59.44159],[10.71371,59.44163],[10.71374,59.44177],[10.71391,59.44179]]]},"properties":{"a":506,"v":-765,"dh":1.51,"pl":1,"pn":"Solgaard, Renovasjonsanlegg mv.","pd":"1994-05-06","c":20}},{"type":"Feature","geometry":{"type":"Polygon","coordinates":[[[10.71108,59.44182],[10.71172,59.44174],[10.71174,59.44168],[10.71149,59.44168],[10.71108,59.44182]]]},"properties":{"a":249,"v":-296,"dh":1.19,"pl":1,"pn":"Solgaard, Renovasjonsanlegg mv.","pd":"1994-05-06","c":20}},{"type":"Feature","geometry":{"type":"Polygon","coordinates":[[[10.72264,59.44206],[10.72311,59.44203],[10.72297,59.44203],[10.72306,59.44195],[10.72277,59.44193],[10.72279,59.44197],[10.72271,59.44199],[10.7226,59.44197],[10.72258,59.44191],[10.72249,59.44191],[10.72239,59.44199],[10.72216,59.44194],[10.72275,59.44184],[10.72268,59.44176],[10.72267,59.44167],[10.72251,59.44166],[10.72254,59.44154],[10.72224,59.44142],[10.72223,59.44134],[10.72211,59.44138],[10.72221,59.4415],[10.72203,59.44153],[10.72203,59.44158],[10.72216,59.4416],[10.72219,59.44154],[10.72231,59.44151],[10.72246,59.44161],[10.72227,59.44167],[10.722,59.44167],[10.7218,59.44159],[10.72175,59.44147],[10.72153,59.44144],[10.72148,59.44138],[10.72145,59.44125],[10.72131,59.44121],[10.72126,59.44131],[10.72116,59.44138],[10.72113,59.44147],[10.72102,59.44151],[10.72096,59.44163],[10.72102,59.4417],[10.72114,59.44166],[10.7211,59.4417],[10.72116,59.44175],[10.72086,59.44176],[10.72085,59.4418],[10.72124,59.44184],[10.72127,59.4419],[10.72124,59.44192],[10.72131,59.44195],[10.72126,59.44199],[10.72135,59.44203],[10.72116,59.44206],[10.72149,59.44203],[10.72149,59.44206],[10.72174,59.44208],[10.72257,59.44207],[10.7226,59.44205],[10.72229,59.44203],[10.72262,59.44199],[10.72273,59.44202],[10.72264,59.44206]],[[10.72155,59.44205],[10.72158,59.44203],[10.7216,59.44205],[10.72155,59.44205]],[[10.72137,59.44203],[10.7214,59.44202],[10.7214,59.44203],[10.72137,59.44203]],[[10.72124,59.44163],[10.72128,59.4416],[10.72128,59.44163],[10.72124,59.44163]]]},"properties":{"a":5659,"v":11091,"dh":1.96,"pl":1,"pn":"Detaljregulering for Nore og Vanem felt 7-12","pd":"2019-06-06","c":24}},{"type":"Feature","geometry":{"type":"Polygon","coordinates":[[[10.72799,59.44142],[10.72814,59.44137],[10.72807,59.44131],[10.72812,59.4413],[10.72825,59.44108],[10.72839,59.44103],[10.72842,59.44091],[10.72835,59.44091],[10.72821,59.44102],[10.72808,59.44127],[10.72795,59.44135],[10.72799,59.44142]]]},"properties":{"a":302,"v":-327,"dh":1.08,"pl":1,"pn":"Detaljregulering for Nore og Vanem felt 7-12","pd":"2019-06-06","fo":1,"c":24}},{"type":"Feature","geometry":{"type":"Polygon","coordinates":[[[10.73173,59.44124],[10.73172,59.44104],[10.73148,59.44104],[10.73161,59.4412],[10.73173,59.44124]]]},"properties":{"a":212,"v":-257,"dh":1.21,"pl":1,"pn":"Detaljregulering for Nore og Vanem felt 7-12","pd":"2019-06-06","fo":1,"c":11}},{"type":"Feature","geometry":{"type":"Polygon","coordinates":[[[10.73112,59.4413],[10.73124,59.44125],[10.73122,59.44117],[10.73129,59.44112],[10.73102,59.44117],[10.73105,59.44105],[10.73095,59.44105],[10.73091,59.44099],[10.73088,59.44109],[10.73061,59.44109],[10.73066,59.44124],[10.73112,59.4413]]]},"properties":{"a":695,"v":1150,"dh":1.65,"pl":1,"pn":"Detaljregulering for Nore og Vanem felt 7-12","pd":"2019-06-06","fo":1,"c":11}},{"type":"Feature","geometry":{"type":"Polygon","coordinates":[[[10.72426,59.44136],[10.7244,59.4413],[10.7244,59.44125],[10.72424,59.44128],[10.72428,59.44132],[10.72405,59.44132],[10.72426,59.44136]]]},"properties":{"a":110,"v":-105,"dh":0.95,"pl":1,"pn":"Detaljregulering for Nore og Vanem felt 7-12","pd":"2019-06-06","sh":1,"c":24}},{"type":"Feature","geometry":{"type":"Polygon","coordinates":[[[10.73183,59.44146],[10.73183,59.44137],[10.73195,59.4413],[10.73198,59.44122],[10.73203,59.44122],[10.73191,59.44115],[10.73206,59.44111],[10.73221,59.44115],[10.73226,59.44111],[10.73197,59.44106],[10.73188,59.44096],[10.73174,59.44098],[10.73176,59.44107],[10.73183,59.44108],[10.73184,59.44119],[10.73167,59.44128],[10.73167,59.44134],[10.73174,59.44144],[10.73183,59.44146]]]},"properties":{"a":593,"v":844,"dh":1.42,"pl":1,"pn":"Detaljregulering for Nore og Vanem felt 7-12","pd":"2019-06-06","fo":1,"c":11}},{"type":"Feature","geometry":{"type":"Polygon","coordinates":[[[10.73139,59.44141],[10.73147,59.44128],[10.73141,59.44117],[10.73136,59.44116],[10.73125,59.44136],[10.73139,59.44141]]]},"properties":{"a":217,"v":-307,"dh":1.42,"pl":1,"pn":"Detaljregulering for Nore og Vanem felt 7-12","pd":"2019-06-06","fo":1,"c":11}},{"type":"Feature","geometry":{"type":"Polygon","coordinates":[[[10.73276,59.44135],[10.7328,59.44131],[10.73244,59.44126],[10.73233,59.4412],[10.73232,59.44128],[10.73239,59.44132],[10.73276,59.44135]]]},"properties":{"a":191,"v":214,"dh":1.12,"pl":1,"pn":"Detaljregulering for Nore og Vanem felt 7-12","pd":"2019-06-06","fo":1,"c":11}},{"type":"Feature","geometry":{"type":"Polygon","coordinates":[[[10.73323,59.44147],[10.73344,59.44142],[10.73336,59.44132],[10.73353,59.44121],[10.73349,59.44116],[10.73325,59.44117],[10.73311,59.44134],[10.73287,59.44131],[10.73296,59.44135],[10.73298,59.44144],[10.73307,59.44145],[10.73312,59.4414],[10.73323,59.44147]]]},"properties":{"a":610,"v":856,"dh":1.4,"pl":1,"pn":"Detaljregulering for Nore og Vanem felt 7-12","pd":"2019-06-06","fo":1,"c":11}},{"type":"Feature","geometry":{"type":"Polygon","coordinates":[[[10.72832,59.44183],[10.72862,59.4417],[10.7286,59.44163],[10.72863,59.4416],[10.72917,59.4415],[10.72936,59.44139],[10.72957,59.44135],[10.72967,59.44127],[10.72958,59.44123],[10.72959,59.44114],[10.72949,59.44111],[10.72948,59.44103],[10.72939,59.44099],[10.72901,59.44103],[10.72878,59.44113],[10.72859,59.4411],[10.72864,59.44117],[10.7284,59.44123],[10.72818,59.44135],[10.72811,59.44169],[10.72816,59.44179],[10.72832,59.44183]]]},"properties":{"a":4223,"v":-11091,"dh":2.63,"pl":1,"pn":"Detaljregulering for Nore og Vanem felt 7-12","pd":"2019-06-06","c":24}},{"type":"Feature","geometry":{"type":"Polygon","coordinates":[[[10.72958,59.4416],[10.72986,59.44158],[10.72986,59.44153],[10.72974,59.44153],[10.72982,59.44135],[10.72971,59.44135],[10.72967,59.44129],[10.72941,59.44141],[10.7294,59.44148],[10.72956,59.44155],[10.72958,59.4416]]]},"properties":{"a":527,"v":843,"dh":1.6,"pl":1,"pn":"Detaljregulering for Nore og Vanem felt 7-12","pd":"2019-06-06","fo":1,"c":24}},{"type":"Feature","geometry":{"type":"Polygon","coordinates":[[[10.72655,59.44193],[10.7266,59.44189],[10.72656,59.44185],[10.7266,59.44182],[10.72657,59.44167],[10.72669,59.44151],[10.72664,59.44138],[10.72652,59.4413],[10.72651,59.44122],[10.72625,59.44118],[10.7262,59.44127],[10.72622,59.44133],[10.72613,59.44133],[10.7264,59.44141],[10.72628,59.44154],[10.7263,59.44165],[10.72618,59.44169],[10.72619,59.44179],[10.72644,59.44184],[10.72655,59.44193]],[[10.72659,59.44138],[10.72636,59.44136],[10.72629,59.44132],[10.72659,59.44138]]]},"properties":{"a":1316,"v":-1735,"dh":1.32,"pl":1,"pn":"Detaljregulering for Nore og Vanem felt 7-12","pd":"2019-06-06","fo":1,"c":24}},{"type":"Feature","geometry":{"type":"Polygon","coordinates":[[[10.73234,59.44165],[10.7325,59.44165],[10.73242,59.4416],[10.73247,59.44144],[10.7323,59.44136],[10.73232,59.44133],[10.7321,59.44142],[10.732,59.44137],[10.73186,59.44138],[10.73191,59.4415],[10.73187,59.44152],[10.73193,59.44155],[10.73218,59.44162],[10.73237,59.44161],[10.73239,59.44164],[10.73234,59.44165]]]},"properties":{"a":786,"v":-1064,"dh":1.35,"pl":1,"pn":"Detaljregulering for Nore og Vanem felt 7-12","pd":"2019-06-06","fo":1,"c":11}},{"type":"Feature","geometry":{"type":"Polygon","coordinates":[[[10.73322,59.4416],[10.73328,59.44152],[10.73303,59.44147],[10.73313,59.44159],[10.73322,59.4416]]]},"properties":{"a":117,"v":-124,"dh":1.06,"pl":1,"pn":"Detaljregulering for Nore og Vanem felt 7-12","pd":"2019-06-06","fo":1,"c":11}},{"type":"Feature","geometry":{"type":"Polygon","coordinates":[[[10.73278,59.44175],[10.73292,59.44164],[10.73281,59.44157],[10.73265,59.44158],[10.73267,59.44169],[10.73262,59.44173],[10.73278,59.44175]]]},"properties":{"a":232,"v":-251,"dh":1.08,"pl":1,"pn":"Detaljregulering for Nore og Vanem felt 7-12","pd":"2019-06-06","fo":1,"c":11}},{"type":"Feature","geometry":{"type":"Polygon","coordinates":[[[10.73388,59.44175],[10.73391,59.44169],[10.73364,59.44159],[10.73364,59.44164],[10.73388,59.44175]]]},"properties":{"a":108,"v":169,"dh":1.57,"pl":1,"pn":"Detaljregulering for Nore og Vanem felt 7-12","pd":"2019-06-06","fo":1,"c":11}},{"type":"Feature","geometry":{"type":"Polygon","coordinates":[[[10.72684,59.44183],[10.72684,59.44171],[10.72671,59.4417],[10.72668,59.4418],[10.72684,59.44183]]]},"properties":{"a":128,"v":-164,"dh":1.28,"pl":1,"pn":"Detaljregulering for Nore og Vanem felt 7-12","pd":"2019-06-06","fo":1,"c":24}},{"type":"Feature","geometry":{"type":"Polygon","coordinates":[[[10.72875,59.44191],[10.72889,59.44189],[10.72887,59.44185],[10.72896,59.44175],[10.72895,59.44167],[10.72885,59.44167],[10.72895,59.44163],[10.72895,59.44158],[10.72865,59.44162],[10.7287,59.44167],[10.72871,59.44176],[10.72878,59.4418],[10.72875,59.44191]]]},"properties":{"a":388,"v":686,"dh":1.77,"pl":1,"pn":"Detaljregulering for Nore og Vanem felt 7-12","pd":"2019-06-06","fo":1,"c":24}},{"type":"Feature","geometry":{"type":"Polygon","coordinates":[[[10.73346,59.44192],[10.73362,59.44185],[10.73363,59.44179],[10.73341,59.44167],[10.7334,59.44171],[10.73358,59.44183],[10.73342,59.44188],[10.73346,59.44192]]]},"properties":{"a":129,"v":-127,"dh":0.99,"pl":1,"pn":"Detaljregulering for Nore og Vanem felt 7-12","pd":"2019-06-06","sh":1,"c":27}},{"type":"Feature","geometry":{"type":"MultiPolygon","coordinates":[[[[10.73396,59.44208],[10.73384,59.44209],[10.73382,59.44197],[10.7339,59.44188],[10.73381,59.4418],[10.73377,59.44182],[10.73381,59.44214],[10.73396,59.44208]]],[[[10.73396,59.44205],[10.734,59.44207],[10.73401,59.44205],[10.73396,59.44205]]]]},"properties":{"a":118,"v":-107,"dh":0.91,"pl":1,"pn":"Detaljregulering for Nore og Vanem felt 7-12","pd":"2019-06-06","sh":1,"c":27}},{"type":"Feature","geometry":{"type":"MultiPolygon","coordinates":[[[[10.72598,59.44144],[10.72596,59.44143],[10.72596,59.44144],[10.72598,59.44144]]],[[[10.72594,59.44145],[10.72587,59.4414],[10.72585,59.4413],[10.72595,59.44133],[10.72597,59.44131],[10.72584,59.44123],[10.72569,59.4413],[10.7256,59.44125],[10.72553,59.44125],[10.72549,59.4413],[10.72516,59.44125],[10.72495,59.44131],[10.72477,59.44123],[10.72441,59.4414],[10.72425,59.44138],[10.724,59.44144],[10.72393,59.44151],[10.72399,59.44157],[10.72373,59.44163],[10.72339,59.44163],[10.72318,59.44158],[10.72312,59.4415],[10.72317,59.44136],[10.72322,59.44133],[10.72322,59.44126],[10.72315,59.44124],[10.723,59.44147],[10.72311,59.44159],[10.72308,59.4417],[10.72287,59.44178],[10.72286,59.44182],[10.72304,59.44188],[10.72328,59.44187],[10.72337,59.44194],[10.72338,59.44203],[10.72368,59.44198],[10.72366,59.44192],[10.72358,59.4419],[10.72367,59.44185],[10.72437,59.44181],[10.72411,59.44186],[10.72411,59.44191],[10.72415,59.44196],[10.72438,59.44198],[10.72498,59.44195],[10.725,59.44198],[10.72519,59.44199],[10.72564,59.44211],[10.72574,59.44208],[10.72577,59.44213],[10.72598,59.44224],[10.72627,59.44233],[10.72626,59.44241],[10.72649,59.44256],[10.72648,59.44262],[10.72634,59.44267],[10.72631,59.44285],[10.72646,59.44288],[10.72657,59.443],[10.7267,59.4429],[10.72681,59.44297],[10.72677,59.44291],[10.72686,59.44286],[10.72675,59.44272],[10.72685,59.4427],[10.72693,59.44258],[10.72708,59.44259],[10.7271,59.44269],[10.72717,59.44274],[10.72716,59.44282],[10.7273,59.44277],[10.72767,59.44285],[10.72769,59.44278],[10.72761,59.44273],[10.72808,59.44258],[10.72813,59.4425],[10.72876,59.44215],[10.72858,59.44207],[10.7282,59.44206],[10.72803,59.44201],[10.72803,59.44196],[10.7283,59.44195],[10.72827,59.44187],[10.7281,59.44183],[10.72798,59.44174],[10.7281,59.44154],[10.72809,59.44144],[10.72786,59.44146],[10.72789,59.44157],[10.72782,59.44167],[10.72745,59.4417],[10.72775,59.44161],[10.72769,59.44153],[10.72775,59.44135],[10.72764,59.44129],[10.72754,59.44136],[10.72751,59.44136],[10.72752,59.44132],[10.72728,59.44132],[10.72705,59.44143],[10.72694,59.44161],[10.72701,59.44168],[10.727,59.44171],[10.72683,59.4416],[10.72681,59.44151],[10.72695,59.44147],[10.72691,59.44137],[10.72699,59.44131],[10.72681,59.44127],[10.72681,59.44123],[10.72687,59.44123],[10.72685,59.4412],[10.72665,59.44122],[10.72662,59.44134],[10.72672,59.44153],[10.72667,59.44157],[10.72672,59.44157],[10.72674,59.4416],[10.72667,59.44158],[10.72668,59.44165],[10.72691,59.44168],[10.72696,59.4418],[10.72689,59.44179],[10.72685,59.44187],[10.72667,59.4419],[10.72657,59.44203],[10.72618,59.44189],[10.72613,59.44169],[10.7262,59.44165],[10.72621,59.44156],[10.72614,59.44149],[10.72594,59.44145]],[[10.72728,59.44272],[10.72731,59.44262],[10.72743,59.44265],[10.72742,59.44272],[10.72728,59.44272]],[[10.72647,59.44247],[10.72641,59.44239],[10.7267,59.44243],[10.72656,59.44248],[10.72647,59.44247]],[[10.72804,59.44244],[10.72759,59.44234],[10.72764,59.44226],[10.7276,59.44221],[10.72769,59.44214],[10.7278,59.44218],[10.72788,59.44211],[10.72782,59.44206],[10.72786,59.44203],[10.72804,59.44203],[10.72813,59.4421],[10.72855,59.44213],[10.72847,59.44222],[10.72831,59.44219],[10.72831,59.44224],[10.72838,59.44226],[10.72804,59.44244]],[[10.72595,59.44198],[10.72549,59.44199],[10.72552,59.44187],[10.72546,59.44177],[10.72581,59.44159],[10.7259,59.44161],[10.72595,59.44155],[10.72607,59.44156],[10.72604,59.44162],[10.72595,59.4416],[10.72597,59.44164],[10.72588,59.44169],[10.72589,59.44181],[10.72577,59.44187],[10.72595,59.44198]],[[10.72531,59.44151],[10.7252,59.44143],[10.72518,59.44133],[10.72523,59.44129],[10.72543,59.44142],[10.72543,59.44149],[10.72531,59.44151]],[[10.72439,59.44148],[10.72439,59.44143],[10.72448,59.44144],[10.72448,59.44149],[10.72439,59.44148]],[[10.72506,59.44136],[10.72493,59.44134],[10.72504,59.44134],[10.72506,59.44136]]]]},"properties":{"a":24013,"v":61418,"dh":2.56,"pl":1,"pn":"Detaljregulering for Nore og Vanem felt 7-12","pd":"2019-06-06","c":24}},{"type":"Feature","geometry":{"type":"Polygon","coordinates":[[[10.70937,59.43248],[10.70956,59.43241],[10.70973,59.4322],[10.70988,59.43212],[10.70988,59.43203],[10.70996,59.43188],[10.70996,59.43164],[10.71007,59.43136],[10.70986,59.43144],[10.70976,59.43143],[10.70982,59.43151],[10.70975,59.43157],[10.70987,59.4316],[10.70987,59.43165],[10.70967,59.43174],[10.70975,59.4319],[10.70965,59.43203],[10.70951,59.43208],[10.70958,59.43214],[10.70951,59.43216],[10.70954,59.43225],[10.70943,59.43228],[10.70943,59.43236],[10.70935,59.43238],[10.70937,59.43248]],[[10.70984,59.43168],[10.70986,59.43167],[10.70986,59.43168],[10.70984,59.43168]]]},"properties":{"a":1505,"v":1979,"dh":1.32,"pl":1,"pn":"Detaljregulering for ny vannledning Årvoll til Vestby grense","pd":"2019-05-21","fo":1,"c":28}},{"type":"Feature","geometry":{"type":"Polygon","coordinates":[[[10.70828,59.43213],[10.70827,59.432],[10.70815,59.43199],[10.70819,59.43212],[10.70828,59.43213]]]},"properties":{"a":107,"v":170,"dh":1.58,"pl":0,"fo":1,"c":29}},{"type":"Feature","geometry":{"type":"Polygon","coordinates":[[[10.70273,59.43231],[10.70267,59.43214],[10.70254,59.43202],[10.70247,59.43201],[10.70255,59.43216],[10.70273,59.43231]]]},"properties":{"a":138,"v":-217,"dh":1.58,"pl":1,"pn":"Thorbjørnsrød Gård","pd":"2017-06-19","fo":1,"c":34}},{"type":"Feature","geometry":{"type":"Polygon","coordinates":[[[10.70927,59.43296],[10.70943,59.43295],[10.70932,59.43287],[10.70939,59.43282],[10.7094,59.43269],[10.70928,59.43283],[10.70927,59.43296]]]},"properties":{"a":129,"v":-136,"dh":1.05,"pl":1,"pn":"Detaljregulering for ny vannledning Årvoll til Vestby grense","pd":"2019-05-21","fo":1,"c":28}},{"type":"Feature","geometry":{"type":"Polygon","coordinates":[[[10.70233,59.43416],[10.70239,59.434],[10.7021,59.43401],[10.70223,59.43415],[10.70233,59.43416]]]},"properties":{"a":199,"v":187,"dh":0.94,"pl":1,"pn":"Thorbjørnsrød Gård","pd":"2017-06-19","sh":1,"c":34}},{"type":"Feature","geometry":{"type":"Polygon","coordinates":[[[10.7031,59.43439],[10.70315,59.43434],[10.70297,59.43395],[10.70276,59.43394],[10.70269,59.43398],[10.70268,59.43402],[10.70281,59.43421],[10.70276,59.43435],[10.70289,59.43438],[10.70296,59.43433],[10.7031,59.43439]]]},"properties":{"a":812,"v":1425,"dh":1.76,"pl":1,"pn":"Thorbjørnsrød Gård","pd":"2017-06-19","c":34}},{"type":"Feature","geometry":{"type":"MultiPolygon","coordinates":[[[[10.70182,59.43486],[10.70203,59.43487],[10.70269,59.4347],[10.70283,59.43464],[10.70274,59.4346],[10.70281,59.43454],[10.70261,59.43448],[10.70219,59.4345],[10.70206,59.43431],[10.70181,59.43425],[10.70181,59.43438],[10.70189,59.43445],[10.70194,59.43444],[10.70191,59.43446],[10.70193,59.43456],[10.70211,59.43458],[10.70209,59.43462],[10.70215,59.43468],[10.70238,59.43472],[10.70189,59.43486],[10.7018,59.43483],[10.70182,59.43486]],[[10.70201,59.43448],[10.70194,59.43443],[10.70199,59.43443],[10.70201,59.43448]],[[10.70246,59.43464],[10.70248,59.43466],[10.70246,59.43466],[10.70246,59.43464]],[[10.70262,59.43466],[10.70269,59.43463],[10.70271,59.43466],[10.70262,59.43466]],[[10.7025,59.43464],[10.70257,59.43462],[10.7026,59.43465],[10.70255,59.43465],[10.7025,59.43464]],[[10.70232,59.43456],[10.70235,59.43454],[10.7024,59.43454],[10.7024,59.43456],[10.70232,59.43456]]],[[[10.7018,59.43482],[10.70178,59.43483],[10.7018,59.43483],[10.7018,59.43482]]]]},"properties":{"a":1481,"v":-1897,"dh":1.28,"pl":1,"pn":"Thorbjørnsrød Gård","pd":"2017-06-19","c":34}},{"type":"Feature","geometry":{"type":"Polygon","coordinates":[[[10.70207,59.43559],[10.70225,59.43562],[10.70219,59.43549],[10.70208,59.43544],[10.70197,59.43546],[10.70206,59.43549],[10.70207,59.43559]]]},"properties":{"a":154,"v":187,"dh":1.22,"pl":1,"pn":"Solgaard Skog. Eksisterende og nytt industriområde","pd":"1985-04-30","c":30}},{"type":"Feature","geometry":{"type":"Polygon","coordinates":[[[10.7093,59.43593],[10.70927,59.43581],[10.7092,59.43581],[10.70922,59.43577],[10.70915,59.43572],[10.70908,59.43573],[10.70915,59.43584],[10.70922,59.43586],[10.70923,59.43593],[10.7093,59.43593]]]},"properties":{"a":118,"v":151,"dh":1.28,"pl":2,"pn":"Solgård Avfallsplass","pd":"2025-02-11","fo":1,"c":35}},{"type":"Feature","geometry":{"type":"Polygon","coordinates":[[[10.69717,59.43139],[10.6975,59.43131],[10.69746,59.43118],[10.69735,59.4312],[10.69737,59.43126],[10.69717,59.43134],[10.69717,59.43139]]]},"properties":{"a":203,"v":271,"dh":1.34,"pl":1,"pn":"Thorbjørnsrød - Sydskogen","pd":"1987-06-16","fo":1,"c":31}},{"type":"Feature","geometry":{"type":"Polygon","coordinates":[[[10.7016,59.43251],[10.70175,59.43246],[10.70171,59.43237],[10.70146,59.43232],[10.70147,59.43246],[10.7016,59.43251]]]},"properties":{"a":238,"v":-393,"dh":1.65,"pl":1,"pn":"Thorbjørnrud Gård","pd":"2011-06-20","fo":1,"c":32}},{"type":"Feature","geometry":{"type":"Polygon","coordinates":[[[10.69866,59.43264],[10.69892,59.43263],[10.69897,59.4326],[10.69864,59.43258],[10.69866,59.43264]]]},"properties":{"a":110,"v":94,"dh":0.85,"pl":1,"pn":"Thorbjørnsrød Gård","pd":"2017-06-19","sh":1,"c":33}},{"type":"Feature","geometry":{"type":"Polygon","coordinates":[[[10.69982,59.43328],[10.6999,59.43321],[10.69971,59.43314],[10.69971,59.43326],[10.69982,59.43328]]]},"properties":{"a":135,"v":183,"dh":1.35,"pl":1,"pn":"Thorbjørnsrød - Sydskogen","pd":"1987-06-16","c":34}},{"type":"Feature","geometry":{"type":"MultiPolygon","coordinates":[[[[10.70039,59.43411],[10.70034,59.43409],[10.70036,59.43414],[10.70043,59.43421],[10.70038,59.43424],[10.70054,59.43427],[10.70082,59.4342],[10.70172,59.43385],[10.70194,59.43364],[10.70198,59.43339],[10.70221,59.43313],[10.70245,59.43309],[10.70248,59.43295],[10.70269,59.43293],[10.70277,59.4328],[10.70286,59.43279],[10.70286,59.43283],[10.70297,59.43288],[10.70315,59.43287],[10.70316,59.43278],[10.70309,59.43276],[10.70309,59.43271],[10.70291,59.43269],[10.70302,59.43252],[10.70294,59.43251],[10.70293,59.43246],[10.70286,59.43244],[10.70278,59.43228],[10.70275,59.43237],[10.7028,59.43252],[10.70268,59.43261],[10.70241,59.43265],[10.70242,59.4327],[10.70233,59.43278],[10.70225,59.43279],[10.70226,59.43272],[10.70222,59.43272],[10.70195,59.43281],[10.70202,59.43286],[10.70218,59.43284],[10.7022,59.43291],[10.70188,59.43288],[10.70157,59.43296],[10.70149,59.43291],[10.70134,59.43264],[10.70142,59.43256],[10.7014,59.43248],[10.70115,59.43248],[10.70094,59.43236],[10.70094,59.43244],[10.70103,59.43247],[10.70113,59.43261],[10.70115,59.43278],[10.70125,59.43291],[10.70123,59.43299],[10.70064,59.43317],[10.70013,59.43308],[10.70051,59.43325],[10.70067,59.43346],[10.70068,59.43363],[10.70063,59.43366],[10.70062,59.43379],[10.70055,59.43387],[10.70059,59.43395],[10.70056,59.43398],[10.70067,59.43413],[10.70062,59.43417],[10.70046,59.43419],[10.70048,59.43415],[10.70062,59.43413],[10.70039,59.43411]],[[10.70046,59.43419],[10.70045,59.4342],[10.70045,59.43419],[10.70046,59.43419]],[[10.70178,59.43373],[10.70163,59.43382],[10.7009,59.43405],[10.70075,59.43392],[10.70089,59.43362],[10.70086,59.43358],[10.70089,59.43349],[10.70074,59.43331],[10.70073,59.43325],[10.70126,59.43309],[10.70182,59.43309],[10.70178,59.43329],[10.70169,59.43332],[10.70161,59.43354],[10.70167,59.4336],[10.70174,59.43357],[10.70166,59.43349],[10.7018,59.43346],[10.70178,59.4334],[10.70194,59.43329],[10.70189,59.43337],[10.70191,59.43354],[10.70188,59.43362],[10.70176,59.43367],[10.70178,59.43373]],[[10.70193,59.43324],[10.70195,59.43327],[10.70193,59.43327],[10.70193,59.43324]]],[[[10.70176,59.43367],[10.70173,59.4337],[10.70176,59.4337],[10.70176,59.43367]]],[[[10.70048,59.4341],[10.70046,59.4341],[10.70048,59.4341],[10.70048,59.4341]]]]},"properties":{"a":7451,"v":9550,"dh":1.28,"pl":1,"pn":"Thorbjørnsrød Gård","pd":"2017-06-19","c":34}},{"type":"Feature","geometry":{"type":"Polygon","coordinates":[[[10.69488,59.43402],[10.69513,59.43399],[10.69518,59.43393],[10.69502,59.43391],[10.69488,59.43396],[10.69488,59.43402]]]},"properties":{"a":142,"v":-227,"dh":1.6,"pl":1,"pn":"Thorbjørnsrød - Sydskogen","pd":"1987-06-16","c":34}},{"type":"Feature","geometry":{"type":"Polygon","coordinates":[[[10.69492,59.43406],[10.69571,59.43406],[10.69571,59.43399],[10.69564,59.43396],[10.69564,59.43402],[10.69552,59.43405],[10.69531,59.434],[10.69492,59.43406]]]},"properties":{"a":210,"v":236,"dh":1.13,"pl":1,"pn":"Thorbjørnsrød - Sydskogen","pd":"1987-06-16","c":34}},{"type":"Feature","geometry":{"type":"Polygon","coordinates":[[[10.70184,59.43418],[10.70185,59.43404],[10.70196,59.43406],[10.70195,59.43401],[10.70169,59.43397],[10.70164,59.43406],[10.70177,59.43418],[10.70184,59.43418]]]},"properties":{"a":232,"v":257,"dh":1.11,"pl":1,"pn":"Thorbjørnsrød Gård","pd":"2017-06-19","c":34}},{"type":"Feature","geometry":{"type":"Polygon","coordinates":[[[10.70116,59.43473],[10.70151,59.4346],[10.70174,59.43472],[10.70202,59.43468],[10.70202,59.43463],[10.70196,59.43458],[10.70186,59.43463],[10.70172,59.4346],[10.70144,59.43432],[10.70131,59.43425],[10.70124,59.43412],[10.70148,59.43408],[10.7015,59.43403],[10.70141,59.43403],[10.70075,59.43428],[10.70108,59.4342],[10.70127,59.43435],[10.70127,59.43439],[10.70094,59.43454],[10.70104,59.43467],[10.70116,59.43473]]]},"properties":{"a":1652,"v":1683,"dh":1.02,"pl":1,"pn":"Thorbjørnsrød Gård","pd":"2017-06-19","c":34}},{"type":"Feature","geometry":{"type":"Polygon","coordinates":[[[10.71074,59.43302],[10.71105,59.43291],[10.71117,59.43281],[10.71099,59.43279],[10.71063,59.43297],[10.71074,59.43302]]]},"properties":{"a":334,"v":745,"dh":2.23,"pl":1,"pn":"Detaljregulering for ny vannledning Årvoll til Vestby grense","pd":"2019-05-21","fo":1,"c":28}},{"type":"Feature","geometry":{"type":"Polygon","coordinates":[[[10.71161,59.43358],[10.71083,59.43337],[10.71027,59.43328],[10.7102,59.43323],[10.71022,59.43319],[10.70981,59.43311],[10.70961,59.43301],[10.70938,59.43302],[10.70926,59.43309],[10.71124,59.43354],[10.71161,59.43358]]]},"properties":{"a":1212,"v":1447,"dh":1.19,"pl":1,"pn":"Detaljregulering for ny vannledning Årvoll til Vestby grense","pd":"2019-05-21","fo":1,"c":28}},{"type":"Feature","geometry":{"type":"Polygon","coordinates":[[[10.71407,59.43516],[10.71415,59.43504],[10.71394,59.43508],[10.71395,59.43511],[10.71407,59.43516]]]},"properties":{"a":100,"v":149,"dh":1.49,"pl":2,"pn":"Solgård Avfallsplass","pd":"2025-02-11","fo":1,"c":35}},{"type":"Feature","geometry":{"type":"Polygon","coordinates":[[[10.71644,59.43588],[10.71663,59.43583],[10.71674,59.43571],[10.71687,59.43568],[10.71688,59.4355],[10.71678,59.43538],[10.71693,59.43547],[10.71701,59.43547],[10.71705,59.43538],[10.71651,59.43517],[10.71623,59.43499],[10.71606,59.43501],[10.7161,59.43519],[10.71623,59.43532],[10.7162,59.43546],[10.71626,59.43549],[10.71628,59.43561],[10.71634,59.43563],[10.71632,59.43573],[10.71639,59.43576],[10.71638,59.43585],[10.71644,59.43588]]]},"properties":{"a":2744,"v":7226,"dh":2.63,"pl":1,"pn":"Detaljregulering for ny vannledning Årvoll til Vestby grense","pd":"2019-05-21","c":36}},{"type":"Feature","geometry":{"type":"Polygon","coordinates":[[[10.71625,59.43577],[10.71623,59.43569],[10.71607,59.43558],[10.71606,59.43568],[10.71625,59.43577]]]},"properties":{"a":117,"v":173,"dh":1.48,"pl":0,"sl":1,"c":37}},{"type":"Feature","geometry":{"type":"Polygon","coordinates":[[[10.71722,59.43609],[10.71722,59.43605],[10.71731,59.43604],[10.71732,59.43599],[10.71708,59.436],[10.71691,59.43593],[10.71676,59.43594],[10.71688,59.43596],[10.71688,59.436],[10.71713,59.43602],[10.71722,59.43609]]]},"properties":{"a":164,"v":-251,"dh":1.53,"pl":0,"sl":1,"c":37}},{"type":"Feature","geometry":{"type":"Polygon","coordinates":[[[10.71383,59.43621],[10.71396,59.43607],[10.71392,59.43596],[10.71368,59.43611],[10.71375,59.4362],[10.71383,59.43621]]]},"properties":{"a":241,"v":422,"dh":1.75,"pl":2,"pn":"Solgård Avfallsplass","pd":"2025-02-11","fo":1,"c":35}},{"type":"Feature","geometry":{"type":"Polygon","coordinates":[[[10.70134,59.43477],[10.7015,59.43471],[10.70152,59.43476],[10.7016,59.43476],[10.70162,59.43472],[10.70144,59.43467],[10.7013,59.43472],[10.70134,59.43477]]]},"properties":{"a":116,"v":152,"dh":1.31,"pl":1,"pn":"Thorbjørnsrød Gård","pd":"2017-06-19","c":34}},{"type":"Feature","geometry":{"type":"Polygon","coordinates":[[[10.69892,59.43535],[10.69878,59.4351],[10.69855,59.43499],[10.69848,59.43501],[10.69867,59.43507],[10.6988,59.43517],[10.69885,59.43532],[10.69892,59.43535]]]},"properties":{"a":126,"v":231,"dh":1.83,"pl":1,"pn":"Thorbjørnsrød - Sydskogen","pd":"1987-06-16","sl":1,"c":38}},{"type":"Feature","geometry":{"type":"MultiPolygon","coordinates":[[[[10.70098,59.43508],[10.70097,59.43509],[10.70099,59.43509],[10.70098,59.43508]]],[[[10.70097,59.4351],[10.70099,59.43516],[10.70106,59.43517],[10.70104,59.43522],[10.70117,59.4353],[10.70121,59.43541],[10.70132,59.43546],[10.7013,59.4354],[10.70138,59.43531],[10.70123,59.43531],[10.70104,59.4351],[10.70097,59.4351]]]]},"properties":{"a":228,"v":395,"dh":1.73,"pl":1,"pn":"Thorbjørnsrød - Sydskogen","pd":"1987-06-16","sl":1,"c":34}},{"type":"Feature","geometry":{"type":"Polygon","coordinates":[[[10.69789,59.43626],[10.69793,59.43605],[10.69785,59.43594],[10.69788,59.43613],[10.69781,59.43618],[10.69782,59.43624],[10.69789,59.43626]]]},"properties":{"a":112,"v":193,"dh":1.72,"pl":1,"pn":"Solgaard Skog. Eksisterende og nytt industriområde","pd":"1985-04-30","sl":1,"c":39}},{"type":"Feature","geometry":{"type":"MultiPolygon","coordinates":[[[[10.69782,59.43668],[10.69785,59.43665],[10.69782,59.43667],[10.69782,59.43668]]],[[[10.6978,59.43664],[10.69774,59.43683],[10.69781,59.43685],[10.69772,59.43686],[10.69771,59.43696],[10.69782,59.437],[10.69787,59.43688],[10.69781,59.43679],[10.69784,59.43676],[10.6978,59.43664]],[[10.69776,59.43691],[10.69781,59.43689],[10.69776,59.43696],[10.69776,59.43691]]]]},"properties":{"a":169,"v":236,"dh":1.4,"pl":1,"pn":"Solgaard Skog. Eksisterende og nytt industriområde","pd":"1985-04-30","sl":1,"c":45}},{"type":"Feature","geometry":{"type":"Polygon","coordinates":[[[10.69825,59.43716],[10.69802,59.43704],[10.69782,59.43701],[10.69795,59.4371],[10.69805,59.43709],[10.69825,59.43716]]]},"properties":{"a":102,"v":171,"dh":1.67,"pl":1,"pn":"Solgaard Skog. Eksisterende og nytt industriområde","pd":"1985-04-30","sl":1,"c":45}},{"type":"Feature","geometry":{"type":"Polygon","coordinates":[[[10.70166,59.43731],[10.70161,59.43726],[10.70167,59.43712],[10.70153,59.43712],[10.70156,59.43731],[10.70166,59.43731]]]},"properties":{"a":127,"v":-98,"dh":0.77,"pl":1,"pn":"Solgaard Skog. Eksisterende og nytt industriområde","pd":"1985-04-30","sh":1,"c":39}},{"type":"Feature","geometry":{"type":"Polygon","coordinates":[[[10.69842,59.4374],[10.69847,59.43733],[10.69843,59.43723],[10.69834,59.43716],[10.69825,59.43716],[10.69824,59.43721],[10.69833,59.43726],[10.69835,59.43739],[10.69842,59.4374]]]},"properties":{"a":182,"v":-431,"dh":2.37,"pl":1,"pn":"Solgaard Skog. Eksisterende og nytt industriområde","pd":"1985-04-30","c":45}},{"type":"Feature","geometry":{"type":"MultiPolygon","coordinates":[[[[10.69755,59.43795],[10.69776,59.43796],[10.69804,59.43782],[10.69777,59.43785],[10.69755,59.43795]]],[[[10.69753,59.43796],[10.69755,59.43797],[10.69755,59.43796],[10.69753,59.43796]]]]},"properties":{"a":180,"v":303,"dh":1.69,"pl":1,"pn":"THORBJØRNSRØD DEL AV GNR 38/1 - BEGRENSET AV THORBJØRNSRØDVN,VÅLE","pd":"1984-12-20","c":322}},{"type":"Feature","geometry":{"type":"Polygon","coordinates":[[[10.69785,59.43806],[10.69787,59.43797],[10.69803,59.43795],[10.69807,59.43787],[10.69783,59.43792],[10.69773,59.43801],[10.69775,59.43806],[10.69785,59.43806]]]},"properties":{"a":177,"v":-204,"dh":1.15,"pl":1,"pn":"THORBJØRNSRØD DEL AV GNR 38/1 - BEGRENSET AV THORBJØRNSRØDVN,VÅLE","pd":"1984-12-20","c":322}},{"type":"Feature","geometry":{"type":"Polygon","coordinates":[[[10.7153,59.43642],[10.7154,59.43634],[10.7154,59.43624],[10.71519,59.43634],[10.71521,59.4364],[10.7153,59.43642]]]},"properties":{"a":147,"v":255,"dh":1.73,"pl":2,"pn":"Solgård Avfallsplass","pd":"2025-02-11","fo":1,"c":35}},{"type":"Feature","geometry":{"type":"Polygon","coordinates":[[[10.71122,59.43658],[10.71141,59.43649],[10.71123,59.4364],[10.71112,59.43641],[10.71108,59.43635],[10.71085,59.43636],[10.71116,59.43649],[10.71113,59.43655],[10.71122,59.43658]]]},"properties":{"a":280,"v":-666,"dh":2.38,"pl":2,"pn":"Solgård Avfallsplass","pd":"2025-02-11","fo":1,"c":19}},{"type":"Feature","geometry":{"type":"Polygon","coordinates":[[[10.71316,59.43668],[10.71335,59.43655],[10.71336,59.43643],[10.7132,59.43647],[10.71316,59.43668]]]},"properties":{"a":191,"v":277,"dh":1.45,"pl":2,"pn":"Solgård Avfallsplass","pd":"2025-02-11","fo":1,"c":35}},{"type":"Feature","geometry":{"type":"Polygon","coordinates":[[[10.71765,59.43659],[10.71759,59.43644],[10.71749,59.43644],[10.71748,59.43655],[10.71765,59.43659]]]},"properties":{"a":125,"v":224,"dh":1.8,"pl":0,"fo":1,"c":40}},{"type":"Feature","geometry":{"type":"Polygon","coordinates":[[[10.71722,59.43709],[10.71711,59.43693],[10.71714,59.43682],[10.7171,59.43672],[10.71681,59.43662],[10.71678,59.43673],[10.71694,59.43687],[10.71695,59.43699],[10.71722,59.43709]]]},"properties":{"a":548,"v":661,"dh":1.21,"pl":1,"pn":"Detaljregulering for ny vannledning Årvoll til Vestby grense","pd":"2019-05-21","fo":1,"c":41}},{"type":"Feature","geometry":{"type":"Polygon","coordinates":[[[10.71561,59.43698],[10.71566,59.43689],[10.71559,59.4369],[10.71558,59.43682],[10.71539,59.43681],[10.71546,59.43685],[10.71549,59.43695],[10.71561,59.43698]]]},"properties":{"a":163,"v":336,"dh":2.06,"pl":2,"pn":"Solgård Avfallsplass","pd":"2025-02-11","fo":1,"c":35}},{"type":"Feature","geometry":{"type":"MultiPolygon","coordinates":[[[[10.71158,59.43704],[10.71166,59.43698],[10.71162,59.43689],[10.71167,59.43687],[10.7116,59.43683],[10.71172,59.43677],[10.7116,59.43673],[10.71163,59.43669],[10.71155,59.43659],[10.71148,59.43657],[10.71122,59.43662],[10.71128,59.43674],[10.71121,59.43682],[10.71146,59.43681],[10.7115,59.43687],[10.71143,59.43701],[10.71158,59.43704]]],[[[10.71159,59.43704],[10.71158,59.43704],[10.71158,59.43705],[10.71159,59.43705],[10.71159,59.43704]]],[[[10.71159,59.43705],[10.71161,59.43706],[10.71161,59.43705],[10.71159,59.43705]]],[[[10.71161,59.43706],[10.71162,59.43716],[10.71148,59.43718],[10.71146,59.43723],[10.71099,59.43731],[10.71096,59.43737],[10.71107,59.4375],[10.71114,59.43751],[10.71167,59.43747],[10.71177,59.43742],[10.71173,59.43737],[10.71187,59.43728],[10.71178,59.43727],[10.71176,59.43722],[10.71171,59.43725],[10.7116,59.43723],[10.7116,59.43718],[10.71172,59.43715],[10.71161,59.43706]]]]},"properties":{"a":2005,"v":-6381,"dh":3.18,"pl":2,"pn":"Solgård Avfallsplass","pd":"2025-02-11","c":19}},{"type":"Feature","geometry":{"type":"Polygon","coordinates":[[[10.71716,59.43828],[10.7173,59.43825],[10.71739,59.43793],[10.71749,59.43793],[10.7175,59.43773],[10.71764,59.43764],[10.71737,59.43729],[10.71728,59.43729],[10.7173,59.43736],[10.71722,59.43741],[10.71737,59.43757],[10.71734,59.43767],[10.71727,59.43767],[10.71727,59.43772],[10.71732,59.43772],[10.7173,59.43793],[10.71721,59.43797],[10.71723,59.43804],[10.71718,59.43807],[10.71719,59.43818],[10.71724,59.43821],[10.71716,59.43828]]]},"properties":{"a":1134,"v":1658,"dh":1.46,"pl":1,"pn":"Detaljregulering for ny vannledning Årvoll til Vestby grense","pd":"2019-05-21","fo":1,"c":41}},{"type":"Feature","geometry":{"type":"Polygon","coordinates":[[[10.71296,59.43853],[10.71295,59.43849],[10.71311,59.43847],[10.71314,59.43836],[10.71324,59.4383],[10.71335,59.43835],[10.71343,59.43823],[10.71364,59.43814],[10.71364,59.43811],[10.71383,59.4381],[10.71393,59.43819],[10.71403,59.43818],[10.71425,59.43829],[10.71441,59.43828],[10.71442,59.4382],[10.71434,59.43811],[10.71404,59.43799],[10.714,59.43789],[10.71389,59.43788],[10.71376,59.4377],[10.71324,59.43745],[10.71313,59.43747],[10.71265,59.43737],[10.71247,59.43739],[10.71213,59.43729],[10.71187,59.4373],[10.71187,59.43737],[10.71203,59.43739],[10.71228,59.43764],[10.71232,59.43779],[10.71205,59.43803],[10.71167,59.43822],[10.71197,59.43827],[10.71194,59.43836],[10.71296,59.43853]],[[10.71284,59.43842],[10.71286,59.43841],[10.71286,59.43842],[10.71284,59.43842]]]},"properties":{"a":10888,"v":-61399,"dh":5.64,"pl":2,"pn":"Solgård Avfallsplass","pd":"2025-02-11","c":19}},{"type":"Feature","geometry":{"type":"Polygon","coordinates":[[[10.71496,59.43836],[10.71493,59.43824],[10.71496,59.43816],[10.71502,59.43815],[10.71496,59.43808],[10.71461,59.43815],[10.71453,59.43826],[10.71476,59.43826],[10.71477,59.43843],[10.7148,59.43844],[10.71496,59.43841],[10.71502,59.43846],[10.71515,59.4384],[10.7151,59.43831],[10.71501,59.43831],[10.71496,59.43836]],[[10.71496,59.43838],[10.71494,59.43839],[10.71494,59.43838],[10.71496,59.43838]]]},"properties":{"a":649,"v":-948,"dh":1.46,"pl":2,"pn":"Solgård Avfallsplass","pd":"2025-02-11","c":19}},{"type":"Feature","geometry":{"type":"Polygon","coordinates":[[[10.70987,59.43688],[10.7104,59.43653],[10.71055,59.43656],[10.71062,59.43638],[10.71068,59.43636],[10.71054,59.43634],[10.71026,59.43643],[10.71021,59.43648],[10.71025,59.43655],[10.7102,59.43664],[10.71006,59.43666],[10.7098,59.43685],[10.7098,59.43688],[10.70987,59.43688]]]},"properties":{"a":637,"v":-2488,"dh":3.91,"pl":2,"pn":"Solgård Avfallsplass","pd":"2025-02-11","fo":1,"c":19}},{"type":"Feature","geometry":{"type":"Polygon","coordinates":[[[10.70973,59.43719],[10.7098,59.43714],[10.70982,59.43694],[10.70973,59.43686],[10.70964,59.43687],[10.70954,59.43697],[10.70966,59.43717],[10.70973,59.43719]]]},"properties":{"a":373,"v":-1261,"dh":3.38,"pl":2,"pn":"Solgård Avfallsplass","pd":"2025-02-11","c":19}},{"type":"Feature","geometry":{"type":"Polygon","coordinates":[[[10.70921,59.43739],[10.70955,59.43737],[10.7096,59.43732],[10.70916,59.43733],[10.70921,59.43739]]]},"properties":{"a":229,"v":-477,"dh":2.08,"pl":2,"pn":"Solgård Avfallsplass","pd":"2025-02-11","c":19}},{"type":"Feature","geometry":{"type":"Polygon","coordinates":[[[10.7107,59.43754],[10.71077,59.43745],[10.71064,59.43743],[10.71064,59.43739],[10.71031,59.43749],[10.71031,59.43753],[10.71063,59.43749],[10.7107,59.43754]]]},"properties":{"a":211,"v":-257,"dh":1.22,"pl":2,"pn":"Solgård Avfallsplass","pd":"2025-02-11","c":19}},{"type":"Feature","geometry":{"type":"Polygon","coordinates":[[[10.70998,59.43766],[10.7103,59.43763],[10.71033,59.43759],[10.71026,59.43759],[10.71026,59.43754],[10.71005,59.43755],[10.70995,59.43761],[10.70998,59.43766]]]},"properties":{"a":218,"v":-455,"dh":2.09,"pl":2,"pn":"Solgård Avfallsplass","pd":"2025-02-11","c":19}},{"type":"Feature","geometry":{"type":"Polygon","coordinates":[[[10.71073,59.43815],[10.71053,59.43797],[10.71019,59.43795],[10.71023,59.43803],[10.71028,59.43802],[10.71025,59.43809],[10.71073,59.43815]]]},"properties":{"a":389,"v":-885,"dh":2.28,"pl":2,"pn":"Solgård Avfallsplass","pd":"2025-02-11","c":19}},{"type":"Feature","geometry":{"type":"Polygon","coordinates":[[[10.70554,59.43871],[10.70556,59.43831],[10.70542,59.43803],[10.70533,59.43802],[10.70538,59.43825],[10.70543,59.43831],[10.70544,59.43838],[10.70538,59.4384],[10.70543,59.43852],[10.70539,59.43855],[10.70544,59.43856],[10.70547,59.4387],[10.70554,59.43871]]]},"properties":{"a":477,"v":571,"dh":1.2,"pl":1,"pn":"E6 GJENNOM MOSS","pd":"1998-03-26","c":42}},{"type":"Feature","geometry":{"type":"Polygon","coordinates":[[[10.71022,59.43858],[10.7107,59.43861],[10.71095,59.43857],[10.71022,59.43858]]]},"properties":{"a":102,"v":95,"dh":0.93,"pl":2,"pn":"Solgård Avfallsplass","pd":"2025-02-11","sh":1,"c":19}},{"type":"Feature","geometry":{"type":"MultiPolygon","coordinates":[[[[10.70982,59.43692],[10.70984,59.43689],[10.7098,59.43689],[10.70982,59.43692]]],[[[10.70928,59.43699],[10.70926,59.437],[10.70928,59.437],[10.70928,59.43699]]],[[[10.71187,59.43837],[10.7118,59.43844],[10.71154,59.43844],[10.7114,59.43851],[10.71142,59.43855],[10.71125,59.43858],[10.71125,59.4386],[10.71167,59.4385],[10.71183,59.43868],[10.71212,59.43877],[10.71209,59.43886],[10.71224,59.43896],[10.71222,59.43905],[10.71235,59.43908],[10.71237,59.43923],[10.71233,59.43933],[10.71236,59.43937],[10.71245,59.43937],[10.71246,59.43926],[10.71259,59.43925],[10.71266,59.43941],[10.71282,59.43937],[10.7129,59.43926],[10.71312,59.43939],[10.7131,59.43935],[10.71315,59.43927],[10.71333,59.43928],[10.71327,59.43916],[10.71345,59.43897],[10.7134,59.43897],[10.71342,59.43893],[10.71324,59.43896],[10.71308,59.43892],[10.71314,59.4387],[10.71339,59.43869],[10.71338,59.43865],[10.71347,59.43864],[10.71348,59.43852],[10.71357,59.43849],[10.7137,59.43828],[10.71387,59.43817],[10.71378,59.43812],[10.71375,59.43821],[10.71356,59.43828],[10.71356,59.43824],[10.7135,59.43823],[10.71344,59.43829],[10.71353,59.43831],[10.71348,59.43843],[10.71344,59.43843],[10.71341,59.43838],[10.71344,59.43834],[10.71339,59.43834],[10.71339,59.43838],[10.71325,59.43849],[10.71299,59.43855],[10.71187,59.43837]],[[10.71308,59.43892],[10.71306,59.43893],[10.71306,59.43892],[10.71308,59.43892]]],[[[10.70843,59.43692],[10.7086,59.43687],[10.70809,59.43682],[10.70795,59.43686],[10.70795,59.43693],[10.70781,59.43695],[10.70762,59.43722],[10.70766,59.43728],[10.70759,59.4373],[10.7076,59.43752],[10.70767,59.43758],[10.70767,59.43766],[10.70757,59.4377],[10.70758,59.43758],[10.70747,59.43754],[10.70711,59.4377],[10.70715,59.43783],[10.70705,59.43794],[10.70685,59.43803],[10.70673,59.43819],[10.70679,59.4383],[10.70681,59.43865],[10.70661,59.43966],[10.70631,59.44058],[10.70613,59.4409],[10.70602,59.44097],[10.70602,59.44115],[10.70614,59.44125],[10.70615,59.44145],[10.70593,59.44149],[10.7063,59.44156],[10.70639,59.44125],[10.70624,59.44096],[10.70623,59.44085],[10.70633,59.44075],[10.70647,59.44041],[10.70668,59.44037],[10.70678,59.44023],[10.70682,59.44023],[10.70682,59.44029],[10.70674,59.44044],[10.70674,59.44053],[10.70664,59.44054],[10.70655,59.44047],[10.70654,59.44063],[10.70657,59.44067],[10.70647,59.44071],[10.70652,59.44074],[10.70647,59.44078],[10.70662,59.44086],[10.70675,59.44104],[10.70684,59.44099],[10.70671,59.44088],[10.70672,59.44068],[10.7068,59.4406],[10.70678,59.44052],[10.70685,59.44051],[10.70692,59.44057],[10.70684,59.44068],[10.70685,59.44088],[10.70708,59.44096],[10.70712,59.4411],[10.70728,59.441],[10.70726,59.4409],[10.70731,59.44086],[10.7072,59.44078],[10.70724,59.44064],[10.70735,59.44062],[10.70741,59.44081],[10.7075,59.44081],[10.70748,59.44076],[10.70755,59.44076],[10.70752,59.44093],[10.70759,59.44095],[10.70773,59.4409],[10.70773,59.44095],[10.70779,59.44097],[10.70772,59.44102],[10.70776,59.44108],[10.70787,59.44114],[10.70804,59.44112],[10.70803,59.44116],[10.70808,59.44116],[10.70809,59.4411],[10.70815,59.4411],[10.70813,59.44114],[10.70822,59.44115],[10.70818,59.44111],[10.70834,59.44113],[10.70841,59.44111],[10.70813,59.44105],[10.70793,59.44107],[10.70784,59.44101],[10.70786,59.44093],[10.70779,59.44091],[10.70783,59.44067],[10.70792,59.4405],[10.70815,59.44043],[10.70833,59.44045],[10.70832,59.44059],[10.70805,59.4406],[10.70793,59.44067],[10.7079,59.44083],[10.70799,59.44084],[10.70804,59.44079],[10.70804,59.44063],[10.7081,59.44061],[10.70825,59.44068],[10.70847,59.44059],[10.70867,59.4406],[10.70851,59.44057],[10.70854,59.44053],[10.70841,59.44041],[10.70853,59.44034],[10.70878,59.44036],[10.70878,59.44034],[10.70834,59.44031],[10.7085,59.44013],[10.70875,59.44012],[10.70874,59.44027],[10.70901,59.44033],[10.70913,59.44029],[10.70926,59.44012],[10.70935,59.44011],[10.70936,59.44005],[10.7095,59.43997],[10.7095,59.4399],[10.70943,59.43987],[10.70946,59.43975],[10.70905,59.43978],[10.70873,59.43963],[10.70872,59.43946],[10.70877,59.43944],[10.70872,59.43926],[10.70867,59.43925],[10.70859,59.43932],[10.70854,59.43919],[10.70863,59.43911],[10.70895,59.43912],[10.709,59.43905],[10.70894,59.439],[10.7088,59.439],[10.70862,59.43892],[10.70858,59.43886],[10.70867,59.43885],[10.70878,59.4389],[10.70876,59.43894],[10.70903,59.439],[10.70907,59.43883],[10.70881,59.43883],[10.7087,59.43872],[10.70871,59.43865],[10.70883,59.43861],[10.70873,59.43857],[10.70881,59.43848],[10.70875,59.43841],[10.70875,59.4383],[10.70882,59.43829],[10.70882,59.43825],[10.70828,59.43821],[10.70878,59.43818],[10.70844,59.43813],[10.70943,59.43813],[10.71182,59.43838],[10.71182,59.43833],[10.71192,59.43827],[10.71155,59.43822],[10.71176,59.43818],[10.71182,59.43811],[10.71205,59.43802],[10.71205,59.43798],[10.71213,59.43795],[10.71232,59.43777],[10.71226,59.4377],[10.71228,59.43765],[10.71203,59.4374],[10.71182,59.43737],[10.71187,59.43732],[10.71175,59.43738],[10.71182,59.43742],[10.71163,59.4375],[10.71112,59.43752],[10.711,59.43746],[10.71094,59.43739],[10.71095,59.4373],[10.71136,59.43723],[10.7113,59.4372],[10.71132,59.43715],[10.71155,59.43715],[10.71156,59.43709],[10.71143,59.43703],[10.71129,59.43704],[10.71132,59.43689],[10.71114,59.43682],[10.71123,59.43676],[10.71122,59.43669],[10.71113,59.43662],[10.71113,59.43657],[10.711,59.43653],[10.71105,59.43648],[10.71085,59.43638],[10.71066,59.43639],[10.71056,59.43658],[10.71032,59.43663],[10.70991,59.43686],[10.70983,59.43696],[10.70983,59.43706],[10.70992,59.43711],[10.70973,59.43724],[10.70962,59.43716],[10.70956,59.43699],[10.70947,59.43697],[10.70954,59.43692],[10.7094,59.43694],[10.7094,59.43699],[10.70916,59.43703],[10.70935,59.43694],[10.70895,59.437],[10.70873,59.43697],[10.70886,59.43695],[10.70871,59.4369],[10.70864,59.43694],[10.70843,59.43692]],[[10.70654,59.4407],[10.70661,59.44072],[10.70654,59.44072],[10.70654,59.4407]],[[10.70916,59.43703],[10.70912,59.43704],[10.70912,59.43703],[10.70916,59.43703]],[[10.70898,59.437],[10.70902,59.43701],[10.70898,59.43701],[10.70898,59.437]],[[10.70843,59.43691],[10.70838,59.4369],[10.70843,59.4369],[10.70843,59.43691]],[[10.70904,59.44024],[10.70891,59.44022],[10.709,59.44016],[10.70904,59.44024]],[[10.70673,59.43962],[10.70677,59.43962],[10.70675,59.4397],[10.70672,59.4397],[10.70673,59.43962]],[[10.71077,59.43816],[10.71008,59.43809],[10.7102,59.43803],[10.71019,59.43798],[10.71011,59.43797],[10.71012,59.43793],[10.7106,59.43795],[10.71065,59.438],[10.71062,59.43805],[10.71069,59.43807],[10.71077,59.43816]],[[10.70807,59.43814],[10.70812,59.43812],[10.70814,59.43814],[10.70807,59.43814]],[[10.70888,59.43807],[10.70896,59.43805],[10.70896,59.43807],[10.70888,59.43807]],[[10.70774,59.438],[10.70765,59.43796],[10.70774,59.43795],[10.70774,59.438]],[[10.71067,59.43794],[10.71072,59.4379],[10.71072,59.43793],[10.71067,59.43794]],[[10.7082,59.43793],[10.7079,59.43784],[10.70789,59.4378],[10.70802,59.43779],[10.70818,59.43787],[10.7082,59.43793]],[[10.70765,59.43786],[10.70774,59.43785],[10.70774,59.43789],[10.70767,59.4379],[10.70765,59.43786]],[[10.7108,59.43769],[10.71067,59.43762],[10.71081,59.43762],[10.7108,59.43769]],[[10.71014,59.43768],[10.7099,59.43765],[10.70989,59.43761],[10.71001,59.43754],[10.71024,59.43753],[10.71029,59.43746],[10.71059,59.43737],[10.71078,59.43737],[10.71084,59.43744],[10.71084,59.43749],[10.71074,59.43756],[10.71031,59.43755],[10.7103,59.43758],[10.71039,59.43761],[10.71014,59.43768]],[[10.70933,59.43754],[10.70927,59.43748],[10.70959,59.43749],[10.70954,59.43754],[10.70933,59.43754]],[[10.7095,59.43741],[10.70912,59.43738],[10.70912,59.43732],[10.70956,59.43728],[10.70967,59.43733],[10.7095,59.43741]],[[10.70856,59.43739],[10.70854,59.4374],[10.70854,59.43739],[10.70856,59.43739]],[[10.71023,59.43726],[10.70989,59.43724],[10.70994,59.43715],[10.71026,59.4372],[10.71023,59.43726]],[[10.70874,59.43712],[10.70871,59.43713],[10.70871,59.43712],[10.70874,59.43712]],[[10.7086,59.43711],[10.70807,59.43705],[10.70807,59.43703],[10.7086,59.43711]],[[10.70784,59.43701],[10.70792,59.43701],[10.70796,59.43702],[10.70792,59.43703],[10.70784,59.43701]],[[10.7102,59.43697],[10.71023,59.43694],[10.71025,59.43698],[10.7102,59.43697]],[[10.70799,59.43689],[10.70801,59.43688],[10.70801,59.43689],[10.70799,59.43689]],[[10.70801,59.43688],[10.70802,59.43687],[10.70802,59.43688],[10.70801,59.43688]],[[10.70802,59.43687],[10.70804,59.43686],[10.70804,59.43687],[10.70802,59.43687]]]]},"properties":{"a":79393,"v":492244,"dh":6.2,"pl":2,"pn":"Solgård Avfallsplass","pd":"2025-02-11","c":19}},{"type":"Feature","geometry":{"type":"Polygon","coordinates":[[[10.70548,59.43919],[10.70554,59.43907],[10.70545,59.43895],[10.70542,59.4392],[10.70548,59.43919]]]},"properties":{"a":109,"v":102,"dh":0.93,"pl":1,"pn":"E6 GJENNOM MOSS","pd":"1998-03-26","sh":1,"c":42}},{"type":"Feature","geometry":{"type":"MultiPolygon","coordinates":[[[[10.71411,59.43829],[10.71412,59.43826],[10.71409,59.43826],[10.71411,59.43829]]],[[[10.71418,59.4383],[10.71418,59.43839],[10.71393,59.4383],[10.71381,59.43837],[10.71415,59.43842],[10.71417,59.43848],[10.71422,59.43842],[10.71421,59.43829],[10.71418,59.4383]]]]},"properties":{"a":183,"v":220,"dh":1.2,"pl":2,"pn":"Solgård Avfallsplass","pd":"2025-02-11","fo":1,"c":19}},{"type":"Feature","geometry":{"type":"Polygon","coordinates":[[[10.71065,59.43853],[10.71117,59.43853],[10.71136,59.43845],[10.71119,59.43845],[10.71115,59.43842],[10.7112,59.43841],[10.71111,59.43839],[10.7106,59.43836],[10.71096,59.43842],[10.71085,59.43848],[10.71063,59.43848],[10.71065,59.43853]],[[10.71099,59.43844],[10.71106,59.43843],[10.71106,59.43844],[10.71099,59.43844]],[[10.71108,59.43844],[10.71112,59.43843],[10.71112,59.43844],[10.71108,59.43844]]]},"properties":{"a":430,"v":458,"dh":1.07,"pl":2,"pn":"Solgård Avfallsplass","pd":"2025-02-11","c":19}},{"type":"Feature","geometry":{"type":"Polygon","coordinates":[[[10.7153,59.43853],[10.7154,59.43846],[10.71542,59.43836],[10.71534,59.43836],[10.71531,59.43844],[10.71524,59.43845],[10.71523,59.43848],[10.7153,59.43853]]]},"properties":{"a":108,"v":-86,"dh":0.8,"pl":2,"pn":"Solgård Avfallsplass","pd":"2025-02-11","sh":1,"c":19}},{"type":"Feature","geometry":{"type":"Polygon","coordinates":[[[10.71695,59.43871],[10.71694,59.43859],[10.71708,59.43845],[10.71692,59.43848],[10.71691,59.43855],[10.7168,59.43862],[10.71695,59.43871]]]},"properties":{"a":158,"v":140,"dh":0.88,"pl":1,"pn":"Detaljregulering for ny vannledning Årvoll til Vestby grense","pd":"2019-05-21","sh":1,"c":43}},{"type":"Feature","geometry":{"type":"Polygon","coordinates":[[[10.71503,59.4387],[10.71502,59.43863],[10.71515,59.43865],[10.71509,59.43854],[10.71495,59.43863],[10.71476,59.43862],[10.71478,59.43867],[10.71503,59.4387]]]},"properties":{"a":147,"v":152,"dh":1.03,"pl":2,"pn":"Solgård Avfallsplass","pd":"2025-02-11","c":19}},{"type":"Feature","geometry":{"type":"Polygon","coordinates":[[[10.71358,59.43893],[10.71388,59.43875],[10.71406,59.43874],[10.71425,59.43862],[10.71428,59.43853],[10.71439,59.43857],[10.71413,59.4387],[10.7141,59.43875],[10.71415,59.43877],[10.71405,59.43881],[10.71415,59.43881],[10.71439,59.43861],[10.71474,59.43863],[10.7146,59.43857],[10.71475,59.4385],[10.71465,59.43848],[10.71459,59.43842],[10.71442,59.43852],[10.71433,59.43851],[10.71431,59.43844],[10.7142,59.43846],[10.71397,59.43867],[10.71378,59.43873],[10.71378,59.43877],[10.71361,59.43887],[10.71343,59.43892],[10.71358,59.43893]]]},"properties":{"a":894,"v":874,"dh":0.98,"pl":2,"pn":"Solgård Avfallsplass","pd":"2025-02-11","c":19}},{"type":"Feature","geometry":{"type":"Polygon","coordinates":[[[10.7168,59.43892],[10.7168,59.43882],[10.71695,59.43873],[10.71677,59.43868],[10.71664,59.43882],[10.71674,59.43877],[10.71671,59.43885],[10.7168,59.43892]],[[10.71674,59.43883],[10.71678,59.43881],[10.71678,59.43883],[10.71674,59.43883]],[[10.71683,59.43876],[10.71685,59.43874],[10.71685,59.43876],[10.71683,59.43876]]]},"properties":{"a":171,"v":138,"dh":0.81,"pl":1,"pn":"Detaljregulering for ny vannledning Årvoll til Vestby grense","pd":"2019-05-21","sh":1,"c":43}},{"type":"Feature","geometry":{"type":"Polygon","coordinates":[[[10.71553,59.43846],[10.71546,59.43849],[10.71544,59.43855],[10.71523,59.4386],[10.71522,59.43867],[10.71538,59.43873],[10.71515,59.43871],[10.71522,59.43876],[10.71509,59.43894],[10.71512,59.43909],[10.71496,59.43921],[10.71418,59.43903],[10.71417,59.43914],[10.7144,59.43911],[10.7145,59.43917],[10.71449,59.43927],[10.71437,59.43934],[10.7143,59.43935],[10.71425,59.4393],[10.71423,59.43933],[10.71432,59.43943],[10.71486,59.43958],[10.71522,59.43964],[10.71537,59.43959],[10.71549,59.43942],[10.7154,59.43941],[10.71535,59.43951],[10.71528,59.43953],[10.71529,59.4394],[10.71567,59.43918],[10.71573,59.43899],[10.71578,59.43897],[10.71574,59.43887],[10.71565,59.43885],[10.71568,59.43879],[10.71549,59.43875],[10.71566,59.43874],[10.71562,59.43862],[10.71567,59.43852],[10.71586,59.43841],[10.71591,59.43831],[10.71563,59.43815],[10.71549,59.43818],[10.71524,59.43806],[10.71499,59.43823],[10.71499,59.43827],[10.7152,59.43826],[10.71525,59.43829],[10.71541,59.43822],[10.71548,59.4383],[10.71546,59.43846],[10.71553,59.43846]],[[10.71553,59.43849],[10.71555,59.4385],[10.71553,59.4385],[10.71553,59.43849]],[[10.71446,59.43941],[10.71448,59.4394],[10.71448,59.43941],[10.71446,59.43941]],[[10.71452,59.43938],[10.71453,59.43936],[10.71453,59.43938],[10.71452,59.43938]],[[10.71555,59.43884],[10.71556,59.43882],[10.71556,59.43884],[10.71555,59.43884]],[[10.71549,59.43852],[10.71555,59.43851],[10.71555,59.43852],[10.71549,59.43852]],[[10.71528,59.4382],[10.7153,59.43819],[10.7153,59.4382],[10.71528,59.4382]]]},"properties":{"a":5996,"v":9934,"dh":1.66,"pl":2,"pn":"Solgård Avfallsplass","pd":"2025-02-11","c":19}},{"type":"Feature","geometry":{"type":"Polygon","coordinates":[[[10.7109,59.43947],[10.71164,59.43931],[10.71136,59.43932],[10.71172,59.4392],[10.7117,59.43915],[10.71151,59.43923],[10.71137,59.43921],[10.71133,59.43911],[10.71141,59.43904],[10.71139,59.43901],[10.71173,59.43903],[10.71177,59.4391],[10.71182,59.43907],[10.71181,59.43898],[10.71202,59.43891],[10.71191,59.43884],[10.71167,59.43884],[10.71141,59.439],[10.71099,59.43904],[10.71057,59.43916],[10.71059,59.43924],[10.71054,59.43929],[10.71065,59.4394],[10.71076,59.43947],[10.7109,59.43947]],[[10.71166,59.43901],[10.71167,59.43901],[10.71168,59.43901],[10.71166,59.43901]]]},"properties":{"a":2485,"v":4371,"dh":1.76,"pl":2,"pn":"Solgård Avfallsplass","pd":"2025-02-11","c":19}},{"type":"Feature","geometry":{"type":"Polygon","coordinates":[[[10.71534,59.44002],[10.71561,59.43984],[10.71572,59.43982],[10.71575,59.43975],[10.71586,59.43978],[10.71582,59.43975],[10.71585,59.4397],[10.7158,59.43967],[10.71591,59.4397],[10.71598,59.43966],[10.71613,59.43953],[10.71616,59.43945],[10.7163,59.43945],[10.7163,59.4394],[10.71614,59.43936],[10.71627,59.43927],[10.7165,59.43924],[10.71655,59.43911],[10.71641,59.43911],[10.7164,59.43904],[10.71631,59.43899],[10.71637,59.43905],[10.71621,59.43912],[10.71623,59.43916],[10.71616,59.43917],[10.71613,59.43928],[10.71603,59.43931],[10.71605,59.43941],[10.71593,59.43943],[10.71579,59.43956],[10.71578,59.43964],[10.71557,59.4397],[10.71556,59.43978],[10.71537,59.43992],[10.71539,59.43997],[10.7153,59.43999],[10.71534,59.44002]],[[10.716,59.43954],[10.716,59.43951],[10.71609,59.4395],[10.716,59.43954]]]},"properties":{"a":1345,"v":1647,"dh":1.22,"pl":1,"pn":"Detaljregulering for ny vannledning Årvoll til Vestby grense","pd":"2019-05-21","fo":1,"c":41}},{"type":"Feature","geometry":{"type":"Polygon","coordinates":[[[10.70961,59.43994],[10.7096,59.43989],[10.70971,59.43982],[10.70965,59.43977],[10.70966,59.43966],[10.70961,59.43963],[10.70962,59.4395],[10.70979,59.43943],[10.70942,59.43944],[10.70948,59.43928],[10.70943,59.43922],[10.70955,59.43921],[10.70962,59.43914],[10.70973,59.43917],[10.70983,59.43914],[10.70987,59.43921],[10.70997,59.43918],[10.71007,59.43909],[10.71007,59.43901],[10.71014,59.43899],[10.7101,59.43895],[10.71035,59.4389],[10.71033,59.43886],[10.71038,59.43886],[10.71039,59.43879],[10.71048,59.43873],[10.71006,59.43872],[10.70969,59.4388],[10.70983,59.43874],[10.70975,59.43865],[10.70927,59.43859],[10.70971,59.43853],[10.71006,59.43852],[10.71003,59.43855],[10.71006,59.43856],[10.71028,59.43853],[10.7102,59.43848],[10.71025,59.43839],[10.71013,59.43844],[10.70993,59.43841],[10.7099,59.43845],[10.7099,59.4384],[10.70979,59.43837],[10.70924,59.43834],[10.70891,59.43838],[10.70884,59.43847],[10.70888,59.43854],[10.70883,59.43858],[10.70897,59.4386],[10.70885,59.43863],[10.70892,59.43866],[10.70884,59.43867],[10.70884,59.43872],[10.70914,59.43881],[10.70958,59.43883],[10.7095,59.4389],[10.70922,59.43894],[10.70929,59.43896],[10.70926,59.43902],[10.7093,59.43909],[10.70928,59.43913],[10.70916,59.43913],[10.70916,59.43917],[10.70936,59.43924],[10.70915,59.43925],[10.70908,59.43922],[10.70907,59.43917],[10.70882,59.43914],[10.70879,59.43923],[10.70883,59.43926],[10.70878,59.43927],[10.7088,59.4394],[10.709,59.43941],[10.70902,59.4395],[10.7089,59.43955],[10.70894,59.43959],[10.70902,59.43957],[10.70907,59.4395],[10.70925,59.43952],[10.70925,59.43961],[10.70933,59.43963],[10.70926,59.43968],[10.7094,59.43966],[10.70938,59.43961],[10.70948,59.43962],[10.70949,59.43984],[10.70958,59.43986],[10.70957,59.43994],[10.70961,59.43994]],[[10.70905,59.43942],[10.7091,59.43942],[10.7091,59.43944],[10.70905,59.43945],[10.70905,59.43942]],[[10.70933,59.43938],[10.70935,59.43937],[10.70935,59.43938],[10.70933,59.43938]],[[10.70938,59.43933],[10.70942,59.43931],[10.70942,59.43933],[10.70938,59.43933]],[[10.7094,59.43902],[10.70942,59.439],[10.70942,59.43902],[10.7094,59.43902]],[[10.70942,59.43898],[10.70938,59.43894],[10.70955,59.43893],[10.70952,59.43898],[10.70942,59.43898]],[[10.70928,59.43868],[10.70936,59.43864],[10.7094,59.43868],[10.70928,59.43868]],[[10.70901,59.43865],[10.70903,59.43865],[10.70903,59.43865],[10.70901,59.43865]],[[10.70914,59.43865],[10.70917,59.43864],[10.70917,59.43865],[10.70914,59.43865]],[[10.70945,59.43865],[10.70949,59.43864],[10.70949,59.43865],[10.70945,59.43865]],[[10.709,59.43838],[10.70901,59.43837],[10.70902,59.43838],[10.709,59.43838]],[[10.70935,59.43837],[10.70937,59.43836],[10.70937,59.43837],[10.70935,59.43837]]]},"properties":{"a":6698,"v":-7667,"dh":1.14,"pl":2,"pn":"Solgård Avfallsplass","pd":"2025-02-11","c":19}},{"type":"Feature","geometry":{"type":"Polygon","coordinates":[[[10.71026,59.43928],[10.71049,59.43925],[10.71054,59.43922],[10.71054,59.43916],[10.71017,59.43924],[10.71026,59.43928]]]},"properties":{"a":140,"v":-190,"dh":1.36,"pl":2,"pn":"Solgård Avfallsplass","pd":"2025-02-11","c":19}},{"type":"Feature","geometry":{"type":"Polygon","coordinates":[[[10.70381,59.43939],[10.70384,59.43925],[10.70368,59.43924],[10.70367,59.43938],[10.70381,59.43939]]]},"properties":{"a":137,"v":-125,"dh":0.91,"pl":1,"pn":"Solgaard Skog. Eksisterende og nytt industriområde","pd":"1985-04-30","sh":1,"c":39}},{"type":"Feature","geometry":{"type":"Polygon","coordinates":[[[10.70975,59.43939],[10.70982,59.43934],[10.7098,59.43924],[10.70964,59.43923],[10.70961,59.43931],[10.70966,59.43933],[10.70965,59.43939],[10.70975,59.43939]]]},"properties":{"a":183,"v":236,"dh":1.29,"pl":2,"pn":"Solgård Avfallsplass","pd":"2025-02-11","c":19}},{"type":"Feature","geometry":{"type":"Polygon","coordinates":[[[10.71005,59.43938],[10.7103,59.43937],[10.71033,59.43931],[10.71015,59.43927],[10.70998,59.4393],[10.71005,59.43938]]]},"properties":{"a":159,"v":209,"dh":1.31,"pl":2,"pn":"Solgård Avfallsplass","pd":"2025-02-11","c":19}},{"type":"Feature","geometry":{"type":"Polygon","coordinates":[[[10.71014,59.43975],[10.7105,59.43978],[10.71051,59.43971],[10.71035,59.4397],[10.71014,59.43975]]]},"properties":{"a":168,"v":-284,"dh":1.69,"pl":2,"pn":"Solgård Avfallsplass","pd":"2025-02-11","c":19}},{"type":"Feature","geometry":{"type":"MultiPolygon","coordinates":[[[[10.70958,59.44017],[10.70984,59.44005],[10.70988,59.44016],[10.71005,59.44008],[10.71001,59.43987],[10.70995,59.43983],[10.71,59.43973],[10.71012,59.43967],[10.71006,59.43948],[10.70985,59.43947],[10.70966,59.43957],[10.70976,59.43977],[10.70976,59.43995],[10.70972,59.44006],[10.70958,59.44017]]],[[[10.70964,59.4402],[10.70957,59.44026],[10.70952,59.44028],[10.70962,59.44027],[10.70964,59.4402]]]]},"properties":{"a":1381,"v":2237,"dh":1.62,"pl":2,"pn":"Solgård Avfallsplass","pd":"2025-02-11","c":19}},{"type":"Feature","geometry":{"type":"Polygon","coordinates":[[[10.70869,59.44028],[10.70868,59.44015],[10.70852,59.44015],[10.70846,59.44022],[10.70848,59.44026],[10.70869,59.44028]]]},"properties":{"a":171,"v":-316,"dh":1.85,"pl":2,"pn":"Solgård Avfallsplass","pd":"2025-02-11","c":19}},{"type":"Feature","geometry":{"type":"MultiPolygon","coordinates":[[[[10.70954,59.4401],[10.70956,59.44009],[10.70954,59.44009],[10.70954,59.4401]]],[[[10.70958,59.44008],[10.7095,59.44002],[10.70942,59.44014],[10.70917,59.44031],[10.70927,59.44026],[10.70943,59.44029],[10.70945,59.44039],[10.70942,59.44043],[10.7095,59.44037],[10.70959,59.44041],[10.70973,59.44033],[10.7097,59.44033],[10.70975,59.44031],[10.70973,59.44027],[10.70964,59.44032],[10.70948,59.44032],[10.70945,59.44027],[10.7095,59.44026],[10.70944,59.44025],[10.70944,59.44013],[10.70949,59.44009],[10.70958,59.44008]]]]},"properties":{"a":340,"v":-301,"dh":0.89,"pl":2,"pn":"Solgård Avfallsplass","pd":"2025-02-11","sh":1,"c":19}},{"type":"Feature","geometry":{"type":"Polygon","coordinates":[[[10.71021,59.44031],[10.71029,59.44018],[10.71007,59.44014],[10.71001,59.44021],[10.71005,59.44028],[10.71021,59.44031]]]},"properties":{"a":213,"v":470,"dh":2.21,"pl":2,"pn":"Solgård Avfallsplass","pd":"2025-02-11","c":19}},{"type":"Feature","geometry":{"type":"Polygon","coordinates":[[[10.69583,59.43888],[10.69608,59.4388],[10.69609,59.43872],[10.69602,59.43865],[10.69574,59.4387],[10.69571,59.4388],[10.69583,59.43888]]]},"properties":{"a":362,"v":-506,"dh":1.4,"pl":1,"pn":"THORBJØRNSRØD DEL AV GNR 38/1 - BEGRENSET AV THORBJØRNSRØDVN,VÅLE","pd":"1984-12-20","c":322}},{"type":"Feature","geometry":{"type":"Polygon","coordinates":[[[10.69876,59.43896],[10.69881,59.43892],[10.69876,59.4389],[10.69883,59.43882],[10.69881,59.43876],[10.69898,59.43877],[10.6988,59.43871],[10.69855,59.43882],[10.69861,59.43874],[10.69849,59.43869],[10.69828,59.43871],[10.69817,59.4388],[10.69823,59.4389],[10.69876,59.43896]]]},"properties":{"a":788,"v":1063,"dh":1.35,"pl":1,"pn":"Solgaard Skog. Eksisterende og nytt industriområde","pd":"1985-04-30","c":45}},{"type":"Feature","geometry":{"type":"Polygon","coordinates":[[[10.69788,59.43902],[10.698,59.4389],[10.69795,59.43884],[10.69763,59.43887],[10.69756,59.43891],[10.69788,59.43902]]]},"properties":{"a":283,"v":340,"dh":1.2,"pl":1,"pn":"Solgaard Skog. Eksisterende og nytt industriområde","pd":"1985-04-30","c":45}},{"type":"Feature","geometry":{"type":"Polygon","coordinates":[[[10.69597,59.44029],[10.69597,59.44023],[10.69646,59.44024],[10.6967,59.44004],[10.69669,59.43988],[10.69685,59.43993],[10.69678,59.43988],[10.69685,59.43981],[10.69684,59.43969],[10.69665,59.43962],[10.69686,59.43959],[10.6969,59.43946],[10.69681,59.43947],[10.69674,59.43942],[10.69638,59.43961],[10.69617,59.43963],[10.69619,59.43968],[10.6961,59.43974],[10.69618,59.43976],[10.69613,59.43994],[10.69584,59.44001],[10.69586,59.44015],[10.69593,59.44019],[10.6959,59.4403],[10.69597,59.44029]]]},"properties":{"a":3056,"v":-6033,"dh":1.97,"pl":1,"pn":"Solgaard Skog. Eksisterende og nytt industriområde","pd":"1985-04-30","c":45}},{"type":"Feature","geometry":{"type":"Polygon","coordinates":[[[10.69744,59.4404],[10.69755,59.44036],[10.69751,59.4403],[10.69723,59.44034],[10.69744,59.4404]]]},"properties":{"a":137,"v":-107,"dh":0.78,"pl":1,"pn":"Solgaard Skog. Eksisterende og nytt industriområde","pd":"1985-04-30","sh":1,"c":45}},{"type":"Feature","geometry":{"type":"Polygon","coordinates":[[[10.6963,59.44115],[10.69631,59.44109],[10.69622,59.44098],[10.69609,59.44095],[10.69619,59.44109],[10.6963,59.44115]]]},"properties":{"a":120,"v":187,"dh":1.56,"pl":1,"pn":"Solgaard Skog. Eksisterende og nytt industriområde","pd":"1985-04-30","c":45}},{"type":"Feature","geometry":{"type":"Polygon","coordinates":[[[10.70072,59.44111],[10.70097,59.44106],[10.70112,59.441],[10.70079,59.44102],[10.70072,59.44111]]]},"properties":{"a":131,"v":155,"dh":1.18,"pl":1,"pn":"Solgaard Skog. Eksisterende og nytt industriområde","pd":"1985-04-30","fo":1,"c":44}},{"type":"Feature","geometry":{"type":"Polygon","coordinates":[[[10.69777,59.44169],[10.69761,59.44162],[10.69757,59.44153],[10.69743,59.44151],[10.69744,59.44145],[10.69737,59.44142],[10.69738,59.44133],[10.69733,59.44124],[10.69739,59.44118],[10.69737,59.44097],[10.69696,59.44097],[10.69693,59.441],[10.69705,59.44101],[10.69707,59.44106],[10.697,59.44106],[10.69702,59.44102],[10.69688,59.44105],[10.69722,59.44152],[10.69747,59.44158],[10.69763,59.44169],[10.69777,59.44169]]]},"properties":{"a":1404,"v":1627,"dh":1.16,"pl":1,"pn":"Solgaard Skog. Eksisterende og nytt industriområde","pd":"1985-04-30","fo":1,"c":45}},{"type":"Feature","geometry":{"type":"Polygon","coordinates":[[[10.70208,59.44148],[10.7021,59.44143],[10.70199,59.44134],[10.70188,59.4414],[10.70192,59.44145],[10.70208,59.44148]]]},"properties":{"a":116,"v":112,"dh":0.97,"pl":1,"pn":"Solgaard Skog. Eksisterende og nytt industriområde","pd":"1985-04-30","sh":1,"c":45}},{"type":"Feature","geometry":{"type":"Polygon","coordinates":[[[10.69677,59.44176],[10.6968,59.44169],[10.69673,59.44162],[10.69664,59.44164],[10.69665,59.44173],[10.69677,59.44176]]]},"properties":{"a":114,"v":108,"dh":0.95,"pl":1,"pn":"Solgaard Skog. Eksisterende og nytt industriområde","pd":"1985-04-30","sh":1,"c":45}},{"type":"Feature","geometry":{"type":"Polygon","coordinates":[[[10.70328,59.44101],[10.70336,59.441],[10.70334,59.44095],[10.70343,59.44093],[10.70339,59.44085],[10.70346,59.44083],[10.70346,59.44075],[10.70356,59.44069],[10.70354,59.44065],[10.70359,59.44059],[10.70368,59.44057],[10.7036,59.44046],[10.70325,59.44044],[10.70329,59.44066],[10.70327,59.44082],[10.7033,59.44088],[10.70328,59.44101]]]},"properties":{"a":832,"v":690,"dh":0.83,"pl":1,"pn":"Solgaard Skog. Eksisterende og nytt industriområde","pd":"1985-04-30","c":45}},{"type":"Feature","geometry":{"type":"Polygon","coordinates":[[[10.70807,59.44092],[10.70815,59.44088],[10.70842,59.44086],[10.70849,59.4408],[10.70851,59.44067],[10.70834,59.44065],[10.70821,59.44069],[10.70811,59.44068],[10.70814,59.44063],[10.70805,59.44064],[10.70805,59.44083],[10.70792,59.44088],[10.70807,59.44092]]]},"properties":{"a":638,"v":-1704,"dh":2.67,"pl":2,"pn":"Solgård Avfallsplass","pd":"2025-02-11","c":19}},{"type":"Feature","geometry":{"type":"Polygon","coordinates":[[[10.70937,59.44093],[10.70957,59.44094],[10.70953,59.44088],[10.70963,59.44086],[10.70963,59.4408],[10.7094,59.44074],[10.70933,59.44081],[10.70921,59.44083],[10.70937,59.44093]]]},"properties":{"a":350,"v":720,"dh":2.06,"pl":2,"pn":"Solgård Avfallsplass","pd":"2025-02-11","c":19}},{"type":"Feature","geometry":{"type":"Polygon","coordinates":[[[10.70864,59.441],[10.70869,59.44097],[10.70873,59.44077],[10.70852,59.44081],[10.70851,59.44089],[10.70862,59.44093],[10.70851,59.44098],[10.70864,59.441]]]},"properties":{"a":223,"v":-371,"dh":1.66,"pl":2,"pn":"Solgård Avfallsplass","pd":"2025-02-11","c":19}},{"type":"Feature","geometry":{"type":"Polygon","coordinates":[[[10.7045,59.44149],[10.70456,59.44134],[10.70465,59.44128],[10.70469,59.44114],[10.70467,59.44101],[10.70482,59.44085],[10.70496,59.44077],[10.70493,59.44069],[10.70499,59.44066],[10.70498,59.44057],[10.70505,59.44052],[10.70505,59.44044],[10.70482,59.44044],[10.70476,59.44046],[10.70478,59.4405],[10.70469,59.44047],[10.70477,59.44057],[10.70452,59.44053],[10.70442,59.44058],[10.70444,59.44065],[10.70435,59.44068],[10.70437,59.44072],[10.70427,59.44078],[10.70422,59.44094],[10.70409,59.44105],[10.70382,59.441],[10.70381,59.44103],[10.70388,59.44107],[10.70321,59.44108],[10.7045,59.44149]],[[10.70491,59.44058],[10.70487,59.44051],[10.70494,59.4405],[10.70491,59.44058]]]},"properties":{"a":4244,"v":4373,"dh":1.03,"pl":1,"pn":"Solgaard Skog. Eksisterende og nytt industriområde","pd":"1985-04-30","c":45}},{"type":"Feature","geometry":{"type":"Polygon","coordinates":[[[10.70694,59.44125],[10.7072,59.44123],[10.70709,59.44119],[10.70711,59.44114],[10.70702,59.44111],[10.70708,59.44101],[10.70693,59.44099],[10.7068,59.44087],[10.7068,59.44095],[10.70691,59.44099],[10.70682,59.44108],[10.70691,59.44113],[10.70694,59.44125]]]},"properties":{"a":392,"v":-606,"dh":1.55,"pl":2,"pn":"Solgård Avfallsplass","pd":"2025-02-11","c":19}},{"type":"Feature","geometry":{"type":"Polygon","coordinates":[[[10.71082,59.44127],[10.71087,59.4412],[10.71079,59.44111],[10.7102,59.44098],[10.70985,59.44095],[10.70976,59.44098],[10.70978,59.44104],[10.70973,59.44106],[10.71007,59.44119],[10.71082,59.44127]]]},"properties":{"a":1196,"v":3556,"dh":2.97,"pl":2,"pn":"Solgård Avfallsplass","pd":"2025-02-11","c":19}},{"type":"Feature","geometry":{"type":"Polygon","coordinates":[[[10.70997,59.44129],[10.70995,59.44124],[10.70947,59.44115],[10.70949,59.44121],[10.70958,59.44124],[10.70997,59.44129]]]},"properties":{"a":216,"v":-456,"dh":2.11,"pl":2,"pn":"Solgård Avfallsplass","pd":"2025-02-11","c":19}},{"type":"Feature","geometry":{"type":"Polygon","coordinates":[[[10.70653,59.44158],[10.70655,59.44169],[10.70671,59.44171],[10.70681,59.44159],[10.7069,59.44157],[10.70672,59.4415],[10.70683,59.44146],[10.70672,59.44147],[10.70666,59.44142],[10.70671,59.44136],[10.70664,59.44124],[10.70671,59.44121],[10.70685,59.44126],[10.70697,59.44144],[10.70706,59.44148],[10.70704,59.44153],[10.70693,59.44153],[10.70701,59.44161],[10.70743,59.44164],[10.70743,59.44159],[10.70752,59.44155],[10.70764,59.44154],[10.70762,59.4415],[10.70782,59.44151],[10.70783,59.44147],[10.70714,59.44141],[10.70712,59.44129],[10.70715,59.44126],[10.7069,59.44127],[10.70688,59.44114],[10.70654,59.44104],[10.70642,59.44111],[10.70648,59.44124],[10.70645,59.44131],[10.70649,59.44137],[10.70656,59.44138],[10.70649,59.4414],[10.70644,59.44152],[10.70653,59.44158]],[[10.70681,59.44115],[10.70679,59.44119],[10.70677,59.44115],[10.70681,59.44115]],[[10.70655,59.44158],[10.7066,59.44159],[10.70655,59.44161],[10.70655,59.44158]],[[10.70752,59.44151],[10.70739,59.4415],[10.70737,59.44147],[10.70751,59.44148],[10.70752,59.44151]],[[10.70725,59.44148],[10.70721,59.44145],[10.70728,59.44148],[10.70725,59.44148]],[[10.70713,59.44146],[10.70714,59.44145],[10.70714,59.44146],[10.70713,59.44146]],[[10.7065,59.44127],[10.70651,59.44125],[10.70652,59.44126],[10.7065,59.44127]]]},"properties":{"a":2080,"v":3045,"dh":1.46,"pl":2,"pn":"Solgård Avfallsplass","pd":"2025-02-11","c":19}},{"type":"Feature","geometry":{"type":"Polygon","coordinates":[[[10.71023,59.44145],[10.70989,59.4413],[10.70962,59.44128],[10.71003,59.44143],[10.71023,59.44145]]]},"properties":{"a":198,"v":325,"dh":1.64,"pl":2,"pn":"Solgård Avfallsplass","pd":"2025-02-11","c":19}},{"type":"Feature","geometry":{"type":"Polygon","coordinates":[[[10.70753,59.44143],[10.70765,59.4414],[10.7076,59.44137],[10.70716,59.44137],[10.70753,59.44143]]]},"properties":{"a":142,"v":-227,"dh":1.6,"pl":2,"pn":"Solgård Avfallsplass","pd":"2025-02-11","c":19}},{"type":"Feature","geometry":{"type":"Polygon","coordinates":[[[10.70855,59.44148],[10.7085,59.4414],[10.70885,59.44141],[10.70895,59.4413],[10.70874,59.44136],[10.70846,59.44131],[10.7083,59.44133],[10.70837,59.44138],[10.70838,59.44146],[10.70855,59.44148]]]},"properties":{"a":371,"v":-726,"dh":1.96,"pl":2,"pn":"Solgård Avfallsplass","pd":"2025-02-11","c":19}},{"type":"Feature","geometry":{"type":"Polygon","coordinates":[[[10.70966,59.44162],[10.71016,59.44148],[10.71002,59.44143],[10.70998,59.44149],[10.70984,59.44149],[10.70983,59.44154],[10.70974,59.44155],[10.70972,59.4415],[10.70981,59.44148],[10.70979,59.44142],[10.70957,59.4414],[10.70946,59.44133],[10.70949,59.44141],[10.70968,59.44146],[10.70968,59.4415],[10.70963,59.4415],[10.70929,59.44141],[10.70933,59.44146],[10.70967,59.44157],[10.70966,59.44162]]]},"properties":{"a":470,"v":-882,"dh":1.88,"pl":2,"pn":"Solgård Avfallsplass","pd":"2025-02-11","c":19}},{"type":"Feature","geometry":{"type":"Polygon","coordinates":[[[10.70911,59.44174],[10.70915,59.44171],[10.70939,59.44169],[10.70923,59.44167],[10.70927,59.44162],[10.70921,59.44158],[10.70926,59.44155],[10.70941,59.44158],[10.70946,59.44157],[10.7093,59.44149],[10.70909,59.44157],[10.70917,59.44149],[10.70912,59.44146],[10.70898,59.4416],[10.70884,59.44161],[10.70884,59.44155],[10.70879,59.44155],[10.70874,59.4416],[10.70894,59.44168],[10.709,59.4416],[10.70911,59.44163],[10.70901,59.44168],[10.70911,59.44174]],[[10.70909,59.44169],[10.70911,59.44168],[10.70911,59.44169],[10.70909,59.44169]]]},"properties":{"a":457,"v":-487,"dh":1.07,"pl":2,"pn":"Solgård Avfallsplass","pd":"2025-02-11","c":19}},{"type":"Feature","geometry":{"type":"Polygon","coordinates":[[[10.70862,59.44173],[10.70869,59.44163],[10.70847,59.44161],[10.70844,59.44156],[10.70814,59.44157],[10.70805,59.44161],[10.70811,59.44166],[10.70849,59.44163],[10.70848,59.44169],[10.70862,59.44173]]]},"properties":{"a":340,"v":-611,"dh":1.8,"pl":2,"pn":"Solgård Avfallsplass","pd":"2025-02-11","c":19}},{"type":"Feature","geometry":{"type":"Polygon","coordinates":[[[10.70903,59.4418],[10.70906,59.44175],[10.70885,59.44165],[10.7087,59.44166],[10.70903,59.4418]]]},"properties":{"a":127,"v":192,"dh":1.51,"pl":2,"pn":"Solgård Avfallsplass","pd":"2025-02-11","c":19}},{"type":"Feature","geometry":{"type":"Polygon","coordinates":[[[10.70784,59.44206],[10.70793,59.44196],[10.70794,59.44187],[10.70804,59.44179],[10.70805,59.44171],[10.70791,59.44173],[10.70785,59.44181],[10.70787,59.44188],[10.7078,59.44191],[10.70786,59.44197],[10.70773,59.44199],[10.70777,59.44207],[10.70784,59.44206]]]},"properties":{"a":267,"v":-447,"dh":1.67,"pl":2,"pn":"Solgård Avfallsplass","pd":"2025-02-11","c":19}},{"type":"Feature","geometry":{"type":"Polygon","coordinates":[[[10.70807,59.44203],[10.70816,59.44198],[10.7082,59.44185],[10.70835,59.44191],[10.70842,59.44188],[10.70825,59.44183],[10.70823,59.44175],[10.70815,59.44176],[10.70801,59.44196],[10.70807,59.44203]]]},"properties":{"a":239,"v":-410,"dh":1.71,"pl":2,"pn":"Solgård Avfallsplass","pd":"2025-02-11","c":19}},{"type":"Feature","geometry":{"type":"Polygon","coordinates":[[[10.7067,59.44206],[10.70663,59.44214],[10.70681,59.44215],[10.70697,59.44224],[10.70714,59.44217],[10.70718,59.4419],[10.70703,59.44173],[10.70705,59.44166],[10.70696,59.44166],[10.7069,59.44161],[10.70685,59.44166],[10.70686,59.44174],[10.70651,59.44179],[10.70661,59.4418],[10.70663,59.44185],[10.70662,59.44191],[10.70648,59.44189],[10.70655,59.44196],[10.70654,59.44204],[10.7067,59.44206]],[[10.70669,59.44202],[10.70673,59.44202],[10.70671,59.44203],[10.70669,59.44202]],[[10.70686,59.44205],[10.70691,59.44202],[10.70691,59.44204],[10.70686,59.44205]],[[10.70662,59.44199],[10.70666,59.44197],[10.70668,59.44199],[10.70662,59.44199]],[[10.707,59.44183],[10.70688,59.44178],[10.70695,59.44176],[10.707,59.44183]]]},"properties":{"a":1606,"v":-2818,"dh":1.75,"pl":2,"pn":"Solgård Avfallsplass","pd":"2025-02-11","c":19}},{"type":"Feature","geometry":{"type":"Polygon","coordinates":[[[10.70747,59.44202],[10.70772,59.44199],[10.70759,59.44195],[10.70743,59.44197],[10.70747,59.44202]]]},"properties":{"a":106,"v":-218,"dh":2.05,"pl":2,"pn":"Solgård Avfallsplass","pd":"2025-02-11","c":19}},{"type":"Feature","geometry":{"type":"Polygon","coordinates":[[[10.70221,59.44199],[10.70242,59.44195],[10.7024,59.44188],[10.70237,59.44192],[10.70226,59.44191],[10.70238,59.44176],[10.70224,59.44172],[10.70203,59.44178],[10.70201,59.44175],[10.70208,59.44172],[10.70207,59.44166],[10.70202,59.44164],[10.70198,59.44154],[10.70201,59.4415],[10.70192,59.44149],[10.70193,59.44161],[10.70199,59.44166],[10.7018,59.44187],[10.70191,59.4419],[10.70187,59.44191],[10.70191,59.44192],[10.70189,59.44196],[10.70211,59.44195],[10.70221,59.44199]],[[10.70187,59.44186],[10.70189,59.44185],[10.70189,59.44186],[10.70187,59.44186]]]},"properties":{"a":833,"v":1668,"dh":2.0,"pl":1,"pn":"Solgaard Skog. Eksisterende og nytt industriområde","pd":"1985-04-30","c":45}},{"type":"Feature","geometry":{"type":"Polygon","coordinates":[[[10.69727,59.44194],[10.69713,59.44182],[10.69717,59.44173],[10.697,59.44173],[10.69709,59.44186],[10.69727,59.44194]]]},"properties":{"a":141,"v":127,"dh":0.9,"pl":1,"pn":"Solgaard Skog. Eksisterende og nytt industriområde","pd":"1985-04-30","sh":1,"c":45}},{"type":"Feature","geometry":{"type":"Polygon","coordinates":[[[10.69647,59.44212],[10.69692,59.44203],[10.69701,59.44192],[10.69673,59.442],[10.6965,59.44197],[10.69641,59.44202],[10.69647,59.44212]]]},"properties":{"a":375,"v":-803,"dh":2.14,"pl":1,"pn":"Solgaard Skog. Vålervegen 159","pd":"1986-06-24","c":46}},{"type":"Feature","geometry":{"type":"MultiPolygon","coordinates":[[[[10.69757,59.44193],[10.69759,59.44194],[10.69759,59.44193],[10.69757,59.44193]]],[[[10.69757,59.4419],[10.69784,59.44207],[10.69788,59.44211],[10.69785,59.44214],[10.69787,59.44224],[10.69792,59.44227],[10.69837,59.44237],[10.69855,59.44246],[10.69871,59.44243],[10.69878,59.44235],[10.69872,59.44227],[10.69854,59.4422],[10.6985,59.44214],[10.69838,59.44214],[10.69839,59.44212],[10.69803,59.44189],[10.69786,59.44175],[10.69793,59.44173],[10.69791,59.4417],[10.6976,59.44179],[10.69757,59.4419]],[[10.69852,59.44218],[10.69845,59.44221],[10.69845,59.44218],[10.69852,59.44218]]]]},"properties":{"a":2182,"v":2811,"dh":1.29,"pl":1,"pn":"Solgaard Skog. Eksisterende og nytt industriområde","pd":"1985-04-30","c":45}},{"type":"Feature","geometry":{"type":"Polygon","coordinates":[[[10.6948,59.44228],[10.69487,59.44222],[10.69478,59.44217],[10.69492,59.44217],[10.69492,59.44213],[10.69477,59.44204],[10.69463,59.44204],[10.69469,59.44212],[10.69462,59.44215],[10.69475,59.44218],[10.69472,59.44228],[10.6948,59.44228]]]},"properties":{"a":244,"v":403,"dh":1.65,"pl":1,"pn":"GJERREBOGEN DEL AV GJERREBOGEN","pd":"1968-11-05","fo":1,"c":328}},{"type":"Feature","geometry":{"type":"Polygon","coordinates":[[[10.70211,59.44206],[10.70234,59.44212],[10.70232,59.44205],[10.70211,59.44206]]]},"properties":{"a":100,"v":82,"dh":0.82,"pl":1,"pn":"Solgaard Skog. Eksisterende og nytt industriområde","pd":"1985-04-30","sh":1,"c":45}},{"type":"Feature","geometry":{"type":"Polygon","coordinates":[[[10.69606,59.44229],[10.69628,59.44222],[10.69635,59.44212],[10.69619,59.44209],[10.69586,59.44223],[10.6959,59.44227],[10.69606,59.44229]]]},"properties":{"a":379,"v":-475,"dh":1.25,"pl":1,"pn":"Solgaard Skog. Vålervegen 159","pd":"1986-06-24","c":46}},{"type":"Feature","geometry":{"type":"Polygon","coordinates":[[[10.70212,59.44229],[10.70238,59.44214],[10.70224,59.44219],[10.70209,59.44204],[10.70195,59.44198],[10.70211,59.44213],[10.70219,59.44224],[10.70212,59.44229]]]},"properties":{"a":171,"v":387,"dh":2.26,"pl":1,"pn":"Solgaard Skog. Eksisterende og nytt industriområde","pd":"1985-04-30","sl":1,"c":45}},{"type":"Feature","geometry":{"type":"Polygon","coordinates":[[[10.6975,59.44233],[10.69766,59.44224],[10.69758,59.44214],[10.69739,59.44211],[10.69741,59.44216],[10.69734,59.44224],[10.6975,59.44233]]]},"properties":{"a":260,"v":-222,"dh":0.85,"pl":1,"pn":"Solgaard Skog. Vålervegen 159","pd":"1986-06-24","sh":1,"c":46}},{"type":"Feature","geometry":{"type":"Polygon","coordinates":[[[10.69578,59.44274],[10.69579,59.4427],[10.6957,59.44262],[10.69538,59.44252],[10.69507,59.44235],[10.69503,59.4422],[10.6949,59.44219],[10.695,59.4423],[10.69498,59.44233],[10.69504,59.44233],[10.69515,59.44245],[10.69551,59.44261],[10.69569,59.44264],[10.69569,59.4427],[10.69578,59.44274]]]},"properties":{"a":310,"v":-1168,"dh":3.77,"pl":1,"pn":"GJERREBOGEN II","pd":"1972-06-22","sl":1,"c":327}},{"type":"Feature","geometry":{"type":"Polygon","coordinates":[[[10.71288,59.44195],[10.71294,59.44171],[10.71285,59.44168],[10.7128,59.44173],[10.71281,59.44195],[10.71288,59.44195]]]},"properties":{"a":165,"v":-255,"dh":1.55,"pl":1,"pn":"Solgaard, Renovasjonsanlegg mv.","pd":"1994-05-06","c":20}},{"type":"Feature","geometry":{"type":"Polygon","coordinates":[[[10.71914,59.44217],[10.71933,59.44217],[10.71929,59.44208],[10.71952,59.44208],[10.71959,59.44204],[10.71953,59.44188],[10.71949,59.44151],[10.71934,59.4414],[10.71915,59.44145],[10.71904,59.44196],[10.71895,59.44202],[10.7191,59.44207],[10.71914,59.44217]]]},"properties":{"a":1972,"v":-4723,"dh":2.4,"pl":0,"c":26}},{"type":"Feature","geometry":{"type":"Polygon","coordinates":[[[10.71123,59.44202],[10.71117,59.44197],[10.71119,59.44192],[10.71108,59.44184],[10.71094,59.44186],[10.71105,59.44198],[10.71123,59.44202]]]},"properties":{"a":173,"v":-253,"dh":1.46,"pl":1,"pn":"Solgaard, Renovasjonsanlegg mv.","pd":"1994-05-06","c":20}},{"type":"Feature","geometry":{"type":"Polygon","coordinates":[[[10.71156,59.44204],[10.71145,59.44195],[10.71109,59.44182],[10.71126,59.44195],[10.71156,59.44204]]]},"properties":{"a":151,"v":192,"dh":1.27,"pl":1,"pn":"Solgaard, Renovasjonsanlegg mv.","pd":"1994-05-06","c":20}},{"type":"Feature","geometry":{"type":"Polygon","coordinates":[[[10.71301,59.44208],[10.71315,59.44201],[10.71316,59.44197],[10.71297,59.44196],[10.71292,59.44206],[10.71301,59.44208]]]},"properties":{"a":137,"v":-233,"dh":1.7,"pl":1,"pn":"Solgaard, Renovasjonsanlegg mv.","pd":"1994-05-06","c":20}},{"type":"Feature","geometry":{"type":"Polygon","coordinates":[[[10.72084,59.44198],[10.72085,59.44192],[10.72094,59.44188],[10.72052,59.44193],[10.72084,59.44198]],[[10.7208,59.44195],[10.72077,59.44196],[10.72076,59.44195],[10.7208,59.44195]],[[10.7208,59.44195],[10.72083,59.44194],[10.72084,59.44195],[10.7208,59.44195]]]},"properties":{"a":135,"v":121,"dh":0.89,"pl":1,"pn":"Detaljregulering for Nore og Vanem felt 7-12","pd":"2019-06-06","sh":1,"c":24}},{"type":"Feature","geometry":{"type":"Polygon","coordinates":[[[10.71854,59.44215],[10.71883,59.44196],[10.71877,59.44188],[10.71864,59.44185],[10.7184,59.44198],[10.71853,59.44209],[10.71854,59.44215]]]},"properties":{"a":404,"v":394,"dh":0.98,"pl":0,"sh":1,"c":26}},{"type":"Feature","geometry":{"type":"Polygon","coordinates":[[[10.71297,59.44272],[10.71337,59.44262],[10.71339,59.44257],[10.71348,59.44255],[10.71347,59.44249],[10.71352,59.44247],[10.7135,59.4424],[10.71361,59.44237],[10.71364,59.4423],[10.71368,59.44232],[10.71359,59.44241],[10.71361,59.44246],[10.71372,59.44243],[10.71382,59.44229],[10.71395,59.44225],[10.71395,59.44216],[10.71412,59.44205],[10.71427,59.44188],[10.71433,59.44172],[10.71447,59.44167],[10.71441,59.44152],[10.71428,59.44162],[10.71431,59.44166],[10.71423,59.44167],[10.71422,59.44155],[10.71434,59.44147],[10.71427,59.44143],[10.71424,59.44151],[10.71417,59.44153],[10.7141,59.44166],[10.71405,59.44167],[10.71406,59.4418],[10.71369,59.44184],[10.71394,59.44187],[10.71383,59.44196],[10.71364,59.44198],[10.71359,59.44193],[10.71339,59.44197],[10.71333,59.44212],[10.71356,59.44216],[10.7136,59.44221],[10.71339,59.44232],[10.71322,59.44229],[10.71318,59.44223],[10.71305,59.44222],[10.71271,59.44206],[10.71262,59.44207],[10.7127,59.44215],[10.71282,59.44216],[10.71279,59.44222],[10.71306,59.44238],[10.71319,59.44241],[10.71322,59.44235],[10.71336,59.44235],[10.71342,59.4424],[10.71319,59.44252],[10.71321,59.44258],[10.71316,59.44262],[10.7129,59.44265],[10.71297,59.44272]],[[10.71365,59.44243],[10.71366,59.44241],[10.71366,59.44243],[10.71365,59.44243]],[[10.71373,59.44227],[10.71369,59.4423],[10.71369,59.44228],[10.71373,59.44227]],[[10.71373,59.44227],[10.71374,59.44226],[10.71374,59.44227],[10.71373,59.44227]],[[10.71374,59.44225],[10.71376,59.44224],[10.71376,59.44225],[10.71374,59.44225]],[[10.71378,59.44222],[10.71381,59.44219],[10.71381,59.44221],[10.71378,59.44222]],[[10.71383,59.44217],[10.71381,59.44218],[10.71381,59.44217],[10.71383,59.44217]],[[10.71383,59.44217],[10.71386,59.44211],[10.71389,59.44211],[10.71383,59.44217]],[[10.71423,59.44182],[10.71414,59.4418],[10.71411,59.44179],[10.71419,59.44177],[10.71423,59.44182]],[[10.7144,59.44166],[10.71442,59.44166],[10.71442,59.44166],[10.7144,59.44166]]]},"properties":{"a":3157,"v":4222,"dh":1.34,"pl":1,"pn":"Solgaard, Renovasjonsanlegg mv.","pd":"1994-05-06","c":20}},{"type":"Feature","geometry":{"type":"Polygon","coordinates":[[[10.71316,59.4422],[10.71336,59.44204],[10.71336,59.44201],[10.71322,59.44199],[10.71322,59.44208],[10.71305,59.44216],[10.71316,59.4422]]]},"properties":{"a":158,"v":-210,"dh":1.33,"pl":1,"pn":"Solgaard, Renovasjonsanlegg mv.","pd":"1994-05-06","c":20}},{"type":"Feature","geometry":{"type":"Polygon","coordinates":[[[10.7114,59.44236],[10.71163,59.44233],[10.71164,59.44219],[10.71182,59.44222],[10.7118,59.44216],[10.71152,59.44218],[10.71144,59.44205],[10.71135,59.44203],[10.71125,59.44204],[10.71108,59.44215],[10.7111,59.44222],[10.71136,59.44223],[10.7114,59.44236]]]},"properties":{"a":730,"v":-1500,"dh":2.06,"pl":1,"pn":"Solgaard, Renovasjonsanlegg mv.","pd":"1994-05-06","c":20}},{"type":"Feature","geometry":{"type":"Polygon","coordinates":[[[10.71088,59.44212],[10.71091,59.44206],[10.71073,59.44196],[10.71082,59.4419],[10.71059,59.44193],[10.7105,59.44199],[10.71088,59.44212]],[[10.71068,59.44197],[10.7107,59.44196],[10.7107,59.44197],[10.71068,59.44197]]]},"properties":{"a":268,"v":-379,"dh":1.41,"pl":1,"pn":"Solgaard, Renovasjonsanlegg mv.","pd":"1994-05-06","c":20}},{"type":"Feature","geometry":{"type":"Polygon","coordinates":[[[10.70818,59.44242],[10.7085,59.44221],[10.70864,59.44222],[10.70869,59.44215],[10.70902,59.44205],[10.70895,59.44196],[10.70886,59.44193],[10.70894,59.44186],[10.70862,59.44198],[10.70858,59.44195],[10.70868,59.44194],[10.7087,59.44189],[10.70854,59.44182],[10.70841,59.44182],[10.70847,59.4419],[10.70844,59.44192],[10.70822,59.44186],[10.70821,59.44192],[10.70849,59.44201],[10.70819,59.44196],[10.70818,59.44202],[10.7083,59.44207],[10.70811,59.44213],[10.70827,59.44214],[10.70825,59.44218],[10.70788,59.44212],[10.70796,59.44202],[10.70779,59.44208],[10.70787,59.44216],[10.70797,59.44217],[10.70792,59.4422],[10.70794,59.44223],[10.70826,59.44219],[10.70819,59.44233],[10.70809,59.4424],[10.70818,59.44242]]]},"properties":{"a":1680,"v":3366,"dh":2.0,"pl":2,"pn":"Solgård Avfallsplass","pd":"2025-02-11","c":19}},{"type":"Feature","geometry":{"type":"Polygon","coordinates":[[[10.71078,59.4422],[10.71078,59.44215],[10.71061,59.44204],[10.71047,59.44203],[10.71065,59.44218],[10.71078,59.4422]]]},"properties":{"a":147,"v":235,"dh":1.6,"pl":1,"pn":"Solgaard, Renovasjonsanlegg mv.","pd":"1994-05-06","c":20}},{"type":"Feature","geometry":{"type":"Polygon","coordinates":[[[10.71062,59.44224],[10.71047,59.44209],[10.71037,59.44209],[10.71042,59.44217],[10.71062,59.44224]]]},"properties":{"a":110,"v":163,"dh":1.48,"pl":1,"pn":"Solgaard, Renovasjonsanlegg mv.","pd":"1994-05-06","c":20}},{"type":"Feature","geometry":{"type":"Polygon","coordinates":[[[10.71054,59.44233],[10.71054,59.44228],[10.71037,59.44217],[10.71028,59.44215],[10.71043,59.4423],[10.71054,59.44233]]]},"properties":{"a":103,"v":140,"dh":1.36,"pl":1,"pn":"Solgaard, Renovasjonsanlegg mv.","pd":"1994-05-06","c":20}},{"type":"Feature","geometry":{"type":"Polygon","coordinates":[[[10.7103,59.44249],[10.71003,59.44232],[10.70992,59.44233],[10.71012,59.44246],[10.7103,59.44249]]]},"properties":{"a":133,"v":202,"dh":1.52,"pl":1,"pn":"Solgaard, Renovasjonsanlegg mv.","pd":"1994-05-06","c":20}},{"type":"Feature","geometry":{"type":"Polygon","coordinates":[[[10.71016,59.44253],[10.70991,59.44238],[10.70982,59.44238],[10.71,59.44249],[10.71016,59.44253]]]},"properties":{"a":113,"v":158,"dh":1.4,"pl":1,"pn":"Solgaard, Renovasjonsanlegg mv.","pd":"1994-05-06","c":20}},{"type":"Feature","geometry":{"type":"MultiPolygon","coordinates":[[[[10.70719,59.44167],[10.70713,59.44163],[10.70712,59.44166],[10.70719,59.44167]]],[[[10.70786,59.44165],[10.70751,59.44166],[10.70719,59.44167],[10.70718,59.44177],[10.70723,59.44185],[10.70721,59.44207],[10.70716,59.4422],[10.70703,59.44231],[10.70679,59.44218],[10.70676,59.44218],[10.70679,59.44223],[10.70674,59.4423],[10.70671,59.44226],[10.70658,59.44228],[10.70646,59.44224],[10.70654,59.44215],[10.7065,59.44204],[10.7063,59.44195],[10.70634,59.44199],[10.70631,59.44204],[10.70591,59.44247],[10.70593,59.44251],[10.7058,59.44272],[10.70573,59.4428],[10.70562,59.44282],[10.70571,59.44283],[10.7057,59.44297],[10.70553,59.44311],[10.70574,59.44301],[10.70587,59.44315],[10.70579,59.44323],[10.70582,59.44327],[10.70602,59.44327],[10.70634,59.44343],[10.70668,59.44348],[10.70705,59.44342],[10.70648,59.44338],[10.70637,59.44331],[10.70635,59.44315],[10.70638,59.44312],[10.70666,59.44314],[10.70697,59.44328],[10.70711,59.44326],[10.70719,59.44317],[10.70748,59.44318],[10.7076,59.44324],[10.70776,59.44322],[10.70772,59.44319],[10.70777,59.44314],[10.70775,59.44308],[10.70765,59.44316],[10.70756,59.44316],[10.70723,59.44311],[10.70719,59.44307],[10.70678,59.44304],[10.7066,59.44296],[10.70646,59.44302],[10.7065,59.44296],[10.70644,59.44294],[10.70623,59.44293],[10.70617,59.44286],[10.70622,59.44279],[10.7062,59.44272],[10.7061,59.44278],[10.70614,59.44284],[10.70606,59.44282],[10.70629,59.44246],[10.70635,59.44245],[10.70631,59.4425],[10.70635,59.44252],[10.70626,59.44254],[10.70625,59.44259],[10.70646,59.44252],[10.70637,59.44252],[10.70636,59.44245],[10.70656,59.44243],[10.70648,59.44236],[10.7065,59.44232],[10.70679,59.44243],[10.70689,59.44243],[10.70696,59.44237],[10.70705,59.44241],[10.70713,59.44226],[10.70723,59.44223],[10.70726,59.44213],[10.70737,59.44211],[10.70728,59.44204],[10.70744,59.44203],[10.70734,59.44196],[10.70724,59.44198],[10.70727,59.44189],[10.70757,59.44188],[10.70762,59.44185],[10.70758,59.44181],[10.70781,59.44181],[10.70785,59.44175],[10.70777,59.44172],[10.70793,59.4417],[10.70796,59.44161],[10.70761,59.44162],[10.70786,59.44165]],[[10.70786,59.44167],[10.70789,59.44168],[10.70786,59.44168],[10.70786,59.44167]],[[10.70638,59.44307],[10.70636,59.44308],[10.70636,59.44307],[10.70638,59.44307]],[[10.70701,59.44232],[10.70699,59.44234],[10.70699,59.44232],[10.70701,59.44232]],[[10.70734,59.44181],[10.70742,59.44179],[10.70742,59.4418],[10.70734,59.44181]],[[10.70744,59.4417],[10.70758,59.44169],[10.70767,59.44171],[10.70753,59.44173],[10.70744,59.4417]]],[[[10.70621,59.44261],[10.70625,59.44259],[10.70621,59.44259],[10.70621,59.44261]]]]},"properties":{"a":6923,"v":13851,"dh":2.0,"pl":2,"pn":"Solgård Avfallsplass","pd":"2025-02-11","c":19}},{"type":"Feature","geometry":{"type":"MultiPolygon","coordinates":[[[[10.70728,59.44251],[10.7073,59.44253],[10.70732,59.44251],[10.70728,59.44251]]],[[[10.70734,59.44253],[10.70718,59.44258],[10.70718,59.44262],[10.70724,59.44259],[10.70725,59.44263],[10.70715,59.44267],[10.70705,59.44284],[10.70693,59.44285],[10.70695,59.44294],[10.70711,59.44296],[10.70713,59.44291],[10.70743,59.4429],[10.7074,59.44302],[10.70747,59.44304],[10.7075,59.44292],[10.70759,59.44291],[10.70757,59.44284],[10.70765,59.44279],[10.70751,59.44278],[10.70748,59.44282],[10.70744,59.4428],[10.70756,59.44271],[10.7077,59.44274],[10.70772,59.44268],[10.70764,59.44262],[10.70782,59.44263],[10.70785,59.44254],[10.70794,59.4425],[10.70793,59.44243],[10.70779,59.44243],[10.70777,59.44238],[10.70765,59.44241],[10.7077,59.44229],[10.70777,59.44226],[10.70778,59.44211],[10.70749,59.44203],[10.70737,59.44205],[10.70742,59.44211],[10.7076,59.44214],[10.70732,59.44213],[10.70729,59.44223],[10.70766,59.44232],[10.70757,59.44232],[10.70742,59.44241],[10.70732,59.44248],[10.70734,59.44253]]]]},"properties":{"a":2490,"v":-3716,"dh":1.49,"pl":2,"pn":"Solgård Avfallsplass","pd":"2025-02-11","c":19}},{"type":"Feature","geometry":{"type":"Polygon","coordinates":[[[10.70986,59.4426],[10.70988,59.44257],[10.70975,59.4425],[10.70963,59.44251],[10.70976,59.4426],[10.70986,59.4426]]]},"properties":{"a":102,"v":167,"dh":1.64,"pl":1,"pn":"Solgaard, Renovasjonsanlegg mv.","pd":"1994-05-06","c":20}},{"type":"Feature","geometry":{"type":"Polygon","coordinates":[[[10.71339,59.44229],[10.71355,59.44221],[10.71356,59.44219],[10.71331,59.44215],[10.71325,59.44221],[10.71323,59.44226],[10.71339,59.44229]]]},"properties":{"a":196,"v":-227,"dh":1.16,"pl":1,"pn":"Solgaard, Renovasjonsanlegg mv.","pd":"1994-05-06","c":20}},{"type":"Feature","geometry":{"type":"Polygon","coordinates":[[[10.72145,59.44221],[10.72157,59.44215],[10.72157,59.44211],[10.72142,59.44209],[10.72139,59.44217],[10.72145,59.44221]]]},"properties":{"a":101,"v":-111,"dh":1.1,"pl":0,"fo":1,"c":47}},{"type":"Feature","geometry":{"type":"Polygon","coordinates":[[[10.7122,59.44244],[10.71207,59.44231],[10.71186,59.44227],[10.71175,59.44232],[10.71179,59.4424],[10.7122,59.44244]]]},"properties":{"a":322,"v":-1040,"dh":3.23,"pl":1,"pn":"Solgaard, Renovasjonsanlegg mv.","pd":"1994-05-06","c":20}},{"type":"Feature","geometry":{"type":"Polygon","coordinates":[[[10.71144,59.44244],[10.71133,59.44234],[10.71114,59.44234],[10.71114,59.44238],[10.71125,59.44242],[10.71144,59.44244]]]},"properties":{"a":139,"v":-238,"dh":1.71,"pl":1,"pn":"Solgaard, Renovasjonsanlegg mv.","pd":"1994-05-06","c":20}},{"type":"Feature","geometry":{"type":"Polygon","coordinates":[[[10.71485,59.44249],[10.71497,59.44248],[10.71498,59.44238],[10.71493,59.44228],[10.71487,59.44227],[10.71489,59.44216],[10.71485,59.44216],[10.71475,59.44222],[10.71473,59.44228],[10.71484,59.4423],[10.71485,59.44249]]]},"properties":{"a":257,"v":1018,"dh":3.96,"pl":1,"pn":"SOLGÅRD - SOLGÅRD SKOG. DELER AV SOLGÅRD GNR 37/1 OG SOLGÅRDSKOG","pd":"1975-08-06","sl":1,"c":48}},{"type":"Feature","geometry":{"type":"Polygon","coordinates":[[[10.7109,59.44243],[10.71122,59.4425],[10.71114,59.44243],[10.71082,59.44235],[10.7109,59.44243]]]},"properties":{"a":166,"v":271,"dh":1.63,"pl":1,"pn":"Solgaard, Renovasjonsanlegg mv.","pd":"1994-05-06","c":20}},{"type":"Feature","geometry":{"type":"Polygon","coordinates":[[[10.71105,59.44266],[10.71125,59.44256],[10.71125,59.44251],[10.71109,59.44253],[10.71108,59.44259],[10.71094,59.44262],[10.71105,59.44266]]]},"properties":{"a":128,"v":-240,"dh":1.87,"pl":1,"pn":"Solgaard, Renovasjonsanlegg mv.","pd":"1994-05-06","c":20}},{"type":"Feature","geometry":{"type":"Polygon","coordinates":[[[10.71176,59.44282],[10.71196,59.44281],[10.71186,59.44277],[10.71213,59.44271],[10.71228,59.44254],[10.71218,59.44246],[10.71174,59.44242],[10.71164,59.44249],[10.71163,59.44261],[10.71168,59.44268],[10.71158,59.44274],[10.71176,59.44282]]]},"properties":{"a":1153,"v":3796,"dh":3.29,"pl":1,"pn":"Solgaard, Renovasjonsanlegg mv.","pd":"1994-05-06","c":20}},{"type":"Feature","geometry":{"type":"Polygon","coordinates":[[[10.71246,59.44298],[10.71259,59.44282],[10.71273,59.44278],[10.71274,59.44269],[10.7129,59.44262],[10.71218,59.44233],[10.7122,59.44239],[10.71277,59.44263],[10.71247,59.4429],[10.71242,59.44297],[10.71246,59.44298]]]},"properties":{"a":393,"v":480,"dh":1.22,"pl":1,"pn":"Solgaard, Renovasjonsanlegg mv.","pd":"1994-05-06","c":20}},{"type":"Feature","geometry":{"type":"Polygon","coordinates":[[[10.71157,59.44325],[10.71164,59.44321],[10.71164,59.44315],[10.71176,59.44314],[10.71176,59.44309],[10.71163,59.44308],[10.71155,59.44313],[10.71133,59.44305],[10.71155,59.44289],[10.71151,59.4428],[10.71125,59.44283],[10.71101,59.44298],[10.71105,59.44307],[10.71127,59.44319],[10.71157,59.44325]]]},"properties":{"a":1044,"v":-2119,"dh":2.03,"pl":1,"pn":"Solgaard, Renovasjonsanlegg mv.","pd":"1994-05-06","c":20}},{"type":"Feature","geometry":{"type":"Polygon","coordinates":[[[10.70674,59.44297],[10.70675,59.44274],[10.70692,59.44258],[10.70691,59.44245],[10.70659,59.44248],[10.70649,59.44256],[10.70651,59.4426],[10.7062,59.44266],[10.70625,59.44271],[10.70655,59.44271],[10.70654,59.44276],[10.70645,59.44275],[10.70652,59.44278],[10.70647,59.44286],[10.70674,59.44297]],[[10.70655,59.44266],[10.70643,59.44264],[10.70655,59.44263],[10.70655,59.44266]]]},"properties":{"a":1019,"v":-2108,"dh":2.07,"pl":2,"pn":"Solgård Avfallsplass","pd":"2025-02-11","c":19}},{"type":"Feature","geometry":{"type":"Polygon","coordinates":[[[10.71011,59.44289],[10.71026,59.44286],[10.71026,59.4428],[10.71035,59.4428],[10.71033,59.44272],[10.7104,59.44271],[10.71039,59.44265],[10.71054,59.44266],[10.71048,59.4426],[10.7106,59.44258],[10.71058,59.44254],[10.71046,59.44245],[10.71033,59.44246],[10.71,59.44261],[10.71004,59.44268],[10.70988,59.44266],[10.70994,59.44272],[10.70983,59.44271],[10.71011,59.44289]]]},"properties":{"a":956,"v":-2116,"dh":2.21,"pl":1,"pn":"Solgaard, Renovasjonsanlegg mv.","pd":"1994-05-06","c":20}},{"type":"Feature","geometry":{"type":"Polygon","coordinates":[[[10.71086,59.44275],[10.71064,59.4426],[10.71053,59.4426],[10.71057,59.44266],[10.71086,59.44275]]]},"properties":{"a":112,"v":161,"dh":1.44,"pl":1,"pn":"Solgaard, Renovasjonsanlegg mv.","pd":"1994-05-06","c":20}},{"type":"Feature","geometry":{"type":"Polygon","coordinates":[[[10.71056,59.44286],[10.7106,59.44281],[10.71035,59.44274],[10.7104,59.44281],[10.71056,59.44286]]]},"properties":{"a":100,"v":157,"dh":1.57,"pl":1,"pn":"Solgaard, Renovasjonsanlegg mv.","pd":"1994-05-06","c":20}},{"type":"Feature","geometry":{"type":"MultiPolygon","coordinates":[[[[10.7103,59.44281],[10.71044,59.44293],[10.71051,59.44291],[10.71039,59.44281],[10.7103,59.44281]]],[[[10.71041,59.44293],[10.71021,59.44287],[10.71023,59.44292],[10.71041,59.44299],[10.71041,59.44293]]]]},"properties":{"a":171,"v":267,"dh":1.56,"pl":1,"pn":"Solgaard, Renovasjonsanlegg mv.","pd":"1994-05-06","c":20}},{"type":"Feature","geometry":{"type":"Polygon","coordinates":[[[10.71012,59.44309],[10.70987,59.44282],[10.70977,59.44279],[10.71006,59.4431],[10.71012,59.44309]]]},"properties":{"a":114,"v":-96,"dh":0.84,"pl":1,"pn":"Solgaard, Renovasjonsanlegg mv.","pd":"1994-05-06","sh":1,"c":20}},{"type":"Feature","geometry":{"type":"MultiPolygon","coordinates":[[[[10.71062,59.44287],[10.71078,59.44286],[10.71072,59.44281],[10.71081,59.44282],[10.71082,59.44278],[10.71075,59.44275],[10.71061,59.44281],[10.71062,59.44287]]],[[[10.71053,59.44294],[10.71065,59.44291],[10.71053,59.44287],[10.71053,59.44294]]],[[[10.71043,59.44301],[10.71055,59.443],[10.71053,59.44294],[10.71045,59.44295],[10.71043,59.44301]]],[[[10.71033,59.44303],[10.71029,59.44309],[10.71033,59.44314],[10.71026,59.44316],[10.71035,59.44315],[10.7104,59.44313],[10.7104,59.44307],[10.71047,59.44305],[10.71043,59.44301],[10.71033,59.44303]]]]},"properties":{"a":278,"v":-366,"dh":1.32,"pl":1,"pn":"Solgaard, Renovasjonsanlegg mv.","pd":"1994-05-06","c":20}},{"type":"Feature","geometry":{"type":"Polygon","coordinates":[[[10.71031,59.44306],[10.71032,59.443],[10.71025,59.44295],[10.71007,59.44292],[10.71011,59.44298],[10.71031,59.44306]]]},"properties":{"a":118,"v":187,"dh":1.59,"pl":1,"pn":"Solgaard, Renovasjonsanlegg mv.","pd":"1994-05-06","c":20}},{"type":"Feature","geometry":{"type":"Polygon","coordinates":[[[10.70856,59.44341],[10.70879,59.44342],[10.7087,59.44331],[10.70889,59.44318],[10.7093,59.44329],[10.70958,59.44329],[10.70957,59.44334],[10.7096,59.44334],[10.70963,59.44322],[10.70988,59.44322],[10.70991,59.44314],[10.70982,59.4431],[10.70964,59.44311],[10.70961,59.44309],[10.70966,59.44306],[10.70964,59.44302],[10.70941,59.44301],[10.70919,59.44293],[10.70907,59.44293],[10.70893,59.44298],[10.70895,59.44305],[10.7087,59.44324],[10.70856,59.44341]],[[10.70963,59.4432],[10.70916,59.44308],[10.70914,59.44302],[10.70963,59.44314],[10.70963,59.4432]]]},"properties":{"a":1520,"v":2322,"dh":1.53,"pl":1,"pn":"Solgaard, Renovasjonsanlegg mv.","pd":"1994-05-06","c":20}},{"type":"Feature","geometry":{"type":"Polygon","coordinates":[[[10.70281,59.44369],[10.70307,59.4435],[10.70318,59.44336],[10.70307,59.44333],[10.70304,59.44344],[10.70272,59.44369],[10.70281,59.44369]]]},"properties":{"a":225,"v":669,"dh":2.97,"pl":1,"pn":"E6 GJENNOM MOSS","pd":"1998-03-26","sl":1,"c":42}},{"type":"Feature","geometry":{"type":"Polygon","coordinates":[[[10.6981,59.44325],[10.69827,59.44316],[10.69823,59.44314],[10.69825,59.44307],[10.6981,59.44298],[10.69788,59.44307],[10.69777,59.44303],[10.6977,59.44307],[10.69785,59.44323],[10.6981,59.44325]]]},"properties":{"a":621,"v":-683,"dh":1.1,"pl":1,"pn":"Solgaard Skog. Eksisterende og nytt industriområde","pd":"1985-04-30","c":45}},{"type":"Feature","geometry":{"type":"Polygon","coordinates":[[[10.70074,59.44325],[10.70085,59.4432],[10.70072,59.44312],[10.70044,59.44319],[10.70051,59.44324],[10.70074,59.44325]]]},"properties":{"a":251,"v":228,"dh":0.91,"pl":1,"pn":"Solgaard Skog. Eksisterende og nytt industriområde","pd":"1985-04-30","sh":1,"c":49}},{"type":"Feature","geometry":{"type":"Polygon","coordinates":[[[10.69933,59.44358],[10.69953,59.44359],[10.69949,59.44349],[10.69934,59.44346],[10.69927,59.44334],[10.69916,59.44334],[10.69918,59.44344],[10.69933,59.44349],[10.69933,59.44358]]]},"properties":{"a":251,"v":-203,"dh":0.81,"pl":1,"pn":"Solgaard Skog. Eksisterende og nytt industriområde","pd":"1985-04-30","sh":1,"c":45}},{"type":"Feature","geometry":{"type":"Polygon","coordinates":[[[10.69858,59.44405],[10.69847,59.44393],[10.69834,59.44389],[10.69785,59.44353],[10.69761,59.44347],[10.69823,59.44382],[10.69838,59.44398],[10.69858,59.44405]]]},"properties":{"a":293,"v":315,"dh":1.08,"pl":1,"pn":"Solgaard Skog. Eksisterende og nytt industriområde","pd":"1985-04-30","c":45}},{"type":"Feature","geometry":{"type":"Polygon","coordinates":[[[10.69702,59.44437],[10.69704,59.44433],[10.69695,59.44421],[10.69684,59.44417],[10.69676,59.44407],[10.69675,59.44392],[10.69684,59.44384],[10.69698,59.44381],[10.69699,59.44374],[10.69717,59.44374],[10.69704,59.44361],[10.69674,59.44366],[10.69676,59.44362],[10.69661,59.44356],[10.69655,59.4434],[10.69637,59.44324],[10.69637,59.44329],[10.69648,59.44339],[10.69643,59.44343],[10.69648,59.44343],[10.69649,59.44349],[10.69652,59.44349],[10.69649,59.44356],[10.69669,59.44367],[10.69668,59.44378],[10.69673,59.44375],[10.6967,59.44389],[10.69662,59.444],[10.69666,59.4441],[10.69673,59.44413],[10.69666,59.44422],[10.69677,59.44419],[10.69702,59.44437]]]},"properties":{"a":1085,"v":-4698,"dh":4.33,"pl":1,"pn":"GJERREBOGEN DEL AV GJERREBOGEN","pd":"1968-11-05","fo":1,"c":50}},{"type":"Feature","geometry":{"type":"Polygon","coordinates":[[[10.69948,59.44418],[10.70011,59.44403],[10.70021,59.4439],[10.7001,59.44385],[10.6998,59.44386],[10.69962,59.44382],[10.69948,59.44405],[10.69948,59.44418]]]},"properties":{"a":1025,"v":-925,"dh":0.9,"pl":1,"pn":"Solgaard Skog. Eksisterende og nytt industriområde","pd":"1985-04-30","c":45}},{"type":"Feature","geometry":{"type":"Polygon","coordinates":[[[10.69442,59.44421],[10.69441,59.44397],[10.69438,59.44396],[10.69429,59.44402],[10.69436,59.44408],[10.69434,59.4442],[10.69442,59.44421]]]},"properties":{"a":129,"v":107,"dh":0.83,"pl":1,"pn":"GJERREBOGEN II","pd":"1972-06-22","sh":1,"c":51}},{"type":"Feature","geometry":{"type":"Polygon","coordinates":[[[10.69764,59.44469],[10.6978,59.44467],[10.69781,59.44458],[10.6977,59.44445],[10.6978,59.44432],[10.69779,59.44425],[10.69768,59.44404],[10.69776,59.444],[10.69769,59.44389],[10.69735,59.44385],[10.69723,59.44387],[10.69715,59.44398],[10.69703,59.44404],[10.69708,59.44409],[10.69705,59.44415],[10.69694,59.44415],[10.69702,59.44397],[10.69677,59.44394],[10.69676,59.44405],[10.69682,59.44414],[10.69695,59.4442],[10.69702,59.44432],[10.69711,59.44433],[10.69711,59.4444],[10.6972,59.44439],[10.69717,59.44441],[10.69728,59.44455],[10.69764,59.44469]]]},"properties":{"a":3277,"v":8061,"dh":2.46,"pl":1,"pn":"GJERREBOGEN DEL AV GJERREBOGEN","pd":"1968-11-05","c":50}},{"type":"Feature","geometry":{"type":"Polygon","coordinates":[[[10.69847,59.44465],[10.69844,59.44453],[10.6983,59.44449],[10.69844,59.44442],[10.69836,59.4443],[10.6982,59.44425],[10.69798,59.44411],[10.69798,59.44405],[10.69782,59.44399],[10.69779,59.44407],[10.69795,59.44421],[10.69796,59.44439],[10.69782,59.44442],[10.69779,59.44452],[10.6979,59.44457],[10.6981,59.4448],[10.6983,59.44488],[10.69839,59.44485],[10.69837,59.44481],[10.69847,59.44465]],[[10.69793,59.44439],[10.69796,59.4444],[10.69793,59.44441],[10.69793,59.44439]],[[10.69808,59.44429],[10.69812,59.44431],[10.69808,59.44431],[10.69808,59.44429]],[[10.69828,59.44483],[10.6983,59.44484],[10.69828,59.44484],[10.69828,59.44483]]]},"properties":{"a":2006,"v":-2007,"dh":1.0,"pl":1,"pn":"GJERREBOGEN DEL AV GJERREBOGEN","pd":"1968-11-05","c":50}},{"type":"Feature","geometry":{"type":"Polygon","coordinates":[[[10.69509,59.44492],[10.695,59.44444],[10.69497,59.4446],[10.69501,59.44471],[10.69495,59.44477],[10.69495,59.44486],[10.6949,59.44491],[10.69498,59.44501],[10.69517,59.44501],[10.69509,59.44492]]]},"properties":{"a":378,"v":388,"dh":1.03,"pl":1,"pn":"GJERREBOGEN II","pd":"1972-06-22","c":51}},{"type":"Feature","geometry":{"type":"Polygon","coordinates":[[[10.71125,59.44355],[10.71189,59.44359],[10.71204,59.44345],[10.7121,59.44328],[10.71227,59.44312],[10.71236,59.44289],[10.71253,59.44276],[10.71255,59.44266],[10.71269,59.4426],[10.71256,59.44257],[10.7124,59.44263],[10.71221,59.44264],[10.71216,59.4427],[10.71197,59.44277],[10.71201,59.44282],[10.71176,59.44284],[10.71193,59.44303],[10.71192,59.44323],[10.71182,59.44332],[10.71147,59.44336],[10.71117,59.44331],[10.71107,59.44338],[10.71107,59.44344],[10.71125,59.44355]]]},"properties":{"a":3216,"v":-9046,"dh":2.81,"pl":1,"pn":"Solgaard, Renovasjonsanlegg mv.","pd":"1994-05-06","c":20}},{"type":"Feature","geometry":{"type":"Polygon","coordinates":[[[10.71307,59.44323],[10.71324,59.44308],[10.71318,59.44299],[10.71309,59.44299],[10.71307,59.44323]]]},"properties":{"a":146,"v":144,"dh":0.98,"pl":1,"pn":"Detaljregulering for ny vannledning Årvoll til Vestby grense","pd":"2019-05-21","sh":1,"c":52}},{"type":"Feature","geometry":{"type":"MultiPolygon","coordinates":[[[[10.71196,59.44357],[10.7122,59.44338],[10.71221,59.44329],[10.71204,59.4435],[10.71194,59.44356],[10.71196,59.44357]]],[[[10.71192,59.4436],[10.71186,59.44365],[10.71184,59.4437],[10.71191,59.44367],[10.71192,59.4436]]]]},"properties":{"a":103,"v":81,"dh":0.79,"pl":1,"pn":"Solgaard, Renovasjonsanlegg mv.","pd":"1994-05-06","sh":1,"c":20}},{"type":"Feature","geometry":{"type":"Polygon","coordinates":[[[10.71283,59.44379],[10.71298,59.44354],[10.71305,59.44358],[10.71315,59.44349],[10.71305,59.44349],[10.71311,59.44335],[10.71307,59.44324],[10.71285,59.44348],[10.71279,59.44365],[10.7127,59.44368],[10.71283,59.44379]]]},"properties":{"a":476,"v":472,"dh":0.99,"pl":1,"pn":"Detaljregulering for ny vannledning Årvoll til Vestby grense","pd":"2019-05-21","sh":1,"c":52}},{"type":"Feature","geometry":{"type":"MultiPolygon","coordinates":[[[[10.71212,59.44407],[10.71171,59.44392],[10.71175,59.4439],[10.7117,59.44378],[10.71179,59.44373],[10.71165,59.44367],[10.71149,59.44378],[10.71139,59.44379],[10.71144,59.44382],[10.71136,59.44386],[10.71069,59.44388],[10.71041,59.44395],[10.71069,59.44394],[10.71073,59.44402],[10.71082,59.44404],[10.71079,59.44409],[10.71151,59.44403],[10.7109,59.44396],[10.71093,59.44391],[10.71137,59.44388],[10.71139,59.44392],[10.71161,59.44392],[10.71175,59.44396],[10.71173,59.444],[10.71212,59.44407]]],[[[10.71212,59.44407],[10.7122,59.44407],[10.71218,59.44406],[10.71212,59.44407]]]]},"properties":{"a":1156,"v":1624,"dh":1.4,"pl":1,"pn":"Solgaard, Renovasjonsanlegg mv.","pd":"1994-05-06","fo":1,"c":20}},{"type":"Feature","geometry":{"type":"Polygon","coordinates":[[[10.71142,59.4445],[10.71133,59.44439],[10.71139,59.44429],[10.71137,59.44421],[10.71119,59.44411],[10.71102,59.44412],[10.71084,59.4442],[10.71082,59.44411],[10.71075,59.4441],[10.71079,59.44416],[10.71057,59.44434],[10.71075,59.44441],[10.71142,59.4445]]]},"properties":{"a":1349,"v":4542,"dh":3.37,"pl":1,"pn":"Solgaard, Renovasjonsanlegg mv.","pd":"1994-05-06","fo":1,"c":53}},{"type":"Feature","geometry":{"type":"Polygon","coordinates":[[[10.71156,59.44442],[10.7117,59.44441],[10.7117,59.44433],[10.71161,59.4443],[10.71166,59.44422],[10.71157,59.4442],[10.71156,59.44442]]]},"properties":{"a":147,"v":232,"dh":1.58,"pl":1,"pn":"Solgaard, Renovasjonsanlegg mv.","pd":"1994-05-06","fo":1,"c":53}},{"type":"Feature","geometry":{"type":"Polygon","coordinates":[[[10.712,59.44542],[10.71205,59.44533],[10.71219,59.44531],[10.71224,59.44525],[10.71221,59.44516],[10.71206,59.44519],[10.71219,59.44509],[10.71219,59.44493],[10.71222,59.44491],[10.7122,59.44485],[10.71209,59.4448],[10.71206,59.44481],[10.7121,59.44495],[10.71205,59.44501],[10.71207,59.44508],[10.7119,59.44528],[10.71202,59.44522],[10.71206,59.44523],[10.71199,59.44532],[10.71187,59.44538],[10.712,59.44542]]]},"properties":{"a":566,"v":651,"dh":1.15,"pl":1,"pn":"Detaljregulering for ny vannledning Årvoll til Vestby grense","pd":"2019-05-21","fo":1,"c":59}},{"type":"Feature","geometry":{"type":"Polygon","coordinates":[[[10.71173,59.44536],[10.71197,59.44516],[10.71204,59.44493],[10.71196,59.44494],[10.71186,59.4452],[10.71178,59.44522],[10.71169,59.44531],[10.71173,59.44536]]]},"properties":{"a":256,"v":-410,"dh":1.6,"pl":1,"pn":"Detaljregulering for ny vannledning Årvoll til Vestby grense","pd":"2019-05-21","fo":1,"c":59}},{"type":"Feature","geometry":{"type":"Polygon","coordinates":[[[10.71171,59.44607],[10.7118,59.44597],[10.71177,59.44587],[10.71182,59.44578],[10.71178,59.44571],[10.71172,59.44579],[10.71176,59.44592],[10.71166,59.44601],[10.71171,59.44607]]]},"properties":{"a":139,"v":127,"dh":0.91,"pl":1,"pn":"Detaljregulering for ny vannledning Årvoll til Vestby grense","pd":"2019-05-21","sh":1,"c":52}},{"type":"Feature","geometry":{"type":"Polygon","coordinates":[[[10.70153,59.44463],[10.70162,59.44463],[10.70162,59.44458],[10.70183,59.44444],[10.70165,59.44441],[10.70143,59.44456],[10.7013,59.44457],[10.70141,59.44464],[10.70141,59.44469],[10.70122,59.4446],[10.70122,59.44465],[10.701,59.44477],[10.70098,59.44485],[10.70104,59.44491],[10.70113,59.44492],[10.70121,59.44482],[10.70137,59.44478],[10.70153,59.44463]]]},"properties":{"a":827,"v":1526,"dh":1.85,"pl":1,"pn":"E6 GJENNOM MOSS","pd":"1998-03-26","fo":1,"c":42}},{"type":"Feature","geometry":{"type":"Polygon","coordinates":[[[10.6972,59.4447],[10.69684,59.44464],[10.69686,59.44469],[10.69697,59.44469],[10.69701,59.44476],[10.69713,59.44476],[10.69721,59.44484],[10.69726,59.44484],[10.69722,59.44481],[10.69725,59.44474],[10.6972,59.4447]]]},"properties":{"a":174,"v":196,"dh":1.13,"pl":1,"pn":"GJERREBOGEN II","pd":"1972-06-22","fo":1,"c":50}},{"type":"Feature","geometry":{"type":"MultiPolygon","coordinates":[[[[10.6975,59.44466],[10.69761,59.44476],[10.6977,59.44475],[10.69755,59.44464],[10.69726,59.44455],[10.69722,59.44448],[10.69709,59.44455],[10.6973,59.44467],[10.6975,59.44466]]],[[[10.6975,59.44469],[10.69752,59.44468],[10.6975,59.44468],[10.6975,59.44469]]],[[[10.69812,59.44504],[10.69793,59.44483],[10.6977,59.44475],[10.69799,59.44493],[10.69801,59.44497],[10.69795,59.44496],[10.69796,59.445],[10.69804,59.44499],[10.69812,59.44504]]],[[[10.69812,59.44504],[10.69812,59.44505],[10.69813,59.44505],[10.69813,59.44504],[10.69812,59.44504]]]]},"properties":{"a":365,"v":-1297,"dh":3.55,"pl":1,"pn":"GJERREBOGEN DEL AV GJERREBOGEN","pd":"1968-11-05","sl":1,"c":50}},{"type":"Feature","geometry":{"type":"Polygon","coordinates":[[[10.70046,59.44497],[10.70094,59.44481],[10.70094,59.44477],[10.70033,59.44495],[10.70046,59.44497]]]},"properties":{"a":189,"v":-274,"dh":1.45,"pl":1,"pn":"E6 GJENNOM MOSS","pd":"1998-03-26","fo":1,"c":42}},{"type":"Feature","geometry":{"type":"Polygon","coordinates":[[[10.69681,59.44529],[10.69723,59.44521],[10.69738,59.44522],[10.69749,59.44515],[10.69748,59.44509],[10.69725,59.44493],[10.69711,59.44499],[10.69731,59.44508],[10.69728,59.44518],[10.69701,59.44508],[10.69687,59.44514],[10.69668,59.44514],[10.69684,59.44523],[10.69686,59.44526],[10.69681,59.44529]]]},"properties":{"a":726,"v":954,"dh":1.31,"pl":0,"fo":1,"c":54}},{"type":"Feature","geometry":{"type":"Polygon","coordinates":[[[10.69803,59.44508],[10.69809,59.44517],[10.69843,59.44531],[10.69845,59.44538],[10.69852,59.44534],[10.69844,59.44522],[10.69839,59.44522],[10.69844,59.44515],[10.69828,59.44514],[10.69841,59.44524],[10.69838,59.44528],[10.69805,59.44503],[10.6979,59.44504],[10.69791,59.44511],[10.69803,59.44508]],[[10.69801,59.44508],[10.69798,59.44507],[10.69801,59.44507],[10.69801,59.44508]]]},"properties":{"a":292,"v":-676,"dh":2.31,"pl":1,"pn":"GJERREBOGEN DEL AV GJERREBOGEN","pd":"1968-11-05","sl":1,"c":50}},{"type":"Feature","geometry":{"type":"Polygon","coordinates":[[[10.69635,59.44543],[10.69646,59.44537],[10.69626,59.4453],[10.69608,59.44531],[10.69612,59.44537],[10.69621,59.44536],[10.69623,59.44542],[10.69635,59.44543]]]},"properties":{"a":181,"v":172,"dh":0.95,"pl":2,"pn":"Peer Gynts vei 86 - Ny legevakt","pd":"2025-04-08","sh":1,"c":55}},{"type":"Feature","geometry":{"type":"Polygon","coordinates":[[[10.69724,59.44552],[10.69741,59.44539],[10.69739,59.44534],[10.6972,59.44534],[10.69724,59.44552]]]},"properties":{"a":147,"v":150,"dh":1.02,"pl":0,"fo":1,"c":54}},{"type":"Feature","geometry":{"type":"Polygon","coordinates":[[[10.69715,59.44554],[10.6972,59.44549],[10.69718,59.44541],[10.69711,59.44538],[10.69704,59.44545],[10.69706,59.44552],[10.69715,59.44554]]]},"properties":{"a":105,"v":-131,"dh":1.24,"pl":0,"fo":1,"c":54}},{"type":"Feature","geometry":{"type":"Polygon","coordinates":[[[10.69442,59.44559],[10.69474,59.44559],[10.69477,59.44556],[10.6947,59.44554],[10.69466,59.44547],[10.69447,59.44545],[10.69451,59.44549],[10.69442,59.44559]],[[10.69454,59.44554],[10.69456,59.44552],[10.69456,59.44554],[10.69454,59.44554]]]},"properties":{"a":218,"v":239,"dh":1.1,"pl":2,"pn":"Peer Gynts vei 86 - Ny legevakt","pd":"2025-04-08","fo":1,"c":56}},{"type":"Feature","geometry":{"type":"Polygon","coordinates":[[[10.70919,59.44394],[10.70919,59.44388],[10.70926,59.44383],[10.70924,59.44379],[10.70934,59.44371],[10.70979,59.44366],[10.70996,59.44349],[10.70996,59.44338],[10.70979,59.44325],[10.7097,59.44325],[10.7096,59.44335],[10.70934,59.44341],[10.70927,59.44349],[10.70927,59.44369],[10.70892,59.44382],[10.70891,59.44391],[10.70903,59.44388],[10.70907,59.44394],[10.70919,59.44394]]]},"properties":{"a":1721,"v":-3839,"dh":2.23,"pl":1,"pn":"Solgaard, Renovasjonsanlegg mv.","pd":"1994-05-06","c":20}},{"type":"Feature","geometry":{"type":"Polygon","coordinates":[[[10.70897,59.44408],[10.70909,59.44403],[10.70879,59.44404],[10.7088,59.44398],[10.7087,59.444],[10.70857,59.44394],[10.70883,59.4438],[10.70874,59.44374],[10.70846,59.44379],[10.70841,59.44384],[10.70845,59.4439],[10.70834,59.44387],[10.70841,59.44376],[10.7084,59.44364],[10.70857,59.44361],[10.70853,59.4435],[10.70842,59.44341],[10.70833,59.4436],[10.70829,59.44389],[10.7087,59.44407],[10.70897,59.44408]]]},"properties":{"a":898,"v":1037,"dh":1.15,"pl":1,"pn":"Solgaard, Renovasjonsanlegg mv.","pd":"1994-05-06","c":20}},{"type":"Feature","geometry":{"type":"Polygon","coordinates":[[[10.70237,59.44409],[10.70271,59.4438],[10.70276,59.44372],[10.70269,59.44371],[10.70262,59.44382],[10.70247,59.4439],[10.70247,59.44394],[10.70238,59.44398],[10.70232,59.44408],[10.70237,59.44409]]]},"properties":{"a":193,"v":448,"dh":2.32,"pl":1,"pn":"E6 GJENNOM MOSS","pd":"1998-03-26","sl":1,"c":42}},{"type":"Feature","geometry":{"type":"MultiPolygon","coordinates":[[[[10.70643,59.44409],[10.70664,59.44404],[10.70696,59.44403],[10.70706,59.44408],[10.70712,59.44408],[10.70713,59.44401],[10.70733,59.44404],[10.70767,59.44385],[10.70751,59.44384],[10.70752,59.44371],[10.70738,59.44375],[10.70736,59.44371],[10.70728,59.44376],[10.7069,59.44371],[10.70675,59.4438],[10.70678,59.44399],[10.70651,59.44401],[10.70643,59.44409]],[[10.70721,59.44394],[10.70725,59.4439],[10.70732,59.4439],[10.70732,59.44395],[10.70721,59.44394]],[[10.70743,59.44394],[10.70737,59.44391],[10.70753,59.44388],[10.70743,59.44394]]],[[[10.70641,59.4441],[10.70643,59.44411],[10.70643,59.4441],[10.70641,59.4441]]]]},"properties":{"a":1510,"v":2196,"dh":1.45,"pl":2,"pn":"Solgård Avfallsplass","pd":"2025-02-11","fo":1,"c":19}},{"type":"Feature","geometry":{"type":"Polygon","coordinates":[[[10.70688,59.44457],[10.707,59.44449],[10.70704,59.44438],[10.70674,59.44432],[10.70671,59.44436],[10.70681,59.4444],[10.70639,59.44438],[10.70629,59.44445],[10.70688,59.44457]],[[10.70692,59.44444],[10.70696,59.44443],[10.70696,59.44444],[10.70692,59.44444]],[[10.70683,59.44441],[10.70689,59.4444],[10.70689,59.44441],[10.70683,59.44441]]]},"properties":{"a":589,"v":654,"dh":1.11,"pl":1,"pn":"Solgaard, Renovasjonsanlegg mv.","pd":"1994-05-06","c":20}},{"type":"Feature","geometry":{"type":"Polygon","coordinates":[[[10.71107,59.44586],[10.71117,59.44584],[10.7111,59.44581],[10.71115,59.44577],[10.71113,59.4457],[10.71104,59.4457],[10.71096,59.44579],[10.71107,59.44586]]]},"properties":{"a":135,"v":236,"dh":1.75,"pl":1,"pn":"Solgaard, Renovasjonsanlegg mv.","pd":"1994-05-06","fo":1,"c":53}},{"type":"Feature","geometry":{"type":"Polygon","coordinates":[[[10.70504,59.44761],[10.70556,59.44755],[10.70582,59.44742],[10.70591,59.44737],[10.70594,59.44726],[10.70583,59.44725],[10.70579,59.4471],[10.70563,59.44713],[10.70518,59.44706],[10.70486,59.44719],[10.70476,59.4473],[10.70475,59.44745],[10.70482,59.44754],[10.70504,59.44761]]]},"properties":{"a":3045,"v":5323,"dh":1.75,"pl":1,"pn":"Del av Patterød","pd":"1985-09-17","c":57}},{"type":"Feature","geometry":{"type":"Polygon","coordinates":[[[10.70496,59.44791],[10.705,59.44788],[10.7044,59.44763],[10.70418,59.44748],[10.70397,59.44743],[10.70335,59.44714],[10.70305,59.44704],[10.70369,59.4474],[10.70441,59.4477],[10.70459,59.44784],[10.70496,59.44791]]]},"properties":{"a":1070,"v":-2969,"dh":2.77,"pl":1,"pn":"PATTERØD - BOLIGOMRÅDE","pd":"1991-01-31","fo":1,"c":58}},{"type":"Feature","geometry":{"type":"Polygon","coordinates":[[[10.70365,59.44805],[10.70364,59.44796],[10.70375,59.4479],[10.70355,59.44783],[10.70339,59.44794],[10.70343,59.44801],[10.70365,59.44805]]]},"properties":{"a":265,"v":481,"dh":1.82,"pl":1,"pn":"PATTERØD - BOLIGOMRÅDE","pd":"1991-01-31","fo":1,"c":58}},{"type":"Feature","geometry":{"type":"Polygon","coordinates":[[[10.71068,59.44804],[10.71084,59.44789],[10.71083,59.44786],[10.71076,59.44785],[10.71064,59.44795],[10.71063,59.44804],[10.71068,59.44804]]]},"properties":{"a":109,"v":-137,"dh":1.25,"pl":1,"pn":"Detaljregulering for ny vannledning Årvoll til Vestby grense","pd":"2019-05-21","fo":1,"c":59}},{"type":"Feature","geometry":{"type":"Polygon","coordinates":[[[10.7671,59.44062],[10.76729,59.44055],[10.76717,59.44038],[10.76707,59.44036],[10.767,59.44052],[10.76715,59.44059],[10.7671,59.44062]]]},"properties":{"a":283,"v":607,"dh":2.15,"pl":0,"fo":1,"c":60}},{"type":"Feature","geometry":{"type":"Polygon","coordinates":[[[10.73743,59.4413],[10.73757,59.44128],[10.73758,59.44115],[10.73741,59.44123],[10.73743,59.4413]]]},"properties":{"a":121,"v":180,"dh":1.49,"pl":1,"pn":"Detaljregulering for Nore og Vanem felt 7-12","pd":"2019-06-06","fo":1,"c":11}},{"type":"Feature","geometry":{"type":"Polygon","coordinates":[[[10.7469,59.4413],[10.74699,59.44127],[10.74692,59.44122],[10.74697,59.44118],[10.74691,59.44114],[10.74679,59.44118],[10.7468,59.44126],[10.7469,59.4413]]]},"properties":{"a":127,"v":159,"dh":1.25,"pl":0,"fo":1,"c":61}},{"type":"Feature","geometry":{"type":"Polygon","coordinates":[[[10.7815,59.44114],[10.78146,59.44105],[10.78122,59.44098],[10.78132,59.44109],[10.7815,59.44114]]]},"properties":{"a":138,"v":223,"dh":1.61,"pl":0,"fo":1,"c":62}},{"type":"Feature","geometry":{"type":"MultiPolygon","coordinates":[[[[10.78314,59.44117],[10.78345,59.44135],[10.78332,59.44124],[10.78351,59.44123],[10.78356,59.44114],[10.78347,59.44112],[10.78332,59.44095],[10.78334,59.44102],[10.78315,59.44104],[10.7831,59.4411],[10.78301,59.44102],[10.7829,59.44103],[10.78306,59.44111],[10.78307,59.44118],[10.78298,59.44118],[10.78312,59.4412],[10.7831,59.44117],[10.78314,59.44117]],[[10.78332,59.44103],[10.78334,59.44104],[10.78333,59.44104],[10.78332,59.44103]]],[[[10.78314,59.44124],[10.78329,59.44135],[10.78297,59.44123],[10.78313,59.44136],[10.7834,59.4414],[10.78323,59.44123],[10.78314,59.44124]]]]},"properties":{"a":704,"v":776,"dh":1.1,"pl":0,"c":63}},{"type":"Feature","geometry":{"type":"Polygon","coordinates":[[[10.77517,59.44163],[10.77526,59.44153],[10.77518,59.44146],[10.77506,59.44147],[10.77508,59.44158],[10.77517,59.44163]]]},"properties":{"a":132,"v":224,"dh":1.7,"pl":0,"fo":1,"c":64}},{"type":"Feature","geometry":{"type":"Polygon","coordinates":[[[10.74469,59.44327],[10.74459,59.44297],[10.74446,59.44292],[10.74456,59.44313],[10.7446,59.44313],[10.74462,59.44326],[10.74469,59.44327]]]},"properties":{"a":138,"v":-227,"dh":1.65,"pl":0,"sl":1,"c":65}},{"type":"Feature","geometry":{"type":"Polygon","coordinates":[[[10.74455,59.44349],[10.7445,59.44333],[10.74438,59.44326],[10.74442,59.44341],[10.74455,59.44349]]]},"properties":{"a":107,"v":-232,"dh":2.16,"pl":0,"sl":1,"c":65}},{"type":"Feature","geometry":{"type":"Polygon","coordinates":[[[10.77898,59.44367],[10.77901,59.44355],[10.77899,59.4434],[10.77883,59.44337],[10.77871,59.44346],[10.77873,59.44354],[10.77884,59.4436],[10.77884,59.44364],[10.77898,59.44367]]]},"properties":{"a":394,"v":-778,"dh":1.97,"pl":0,"fo":1,"c":66}},{"type":"Feature","geometry":{"type":"Polygon","coordinates":[[[10.74102,59.44459],[10.74095,59.44448],[10.74089,59.44448],[10.74096,59.4444],[10.74083,59.44434],[10.7408,59.44441],[10.74087,59.44444],[10.74084,59.44449],[10.74102,59.44459]]]},"properties":{"a":114,"v":-158,"dh":1.38,"pl":1,"pn":"Detaljregulering for Nore og Vanem felt 7-12","pd":"2019-06-06","sl":1,"c":67}},{"type":"Feature","geometry":{"type":"Polygon","coordinates":[[[10.72789,59.44238],[10.72817,59.44219],[10.72813,59.44211],[10.72795,59.44208],[10.72793,59.44213],[10.72768,59.44224],[10.72763,59.44231],[10.72789,59.44238]]]},"properties":{"a":563,"v":-1130,"dh":2.01,"pl":1,"pn":"Detaljregulering for Nore og Vanem felt 7-12","pd":"2019-06-06","fo":1,"c":24}},{"type":"Feature","geometry":{"type":"Polygon","coordinates":[[[10.7273,59.44324],[10.72726,59.44318],[10.72739,59.44313],[10.7273,59.4431],[10.72724,59.44295],[10.72718,59.44295],[10.7272,59.443],[10.7271,59.44305],[10.72708,59.44311],[10.72714,59.44313],[10.72712,59.44318],[10.7273,59.44324]]]},"properties":{"a":244,"v":-395,"dh":1.62,"pl":1,"pn":"Detaljreguleringsplan Nore/Vanem næringsområde I/L1-6","pd":"2016-12-12","fo":1,"c":68}},{"type":"Feature","geometry":{"type":"Polygon","coordinates":[[[10.72499,59.44392],[10.72605,59.44326],[10.72615,59.44314],[10.72643,59.44298],[10.72642,59.44293],[10.72624,59.44286],[10.72624,59.44276],[10.72619,59.44284],[10.72596,59.44281],[10.72587,59.44288],[10.7259,59.443],[10.72557,59.44323],[10.72565,59.44329],[10.72554,59.44334],[10.72547,59.44354],[10.72526,59.44364],[10.7252,59.44376],[10.72496,59.44391],[10.72499,59.44392]]]},"properties":{"a":2065,"v":-3258,"dh":1.58,"pl":1,"pn":"Detaljreguleringsplan Nore/Vanem næringsområde I/L1-6","pd":"2016-12-12","c":68}},{"type":"Feature","geometry":{"type":"Polygon","coordinates":[[[10.72599,59.44443],[10.7261,59.44426],[10.72603,59.44421],[10.72576,59.44412],[10.72548,59.44406],[10.72539,59.44412],[10.72541,59.44425],[10.72551,59.44434],[10.72576,59.44446],[10.72599,59.44443]]]},"properties":{"a":1103,"v":-1615,"dh":1.46,"pl":1,"pn":"Detaljreguleringsplan Nore/Vanem næringsområde I/L1-6","pd":"2016-12-12","c":68}},{"type":"Feature","geometry":{"type":"Polygon","coordinates":[[[10.72625,59.44472],[10.72626,59.44459],[10.72621,59.44454],[10.72612,59.44456],[10.72614,59.44472],[10.72625,59.44472]]]},"properties":{"a":135,"v":-184,"dh":1.36,"pl":1,"pn":"Detaljreguleringsplan Nore/Vanem næringsområde I/L1-6","pd":"2016-12-12","c":68}},{"type":"Feature","geometry":{"type":"Polygon","coordinates":[[[10.72534,59.44594],[10.72562,59.44589],[10.72564,59.44581],[10.72579,59.44575],[10.72579,59.44567],[10.72606,59.44553],[10.726,59.44538],[10.72587,59.44531],[10.72581,59.44519],[10.72574,59.44513],[10.72565,59.44513],[10.72563,59.44504],[10.72574,59.44502],[10.72573,59.44497],[10.72538,59.44499],[10.72544,59.44503],[10.72533,59.4451],[10.72534,59.44523],[10.72526,59.44531],[10.72538,59.44539],[10.72533,59.44545],[10.72535,59.44549],[10.72519,59.44545],[10.72512,59.44548],[10.72502,59.44541],[10.72493,59.44547],[10.72499,59.44553],[10.72496,59.44562],[10.72512,59.44565],[10.72514,59.44571],[10.72519,59.44572],[10.72514,59.44585],[10.72505,59.44584],[10.72504,59.44588],[10.72534,59.44594]],[[10.72553,59.44506],[10.72554,59.44505],[10.72554,59.44506],[10.72553,59.44506]]]},"properties":{"a":3635,"v":-5187,"dh":1.43,"pl":1,"pn":"Detaljreguleringsplan Nore/Vanem næringsområde I/L1-6","pd":"2016-12-12","c":68}},{"type":"Feature","geometry":{"type":"MultiPolygon","coordinates":[[[[10.73169,59.44584],[10.73195,59.44583],[10.73202,59.44573],[10.73175,59.44569],[10.73167,59.44578],[10.73169,59.44584]]],[[[10.73165,59.44585],[10.73167,59.44586],[10.73167,59.44585],[10.73165,59.44585]]]]},"properties":{"a":267,"v":-341,"dh":1.28,"pl":1,"pn":"Moss pukkverk","pd":"2014-12-15","c":69}},{"type":"Feature","geometry":{"type":"Polygon","coordinates":[[[10.73241,59.44615],[10.73267,59.4461],[10.73258,59.44607],[10.73273,59.44598],[10.73261,59.4459],[10.73269,59.44582],[10.73259,59.44587],[10.73236,59.44585],[10.73213,59.44596],[10.73192,59.44596],[10.73203,59.44605],[10.73224,59.44599],[10.73228,59.44612],[10.73241,59.44615]]]},"properties":{"a":876,"v":-2961,"dh":3.38,"pl":1,"pn":"Moss pukkverk","pd":"2014-12-15","c":69}},{"type":"Feature","geometry":{"type":"Polygon","coordinates":[[[10.72378,59.44675],[10.72423,59.44664],[10.72426,59.44656],[10.72421,59.44648],[10.72422,59.44643],[10.72436,59.44643],[10.72441,59.44637],[10.7243,59.44622],[10.72409,59.44628],[10.72416,59.44621],[10.72435,59.44612],[10.72461,59.4462],[10.72457,59.44605],[10.72444,59.44596],[10.72444,59.44587],[10.72433,59.44586],[10.72428,59.44578],[10.72415,59.44578],[10.72407,59.44564],[10.72381,59.44556],[10.72365,59.44562],[10.72364,59.44569],[10.72355,59.44569],[10.72356,59.44566],[10.72349,59.44564],[10.72351,59.44569],[10.72344,59.4457],[10.72346,59.44575],[10.72336,59.4458],[10.72333,59.44595],[10.72337,59.44597],[10.72328,59.44599],[10.72327,59.44614],[10.72313,59.44609],[10.72311,59.44613],[10.72283,59.44615],[10.72274,59.44611],[10.72266,59.4463],[10.72289,59.44625],[10.72282,59.44632],[10.72291,59.44631],[10.72298,59.4464],[10.72318,59.44636],[10.72324,59.4463],[10.72341,59.4464],[10.7234,59.44651],[10.72354,59.44651],[10.72354,59.44666],[10.72376,59.44668],[10.72378,59.44675]],[[10.72411,59.44632],[10.72413,59.4463],[10.72413,59.44631],[10.72411,59.44632]],[[10.7229,59.44618],[10.72296,59.44618],[10.72292,59.4462],[10.7229,59.44618]],[[10.72344,59.44591],[10.72345,59.44593],[10.72344,59.44593],[10.72344,59.44591]],[[10.72344,59.44591],[10.72342,59.4459],[10.72343,59.4459],[10.72344,59.44591]],[[10.72353,59.44573],[10.72355,59.44571],[10.72355,59.44573],[10.72353,59.44573]]]},"properties":{"a":7128,"v":-10614,"dh":1.49,"pl":1,"pn":"Detaljreguleringsplan Nore/Vanem næringsområde I/L1-6","pd":"2016-12-12","c":68}},{"type":"Feature","geometry":{"type":"Polygon","coordinates":[[[10.73352,59.44651],[10.73369,59.44646],[10.73378,59.44639],[10.73377,59.44632],[10.7332,59.44602],[10.73309,59.44604],[10.7331,59.44625],[10.73307,59.44628],[10.73294,59.44625],[10.73298,59.44623],[10.73294,59.4462],[10.73282,59.44623],[10.73282,59.44619],[10.7329,59.44617],[10.73288,59.44609],[10.73262,59.44616],[10.73238,59.44629],[10.73254,59.44641],[10.73273,59.44633],[10.73317,59.44648],[10.73352,59.44651]]]},"properties":{"a":2256,"v":-5382,"dh":2.39,"pl":1,"pn":"Moss pukkverk","pd":"2014-12-15","c":69}},{"type":"Feature","geometry":{"type":"Polygon","coordinates":[[[10.71166,59.44643],[10.71173,59.44636],[10.71171,59.44629],[10.7116,59.44618],[10.71157,59.44605],[10.71154,59.44606],[10.71141,59.44636],[10.71152,59.44643],[10.71166,59.44643]]]},"properties":{"a":400,"v":-1045,"dh":2.61,"pl":1,"pn":"Detaljregulering for ny vannledning Årvoll til Vestby grense","pd":"2019-05-21","fo":1,"c":59}},{"type":"Feature","geometry":{"type":"Polygon","coordinates":[[[10.71244,59.44642],[10.71252,59.4464],[10.7125,59.44632],[10.71215,59.44627],[10.71219,59.44636],[10.71244,59.44642]]]},"properties":{"a":242,"v":569,"dh":2.35,"pl":1,"pn":"Detaljregulering for ny vannledning Årvoll til Vestby grense","pd":"2019-05-21","fo":1,"c":59}},{"type":"Feature","geometry":{"type":"MultiPolygon","coordinates":[[[[10.72502,59.44377],[10.72527,59.44349],[10.72498,59.44364],[10.72472,59.44384],[10.72416,59.44411],[10.72385,59.44435],[10.72378,59.44434],[10.72375,59.44443],[10.72356,59.44454],[10.72349,59.44454],[10.72347,59.44457],[10.72353,59.44458],[10.72344,59.44458],[10.72279,59.44497],[10.72276,59.44505],[10.72225,59.44547],[10.72187,59.44566],[10.72165,59.44585],[10.72166,59.44597],[10.72158,59.44617],[10.72096,59.44619],[10.72067,59.44634],[10.72054,59.44648],[10.71967,59.44673],[10.71973,59.44684],[10.71967,59.44686],[10.71978,59.44689],[10.71972,59.44698],[10.7194,59.44698],[10.71907,59.44715],[10.71908,59.44725],[10.71902,59.44726],[10.71913,59.44734],[10.71903,59.44741],[10.71917,59.44742],[10.71914,59.44749],[10.71905,59.44749],[10.71907,59.44757],[10.71917,59.44762],[10.71913,59.44771],[10.71873,59.44764],[10.71871,59.44773],[10.71877,59.44781],[10.71859,59.44783],[10.71858,59.44788],[10.71923,59.44811],[10.71945,59.44809],[10.71951,59.44813],[10.71948,59.44833],[10.71981,59.44846],[10.7208,59.44864],[10.72102,59.44874],[10.72104,59.44883],[10.72128,59.449],[10.72139,59.449],[10.72128,59.44888],[10.72132,59.4488],[10.72149,59.44895],[10.72141,59.449],[10.72144,59.44902],[10.72157,59.44903],[10.72171,59.44913],[10.72176,59.44913],[10.72176,59.44907],[10.72196,59.4491],[10.72185,59.44906],[10.72186,59.44891],[10.72182,59.44888],[10.7217,59.44887],[10.72166,59.44883],[10.72171,59.44875],[10.72183,59.44871],[10.72177,59.44852],[10.72187,59.4485],[10.72191,59.44858],[10.722,59.4486],[10.72196,59.44854],[10.72207,59.44852],[10.72208,59.44834],[10.72176,59.4483],[10.72173,59.44817],[10.7218,59.44811],[10.72166,59.4481],[10.72169,59.44804],[10.72151,59.44801],[10.72139,59.44792],[10.72141,59.44799],[10.7213,59.44804],[10.72137,59.44806],[10.72139,59.44802],[10.72141,59.44808],[10.72132,59.44811],[10.72143,59.44816],[10.7214,59.44824],[10.72149,59.44826],[10.72149,59.44833],[10.72166,59.44845],[10.72155,59.44844],[10.72154,59.4485],[10.72136,59.44849],[10.72122,59.4484],[10.72122,59.44816],[10.72104,59.44802],[10.721,59.44792],[10.72076,59.44785],[10.72082,59.44796],[10.72077,59.44796],[10.7207,59.44788],[10.72071,59.44782],[10.72078,59.44782],[10.72069,59.44779],[10.72084,59.44767],[10.72099,59.44769],[10.72112,59.44764],[10.72123,59.44767],[10.72124,59.44775],[10.72131,59.44774],[10.7213,59.44764],[10.72139,59.44759],[10.72135,59.44751],[10.72142,59.44748],[10.72138,59.44743],[10.72148,59.44735],[10.72148,59.44728],[10.72132,59.44723],[10.72139,59.44703],[10.72134,59.44701],[10.72139,59.44696],[10.72162,59.44695],[10.72156,59.44689],[10.72111,59.44691],[10.72077,59.44682],[10.72071,59.44679],[10.72072,59.44669],[10.72069,59.44667],[10.72072,59.44658],[10.72098,59.44645],[10.72138,59.44644],[10.72136,59.4464],[10.72158,59.44647],[10.72158,59.44655],[10.72163,59.44655],[10.72166,59.44637],[10.72175,59.44633],[10.72167,59.44624],[10.7217,59.44613],[10.72192,59.44602],[10.72219,59.44575],[10.72248,59.4456],[10.72252,59.44561],[10.72247,59.44567],[10.72228,59.44579],[10.72219,59.44597],[10.72245,59.44602],[10.72254,59.44608],[10.72268,59.44597],[10.72268,59.44593],[10.72277,59.44592],[10.7228,59.44596],[10.72285,59.44591],[10.72298,59.44592],[10.72305,59.44587],[10.72302,59.4458],[10.72323,59.44573],[10.7233,59.44565],[10.72331,59.44552],[10.72338,59.44551],[10.72342,59.44555],[10.72368,59.44543],[10.72398,59.44545],[10.72403,59.44548],[10.724,59.44554],[10.72426,59.44554],[10.72429,59.44564],[10.72441,59.44568],[10.72451,59.44582],[10.72463,59.44585],[10.72461,59.44581],[10.72466,59.44576],[10.72477,59.44575],[10.72473,59.44572],[10.72476,59.44566],[10.72452,59.44577],[10.7245,59.44562],[10.72439,59.4456],[10.72436,59.44541],[10.72445,59.44535],[10.72461,59.4454],[10.72477,59.44539],[10.7249,59.44527],[10.72508,59.44523],[10.72498,59.44514],[10.72518,59.44512],[10.72519,59.44504],[10.72514,59.44503],[10.72531,59.44498],[10.7253,59.44484],[10.72539,59.44478],[10.72542,59.44465],[10.72562,59.44447],[10.72558,59.44441],[10.72542,59.44438],[10.72529,59.44427],[10.72533,59.44398],[10.72547,59.44392],[10.72561,59.444],[10.72562,59.44406],[10.72575,59.44397],[10.72561,59.44389],[10.7256,59.44372],[10.72567,59.44364],[10.72577,59.44369],[10.72577,59.4436],[10.72568,59.44358],[10.72544,59.4437],[10.72534,59.44381],[10.72511,59.44389],[10.72469,59.44421],[10.7245,59.44426],[10.72424,59.44442],[10.72446,59.44425],[10.72463,59.444],[10.72475,59.44396],[10.7249,59.4438],[10.72502,59.44377]],[[10.72166,59.4481],[10.72164,59.44811],[10.72164,59.4481],[10.72166,59.4481]],[[10.72434,59.44566],[10.72432,59.44563],[10.72437,59.44565],[10.72434,59.44566]],[[10.72424,59.44442],[10.72422,59.44443],[10.72422,59.44442],[10.72424,59.44442]],[[10.72502,59.44375],[10.72498,59.44374],[10.72502,59.44374],[10.72502,59.44375]],[[10.72121,59.44862],[10.72114,59.44858],[10.72113,59.44854],[10.72121,59.44862]],[[10.7211,59.44847],[10.72109,59.4484],[10.72113,59.4484],[10.72113,59.44847],[10.7211,59.44847]],[[10.72161,59.44823],[10.7216,59.44824],[10.7216,59.44823],[10.72161,59.44823]],[[10.72013,59.44795],[10.72004,59.44785],[10.72009,59.44777],[10.72002,59.44771],[10.72003,59.44766],[10.72019,59.44761],[10.72044,59.44771],[10.72045,59.44783],[10.72018,59.44782],[10.72017,59.44786],[10.72028,59.44794],[10.72024,59.44797],[10.72013,59.44795]],[[10.72055,59.44786],[10.72057,59.44783],[10.7205,59.44778],[10.72058,59.44775],[10.72057,59.44779],[10.72064,59.44779],[10.72058,59.4477],[10.7207,59.44771],[10.72061,59.44788],[10.72055,59.44786]],[[10.72042,59.44762],[10.72047,59.44758],[10.72047,59.44763],[10.72042,59.44762]],[[10.72112,59.4476],[10.72116,59.44758],[10.72116,59.44761],[10.72112,59.4476]],[[10.72119,59.44753],[10.72099,59.44747],[10.7211,59.44743],[10.72119,59.44753]],[[10.7203,59.44748],[10.72036,59.44748],[10.72038,59.44751],[10.72031,59.44752],[10.7203,59.44748]],[[10.72461,59.44579],[10.72459,59.4458],[10.72459,59.44579],[10.72461,59.44579]],[[10.72444,59.44564],[10.72443,59.44565],[10.72443,59.44564],[10.72444,59.44564]],[[10.72319,59.44556],[10.72322,59.44556],[10.72317,59.44558],[10.72319,59.44556]],[[10.72481,59.44524],[10.7248,59.44526],[10.72479,59.44524],[10.72481,59.44524]],[[10.72509,59.44508],[10.72507,59.44509],[10.72507,59.44508],[10.72509,59.44508]],[[10.72344,59.44496],[10.72357,59.44484],[10.72361,59.44484],[10.72356,59.44494],[10.72344,59.44496]]],[[[10.72134,59.44777],[10.72129,59.44775],[10.72127,59.4478],[10.72133,59.44781],[10.72134,59.44777]]],[[[10.72124,59.44782],[10.72128,59.44784],[10.72129,59.44781],[10.72124,59.44782]]]]},"properties":{"a":51915,"v":128539,"dh":2.48,"pl":1,"pn":"Detaljreguleringsplan Nore/Vanem næringsområde I/L1-6","pd":"2016-12-12","c":68}},{"type":"Feature","geometry":{"type":"Polygon","coordinates":[[[10.71516,59.44696],[10.71511,59.44686],[10.7152,59.44665],[10.71509,59.44656],[10.71528,59.44647],[10.71532,59.44616],[10.71524,59.44608],[10.71523,59.44626],[10.71503,59.44647],[10.71504,59.44689],[10.71516,59.44696]]]},"properties":{"a":595,"v":608,"dh":1.02,"pl":0,"c":70}},{"type":"Feature","geometry":{"type":"Polygon","coordinates":[[[10.71621,59.44708],[10.71631,59.44701],[10.7163,59.44681],[10.71611,59.44676],[10.71606,59.44683],[10.71611,59.44685],[10.7161,59.44693],[10.71622,59.44695],[10.71617,59.44705],[10.71621,59.44708]]]},"properties":{"a":298,"v":413,"dh":1.39,"pl":0,"c":70}},{"type":"Feature","geometry":{"type":"Polygon","coordinates":[[[10.71154,59.44711],[10.71143,59.44715],[10.71144,59.4472],[10.7117,59.44721],[10.71194,59.44713],[10.71214,59.44713],[10.71212,59.44705],[10.71187,59.44699],[10.71192,59.44695],[10.71164,59.44698],[10.71174,59.44691],[10.71149,59.44697],[10.71127,59.44711],[10.71154,59.44711]],[[10.71154,59.44709],[10.71164,59.447],[10.71166,59.447],[10.71161,59.44708],[10.71154,59.44709]],[[10.71166,59.44717],[10.71168,59.44716],[10.71168,59.44717],[10.71166,59.44717]]]},"properties":{"a":823,"v":741,"dh":0.9,"pl":0,"fo":1,"c":71}},{"type":"Feature","geometry":{"type":"Polygon","coordinates":[[[10.71732,59.44702],[10.71751,59.44703],[10.71753,59.44694],[10.71742,59.44693],[10.71742,59.44698],[10.71732,59.44702]]]},"properties":{"a":104,"v":133,"dh":1.28,"pl":1,"pn":"Nore og Vanem","pd":"2014-11-24","c":72}},{"type":"Feature","geometry":{"type":"Polygon","coordinates":[[[10.71424,59.44753],[10.7139,59.44739],[10.71377,59.44738],[10.71379,59.44741],[10.71369,59.44742],[10.7139,59.4475],[10.71424,59.44753]]]},"properties":{"a":202,"v":296,"dh":1.46,"pl":0,"c":73}},{"type":"Feature","geometry":{"type":"Polygon","coordinates":[[[10.71373,59.44759],[10.71387,59.44759],[10.71387,59.4475],[10.7136,59.44747],[10.71353,59.44751],[10.71373,59.44759]]]},"properties":{"a":197,"v":-311,"dh":1.58,"pl":0,"fo":1,"c":73}},{"type":"Feature","geometry":{"type":"Polygon","coordinates":[[[10.71423,59.44768],[10.71426,59.44762],[10.71421,59.44757],[10.71405,59.44755],[10.71407,59.44765],[10.71423,59.44768]]]},"properties":{"a":132,"v":-177,"dh":1.34,"pl":0,"c":73}},{"type":"Feature","geometry":{"type":"Polygon","coordinates":[[[10.72964,59.44659],[10.72964,59.44655],[10.72973,59.44655],[10.7298,59.44649],[10.72974,59.44644],[10.72962,59.44645],[10.72964,59.44651],[10.72959,59.44658],[10.72964,59.44659]],[[10.72973,59.44652],[10.72975,59.44651],[10.72975,59.44652],[10.72973,59.44652]]]},"properties":{"a":102,"v":93,"dh":0.91,"pl":1,"pn":"Moss pukkverk","pd":"2014-12-15","sh":1,"c":69}},{"type":"Feature","geometry":{"type":"Polygon","coordinates":[[[10.72911,59.44676],[10.72924,59.44669],[10.7294,59.4467],[10.72933,59.44665],[10.72947,59.4466],[10.7296,59.44647],[10.72937,59.44642],[10.72884,59.44674],[10.72911,59.44676]]]},"properties":{"a":732,"v":-1491,"dh":2.04,"pl":1,"pn":"Moss pukkverk","pd":"2014-12-15","c":69}},{"type":"Feature","geometry":{"type":"Polygon","coordinates":[[[10.73044,59.447],[10.73063,59.44688],[10.73048,59.44682],[10.73041,59.44673],[10.73023,59.44675],[10.73018,59.44668],[10.72996,59.44664],[10.72978,59.44681],[10.7298,59.44686],[10.7299,59.44687],[10.73025,59.44679],[10.73028,59.44697],[10.73044,59.447]]]},"properties":{"a":890,"v":-2579,"dh":2.9,"pl":1,"pn":"Moss pukkverk","pd":"2014-12-15","c":69}},{"type":"Feature","geometry":{"type":"MultiPolygon","coordinates":[[[[10.73009,59.44404],[10.72979,59.44386],[10.72978,59.44382],[10.72985,59.44381],[10.72966,59.44377],[10.72966,59.44371],[10.72951,59.44359],[10.72944,59.4436],[10.72948,59.44365],[10.72944,59.44365],[10.7294,59.44357],[10.72931,59.44353],[10.72885,59.4435],[10.7286,59.44336],[10.72815,59.44329],[10.72777,59.44334],[10.72739,59.44324],[10.7272,59.44327],[10.72679,59.44316],[10.72627,59.44312],[10.72617,59.44317],[10.72621,59.44327],[10.72611,59.44332],[10.72616,59.4434],[10.72604,59.44347],[10.72585,59.44344],[10.72578,59.44349],[10.72575,59.44356],[10.72589,59.44363],[10.72588,59.4437],[10.72615,59.44375],[10.72614,59.44389],[10.72617,59.44393],[10.72609,59.44406],[10.72622,59.44405],[10.72622,59.4441],[10.72615,59.44415],[10.72614,59.44424],[10.7266,59.44437],[10.72668,59.44443],[10.7267,59.44456],[10.72658,59.44459],[10.72653,59.44441],[10.72645,59.44441],[10.72648,59.44436],[10.72642,59.44434],[10.72627,59.44443],[10.72626,59.44454],[10.72633,59.44462],[10.72625,59.44475],[10.72618,59.44476],[10.726,59.44464],[10.726,59.44474],[10.72594,59.44483],[10.72603,59.44492],[10.72612,59.44494],[10.72614,59.44501],[10.72595,59.44504],[10.72593,59.44501],[10.72602,59.44502],[10.72607,59.44498],[10.72594,59.44493],[10.72598,59.44497],[10.72587,59.44497],[10.72589,59.44501],[10.72584,59.44503],[10.72593,59.44508],[10.72583,59.44512],[10.72599,59.44513],[10.72613,59.44523],[10.72614,59.44533],[10.72607,59.44538],[10.72613,59.44544],[10.72613,59.44556],[10.72591,59.44567],[10.72578,59.4458],[10.72569,59.44593],[10.72573,59.44601],[10.7257,59.4461],[10.72562,59.44613],[10.72562,59.44618],[10.72546,59.44622],[10.72523,59.44611],[10.72514,59.44618],[10.72498,59.44612],[10.72492,59.44631],[10.72475,59.44635],[10.72465,59.44627],[10.72457,59.44627],[10.72448,59.44631],[10.72447,59.44645],[10.72431,59.44652],[10.72432,59.44664],[10.72403,59.4468],[10.72389,59.44681],[10.72389,59.44686],[10.7238,59.44689],[10.72386,59.44692],[10.72399,59.44685],[10.72424,59.44687],[10.72428,59.44685],[10.72424,59.44682],[10.72436,59.44678],[10.72445,59.44684],[10.72453,59.447],[10.72446,59.44707],[10.72432,59.44706],[10.72415,59.44714],[10.72417,59.44721],[10.7241,59.44726],[10.72412,59.44732],[10.72395,59.44739],[10.72395,59.44742],[10.72409,59.44738],[10.72418,59.44744],[10.72406,59.44747],[10.72402,59.4476],[10.72388,59.44762],[10.72383,59.44769],[10.72372,59.44768],[10.7238,59.44779],[10.72371,59.44778],[10.72366,59.44819],[10.72359,59.44832],[10.72349,59.44836],[10.72357,59.44847],[10.72343,59.44856],[10.72345,59.44865],[10.72342,59.44867],[10.72348,59.44878],[10.72355,59.44882],[10.72358,59.44912],[10.72345,59.44929],[10.72333,59.44934],[10.72344,59.4494],[10.72325,59.44953],[10.72312,59.44951],[10.72304,59.44958],[10.72303,59.44966],[10.72312,59.44972],[10.72308,59.44998],[10.72339,59.45017],[10.72387,59.45037],[10.72467,59.4505],[10.72573,59.45075],[10.72589,59.45075],[10.7259,59.45066],[10.72584,59.45057],[10.72587,59.45045],[10.72581,59.45038],[10.72577,59.45016],[10.7258,59.45007],[10.72574,59.44997],[10.72579,59.44981],[10.72575,59.44978],[10.72576,59.44965],[10.72581,59.44963],[10.72579,59.44956],[10.72614,59.44909],[10.72618,59.44888],[10.72642,59.44848],[10.72652,59.44834],[10.72666,59.44831],[10.72657,59.44831],[10.72662,59.44814],[10.72655,59.4481],[10.72652,59.44796],[10.72645,59.44795],[10.72595,59.44849],[10.72587,59.4487],[10.72569,59.44892],[10.72553,59.44927],[10.72546,59.44931],[10.72541,59.44961],[10.72532,59.44972],[10.72535,59.44985],[10.72517,59.45015],[10.72465,59.45009],[10.72451,59.45],[10.72454,59.44997],[10.7245,59.44994],[10.72451,59.44971],[10.72461,59.44967],[10.72459,59.44952],[10.72454,59.4495],[10.72453,59.44943],[10.72429,59.44915],[10.72425,59.44872],[10.72443,59.44854],[10.72446,59.44844],[10.72463,59.44833],[10.72465,59.44823],[10.72475,59.44817],[10.72484,59.44825],[10.72483,59.44833],[10.72487,59.44845],[10.72492,59.44847],[10.72491,59.44854],[10.72504,59.4487],[10.72499,59.44873],[10.72496,59.4489],[10.72507,59.44894],[10.72512,59.4489],[10.72508,59.44884],[10.72515,59.44879],[10.72515,59.44868],[10.72521,59.44855],[10.72522,59.44838],[10.72518,59.44834],[10.72522,59.44834],[10.72523,59.44826],[10.72516,59.4482],[10.72524,59.44811],[10.72522,59.448],[10.72514,59.44794],[10.72484,59.44787],[10.72484,59.44783],[10.72463,59.44784],[10.72468,59.44778],[10.72464,59.44774],[10.72465,59.44756],[10.72489,59.44737],[10.72493,59.4472],[10.72518,59.44697],[10.72549,59.4464],[10.7262,59.44592],[10.7264,59.44568],[10.72661,59.44555],[10.72662,59.4454],[10.72672,59.44534],[10.72688,59.44506],[10.72724,59.44503],[10.7275,59.44511],[10.72755,59.44498],[10.72773,59.44497],[10.7277,59.44479],[10.7278,59.44459],[10.72816,59.44441],[10.72835,59.44446],[10.72837,59.44453],[10.72845,59.44457],[10.72843,59.44465],[10.72858,59.44479],[10.72872,59.4448],[10.72883,59.44474],[10.72879,59.44471],[10.72886,59.44468],[10.72886,59.44463],[10.72872,59.4444],[10.72879,59.44439],[10.72886,59.44443],[10.72889,59.44436],[10.72898,59.44436],[10.72894,59.44429],[10.72903,59.44422],[10.72889,59.44421],[10.72888,59.44411],[10.72879,59.4441],[10.72884,59.44394],[10.72872,59.44367],[10.72931,59.44388],[10.72959,59.4439],[10.73052,59.44435],[10.73054,59.44448],[10.73082,59.44473],[10.73082,59.44482],[10.73074,59.44483],[10.73047,59.44509],[10.73029,59.44516],[10.73014,59.44532],[10.72958,59.44564],[10.72943,59.4458],[10.72912,59.44594],[10.72784,59.44682],[10.72781,59.4469],[10.72793,59.44692],[10.72798,59.44709],[10.72783,59.44732],[10.72769,59.44742],[10.72786,59.44756],[10.72767,59.44759],[10.72762,59.44764],[10.72765,59.44771],[10.72774,59.4477],[10.72788,59.44759],[10.72815,59.44768],[10.72825,59.44759],[10.72819,59.44746],[10.7284,59.44743],[10.72829,59.44736],[10.72838,59.44732],[10.72844,59.44717],[10.72854,59.44716],[10.72864,59.44724],[10.72901,59.447],[10.72913,59.44698],[10.72913,59.44693],[10.72929,59.44684],[10.7292,59.44681],[10.72921,59.44676],[10.72882,59.44678],[10.72873,59.44674],[10.7288,59.4467],[10.72873,59.44663],[10.72887,59.44667],[10.72918,59.44649],[10.72923,59.44642],[10.72958,59.4464],[10.72979,59.44628],[10.72996,59.44632],[10.72997,59.44639],[10.73009,59.44635],[10.73008,59.44642],[10.73015,59.44643],[10.73012,59.44651],[10.72998,59.44654],[10.73002,59.44663],[10.73025,59.44673],[10.73039,59.44671],[10.73052,59.44683],[10.73077,59.44692],[10.73077,59.44696],[10.73081,59.44696],[10.73083,59.44699],[10.73086,59.44699],[10.73086,59.44701],[10.731,59.44698],[10.73102,59.44692],[10.73123,59.44682],[10.73131,59.4467],[10.73142,59.44675],[10.73128,59.4469],[10.73158,59.44679],[10.73168,59.44683],[10.73182,59.44679],[10.73187,59.44673],[10.73166,59.44673],[10.7318,59.44666],[10.73227,59.44658],[10.73229,59.44661],[10.73281,59.44668],[10.73295,59.44677],[10.73294,59.44685],[10.73268,59.44697],[10.73265,59.44702],[10.73215,59.44704],[10.73235,59.4471],[10.73243,59.44723],[10.73285,59.44713],[10.7329,59.4471],[10.73288,59.44703],[10.73296,59.44702],[10.73316,59.44708],[10.73335,59.44706],[10.73337,59.44711],[10.73346,59.44713],[10.7336,59.44707],[10.73436,59.44706],[10.73442,59.44721],[10.73452,59.44718],[10.73457,59.44706],[10.73444,59.4469],[10.73454,59.44686],[10.73454,59.44673],[10.73446,59.44661],[10.73395,59.44628],[10.73396,59.44625],[10.73383,59.4461],[10.73348,59.44603],[10.73337,59.44595],[10.7334,59.44585],[10.73333,59.44582],[10.73334,59.4457],[10.73323,59.44573],[10.73302,59.44563],[10.73295,59.44568],[10.73288,59.44566],[10.73286,59.44561],[10.73296,59.44561],[10.73292,59.44551],[10.73263,59.44528],[10.73264,59.4452],[10.73241,59.44514],[10.7322,59.44492],[10.7319,59.44478],[10.73182,59.44466],[10.7316,59.44451],[10.73129,59.44438],[10.73106,59.44437],[10.73096,59.44443],[10.73102,59.44449],[10.731,59.44454],[10.73109,59.44459],[10.73106,59.44465],[10.73101,59.44465],[10.73077,59.44441],[10.73069,59.44423],[10.73009,59.44404]],[[10.7238,59.44779],[10.72381,59.4478],[10.72389,59.44784],[10.72382,59.44783],[10.7238,59.44779]],[[10.7327,59.44666],[10.73272,59.44665],[10.73272,59.44666],[10.7327,59.44666]],[[10.7281,59.44428],[10.72816,59.44422],[10.72827,59.44428],[10.72829,59.44434],[10.72816,59.44438],[10.7281,59.44435],[10.7281,59.44428]],[[10.72838,59.44435],[10.72839,59.44416],[10.72861,59.44423],[10.72861,59.44429],[10.72847,59.44439],[10.72838,59.44435]],[[10.72878,59.44412],[10.72872,59.44409],[10.72877,59.44409],[10.72878,59.44412]],[[10.72963,59.44386],[10.72957,59.44384],[10.72963,59.44384],[10.72963,59.44386]],[[10.72943,59.44373],[10.7295,59.44371],[10.7295,59.44376],[10.72946,59.44376],[10.72943,59.44373]],[[10.72939,59.44362],[10.72935,59.44361],[10.72939,59.44361],[10.72939,59.44362]],[[10.72873,59.44351],[10.72878,59.4435],[10.7288,59.44353],[10.72876,59.44353],[10.72873,59.44351]],[[10.73289,59.44694],[10.73297,59.44689],[10.73299,59.44692],[10.73289,59.44694]],[[10.73084,59.4469],[10.73081,59.44689],[10.73084,59.44689],[10.73084,59.4469]],[[10.73132,59.44665],[10.73138,59.44669],[10.73132,59.4467],[10.73132,59.44665]],[[10.73243,59.44619],[10.73227,59.44619],[10.73228,59.44613],[10.73209,59.44608],[10.73208,59.44633],[10.73179,59.44649],[10.73155,59.44655],[10.73153,59.44662],[10.73148,59.44663],[10.73144,59.44651],[10.73139,59.44651],[10.73146,59.44616],[10.73136,59.44608],[10.73138,59.44603],[10.73116,59.44596],[10.73078,59.44598],[10.73081,59.44596],[10.73077,59.44592],[10.7311,59.44575],[10.73144,59.44577],[10.73168,59.4457],[10.73173,59.44568],[10.73172,59.44556],[10.73178,59.44555],[10.73185,59.44565],[10.73208,59.44568],[10.73212,59.44573],[10.73205,59.44574],[10.73204,59.4458],[10.73216,59.44585],[10.73239,59.44581],[10.73259,59.44585],[10.73265,59.4458],[10.73285,59.4458],[10.73299,59.44584],[10.73303,59.44598],[10.73346,59.44607],[10.7335,59.44616],[10.73375,59.44626],[10.73381,59.44638],[10.73369,59.44648],[10.73338,59.44653],[10.73301,59.44645],[10.73288,59.44637],[10.73267,59.44635],[10.73256,59.44643],[10.7326,59.44647],[10.73248,59.44649],[10.73253,59.44654],[10.73241,59.44653],[10.73219,59.44639],[10.73219,59.44635],[10.73245,59.44623],[10.73243,59.44619]],[[10.73078,59.44598],[10.73076,59.44599],[10.73076,59.44598],[10.73078,59.44598]],[[10.73255,59.44657],[10.73253,59.44656],[10.73255,59.44656],[10.73255,59.44657]],[[10.73246,59.44655],[10.73245,59.44654],[10.73246,59.44654],[10.73246,59.44655]],[[10.72895,59.4465],[10.72904,59.44645],[10.72904,59.44648],[10.72895,59.4465]],[[10.73016,59.44631],[10.73021,59.44627],[10.73025,59.4463],[10.73016,59.44631]],[[10.73054,59.44612],[10.7305,59.44611],[10.73054,59.44611],[10.73054,59.44612]],[[10.73359,59.44607],[10.73357,59.44606],[10.73359,59.44606],[10.73359,59.44607]],[[10.73234,59.44579],[10.73226,59.44573],[10.73216,59.44573],[10.73221,59.4457],[10.73217,59.44565],[10.73245,59.4456],[10.73247,59.4457],[10.73234,59.44579]],[[10.73256,59.44558],[10.73273,59.44555],[10.73277,59.44559],[10.73256,59.44558]],[[10.72437,59.45001],[10.72405,59.44995],[10.72406,59.44987],[10.72402,59.44985],[10.72422,59.44983],[10.72417,59.44985],[10.72417,59.44993],[10.72427,59.44992],[10.72437,59.45001]],[[10.72342,59.44977],[10.72312,59.4497],[10.72308,59.44966],[10.7232,59.44958],[10.7233,59.44959],[10.72338,59.44963],[10.72342,59.44977]],[[10.72426,59.44938],[10.72417,59.44926],[10.72426,59.44921],[10.72431,59.44926],[10.72432,59.44936],[10.72426,59.44938]],[[10.72349,59.44935],[10.72345,59.44938],[10.72345,59.44935],[10.72349,59.44935]],[[10.72416,59.44846],[10.72418,59.44843],[10.72418,59.44846],[10.72416,59.44846]],[[10.72416,59.44841],[10.72417,59.44822],[10.72424,59.4483],[10.72422,59.44841],[10.72416,59.44841]],[[10.72429,59.4482],[10.7244,59.44821],[10.72439,59.44829],[10.72433,59.44831],[10.72429,59.4482]],[[10.72475,59.44678],[10.72484,59.44681],[10.72484,59.44683],[10.72479,59.44684],[10.72475,59.44678]],[[10.72466,59.44676],[10.72468,59.44675],[10.72468,59.44676],[10.72466,59.44676]],[[10.72459,59.44641],[10.72455,59.44634],[10.72471,59.44638],[10.7247,59.44643],[10.72459,59.44641]],[[10.7248,59.44637],[10.72483,59.44636],[10.72487,59.4464],[10.72484,59.4464],[10.7248,59.44637]],[[10.72457,59.44632],[10.72458,59.44631],[10.72458,59.44632],[10.72457,59.44632]],[[10.72564,59.44622],[10.72571,59.4462],[10.72571,59.44622],[10.72564,59.44622]],[[10.72627,59.4454],[10.72623,59.44543],[10.72623,59.4454],[10.72627,59.4454]],[[10.72597,59.44508],[10.72599,59.44507],[10.72599,59.44508],[10.72597,59.44508]]],[[[10.73022,59.44401],[10.73016,59.44401],[10.73017,59.44403],[10.7302,59.44403],[10.73022,59.44401]]],[[[10.73236,59.44618],[10.73237,59.44617],[10.73236,59.44617],[10.73236,59.44618]]],[[[10.72995,59.44639],[10.72997,59.4464],[10.72997,59.44639],[10.72995,59.44639]]],[[[10.72995,59.44641],[10.72993,59.4464],[10.72993,59.44641],[10.72995,59.44641]]],[[[10.72992,59.44641],[10.72993,59.44642],[10.72993,59.44641],[10.72992,59.44641]]],[[[10.73074,59.44697],[10.73077,59.44696],[10.73074,59.44696],[10.73074,59.44697]]]]},"properties":{"a":117718,"v":501101,"dh":4.26,"pl":1,"pn":"Detaljreguleringsplan Nore/Vanem næringsområde I/L1-6","pd":"2016-12-12","c":68}},{"type":"Feature","geometry":{"type":"MultiPolygon","coordinates":[[[[10.72961,59.44394],[10.7296,59.44395],[10.72961,59.44395],[10.72961,59.44394]]],[[[10.7305,59.44436],[10.72978,59.44406],[10.72974,59.44397],[10.72944,59.44395],[10.72935,59.44403],[10.72935,59.44422],[10.72919,59.44435],[10.72913,59.44455],[10.72907,59.44461],[10.72909,59.44465],[10.72902,59.4447],[10.72904,59.4448],[10.72899,59.44494],[10.72889,59.44499],[10.72857,59.44485],[10.72845,59.44468],[10.72822,59.44453],[10.72804,59.44457],[10.72801,59.44464],[10.72787,59.4447],[10.72791,59.4448],[10.72788,59.44484],[10.72795,59.44486],[10.72795,59.44491],[10.72778,59.4449],[10.7278,59.44495],[10.72794,59.44494],[10.72783,59.44518],[10.72763,59.44515],[10.72763,59.44523],[10.7276,59.44523],[10.72742,59.44517],[10.72729,59.44506],[10.72697,59.44508],[10.72686,59.44521],[10.72683,59.44534],[10.72671,59.44539],[10.72673,59.44545],[10.72666,59.44548],[10.72668,59.44554],[10.72644,59.44571],[10.72638,59.44585],[10.72588,59.44616],[10.72573,59.4463],[10.72554,59.44639],[10.72541,59.44661],[10.7254,59.44673],[10.72527,59.44686],[10.72519,59.44703],[10.72497,59.44721],[10.72494,59.44744],[10.72487,59.44749],[10.72488,59.44758],[10.72504,59.44759],[10.72501,59.4477],[10.72517,59.44772],[10.72521,59.44781],[10.72533,59.4478],[10.7254,59.44787],[10.72535,59.44791],[10.72534,59.4483],[10.72527,59.44837],[10.72531,59.44853],[10.72525,59.44858],[10.72522,59.44878],[10.72517,59.44884],[10.72523,59.4489],[10.72513,59.44902],[10.72515,59.44916],[10.72507,59.44924],[10.72502,59.44937],[10.72511,59.44962],[10.72504,59.44964],[10.72499,59.44949],[10.7249,59.44944],[10.72484,59.44957],[10.72488,59.44968],[10.72483,59.44979],[10.72491,59.44996],[10.72483,59.4501],[10.72513,59.45011],[10.72524,59.44986],[10.72524,59.44973],[10.72532,59.44963],[10.72531,59.44954],[10.72536,59.44943],[10.72543,59.44941],[10.72541,59.44931],[10.72562,59.44899],[10.72562,59.44891],[10.72585,59.44862],[10.72586,59.44852],[10.72646,59.44789],[10.72658,59.44784],[10.72685,59.44748],[10.72715,59.44724],[10.72743,59.44714],[10.72756,59.44696],[10.72772,59.4469],[10.72894,59.44603],[10.72937,59.4458],[10.72944,59.4457],[10.72975,59.44553],[10.73003,59.44528],[10.73024,59.44519],[10.73026,59.44514],[10.7308,59.44479],[10.73074,59.44465],[10.73054,59.44451],[10.7305,59.44436]]]]},"properties":{"a":64263,"v":-333386,"dh":5.19,"pl":1,"pn":"Detaljreguleringsplan Nore/Vanem næringsområde I/L1-6","pd":"2016-12-12","c":68}},{"type":"Feature","geometry":{"type":"Polygon","coordinates":[[[10.72933,59.44772],[10.72943,59.44757],[10.72955,59.44754],[10.72958,59.44746],[10.72965,59.44743],[10.72958,59.44737],[10.72968,59.44723],[10.72975,59.44722],[10.72982,59.44729],[10.73024,59.44722],[10.73041,59.44701],[10.73028,59.44699],[10.73019,59.44685],[10.72968,59.44687],[10.72957,59.44692],[10.72941,59.44688],[10.72922,59.44694],[10.72924,59.44706],[10.72909,59.44706],[10.72883,59.44717],[10.7288,59.44725],[10.72864,59.44737],[10.72867,59.44749],[10.72881,59.4475],[10.72892,59.44759],[10.72897,59.44759],[10.72895,59.4475],[10.72888,59.44746],[10.72907,59.44744],[10.72909,59.44756],[10.72903,59.44761],[10.72933,59.44772]],[[10.72949,59.44712],[10.72958,59.44708],[10.72962,59.44712],[10.72949,59.44712]]]},"properties":{"a":4648,"v":16744,"dh":3.6,"pl":1,"pn":"Moss pukkverk","pd":"2014-12-15","c":69}},{"type":"Feature","geometry":{"type":"Polygon","coordinates":[[[10.72859,59.44741],[10.72858,59.44727],[10.72848,59.44722],[10.72847,59.44742],[10.72859,59.44741]]]},"properties":{"a":132,"v":-132,"dh":1.0,"pl":1,"pn":"Moss pukkverk","pd":"2014-12-15","sh":1,"c":69}},{"type":"Feature","geometry":{"type":"Polygon","coordinates":[[[10.72751,59.44762],[10.72779,59.44754],[10.72779,59.44752],[10.72764,59.44745],[10.72763,59.44754],[10.72751,59.44762]]]},"properties":{"a":132,"v":-144,"dh":1.09,"pl":1,"pn":"Moss pukkverk","pd":"2014-12-15","c":69}},{"type":"Feature","geometry":{"type":"Polygon","coordinates":[[[10.72984,59.44804],[10.73017,59.44756],[10.73054,59.44724],[10.73073,59.44716],[10.73079,59.44701],[10.73056,59.44702],[10.73039,59.4471],[10.73028,59.44724],[10.72977,59.44731],[10.72977,59.4474],[10.72967,59.44742],[10.72957,59.44755],[10.72948,59.44756],[10.7294,59.44768],[10.7294,59.44779],[10.72955,59.44781],[10.72959,59.44771],[10.72977,59.44778],[10.72964,59.44789],[10.72972,59.44802],[10.72984,59.44804]],[[10.72973,59.44769],[10.72965,59.44766],[10.72973,59.44763],[10.72982,59.44772],[10.72972,59.44772],[10.72973,59.44769]]]},"properties":{"a":2992,"v":-8888,"dh":2.97,"pl":1,"pn":"Moss pukkverk","pd":"2014-12-15","c":69}},{"type":"Feature","geometry":{"type":"Polygon","coordinates":[[[10.73519,59.4477],[10.73513,59.44765],[10.73523,59.4476],[10.7349,59.44759],[10.73497,59.44766],[10.73519,59.4477]]]},"properties":{"a":151,"v":178,"dh":1.18,"pl":1,"pn":"Moss pukkverk","pd":"2014-12-15","fo":1,"c":69}},{"type":"Feature","geometry":{"type":"Polygon","coordinates":[[[10.74148,59.4459],[10.74149,59.44582],[10.74143,59.44573],[10.74133,59.44566],[10.74135,59.44583],[10.74148,59.4459]]]},"properties":{"a":142,"v":236,"dh":1.66,"pl":1,"pn":"Detaljregulering for Nore og Vanem felt 7-12","pd":"2019-06-06","fo":1,"c":74}},{"type":"Feature","geometry":{"type":"Polygon","coordinates":[[[10.74273,59.44627],[10.74275,59.44622],[10.74269,59.44614],[10.74255,59.44613],[10.74266,59.44626],[10.74273,59.44627]]]},"properties":{"a":102,"v":155,"dh":1.52,"pl":0,"fo":1,"c":75}},{"type":"Feature","geometry":{"type":"Polygon","coordinates":[[[10.7471,59.44711],[10.747,59.44702],[10.74683,59.44701],[10.74665,59.4469],[10.7464,59.44693],[10.7471,59.44711]]]},"properties":{"a":226,"v":-197,"dh":0.87,"pl":0,"sh":1,"c":76}},{"type":"Feature","geometry":{"type":"Polygon","coordinates":[[[10.74816,59.4472],[10.74799,59.44705],[10.74778,59.44702],[10.74776,59.44695],[10.74765,59.44695],[10.74759,59.44706],[10.74761,59.44713],[10.74775,59.44712],[10.74786,59.44719],[10.74816,59.4472]],[[10.74771,59.44703],[10.74773,59.44702],[10.74773,59.44703],[10.74771,59.44703]]]},"properties":{"a":438,"v":395,"dh":0.9,"pl":0,"sh":1,"c":76}},{"type":"Feature","geometry":{"type":"Polygon","coordinates":[[[10.74193,59.4481],[10.74203,59.44804],[10.742,59.44784],[10.74218,59.44784],[10.74218,59.4478],[10.74201,59.44772],[10.74182,59.44772],[10.74178,59.44791],[10.74191,59.44802],[10.74193,59.4481]]]},"properties":{"a":503,"v":803,"dh":1.6,"pl":1,"pn":"Detaljregulering for Nore og Vanem felt 7-12","pd":"2019-06-06","fo":1,"c":74}},{"type":"Feature","geometry":{"type":"Polygon","coordinates":[[[10.74089,59.44851],[10.74117,59.44851],[10.74111,59.44839],[10.7412,59.44834],[10.74092,59.44839],[10.74094,59.44847],[10.74089,59.44851]]]},"properties":{"a":202,"v":207,"dh":1.02,"pl":1,"pn":"VANEM - DEL AV VANEM SAMEIE","pd":"2000-05-30","c":77}},{"type":"Feature","geometry":{"type":"Polygon","coordinates":[[[10.74021,59.44862],[10.74047,59.44851],[10.74073,59.44848],[10.74041,59.44843],[10.74004,59.44853],[10.74007,59.44861],[10.74021,59.44862]]]},"properties":{"a":402,"v":601,"dh":1.49,"pl":1,"pn":"Nore og Vanem","pd":"2014-11-24","fo":1,"c":77}},{"type":"Feature","geometry":{"type":"Polygon","coordinates":[[[10.74679,59.44861],[10.74703,59.44857],[10.74709,59.44843],[10.74675,59.44849],[10.74662,59.44847],[10.74656,59.44836],[10.74646,59.44838],[10.74655,59.44857],[10.74679,59.44861]]]},"properties":{"a":493,"v":1001,"dh":2.03,"pl":0,"fo":1,"c":78}},{"type":"Feature","geometry":{"type":"Polygon","coordinates":[[[10.74162,59.44894],[10.74185,59.44867],[10.74177,59.44855],[10.7417,59.44855],[10.74169,59.44863],[10.7416,59.44868],[10.74165,59.44881],[10.74156,59.44894],[10.74162,59.44894]]]},"properties":{"a":289,"v":337,"dh":1.17,"pl":1,"pn":"VANEM - DEL AV VANEM SAMEIE","pd":"2000-05-30","c":77}},{"type":"Feature","geometry":{"type":"MultiPolygon","coordinates":[[[[10.74156,59.44848],[10.74158,59.44849],[10.74158,59.44848],[10.74156,59.44848]]],[[[10.74179,59.44851],[10.74181,59.44848],[10.74168,59.44844],[10.74158,59.44847],[10.74179,59.44851]]],[[[10.74099,59.44914],[10.74139,59.44906],[10.74141,59.44896],[10.74108,59.44887],[10.74117,59.44884],[10.74117,59.44879],[10.7414,59.44878],[10.74141,59.44871],[10.74164,59.44865],[10.74165,59.44853],[10.74129,59.44848],[10.74119,59.44852],[10.74091,59.44853],[10.74082,59.44859],[10.74122,59.44873],[10.74083,59.44877],[10.7408,59.44884],[10.74087,59.44888],[10.74077,59.44891],[10.74077,59.449],[10.74099,59.44914]],[[10.74094,59.44888],[10.74091,59.44889],[10.74091,59.44888],[10.74094,59.44888]]]]},"properties":{"a":2087,"v":-6886,"dh":3.3,"pl":1,"pn":"VANEM - DEL AV VANEM SAMEIE","pd":"2000-05-30","c":77}},{"type":"Feature","geometry":{"type":"Polygon","coordinates":[[[10.7145,59.44779],[10.71487,59.44771],[10.71488,59.44765],[10.71474,59.44761],[10.71451,59.44762],[10.71439,59.4477],[10.7145,59.44779]]]},"properties":{"a":377,"v":-843,"dh":2.24,"pl":0,"c":73}},{"type":"Feature","geometry":{"type":"Polygon","coordinates":[[[10.71357,59.44784],[10.71371,59.44783],[10.71363,59.44773],[10.71366,59.44766],[10.7134,59.44764],[10.71339,59.44777],[10.71349,59.44776],[10.71357,59.44784]]]},"properties":{"a":265,"v":325,"dh":1.23,"pl":0,"fo":1,"c":73}},{"type":"Feature","geometry":{"type":"Polygon","coordinates":[[[10.7173,59.44799],[10.71728,59.44794],[10.71731,59.44792],[10.71693,59.44778],[10.7168,59.44767],[10.71654,59.44763],[10.7163,59.44753],[10.71593,59.4475],[10.71586,59.44751],[10.71588,59.44756],[10.71574,59.44756],[10.71626,59.44775],[10.7173,59.44799]]]},"properties":{"a":1465,"v":2474,"dh":1.69,"pl":1,"pn":"Nore og Vanem","pd":"2014-11-24","fo":1,"c":79}},{"type":"Feature","geometry":{"type":"Polygon","coordinates":[[[10.72127,59.44811],[10.72123,59.44789],[10.72115,59.4478],[10.72106,59.4478],[10.72109,59.44794],[10.72118,59.44798],[10.72118,59.44809],[10.72127,59.44811]]]},"properties":{"a":202,"v":-209,"dh":1.04,"pl":1,"pn":"Nore og Vanem","pd":"2014-11-24","c":72}},{"type":"Feature","geometry":{"type":"MultiPolygon","coordinates":[[[[10.71786,59.44803],[10.7177,59.44794],[10.71756,59.44796],[10.71774,59.44805],[10.71786,59.44803]]],[[[10.71788,59.44806],[10.7179,59.44805],[10.71788,59.44805],[10.71788,59.44806]]]]},"properties":{"a":107,"v":98,"dh":0.92,"pl":1,"pn":"Nore og Vanem","pd":"2014-11-24","sh":1,"c":80}},{"type":"Feature","geometry":{"type":"MultiPolygon","coordinates":[[[[10.72154,59.44671],[10.72155,59.44669],[10.72153,59.44669],[10.72154,59.44671]]],[[[10.72161,59.44949],[10.7218,59.44952],[10.72173,59.44956],[10.72193,59.4496],[10.72193,59.44966],[10.72175,59.44963],[10.72174,59.44967],[10.72219,59.44989],[10.72286,59.45013],[10.72339,59.45028],[10.72346,59.45026],[10.72346,59.45021],[10.72303,59.45004],[10.72304,59.4499],[10.72298,59.44982],[10.72287,59.44978],[10.72296,59.44976],[10.72296,59.44965],[10.72302,59.44959],[10.72302,59.44955],[10.72288,59.4495],[10.72301,59.44938],[10.72331,59.44933],[10.72343,59.44927],[10.72356,59.44902],[10.72345,59.44872],[10.72329,59.44867],[10.7233,59.44854],[10.72325,59.44853],[10.72349,59.44846],[10.72347,59.44842],[10.72339,59.44841],[10.72359,59.44824],[10.72362,59.44816],[10.72359,59.44794],[10.72364,59.44787],[10.7236,59.44777],[10.7237,59.44771],[10.7232,59.44745],[10.72341,59.4475],[10.72375,59.44767],[10.72394,59.44755],[10.72394,59.44749],[10.7236,59.44749],[10.72342,59.44741],[10.72351,59.4473],[10.7235,59.44716],[10.72357,59.44716],[10.72346,59.44711],[10.72348,59.44705],[10.7234,59.44697],[10.72313,59.4469],[10.72292,59.44693],[10.72285,59.4469],[10.72283,59.44681],[10.72278,59.4468],[10.72286,59.4467],[10.72281,59.44649],[10.72263,59.44645],[10.72268,59.44632],[10.72259,59.44631],[10.72261,59.44625],[10.72248,59.44621],[10.72239,59.44607],[10.72217,59.44609],[10.72209,59.44621],[10.72193,59.4462],[10.72196,59.44612],[10.72191,59.44611],[10.72185,59.4462],[10.7217,59.44622],[10.7218,59.44627],[10.72195,59.44624],[10.72184,59.44639],[10.72184,59.44646],[10.72174,59.44649],[10.72181,59.44659],[10.72157,59.44672],[10.72148,59.4467],[10.72153,59.44669],[10.72151,59.44665],[10.72141,59.44665],[10.72137,59.4466],[10.72132,59.44663],[10.72126,59.44679],[10.7215,59.44677],[10.72151,59.44685],[10.72163,59.44687],[10.72174,59.44695],[10.72178,59.4471],[10.72177,59.44714],[10.72172,59.44712],[10.72174,59.44728],[10.72171,59.44736],[10.72166,59.44737],[10.72167,59.44787],[10.72174,59.44797],[10.72192,59.44798],[10.72203,59.44807],[10.722,59.44821],[10.72222,59.44833],[10.72215,59.44847],[10.72225,59.44861],[10.7225,59.44873],[10.72238,59.44877],[10.72235,59.44893],[10.72242,59.44892],[10.72248,59.44897],[10.72258,59.44925],[10.72235,59.44925],[10.7223,59.44929],[10.72236,59.44935],[10.72245,59.44935],[10.72262,59.44928],[10.72283,59.44936],[10.72284,59.4494],[10.72228,59.44947],[10.72161,59.44949]],[[10.72371,59.44752],[10.72369,59.44752],[10.72369,59.44752],[10.72371,59.44752]],[[10.72212,59.44678],[10.72195,59.44661],[10.72196,59.44647],[10.72186,59.44646],[10.72186,59.44643],[10.72205,59.44637],[10.72218,59.44625],[10.72229,59.44624],[10.72229,59.44637],[10.72223,59.4464],[10.72226,59.44645],[10.72208,59.44664],[10.72212,59.44678]],[[10.72193,59.44621],[10.72192,59.44622],[10.72192,59.44621],[10.72193,59.44621]]],[[[10.72159,59.44947],[10.72101,59.44922],[10.72085,59.44923],[10.72055,59.44914],[10.72013,59.44891],[10.71996,59.44893],[10.72012,59.44906],[10.721,59.44943],[10.72113,59.44943],[10.72156,59.4496],[10.72161,59.44958],[10.72134,59.44946],[10.72159,59.44947]]]]},"properties":{"a":32596,"v":-105160,"dh":3.23,"pl":1,"pn":"Nore og Vanem","pd":"2014-11-24","c":72}},{"type":"Feature","geometry":{"type":"MultiPolygon","coordinates":[[[[10.71252,59.44847],[10.71264,59.44841],[10.71262,59.44835],[10.71275,59.44833],[10.71206,59.4484],[10.7121,59.44846],[10.71243,59.44844],[10.7125,59.44844],[10.71252,59.44847]]],[[[10.71249,59.44846],[10.71251,59.44848],[10.71251,59.44846],[10.71249,59.44846]]]]},"properties":{"a":308,"v":474,"dh":1.54,"pl":0,"fo":1,"c":81}},{"type":"Feature","geometry":{"type":"Polygon","coordinates":[[[10.71194,59.44853],[10.71191,59.44852],[10.71198,59.44844],[10.71194,59.4484],[10.71181,59.4484],[10.71183,59.44843],[10.71176,59.44846],[10.71178,59.44852],[10.71194,59.44853]]]},"properties":{"a":112,"v":123,"dh":1.1,"pl":0,"fo":1,"c":81}},{"type":"Feature","geometry":{"type":"Polygon","coordinates":[[[10.71182,59.44877],[10.71188,59.44862],[10.71186,59.44856],[10.7117,59.44862],[10.71174,59.44867],[10.71169,59.44871],[10.71182,59.44877]],[[10.71174,59.44871],[10.71176,59.44871],[10.71176,59.44871],[10.71174,59.44871]]]},"properties":{"a":163,"v":-197,"dh":1.21,"pl":0,"fo":1,"c":81}},{"type":"Feature","geometry":{"type":"Polygon","coordinates":[[[10.71976,59.44888],[10.71976,59.44882],[10.71968,59.44878],[10.71981,59.4488],[10.71979,59.44874],[10.71963,59.44872],[10.71968,59.44864],[10.71953,59.44852],[10.71912,59.44849],[10.71864,59.44834],[10.71816,59.44827],[10.71976,59.44888]]]},"properties":{"a":1480,"v":1944,"dh":1.31,"pl":1,"pn":"Nore og Vanem","pd":"2014-11-24","fo":1,"c":72}},{"type":"Feature","geometry":{"type":"Polygon","coordinates":[[[10.72878,59.44798],[10.72908,59.44793],[10.72905,59.44782],[10.72879,59.44779],[10.72878,59.44798]]]},"properties":{"a":295,"v":-777,"dh":2.63,"pl":1,"pn":"Moss pukkverk","pd":"2014-12-15","c":69}},{"type":"Feature","geometry":{"type":"MultiPolygon","coordinates":[[[[10.72833,59.44782],[10.72844,59.44784],[10.72844,59.4478],[10.72833,59.44782]]],[[[10.72849,59.44791],[10.72819,59.44783],[10.72808,59.44774],[10.72792,59.44776],[10.72787,59.4477],[10.72776,59.4477],[10.72724,59.44789],[10.72714,59.44798],[10.72718,59.44812],[10.72713,59.44814],[10.72736,59.44818],[10.72771,59.44802],[10.72816,59.44794],[10.72802,59.44801],[10.72804,59.44805],[10.72838,59.44816],[10.72852,59.44804],[10.72844,59.44799],[10.72849,59.44791]]]]},"properties":{"a":2360,"v":-6641,"dh":2.81,"pl":1,"pn":"Moss pukkverk","pd":"2014-12-15","c":69}},{"type":"Feature","geometry":{"type":"Polygon","coordinates":[[[10.73681,59.44846],[10.73686,59.44842],[10.73697,59.44843],[10.737,59.44836],[10.73695,59.44833],[10.73688,59.44838],[10.7367,59.44831],[10.73667,59.44817],[10.7366,59.44813],[10.73669,59.44805],[10.7366,59.44803],[10.73661,59.44795],[10.73654,59.44793],[10.73661,59.44788],[10.73616,59.44772],[10.73596,59.44774],[10.73604,59.44784],[10.73631,59.44792],[10.73663,59.44837],[10.73681,59.44846]]]},"properties":{"a":1138,"v":1987,"dh":1.75,"pl":1,"pn":"Moss pukkverk","pd":"2014-12-15","fo":1,"c":69}},{"type":"Feature","geometry":{"type":"Polygon","coordinates":[[[10.72873,59.44838],[10.72878,59.4483],[10.72897,59.44823],[10.729,59.44815],[10.72882,59.44807],[10.72866,59.44814],[10.72862,59.44826],[10.72866,59.44836],[10.72873,59.44838]]]},"properties":{"a":446,"v":-987,"dh":2.21,"pl":1,"pn":"Moss pukkverk","pd":"2014-12-15","c":69}},{"type":"Feature","geometry":{"type":"Polygon","coordinates":[[[10.72829,59.44832],[10.7286,59.44836],[10.72856,59.44823],[10.72824,59.44818],[10.72826,59.44822],[10.72821,59.44824],[10.7283,59.44827],[10.72829,59.44832]]]},"properties":{"a":293,"v":248,"dh":0.85,"pl":1,"pn":"Moss pukkverk","pd":"2014-12-15","sh":1,"c":69}},{"type":"Feature","geometry":{"type":"Polygon","coordinates":[[[10.72969,59.44859],[10.72981,59.44853],[10.72986,59.44836],[10.72983,59.44822],[10.72969,59.44821],[10.72955,59.44827],[10.72948,59.44822],[10.72934,59.44823],[10.72913,59.44833],[10.72935,59.44848],[10.72936,59.44855],[10.72969,59.44859]]]},"properties":{"a":1173,"v":-2758,"dh":2.35,"pl":1,"pn":"Moss pukkverk","pd":"2014-12-15","c":69}},{"type":"Feature","geometry":{"type":"MultiPolygon","coordinates":[[[[10.73173,59.45013],[10.73209,59.44996],[10.73244,59.44995],[10.7327,59.44985],[10.73297,59.44982],[10.7329,59.44989],[10.73292,59.44996],[10.73313,59.44993],[10.73368,59.45],[10.73374,59.45009],[10.73369,59.4501],[10.73369,59.45025],[10.73375,59.45028],[10.7348,59.45042],[10.735,59.45032],[10.73502,59.45026],[10.73515,59.45019],[10.73525,59.45007],[10.73545,59.45007],[10.73543,59.45001],[10.73548,59.44994],[10.73525,59.44991],[10.73545,59.44972],[10.73561,59.44976],[10.73574,59.44987],[10.73591,59.44987],[10.73684,59.4496],[10.73704,59.4495],[10.73704,59.44945],[10.73692,59.44916],[10.73693,59.44908],[10.73686,59.44903],[10.73689,59.44895],[10.73684,59.44892],[10.73682,59.4487],[10.7367,59.44865],[10.73672,59.44844],[10.73647,59.44833],[10.73644,59.44817],[10.73635,59.44813],[10.73635,59.44803],[10.73626,59.44795],[10.73611,59.4479],[10.73587,59.44789],[10.73565,59.44777],[10.7354,59.4477],[10.73514,59.44774],[10.73472,59.44764],[10.73457,59.44771],[10.73434,59.44708],[10.73362,59.44709],[10.73352,59.44714],[10.73292,59.44711],[10.73243,59.44725],[10.73232,59.4471],[10.73219,59.44709],[10.73211,59.44713],[10.73207,59.44709],[10.73215,59.447],[10.73263,59.44701],[10.73268,59.44694],[10.73282,59.4469],[10.73285,59.44683],[10.73292,59.44683],[10.73292,59.44678],[10.73266,59.44668],[10.73217,59.44659],[10.73187,59.44668],[10.73185,59.44672],[10.73194,59.44673],[10.73186,59.4468],[10.73153,59.44687],[10.73158,59.44694],[10.73135,59.44692],[10.73118,59.44702],[10.73091,59.44729],[10.73061,59.44747],[10.73046,59.44764],[10.73067,59.4477],[10.73084,59.44791],[10.7311,59.44785],[10.7315,59.44798],[10.73145,59.44802],[10.73148,59.44807],[10.73127,59.44804],[10.73119,59.44813],[10.73111,59.44811],[10.73126,59.44819],[10.7313,59.44828],[10.73126,59.4485],[10.73131,59.44852],[10.73132,59.44862],[10.73118,59.44875],[10.73131,59.44885],[10.73127,59.44908],[10.73132,59.44912],[10.73133,59.4492],[10.73115,59.44943],[10.73113,59.44953],[10.73089,59.44964],[10.7309,59.4497],[10.73108,59.44978],[10.73148,59.44975],[10.73171,59.44978],[10.73189,59.44972],[10.732,59.44992],[10.73183,59.45005],[10.73173,59.45007],[10.73173,59.45013]],[[10.73322,59.44895],[10.73325,59.44892],[10.73333,59.44896],[10.73326,59.44897],[10.73322,59.44895]],[[10.73295,59.44891],[10.73301,59.44893],[10.73296,59.44893],[10.73295,59.44891]]],[[[10.73171,59.45014],[10.73142,59.45032],[10.73135,59.45034],[10.73141,59.45036],[10.7317,59.45022],[10.73175,59.45018],[10.73171,59.45014]]]]},"properties":{"a":95436,"v":-2029954,"dh":21.27,"pl":1,"pn":"Moss pukkverk","pd":"2014-12-15","c":69}},{"type":"Feature","geometry":{"type":"MultiPolygon","coordinates":[[[[10.7307,59.44731],[10.73077,59.44732],[10.73077,59.4473],[10.7307,59.44731]]],[[[10.73076,59.44938],[10.73044,59.44932],[10.73005,59.44934],[10.73004,59.44946],[10.73009,59.4495],[10.7301,59.4496],[10.73005,59.44966],[10.73007,59.44983],[10.73045,59.4499],[10.73057,59.44986],[10.73058,59.44975],[10.73079,59.44977],[10.73076,59.44972],[10.73083,59.44974],[10.73086,59.44963],[10.73093,59.44961],[10.73091,59.44958],[10.73112,59.44953],[10.73113,59.44942],[10.73133,59.44919],[10.73129,59.44912],[10.7311,59.44912],[10.73125,59.44909],[10.7313,59.44895],[10.73129,59.44884],[10.73115,59.44876],[10.73128,59.44865],[10.7313,59.44856],[10.73124,59.4485],[10.73127,59.44839],[10.73122,59.4482],[10.7311,59.44814],[10.73092,59.44814],[10.73047,59.44826],[10.73053,59.44812],[10.7303,59.44804],[10.73085,59.44805],[10.73092,59.44801],[10.73093,59.44793],[10.73082,59.44793],[10.73073,59.44783],[10.73032,59.44771],[10.73038,59.44762],[10.73047,59.44761],[10.73047,59.44757],[10.73071,59.44735],[10.73031,59.44752],[10.72999,59.44791],[10.72995,59.44803],[10.72984,59.44807],[10.72984,59.44812],[10.72964,59.44798],[10.72962,59.44787],[10.7291,59.44772],[10.72896,59.44773],[10.72898,59.44779],[10.72909,59.44782],[10.72911,59.44796],[10.72875,59.448],[10.72871,59.44797],[10.72872,59.44783],[10.72853,59.44792],[10.72902,59.44815],[10.72905,59.44808],[10.72894,59.44804],[10.72906,59.44797],[10.72916,59.44811],[10.72911,59.44822],[10.72897,59.44832],[10.72918,59.44831],[10.72927,59.44823],[10.72939,59.44821],[10.72959,59.44825],[10.72983,59.44816],[10.7299,59.44823],[10.72991,59.44838],[10.72986,59.44846],[10.72989,59.4486],[10.72972,59.4487],[10.72975,59.44876],[10.7297,59.44878],[10.72967,59.44889],[10.72975,59.44895],[10.72945,59.44898],[10.7295,59.44897],[10.72946,59.44895],[10.72938,59.44899],[10.72951,59.44909],[10.72951,59.44924],[10.72969,59.44919],[10.72975,59.44909],[10.7299,59.44914],[10.73,59.44911],[10.73004,59.44916],[10.73022,59.44921],[10.7308,59.44923],[10.73081,59.44933],[10.73076,59.44938]],[[10.73067,59.44939],[10.73069,59.4494],[10.73067,59.4494],[10.73067,59.44939]],[[10.73069,59.4494],[10.73081,59.44944],[10.73104,59.44947],[10.73089,59.44954],[10.73071,59.44944],[10.73069,59.4494]],[[10.73059,59.44918],[10.73062,59.44919],[10.73059,59.44919],[10.73059,59.44918]],[[10.72996,59.44908],[10.73,59.44909],[10.72997,59.44909],[10.72996,59.44908]],[[10.72999,59.44884],[10.73003,59.4489],[10.72997,59.4489],[10.72999,59.44884]],[[10.72999,59.44883],[10.73002,59.44879],[10.73002,59.44882],[10.72999,59.44883]],[[10.73,59.44876],[10.73004,59.44877],[10.73,59.44877],[10.73,59.44876]],[[10.73009,59.44873],[10.7301,59.44871],[10.73018,59.44871],[10.73016,59.44874],[10.73009,59.44873]],[[10.73044,59.44871],[10.73048,59.44874],[10.73044,59.44874],[10.73044,59.44871]],[[10.73025,59.44871],[10.73026,59.44869],[10.7303,59.44869],[10.73028,59.44871],[10.73025,59.44871]]]]},"properties":{"a":17099,"v":77306,"dh":4.52,"pl":1,"pn":"Moss pukkverk","pd":"2014-12-15","c":69}},{"type":"Feature","geometry":{"type":"Polygon","coordinates":[[[10.7295,59.44893],[10.72962,59.44889],[10.7297,59.44875],[10.72958,59.44871],[10.72944,59.4488],[10.72941,59.44888],[10.7295,59.44893]],[[10.72951,59.44886],[10.72946,59.44882],[10.72951,59.44882],[10.72951,59.44886]]]},"properties":{"a":225,"v":-317,"dh":1.41,"pl":1,"pn":"Moss pukkverk","pd":"2014-12-15","c":69}},{"type":"Feature","geometry":{"type":"Polygon","coordinates":[[[10.73691,59.44907],[10.73706,59.44913],[10.73701,59.44885],[10.73704,59.44869],[10.73698,59.44865],[10.73696,59.4485],[10.7369,59.44848],[10.73682,59.44858],[10.7369,59.44871],[10.73689,59.44892],[10.73696,59.44899],[10.73691,59.44907]]]},"properties":{"a":502,"v":738,"dh":1.47,"pl":1,"pn":"Moss pukkverk","pd":"2014-12-15","fo":1,"c":69}},{"type":"Feature","geometry":{"type":"Polygon","coordinates":[[[10.72846,59.44907],[10.72858,59.449],[10.72847,59.44891],[10.72816,59.44898],[10.72822,59.44905],[10.72846,59.44907]]]},"properties":{"a":291,"v":-911,"dh":3.13,"pl":1,"pn":"Moss pukkverk","pd":"2014-12-15","c":69}},{"type":"Feature","geometry":{"type":"Polygon","coordinates":[[[10.72723,59.44971],[10.72724,59.44967],[10.72747,59.44959],[10.72743,59.44952],[10.7275,59.44944],[10.72769,59.44947],[10.72805,59.44932],[10.72829,59.44939],[10.72828,59.44932],[10.72837,59.44928],[10.7281,59.44922],[10.72827,59.44911],[10.72827,59.44906],[10.72815,59.44905],[10.72811,59.44897],[10.72847,59.44887],[10.72862,59.44893],[10.72857,59.44906],[10.72868,59.44906],[10.7289,59.44894],[10.72893,59.44879],[10.72899,59.44873],[10.72897,59.44861],[10.72881,59.44856],[10.72878,59.44859],[10.72885,59.44861],[10.72874,59.44863],[10.72874,59.44856],[10.72861,59.44856],[10.72887,59.44836],[10.7285,59.44844],[10.72838,59.4485],[10.72835,59.44858],[10.72811,59.4486],[10.72823,59.44866],[10.7281,59.44885],[10.728,59.4489],[10.72795,59.449],[10.72798,59.44916],[10.72787,59.44925],[10.72751,59.44929],[10.72727,59.44925],[10.72719,59.44929],[10.72746,59.44939],[10.72744,59.44946],[10.72732,59.44952],[10.72706,59.44952],[10.72712,59.44969],[10.72723,59.44971]]]},"properties":{"a":3973,"v":8313,"dh":2.09,"pl":1,"pn":"Moss pukkverk","pd":"2014-12-15","c":69}},{"type":"Feature","geometry":{"type":"Polygon","coordinates":[[[10.72475,59.44957],[10.72473,59.44945],[10.7249,59.4493],[10.72486,59.44922],[10.72488,59.44904],[10.72478,59.44884],[10.72457,59.44881],[10.72467,59.44875],[10.7246,59.44873],[10.72463,59.44868],[10.72448,59.44866],[10.72437,59.44877],[10.72441,59.44882],[10.72436,59.44884],[10.72438,59.44915],[10.72454,59.44933],[10.72459,59.44947],[10.72475,59.44957]],[[10.72446,59.44881],[10.7245,59.44879],[10.72452,59.44881],[10.72446,59.44881]]]},"properties":{"a":1896,"v":-2379,"dh":1.25,"pl":1,"pn":"Detaljreguleringsplan Nore/Vanem næringsområde I/L1-6","pd":"2016-12-12","c":68}},{"type":"Feature","geometry":{"type":"Polygon","coordinates":[[[10.7266,59.4492],[10.72683,59.44917],[10.7271,59.4492],[10.72707,59.44914],[10.72697,59.4491],[10.72679,59.44915],[10.72677,59.44913],[10.72684,59.44909],[10.72675,59.44906],[10.7267,59.44907],[10.72669,59.44914],[10.7266,59.44914],[10.72664,59.44917],[10.7266,59.4492]]]},"properties":{"a":234,"v":-276,"dh":1.18,"pl":1,"pn":"Moss pukkverk","pd":"2014-12-15","c":69}},{"type":"Feature","geometry":{"type":"Polygon","coordinates":[[[10.72756,59.44927],[10.72782,59.44923],[10.72783,59.44916],[10.7276,59.4491],[10.72734,59.44917],[10.72734,59.44924],[10.72756,59.44927]]]},"properties":{"a":388,"v":-1176,"dh":3.03,"pl":1,"pn":"Moss pukkverk","pd":"2014-12-15","c":69}},{"type":"Feature","geometry":{"type":"Polygon","coordinates":[[[10.7273,59.4495],[10.72739,59.44944],[10.72737,59.4494],[10.7271,59.44938],[10.72702,59.44943],[10.72706,59.44948],[10.7273,59.4495]]]},"properties":{"a":191,"v":-279,"dh":1.46,"pl":1,"pn":"Moss pukkverk","pd":"2014-12-15","c":69}},{"type":"Feature","geometry":{"type":"Polygon","coordinates":[[[10.72672,59.44977],[10.72696,59.44967],[10.72707,59.44969],[10.72703,59.44959],[10.72696,59.44963],[10.72692,59.44957],[10.72693,59.4494],[10.72705,59.44934],[10.72699,59.44925],[10.72675,59.44926],[10.72657,59.44953],[10.72657,59.44957],[10.72673,59.44968],[10.72672,59.44977]]]},"properties":{"a":941,"v":-1864,"dh":1.98,"pl":1,"pn":"Moss pukkverk","pd":"2014-12-15","c":69}},{"type":"Feature","geometry":{"type":"Polygon","coordinates":[[[10.72888,59.44958],[10.72916,59.44953],[10.72917,59.44945],[10.72901,59.44943],[10.72882,59.44953],[10.72888,59.44958]]]},"properties":{"a":214,"v":-318,"dh":1.49,"pl":1,"pn":"Moss pukkverk","pd":"2014-12-15","c":69}},{"type":"Feature","geometry":{"type":"Polygon","coordinates":[[[10.72751,59.44967],[10.72781,59.44967],[10.72784,59.44962],[10.72778,59.44957],[10.72752,59.44961],[10.72751,59.44967]]]},"properties":{"a":191,"v":-228,"dh":1.19,"pl":1,"pn":"Moss pukkverk","pd":"2014-12-15","c":69}},{"type":"Feature","geometry":{"type":"Polygon","coordinates":[[[10.72974,59.45018],[10.72981,59.45016],[10.72979,59.45011],[10.72984,59.45007],[10.72982,59.45001],[10.72969,59.44998],[10.7298,59.44996],[10.72988,59.44983],[10.72985,59.44963],[10.72979,59.44955],[10.72981,59.44946],[10.72974,59.44949],[10.72973,59.44959],[10.72966,59.44964],[10.7292,59.44965],[10.72928,59.44976],[10.72944,59.44979],[10.72949,59.44982],[10.72948,59.44986],[10.72955,59.44988],[10.7295,59.44994],[10.72955,59.45002],[10.72949,59.45008],[10.72974,59.45018]]]},"properties":{"a":1386,"v":4581,"dh":3.3,"pl":1,"pn":"Moss pukkverk","pd":"2014-12-15","c":69}},{"type":"Feature","geometry":{"type":"Polygon","coordinates":[[[10.75491,59.44877],[10.75483,59.44861],[10.75465,59.44851],[10.7546,59.44853],[10.75491,59.44877]]]},"properties":{"a":118,"v":168,"dh":1.43,"pl":0,"fo":1,"c":82}},{"type":"Feature","geometry":{"type":"Polygon","coordinates":[[[10.73974,59.44913],[10.73989,59.44906],[10.73989,59.44904],[10.73977,59.44898],[10.73965,59.44902],[10.73962,59.44911],[10.73974,59.44913]]]},"properties":{"a":172,"v":-301,"dh":1.75,"pl":1,"pn":"VANEM - DEL AV VANEM SAMEIE","pd":"2000-05-30","c":77}},{"type":"Feature","geometry":{"type":"Polygon","coordinates":[[[10.74001,59.44924],[10.73998,59.44926],[10.74007,59.4493],[10.73998,59.44928],[10.73987,59.44934],[10.73984,59.44942],[10.7402,59.44943],[10.74021,59.44939],[10.74016,59.44934],[10.74027,59.44924],[10.74024,59.4492],[10.74039,59.44916],[10.74055,59.44938],[10.74068,59.44928],[10.74049,59.44924],[10.74046,59.44915],[10.74029,59.44912],[10.7403,59.44908],[10.73993,59.44902],[10.73993,59.44912],[10.74001,59.44919],[10.73996,59.44922],[10.74001,59.44924]],[[10.74001,59.44923],[10.74003,59.44922],[10.74003,59.44923],[10.74001,59.44923]],[[10.74015,59.44928],[10.74012,59.4493],[10.74012,59.44928],[10.74015,59.44928]],[[10.74015,59.44928],[10.74017,59.44927],[10.74017,59.44928],[10.74015,59.44928]],[[10.7401,59.44926],[10.74013,59.44925],[10.74013,59.44926],[10.7401,59.44926]]]},"properties":{"a":849,"v":742,"dh":0.87,"pl":1,"pn":"VANEM - DEL AV VANEM SAMEIE","pd":"2000-05-30","c":77}},{"type":"Feature","geometry":{"type":"Polygon","coordinates":[[[10.74097,59.44931],[10.74098,59.44926],[10.74117,59.44916],[10.74091,59.44919],[10.74093,59.44925],[10.74088,59.4493],[10.74097,59.44931]]]},"properties":{"a":130,"v":142,"dh":1.09,"pl":1,"pn":"VANEM - DEL AV VANEM SAMEIE","pd":"2000-05-30","c":77}},{"type":"Feature","geometry":{"type":"Polygon","coordinates":[[[10.73951,59.44942],[10.73957,59.44935],[10.73975,59.4494],[10.73975,59.44936],[10.73985,59.4493],[10.73985,59.44924],[10.73976,59.44922],[10.73972,59.44915],[10.7396,59.44915],[10.73941,59.44925],[10.73933,59.44935],[10.73935,59.4494],[10.73951,59.44942]]]},"properties":{"a":553,"v":-878,"dh":1.59,"pl":1,"pn":"VANEM - DEL AV VANEM SAMEIE","pd":"2000-05-30","c":77}},{"type":"Feature","geometry":{"type":"Polygon","coordinates":[[[10.73926,59.44945],[10.73977,59.44944],[10.73919,59.4494],[10.73926,59.44945]]]},"properties":{"a":116,"v":131,"dh":1.13,"pl":1,"pn":"VANEM - DEL AV VANEM SAMEIE","pd":"2000-05-30","c":77}},{"type":"Feature","geometry":{"type":"Polygon","coordinates":[[[10.7387,59.44953],[10.73895,59.44955],[10.73897,59.44951],[10.73886,59.44951],[10.73886,59.44943],[10.73877,59.44943],[10.73872,59.44945],[10.73875,59.4495],[10.7387,59.44953]]]},"properties":{"a":117,"v":122,"dh":1.04,"pl":1,"pn":"Nore og Vanem","pd":"2014-11-24","fo":1,"c":77}},{"type":"Feature","geometry":{"type":"Polygon","coordinates":[[[10.74095,59.44965],[10.74135,59.44958],[10.74135,59.44955],[10.74126,59.44951],[10.7411,59.44953],[10.74095,59.44965]]]},"properties":{"a":185,"v":-231,"dh":1.25,"pl":1,"pn":"Vanem Industriområde","pd":"2011-06-20","c":83}},{"type":"Feature","geometry":{"type":"Polygon","coordinates":[[[10.73976,59.44987],[10.74006,59.44983],[10.74036,59.44984],[10.74042,59.44961],[10.74006,59.44957],[10.73989,59.44967],[10.73993,59.44975],[10.73977,59.44976],[10.73986,59.44981],[10.73974,59.44981],[10.73981,59.44983],[10.73976,59.44987]]]},"properties":{"a":861,"v":-1105,"dh":1.28,"pl":1,"pn":"VANEM - DEL AV VANEM SAMEIE","pd":"2000-05-30","c":77}},{"type":"Feature","geometry":{"type":"Polygon","coordinates":[[[10.73853,59.44999],[10.73876,59.44993],[10.73877,59.44988],[10.7389,59.44986],[10.73891,59.44976],[10.73912,59.44982],[10.73928,59.4498],[10.7393,59.44975],[10.73918,59.44954],[10.73899,59.44957],[10.73861,59.44981],[10.73865,59.44988],[10.73851,59.44994],[10.73853,59.44999]]]},"properties":{"a":853,"v":-1256,"dh":1.47,"pl":1,"pn":"VANEM - DEL AV VANEM SAMEIE","pd":"2000-05-30","c":77}},{"type":"Feature","geometry":{"type":"Polygon","coordinates":[[[10.73119,59.44992],[10.73129,59.44984],[10.73152,59.4498],[10.73145,59.44977],[10.73094,59.44978],[10.73096,59.44988],[10.73119,59.44992]]]},"properties":{"a":352,"v":994,"dh":2.82,"pl":1,"pn":"Moss pukkverk","pd":"2014-12-15","c":69}},{"type":"Feature","geometry":{"type":"Polygon","coordinates":[[[10.73171,59.45004],[10.73197,59.44995],[10.73187,59.44974],[10.73176,59.44977],[10.73184,59.44985],[10.73163,59.44995],[10.73171,59.45004]]]},"properties":{"a":309,"v":417,"dh":1.35,"pl":1,"pn":"Moss pukkverk","pd":"2014-12-15","c":69}},{"type":"Feature","geometry":{"type":"Polygon","coordinates":[[[10.72876,59.45011],[10.72896,59.45005],[10.72897,59.44997],[10.7289,59.44993],[10.72874,59.44996],[10.72866,59.45005],[10.72876,59.45011]]]},"properties":{"a":223,"v":-319,"dh":1.43,"pl":1,"pn":"Moss pukkverk","pd":"2014-12-15","c":69}},{"type":"Feature","geometry":{"type":"Polygon","coordinates":[[[10.72812,59.45021],[10.72831,59.4501],[10.72835,59.45001],[10.72795,59.45],[10.7279,59.45009],[10.72803,59.45015],[10.72801,59.4502],[10.72812,59.45021]]]},"properties":{"a":417,"v":-610,"dh":1.46,"pl":1,"pn":"Moss pukkverk","pd":"2014-12-15","c":69}},{"type":"Feature","geometry":{"type":"Polygon","coordinates":[[[10.7355,59.45069],[10.73567,59.45063],[10.7356,59.45053],[10.73575,59.45045],[10.73571,59.45042],[10.73574,59.45029],[10.7359,59.45034],[10.73618,59.45026],[10.73605,59.45006],[10.73648,59.44995],[10.73688,59.44976],[10.73697,59.44977],[10.73714,59.44971],[10.7372,59.44956],[10.73731,59.44952],[10.7373,59.44946],[10.73723,59.44943],[10.73721,59.44935],[10.73705,59.44932],[10.73702,59.44938],[10.73706,59.44951],[10.73699,59.44955],[10.73644,59.44976],[10.73621,59.44977],[10.73611,59.44982],[10.73611,59.44987],[10.7359,59.44996],[10.73567,59.44994],[10.73547,59.45007],[10.73547,59.45018],[10.73535,59.45056],[10.73541,59.4506],[10.73537,59.45067],[10.7355,59.45069]]]},"properties":{"a":3802,"v":7907,"dh":2.08,"pl":1,"pn":"Moss pukkverk","pd":"2014-12-15","c":69}},{"type":"Feature","geometry":{"type":"Polygon","coordinates":[[[10.7292,59.45033],[10.72969,59.45028],[10.72956,59.45011],[10.72943,59.45008],[10.7295,59.45003],[10.72948,59.44999],[10.72933,59.45003],[10.7294,59.45006],[10.72926,59.45008],[10.72909,59.45021],[10.7292,59.45033]]]},"properties":{"a":746,"v":-3370,"dh":4.52,"pl":1,"pn":"Moss pukkverk","pd":"2014-12-15","c":69}},{"type":"Feature","geometry":{"type":"MultiPolygon","coordinates":[[[[10.72844,59.45025],[10.72847,59.45028],[10.72847,59.45026],[10.72844,59.45025]]],[[[10.72849,59.45028],[10.72863,59.45032],[10.72869,59.4504],[10.72868,59.45046],[10.7286,59.45043],[10.72864,59.4504],[10.7286,59.45036],[10.72848,59.45036],[10.72848,59.45044],[10.72855,59.45049],[10.7287,59.45049],[10.72877,59.45056],[10.72893,59.4505],[10.72893,59.45054],[10.72907,59.45058],[10.72907,59.45063],[10.729,59.45066],[10.72901,59.45076],[10.72915,59.45069],[10.72931,59.45081],[10.72954,59.45077],[10.72947,59.45071],[10.72946,59.45065],[10.72955,59.45064],[10.7296,59.45054],[10.72929,59.45047],[10.72903,59.45048],[10.72903,59.45038],[10.72888,59.45033],[10.7289,59.45028],[10.72884,59.45027],[10.7288,59.45017],[10.72861,59.45011],[10.72864,59.45],[10.72851,59.45004],[10.72848,59.45016],[10.72843,59.45017],[10.72849,59.45028]],[[10.72868,59.45022],[10.72863,59.4502],[10.7287,59.4502],[10.72868,59.45022]]]]},"properties":{"a":1933,"v":-4266,"dh":2.21,"pl":1,"pn":"Moss pukkverk","pd":"2014-12-15","c":69}},{"type":"Feature","geometry":{"type":"Polygon","coordinates":[[[10.72968,59.4505],[10.72972,59.45046],[10.72966,59.45044],[10.72954,59.45045],[10.72964,59.45041],[10.72964,59.45034],[10.72959,59.4503],[10.72943,59.45034],[10.72892,59.45032],[10.72908,59.45038],[10.72907,59.45047],[10.72915,59.45044],[10.72968,59.4505]]]},"properties":{"a":572,"v":1251,"dh":2.19,"pl":1,"pn":"Moss pukkverk","pd":"2014-12-15","c":69}},{"type":"Feature","geometry":{"type":"Polygon","coordinates":[[[10.73016,59.45049],[10.73021,59.4504],[10.73019,59.45034],[10.73012,59.45033],[10.73007,59.45038],[10.73007,59.45048],[10.73016,59.45049]]]},"properties":{"a":116,"v":-162,"dh":1.4,"pl":1,"pn":"Moss pukkverk","pd":"2014-12-15","c":69}},{"type":"Feature","geometry":{"type":"Polygon","coordinates":[[[10.73106,59.45046],[10.73125,59.45043],[10.73112,59.45035],[10.731,59.45037],[10.73106,59.45046]]]},"properties":{"a":137,"v":229,"dh":1.67,"pl":1,"pn":"Moss pukkverk","pd":"2014-12-15","c":69}},{"type":"Feature","geometry":{"type":"Polygon","coordinates":[[[10.74031,59.44996],[10.74027,59.44994],[10.74031,59.4499],[10.74038,59.44993],[10.74052,59.44991],[10.74048,59.44982],[10.74052,59.44961],[10.74047,59.44962],[10.74041,59.44984],[10.74008,59.44988],[10.74019,59.44996],[10.74031,59.44996]]]},"properties":{"a":275,"v":312,"dh":1.14,"pl":1,"pn":"VANEM - DEL AV VANEM SAMEIE","pd":"2000-05-30","c":77}},{"type":"Feature","geometry":{"type":"Polygon","coordinates":[[[10.74008,59.45],[10.74015,59.44995],[10.74003,59.44989],[10.73991,59.44996],[10.73991,59.44999],[10.74008,59.45]]]},"properties":{"a":115,"v":123,"dh":1.07,"pl":1,"pn":"VANEM - DEL AV VANEM SAMEIE","pd":"2000-05-30","c":77}},{"type":"Feature","geometry":{"type":"Polygon","coordinates":[[[10.73898,59.45018],[10.73896,59.45002],[10.73885,59.45002],[10.73891,59.45006],[10.73882,59.45009],[10.73868,59.45009],[10.73868,59.45017],[10.73898,59.45018]]]},"properties":{"a":195,"v":-229,"dh":1.17,"pl":1,"pn":"VANEM - DEL AV VANEM SAMEIE","pd":"2000-05-30","c":77}},{"type":"Feature","geometry":{"type":"Polygon","coordinates":[[[10.74097,59.45081],[10.74533,59.45083],[10.7451,59.45079],[10.74499,59.4507],[10.74527,59.45058],[10.74535,59.45046],[10.7454,59.45021],[10.74526,59.4502],[10.74522,59.45007],[10.74517,59.45004],[10.74496,59.45011],[10.74473,59.45009],[10.74434,59.4498],[10.74406,59.44982],[10.74375,59.44993],[10.74359,59.44991],[10.74345,59.45],[10.74319,59.45002],[10.7429,59.44996],[10.74259,59.45],[10.74237,59.44992],[10.74228,59.44979],[10.74236,59.44969],[10.74259,59.44965],[10.74254,59.44964],[10.74255,59.4496],[10.74248,59.44962],[10.74253,59.44956],[10.74249,59.44952],[10.74229,59.44958],[10.74222,59.44969],[10.7421,59.44976],[10.74168,59.44977],[10.74158,59.44987],[10.74112,59.44988],[10.74115,59.44981],[10.74098,59.44968],[10.7408,59.44977],[10.74087,59.44993],[10.74093,59.44995],[10.74088,59.45038],[10.74092,59.45054],[10.7409,59.45075],[10.74097,59.45081]]]},"properties":{"a":25420,"v":-109489,"dh":4.31,"pl":1,"pn":"Vanem Industriområde","pd":"2011-06-20","c":83}},{"type":"Feature","geometry":{"type":"Polygon","coordinates":[[[10.73845,59.45041],[10.73872,59.4503],[10.73874,59.45024],[10.73828,59.4502],[10.7381,59.45027],[10.73814,59.45035],[10.73845,59.45041]]]},"properties":{"a":586,"v":-1973,"dh":3.37,"pl":1,"pn":"VANEM - DEL AV VANEM SAMEIE","pd":"2000-05-30","c":77}},{"type":"Feature","geometry":{"type":"Polygon","coordinates":[[[10.74791,59.45254],[10.74804,59.45248],[10.74808,59.45241],[10.74828,59.45226],[10.74858,59.45217],[10.74875,59.45205],[10.74825,59.452],[10.74819,59.45191],[10.74848,59.45194],[10.74847,59.45188],[10.74851,59.45188],[10.74883,59.45193],[10.74896,59.4518],[10.74896,59.45174],[10.74911,59.45167],[10.74911,59.45159],[10.74926,59.4515],[10.74928,59.45141],[10.74942,59.45141],[10.74938,59.4514],[10.74943,59.4513],[10.74941,59.45125],[10.74953,59.45116],[10.7495,59.45101],[10.7494,59.45096],[10.74928,59.45084],[10.74942,59.45083],[10.74927,59.45061],[10.74939,59.45054],[10.74938,59.45042],[10.74929,59.45023],[10.74944,59.45019],[10.74947,59.45006],[10.74942,59.45],[10.74943,59.44996],[10.74934,59.44993],[10.74932,59.44988],[10.74943,59.44991],[10.74948,59.44989],[10.74924,59.44965],[10.74908,59.44964],[10.74899,59.44956],[10.74869,59.44958],[10.7487,59.44947],[10.74857,59.44936],[10.74816,59.44933],[10.74792,59.44938],[10.74763,59.44955],[10.74749,59.44956],[10.74737,59.44965],[10.74714,59.44964],[10.74691,59.44955],[10.74685,59.44948],[10.74671,59.44946],[10.74651,59.4495],[10.74642,59.44931],[10.74652,59.44921],[10.74642,59.44907],[10.74645,59.449],[10.74642,59.44895],[10.74649,59.44893],[10.74648,59.44882],[10.74632,59.44872],[10.74626,59.44863],[10.74601,59.44852],[10.74589,59.44834],[10.74584,59.44833],[10.74577,59.44836],[10.74579,59.44845],[10.74576,59.44847],[10.74585,59.44858],[10.74582,59.44867],[10.74586,59.44872],[10.74609,59.44885],[10.7461,59.4489],[10.74635,59.44895],[10.74637,59.44904],[10.74633,59.44907],[10.74637,59.44933],[10.7463,59.44938],[10.74639,59.44948],[10.74638,59.44961],[10.74622,59.44968],[10.74606,59.44967],[10.74616,59.44979],[10.74579,59.44979],[10.74562,59.44985],[10.74511,59.44989],[10.74507,59.44985],[10.74512,59.44984],[10.74517,59.44968],[10.74509,59.44957],[10.7451,59.44946],[10.74484,59.44952],[10.74483,59.44963],[10.74476,59.44967],[10.7448,59.44973],[10.74471,59.44975],[10.74471,59.4497],[10.74464,59.44967],[10.74463,59.44959],[10.74454,59.44961],[10.74451,59.44956],[10.74462,59.44944],[10.74452,59.44939],[10.74431,59.44944],[10.74371,59.44918],[10.74347,59.44899],[10.74339,59.44881],[10.74324,59.44865],[10.7431,59.44858],[10.74257,59.4486],[10.74283,59.4485],[10.74208,59.44865],[10.74215,59.44867],[10.74183,59.44898],[10.74132,59.44926],[10.74116,59.4494],[10.74097,59.44948],[10.74084,59.44964],[10.74091,59.44966],[10.741,59.44953],[10.74122,59.44942],[10.74173,59.44932],[10.74179,59.44925],[10.74227,59.44935],[10.74236,59.44927],[10.74246,59.44928],[10.74248,59.44922],[10.74262,59.44919],[10.74276,59.44927],[10.74277,59.44935],[10.74272,59.44936],[10.74262,59.44951],[10.74268,59.44963],[10.74259,59.44968],[10.74268,59.4498],[10.74283,59.44981],[10.74284,59.44977],[10.74295,59.44976],[10.743,59.44977],[10.74304,59.44987],[10.74341,59.44993],[10.74378,59.44987],[10.74408,59.44976],[10.7443,59.44975],[10.74469,59.45002],[10.74489,59.45006],[10.74524,59.45004],[10.74531,59.45011],[10.74547,59.45015],[10.74551,59.45023],[10.74543,59.45027],[10.74541,59.45039],[10.74552,59.4504],[10.74558,59.45045],[10.74549,59.45049],[10.74544,59.45059],[10.7452,59.45063],[10.74511,59.45072],[10.74513,59.45076],[10.74573,59.4508],[10.74602,59.45076],[10.74619,59.45079],[10.74635,59.45074],[10.74653,59.45076],[10.74642,59.45081],[10.74619,59.4508],[10.74614,59.45085],[10.74491,59.45086],[10.74495,59.45092],[10.74476,59.45095],[10.74451,59.45092],[10.74474,59.45098],[10.74464,59.45112],[10.74485,59.45114],[10.74491,59.45119],[10.74505,59.45117],[10.74507,59.4513],[10.74527,59.45139],[10.74526,59.45154],[10.74515,59.45152],[10.74513,59.4517],[10.74499,59.45175],[10.74501,59.45178],[10.74528,59.45186],[10.74536,59.45176],[10.74554,59.4519],[10.74555,59.45194],[10.74549,59.45195],[10.74553,59.45198],[10.74567,59.45191],[10.74572,59.45181],[10.74593,59.45189],[10.74606,59.452],[10.74624,59.45195],[10.74608,59.45194],[10.74606,59.45189],[10.74628,59.45185],[10.7463,59.45193],[10.7465,59.45199],[10.74633,59.45216],[10.74605,59.45218],[10.74629,59.45228],[10.74629,59.45233],[10.74645,59.4523],[10.7468,59.45235],[10.74714,59.45235],[10.74725,59.45241],[10.74718,59.45245],[10.74791,59.45254]],[[10.74749,59.45233],[10.74694,59.45226],[10.74685,59.45221],[10.74692,59.45216],[10.74715,59.45218],[10.74749,59.45227],[10.74749,59.45233]],[[10.74674,59.45222],[10.74671,59.4522],[10.74678,59.45222],[10.74674,59.45222]],[[10.74746,59.45218],[10.7473,59.45216],[10.74728,59.45209],[10.74744,59.45209],[10.74746,59.45218]],[[10.74827,59.45211],[10.74831,59.45208],[10.74831,59.45211],[10.74827,59.45211]],[[10.74573,59.45179],[10.74577,59.45175],[10.7458,59.45179],[10.74573,59.45179]],[[10.74688,59.45174],[10.74689,59.45173],[10.7469,59.45174],[10.74688,59.45174]],[[10.74676,59.45093],[10.7468,59.45092],[10.7468,59.45093],[10.74676,59.45093]],[[10.74703,59.45092],[10.7471,59.45091],[10.7471,59.45092],[10.74703,59.45092]],[[10.74633,59.45073],[10.74635,59.45072],[10.74635,59.45073],[10.74633,59.45073]],[[10.74703,59.45063],[10.74669,59.45057],[10.74667,59.45049],[10.74655,59.45049],[10.74656,59.45044],[10.74642,59.45047],[10.74639,59.45042],[10.74642,59.45038],[10.74663,59.45035],[10.74663,59.45044],[10.74669,59.45047],[10.74686,59.45046],[10.74697,59.45051],[10.74703,59.45063]],[[10.74648,59.45063],[10.74634,59.45062],[10.74631,59.4506],[10.74648,59.45058],[10.74648,59.45063]],[[10.74573,59.45007],[10.74571,59.45002],[10.7458,59.45],[10.74573,59.45007]],[[10.74934,59.44986],[10.74935,59.44984],[10.74936,59.44986],[10.74934,59.44986]],[[10.74812,59.44949],[10.74816,59.44951],[10.74816,59.44955],[10.74812,59.44956],[10.74812,59.44949]],[[10.74503,59.44951],[10.74507,59.4495],[10.74507,59.44951],[10.74503,59.44951]]]},"properties":{"a":82905,"v":343796,"dh":4.15,"pl":1,"pn":"Vanem Industriområde","pd":"2011-06-20","c":83}},{"type":"Feature","geometry":{"type":"Polygon","coordinates":[[[10.7402,59.45063],[10.7404,59.45059],[10.74039,59.45055],[10.74022,59.45053],[10.7402,59.45063]]]},"properties":{"a":112,"v":-162,"dh":1.44,"pl":1,"pn":"VANEM - DEL AV VANEM SAMEIE","pd":"2000-05-30","c":77}},{"type":"Feature","geometry":{"type":"Polygon","coordinates":[[[10.73962,59.4512],[10.73969,59.45117],[10.73968,59.45111],[10.73959,59.45108],[10.73968,59.45097],[10.73963,59.45084],[10.73939,59.45086],[10.73944,59.45115],[10.73962,59.4512]]]},"properties":{"a":545,"v":-732,"dh":1.34,"pl":1,"pn":"VANEM - DEL AV VANEM SAMEIE","pd":"2000-05-30","c":77}},{"type":"Feature","geometry":{"type":"Polygon","coordinates":[[[10.73921,59.45115],[10.73933,59.45112],[10.73931,59.45104],[10.73911,59.45101],[10.73905,59.45107],[10.73908,59.45113],[10.73921,59.45115]]]},"properties":{"a":176,"v":-218,"dh":1.24,"pl":1,"pn":"VANEM - DEL AV VANEM SAMEIE","pd":"2000-05-30","c":77}},{"type":"Feature","geometry":{"type":"Polygon","coordinates":[[[10.74066,59.45189],[10.74062,59.45176],[10.7407,59.45137],[10.74061,59.45129],[10.74061,59.45102],[10.74052,59.45094],[10.74064,59.45088],[10.74057,59.45087],[10.74062,59.45074],[10.74052,59.45067],[10.74059,59.45062],[10.74054,59.45059],[10.74052,59.45032],[10.74045,59.45031],[10.7404,59.45039],[10.74021,59.45046],[10.74036,59.45047],[10.74041,59.45042],[10.74043,59.45053],[10.74048,59.45055],[10.74042,59.45065],[10.74047,59.45068],[10.74046,59.45078],[10.74036,59.45082],[10.74045,59.45089],[10.7402,59.45092],[10.74014,59.45084],[10.73995,59.45085],[10.73995,59.4509],[10.73971,59.45101],[10.73971,59.45105],[10.73984,59.45104],[10.73982,59.45109],[10.74002,59.45115],[10.74014,59.45102],[10.74022,59.45101],[10.74034,59.45112],[10.74037,59.451],[10.74047,59.45099],[10.74059,59.45126],[10.74056,59.45129],[10.74056,59.45146],[10.74052,59.45152],[10.74056,59.45172],[10.7405,59.45188],[10.74066,59.45189]]]},"properties":{"a":1917,"v":2362,"dh":1.23,"pl":1,"pn":"VANEM - DEL AV VANEM SAMEIE","pd":"2000-05-30","c":77}},{"type":"Feature","geometry":{"type":"Polygon","coordinates":[[[10.73337,59.45044],[10.73325,59.45048],[10.73351,59.45055],[10.73357,59.45055],[10.73355,59.45049],[10.73367,59.4505],[10.73378,59.45056],[10.73362,59.45057],[10.73396,59.45063],[10.73408,59.45061],[10.73396,59.45058],[10.73397,59.45055],[10.73431,59.45055],[10.73445,59.45064],[10.73456,59.45065],[10.73467,59.45063],[10.73461,59.45058],[10.7349,59.45046],[10.73514,59.45032],[10.73518,59.45026],[10.73509,59.45023],[10.73497,59.45035],[10.73469,59.45044],[10.73402,59.45035],[10.73368,59.45026],[10.73365,59.45011],[10.7337,59.45008],[10.73364,59.44999],[10.7328,59.44997],[10.73278,59.44995],[10.73291,59.44985],[10.73286,59.44984],[10.73244,59.44997],[10.73225,59.44997],[10.7323,59.44999],[10.73227,59.4501],[10.73236,59.45013],[10.73235,59.45018],[10.7321,59.45013],[10.73166,59.45044],[10.73136,59.45057],[10.73137,59.45066],[10.73144,59.4507],[10.73141,59.45075],[10.7315,59.45083],[10.7315,59.45091],[10.73168,59.45098],[10.73232,59.45098],[10.73254,59.45086],[10.73278,59.45092],[10.73278,59.45101],[10.73283,59.45102],[10.73312,59.45102],[10.73327,59.45095],[10.73337,59.45074],[10.7332,59.45069],[10.73304,59.45051],[10.73282,59.4505],[10.73305,59.45042],[10.73337,59.45044]],[[10.73339,59.45044],[10.73348,59.45047],[10.73339,59.45045],[10.73339,59.45044]],[[10.73385,59.45057],[10.73389,59.45056],[10.73389,59.45057],[10.73385,59.45057]]]},"properties":{"a":12612,"v":59568,"dh":4.72,"pl":1,"pn":"Moss pukkverk","pd":"2014-12-15","c":69}},{"type":"Feature","geometry":{"type":"Polygon","coordinates":[[[10.73103,59.45086],[10.73113,59.45081],[10.73113,59.45076],[10.73105,59.45071],[10.73081,59.45077],[10.73081,59.45081],[10.73103,59.45086]]]},"properties":{"a":175,"v":335,"dh":1.92,"pl":1,"pn":"Moss pukkverk","pd":"2014-12-15","c":69}},{"type":"Feature","geometry":{"type":"Polygon","coordinates":[[[10.73737,59.45081],[10.73737,59.45068],[10.73745,59.45062],[10.73722,59.45061],[10.7373,59.45078],[10.73737,59.45081]]]},"properties":{"a":160,"v":-217,"dh":1.36,"pl":1,"pn":"VANEM - DEL AV VANEM SAMEIE","pd":"2000-05-30","fo":1,"c":77}},{"type":"Feature","geometry":{"type":"Polygon","coordinates":[[[10.72941,59.45097],[10.72949,59.45089],[10.72926,59.45084],[10.72928,59.45092],[10.72941,59.45097]]]},"properties":{"a":134,"v":-211,"dh":1.57,"pl":1,"pn":"Moss pukkverk","pd":"2014-12-15","sl":1,"c":69}},{"type":"Feature","geometry":{"type":"Polygon","coordinates":[[[10.73077,59.45102],[10.73107,59.45103],[10.73107,59.45098],[10.73075,59.45098],[10.73077,59.45102]]]},"properties":{"a":104,"v":-167,"dh":1.61,"pl":1,"pn":"Moss pukkverk","pd":"2014-12-15","c":69}},{"type":"Feature","geometry":{"type":"Polygon","coordinates":[[[10.72936,59.45113],[10.72965,59.45116],[10.72968,59.45112],[10.72941,59.45104],[10.72934,59.45108],[10.72936,59.45113]]]},"properties":{"a":135,"v":-145,"dh":1.08,"pl":1,"pn":"Moss pukkverk","pd":"2014-12-15","c":69}},{"type":"Feature","geometry":{"type":"Polygon","coordinates":[[[10.73575,59.45109],[10.73608,59.45105],[10.73611,59.45098],[10.73604,59.45095],[10.73596,59.45102],[10.73597,59.45097],[10.73586,59.45096],[10.73574,59.451],[10.73575,59.45109]]]},"properties":{"a":190,"v":184,"dh":0.97,"pl":1,"pn":"VANEM - DEL AV VANEM SAMEIE","pd":"2000-05-30","sh":1,"c":77}},{"type":"Feature","geometry":{"type":"Polygon","coordinates":[[[10.73124,59.45131],[10.73124,59.45126],[10.73111,59.45121],[10.7312,59.45112],[10.73114,59.45106],[10.73115,59.45114],[10.73108,59.45114],[10.73106,59.45121],[10.73124,59.45131]]]},"properties":{"a":103,"v":198,"dh":1.92,"pl":1,"pn":"Moss pukkverk","pd":"2014-12-15","sl":1,"c":69}},{"type":"Feature","geometry":{"type":"Polygon","coordinates":[[[10.7364,59.45147],[10.7365,59.45132],[10.73668,59.45129],[10.73665,59.45122],[10.73692,59.45117],[10.73715,59.45101],[10.7372,59.45088],[10.73727,59.45087],[10.73725,59.45082],[10.73685,59.45082],[10.73652,59.451],[10.73615,59.451],[10.73612,59.45112],[10.73626,59.45112],[10.73634,59.45121],[10.73613,59.45123],[10.73602,59.45131],[10.73601,59.45139],[10.7364,59.45147]]]},"properties":{"a":2342,"v":4837,"dh":2.07,"pl":1,"pn":"VANEM - DEL AV VANEM SAMEIE","pd":"2000-05-30","c":77}},{"type":"Feature","geometry":{"type":"Polygon","coordinates":[[[10.73111,59.45147],[10.73121,59.45139],[10.73119,59.45131],[10.73107,59.45136],[10.73106,59.45144],[10.73097,59.45144],[10.73111,59.45147]]]},"properties":{"a":106,"v":-120,"dh":1.14,"pl":1,"pn":"Moss pukkverk","pd":"2014-12-15","c":69}},{"type":"Feature","geometry":{"type":"Polygon","coordinates":[[[10.73976,59.45186],[10.74049,59.45177],[10.74052,59.45169],[10.74046,59.45154],[10.74051,59.45139],[10.74047,59.45129],[10.74052,59.45127],[10.74052,59.45119],[10.74044,59.4511],[10.74045,59.45102],[10.7404,59.45104],[10.74042,59.4511],[10.74032,59.45117],[10.74031,59.45128],[10.74022,59.45131],[10.74027,59.45124],[10.74016,59.45121],[10.74008,59.45123],[10.74013,59.45129],[10.7398,59.45125],[10.73978,59.45131],[10.73989,59.45134],[10.73951,59.45156],[10.7389,59.45139],[10.7389,59.45127],[10.73882,59.45119],[10.73892,59.45108],[10.73882,59.45107],[10.73888,59.45096],[10.73879,59.45091],[10.73869,59.45096],[10.73871,59.45105],[10.73864,59.4511],[10.73853,59.4509],[10.73813,59.45102],[10.73796,59.45096],[10.73808,59.45087],[10.73806,59.45085],[10.73759,59.45083],[10.73726,59.45093],[10.73717,59.45104],[10.73648,59.45153],[10.73648,59.45161],[10.73669,59.45165],[10.73719,59.45164],[10.73843,59.45173],[10.73922,59.45173],[10.73944,59.45183],[10.73976,59.45186]]]},"properties":{"a":14260,"v":-43669,"dh":3.06,"pl":1,"pn":"VANEM - DEL AV VANEM SAMEIE","pd":"2000-05-30","c":77}},{"type":"Feature","geometry":{"type":"Polygon","coordinates":[[[10.74628,59.45216],[10.74642,59.45204],[10.7464,59.45198],[10.74622,59.45199],[10.74619,59.45205],[10.7461,59.45208],[10.74576,59.45195],[10.74559,59.45202],[10.74525,59.45199],[10.74524,59.45189],[10.74507,59.45184],[10.74507,59.45189],[10.74514,59.4519],[10.74514,59.45196],[10.74494,59.45185],[10.74482,59.45191],[10.74481,59.45174],[10.74488,59.45174],[10.74497,59.45162],[10.74507,59.45161],[10.74515,59.45148],[10.74512,59.45147],[10.74513,59.45142],[10.74503,59.45143],[10.74493,59.45136],[10.74495,59.45129],[10.74485,59.45117],[10.74461,59.45114],[10.74463,59.45099],[10.74456,59.45097],[10.74442,59.45104],[10.74437,59.451],[10.7444,59.45097],[10.7443,59.45093],[10.7434,59.45095],[10.74344,59.45117],[10.74357,59.45116],[10.74343,59.45122],[10.7433,59.4512],[10.74325,59.45113],[10.74326,59.45099],[10.74314,59.45103],[10.74314,59.45109],[10.74296,59.45109],[10.74307,59.45105],[10.74308,59.45099],[10.7429,59.45093],[10.74102,59.45095],[10.74106,59.45108],[10.74101,59.45112],[10.74101,59.45125],[10.74108,59.45126],[10.74116,59.45138],[10.74181,59.45165],[10.74201,59.45182],[10.74272,59.4519],[10.7444,59.45196],[10.74628,59.45216]]]},"properties":{"a":22103,"v":-59661,"dh":2.7,"pl":1,"pn":"VANEM - DEL AV VANEM SAMEIE","pd":"2000-05-30","c":77}},{"type":"Feature","geometry":{"type":"Polygon","coordinates":[[[10.7391,59.45187],[10.7391,59.45183],[10.73922,59.45178],[10.73887,59.45175],[10.73871,59.45179],[10.73875,59.45182],[10.7387,59.45184],[10.7391,59.45187]]]},"properties":{"a":289,"v":433,"dh":1.5,"pl":1,"pn":"VANEM - DEL AV VANEM SAMEIE","pd":"2000-05-30","c":77}},{"type":"Feature","geometry":{"type":"MultiPolygon","coordinates":[[[[10.74079,59.45179],[10.74081,59.4518],[10.74081,59.45179],[10.74079,59.45179]]],[[[10.74081,59.45178],[10.74097,59.45187],[10.7408,59.45191],[10.74105,59.45196],[10.74174,59.45195],[10.74168,59.45179],[10.74146,59.45166],[10.74126,59.45165],[10.74128,59.45172],[10.74116,59.45174],[10.74118,59.4518],[10.7411,59.45182],[10.74104,59.45178],[10.74115,59.45177],[10.74104,59.45173],[10.74112,59.45171],[10.74095,59.45165],[10.74091,59.45173],[10.741,59.45177],[10.74081,59.45178]]]]},"properties":{"a":1220,"v":1757,"dh":1.44,"pl":1,"pn":"VANEM - DEL AV VANEM SAMEIE","pd":"2000-05-30","c":77}},{"type":"Feature","geometry":{"type":"Polygon","coordinates":[[[10.7422,59.452],[10.74219,59.4519],[10.74224,59.45187],[10.742,59.4519],[10.742,59.45197],[10.7422,59.452]]]},"properties":{"a":152,"v":212,"dh":1.39,"pl":1,"pn":"VANEM - DEL AV VANEM SAMEIE","pd":"2000-05-30","c":77}},{"type":"Feature","geometry":{"type":"Polygon","coordinates":[[[10.73954,59.45209],[10.7397,59.45205],[10.73807,59.45193],[10.73787,59.45194],[10.73786,59.45201],[10.73781,59.45202],[10.73782,59.45193],[10.7377,59.45193],[10.73774,59.45205],[10.73785,59.45211],[10.738,59.4521],[10.73819,59.45198],[10.73842,59.45196],[10.73853,59.45203],[10.73871,59.452],[10.7389,59.45207],[10.73908,59.45203],[10.73954,59.45209]]]},"properties":{"a":864,"v":964,"dh":1.12,"pl":0,"fo":1,"c":84}},{"type":"Feature","geometry":{"type":"Polygon","coordinates":[[[10.74563,59.45218],[10.74561,59.45212],[10.74389,59.45195],[10.74391,59.45201],[10.74407,59.45207],[10.74451,59.45205],[10.7451,59.45215],[10.74563,59.45218]]]},"properties":{"a":699,"v":778,"dh":1.11,"pl":1,"pn":"VANEM - DEL AV VANEM SAMEIE","pd":"2000-05-30","c":77}},{"type":"Feature","geometry":{"type":"Polygon","coordinates":[[[10.74167,59.45236],[10.74177,59.45227],[10.74173,59.45217],[10.74164,59.45221],[10.74143,59.45218],[10.74164,59.45214],[10.74212,59.45217],[10.74217,59.45211],[10.74102,59.45205],[10.74078,59.45212],[10.74081,59.45216],[10.74097,59.45215],[10.74103,59.45223],[10.74112,59.45225],[10.74138,59.45227],[10.74142,59.45226],[10.74138,59.45223],[10.74145,59.45223],[10.74153,59.45233],[10.74167,59.45236]],[[10.74111,59.45212],[10.74102,59.45208],[10.74113,59.45209],[10.74111,59.45212]]]},"properties":{"a":1106,"v":1148,"dh":1.04,"pl":1,"pn":"VANEM - DEL AV VANEM SAMEIE","pd":"2000-05-30","fo":1,"c":77}},{"type":"Feature","geometry":{"type":"Polygon","coordinates":[[[10.74309,59.45227],[10.74315,59.45223],[10.74297,59.45221],[10.74305,59.45214],[10.74243,59.45213],[10.74245,59.45219],[10.74258,59.45222],[10.74279,59.45221],[10.74281,59.45225],[10.74309,59.45227]]]},"properties":{"a":385,"v":470,"dh":1.22,"pl":1,"pn":"VANEM - DEL AV VANEM SAMEIE","pd":"2000-05-30","fo":1,"c":77}},{"type":"Feature","geometry":{"type":"Polygon","coordinates":[[[10.74467,59.45232],[10.74486,59.4523],[10.74365,59.45219],[10.74323,59.4522],[10.74357,59.45228],[10.74417,59.45226],[10.74467,59.45232]]]},"properties":{"a":418,"v":-695,"dh":1.66,"pl":0,"fo":1,"c":85}},{"type":"Feature","geometry":{"type":"Polygon","coordinates":[[[10.72072,59.44874],[10.72097,59.4488],[10.72093,59.44875],[10.72072,59.4487],[10.72072,59.44874]]]},"properties":{"a":104,"v":148,"dh":1.42,"pl":1,"pn":"Nore og Vanem","pd":"2014-11-24","fo":1,"c":72}},{"type":"Feature","geometry":{"type":"MultiPolygon","coordinates":[[[[10.71952,59.44943],[10.71943,59.44938],[10.71946,59.44929],[10.71934,59.44929],[10.71941,59.44936],[10.71938,59.44939],[10.7194,59.44948],[10.71952,59.44948],[10.71952,59.44943]]],[[[10.71954,59.44945],[10.71956,59.44946],[10.71956,59.44945],[10.71954,59.44945]]],[[[10.71958,59.44946],[10.71956,59.4495],[10.71963,59.44951],[10.71958,59.44946]]]]},"properties":{"a":147,"v":256,"dh":1.74,"pl":0,"fo":1,"c":86}},{"type":"Feature","geometry":{"type":"Polygon","coordinates":[[[10.72208,59.4502],[10.72206,59.45012],[10.72195,59.45004],[10.72199,59.45],[10.72194,59.4499],[10.72173,59.44992],[10.72172,59.45003],[10.72178,59.45009],[10.72208,59.4502]]]},"properties":{"a":388,"v":-685,"dh":1.76,"pl":1,"pn":"Nore og Vanem","pd":"2014-11-24","fo":1,"c":72}},{"type":"Feature","geometry":{"type":"Polygon","coordinates":[[[10.72294,59.45035],[10.7232,59.45035],[10.72313,59.45033],[10.72286,59.45028],[10.72294,59.45035]]]},"properties":{"a":114,"v":106,"dh":0.93,"pl":1,"pn":"Nore og Vanem","pd":"2014-11-24","sh":1,"c":72}},{"type":"Feature","geometry":{"type":"Polygon","coordinates":[[[10.71177,59.45305],[10.71157,59.45296],[10.71148,59.45298],[10.7115,59.45304],[10.71177,59.45305]]]},"properties":{"a":103,"v":103,"dh":1.0,"pl":1,"pn":"Noreødegården","pd":"2005-06-21","fo":1,"c":133}},{"type":"Feature","geometry":{"type":"Polygon","coordinates":[[[10.71256,59.45476],[10.71285,59.45461],[10.71299,59.45449],[10.71298,59.45444],[10.71263,59.45467],[10.71245,59.45471],[10.71256,59.45476]]]},"properties":{"a":266,"v":284,"dh":1.07,"pl":0,"fo":1,"c":87}},{"type":"Feature","geometry":{"type":"Polygon","coordinates":[[[10.71216,59.45491],[10.71221,59.45483],[10.71158,59.45455],[10.71149,59.45457],[10.71167,59.45466],[10.71168,59.45473],[10.71175,59.45478],[10.71216,59.45491]]]},"properties":{"a":444,"v":469,"dh":1.06,"pl":0,"fo":1,"c":87}},{"type":"Feature","geometry":{"type":"MultiPolygon","coordinates":[[[[10.71302,59.4545],[10.71308,59.4545],[10.71307,59.45448],[10.71302,59.4545]]],[[[10.71301,59.45453],[10.71277,59.45471],[10.71225,59.45498],[10.71217,59.45507],[10.71216,59.45518],[10.71228,59.45508],[10.71227,59.45502],[10.7128,59.45474],[10.71301,59.45453]]]]},"properties":{"a":307,"v":-296,"dh":0.96,"pl":0,"sh":1,"c":88}},{"type":"Feature","geometry":{"type":"MultiPolygon","coordinates":[[[[10.71201,59.45515],[10.71209,59.45517],[10.71208,59.45513],[10.71201,59.45515]]],[[[10.712,59.45515],[10.71193,59.45513],[10.71168,59.4555],[10.71149,59.45559],[10.71154,59.45562],[10.71146,59.45571],[10.7116,59.45574],[10.71165,59.45565],[10.71172,59.45563],[10.71178,59.45549],[10.71176,59.45542],[10.7119,59.45528],[10.71188,59.45524],[10.712,59.4552],[10.712,59.45515]]]]},"properties":{"a":394,"v":407,"dh":1.03,"pl":0,"fo":1,"c":87}},{"type":"Feature","geometry":{"type":"Polygon","coordinates":[[[10.71706,59.45753],[10.71712,59.45746],[10.71708,59.4573],[10.7169,59.45724],[10.71696,59.45738],[10.71691,59.45748],[10.71706,59.45753]]]},"properties":{"a":257,"v":579,"dh":2.25,"pl":0,"fo":1,"c":89}},{"type":"Feature","geometry":{"type":"Polygon","coordinates":[[[10.74481,59.45262],[10.74482,59.45257],[10.74477,59.45253],[10.74452,59.45256],[10.74454,59.4526],[10.74481,59.45262]]]},"properties":{"a":114,"v":176,"dh":1.54,"pl":0,"fo":1,"c":85}},{"type":"Feature","geometry":{"type":"Polygon","coordinates":[[[10.74916,59.45264],[10.74921,59.45259],[10.74888,59.45253],[10.74893,59.4526],[10.74916,59.45264]]]},"properties":{"a":127,"v":161,"dh":1.27,"pl":0,"fo":1,"c":90}},{"type":"Feature","geometry":{"type":"Polygon","coordinates":[[[10.73824,59.45285],[10.73818,59.45276],[10.738,59.45271],[10.73804,59.45281],[10.73824,59.45285]]]},"properties":{"a":121,"v":174,"dh":1.44,"pl":0,"fo":1,"c":91}},{"type":"Feature","geometry":{"type":"Polygon","coordinates":[[[10.75946,59.45325],[10.7596,59.45316],[10.75962,59.45313],[10.75953,59.4531],[10.75932,59.45321],[10.75946,59.45325]]]},"properties":{"a":149,"v":278,"dh":1.86,"pl":0,"fo":1,"c":92}},{"type":"Feature","geometry":{"type":"Polygon","coordinates":[[[10.75359,59.45399],[10.75361,59.45392],[10.75337,59.45387],[10.75336,59.45392],[10.75359,59.45399]]]},"properties":{"a":101,"v":-115,"dh":1.14,"pl":0,"fo":1,"c":93}},{"type":"Feature","geometry":{"type":"Polygon","coordinates":[[[10.75578,59.45461],[10.75614,59.45452],[10.75624,59.45439],[10.75624,59.45429],[10.75614,59.4542],[10.75584,59.45409],[10.75587,59.45405],[10.75578,59.45404],[10.75569,59.45391],[10.75558,59.45387],[10.75561,59.45382],[10.75556,59.45382],[10.75548,59.45373],[10.75546,59.45365],[10.75553,59.45359],[10.75553,59.45352],[10.75571,59.45339],[10.75569,59.45333],[10.75493,59.45354],[10.75484,59.45359],[10.7549,59.45363],[10.75488,59.45367],[10.75472,59.45372],[10.75464,59.45373],[10.75468,59.45363],[10.75427,59.45372],[10.75439,59.45381],[10.75427,59.45381],[10.75426,59.45389],[10.75408,59.45389],[10.75431,59.4539],[10.75429,59.45393],[10.75439,59.45403],[10.75457,59.45406],[10.75458,59.45398],[10.75442,59.4539],[10.75443,59.45384],[10.75452,59.45381],[10.75446,59.45378],[10.7545,59.45375],[10.75476,59.45377],[10.75482,59.45379],[10.7548,59.45385],[10.75493,59.45391],[10.75505,59.45383],[10.75535,59.45382],[10.75551,59.45395],[10.75549,59.4541],[10.75557,59.45411],[10.75554,59.45417],[10.75545,59.45418],[10.75581,59.45426],[10.75587,59.45433],[10.75584,59.45443],[10.75549,59.45453],[10.7556,59.45459],[10.75578,59.45461]],[[10.75455,59.45374],[10.75457,59.45373],[10.75457,59.45374],[10.75455,59.45374]]]},"properties":{"a":4118,"v":8044,"dh":1.95,"pl":0,"c":93}},{"type":"Feature","geometry":{"type":"Polygon","coordinates":[[[10.75528,59.45455],[10.75549,59.45445],[10.75546,59.45435],[10.75505,59.4543],[10.75509,59.4544],[10.75505,59.45446],[10.75481,59.4544],[10.75496,59.45447],[10.75515,59.45445],[10.75521,59.45454],[10.75528,59.45455]]]},"properties":{"a":467,"v":-626,"dh":1.34,"pl":0,"fo":1,"c":93}},{"type":"Feature","geometry":{"type":"Polygon","coordinates":[[[10.74848,59.45511],[10.7486,59.45504],[10.7486,59.45499],[10.74844,59.45498],[10.74836,59.45508],[10.74848,59.45511]]]},"properties":{"a":142,"v":229,"dh":1.61,"pl":0,"fo":1,"c":94}},{"type":"Feature","geometry":{"type":"Polygon","coordinates":[[[10.75766,59.45659],[10.75773,59.45655],[10.75786,59.45638],[10.75776,59.45639],[10.75762,59.45649],[10.75761,59.45655],[10.75766,59.45659]]]},"properties":{"a":147,"v":193,"dh":1.31,"pl":0,"c":95}},{"type":"Feature","geometry":{"type":"Polygon","coordinates":[[[10.76053,59.45747],[10.76022,59.45727],[10.7601,59.4573],[10.76013,59.45734],[10.76022,59.45729],[10.76053,59.45747]]]},"properties":{"a":112,"v":-145,"dh":1.29,"pl":2,"pn":"Detaljregulering for ny gang- og sykkelvei - Fv120 Rødsund","pd":"2023-05-09","sl":1,"c":96}},{"type":"Feature","geometry":{"type":"MultiPolygon","coordinates":[[[[10.73132,59.45137],[10.7313,59.45135],[10.73123,59.45135],[10.73132,59.45137]]],[[[10.73184,59.45153],[10.73162,59.45152],[10.73155,59.45142],[10.73146,59.45138],[10.73137,59.45138],[10.73135,59.45137],[10.73132,59.45137],[10.73139,59.45145],[10.73168,59.45157],[10.73184,59.45153]]],[[[10.73184,59.45158],[10.73182,59.45157],[10.73182,59.45158],[10.73184,59.45158]]]]},"properties":{"a":178,"v":363,"dh":2.04,"pl":1,"pn":"Moss pukkverk","pd":"2014-12-15","sl":1,"c":69}},{"type":"Feature","geometry":{"type":"Polygon","coordinates":[[[10.73629,59.45168],[10.73652,59.45167],[10.73639,59.45158],[10.73629,59.45163],[10.73629,59.45168]]]},"properties":{"a":120,"v":150,"dh":1.25,"pl":1,"pn":"VANEM - DEL AV VANEM SAMEIE","pd":"2000-05-30","fo":1,"c":77}},{"type":"Feature","geometry":{"type":"Polygon","coordinates":[[[10.73067,59.45192],[10.73069,59.45184],[10.73054,59.45171],[10.73019,59.4517],[10.73014,59.45174],[10.73018,59.45185],[10.73067,59.45192]]]},"properties":{"a":544,"v":946,"dh":1.74,"pl":0,"fo":1,"c":97}},{"type":"Feature","geometry":{"type":"Polygon","coordinates":[[[10.72771,59.45232],[10.72773,59.45228],[10.72747,59.45214],[10.72742,59.45215],[10.72746,59.45228],[10.72753,59.45224],[10.72757,59.4523],[10.72771,59.45232]]]},"properties":{"a":136,"v":197,"dh":1.45,"pl":0,"fo":1,"c":98}},{"type":"Feature","geometry":{"type":"Polygon","coordinates":[[[10.72603,59.45259],[10.72603,59.45251],[10.72587,59.45243],[10.72574,59.45243],[10.72582,59.45254],[10.72603,59.45259]]]},"properties":{"a":171,"v":278,"dh":1.62,"pl":0,"fo":1,"c":99}},{"type":"Feature","geometry":{"type":"Polygon","coordinates":[[[10.73431,59.45272],[10.73426,59.45262],[10.73406,59.45258],[10.73408,59.45262],[10.73431,59.45272]]]},"properties":{"a":100,"v":122,"dh":1.22,"pl":0,"fo":1,"c":100}},{"type":"Feature","geometry":{"type":"Polygon","coordinates":[[[10.72547,59.46343],[10.72551,59.46335],[10.72524,59.46332],[10.72528,59.46338],[10.72547,59.46343]]]},"properties":{"a":128,"v":189,"dh":1.48,"pl":0,"fo":1,"c":101}},{"type":"Feature","geometry":{"type":"Polygon","coordinates":[[[10.72587,59.46365],[10.72598,59.46359],[10.72615,59.46359],[10.72624,59.46351],[10.72623,59.46344],[10.72578,59.46357],[10.72587,59.46365]]]},"properties":{"a":247,"v":306,"dh":1.24,"pl":0,"fo":1,"c":101}},{"type":"Feature","geometry":{"type":"Polygon","coordinates":[[[10.72938,59.46464],[10.72957,59.46454],[10.72962,59.46447],[10.72938,59.46454],[10.72933,59.46461],[10.72938,59.46464]]]},"properties":{"a":111,"v":109,"dh":0.98,"pl":0,"sh":1,"c":102}},{"type":"Feature","geometry":{"type":"Polygon","coordinates":[[[10.72896,59.47146],[10.72897,59.47133],[10.72891,59.47128],[10.72882,59.47129],[10.72885,59.47139],[10.72896,59.47146]]]},"properties":{"a":114,"v":174,"dh":1.53,"pl":0,"fo":1,"c":103}},{"type":"Feature","geometry":{"type":"Polygon","coordinates":[[[10.76011,59.45783],[10.76019,59.4578],[10.7602,59.45753],[10.76008,59.45755],[10.76016,59.45756],[10.76015,59.45765],[10.76008,59.45769],[10.76011,59.45783]]]},"properties":{"a":136,"v":215,"dh":1.58,"pl":0,"sl":1,"c":104}},{"type":"Feature","geometry":{"type":"Polygon","coordinates":[[[10.76111,59.45839],[10.76117,59.45831],[10.76114,59.45829],[10.76115,59.45822],[10.76107,59.4581],[10.76099,59.45808],[10.76099,59.45813],[10.7611,59.45819],[10.76106,59.45824],[10.76112,59.45835],[10.76105,59.45838],[10.76111,59.45839]]]},"properties":{"a":109,"v":154,"dh":1.42,"pl":0,"sl":1,"c":105}},{"type":"Feature","geometry":{"type":"Polygon","coordinates":[[[10.75991,59.45981],[10.75987,59.45968],[10.75976,59.45959],[10.75967,59.45957],[10.75979,59.45979],[10.75991,59.45981]]]},"properties":{"a":154,"v":236,"dh":1.53,"pl":0,"fo":1,"c":106}},{"type":"Feature","geometry":{"type":"Polygon","coordinates":[[[10.76017,59.46003],[10.76032,59.45992],[10.76028,59.45986],[10.76035,59.45978],[10.7603,59.45978],[10.76017,59.45996],[10.76017,59.46003]]]},"properties":{"a":121,"v":234,"dh":1.93,"pl":0,"sl":1,"c":107}},{"type":"Feature","geometry":{"type":"Polygon","coordinates":[[[10.75967,59.46101],[10.75978,59.46098],[10.7598,59.46084],[10.75962,59.46093],[10.75967,59.46101]]]},"properties":{"a":125,"v":214,"dh":1.71,"pl":0,"fo":1,"c":108}},{"type":"Feature","geometry":{"type":"Polygon","coordinates":[[[10.75332,59.46138],[10.75323,59.46139],[10.75329,59.46153],[10.75335,59.46151],[10.75331,59.46147],[10.75345,59.46141],[10.75342,59.46128],[10.75346,59.46124],[10.75336,59.46118],[10.75338,59.46111],[10.75329,59.46113],[10.75338,59.46122],[10.75339,59.4613],[10.75332,59.46138]],[[10.75336,59.46137],[10.75337,59.46138],[10.75336,59.46138],[10.75336,59.46137]]]},"properties":{"a":199,"v":-258,"dh":1.3,"pl":0,"sl":1,"c":109}},{"type":"Feature","geometry":{"type":"MultiPolygon","coordinates":[[[[10.76084,59.46134],[10.761,59.46136],[10.76096,59.46131],[10.76099,59.46127],[10.76094,59.46126],[10.76099,59.46122],[10.7609,59.46121],[10.76094,59.46134],[10.76082,59.4613],[10.76084,59.46134]]],[[[10.76082,59.46136],[10.76078,59.46127],[10.76073,59.46127],[10.76082,59.46136]]],[[[10.76106,59.46147],[10.76102,59.46138],[10.76098,59.46137],[10.76098,59.46142],[10.76106,59.46147]]]]},"properties":{"a":124,"v":133,"dh":1.07,"pl":0,"fo":1,"c":110}},{"type":"Feature","geometry":{"type":"MultiPolygon","coordinates":[[[[10.74649,59.462],[10.74636,59.46194],[10.74637,59.46203],[10.74642,59.46206],[10.74641,59.46213],[10.74649,59.4621],[10.74649,59.462]]],[[[10.74641,59.46215],[10.74635,59.46208],[10.74632,59.46208],[10.74634,59.46214],[10.74641,59.46215]]]]},"properties":{"a":120,"v":159,"dh":1.32,"pl":0,"fo":1,"c":111}},{"type":"Feature","geometry":{"type":"Polygon","coordinates":[[[10.74682,59.46466],[10.74685,59.46461],[10.74692,59.46461],[10.7469,59.46454],[10.74676,59.46453],[10.74675,59.46457],[10.7468,59.4646],[10.74669,59.46462],[10.74682,59.46466]]]},"properties":{"a":110,"v":237,"dh":2.15,"pl":0,"sl":1,"c":112}},{"type":"Feature","geometry":{"type":"Polygon","coordinates":[[[10.74724,59.46486],[10.74725,59.4648],[10.74718,59.46475],[10.74737,59.46472],[10.74741,59.46471],[10.74738,59.46465],[10.74728,59.46463],[10.74733,59.4647],[10.74703,59.4647],[10.74709,59.46483],[10.74724,59.46486]]]},"properties":{"a":192,"v":329,"dh":1.71,"pl":0,"sl":1,"c":112}},{"type":"Feature","geometry":{"type":"MultiPolygon","coordinates":[[[[10.76092,59.46575],[10.76085,59.46572],[10.76087,59.46579],[10.76092,59.46575]]],[[[10.76092,59.4657],[10.76093,59.46588],[10.76097,59.46588],[10.76105,59.46579],[10.76096,59.46569],[10.76092,59.4657]]]]},"properties":{"a":113,"v":181,"dh":1.6,"pl":0,"fo":1,"c":113}},{"type":"Feature","geometry":{"type":"Polygon","coordinates":[[[10.75226,59.46717],[10.75238,59.46706],[10.75241,59.46699],[10.75231,59.46699],[10.75231,59.46706],[10.75221,59.4671],[10.75221,59.46717],[10.75226,59.46717]]]},"properties":{"a":101,"v":139,"dh":1.38,"pl":0,"fo":1,"c":114}},{"type":"Feature","geometry":{"type":"MultiPolygon","coordinates":[[[[10.76609,59.46834],[10.76628,59.46831],[10.76637,59.46829],[10.76617,59.46824],[10.76609,59.46829],[10.76609,59.46834]]],[[[10.76611,59.46834],[10.766,59.46836],[10.76604,59.46843],[10.76601,59.46847],[10.76615,59.46849],[10.76606,59.46842],[10.76611,59.46834]]]]},"properties":{"a":162,"v":163,"dh":1.01,"pl":0,"c":115}},{"type":"Feature","geometry":{"type":"Polygon","coordinates":[[[10.75168,59.46892],[10.75171,59.46879],[10.75162,59.46877],[10.75158,59.46867],[10.75153,59.46868],[10.75151,59.46875],[10.75168,59.46892]]]},"properties":{"a":118,"v":199,"dh":1.69,"pl":0,"sl":1,"c":116}},{"type":"Feature","geometry":{"type":"Polygon","coordinates":[[[10.76565,59.46908],[10.76564,59.46889],[10.76554,59.4689],[10.76558,59.46898],[10.76554,59.46904],[10.76565,59.46908]]]},"properties":{"a":116,"v":158,"dh":1.36,"pl":1,"pn":"GRINN - GNR 33/5","pd":"1974-11-19","c":117}},{"type":"Feature","geometry":{"type":"Polygon","coordinates":[[[10.75507,59.46924],[10.75521,59.46917],[10.7553,59.46919],[10.75529,59.46914],[10.7554,59.46904],[10.75531,59.4691],[10.75517,59.46911],[10.75522,59.46916],[10.75508,59.46918],[10.75507,59.46924]]]},"properties":{"a":121,"v":-122,"dh":1.01,"pl":0,"fo":1,"c":118}},{"type":"Feature","geometry":{"type":"Polygon","coordinates":[[[10.76355,59.4697],[10.76374,59.4696],[10.76386,59.46963],[10.76402,59.46953],[10.76394,59.4695],[10.76391,59.46955],[10.76381,59.46954],[10.76353,59.46965],[10.76355,59.4697]]]},"properties":{"a":197,"v":268,"dh":1.36,"pl":0,"c":119}},{"type":"Feature","geometry":{"type":"Polygon","coordinates":[[[10.76684,59.46983],[10.76694,59.46976],[10.76688,59.46964],[10.76676,59.46962],[10.7667,59.46955],[10.76647,59.46957],[10.76687,59.46969],[10.76685,59.46979],[10.76677,59.46983],[10.76684,59.46983]]]},"properties":{"a":211,"v":248,"dh":1.17,"pl":1,"pn":"GRINN - GNR 33/5","pd":"1974-11-19","c":117}},{"type":"Feature","geometry":{"type":"Polygon","coordinates":[[[10.76868,59.46986],[10.76857,59.46978],[10.76828,59.46973],[10.76839,59.46985],[10.76868,59.46986]]]},"properties":{"a":155,"v":175,"dh":1.13,"pl":1,"pn":"GRINN - GNR 33/5","pd":"1974-11-19","c":117}},{"type":"Feature","geometry":{"type":"Polygon","coordinates":[[[10.7633,59.47009],[10.76405,59.46988],[10.76405,59.46985],[10.76401,59.46981],[10.7638,59.46982],[10.76337,59.46993],[10.76321,59.47003],[10.7633,59.47009]]]},"properties":{"a":557,"v":637,"dh":1.14,"pl":0,"c":119}},{"type":"Feature","geometry":{"type":"Polygon","coordinates":[[[10.76464,59.4703],[10.76472,59.47023],[10.76472,59.47011],[10.76466,59.47006],[10.76461,59.47007],[10.76458,59.47023],[10.76459,59.4703],[10.76464,59.4703]]]},"properties":{"a":155,"v":295,"dh":1.91,"pl":0,"fo":1,"c":119}},{"type":"Feature","geometry":{"type":"Polygon","coordinates":[[[10.76461,59.47069],[10.76478,59.47072],[10.76476,59.47062],[10.76462,59.47056],[10.76458,59.47059],[10.76461,59.47069]]]},"properties":{"a":155,"v":309,"dh":1.99,"pl":0,"fo":1,"c":120}},{"type":"Feature","geometry":{"type":"Polygon","coordinates":[[[10.77105,59.471],[10.77111,59.47093],[10.77097,59.47087],[10.77097,59.4708],[10.77084,59.47078],[10.77077,59.47071],[10.77059,59.4707],[10.77049,59.47083],[10.77049,59.47086],[10.77065,59.47088],[10.77086,59.47081],[10.77083,59.47091],[10.77105,59.471]],[[10.77081,59.47079],[10.77086,59.47079],[10.77084,59.4708],[10.77081,59.47079]],[[10.77074,59.47077],[10.77063,59.47079],[10.77065,59.47075],[10.77074,59.47077]]]},"properties":{"a":462,"v":566,"dh":1.23,"pl":1,"pn":"GRINN - GNR 33/5","pd":"1974-11-19","c":117}},{"type":"Feature","geometry":{"type":"Polygon","coordinates":[[[10.74863,59.47138],[10.74864,59.47126],[10.74857,59.47124],[10.74855,59.47109],[10.74847,59.47106],[10.7485,59.47127],[10.74858,59.47138],[10.74863,59.47138]]]},"properties":{"a":158,"v":-205,"dh":1.3,"pl":0,"c":121}},{"type":"Feature","geometry":{"type":"Polygon","coordinates":[[[10.77137,59.47106],[10.77147,59.47092],[10.77128,59.471],[10.77112,59.47096],[10.77114,59.47101],[10.77137,59.47106]]]},"properties":{"a":133,"v":-163,"dh":1.23,"pl":1,"pn":"GRINN - GNR 33/5","pd":"1974-11-19","c":117}},{"type":"Feature","geometry":{"type":"Polygon","coordinates":[[[10.75867,59.4713],[10.75867,59.4712],[10.75859,59.47115],[10.75857,59.47106],[10.75848,59.47107],[10.75854,59.47111],[10.75851,59.47116],[10.7586,59.47118],[10.75858,59.47127],[10.75867,59.4713]]]},"properties":{"a":106,"v":-134,"dh":1.26,"pl":0,"sl":1,"c":122}},{"type":"Feature","geometry":{"type":"Polygon","coordinates":[[[10.75896,59.47178],[10.75896,59.47171],[10.75873,59.47143],[10.75876,59.47136],[10.75862,59.47133],[10.75861,59.47147],[10.75874,59.47152],[10.75869,59.47158],[10.75876,59.4716],[10.75883,59.4716],[10.75887,59.47173],[10.75896,59.47178]],[[10.75878,59.4716],[10.75879,59.47158],[10.75879,59.4716],[10.75878,59.4716]],[[10.75866,59.47143],[10.75868,59.47142],[10.75868,59.47143],[10.75866,59.47143]],[[10.75868,59.47141],[10.75864,59.47138],[10.75868,59.47138],[10.75868,59.47141]]]},"properties":{"a":258,"v":-275,"dh":1.06,"pl":0,"sl":1,"c":122}},{"type":"Feature","geometry":{"type":"Polygon","coordinates":[[[10.77158,59.47234],[10.77184,59.47229],[10.77189,59.47224],[10.77174,59.47217],[10.77138,59.47231],[10.77158,59.47234]]]},"properties":{"a":277,"v":561,"dh":2.03,"pl":0,"fo":1,"c":123}},{"type":"Feature","geometry":{"type":"Polygon","coordinates":[[[10.77545,59.47242],[10.77532,59.47231],[10.77529,59.47221],[10.77512,59.47216],[10.77536,59.4724],[10.77545,59.47242]]]},"properties":{"a":140,"v":140,"dh":1.0,"pl":0,"fo":1,"c":124}},{"type":"Feature","geometry":{"type":"Polygon","coordinates":[[[10.7286,59.4715],[10.72864,59.47141],[10.72854,59.47129],[10.72849,59.47133],[10.72853,59.4714],[10.7285,59.47145],[10.7286,59.4715]]]},"properties":{"a":117,"v":160,"dh":1.37,"pl":0,"fo":1,"c":103}},{"type":"Feature","geometry":{"type":"Polygon","coordinates":[[[10.72961,59.47157],[10.72963,59.47145],[10.72952,59.47138],[10.72945,59.47139],[10.72951,59.47152],[10.72961,59.47157]]]},"properties":{"a":129,"v":189,"dh":1.47,"pl":0,"fo":1,"c":103}},{"type":"Feature","geometry":{"type":"Polygon","coordinates":[[[10.73035,59.47311],[10.73016,59.47297],[10.73009,59.47298],[10.73011,59.47305],[10.73035,59.47311]]]},"properties":{"a":106,"v":157,"dh":1.48,"pl":0,"fo":1,"c":125}},{"type":"Feature","geometry":{"type":"Polygon","coordinates":[[[10.69774,59.44565],[10.69768,59.44553],[10.69754,59.44551],[10.69762,59.44563],[10.69774,59.44565]]]},"properties":{"a":108,"v":147,"dh":1.36,"pl":0,"fo":1,"c":54}},{"type":"Feature","geometry":{"type":"Polygon","coordinates":[[[10.69554,59.44576],[10.69586,59.44575],[10.69587,59.44571],[10.69578,59.44567],[10.69557,59.44567],[10.69554,59.44576]]]},"properties":{"a":145,"v":173,"dh":1.19,"pl":2,"pn":"Peer Gynts vei 86 - Ny legevakt","pd":"2025-04-08","fo":1,"c":56}},{"type":"Feature","geometry":{"type":"Polygon","coordinates":[[[10.69637,59.44617],[10.69653,59.44606],[10.69647,59.44604],[10.69649,59.44595],[10.69634,59.44586],[10.69624,59.44587],[10.69634,59.44594],[10.69624,59.446],[10.69618,59.44591],[10.69576,59.44585],[10.69569,59.4459],[10.69571,59.44598],[10.69547,59.44604],[10.69577,59.44612],[10.69626,59.4461],[10.69637,59.44617]],[[10.69617,59.446],[10.69622,59.44599],[10.69622,59.446],[10.69617,59.446]],[[10.69591,59.44597],[10.69587,59.44597],[10.69587,59.44595],[10.69591,59.44597]]]},"properties":{"a":1132,"v":1124,"dh":0.99,"pl":2,"pn":"Peer Gynts vei 86 - Ny legevakt","pd":"2025-04-08","fo":1,"c":56}},{"type":"Feature","geometry":{"type":"MultiPolygon","coordinates":[[[[10.69491,59.44618],[10.69519,59.44605],[10.69483,59.44604],[10.69474,59.44595],[10.69467,59.44596],[10.69478,59.44613],[10.69491,59.44618]]],[[[10.69489,59.44619],[10.69493,59.44627],[10.695,59.44627],[10.69489,59.44619]]]]},"properties":{"a":322,"v":375,"dh":1.16,"pl":2,"pn":"Peer Gynts vei 86 - Ny legevakt","pd":"2025-04-08","fo":1,"c":56}},{"type":"Feature","geometry":{"type":"Polygon","coordinates":[[[10.6996,59.44683],[10.69978,59.44653],[10.69979,59.44638],[10.69962,59.4466],[10.69966,59.44668],[10.69955,59.4468],[10.6996,59.44683]]]},"properties":{"a":176,"v":376,"dh":2.14,"pl":1,"pn":"E6 GJENNOM MOSS","pd":"1998-03-26","sl":1,"c":42}},{"type":"Feature","geometry":{"type":"Polygon","coordinates":[[[10.69583,59.44732],[10.6959,59.44726],[10.69577,59.44718],[10.69535,59.44723],[10.69537,59.4473],[10.69583,59.44732]]]},"properties":{"a":349,"v":492,"dh":1.41,"pl":0,"c":126}},{"type":"Feature","geometry":{"type":"Polygon","coordinates":[[[10.69759,59.44751],[10.69763,59.44734],[10.69761,59.44729],[10.69756,59.44729],[10.69758,59.44733],[10.6975,59.44744],[10.69752,59.4475],[10.69759,59.44751]]]},"properties":{"a":113,"v":-110,"dh":0.97,"pl":0,"sh":1,"c":127}},{"type":"Feature","geometry":{"type":"Polygon","coordinates":[[[10.69598,59.44776],[10.69594,59.44772],[10.69603,59.44769],[10.69601,59.44762],[10.69604,59.4476],[10.69597,59.44759],[10.69594,59.44765],[10.69581,59.44768],[10.69582,59.44774],[10.69598,59.44776]]]},"properties":{"a":119,"v":93,"dh":0.78,"pl":0,"sh":1,"c":126}},{"type":"Feature","geometry":{"type":"Polygon","coordinates":[[[10.6948,59.44823],[10.69503,59.44819],[10.69504,59.44809],[10.69493,59.44807],[10.69487,59.44814],[10.69471,59.44816],[10.6948,59.44823]]]},"properties":{"a":191,"v":261,"dh":1.37,"pl":0,"fo":1,"c":134}},{"type":"Feature","geometry":{"type":"Polygon","coordinates":[[[10.69306,59.44542],[10.69316,59.44535],[10.69333,59.44533],[10.69338,59.44529],[10.69305,59.44531],[10.69294,59.44526],[10.69281,59.44535],[10.69306,59.44542]]]},"properties":{"a":239,"v":254,"dh":1.06,"pl":1,"pn":"GJERREBOGEN DEL AV GJERREBOGEN","pd":"1968-11-05","fo":1,"c":328}},{"type":"Feature","geometry":{"type":"Polygon","coordinates":[[[10.69389,59.44545],[10.69388,59.44535],[10.69401,59.44539],[10.69393,59.4453],[10.69386,59.44533],[10.69379,59.44527],[10.69358,59.44528],[10.69363,59.44529],[10.69362,59.44534],[10.69389,59.44545]]]},"properties":{"a":222,"v":243,"dh":1.1,"pl":1,"pn":"GJERREBOGEN II","pd":"1972-06-22","fo":1,"c":328}},{"type":"Feature","geometry":{"type":"Polygon","coordinates":[[[10.69173,59.44579],[10.69185,59.44572],[10.69196,59.44577],[10.69198,59.44572],[10.69229,59.4457],[10.69139,59.44571],[10.69162,59.44572],[10.69173,59.44579]]]},"properties":{"a":190,"v":349,"dh":1.84,"pl":1,"pn":"GRINDVOLD. SØNDRE DEL AV FELT H","pd":"1977-07-15","sl":1,"c":128}},{"type":"Feature","geometry":{"type":"Polygon","coordinates":[[[10.69453,59.44661],[10.69468,59.44651],[10.69467,59.4463],[10.69439,59.44607],[10.69439,59.44602],[10.69433,59.44617],[10.6942,59.44618],[10.69421,59.44624],[10.69438,59.44642],[10.6944,59.44661],[10.69453,59.44661]]]},"properties":{"a":977,"v":1761,"dh":1.8,"pl":1,"pn":"Grindvold. Peer Gynts Veg 5","pd":"2002-10-29","fo":1,"c":56}},{"type":"Feature","geometry":{"type":"Polygon","coordinates":[[[10.69421,59.4466],[10.69426,59.44654],[10.69425,59.44639],[10.69419,59.44628],[10.6941,59.44624],[10.6941,59.44615],[10.69355,59.44615],[10.69349,59.44625],[10.69351,59.44631],[10.6938,59.44645],[10.69369,59.44644],[10.69366,59.44657],[10.69389,59.44659],[10.69408,59.44655],[10.69421,59.4466]]]},"properties":{"a":1629,"v":-3072,"dh":1.89,"pl":1,"pn":"Grindvold. Peer Gynts Veg 5","pd":"2002-10-29","fo":1,"c":56}},{"type":"Feature","geometry":{"type":"Polygon","coordinates":[[[10.69339,59.4468],[10.69348,59.44675],[10.69347,59.44666],[10.69336,59.44664],[10.69332,59.44648],[10.69343,59.44647],[10.69335,59.44639],[10.69344,59.44634],[10.6934,59.44629],[10.69343,59.44616],[10.69335,59.44608],[10.69318,59.44608],[10.69313,59.44615],[10.69327,59.44624],[10.69329,59.44632],[10.69316,59.4464],[10.69313,59.44654],[10.69324,59.4466],[10.69319,59.44664],[10.69319,59.44671],[10.69325,59.44678],[10.69339,59.4468]],[[10.69327,59.44644],[10.69328,59.44643],[10.69328,59.44644],[10.69327,59.44644]]]},"properties":{"a":874,"v":964,"dh":1.1,"pl":1,"pn":"Grindvold. Peer Gynts Veg 5","pd":"2002-10-29","fo":1,"c":56}},{"type":"Feature","geometry":{"type":"Polygon","coordinates":[[[10.69399,59.4471],[10.6941,59.447],[10.69419,59.44699],[10.69405,59.4469],[10.69382,59.44703],[10.69399,59.4471]]]},"properties":{"a":203,"v":-202,"dh":1.0,"pl":1,"pn":"Peer Gynts vei 73 og 83","pd":"2015-04-04","sh":1,"c":129}},{"type":"Feature","geometry":{"type":"Polygon","coordinates":[[[10.6919,59.44763],[10.69198,59.44753],[10.69187,59.44746],[10.69176,59.44747],[10.69179,59.44756],[10.69174,59.44759],[10.6919,59.44763]]]},"properties":{"a":174,"v":235,"dh":1.35,"pl":1,"pn":"GRINDVOLD. SØNDRE DEL AV FELT H","pd":"1977-07-15","c":130}},{"type":"Feature","geometry":{"type":"Polygon","coordinates":[[[10.694,59.44919],[10.69407,59.44906],[10.69421,59.44909],[10.69431,59.44905],[10.69417,59.44904],[10.6941,59.44894],[10.69394,59.4489],[10.69371,59.44901],[10.69373,59.44908],[10.69384,59.44915],[10.694,59.44919]]]},"properties":{"a":537,"v":810,"dh":1.51,"pl":1,"pn":"PEER GYNTS VEI 60","pd":"2010-05-25","c":131}},{"type":"Feature","geometry":{"type":"Polygon","coordinates":[[[10.69157,59.45021],[10.69155,59.45017],[10.69163,59.45013],[10.69156,59.45006],[10.69144,59.4501],[10.69142,59.45018],[10.69157,59.45021]]]},"properties":{"a":116,"v":175,"dh":1.51,"pl":1,"pn":"Trolldalen mellom Elgvn., Oslovn., Peer Gynts Veg og Grindvoldvn.","pd":"1982-09-06","fo":1,"c":132}},{"type":"Feature","geometry":{"type":"Polygon","coordinates":[[[10.7113,59.44832],[10.71133,59.44827],[10.71126,59.44818],[10.71111,59.44812],[10.71101,59.44814],[10.71103,59.4482],[10.71115,59.44825],[10.71114,59.44831],[10.7113,59.44832]]]},"properties":{"a":217,"v":317,"dh":1.46,"pl":1,"pn":"Detaljregulering for ny vannledning Årvoll til Vestby grense","pd":"2019-05-21","fo":1,"c":59}},{"type":"Feature","geometry":{"type":"Polygon","coordinates":[[[10.71077,59.4483],[10.71098,59.44828],[10.71101,59.4482],[10.7108,59.44822],[10.71077,59.4483]]]},"properties":{"a":121,"v":176,"dh":1.46,"pl":1,"pn":"Detaljregulering for ny vannledning Årvoll til Vestby grense","pd":"2019-05-21","fo":1,"c":59}},{"type":"Feature","geometry":{"type":"Polygon","coordinates":[[[10.70336,59.44864],[10.70343,59.4486],[10.70341,59.44854],[10.70351,59.44851],[10.70345,59.44843],[10.7036,59.44843],[10.70334,59.44831],[10.7031,59.44838],[10.70314,59.44844],[10.70311,59.44852],[10.70318,59.44855],[10.70318,59.44861],[10.70336,59.44864]]]},"properties":{"a":621,"v":967,"dh":1.56,"pl":1,"pn":"PATTERØD - BOLIGOMRÅDE","pd":"1991-01-31","fo":1,"c":58}},{"type":"Feature","geometry":{"type":"Polygon","coordinates":[[[10.71092,59.44858],[10.71117,59.44852],[10.71118,59.44848],[10.71086,59.44839],[10.71085,59.44851],[10.7109,59.44852],[10.7109,59.44846],[10.71101,59.4485],[10.71092,59.44851],[10.71092,59.44858]]]},"properties":{"a":204,"v":233,"dh":1.14,"pl":1,"pn":"Detaljregulering for ny vannledning Årvoll til Vestby grense","pd":"2019-05-21","fo":1,"c":59}},{"type":"Feature","geometry":{"type":"Polygon","coordinates":[[[10.71102,59.44942],[10.7109,59.44908],[10.71088,59.44873],[10.71093,59.44868],[10.71082,59.4486],[10.71077,59.44865],[10.71079,59.44906],[10.71089,59.44931],[10.71102,59.44942]]]},"properties":{"a":476,"v":-743,"dh":1.56,"pl":1,"pn":"Detaljregulering for ny vannledning Årvoll til Vestby grense","pd":"2019-05-21","fo":1,"c":59}},{"type":"Feature","geometry":{"type":"MultiPolygon","coordinates":[[[[10.70905,59.45165],[10.70901,59.45164],[10.70901,59.45165],[10.70905,59.45165]]],[[[10.70898,59.45167],[10.70909,59.4517],[10.70895,59.45175],[10.70906,59.45177],[10.70895,59.4518],[10.70901,59.45183],[10.70892,59.45185],[10.70884,59.45204],[10.70902,59.4521],[10.70906,59.4521],[10.70902,59.45201],[10.70914,59.45199],[10.70915,59.45195],[10.70938,59.45196],[10.7095,59.45184],[10.70965,59.45191],[10.70975,59.45181],[10.70992,59.45177],[10.71009,59.45166],[10.70974,59.45164],[10.70955,59.45169],[10.7094,59.45163],[10.70939,59.45171],[10.70934,59.45174],[10.70933,59.45166],[10.70925,59.45169],[10.70921,59.45163],[10.70898,59.45167]],[[10.70972,59.45166],[10.70974,59.45167],[10.70972,59.45167],[10.70972,59.45166]],[[10.70931,59.45191],[10.70933,59.45193],[10.70931,59.45193],[10.70931,59.45191]],[[10.70896,59.45191],[10.70898,59.45192],[10.70896,59.45192],[10.70896,59.45191]],[[10.70913,59.45187],[10.70915,59.45188],[10.70913,59.45188],[10.70913,59.45187]],[[10.70929,59.45182],[10.70931,59.45183],[10.70929,59.45183],[10.70929,59.45182]],[[10.70929,59.4518],[10.70931,59.45181],[10.70929,59.45181],[10.70929,59.4518]],[[10.70918,59.45176],[10.7092,59.45177],[10.70918,59.45177],[10.70918,59.45176]],[[10.70957,59.45173],[10.70958,59.45175],[10.70957,59.45175],[10.70957,59.45173]],[[10.70916,59.45173],[10.70918,59.45175],[10.70916,59.45175],[10.70916,59.45173]]]]},"properties":{"a":1600,"v":1290,"dh":0.81,"pl":1,"pn":"Noreødegården","pd":"2005-06-21","c":133}},{"type":"Feature","geometry":{"type":"Polygon","coordinates":[[[10.71089,59.45279],[10.71094,59.45273],[10.71106,59.45274],[10.71104,59.45265],[10.71099,59.45264],[10.71106,59.45259],[10.71105,59.45254],[10.71093,59.45252],[10.71089,59.45243],[10.71098,59.4524],[10.71107,59.45245],[10.71106,59.45239],[10.71094,59.45232],[10.71084,59.45218],[10.71075,59.4522],[10.7108,59.45217],[10.71078,59.45211],[10.7107,59.4521],[10.71066,59.45214],[10.71057,59.4521],[10.71052,59.45213],[10.71054,59.45219],[10.71074,59.45227],[10.71074,59.45231],[10.71067,59.45235],[10.71087,59.45245],[10.71084,59.4525],[10.71077,59.45247],[10.71074,59.45263],[10.71067,59.45264],[10.71069,59.45271],[10.71078,59.45269],[10.71089,59.45279]]]},"properties":{"a":953,"v":990,"dh":1.04,"pl":1,"pn":"Noreødegården","pd":"2005-06-21","fo":1,"c":133}},{"type":"Feature","geometry":{"type":"Polygon","coordinates":[[[10.69452,59.44859],[10.69477,59.4484],[10.69484,59.44827],[10.69466,59.44831],[10.69451,59.44843],[10.69451,59.44849],[10.69443,59.44857],[10.69452,59.44859]]]},"properties":{"a":332,"v":441,"dh":1.33,"pl":0,"c":134}},{"type":"Feature","geometry":{"type":"MultiPolygon","coordinates":[[[[10.69791,59.44906],[10.69791,59.44893],[10.69778,59.44889],[10.69782,59.44903],[10.69791,59.44906]]],[[[10.6979,59.44911],[10.69784,59.4491],[10.69784,59.44912],[10.6979,59.44911]]]]},"properties":{"a":104,"v":139,"dh":1.33,"pl":0,"fo":1,"c":135}},{"type":"Feature","geometry":{"type":"Polygon","coordinates":[[[10.70186,59.44964],[10.70185,59.44958],[10.70194,59.44954],[10.70202,59.44941],[10.70202,59.44932],[10.70208,59.44922],[10.70206,59.44915],[10.70218,59.44905],[10.70214,59.44899],[10.70228,59.44888],[10.7021,59.44889],[10.70195,59.44896],[10.70185,59.44907],[10.70181,59.4493],[10.7016,59.44943],[10.70162,59.44952],[10.70184,59.44958],[10.70177,59.44963],[10.70186,59.44964]]]},"properties":{"a":1206,"v":2893,"dh":2.4,"pl":1,"pn":"PATTERØD - BOLIGOMRÅDE","pd":"1991-01-31","fo":1,"c":58}},{"type":"Feature","geometry":{"type":"Polygon","coordinates":[[[10.69636,59.45354],[10.69639,59.4535],[10.69633,59.45344],[10.69608,59.45341],[10.69619,59.45351],[10.69636,59.45354]]]},"properties":{"a":145,"v":158,"dh":1.09,"pl":2,"pn":"Grindvold","pd":"2021-03-23","c":136}},{"type":"Feature","geometry":{"type":"Polygon","coordinates":[[[10.69527,59.45415],[10.6954,59.45413],[10.69539,59.45406],[10.69523,59.45402],[10.69513,59.45409],[10.69527,59.45415]]]},"properties":{"a":143,"v":191,"dh":1.34,"pl":1,"pn":"SKREDDERÅSEN. FELT F","pd":"1977-09-16","fo":1,"c":137}},{"type":"Feature","geometry":{"type":"Polygon","coordinates":[[[10.70204,59.45434],[10.70207,59.4543],[10.70205,59.4542],[10.70198,59.45415],[10.70187,59.45417],[10.70186,59.45433],[10.70204,59.45434]]]},"properties":{"a":192,"v":328,"dh":1.71,"pl":1,"pn":"E6 GJENNOM MOSS","pd":"1998-03-26","fo":1,"c":42}},{"type":"Feature","geometry":{"type":"Polygon","coordinates":[[[10.69832,59.45432],[10.69881,59.45433],[10.69881,59.45429],[10.69867,59.45426],[10.69832,59.45432]]]},"properties":{"a":139,"v":159,"dh":1.15,"pl":1,"pn":"SKREDDERÅSEN OMRÅDET MELLOM SKREDDERÅSEN OG E-6 (INDUSTRI,FRILUFT","pd":"1981-07-08","fo":1,"c":138}},{"type":"Feature","geometry":{"type":"Polygon","coordinates":[[[10.69794,59.45449],[10.69809,59.45437],[10.69821,59.45434],[10.69793,59.45432],[10.69784,59.45437],[10.69783,59.45446],[10.69794,59.45449]]]},"properties":{"a":211,"v":375,"dh":1.78,"pl":1,"pn":"SKREDDERÅSEN OMRÅDET MELLOM SKREDDERÅSEN OG E-6 (INDUSTRI,FRILUFT","pd":"1981-07-08","fo":1,"c":138}},{"type":"Feature","geometry":{"type":"Polygon","coordinates":[[[10.70051,59.45512],[10.70051,59.45452],[10.70046,59.45444],[10.70046,59.45478],[10.70042,59.45482],[10.70047,59.45496],[10.70043,59.455],[10.70047,59.45501],[10.70046,59.45511],[10.70051,59.45512]]]},"properties":{"a":282,"v":-566,"dh":2.01,"pl":1,"pn":"E6 GJENNOM MOSS","pd":"1998-03-26","sl":1,"c":42}},{"type":"Feature","geometry":{"type":"Polygon","coordinates":[[[10.70904,59.45324],[10.70908,59.4532],[10.70929,59.45318],[10.70934,59.45314],[10.70941,59.45314],[10.70948,59.45322],[10.70971,59.4532],[10.70969,59.45308],[10.70975,59.453],[10.70973,59.45296],[10.70892,59.45294],[10.70866,59.45299],[10.70877,59.45273],[10.70882,59.45271],[10.7088,59.45266],[10.70924,59.45264],[10.70927,59.45251],[10.70935,59.45243],[10.70933,59.45237],[10.7094,59.45234],[10.70933,59.45228],[10.70934,59.45219],[10.7091,59.45223],[10.70877,59.45248],[10.70863,59.4527],[10.70849,59.45273],[10.70829,59.45312],[10.70858,59.45309],[10.70863,59.4531],[10.70861,59.45317],[10.70867,59.4532],[10.70904,59.45324]],[[10.70857,59.45304],[10.70843,59.45303],[10.70843,59.45302],[10.70857,59.45304]]]},"properties":{"a":3726,"v":6697,"dh":1.8,"pl":1,"pn":"Noreødegården","pd":"2005-06-21","c":133}},{"type":"Feature","geometry":{"type":"Polygon","coordinates":[[[10.70989,59.45299],[10.71014,59.45292],[10.71018,59.4528],[10.71011,59.4528],[10.71003,59.4529],[10.70991,59.45294],[10.70989,59.45299]]]},"properties":{"a":116,"v":129,"dh":1.11,"pl":1,"pn":"Noreødegården","pd":"2005-06-21","c":133}},{"type":"Feature","geometry":{"type":"Polygon","coordinates":[[[10.71066,59.45307],[10.71062,59.45302],[10.71065,59.45297],[10.71084,59.45289],[10.7107,59.45287],[10.71073,59.45282],[10.71063,59.4528],[10.71062,59.45275],[10.71071,59.45272],[10.7106,59.4527],[10.71057,59.4528],[10.71045,59.45281],[10.71045,59.45287],[10.71053,59.45305],[10.71066,59.45307]]]},"properties":{"a":404,"v":443,"dh":1.1,"pl":1,"pn":"Noreødegården","pd":"2005-06-21","c":133}},{"type":"Feature","geometry":{"type":"Polygon","coordinates":[[[10.7076,59.45372],[10.70784,59.45354],[10.70807,59.45349],[10.70815,59.45332],[10.70825,59.4533],[10.70828,59.45319],[10.70814,59.45323],[10.70784,59.45351],[10.70761,59.45362],[10.70757,59.4537],[10.7076,59.45372]]]},"properties":{"a":397,"v":350,"dh":0.88,"pl":1,"pn":"Noreødegården","pd":"2005-06-21","sh":1,"c":133}},{"type":"Feature","geometry":{"type":"Polygon","coordinates":[[[10.70574,59.45388],[10.70584,59.45379],[10.70584,59.45375],[10.70572,59.45374],[10.70565,59.45384],[10.70574,59.45388]]]},"properties":{"a":111,"v":177,"dh":1.6,"pl":1,"pn":"Noreødegården","pd":"2005-06-21","fo":1,"c":139}},{"type":"Feature","geometry":{"type":"Polygon","coordinates":[[[10.70431,59.45462],[10.70429,59.45451],[10.704,59.45433],[10.70426,59.45461],[10.70431,59.45462]]]},"properties":{"a":117,"v":110,"dh":0.94,"pl":1,"pn":"Noreødegården","pd":"2005-06-21","sh":1,"c":140}},{"type":"Feature","geometry":{"type":"Polygon","coordinates":[[[10.70991,59.45509],[10.71017,59.455],[10.70994,59.4549],[10.70987,59.45469],[10.71032,59.45415],[10.71035,59.45404],[10.70994,59.45392],[10.70994,59.4538],[10.70988,59.45374],[10.70966,59.45391],[10.70963,59.45402],[10.70953,59.45413],[10.70959,59.45421],[10.70952,59.45424],[10.70952,59.45433],[10.70937,59.45452],[10.70918,59.45464],[10.70905,59.45483],[10.70907,59.45487],[10.70902,59.45488],[10.70902,59.45493],[10.7092,59.45499],[10.70965,59.45508],[10.70991,59.45509]],[[10.70961,59.45476],[10.70956,59.45472],[10.70959,59.45471],[10.70961,59.45476]],[[10.70955,59.45463],[10.70962,59.45463],[10.70964,59.45463],[10.70956,59.45467],[10.70955,59.45463]]]},"properties":{"a":5450,"v":11513,"dh":2.11,"pl":1,"pn":"Noreødegården","pd":"2005-06-21","c":133}},{"type":"Feature","geometry":{"type":"MultiPolygon","coordinates":[[[[10.71104,59.45438],[10.71106,59.45439],[10.71106,59.45438],[10.71104,59.45438]]],[[[10.71104,59.45445],[10.71089,59.45451],[10.71124,59.4545],[10.71108,59.45439],[10.71104,59.45445]]],[[[10.71126,59.4545],[10.71124,59.45451],[10.71126,59.45451],[10.71126,59.4545]]],[[[10.71087,59.45453],[10.71085,59.45451],[10.71084,59.45453],[10.71087,59.45453]]],[[[10.71084,59.45453],[10.7107,59.45462],[10.71068,59.45467],[10.71084,59.45453]]]]},"properties":{"a":148,"v":122,"dh":0.82,"pl":1,"pn":"Noreødegården","pd":"2005-06-21","sh":1,"c":133}},{"type":"Feature","geometry":{"type":"Polygon","coordinates":[[[10.70463,59.45486],[10.70449,59.45464],[10.7044,59.45458],[10.70446,59.45479],[10.70463,59.45486]]]},"properties":{"a":144,"v":-152,"dh":1.06,"pl":1,"pn":"Noreødegården","pd":"2005-06-21","fo":1,"c":139}},{"type":"Feature","geometry":{"type":"Polygon","coordinates":[[[10.70853,59.45497],[10.70858,59.45491],[10.70817,59.45479],[10.70822,59.45485],[10.70853,59.45497]]]},"properties":{"a":141,"v":116,"dh":0.82,"pl":1,"pn":"Detaljregulering for ny vannledning Årvoll til Vestby grense","pd":"2019-05-21","sh":1,"c":141}},{"type":"Feature","geometry":{"type":"Polygon","coordinates":[[[10.7071,59.45528],[10.70715,59.4552],[10.70727,59.45518],[10.70732,59.45515],[10.70732,59.4551],[10.70737,59.4551],[10.70734,59.45509],[10.70739,59.45508],[10.7074,59.45501],[10.70735,59.45473],[10.70738,59.45466],[10.70756,59.45466],[10.70751,59.45464],[10.70754,59.45459],[10.70703,59.45454],[10.70715,59.45462],[10.7071,59.45462],[10.70695,59.45516],[10.70697,59.45523],[10.7071,59.45528]],[[10.70723,59.45517],[10.70725,59.45516],[10.70725,59.45517],[10.70723,59.45517]]]},"properties":{"a":1521,"v":1408,"dh":0.93,"pl":1,"pn":"Noreødegården","pd":"2005-06-21","c":133}},{"type":"Feature","geometry":{"type":"MultiPolygon","coordinates":[[[[10.7105,59.4549],[10.71048,59.45478],[10.71043,59.45488],[10.71031,59.45491],[10.71031,59.45501],[10.7105,59.4549]]],[[[10.71056,59.45495],[10.71079,59.45502],[10.71091,59.45501],[10.71066,59.45493],[10.71062,59.45479],[10.71052,59.45488],[10.71056,59.45495]]]]},"properties":{"a":291,"v":270,"dh":0.93,"pl":1,"pn":"Noreødegården","pd":"2005-06-21","sh":1,"c":133}},{"type":"Feature","geometry":{"type":"Polygon","coordinates":[[[10.70483,59.45514],[10.70485,59.45509],[10.70475,59.45492],[10.70459,59.45493],[10.70463,59.45506],[10.70483,59.45514]]]},"properties":{"a":212,"v":281,"dh":1.33,"pl":1,"pn":"Noreødegården","pd":"2005-06-21","fo":1,"c":139}},{"type":"Feature","geometry":{"type":"Polygon","coordinates":[[[10.70767,59.45547],[10.70783,59.45546],[10.708,59.45501],[10.70811,59.45498],[10.70837,59.45505],[10.70842,59.45496],[10.70786,59.45489],[10.70765,59.4554],[10.70767,59.45547]]]},"properties":{"a":902,"v":890,"dh":0.99,"pl":1,"pn":"Detaljregulering for ny vannledning Årvoll til Vestby grense","pd":"2019-05-21","c":141}},{"type":"Feature","geometry":{"type":"Polygon","coordinates":[[[10.70694,59.45555],[10.7071,59.4554],[10.70752,59.45551],[10.70757,59.45546],[10.70694,59.45533],[10.70686,59.45552],[10.70694,59.45555]]]},"properties":{"a":247,"v":215,"dh":0.87,"pl":1,"pn":"Noreødegården","pd":"2005-06-21","sh":1,"c":133}},{"type":"Feature","geometry":{"type":"Polygon","coordinates":[[[10.7081,59.45556],[10.70826,59.45556],[10.70824,59.45543],[10.70816,59.45543],[10.7081,59.45556]]]},"properties":{"a":101,"v":-90,"dh":0.89,"pl":1,"pn":"Noreødegården","pd":"2005-06-21","sh":1,"c":133}},{"type":"Feature","geometry":{"type":"Polygon","coordinates":[[[10.71035,59.45575],[10.7104,59.4557],[10.7104,59.4556],[10.71029,59.45554],[10.71028,59.45566],[10.71035,59.45575]]]},"properties":{"a":100,"v":94,"dh":0.94,"pl":1,"pn":"Noreødegården","pd":"2005-06-21","sh":1,"c":142}},{"type":"Feature","geometry":{"type":"Polygon","coordinates":[[[10.70786,59.45629],[10.70808,59.45614],[10.70846,59.45578],[10.70837,59.45574],[10.70805,59.45598],[10.70788,59.45613],[10.7079,59.45619],[10.7078,59.45627],[10.70786,59.45629]],[[10.70799,59.45616],[10.70797,59.45612],[10.708,59.45611],[10.70799,59.45616]]]},"properties":{"a":490,"v":533,"dh":1.09,"pl":1,"pn":"Noreødegården","pd":"2005-06-21","c":133}},{"type":"Feature","geometry":{"type":"Polygon","coordinates":[[[10.71006,59.45659],[10.71029,59.45635],[10.71034,59.45624],[10.70999,59.45655],[10.70999,59.45659],[10.71006,59.45659]]]},"properties":{"a":164,"v":145,"dh":0.88,"pl":1,"pn":"Noreødegården","pd":"2005-06-21","sh":1,"c":142}},{"type":"Feature","geometry":{"type":"Polygon","coordinates":[[[10.70977,59.45716],[10.70997,59.45691],[10.7104,59.45667],[10.71058,59.45651],[10.71066,59.45634],[10.71026,59.4567],[10.7099,59.45692],[10.70977,59.4571],[10.70977,59.45716]]]},"properties":{"a":319,"v":-298,"dh":0.93,"pl":0,"sh":1,"c":143}},{"type":"Feature","geometry":{"type":"MultiPolygon","coordinates":[[[[10.69999,59.45528],[10.69998,59.45514],[10.70008,59.45506],[10.69991,59.45503],[10.69987,59.45494],[10.69976,59.45489],[10.69946,59.45496],[10.69952,59.45512],[10.69993,59.45508],[10.69996,59.45516],[10.69992,59.45523],[10.69995,59.4553],[10.69999,59.45528]]],[[[10.70008,59.45532],[10.70002,59.45529],[10.70001,59.4553],[10.70001,59.45532],[10.70008,59.45532]]]]},"properties":{"a":576,"v":801,"dh":1.39,"pl":1,"pn":"SKREDDERÅSEN OMRÅDET MELLOM SKREDDERÅSEN OG E-6 (INDUSTRI,FRILUFT","pd":"1981-07-08","c":144}},{"type":"Feature","geometry":{"type":"Polygon","coordinates":[[[10.6952,59.45576],[10.6953,59.45567],[10.69529,59.45552],[10.69523,59.45536],[10.69514,59.45533],[10.69507,59.45536],[10.69506,59.45551],[10.69497,59.4555],[10.69497,59.45556],[10.69505,59.45566],[10.69505,59.45575],[10.6952,59.45576]]]},"properties":{"a":576,"v":781,"dh":1.36,"pl":1,"pn":"SKREDDERÅSEN. FELT F","pd":"1977-09-16","c":145}},{"type":"Feature","geometry":{"type":"Polygon","coordinates":[[[10.69967,59.45631],[10.69967,59.45626],[10.69998,59.45608],[10.70004,59.45591],[10.70016,59.45585],[10.7001,59.45579],[10.70011,59.45564],[10.70006,59.45562],[10.70011,59.45553],[10.70005,59.45552],[10.70003,59.45542],[10.69996,59.45543],[10.70004,59.4556],[10.69991,59.45585],[10.69956,59.45592],[10.69955,59.45605],[10.69948,59.45608],[10.69954,59.45623],[10.69967,59.45631]]]},"properties":{"a":1287,"v":3007,"dh":2.34,"pl":1,"pn":"SKREDDERÅSEN OMRÅDET MELLOM SKREDDERÅSEN OG E-6 (INDUSTRI,FRILUFT","pd":"1981-07-08","fo":1,"c":144}},{"type":"Feature","geometry":{"type":"Polygon","coordinates":[[[10.69976,59.45701],[10.6997,59.45697],[10.69966,59.45684],[10.6995,59.45676],[10.69967,59.45698],[10.69976,59.45701]]]},"properties":{"a":103,"v":-217,"dh":2.1,"pl":1,"pn":"E6 GJENNOM MOSS","pd":"1998-03-26","sl":1,"c":42}},{"type":"Feature","geometry":{"type":"Polygon","coordinates":[[[10.6977,59.45741],[10.69774,59.45729],[10.69772,59.45721],[10.69762,59.45726],[10.69761,59.4574],[10.6977,59.45741]]]},"properties":{"a":127,"v":-116,"dh":0.91,"pl":1,"pn":"SKREDDERÅSEN. FELT F","pd":"1977-09-16","sh":1,"c":146}},{"type":"Feature","geometry":{"type":"Polygon","coordinates":[[[10.70072,59.45925],[10.70094,59.45918],[10.70111,59.45899],[10.70135,59.45888],[10.70185,59.45895],[10.70207,59.45873],[10.70208,59.45858],[10.70234,59.45853],[10.70256,59.45836],[10.70252,59.4582],[10.70255,59.45812],[10.70269,59.45804],[10.70266,59.45788],[10.7027,59.45768],[10.70261,59.4576],[10.70263,59.45756],[10.70259,59.45757],[10.70257,59.4574],[10.70279,59.45733],[10.70274,59.45729],[10.70282,59.45725],[10.70262,59.45717],[10.70262,59.45711],[10.70257,59.45712],[10.70259,59.45717],[10.70255,59.45717],[10.70243,59.45708],[10.70227,59.45706],[10.70224,59.45692],[10.70231,59.45689],[10.70235,59.45673],[10.70214,59.4567],[10.70183,59.45681],[10.70182,59.4569],[10.70158,59.45719],[10.70099,59.45736],[10.70092,59.4574],[10.70091,59.45749],[10.70071,59.45762],[10.70067,59.4579],[10.70055,59.45804],[10.70054,59.45817],[10.7004,59.45827],[10.70004,59.45873],[10.70014,59.4587],[10.70023,59.45877],[10.70015,59.45883],[10.70015,59.45892],[10.70003,59.45899],[10.70007,59.45903],[10.69997,59.45904],[10.70005,59.45906],[10.70019,59.45899],[10.7003,59.45905],[10.70042,59.45902],[10.70044,59.45897],[10.70069,59.45902],[10.70067,59.45895],[10.70051,59.45893],[10.70054,59.45888],[10.7005,59.45879],[10.70064,59.45869],[10.70065,59.45861],[10.70125,59.45861],[10.70129,59.45868],[10.70122,59.45875],[10.70111,59.45873],[10.70091,59.4588],[10.70098,59.4589],[10.70088,59.45898],[10.70085,59.45909],[10.70061,59.45922],[10.70072,59.45925]],[[10.70045,59.45891],[10.70047,59.4589],[10.70047,59.45891],[10.70045,59.45891]],[[10.70043,59.45889],[10.70047,59.45886],[10.70047,59.45889],[10.70043,59.45889]],[[10.70036,59.45881],[10.70038,59.45881],[10.70038,59.45881],[10.70036,59.45881]],[[10.70147,59.45877],[10.70154,59.45875],[10.70155,59.45868],[10.70183,59.45857],[10.70186,59.45851],[10.702,59.45849],[10.702,59.45853],[10.7019,59.45854],[10.7019,59.45864],[10.7018,59.45873],[10.70166,59.45879],[10.70147,59.45877]],[[10.70206,59.45853],[10.70207,59.45852],[10.70207,59.45853],[10.70206,59.45853]],[[10.70048,59.45835],[10.70049,59.45832],[10.7005,59.45835],[10.70048,59.45835]],[[10.70219,59.458],[10.70212,59.45798],[10.7021,59.45794],[10.70219,59.458]]]},"properties":{"a":22027,"v":95114,"dh":4.32,"pl":1,"pn":"E6 GJENNOM MOSS","pd":"1998-03-26","c":42}},{"type":"Feature","geometry":{"type":"Polygon","coordinates":[[[10.70066,59.45909],[10.70081,59.45908],[10.70083,59.459],[10.70095,59.45887],[10.70076,59.45871],[10.7006,59.45873],[10.70055,59.4588],[10.70059,59.45887],[10.70056,59.45891],[10.70076,59.45899],[10.70074,59.45905],[10.70066,59.45909]]]},"properties":{"a":526,"v":-914,"dh":1.74,"pl":1,"pn":"E6 GJENNOM MOSS","pd":"1998-03-26","c":42}},{"type":"Feature","geometry":{"type":"Polygon","coordinates":[[[10.70127,59.45908],[10.70143,59.45895],[10.70148,59.45894],[10.70134,59.45891],[10.70115,59.45901],[10.70127,59.45908]]]},"properties":{"a":176,"v":-263,"dh":1.5,"pl":1,"pn":"E6 GJENNOM MOSS","pd":"1998-03-26","fo":1,"c":42}},{"type":"Feature","geometry":{"type":"Polygon","coordinates":[[[10.70005,59.45922],[10.70019,59.4592],[10.7002,59.45913],[10.70001,59.45913],[10.70005,59.45922]]]},"properties":{"a":108,"v":-141,"dh":1.3,"pl":1,"pn":"E6 GJENNOM MOSS","pd":"1998-03-26","c":42}},{"type":"Feature","geometry":{"type":"Polygon","coordinates":[[[10.70152,59.46013],[10.7015,59.46],[10.70141,59.45999],[10.7014,59.46011],[10.70152,59.46013]]]},"properties":{"a":105,"v":211,"dh":2.01,"pl":0,"fo":1,"c":147}},{"type":"Feature","geometry":{"type":"Polygon","coordinates":[[[10.69594,59.46113],[10.69592,59.46103],[10.69595,59.46099],[10.69586,59.46089],[10.69583,59.4611],[10.69594,59.46113]]]},"properties":{"a":121,"v":-99,"dh":0.82,"pl":1,"pn":"ÅVANGEN. OMRÅDET MELLOM ÅVANGEN OG E6","pd":"1979-09-28","sh":1,"c":42}},{"type":"Feature","geometry":{"type":"Polygon","coordinates":[[[10.69696,59.46177],[10.69712,59.46169],[10.69715,59.46159],[10.69678,59.46161],[10.69659,59.46167],[10.69696,59.46177]],[[10.69699,59.46162],[10.69701,59.46161],[10.69701,59.46162],[10.69699,59.46162]]]},"properties":{"a":387,"v":373,"dh":0.96,"pl":1,"pn":"E6 GJENNOM MOSS","pd":"1998-03-26","sh":1,"c":42}},{"type":"Feature","geometry":{"type":"Polygon","coordinates":[[[10.70218,59.46301],[10.70232,59.46298],[10.70229,59.46289],[10.70212,59.46285],[10.70218,59.46301]]]},"properties":{"a":153,"v":291,"dh":1.9,"pl":0,"fo":1,"c":148}},{"type":"Feature","geometry":{"type":"Polygon","coordinates":[[[10.69594,59.46358],[10.6962,59.46351],[10.69628,59.46339],[10.69619,59.46336],[10.69621,59.46331],[10.69615,59.46327],[10.6962,59.46321],[10.69618,59.46316],[10.69577,59.46335],[10.6957,59.46339],[10.69572,59.46345],[10.69565,59.46346],[10.69567,59.4635],[10.69574,59.4635],[10.69586,59.46346],[10.69583,59.46344],[10.69586,59.46342],[10.69613,59.46344],[10.69609,59.46348],[10.69564,59.46352],[10.69594,59.46358]]]},"properties":{"a":777,"v":-912,"dh":1.17,"pl":1,"pn":"KAMBO/NØKKELAND DEL AV OMRÅDET - STEINERSKOLE","pd":"1984-11-06","c":149}},{"type":"Feature","geometry":{"type":"MultiPolygon","coordinates":[[[[10.69674,59.4651],[10.69677,59.46509],[10.69674,59.46509],[10.69674,59.4651]]],[[[10.69672,59.4651],[10.69654,59.46503],[10.69662,59.46511],[10.69651,59.46515],[10.69666,59.4652],[10.69662,59.46514],[10.69672,59.4651]]]]},"properties":{"a":102,"v":-94,"dh":0.93,"pl":1,"pn":"Kambo - Nøkkeland. Revidert plan med utvidet reg.grense mot nord.","pd":"1988-03-22","sh":1,"c":150}},{"type":"Feature","geometry":{"type":"Polygon","coordinates":[[[10.69764,59.46678],[10.69749,59.46672],[10.69749,59.46662],[10.69736,59.46664],[10.6974,59.46674],[10.69764,59.46678]]]},"properties":{"a":102,"v":106,"dh":1.04,"pl":1,"pn":"Kambo - Nøkkeland. Revidert plan med utvidet reg.grense mot nord.","pd":"1988-03-22","c":151}},{"type":"Feature","geometry":{"type":"Polygon","coordinates":[[[10.69863,59.46726],[10.69862,59.46712],[10.69843,59.46713],[10.69852,59.46716],[10.69852,59.46725],[10.69863,59.46726]]]},"properties":{"a":119,"v":-143,"dh":1.2,"pl":1,"pn":"Kambo - Nøkkeland. Revidert plan med utvidet reg.grense mot nord.","pd":"1988-03-22","c":151}},{"type":"Feature","geometry":{"type":"Polygon","coordinates":[[[10.69571,59.46778],[10.69571,59.46772],[10.6956,59.46763],[10.69547,59.4676],[10.69546,59.46765],[10.69555,59.46767],[10.69562,59.46777],[10.69571,59.46778]]]},"properties":{"a":112,"v":127,"dh":1.13,"pl":1,"pn":"Kambo - Nøkkeland. Revidert plan med utvidet reg.grense mot nord.","pd":"1988-03-22","c":151}},{"type":"Feature","geometry":{"type":"Polygon","coordinates":[[[10.70315,59.46828],[10.70363,59.46806],[10.70368,59.46808],[10.70358,59.46817],[10.70369,59.46817],[10.70381,59.46808],[10.70374,59.46805],[10.70375,59.46799],[10.70396,59.46798],[10.70408,59.46791],[10.70401,59.46789],[10.70401,59.46784],[10.70364,59.4679],[10.70321,59.46815],[10.70314,59.46821],[10.70315,59.46828]]]},"properties":{"a":904,"v":1337,"dh":1.48,"pl":1,"pn":"Detaljregulering for ny vannledning Årvoll til Vestby grense","pd":"2019-05-21","fo":1,"c":152}},{"type":"Feature","geometry":{"type":"Polygon","coordinates":[[[10.69653,59.46826],[10.6969,59.46827],[10.69695,59.46824],[10.6967,59.46821],[10.69653,59.46826]]]},"properties":{"a":125,"v":152,"dh":1.22,"pl":1,"pn":"Kambo - Nøkkeland. Revidert plan med utvidet reg.grense mot nord.","pd":"1988-03-22","c":151}},{"type":"Feature","geometry":{"type":"Polygon","coordinates":[[[10.7061,59.45725],[10.70617,59.45714],[10.70604,59.45711],[10.706,59.45724],[10.7061,59.45725]]]},"properties":{"a":116,"v":171,"dh":1.47,"pl":1,"pn":"Detaljregulering for ny vannledning Årvoll til Vestby grense","pd":"2019-05-21","fo":1,"c":153}},{"type":"Feature","geometry":{"type":"Polygon","coordinates":[[[10.70605,59.45834],[10.7062,59.45812],[10.7062,59.45803],[10.70629,59.45788],[10.7063,59.45772],[10.70622,59.45751],[10.70608,59.45747],[10.70612,59.45761],[10.70609,59.45793],[10.70597,59.45809],[10.70597,59.45814],[10.70603,59.45814],[10.706,59.45828],[10.70605,59.45834]]]},"properties":{"a":882,"v":-1427,"dh":1.62,"pl":1,"pn":"Detaljregulering for ny vannledning Årvoll til Vestby grense","pd":"2019-05-21","fo":1,"c":154}},{"type":"Feature","geometry":{"type":"Polygon","coordinates":[[[10.70445,59.46198],[10.70454,59.46193],[10.70438,59.46187],[10.70424,59.4619],[10.70424,59.46194],[10.70445,59.46198]]]},"properties":{"a":131,"v":180,"dh":1.38,"pl":1,"pn":"Detaljregulering for ny vannledning Årvoll til Vestby grense","pd":"2019-05-21","fo":1,"c":154}},{"type":"Feature","geometry":{"type":"MultiPolygon","coordinates":[[[[10.70538,59.45924],[10.70536,59.45925],[10.70538,59.45925],[10.70538,59.45924]]],[[[10.70531,59.45927],[10.70555,59.45894],[10.70564,59.45892],[10.70564,59.45886],[10.70578,59.45881],[10.70576,59.45877],[10.70587,59.45865],[10.70585,59.45859],[10.70575,59.45861],[10.70576,59.45849],[10.70596,59.45825],[10.70577,59.45826],[10.70571,59.45852],[10.70546,59.45889],[10.70533,59.459],[10.70535,59.45907],[10.70525,59.45912],[10.70501,59.45936],[10.70468,59.45953],[10.70458,59.45967],[10.70443,59.45974],[10.70442,59.4598],[10.70419,59.45987],[10.70423,59.45998],[10.70418,59.45999],[10.70423,59.46002],[10.70418,59.46005],[10.7042,59.4601],[10.70406,59.46053],[10.70404,59.46077],[10.70397,59.4608],[10.70398,59.46106],[10.70388,59.46114],[10.70394,59.46131],[10.70389,59.46167],[10.70381,59.46174],[10.70379,59.46185],[10.70374,59.46187],[10.70376,59.46191],[10.7037,59.46199],[10.70374,59.46207],[10.70365,59.46211],[10.7036,59.46222],[10.70362,59.4623],[10.70352,59.46235],[10.70359,59.46241],[10.70347,59.46244],[10.70351,59.46253],[10.70342,59.46273],[10.7033,59.46288],[10.70321,59.46291],[10.7032,59.46297],[10.70304,59.46301],[10.70294,59.46313],[10.70298,59.46325],[10.70293,59.46331],[10.70296,59.46343],[10.70289,59.46347],[10.70286,59.46367],[10.70278,59.4638],[10.70272,59.46432],[10.70272,59.46473],[10.70306,59.46515],[10.70298,59.46529],[10.70311,59.46535],[10.70315,59.46544],[10.70327,59.46544],[10.70338,59.46554],[10.70364,59.46612],[10.70371,59.46616],[10.70387,59.46645],[10.70385,59.46651],[10.70389,59.46651],[10.70391,59.46652],[10.70395,59.46667],[10.70404,59.46675],[10.70409,59.46696],[10.70418,59.467],[10.70433,59.46728],[10.70469,59.46736],[10.70478,59.46734],[10.70471,59.46732],[10.70485,59.46733],[10.70486,59.46729],[10.70495,59.46729],[10.70493,59.46725],[10.705,59.46727],[10.70498,59.46722],[10.70505,59.46719],[10.70486,59.46718],[10.70484,59.46712],[10.7049,59.46707],[10.7048,59.46704],[10.70479,59.46699],[10.70462,59.46702],[10.70465,59.46718],[10.70456,59.46719],[10.70447,59.46711],[10.70446,59.46705],[10.70428,59.46696],[10.70391,59.46631],[10.70393,59.46621],[10.70372,59.46597],[10.70371,59.46587],[10.70362,59.46575],[10.70363,59.46563],[10.70352,59.46557],[10.7035,59.46546],[10.70339,59.4654],[10.70322,59.46518],[10.70324,59.46515],[10.70286,59.46472],[10.70284,59.46423],[10.70292,59.4638],[10.70296,59.46379],[10.70291,59.46364],[10.70303,59.46354],[10.70312,59.4632],[10.70341,59.46294],[10.70351,59.46279],[10.70373,59.46269],[10.70371,59.46265],[10.70378,59.46262],[10.70374,59.46261],[10.70379,59.46255],[10.70377,59.4625],[10.70386,59.46246],[10.70391,59.46239],[10.70389,59.46233],[10.70396,59.46232],[10.70392,59.46221],[10.70428,59.46203],[10.70426,59.46199],[10.7043,59.46198],[10.70415,59.46196],[10.70404,59.46187],[10.70402,59.46176],[10.70423,59.46108],[10.7042,59.46081],[10.70425,59.46076],[10.70426,59.46059],[10.70431,59.46056],[10.70426,59.46022],[10.70434,59.46006],[10.70444,59.46001],[10.70462,59.45971],[10.70476,59.4596],[10.70517,59.45936],[10.70519,59.45941],[10.70535,59.45935],[10.70536,59.45925],[10.70531,59.45927]],[[10.70486,59.46727],[10.70483,59.46728],[10.70483,59.46726],[10.70486,59.46727]],[[10.7052,59.45936],[10.70522,59.45932],[10.70526,59.45932],[10.7052,59.45936]],[[10.70529,59.45927],[10.70529,59.45929],[10.70525,59.45931],[10.70529,59.45927]],[[10.70379,59.4621],[10.70387,59.462],[10.70394,59.462],[10.70392,59.46196],[10.70403,59.462],[10.70396,59.462],[10.704,59.46203],[10.70395,59.46206],[10.70397,59.46211],[10.70381,59.46215],[10.70379,59.4621]],[[10.70403,59.46194],[10.70401,59.46193],[10.70403,59.46193],[10.70403,59.46194]],[[10.70401,59.46193],[10.70399,59.46192],[10.70401,59.46192],[10.70401,59.46193]],[[10.70432,59.46004],[10.70429,59.46005],[10.70429,59.46004],[10.70432,59.46004]],[[10.70428,59.4599],[10.70431,59.45987],[10.70431,59.4599],[10.70428,59.4599]],[[10.70497,59.46723],[10.70495,59.46724],[10.70495,59.46723],[10.70497,59.46723]],[[10.70478,59.4671],[10.70475,59.46711],[10.70475,59.4671],[10.70478,59.4671]],[[10.70321,59.46534],[10.70325,59.46533],[10.70325,59.46535],[10.70321,59.46534]],[[10.70366,59.46267],[10.70369,59.46266],[10.70364,59.46269],[10.70366,59.46267]]],[[[10.70384,59.46652],[10.70385,59.46651],[10.70384,59.46651],[10.70384,59.46652]]]]},"properties":{"a":11762,"v":12812,"dh":1.09,"pl":1,"pn":"Detaljregulering for ny vannledning Årvoll til Vestby grense","pd":"2019-05-21","c":154}},{"type":"Feature","geometry":{"type":"Polygon","coordinates":[[[10.7052,59.46705],[10.70522,59.46694],[10.70516,59.46692],[10.70499,59.46693],[10.705,59.46695],[10.70495,59.46698],[10.70496,59.46703],[10.7052,59.46705]]]},"properties":{"a":169,"v":228,"dh":1.35,"pl":1,"pn":"Detaljregulering for ny vannledning Årvoll til Vestby grense","pd":"2019-05-21","fo":1,"c":154}},{"type":"Feature","geometry":{"type":"Polygon","coordinates":[[[10.7053,59.46728],[10.70539,59.46722],[10.70538,59.46714],[10.70524,59.46705],[10.70521,59.46718],[10.7053,59.46728]]]},"properties":{"a":178,"v":336,"dh":1.89,"pl":1,"pn":"Detaljregulering for ny vannledning Årvoll til Vestby grense","pd":"2019-05-21","fo":1,"c":154}},{"type":"Feature","geometry":{"type":"Polygon","coordinates":[[[10.70828,59.47355],[10.70841,59.47349],[10.70844,59.4734],[10.70819,59.47347],[10.70828,59.47355]]]},"properties":{"a":136,"v":264,"dh":1.94,"pl":0,"fo":1,"c":155}},{"type":"Feature","geometry":{"type":"Polygon","coordinates":[[[10.70582,59.47654],[10.70615,59.47645],[10.70613,59.47633],[10.70608,59.4763],[10.70587,59.47639],[10.70587,59.47644],[10.70577,59.47651],[10.70582,59.47654]]]},"properties":{"a":287,"v":534,"dh":1.86,"pl":0,"fo":1,"c":156}},{"type":"Feature","geometry":{"type":"Polygon","coordinates":[[[10.71185,59.48126],[10.71194,59.4812],[10.71181,59.48113],[10.71172,59.48115],[10.71176,59.48124],[10.71185,59.48126]]]},"properties":{"a":109,"v":160,"dh":1.47,"pl":0,"fo":1,"c":157}},{"type":"Feature","geometry":{"type":"Polygon","coordinates":[[[10.71165,59.48189],[10.71167,59.48178],[10.71161,59.48173],[10.71151,59.48174],[10.71155,59.48183],[10.71165,59.48189]]]},"properties":{"a":105,"v":157,"dh":1.5,"pl":0,"fo":1,"c":158}},{"type":"Feature","geometry":{"type":"Polygon","coordinates":[[[10.69602,59.46863],[10.69605,59.46858],[10.69598,59.46855],[10.69571,59.46854],[10.69573,59.4686],[10.69602,59.46863]]]},"properties":{"a":150,"v":190,"dh":1.26,"pl":1,"pn":"NØKKELAND SKOLE - IDRETTSANLEGG","pd":"2009-04-20","c":159}},{"type":"Feature","geometry":{"type":"Polygon","coordinates":[[[10.69605,59.46889],[10.69618,59.4687],[10.69618,59.46865],[10.696,59.46866],[10.69599,59.46889],[10.69605,59.46889]]]},"properties":{"a":186,"v":-239,"dh":1.28,"pl":1,"pn":"NØKKELAND SKOLE - IDRETTSANLEGG","pd":"2009-04-20","c":159}},{"type":"Feature","geometry":{"type":"Polygon","coordinates":[[[10.70153,59.46881],[10.70157,59.46879],[10.70151,59.46864],[10.70138,59.46858],[10.70142,59.46874],[10.70153,59.46881]]]},"properties":{"a":129,"v":201,"dh":1.56,"pl":1,"pn":"E6 GJENNOM MOSS","pd":"1998-03-26","fo":1,"c":42}},{"type":"Feature","geometry":{"type":"Polygon","coordinates":[[[10.696,59.46937],[10.69602,59.46931],[10.69614,59.46934],[10.69631,59.46927],[10.6963,59.46899],[10.69625,59.46911],[10.69622,59.4691],[10.69623,59.46902],[10.69616,59.46897],[10.69599,59.46907],[10.69598,59.4692],[10.69588,59.46935],[10.696,59.46937]],[[10.69612,59.46923],[10.69613,59.46922],[10.69614,59.46923],[10.69612,59.46923]]]},"properties":{"a":666,"v":671,"dh":1.01,"pl":1,"pn":"NØKKELAND SKOLE - IDRETTSANLEGG","pd":"2009-04-20","fo":1,"c":159}},{"type":"Feature","geometry":{"type":"Polygon","coordinates":[[[10.69697,59.47011],[10.697,59.46992],[10.69693,59.4699],[10.69688,59.47005],[10.69692,59.47006],[10.6969,59.47011],[10.69697,59.47011]]]},"properties":{"a":122,"v":-116,"dh":0.95,"pl":1,"pn":"Kambo - Nøkkeland. Revidert plan med utvidet reg.grense mot nord.","pd":"1988-03-22","sh":1,"c":160}},{"type":"Feature","geometry":{"type":"Polygon","coordinates":[[[10.70037,59.47064],[10.70042,59.47057],[10.70056,59.4706],[10.70061,59.47054],[10.70079,59.47054],[10.70072,59.4705],[10.70037,59.47056],[10.70037,59.47064]]]},"properties":{"a":119,"v":-94,"dh":0.79,"pl":1,"pn":"Detaljregulering for ny vannledning Årvoll til Vestby grense","pd":"2019-05-21","sh":1,"c":161}},{"type":"Feature","geometry":{"type":"Polygon","coordinates":[[[10.69933,59.47206],[10.69947,59.47199],[10.69945,59.47196],[10.69955,59.47189],[10.69941,59.4719],[10.69933,59.47198],[10.6994,59.472],[10.69928,59.47202],[10.69933,59.47206]],[[10.69942,59.47199],[10.69943,59.47199],[10.69943,59.47199],[10.69942,59.47199]]]},"properties":{"a":116,"v":88,"dh":0.76,"pl":1,"pn":"Detaljregulering for ny vannledning Årvoll til Vestby grense","pd":"2019-05-21","sh":1,"c":161}},{"type":"Feature","geometry":{"type":"Polygon","coordinates":[[[10.69774,59.47277],[10.69795,59.47261],[10.69859,59.47242],[10.69862,59.47237],[10.69805,59.47252],[10.69765,59.47275],[10.69774,59.47277]]]},"properties":{"a":299,"v":-412,"dh":1.38,"pl":1,"pn":"Detaljregulering for ny vannledning Årvoll til Vestby grense","pd":"2019-05-21","fo":1,"c":162}},{"type":"Feature","geometry":{"type":"Polygon","coordinates":[[[10.69785,59.47344],[10.69775,59.47326],[10.69768,59.47319],[10.69761,59.47319],[10.69776,59.47343],[10.69785,59.47344]]]},"properties":{"a":143,"v":-134,"dh":0.94,"pl":1,"pn":"Detaljregulering for ny vannledning Årvoll til Vestby grense","pd":"2019-05-21","sh":1,"c":161}},{"type":"Feature","geometry":{"type":"Polygon","coordinates":[[[10.69969,59.47467],[10.69967,59.47461],[10.69974,59.47458],[10.69975,59.47448],[10.69968,59.47448],[10.69971,59.47442],[10.69966,59.47442],[10.6996,59.47455],[10.69967,59.47453],[10.69962,59.47465],[10.69969,59.47467]],[[10.69965,59.47452],[10.6997,59.47449],[10.6997,59.47451],[10.69965,59.47452]]]},"properties":{"a":121,"v":193,"dh":1.59,"pl":1,"pn":"RIKSVEG GJENNOM MOSS - TRACE GJENNOM MOSS SAMT TILFARTSVEG","pd":"1961-05-08","sl":1,"c":163}},{"type":"Feature","geometry":{"type":"Polygon","coordinates":[[[10.68462,59.45878],[10.68567,59.45868],[10.68597,59.45855],[10.68613,59.45827],[10.68603,59.45815],[10.68591,59.45817],[10.68589,59.45813],[10.68567,59.45836],[10.6856,59.45834],[10.68564,59.45831],[10.68558,59.45827],[10.68549,59.45829],[10.68553,59.45836],[10.68491,59.45829],[10.68473,59.45847],[10.68469,59.45846],[10.68476,59.45833],[10.68457,59.45847],[10.68445,59.45847],[10.68435,59.45841],[10.68433,59.45831],[10.68428,59.45831],[10.68416,59.45841],[10.68423,59.45848],[10.6842,59.45858],[10.68406,59.45854],[10.68413,59.45861],[10.68401,59.45863],[10.6841,59.45867],[10.6841,59.45873],[10.68419,59.45875],[10.68433,59.45861],[10.68442,59.45859],[10.68462,59.45878]]]},"properties":{"a":4296,"v":18988,"dh":4.42,"pl":0,"c":431}},{"type":"Feature","geometry":{"type":"Polygon","coordinates":[[[10.68504,59.46302],[10.68513,59.46297],[10.6851,59.46284],[10.68503,59.46284],[10.685,59.46294],[10.68504,59.46302]]]},"properties":{"a":102,"v":160,"dh":1.57,"pl":0,"sl":1,"c":164}},{"type":"Feature","geometry":{"type":"Polygon","coordinates":[[[10.68587,59.46588],[10.68621,59.46586],[10.68619,59.46579],[10.68622,59.46578],[10.68616,59.4657],[10.68625,59.46565],[10.68623,59.46553],[10.68632,59.46532],[10.68628,59.4652],[10.68582,59.46519],[10.68572,59.46523],[10.68578,59.46538],[10.68573,59.46544],[10.6858,59.46543],[10.68589,59.4655],[10.68588,59.46561],[10.68578,59.46574],[10.68581,59.46576],[10.6858,59.46584],[10.68587,59.46588]]]},"properties":{"a":1893,"v":3307,"dh":1.75,"pl":0,"c":165}},{"type":"Feature","geometry":{"type":"Polygon","coordinates":[[[10.68631,59.46786],[10.68655,59.46785],[10.68655,59.4678],[10.68662,59.46776],[10.68663,59.46763],[10.68659,59.46761],[10.68665,59.4676],[10.68664,59.46753],[10.6863,59.46766],[10.68627,59.46779],[10.68631,59.46786]]]},"properties":{"a":545,"v":-949,"dh":1.74,"pl":1,"pn":"Kambo - Kilsbakken nord","pd":"2018-05-15","c":166}},{"type":"Feature","geometry":{"type":"Polygon","coordinates":[[[10.686,59.46949],[10.68609,59.46947],[10.68601,59.46944],[10.68597,59.46924],[10.68602,59.4692],[10.68606,59.469],[10.68623,59.46882],[10.68626,59.46865],[10.68608,59.46869],[10.686,59.46878],[10.68599,59.46894],[10.68588,59.46915],[10.68591,59.46937],[10.68587,59.46941],[10.686,59.46949]]]},"properties":{"a":739,"v":-2113,"dh":2.86,"pl":1,"pn":"Kambo - Kilsbakken nord","pd":"2018-05-15","fo":1,"c":166}},{"type":"Feature","geometry":{"type":"Polygon","coordinates":[[[10.68573,59.47004],[10.68579,59.46998],[10.68589,59.47003],[10.68589,59.46979],[10.68571,59.46978],[10.68566,59.46984],[10.68567,59.46997],[10.68573,59.47004]],[[10.68579,59.46996],[10.68583,59.46991],[10.68585,59.46995],[10.68579,59.46996]],[[10.68581,59.46985],[10.68582,59.46982],[10.68582,59.46985],[10.68581,59.46985]]]},"properties":{"a":270,"v":-511,"dh":1.89,"pl":1,"pn":"Kambo - Kilsbakken nord","pd":"2018-05-15","fo":1,"c":166}},{"type":"Feature","geometry":{"type":"Polygon","coordinates":[[[10.68601,59.47116],[10.68601,59.47107],[10.6859,59.47098],[10.68589,59.47092],[10.68582,59.4709],[10.68572,59.4707],[10.68558,59.47068],[10.68557,59.47071],[10.68569,59.47073],[10.68601,59.47116]]]},"properties":{"a":161,"v":-285,"dh":1.77,"pl":0,"sl":1,"c":167}},{"type":"Feature","geometry":{"type":"Polygon","coordinates":[[[10.68421,59.47139],[10.68414,59.4711],[10.68403,59.47107],[10.68388,59.47115],[10.6839,59.47133],[10.68421,59.47139]]]},"properties":{"a":514,"v":-922,"dh":1.79,"pl":1,"pn":"Regplan Møllebakken 50","pd":"2012-10-22","fo":1,"c":168}},{"type":"Feature","geometry":{"type":"Polygon","coordinates":[[[10.68386,59.47186],[10.684,59.47179],[10.6839,59.4717],[10.68395,59.47149],[10.68385,59.47141],[10.68383,59.47124],[10.68377,59.47118],[10.68374,59.47124],[10.68378,59.47126],[10.68372,59.47128],[10.68375,59.47137],[10.68364,59.47143],[10.68365,59.47148],[10.68324,59.47149],[10.68378,59.47173],[10.68373,59.47183],[10.68386,59.47186]]]},"properties":{"a":1115,"v":1523,"dh":1.37,"pl":1,"pn":"Regplan Møllebakken 50","pd":"2012-10-22","c":168}},{"type":"Feature","geometry":{"type":"Polygon","coordinates":[[[10.68699,59.46819],[10.68717,59.4681],[10.68711,59.46796],[10.68705,59.46792],[10.68679,59.46795],[10.68677,59.46803],[10.6869,59.46807],[10.68685,59.46819],[10.68699,59.46819]]]},"properties":{"a":439,"v":-719,"dh":1.64,"pl":1,"pn":"Kambo - Kilsbakken nord","pd":"2018-05-15","c":166}},{"type":"Feature","geometry":{"type":"Polygon","coordinates":[[[10.68708,59.46926],[10.6872,59.46919],[10.68738,59.46924],[10.6875,59.46919],[10.68753,59.46901],[10.68742,59.46901],[10.68733,59.46894],[10.68727,59.4688],[10.68727,59.46869],[10.68735,59.46864],[10.68744,59.46865],[10.68744,59.46861],[10.68701,59.46847],[10.68695,59.46842],[10.687,59.46838],[10.68698,59.46833],[10.68689,59.46832],[10.68682,59.46825],[10.68681,59.4681],[10.68672,59.46805],[10.68673,59.46795],[10.68679,59.4679],[10.68707,59.46788],[10.68701,59.46786],[10.68699,59.46774],[10.68693,59.46769],[10.68668,59.46762],[10.68667,59.46774],[10.68657,59.46784],[10.68659,59.46791],[10.68624,59.46785],[10.68617,59.46792],[10.68628,59.46801],[10.68631,59.46819],[10.68642,59.46839],[10.68641,59.46844],[10.68627,59.46847],[10.68625,59.46858],[10.68631,59.46872],[10.68626,59.46873],[10.68625,59.46879],[10.68641,59.46889],[10.68653,59.46887],[10.68666,59.46896],[10.68673,59.46895],[10.68668,59.46902],[10.68676,59.46909],[10.68672,59.46914],[10.68708,59.46926]],[[10.68708,59.46893],[10.68704,59.46882],[10.6872,59.46885],[10.68721,59.46892],[10.68708,59.46893]],[[10.68704,59.46871],[10.68686,59.46869],[10.68684,59.46864],[10.68694,59.46862],[10.68704,59.46867],[10.68704,59.46871]],[[10.68652,59.46863],[10.68656,59.4686],[10.68657,59.46861],[10.68652,59.46863]],[[10.68665,59.46845],[10.68655,59.46845],[10.68655,59.46843],[10.68665,59.46845]]]},"properties":{"a":6395,"v":13320,"dh":2.08,"pl":1,"pn":"Kambo - Kilsbakken nord","pd":"2018-05-15","c":166}},{"type":"Feature","geometry":{"type":"Polygon","coordinates":[[[10.68954,59.46907],[10.68952,59.46901],[10.68926,59.46896],[10.68924,59.4689],[10.68916,59.46889],[10.6893,59.46904],[10.68954,59.46907]]]},"properties":{"a":148,"v":164,"dh":1.1,"pl":1,"pn":"Kilsbakken - Osloveien kryssløsning - planendring","pd":"2020-07-03","fo":1,"c":169}},{"type":"Feature","geometry":{"type":"Polygon","coordinates":[[[10.68836,59.46912],[10.68855,59.46904],[10.68875,59.46909],[10.68877,59.46906],[10.68859,59.46901],[10.68871,59.469],[10.68876,59.46893],[10.68839,59.46897],[10.68845,59.46905],[10.68838,59.46908],[10.68836,59.46912]]]},"properties":{"a":258,"v":241,"dh":0.94,"pl":1,"pn":"Kambo - Kilsbakken nord","pd":"2018-05-15","sh":1,"c":166}},{"type":"Feature","geometry":{"type":"Polygon","coordinates":[[[10.68782,59.46927],[10.68789,59.46922],[10.68787,59.4691],[10.68792,59.46905],[10.68782,59.46891],[10.68765,59.4689],[10.68761,59.46894],[10.68772,59.46903],[10.68773,59.46916],[10.68778,59.46918],[10.68775,59.46924],[10.68782,59.46927]]]},"properties":{"a":348,"v":352,"dh":1.01,"pl":1,"pn":"Kambo - Kilsbakken nord","pd":"2018-05-15","fo":1,"c":166}},{"type":"Feature","geometry":{"type":"Polygon","coordinates":[[[10.6872,59.46993],[10.68741,59.46983],[10.68745,59.46987],[10.68755,59.46983],[10.68757,59.4698],[10.68749,59.46972],[10.68756,59.46967],[10.6875,59.46959],[10.68761,59.4695],[10.68759,59.46945],[10.68746,59.46943],[10.68744,59.46932],[10.68728,59.46926],[10.687,59.46932],[10.68669,59.46926],[10.68669,59.46908],[10.68652,59.46896],[10.6863,59.46905],[10.68625,59.46911],[10.68627,59.46917],[10.68618,59.46923],[10.68626,59.46936],[10.68644,59.46939],[10.68642,59.46942],[10.68658,59.46949],[10.68657,59.46957],[10.6867,59.46967],[10.6867,59.46974],[10.68681,59.46977],[10.68692,59.4699],[10.6872,59.46993]]]},"properties":{"a":4277,"v":-10314,"dh":2.41,"pl":1,"pn":"Kambo - Kilsbakken nord","pd":"2018-05-15","c":166}},{"type":"Feature","geometry":{"type":"MultiPolygon","coordinates":[[[[10.68638,59.46962],[10.68669,59.46988],[10.687,59.47],[10.68667,59.46975],[10.68662,59.46964],[10.68653,59.46957],[10.68638,59.46962]]],[[[10.6862,59.47067],[10.68637,59.47065],[10.68639,59.47055],[10.68655,59.47036],[10.68655,59.47028],[10.68671,59.47019],[10.68692,59.4702],[10.68735,59.47031],[10.68754,59.4703],[10.6875,59.47021],[10.68759,59.47015],[10.68781,59.47012],[10.68776,59.47009],[10.68785,59.47007],[10.68784,59.47001],[10.68815,59.46985],[10.68808,59.4698],[10.68827,59.4698],[10.68831,59.46943],[10.68853,59.46931],[10.68841,59.46925],[10.6883,59.46934],[10.68816,59.46937],[10.68814,59.46932],[10.68821,59.46921],[10.68811,59.46925],[10.68799,59.46939],[10.68792,59.4694],[10.68789,59.46962],[10.68779,59.46969],[10.68771,59.46989],[10.68737,59.47013],[10.68698,59.47009],[10.68677,59.46999],[10.68667,59.46987],[10.68636,59.46967],[10.68634,59.4696],[10.68643,59.46954],[10.68623,59.46951],[10.68623,59.46955],[10.68607,59.46953],[10.68606,59.46958],[10.68595,59.46958],[10.68586,59.46952],[10.68589,59.46947],[10.68573,59.46947],[10.68586,59.46958],[10.68589,59.46969],[10.686,59.46976],[10.68594,59.47001],[10.68599,59.47008],[10.68588,59.47019],[10.68584,59.47012],[10.68587,59.47005],[10.68583,59.47005],[10.68575,59.47011],[10.68567,59.47025],[10.68576,59.47029],[10.68578,59.47035],[10.68603,59.47043],[10.68603,59.4705],[10.68596,59.47051],[10.686,59.47058],[10.68613,59.4706],[10.6862,59.47067]],[[10.68665,59.47013],[10.68662,59.47016],[10.68661,59.47013],[10.68665,59.47013]],[[10.68652,59.4701],[10.68654,59.47004],[10.68656,59.4701],[10.68652,59.4701]],[[10.68796,59.46988],[10.68794,59.46989],[10.68794,59.46988],[10.68796,59.46988]],[[10.68804,59.46963],[10.68816,59.46963],[10.68818,59.46966],[10.68802,59.46968],[10.68804,59.46963]]],[[[10.68701,59.47],[10.687,59.47001],[10.68701,59.47001],[10.68701,59.47]]]]},"properties":{"a":7797,"v":17369,"dh":2.23,"pl":1,"pn":"Kambo - Kilsbakken nord","pd":"2018-05-15","c":166}},{"type":"Feature","geometry":{"type":"MultiPolygon","coordinates":[[[[10.6868,59.46993],[10.68676,59.46992],[10.6868,59.46995],[10.6868,59.46993]]],[[[10.68682,59.46997],[10.68691,59.47004],[10.68718,59.4701],[10.68739,59.47008],[10.68753,59.47],[10.68721,59.47002],[10.68722,59.46997],[10.68719,59.46996],[10.68701,59.47002],[10.68682,59.46997]]]]},"properties":{"a":276,"v":-461,"dh":1.67,"pl":1,"pn":"Kambo - Kilsbakken nord","pd":"2018-05-15","c":166}},{"type":"Feature","geometry":{"type":"Polygon","coordinates":[[[10.68682,59.47103],[10.6869,59.47093],[10.68702,59.47091],[10.68706,59.47084],[10.68698,59.4708],[10.68679,59.47086],[10.68675,59.471],[10.68682,59.47103]],[[10.68686,59.47089],[10.68691,59.47085],[10.68695,59.47086],[10.6869,59.47091],[10.68686,59.47089]]]},"properties":{"a":203,"v":241,"dh":1.19,"pl":1,"pn":"Områdeplan for Kambo","pd":"2016-11-14","fo":1,"c":166}},{"type":"Feature","geometry":{"type":"Polygon","coordinates":[[[10.68658,59.47122],[10.68697,59.47119],[10.68698,59.47117],[10.68691,59.47114],[10.68702,59.47113],[10.68701,59.47107],[10.68691,59.47102],[10.68684,59.47107],[10.6867,59.47105],[10.68658,59.47115],[10.68658,59.47122]]]},"properties":{"a":393,"v":-573,"dh":1.46,"pl":1,"pn":"Områdeplan for Kambo","pd":"2016-11-14","fo":1,"c":166}},{"type":"Feature","geometry":{"type":"Polygon","coordinates":[[[10.68661,59.4718],[10.68638,59.4715],[10.68631,59.47147],[10.68654,59.47178],[10.68661,59.4718]]]},"properties":{"a":107,"v":142,"dh":1.33,"pl":1,"pn":"Områdeplan for Kambo","pd":"2016-11-14","sl":1,"c":177}},{"type":"Feature","geometry":{"type":"Polygon","coordinates":[[[10.68317,59.47194],[10.68324,59.47189],[10.68315,59.47177],[10.68312,59.47189],[10.68317,59.47194]]]},"properties":{"a":101,"v":-96,"dh":0.95,"pl":1,"pn":"Regplan Møllebakken 50","pd":"2012-10-22","sh":1,"c":168}},{"type":"Feature","geometry":{"type":"Polygon","coordinates":[[[10.68574,59.47271],[10.68575,59.47267],[10.68529,59.47255],[10.68525,59.47249],[10.68528,59.47247],[10.68526,59.47229],[10.68513,59.4723],[10.68485,59.47218],[10.68486,59.47212],[10.68502,59.47212],[10.68501,59.47199],[10.68519,59.472],[10.68517,59.47189],[10.68531,59.47189],[10.6853,59.47184],[10.6852,59.47178],[10.68508,59.47164],[10.68497,59.47159],[10.68469,59.47158],[10.68447,59.47144],[10.68433,59.47148],[10.68434,59.47155],[10.68405,59.47152],[10.68414,59.47156],[10.68415,59.47164],[10.68433,59.47171],[10.68435,59.47182],[10.68444,59.4719],[10.68441,59.47202],[10.68451,59.4722],[10.68479,59.47223],[10.68491,59.47234],[10.68489,59.47241],[10.68498,59.47247],[10.68516,59.47248],[10.68523,59.47256],[10.68574,59.47271]],[[10.68489,59.47204],[10.68491,59.47201],[10.68491,59.47204],[10.68489,59.47204]],[[10.68491,59.47199],[10.68492,59.47195],[10.68492,59.47199],[10.68491,59.47199]],[[10.6849,59.47188],[10.68481,59.47188],[10.68474,59.47177],[10.6849,59.47183],[10.6849,59.47188]]]},"properties":{"a":3724,"v":-8226,"dh":2.21,"pl":1,"pn":"Kambo - Møllebakken 40","pd":"2014-04-28","c":168}},{"type":"Feature","geometry":{"type":"Polygon","coordinates":[[[10.68518,59.47225],[10.68534,59.4722],[10.68538,59.47198],[10.68512,59.47205],[10.68502,59.4722],[10.68495,59.47222],[10.68518,59.47225]]]},"properties":{"a":397,"v":657,"dh":1.65,"pl":1,"pn":"Kambo - Møllebakken 40","pd":"2014-04-28","fo":1,"c":168}},{"type":"Feature","geometry":{"type":"Polygon","coordinates":[[[10.6866,59.47241],[10.68671,59.47237],[10.68665,59.47223],[10.68656,59.47227],[10.6866,59.4723],[10.68655,59.47234],[10.6866,59.47241]]]},"properties":{"a":104,"v":315,"dh":3.03,"pl":1,"pn":"Områdeplan for Kambo","pd":"2016-11-14","sl":1,"c":177}},{"type":"Feature","geometry":{"type":"Polygon","coordinates":[[[10.68274,59.47254],[10.68285,59.47251],[10.68277,59.47234],[10.68257,59.4723],[10.68248,59.47223],[10.68243,59.47226],[10.6826,59.4725],[10.68274,59.47254]]]},"properties":{"a":403,"v":558,"dh":1.39,"pl":1,"pn":"Regplan Møllebakken 50","pd":"2012-10-22","c":168}},{"type":"Feature","geometry":{"type":"Polygon","coordinates":[[[10.68201,59.47262],[10.68208,59.47257],[10.68209,59.47248],[10.68184,59.47245],[10.6817,59.47253],[10.6818,59.47262],[10.68201,59.47262]]]},"properties":{"a":330,"v":374,"dh":1.13,"pl":1,"pn":"Regplan Møllebakken 50","pd":"2012-10-22","c":168}},{"type":"Feature","geometry":{"type":"Polygon","coordinates":[[[10.68563,59.47305],[10.6858,59.47293],[10.68539,59.47277],[10.68519,59.47282],[10.68522,59.47292],[10.68552,59.47305],[10.68563,59.47305]]]},"properties":{"a":615,"v":850,"dh":1.38,"pl":1,"pn":"Regplan Møllebakken 50","pd":"2012-10-22","fo":1,"c":168}},{"type":"Feature","geometry":{"type":"Polygon","coordinates":[[[10.68502,59.47328],[10.68507,59.47319],[10.68495,59.47316],[10.68492,59.47304],[10.6847,59.47314],[10.68463,59.4731],[10.68464,59.47306],[10.68482,59.473],[10.68475,59.47266],[10.68454,59.47272],[10.68457,59.47265],[10.68448,59.4726],[10.68428,59.47263],[10.68427,59.47268],[10.68434,59.47276],[10.68421,59.47287],[10.6843,59.47303],[10.68457,59.47308],[10.68448,59.4731],[10.68447,59.47317],[10.68456,59.47317],[10.6847,59.47326],[10.68499,59.47324],[10.68502,59.47328]],[[10.68475,59.47313],[10.68479,59.47312],[10.68479,59.47313],[10.68475,59.47313]]]},"properties":{"a":1792,"v":2872,"dh":1.6,"pl":1,"pn":"Regplan Møllebakken 50","pd":"2012-10-22","fo":1,"c":168}},{"type":"Feature","geometry":{"type":"Polygon","coordinates":[[[10.68227,59.47323],[10.68225,59.47315],[10.68238,59.4731],[10.68238,59.47302],[10.68225,59.47296],[10.68194,59.473],[10.68171,59.47313],[10.68181,59.47321],[10.68227,59.47323]]]},"properties":{"a":815,"v":-1805,"dh":2.21,"pl":1,"pn":"Regplan Møllebakken 50","pd":"2012-10-22","c":168}},{"type":"Feature","geometry":{"type":"Polygon","coordinates":[[[10.69214,59.46763],[10.69215,59.46755],[10.69193,59.46744],[10.69195,59.46736],[10.69191,59.46733],[10.69175,59.46732],[10.6917,59.46738],[10.69188,59.46752],[10.69203,59.46754],[10.69208,59.46758],[10.69207,59.46762],[10.69214,59.46763]],[[10.6919,59.46745],[10.69184,59.46741],[10.6919,59.46739],[10.6919,59.46745]]]},"properties":{"a":277,"v":211,"dh":0.76,"pl":1,"pn":"NØKKELAND SKOLE - IDRETTSANLEGG","pd":"2009-04-20","sh":1,"c":170}},{"type":"Feature","geometry":{"type":"Polygon","coordinates":[[[10.69452,59.46762],[10.69449,59.46744],[10.69432,59.46744],[10.69432,59.46748],[10.69425,59.4675],[10.69452,59.46762]]]},"properties":{"a":194,"v":257,"dh":1.32,"pl":1,"pn":"Kambo - Nøkkeland. Revidert plan med utvidet reg.grense mot nord.","pd":"1988-03-22","fo":1,"c":171}},{"type":"Feature","geometry":{"type":"Polygon","coordinates":[[[10.69277,59.46831],[10.69284,59.46824],[10.69274,59.46811],[10.69257,59.4681],[10.69261,59.46826],[10.69277,59.46831]]]},"properties":{"a":235,"v":193,"dh":0.82,"pl":1,"pn":"NØKKELAND SKOLE - IDRETTSANLEGG","pd":"2009-04-20","sh":1,"c":159}},{"type":"Feature","geometry":{"type":"MultiPolygon","coordinates":[[[[10.69317,59.46823],[10.69316,59.46824],[10.69317,59.46824],[10.69317,59.46823]]],[[[10.69317,59.46824],[10.69319,59.46825],[10.69319,59.46824],[10.69317,59.46824]]],[[[10.69321,59.46827],[10.69334,59.4683],[10.69323,59.46837],[10.69357,59.46841],[10.69342,59.46854],[10.69323,59.4686],[10.69327,59.46869],[10.6936,59.46893],[10.69388,59.46895],[10.69421,59.46886],[10.69415,59.46875],[10.69424,59.46867],[10.69416,59.46852],[10.69437,59.46849],[10.69435,59.46846],[10.69394,59.46842],[10.69374,59.46832],[10.69321,59.46827]]]]},"properties":{"a":2861,"v":-4588,"dh":1.6,"pl":1,"pn":"NØKKELAND SKOLE - IDRETTSANLEGG","pd":"2009-04-20","c":159}},{"type":"Feature","geometry":{"type":"Polygon","coordinates":[[[10.69428,59.46948],[10.69438,59.46946],[10.69436,59.4694],[10.69445,59.46934],[10.69443,59.46927],[10.69449,59.46916],[10.69446,59.469],[10.69457,59.46893],[10.6946,59.46883],[10.69434,59.46898],[10.69397,59.46903],[10.69379,59.46899],[10.69362,59.469],[10.69333,59.46889],[10.69296,59.46892],[10.693,59.469],[10.69316,59.46904],[10.69313,59.46909],[10.69318,59.4691],[10.69334,59.46904],[10.69373,59.4691],[10.69379,59.46918],[10.69376,59.46929],[10.69363,59.46934],[10.69365,59.46939],[10.6938,59.46937],[10.69388,59.4694],[10.69382,59.46943],[10.69428,59.46948]],[[10.69367,59.46901],[10.69369,59.469],[10.69369,59.46901],[10.69367,59.46901]]]},"properties":{"a":2714,"v":2955,"dh":1.09,"pl":1,"pn":"NØKKELAND SKOLE - IDRETTSANLEGG","pd":"2009-04-20","c":159}},{"type":"Feature","geometry":{"type":"Polygon","coordinates":[[[10.69458,59.47088],[10.69475,59.47085],[10.69479,59.47082],[10.69452,59.47077],[10.69458,59.47088]]]},"properties":{"a":123,"v":-113,"dh":0.92,"pl":1,"pn":"Kambo - Nøkkeland. Revidert plan med utvidet reg.grense mot nord.","pd":"1988-03-22","sh":1,"c":172}},{"type":"Feature","geometry":{"type":"Polygon","coordinates":[[[10.69467,59.47132],[10.69481,59.47129],[10.69481,59.47125],[10.69458,59.47123],[10.69454,59.47128],[10.69467,59.47132]]]},"properties":{"a":116,"v":185,"dh":1.59,"pl":1,"pn":"Kambo - Nøkkeland. Revidert plan med utvidet reg.grense mot nord.","pd":"1988-03-22","c":172}},{"type":"Feature","geometry":{"type":"Polygon","coordinates":[[[10.69385,59.47511],[10.69385,59.47498],[10.6937,59.47481],[10.69348,59.4748],[10.69371,59.4751],[10.69385,59.47511]]]},"properties":{"a":378,"v":805,"dh":2.13,"pl":1,"pn":"Områdeplan for Kambo","pd":"2016-11-14","fo":1,"c":173}},{"type":"Feature","geometry":{"type":"Polygon","coordinates":[[[10.69465,59.4801],[10.69465,59.48002],[10.69442,59.47981],[10.69443,59.47989],[10.69465,59.4801]]]},"properties":{"a":122,"v":160,"dh":1.31,"pl":1,"pn":"Dobbeltspor Akershus grense - Møllebakken, ParkeringsanleggKambo","pd":"1990-12-30","c":174}},{"type":"Feature","geometry":{"type":"Polygon","coordinates":[[[10.69285,59.48014],[10.69292,59.48009],[10.69284,59.47999],[10.69269,59.48001],[10.69276,59.48009],[10.69274,59.48013],[10.69285,59.48014]]]},"properties":{"a":150,"v":204,"dh":1.36,"pl":1,"pn":"Områdeplan for Kambo","pd":"2016-11-14","fo":1,"c":175}},{"type":"Feature","geometry":{"type":"Polygon","coordinates":[[[10.68275,59.4738],[10.68319,59.4737],[10.68322,59.47365],[10.68264,59.47365],[10.68266,59.47375],[10.68275,59.4738]]]},"properties":{"a":374,"v":1137,"dh":3.04,"pl":1,"pn":"Regplan Møllebakken 50","pd":"2012-10-22","c":168}},{"type":"Feature","geometry":{"type":"Polygon","coordinates":[[[10.68645,59.47711],[10.68641,59.47699],[10.68627,59.47702],[10.68629,59.4771],[10.68645,59.47711]]]},"properties":{"a":104,"v":-188,"dh":1.81,"pl":2,"pn":"Detaljregulering av Kambo B4","pd":"2026-04-14","c":176}},{"type":"Feature","geometry":{"type":"Polygon","coordinates":[[[10.68731,59.47215],[10.68735,59.4721],[10.68724,59.47203],[10.68696,59.47208],[10.68731,59.47215]]]},"properties":{"a":171,"v":-197,"dh":1.15,"pl":1,"pn":"Områdeplan for Kambo","pd":"2016-11-14","c":177}},{"type":"Feature","geometry":{"type":"Polygon","coordinates":[[[10.68657,59.47216],[10.6868,59.47219],[10.68671,59.47202],[10.68662,59.47202],[10.68657,59.47216]]]},"properties":{"a":169,"v":328,"dh":1.94,"pl":1,"pn":"Områdeplan for Kambo","pd":"2016-11-14","sl":1,"c":177}},{"type":"Feature","geometry":{"type":"Polygon","coordinates":[[[10.68674,59.47267],[10.68681,59.47261],[10.68682,59.47255],[10.68675,59.47254],[10.68663,59.4726],[10.68665,59.47267],[10.68674,59.47267]]]},"properties":{"a":100,"v":224,"dh":2.24,"pl":0,"sl":1,"c":178}},{"type":"Feature","geometry":{"type":"Polygon","coordinates":[[[10.6873,59.47293],[10.68726,59.47287],[10.68733,59.47279],[10.68715,59.47277],[10.6873,59.47293]]]},"properties":{"a":103,"v":-173,"dh":1.68,"pl":1,"pn":"Områdeplan for Kambo","pd":"2016-11-14","fo":1,"c":179}},{"type":"Feature","geometry":{"type":"Polygon","coordinates":[[[10.68866,59.47433],[10.68867,59.47446],[10.68874,59.47449],[10.68882,59.47446],[10.68856,59.47419],[10.68849,59.47417],[10.68849,59.4742],[10.68842,59.4742],[10.68855,59.47425],[10.68855,59.47432],[10.68866,59.47433]],[[10.6887,59.47442],[10.68872,59.47442],[10.6887,59.47442],[10.6887,59.47442]]]},"properties":{"a":195,"v":356,"dh":1.82,"pl":1,"pn":"Områdeplan for Kambo","pd":"2016-11-14","sl":1,"c":180}},{"type":"Feature","geometry":{"type":"Polygon","coordinates":[[[10.68973,59.47595],[10.6898,59.47588],[10.68949,59.47576],[10.68959,59.47593],[10.68973,59.47595]]]},"properties":{"a":177,"v":441,"dh":2.49,"pl":1,"pn":"Industriområde Kambo NSO","pd":"1993-09-23","c":181}},{"type":"Feature","geometry":{"type":"MultiPolygon","coordinates":[[[[10.68918,59.47599],[10.68918,59.47586],[10.68865,59.47557],[10.68844,59.47559],[10.68818,59.47577],[10.68833,59.47585],[10.68861,59.47584],[10.68868,59.47591],[10.68883,59.47593],[10.68883,59.47604],[10.68901,59.47612],[10.689,59.47616],[10.68884,59.47622],[10.68884,59.47626],[10.68893,59.47631],[10.6893,59.47628],[10.68918,59.47618],[10.68924,59.47612],[10.68918,59.47599]]],[[[10.6892,59.47602],[10.68922,59.47601],[10.6892,59.47601],[10.6892,59.47602]]]]},"properties":{"a":1994,"v":-6376,"dh":3.2,"pl":1,"pn":"Industriområde Kambo NSO","pd":"1993-09-23","c":181}},{"type":"Feature","geometry":{"type":"Polygon","coordinates":[[[10.69104,59.47668],[10.69119,59.47658],[10.69106,59.47655],[10.69108,59.47645],[10.69093,59.47641],[10.69075,59.47651],[10.69086,59.47666],[10.69104,59.47668]]]},"properties":{"a":453,"v":-1186,"dh":2.62,"pl":1,"pn":"Områdeplan for Kambo","pd":"2016-11-14","fo":1,"c":173}},{"type":"Feature","geometry":{"type":"Polygon","coordinates":[[[10.69131,59.47795],[10.69139,59.47785],[10.69133,59.4777],[10.69104,59.47749],[10.69103,59.47756],[10.69112,59.4776],[10.69101,59.47765],[10.69098,59.47774],[10.6912,59.4779],[10.69131,59.47786],[10.69126,59.47793],[10.69131,59.47795]]]},"properties":{"a":565,"v":573,"dh":1.01,"pl":1,"pn":"Områdeplan for Kambo","pd":"2016-11-14","c":182}},{"type":"Feature","geometry":{"type":"Polygon","coordinates":[[[10.68804,59.47988],[10.68807,59.47979],[10.68803,59.47973],[10.68785,59.47971],[10.68784,59.47958],[10.68774,59.47963],[10.68782,59.47978],[10.68775,59.47979],[10.68772,59.47987],[10.68804,59.47988]]]},"properties":{"a":328,"v":717,"dh":2.19,"pl":1,"pn":"Områdeplan for Kambo","pd":"2016-11-14","c":182}},{"type":"Feature","geometry":{"type":"Polygon","coordinates":[[[10.68959,59.48062],[10.69026,59.48055],[10.69101,59.48033],[10.6909,59.48026],[10.69084,59.48009],[10.69018,59.47996],[10.69008,59.4799],[10.68994,59.4799],[10.68938,59.47967],[10.68926,59.47967],[10.68856,59.47946],[10.6884,59.47948],[10.68813,59.47937],[10.68815,59.47943],[10.6887,59.47975],[10.6888,59.47988],[10.68876,59.47997],[10.68885,59.47998],[10.68886,59.48004],[10.68875,59.47998],[10.68873,59.48005],[10.68888,59.48013],[10.68886,59.4802],[10.68892,59.48026],[10.68908,59.48026],[10.68916,59.4802],[10.68908,59.47985],[10.68926,59.47992],[10.6893,59.48001],[10.68924,59.48003],[10.68953,59.4801],[10.68961,59.48031],[10.68968,59.48033],[10.68975,59.48028],[10.68981,59.48036],[10.68978,59.48048],[10.68962,59.4805],[10.6897,59.48059],[10.68959,59.48062]],[[10.68985,59.48057],[10.68987,59.48053],[10.6899,59.48053],[10.68985,59.48057]],[[10.68992,59.48046],[10.68995,59.48046],[10.68994,59.48048],[10.68992,59.48046]],[[10.68995,59.48045],[10.68994,59.48044],[10.68995,59.48043],[10.68995,59.48045]],[[10.69059,59.48037],[10.69037,59.48039],[10.69039,59.48029],[10.6906,59.48031],[10.69059,59.48037]],[[10.69025,59.48033],[10.69026,59.48032],[10.69027,59.48033],[10.69025,59.48033]],[[10.69074,59.48031],[10.69056,59.48021],[10.69054,59.48018],[10.6907,59.48024],[10.69074,59.48031]],[[10.68911,59.4801],[10.68905,59.48009],[10.68903,59.48005],[10.68911,59.4801]]]},"properties":{"a":7153,"v":23558,"dh":3.29,"pl":1,"pn":"Områdeplan for Kambo","pd":"2016-11-14","c":182}},{"type":"Feature","geometry":{"type":"Polygon","coordinates":[[[10.69079,59.48054],[10.69082,59.48048],[10.69089,59.48048],[10.69085,59.48042],[10.69061,59.48049],[10.69079,59.48054]]]},"properties":{"a":113,"v":126,"dh":1.12,"pl":1,"pn":"Områdeplan for Kambo","pd":"2016-11-14","fo":1,"c":182}},{"type":"Feature","geometry":{"type":"Polygon","coordinates":[[[10.68859,59.48082],[10.68822,59.48065],[10.68818,59.48063],[10.68821,59.48057],[10.68809,59.48058],[10.68807,59.48064],[10.68826,59.48075],[10.68819,59.48084],[10.68821,59.48089],[10.68831,59.48081],[10.68854,59.4808],[10.68853,59.48085],[10.68859,59.48082]]]},"properties":{"a":333,"v":-293,"dh":0.88,"pl":2,"pn":"SJØHAGEN BRYGGE BAH1 OG DEL AV BAH2","pd":"2021-07-07","sh":1,"c":183}},{"type":"Feature","geometry":{"type":"Polygon","coordinates":[[[10.68942,59.48076],[10.68938,59.4807],[10.68923,59.48072],[10.68932,59.48085],[10.68941,59.48082],[10.68942,59.48076]]]},"properties":{"a":124,"v":139,"dh":1.12,"pl":1,"pn":"Områdeplan for Kambo","pd":"2016-11-14","c":182}},{"type":"Feature","geometry":{"type":"MultiPolygon","coordinates":[[[[10.69074,59.48074],[10.69073,59.48075],[10.69075,59.48075],[10.69074,59.48074]]],[[[10.69076,59.48076],[10.69095,59.48086],[10.69091,59.48092],[10.69109,59.48091],[10.69123,59.48099],[10.69127,59.48104],[10.69117,59.48108],[10.69119,59.48117],[10.69156,59.48109],[10.69182,59.48097],[10.69167,59.48096],[10.69167,59.48091],[10.69158,59.48091],[10.69133,59.4808],[10.69135,59.48078],[10.69101,59.4808],[10.69099,59.48076],[10.69076,59.48076]]]]},"properties":{"a":1150,"v":1306,"dh":1.14,"pl":1,"pn":"Områdeplan for Kambo","pd":"2016-11-14","c":182}},{"type":"Feature","geometry":{"type":"Polygon","coordinates":[[[10.69073,59.48108],[10.6907,59.481],[10.69063,59.48096],[10.69074,59.48095],[10.69073,59.48086],[10.69046,59.48097],[10.69048,59.48106],[10.69053,59.48106],[10.69053,59.481],[10.69064,59.48108],[10.69073,59.48108]]]},"properties":{"a":196,"v":288,"dh":1.47,"pl":1,"pn":"Områdeplan for Kambo","pd":"2016-11-14","c":182}},{"type":"Feature","geometry":{"type":"Polygon","coordinates":[[[10.692,59.4814],[10.69225,59.4812],[10.69235,59.48107],[10.69233,59.48098],[10.69246,59.48087],[10.69232,59.48086],[10.69198,59.48099],[10.69207,59.48105],[10.69206,59.48121],[10.69195,59.48125],[10.69197,59.48132],[10.69189,59.48132],[10.69187,59.48135],[10.69199,59.48134],[10.69194,59.48139],[10.692,59.4814]]]},"properties":{"a":733,"v":921,"dh":1.26,"pl":1,"pn":"Områdeplan for Kambo","pd":"2016-11-14","c":182}},{"type":"Feature","geometry":{"type":"Polygon","coordinates":[[[10.69005,59.48171],[10.6901,59.48164],[10.69033,59.48162],[10.69036,59.48159],[10.69032,59.48153],[10.69045,59.4815],[10.69018,59.48151],[10.68999,59.48145],[10.68937,59.48114],[10.68935,59.48111],[10.68947,59.48105],[10.68942,59.48101],[10.68913,59.48098],[10.68892,59.48103],[10.68854,59.48086],[10.68846,59.48086],[10.6882,59.48103],[10.68811,59.48098],[10.68792,59.48107],[10.68799,59.48114],[10.68818,59.48107],[10.68829,59.48112],[10.6883,59.48119],[10.68823,59.48126],[10.68804,59.48136],[10.68844,59.48159],[10.68849,59.48155],[10.68838,59.48151],[10.68862,59.48142],[10.68874,59.48132],[10.68885,59.48135],[10.6892,59.48123],[10.68927,59.48131],[10.6892,59.48137],[10.68942,59.48142],[10.68943,59.4816],[10.68973,59.48161],[10.68975,59.48168],[10.69005,59.48171]]]},"properties":{"a":5048,"v":-12838,"dh":2.54,"pl":1,"pn":"Sjøhagen Brygge","pd":"2018-12-18","c":183}},{"type":"Feature","geometry":{"type":"Polygon","coordinates":[[[10.69153,59.48131],[10.69166,59.48132],[10.69176,59.48123],[10.69153,59.48123],[10.69153,59.48131]]]},"properties":{"a":100,"v":87,"dh":0.87,"pl":1,"pn":"Sjøhagen Brygge","pd":"2018-12-18","sh":1,"c":183}},{"type":"Feature","geometry":{"type":"Polygon","coordinates":[[[10.69124,59.48142],[10.69131,59.48136],[10.69147,59.48138],[10.69149,59.48126],[10.69123,59.48132],[10.69115,59.48138],[10.69124,59.48142]]]},"properties":{"a":172,"v":144,"dh":0.84,"pl":1,"pn":"Sjøhagen Brygge","pd":"2018-12-18","sh":1,"c":183}},{"type":"Feature","geometry":{"type":"Polygon","coordinates":[[[10.69354,59.48049],[10.69332,59.48042],[10.69303,59.48045],[10.69306,59.48048],[10.69354,59.48049]]]},"properties":{"a":101,"v":-109,"dh":1.07,"pl":1,"pn":"KULPEÅSEN ØST","pd":"2005-09-20","fo":1,"c":184}},{"type":"Feature","geometry":{"type":"Polygon","coordinates":[[[10.69351,59.48069],[10.69356,59.48061],[10.69349,59.48059],[10.6933,59.4806],[10.6932,59.48066],[10.69323,59.48073],[10.6933,59.48071],[10.69332,59.48063],[10.69346,59.48064],[10.69351,59.48069]]]},"properties":{"a":153,"v":149,"dh":0.97,"pl":1,"pn":"KULPEÅSEN ØST","pd":"2005-09-20","sh":1,"c":185}},{"type":"Feature","geometry":{"type":"Polygon","coordinates":[[[10.69414,59.48076],[10.69377,59.48043],[10.69366,59.4804],[10.69354,59.48044],[10.69359,59.48047],[10.69354,59.48052],[10.69358,59.48059],[10.69388,59.48069],[10.69391,59.48074],[10.69405,59.4808],[10.69404,59.48087],[10.6939,59.48091],[10.69408,59.48098],[10.69413,59.48094],[10.69409,59.48081],[10.69414,59.4808],[10.69414,59.48076]]]},"properties":{"a":766,"v":1274,"dh":1.66,"pl":1,"pn":"KULPEÅSEN ØST","pd":"2005-09-20","fo":1,"c":184}},{"type":"Feature","geometry":{"type":"Polygon","coordinates":[[[10.69359,59.48089],[10.69388,59.48094],[10.69374,59.48087],[10.69336,59.48079],[10.6934,59.48089],[10.69359,59.48089]]]},"properties":{"a":236,"v":-340,"dh":1.44,"pl":1,"pn":"KULPEÅSEN ØST","pd":"2005-09-20","fo":1,"c":184}},{"type":"Feature","geometry":{"type":"Polygon","coordinates":[[[10.69593,59.48103],[10.69602,59.48096],[10.69591,59.48094],[10.69589,59.48083],[10.69578,59.48081],[10.69588,59.48074],[10.6956,59.48074],[10.69559,59.48079],[10.69562,59.4808],[10.69553,59.48082],[10.69554,59.48086],[10.69541,59.48079],[10.69548,59.4809],[10.69557,59.48094],[10.69561,59.48101],[10.69568,59.48102],[10.69574,59.48111],[10.69583,59.48109],[10.69576,59.48104],[10.69595,59.48109],[10.69593,59.48103]],[[10.69595,59.48101],[10.69593,59.481],[10.69595,59.481],[10.69595,59.48101]],[[10.69568,59.48101],[10.69565,59.48096],[10.69568,59.48096],[10.69568,59.48101]]]},"properties":{"a":711,"v":679,"dh":0.96,"pl":1,"pn":"Dobbeltspor Akershus grense - Møllebakken, ParkeringsanleggKambo","pd":"1990-12-30","c":174}},{"type":"Feature","geometry":{"type":"Polygon","coordinates":[[[10.69432,59.48154],[10.69429,59.48142],[10.6942,59.48137],[10.69421,59.48122],[10.69414,59.48119],[10.6941,59.48108],[10.69397,59.48098],[10.69383,59.48102],[10.69398,59.48116],[10.69395,59.48126],[10.69415,59.48136],[10.6941,59.48142],[10.69414,59.48151],[10.69432,59.48154]]]},"properties":{"a":586,"v":779,"dh":1.33,"pl":1,"pn":"Kulpeåsen Detaljregulering Felt B8 (Boliger)","pd":"2012-06-18","c":186}},{"type":"Feature","geometry":{"type":"Polygon","coordinates":[[[10.69226,59.48243],[10.69233,59.48242],[10.69236,59.48233],[10.69255,59.48218],[10.69262,59.48218],[10.69262,59.48224],[10.69269,59.48223],[10.69275,59.4821],[10.69298,59.48192],[10.69297,59.48178],[10.69306,59.48178],[10.69307,59.48172],[10.69318,59.48169],[10.69295,59.48172],[10.69291,59.48167],[10.69299,59.48149],[10.69322,59.48124],[10.69326,59.48117],[10.69322,59.48114],[10.69282,59.48127],[10.69255,59.48153],[10.69247,59.48144],[10.69251,59.48139],[10.69263,59.48137],[10.69285,59.48117],[10.693,59.48096],[10.69298,59.48091],[10.69282,59.48093],[10.6924,59.48127],[10.69238,59.48133],[10.69221,59.48142],[10.69219,59.48172],[10.69242,59.48179],[10.69244,59.48176],[10.69235,59.48173],[10.69251,59.4817],[10.69251,59.48177],[10.69246,59.48177],[10.69244,59.48186],[10.69228,59.48183],[10.69212,59.48212],[10.69212,59.48219],[10.69218,59.48222],[10.69219,59.48237],[10.69226,59.48243]],[[10.6927,59.48211],[10.69247,59.48213],[10.69247,59.48196],[10.69268,59.48194],[10.69271,59.48191],[10.69266,59.48189],[10.69285,59.48181],[10.69287,59.48184],[10.69278,59.48187],[10.6928,59.48193],[10.6927,59.48211]],[[10.69246,59.48193],[10.69248,59.48192],[10.69248,59.48193],[10.69246,59.48193]]]},"properties":{"a":4668,"v":8032,"dh":1.72,"pl":1,"pn":"Sjøhagen C4","pd":"2013-02-28","c":187}},{"type":"Feature","geometry":{"type":"Polygon","coordinates":[[[10.69416,59.48237],[10.69434,59.48233],[10.69428,59.48226],[10.69429,59.48217],[10.69422,59.48208],[10.69411,59.48204],[10.6941,59.48191],[10.69398,59.48178],[10.69397,59.4817],[10.69408,59.4817],[10.69406,59.48164],[10.69384,59.48161],[10.69374,59.48177],[10.6938,59.4818],[10.69375,59.48183],[10.6938,59.48189],[10.69406,59.48198],[10.69408,59.4821],[10.69397,59.48213],[10.69398,59.48216],[10.69387,59.48215],[10.69386,59.48223],[10.69408,59.48217],[10.69416,59.48232],[10.69405,59.48228],[10.69389,59.48229],[10.69395,59.48236],[10.69416,59.48237]]]},"properties":{"a":1061,"v":-1371,"dh":1.29,"pl":1,"pn":"Kulpeåsen B7","pd":"2014-10-20","c":188}},{"type":"Feature","geometry":{"type":"Polygon","coordinates":[[[10.69458,59.48232],[10.69465,59.48228],[10.69456,59.48214],[10.69461,59.48212],[10.69461,59.48206],[10.69468,59.48206],[10.69461,59.48186],[10.69447,59.48175],[10.69445,59.4818],[10.69456,59.48187],[10.6946,59.48196],[10.69461,59.48205],[10.69455,59.48205],[10.69455,59.48196],[10.69446,59.4819],[10.69445,59.48182],[10.6942,59.48176],[10.69417,59.48185],[10.69423,59.48189],[10.69429,59.48214],[10.69441,59.48226],[10.69458,59.48232]]]},"properties":{"a":992,"v":1252,"dh":1.26,"pl":1,"pn":"Kulpeåsen B7","pd":"2014-10-20","c":188}},{"type":"Feature","geometry":{"type":"Polygon","coordinates":[[[10.69621,59.48267],[10.69626,59.48257],[10.69588,59.48217],[10.69559,59.48197],[10.6955,59.48183],[10.69535,59.48179],[10.69522,59.48169],[10.69512,59.48166],[10.69501,59.48171],[10.69513,59.48193],[10.69526,59.48199],[10.69545,59.48226],[10.69577,59.48232],[10.69583,59.48242],[10.69595,59.48247],[10.69587,59.48255],[10.69606,59.48254],[10.6961,59.48265],[10.69621,59.48267]]]},"properties":{"a":2118,"v":3134,"dh":1.48,"pl":1,"pn":"KULPEÅSEN ØST","pd":"2005-09-20","c":188}},{"type":"Feature","geometry":{"type":"Polygon","coordinates":[[[10.6893,59.48188],[10.68933,59.48174],[10.68938,59.48171],[10.68938,59.48163],[10.68928,59.48153],[10.6892,59.48162],[10.68915,59.4816],[10.68903,59.48166],[10.68917,59.48174],[10.68921,59.48187],[10.6893,59.48188]],[[10.68913,59.48163],[10.68916,59.48163],[10.68915,59.48165],[10.68913,59.48163]]]},"properties":{"a":358,"v":468,"dh":1.31,"pl":1,"pn":"Sjøhagen Brygge","pd":"2018-12-18","c":183}},{"type":"Feature","geometry":{"type":"Polygon","coordinates":[[[10.68944,59.4819],[10.68949,59.48185],[10.68955,59.48189],[10.68964,59.48187],[10.6897,59.48181],[10.6897,59.48171],[10.68959,59.48171],[10.68954,59.48173],[10.68954,59.4818],[10.68946,59.48179],[10.68935,59.48188],[10.68944,59.4819]]]},"properties":{"a":219,"v":-256,"dh":1.17,"pl":1,"pn":"Sjøhagen Brygge","pd":"2018-12-18","c":183}},{"type":"Feature","geometry":{"type":"MultiPolygon","coordinates":[[[[10.69062,59.48215],[10.69088,59.48205],[10.69068,59.48227],[10.69044,59.48233],[10.69041,59.48245],[10.69053,59.48247],[10.69047,59.4826],[10.6908,59.48245],[10.69084,59.48239],[10.69081,59.48234],[10.69094,59.48217],[10.69156,59.48186],[10.69173,59.48169],[10.6919,59.48161],[10.69193,59.48154],[10.69158,59.48164],[10.69167,59.48156],[10.69163,59.48144],[10.69157,59.48144],[10.69128,59.48159],[10.69109,59.48162],[10.69074,59.48177],[10.69067,59.48172],[10.69076,59.48173],[10.69079,59.48165],[10.69069,59.48166],[10.69066,59.48158],[10.69024,59.48167],[10.69034,59.48189],[10.69042,59.48196],[10.69042,59.48208],[10.69062,59.48209],[10.69062,59.48215]],[[10.69158,59.48164],[10.69157,59.48164],[10.69157,59.48164],[10.69158,59.48164]],[[10.69044,59.48241],[10.69047,59.48239],[10.69048,59.48241],[10.69044,59.48241]]],[[[10.69064,59.48216],[10.69061,59.48219],[10.69064,59.48219],[10.69064,59.48216]]]]},"properties":{"a":4410,"v":-7760,"dh":1.76,"pl":1,"pn":"Sjøhagen Brygge","pd":"2018-12-18","c":183}},{"type":"Feature","geometry":{"type":"Polygon","coordinates":[[[10.69019,59.48235],[10.69023,59.48214],[10.69012,59.48202],[10.69014,59.48197],[10.69004,59.48183],[10.69001,59.48196],[10.69007,59.48201],[10.69008,59.48232],[10.69019,59.48235]]]},"properties":{"a":360,"v":-662,"dh":1.84,"pl":1,"pn":"Sjøhagen Brygge","pd":"2018-12-18","c":183}},{"type":"Feature","geometry":{"type":"Polygon","coordinates":[[[10.69003,59.48266],[10.69027,59.48259],[10.6903,59.48246],[10.69016,59.48242],[10.69016,59.48238],[10.68994,59.4824],[10.68986,59.48252],[10.68987,59.48259],[10.69003,59.48266]]]},"properties":{"a":542,"v":913,"dh":1.68,"pl":1,"pn":"Sjøhagen Brygge","pd":"2018-12-18","fo":1,"c":183}},{"type":"Feature","geometry":{"type":"Polygon","coordinates":[[[10.69239,59.4833],[10.69267,59.4833],[10.69271,59.48322],[10.69251,59.48324],[10.69247,59.48314],[10.6923,59.48317],[10.69239,59.4833]]]},"properties":{"a":254,"v":-312,"dh":1.23,"pl":1,"pn":"KAMBO, KULPE, KULPEÅSEN, DRAGKISTEÅSEN","pd":"2000-03-27","c":188}},{"type":"Feature","geometry":{"type":"Polygon","coordinates":[[[10.69191,59.48398],[10.69193,59.4839],[10.69216,59.48391],[10.69236,59.48381],[10.69208,59.48373],[10.6919,59.48379],[10.6919,59.48373],[10.69185,59.48372],[10.69185,59.48386],[10.69203,59.48382],[10.69207,59.48386],[10.69191,59.48386],[10.6918,59.48391],[10.69191,59.48398]]]},"properties":{"a":384,"v":440,"dh":1.15,"pl":1,"pn":"KAMBO, KULPE, KULPEÅSEN, DRAGKISTEÅSEN","pd":"2000-03-27","c":188}},{"type":"Feature","geometry":{"type":"Polygon","coordinates":[[[10.69233,59.48426],[10.69228,59.48422],[10.69229,59.48412],[10.69246,59.48401],[10.69259,59.48402],[10.69255,59.48396],[10.69232,59.484],[10.69215,59.48412],[10.69215,59.4842],[10.69233,59.48426]]]},"properties":{"a":257,"v":386,"dh":1.5,"pl":1,"pn":"KAMBO, KULPE, KULPEÅSEN, DRAGKISTEÅSEN","pd":"2000-03-27","c":188}},{"type":"Feature","geometry":{"type":"MultiPolygon","coordinates":[[[[10.69135,59.48411],[10.69134,59.4841],[10.69134,59.48411],[10.69135,59.48411]]],[[[10.69132,59.48412],[10.6908,59.48437],[10.69094,59.48438],[10.69073,59.48442],[10.69102,59.48449],[10.6913,59.48437],[10.69153,59.48438],[10.69159,59.48428],[10.69159,59.48417],[10.69174,59.48409],[10.6917,59.48405],[10.69177,59.48402],[10.69144,59.48413],[10.69132,59.48412]],[[10.69099,59.48432],[10.69103,59.48434],[10.691,59.48434],[10.69099,59.48432]]]]},"properties":{"a":1231,"v":2253,"dh":1.83,"pl":1,"pn":"KAMBO, KULPE, KULPEÅSEN, DRAGKISTEÅSEN","pd":"2000-03-27","c":188}},{"type":"Feature","geometry":{"type":"Polygon","coordinates":[[[10.69571,59.48264],[10.69569,59.48258],[10.69574,59.48252],[10.69588,59.48247],[10.69576,59.48243],[10.69572,59.4824],[10.69575,59.48234],[10.69552,59.48232],[10.69553,59.48244],[10.69566,59.48257],[10.69559,59.48261],[10.69506,59.48191],[10.6949,59.48196],[10.69495,59.48214],[10.6952,59.48235],[10.69523,59.48243],[10.69533,59.48249],[10.69545,59.48266],[10.69572,59.48281],[10.69586,59.48278],[10.69595,59.48271],[10.69591,59.48267],[10.69572,59.48272],[10.69566,59.48264],[10.69571,59.48264]],[[10.69566,59.48264],[10.69564,59.48262],[10.69566,59.48262],[10.69566,59.48264]]]},"properties":{"a":1586,"v":-2890,"dh":1.82,"pl":1,"pn":"KULPEÅSEN ØST","pd":"2005-09-20","c":188}},{"type":"Feature","geometry":{"type":"Polygon","coordinates":[[[10.69422,59.48315],[10.69402,59.483],[10.69393,59.48302],[10.69399,59.48314],[10.69413,59.4831],[10.69422,59.48315]]]},"properties":{"a":122,"v":136,"dh":1.11,"pl":1,"pn":"KAMBO, KULPE, KULPEÅSEN, DRAGKISTEÅSEN","pd":"2000-03-27","c":188}},{"type":"Feature","geometry":{"type":"Polygon","coordinates":[[[10.69367,59.48316],[10.6939,59.48305],[10.69388,59.48302],[10.69354,59.48303],[10.69353,59.48315],[10.69367,59.48316]]]},"properties":{"a":233,"v":-420,"dh":1.8,"pl":1,"pn":"KAMBO, KULPE, KULPEÅSEN, DRAGKISTEÅSEN","pd":"2000-03-27","c":188}},{"type":"Feature","geometry":{"type":"Polygon","coordinates":[[[10.69428,59.48336],[10.69428,59.48328],[10.69417,59.48317],[10.69401,59.4832],[10.69414,59.48333],[10.69428,59.48336]]]},"properties":{"a":161,"v":-217,"dh":1.35,"pl":1,"pn":"KAMBO, KULPE, KULPEÅSEN, DRAGKISTEÅSEN","pd":"2000-03-27","c":188}},{"type":"Feature","geometry":{"type":"Polygon","coordinates":[[[10.69434,59.48339],[10.69448,59.48333],[10.69437,59.48322],[10.69424,59.48318],[10.69433,59.48327],[10.69434,59.48339]]]},"properties":{"a":124,"v":127,"dh":1.02,"pl":1,"pn":"KAMBO, KULPE, KULPEÅSEN, DRAGKISTEÅSEN","pd":"2000-03-27","c":188}},{"type":"Feature","geometry":{"type":"Polygon","coordinates":[[[10.6959,59.4839],[10.6959,59.48382],[10.69595,59.4838],[10.69586,59.48379],[10.69583,59.48364],[10.69554,59.48351],[10.69538,59.48349],[10.69552,59.48338],[10.69556,59.48344],[10.69575,59.48345],[10.6957,59.48349],[10.69572,59.48354],[10.69583,59.48357],[10.69574,59.48314],[10.69532,59.48288],[10.69512,59.48286],[10.69515,59.48302],[10.69508,59.48306],[10.69503,59.4832],[10.69489,59.48323],[10.69492,59.48332],[10.69511,59.48337],[10.69517,59.4835],[10.6953,59.48355],[10.69514,59.48359],[10.69536,59.48372],[10.69535,59.48376],[10.69545,59.48379],[10.6955,59.48371],[10.69561,59.48374],[10.69555,59.48365],[10.69567,59.48363],[10.69571,59.48373],[10.6958,59.48375],[10.69568,59.4838],[10.6957,59.48384],[10.6959,59.4839]],[[10.69547,59.48334],[10.69543,59.48327],[10.69545,59.48312],[10.6956,59.48311],[10.69559,59.48331],[10.69547,59.48334]]]},"properties":{"a":2920,"v":4469,"dh":1.53,"pl":1,"pn":"Kambo - Kulpeåsen (Sjøhagen B6)","pd":"2013-12-09","c":188}},{"type":"Feature","geometry":{"type":"Polygon","coordinates":[[[10.69405,59.48397],[10.69406,59.48393],[10.69399,59.48389],[10.69408,59.48388],[10.69409,59.48379],[10.69393,59.48372],[10.69361,59.4837],[10.69367,59.48387],[10.6939,59.48382],[10.69396,59.48394],[10.69405,59.48397]]]},"properties":{"a":392,"v":524,"dh":1.34,"pl":1,"pn":"KAMBO, KULPE, KULPEÅSEN, DRAGKISTEÅSEN","pd":"2000-03-27","c":188}},{"type":"Feature","geometry":{"type":"Polygon","coordinates":[[[10.69438,59.48414],[10.69432,59.48405],[10.69414,59.48399],[10.69389,59.48405],[10.69397,59.48411],[10.69415,59.48413],[10.69421,59.48406],[10.69438,59.48414]]]},"properties":{"a":231,"v":254,"dh":1.1,"pl":1,"pn":"KAMBO, KULPE, KULPEÅSEN, DRAGKISTEÅSEN","pd":"2000-03-27","c":188}},{"type":"Feature","geometry":{"type":"Polygon","coordinates":[[[10.6959,59.48456],[10.69591,59.48435],[10.69601,59.48434],[10.6959,59.48393],[10.69563,59.48383],[10.6954,59.48387],[10.69526,59.48382],[10.6951,59.48375],[10.69513,59.4837],[10.69508,59.48368],[10.6951,59.48384],[10.69526,59.48385],[10.69535,59.48395],[10.69538,59.48407],[10.69527,59.48409],[10.69542,59.48412],[10.69546,59.4842],[10.69537,59.48431],[10.69557,59.48431],[10.69564,59.48438],[10.69564,59.48441],[10.69555,59.48441],[10.69554,59.48449],[10.6959,59.48456]],[[10.69587,59.48402],[10.69585,59.48399],[10.69591,59.484],[10.69587,59.48402]]]},"properties":{"a":2217,"v":-5468,"dh":2.47,"pl":1,"pn":"Kambo - Kulpeåsen (Sjøhagen B6)","pd":"2013-12-09","c":188}},{"type":"Feature","geometry":{"type":"Polygon","coordinates":[[[10.69242,59.48432],[10.6927,59.48424],[10.69281,59.48418],[10.69275,59.48413],[10.69243,59.48411],[10.69242,59.48417],[10.69231,59.4842],[10.69242,59.48432]]]},"properties":{"a":388,"v":-839,"dh":2.16,"pl":1,"pn":"KAMBO, KULPE, KULPEÅSEN, DRAGKISTEÅSEN","pd":"2000-03-27","c":188}},{"type":"Feature","geometry":{"type":"Polygon","coordinates":[[[10.72268,59.47091],[10.72276,59.47087],[10.72276,59.47082],[10.7226,59.4708],[10.72261,59.47088],[10.72268,59.47091]]]},"properties":{"a":105,"v":162,"dh":1.55,"pl":0,"fo":1,"c":189}},{"type":"Feature","geometry":{"type":"Polygon","coordinates":[[[10.71785,59.47484],[10.71775,59.47474],[10.71763,59.47468],[10.71767,59.47482],[10.71785,59.47484]]]},"properties":{"a":113,"v":143,"dh":1.26,"pl":0,"fo":1,"c":190}},{"type":"Feature","geometry":{"type":"Polygon","coordinates":[[[10.71289,59.47587],[10.71306,59.47586],[10.71306,59.4758],[10.71295,59.47566],[10.71286,59.47566],[10.71289,59.47587]]]},"properties":{"a":198,"v":322,"dh":1.62,"pl":0,"fo":1,"c":191}},{"type":"Feature","geometry":{"type":"Polygon","coordinates":[[[10.76894,59.47261],[10.76903,59.47258],[10.76904,59.47252],[10.7689,59.47247],[10.76884,59.47257],[10.76894,59.47261]]]},"properties":{"a":127,"v":194,"dh":1.53,"pl":0,"fo":1,"c":192}},{"type":"Feature","geometry":{"type":"Polygon","coordinates":[[[10.77775,59.47419],[10.77779,59.4741],[10.77795,59.4741],[10.77814,59.47404],[10.77772,59.47404],[10.77755,59.4741],[10.77766,59.47419],[10.77775,59.47419]]]},"properties":{"a":255,"v":250,"dh":0.98,"pl":0,"sh":1,"c":193}},{"type":"Feature","geometry":{"type":"Polygon","coordinates":[[[10.76034,59.47545],[10.76033,59.47533],[10.76025,59.47521],[10.7603,59.47512],[10.76023,59.47503],[10.76025,59.47511],[10.7602,59.47521],[10.76025,59.47526],[10.7603,59.47546],[10.76034,59.47545]]]},"properties":{"a":133,"v":-174,"dh":1.31,"pl":0,"sl":1,"c":194}},{"type":"Feature","geometry":{"type":"Polygon","coordinates":[[[10.7485,59.47642],[10.74867,59.47627],[10.7488,59.47627],[10.74878,59.47621],[10.7489,59.47613],[10.74862,59.47622],[10.74866,59.47627],[10.74857,59.47632],[10.74848,59.47632],[10.74845,59.47638],[10.7485,59.47642]]]},"properties":{"a":162,"v":-165,"dh":1.02,"pl":0,"fo":1,"c":195}},{"type":"Feature","geometry":{"type":"MultiPolygon","coordinates":[[[[10.77754,59.47796],[10.77748,59.47793],[10.77753,59.47788],[10.77751,59.47776],[10.77763,59.47772],[10.7773,59.4778],[10.77731,59.47796],[10.77754,59.47796]]],[[[10.77756,59.47797],[10.77759,59.47799],[10.77764,59.47797],[10.77756,59.47797]]]]},"properties":{"a":288,"v":282,"dh":0.98,"pl":0,"sh":1,"c":196}},{"type":"Feature","geometry":{"type":"Polygon","coordinates":[[[10.77226,59.48136],[10.77231,59.48128],[10.77222,59.48127],[10.77225,59.48121],[10.77215,59.4812],[10.77211,59.48112],[10.77205,59.48112],[10.77208,59.4812],[10.77215,59.48121],[10.77212,59.48128],[10.77226,59.48136]]]},"properties":{"a":146,"v":-217,"dh":1.48,"pl":0,"fo":1,"c":197}},{"type":"Feature","geometry":{"type":"Polygon","coordinates":[[[10.7732,59.48305],[10.77319,59.48284],[10.77309,59.48276],[10.77301,59.48276],[10.77314,59.48293],[10.77314,59.48305],[10.7732,59.48305]]]},"properties":{"a":135,"v":-184,"dh":1.36,"pl":0,"sl":1,"c":198}},{"type":"Feature","geometry":{"type":"Polygon","coordinates":[[[10.77379,59.48535],[10.77395,59.4853],[10.77394,59.48517],[10.77382,59.48524],[10.77379,59.48535]]]},"properties":{"a":108,"v":-206,"dh":1.9,"pl":0,"sl":1,"c":199}},{"type":"Feature","geometry":{"type":"MultiPolygon","coordinates":[[[[10.77793,59.48608],[10.778,59.48606],[10.77795,59.48604],[10.77793,59.48608]]],[[[10.77793,59.48608],[10.77782,59.48628],[10.77782,59.4864],[10.77808,59.4865],[10.77816,59.48643],[10.77816,59.48635],[10.77799,59.48625],[10.77797,59.48613],[10.77793,59.48608]]]]},"properties":{"a":513,"v":716,"dh":1.4,"pl":0,"c":200}},{"type":"Feature","geometry":{"type":"Polygon","coordinates":[[[10.78019,59.48905],[10.78024,59.48901],[10.78018,59.48889],[10.78,59.48885],[10.77999,59.48891],[10.78006,59.48901],[10.78019,59.48905]]]},"properties":{"a":208,"v":354,"dh":1.7,"pl":0,"fo":1,"c":201}},{"type":"Feature","geometry":{"type":"MultiPolygon","coordinates":[[[[10.76016,59.49476],[10.7601,59.49472],[10.76009,59.49481],[10.75993,59.49484],[10.76013,59.49493],[10.76013,59.49486],[10.76007,59.49485],[10.76016,59.49476]]],[[[10.76013,59.49484],[10.7602,59.49482],[10.76013,59.49483],[10.76013,59.49484]]]]},"properties":{"a":118,"v":-108,"dh":0.92,"pl":0,"sh":1,"c":202}},{"type":"Feature","geometry":{"type":"Polygon","coordinates":[[[10.69695,59.48085],[10.69711,59.48084],[10.69703,59.48073],[10.69692,59.48072],[10.69695,59.48085]]]},"properties":{"a":114,"v":174,"dh":1.53,"pl":0,"c":203}},{"type":"Feature","geometry":{"type":"Polygon","coordinates":[[[10.6976,59.48214],[10.69802,59.48208],[10.69809,59.48205],[10.69779,59.48184],[10.69739,59.48189],[10.6976,59.48214]]]},"properties":{"a":815,"v":793,"dh":0.97,"pl":0,"c":204}},{"type":"Feature","geometry":{"type":"MultiPolygon","coordinates":[[[[10.69929,59.48206],[10.69927,59.48207],[10.69929,59.48207],[10.69929,59.48206]]],[[[10.69939,59.48211],[10.69922,59.48211],[10.69924,59.4822],[10.69936,59.4822],[10.69939,59.48211]]]]},"properties":{"a":107,"v":183,"dh":1.71,"pl":0,"fo":1,"c":205}},{"type":"Feature","geometry":{"type":"MultiPolygon","coordinates":[[[[10.69653,59.48458],[10.69676,59.48456],[10.69682,59.4847],[10.69695,59.48468],[10.69672,59.48434],[10.69641,59.48414],[10.6963,59.48414],[10.69636,59.48436],[10.69649,59.48442],[10.69651,59.48449],[10.69664,59.48452],[10.69653,59.48454],[10.69653,59.48458]]],[[[10.69652,59.48458],[10.69653,59.48459],[10.69653,59.48458],[10.69652,59.48458]]]]},"properties":{"a":799,"v":1357,"dh":1.7,"pl":1,"pn":"KULPEÅSEN ØST","pd":"2005-09-20","c":188}},{"type":"Feature","geometry":{"type":"Polygon","coordinates":[[[10.69797,59.4847],[10.69802,59.48466],[10.69806,59.48445],[10.69818,59.48438],[10.69814,59.48428],[10.69811,59.48428],[10.69813,59.48435],[10.69809,59.48435],[10.69809,59.48429],[10.69795,59.4843],[10.69797,59.48436],[10.69783,59.4847],[10.69797,59.4847]]]},"properties":{"a":428,"v":-801,"dh":1.87,"pl":1,"pn":"KAMBO OMRÅDET VED KAMBO STASJON (BOLIGOMRÅDE)","pd":"1981-08-21","c":206}},{"type":"Feature","geometry":{"type":"Polygon","coordinates":[[[10.7002,59.48484],[10.69991,59.4846],[10.69984,59.48461],[10.69999,59.48476],[10.7002,59.48484]]]},"properties":{"a":101,"v":-207,"dh":2.05,"pl":1,"pn":"Dobbeltspor Akershus grense - Møllebakken, ParkeringsanleggKambo","pd":"1990-12-30","sl":1,"c":174}},{"type":"Feature","geometry":{"type":"Polygon","coordinates":[[[10.69678,59.48528],[10.6968,59.48521],[10.69688,59.48519],[10.69681,59.48506],[10.69673,59.48505],[10.69682,59.48496],[10.69678,59.48489],[10.69669,59.48488],[10.69665,59.4848],[10.69668,59.48474],[10.69649,59.48475],[10.69649,59.48482],[10.69646,59.48482],[10.69642,59.48475],[10.69614,59.48473],[10.69609,59.48482],[10.69623,59.48484],[10.69623,59.48492],[10.6965,59.48497],[10.69652,59.48507],[10.69666,59.48503],[10.69668,59.48506],[10.69661,59.48509],[10.69667,59.48513],[10.69657,59.48522],[10.69678,59.48528]]]},"properties":{"a":1124,"v":-1740,"dh":1.55,"pl":1,"pn":"KULPEÅSEN ØST","pd":"2005-09-20","c":188}},{"type":"Feature","geometry":{"type":"Polygon","coordinates":[[[10.69708,59.48517],[10.69709,59.485],[10.69691,59.485],[10.69692,59.48517],[10.69708,59.48517]]]},"properties":{"a":200,"v":280,"dh":1.4,"pl":1,"pn":"KULPEÅSEN ØST","pd":"2005-09-20","c":188}},{"type":"Feature","geometry":{"type":"Polygon","coordinates":[[[10.69682,59.4857],[10.69707,59.4857],[10.69708,59.48563],[10.69703,59.48557],[10.69682,59.4857]]]},"properties":{"a":113,"v":-119,"dh":1.05,"pl":1,"pn":"KULPEÅSEN ØST","pd":"2005-09-20","c":188}},{"type":"Feature","geometry":{"type":"MultiPolygon","coordinates":[[[[10.70178,59.48566],[10.70174,59.48562],[10.70167,59.48559],[10.70171,59.48567],[10.70178,59.48566]]],[[[10.70175,59.48569],[10.70204,59.48593],[10.70211,59.48591],[10.70184,59.4857],[10.70175,59.48569]]]]},"properties":{"a":133,"v":234,"dh":1.76,"pl":1,"pn":"Dobbeltspor Akershus grense - Møllebakken, ParkeringsanleggKambo","pd":"1990-12-30","sl":1,"c":174}},{"type":"Feature","geometry":{"type":"Polygon","coordinates":[[[10.69419,59.48565],[10.69423,59.48553],[10.69407,59.48554],[10.69406,59.48562],[10.69419,59.48565]]]},"properties":{"a":102,"v":-105,"dh":1.03,"pl":1,"pn":"KAMBO, KULPE, KULPEÅSEN, DRAGKISTEÅSEN","pd":"2000-03-27","c":188}},{"type":"Feature","geometry":{"type":"Polygon","coordinates":[[[10.6943,59.48573],[10.69495,59.48569],[10.69486,59.48565],[10.69482,59.48557],[10.69467,59.48552],[10.69429,59.48553],[10.69435,59.48566],[10.69428,59.48569],[10.6943,59.48573]],[[10.69443,59.48564],[10.69447,59.48559],[10.69447,59.48564],[10.69443,59.48564]],[[10.69454,59.48562],[10.69455,59.4856],[10.69456,59.48562],[10.69454,59.48562]]]},"properties":{"a":636,"v":818,"dh":1.29,"pl":1,"pn":"KAMBO, KULPE, KULPEÅSEN, DRAGKISTEÅSEN","pd":"2000-03-27","c":188}},{"type":"Feature","geometry":{"type":"Polygon","coordinates":[[[10.69598,59.48725],[10.69626,59.48729],[10.69624,59.48714],[10.69606,59.48714],[10.69603,59.48716],[10.69608,59.48721],[10.69601,59.48719],[10.69598,59.48725]]]},"properties":{"a":229,"v":280,"dh":1.22,"pl":1,"pn":"Fv. 311 Osloveien og Brevikveien, gang- og sykkelveg","pd":"2019-06-18","fo":1,"c":207}},{"type":"Feature","geometry":{"type":"Polygon","coordinates":[[[10.70677,59.4856],[10.70662,59.48535],[10.70647,59.48522],[10.70648,59.48534],[10.7067,59.4856],[10.70677,59.4856]]]},"properties":{"a":203,"v":212,"dh":1.05,"pl":1,"pn":"KAMBO - BOMSTASJONER EV 6","pd":"2001-02-16","fo":1,"c":208}},{"type":"Feature","geometry":{"type":"Polygon","coordinates":[[[10.70936,59.48791],[10.7091,59.48752],[10.7084,59.48675],[10.70908,59.48763],[10.70936,59.48791]]]},"properties":{"a":368,"v":-300,"dh":0.82,"pl":1,"pn":"KAMBO - BOMSTASJONER EV 6","pd":"2001-02-16","sh":1,"c":209}},{"type":"Feature","geometry":{"type":"Polygon","coordinates":[[[10.70975,59.48747],[10.70972,59.48734],[10.70956,59.48729],[10.70968,59.48746],[10.70975,59.48747]]]},"properties":{"a":112,"v":351,"dh":3.13,"pl":1,"pn":"KAMBO - BOMSTASJONER EV 6","pd":"2001-02-16","sl":1,"c":209}},{"type":"Feature","geometry":{"type":"Polygon","coordinates":[[[10.69775,59.48627],[10.69778,59.4862],[10.69773,59.48618],[10.6977,59.48604],[10.69761,59.48599],[10.69766,59.48616],[10.69771,59.48617],[10.6977,59.48626],[10.69775,59.48627]]]},"properties":{"a":104,"v":-151,"dh":1.45,"pl":1,"pn":"Fv. 311 Osloveien og Brevikveien, gang- og sykkelveg","pd":"2019-06-18","sl":1,"c":207}},{"type":"Feature","geometry":{"type":"Polygon","coordinates":[[[10.70108,59.49095],[10.70114,59.49085],[10.70098,59.49079],[10.70087,59.49067],[10.70123,59.49055],[10.70125,59.49047],[10.70119,59.49041],[10.70089,59.49044],[10.70072,59.49053],[10.70076,59.49058],[10.7007,59.49058],[10.70072,59.49065],[10.7008,59.49067],[10.70078,59.49077],[10.70084,59.49086],[10.70108,59.49095]]]},"properties":{"a":850,"v":1419,"dh":1.67,"pl":0,"c":210}},{"type":"Feature","geometry":{"type":"Polygon","coordinates":[[[10.7034,59.49121],[10.70345,59.49114],[10.70291,59.491],[10.70306,59.49112],[10.7034,59.49121]]]},"properties":{"a":296,"v":314,"dh":1.06,"pl":0,"fo":1,"c":211}},{"type":"Feature","geometry":{"type":"Polygon","coordinates":[[[10.69413,59.48427],[10.69431,59.48421],[10.69425,59.48412],[10.69413,59.48422],[10.69413,59.48427]]]},"properties":{"a":114,"v":-144,"dh":1.26,"pl":1,"pn":"KAMBO, KULPE, KULPEÅSEN, DRAGKISTEÅSEN","pd":"2000-03-27","c":188}},{"type":"Feature","geometry":{"type":"Polygon","coordinates":[[[10.69355,59.48448],[10.69358,59.4844],[10.69375,59.48429],[10.69356,59.48435],[10.69341,59.48416],[10.69325,59.48421],[10.69343,59.48424],[10.69345,59.48433],[10.69352,59.48436],[10.69347,59.48443],[10.69355,59.48448]]]},"properties":{"a":197,"v":192,"dh":0.98,"pl":1,"pn":"KAMBO, KULPE, KULPEÅSEN, DRAGKISTEÅSEN","pd":"2000-03-27","sh":1,"c":188}},{"type":"Feature","geometry":{"type":"Polygon","coordinates":[[[10.69503,59.48447],[10.69499,59.48443],[10.69502,59.4843],[10.69493,59.4842],[10.69484,59.48423],[10.69484,59.48431],[10.69472,59.48429],[10.69468,59.48423],[10.69448,59.48413],[10.69439,59.48414],[10.69441,59.48418],[10.69433,59.48423],[10.69458,59.48427],[10.69485,59.48447],[10.69492,59.48444],[10.69496,59.48448],[10.69503,59.48447]]]},"properties":{"a":563,"v":860,"dh":1.53,"pl":1,"pn":"KAMBO, KULPE, KULPEÅSEN, DRAGKISTEÅSEN","pd":"2000-03-27","c":188}},{"type":"Feature","geometry":{"type":"Polygon","coordinates":[[[10.69479,59.48458],[10.69477,59.48455],[10.69487,59.48449],[10.69467,59.48434],[10.6944,59.48427],[10.69433,59.48429],[10.69441,59.48438],[10.69473,59.48452],[10.6947,59.48458],[10.69479,59.48458]]]},"properties":{"a":396,"v":-818,"dh":2.07,"pl":1,"pn":"KAMBO, KULPE, KULPEÅSEN, DRAGKISTEÅSEN","pd":"2000-03-27","c":188}},{"type":"Feature","geometry":{"type":"Polygon","coordinates":[[[10.69317,59.48471],[10.6934,59.48467],[10.69341,59.48462],[10.69335,59.48454],[10.69328,59.48454],[10.69318,59.48461],[10.69317,59.48471]]]},"properties":{"a":172,"v":196,"dh":1.14,"pl":1,"pn":"KAMBO, KULPE, KULPEÅSEN, DRAGKISTEÅSEN","pd":"2000-03-27","c":188}},{"type":"Feature","geometry":{"type":"Polygon","coordinates":[[[10.69382,59.48478],[10.69379,59.48471],[10.69398,59.48463],[10.69417,59.48467],[10.69404,59.48458],[10.6937,59.48472],[10.69382,59.48478]]]},"properties":{"a":124,"v":120,"dh":0.97,"pl":1,"pn":"KAMBO, KULPE, KULPEÅSEN, DRAGKISTEÅSEN","pd":"2000-03-27","sh":1,"c":188}},{"type":"Feature","geometry":{"type":"Polygon","coordinates":[[[10.69321,59.48492],[10.69321,59.48487],[10.69339,59.48486],[10.69338,59.48479],[10.69349,59.48475],[10.69347,59.48472],[10.69336,59.48476],[10.69324,59.48472],[10.69314,59.4848],[10.693,59.4848],[10.693,59.48487],[10.69321,59.48492]]]},"properties":{"a":310,"v":321,"dh":1.04,"pl":1,"pn":"KAMBO, KULPE, KULPEÅSEN, DRAGKISTEÅSEN","pd":"2000-03-27","c":188}},{"type":"Feature","geometry":{"type":"Polygon","coordinates":[[[10.69521,59.485],[10.69524,59.48491],[10.69541,59.48498],[10.69527,59.48474],[10.69522,59.48474],[10.69524,59.48481],[10.69518,59.48476],[10.69508,59.48481],[10.69492,59.4848],[10.69494,59.48492],[10.69521,59.485]],[[10.6951,59.48483],[10.69512,59.48482],[10.69512,59.48483],[10.6951,59.48483]]]},"properties":{"a":419,"v":-506,"dh":1.21,"pl":1,"pn":"KAMBO, KULPE, KULPEÅSEN, DRAGKISTEÅSEN","pd":"2000-03-27","c":188}},{"type":"Feature","geometry":{"type":"Polygon","coordinates":[[[10.69583,59.48496],[10.69595,59.4849],[10.69591,59.48479],[10.69579,59.48487],[10.69583,59.48496]]]},"properties":{"a":112,"v":-118,"dh":1.05,"pl":1,"pn":"KULPEÅSEN ØST","pd":"2005-09-20","c":188}},{"type":"Feature","geometry":{"type":"Polygon","coordinates":[[[10.69294,59.48513],[10.69306,59.48503],[10.69313,59.48503],[10.69316,59.48495],[10.69311,59.48489],[10.69282,59.48486],[10.6929,59.48497],[10.69285,59.4851],[10.69294,59.48513]]]},"properties":{"a":325,"v":-456,"dh":1.4,"pl":1,"pn":"KAMBO, KULPE, KULPEÅSEN, DRAGKISTEÅSEN","pd":"2000-03-27","c":188}},{"type":"Feature","geometry":{"type":"Polygon","coordinates":[[[10.69443,59.48516],[10.69458,59.48514],[10.69456,59.48507],[10.69445,59.485],[10.69433,59.485],[10.69438,59.48503],[10.69443,59.48516]]]},"properties":{"a":141,"v":-250,"dh":1.77,"pl":1,"pn":"KAMBO, KULPE, KULPEÅSEN, DRAGKISTEÅSEN","pd":"2000-03-27","c":188}},{"type":"Feature","geometry":{"type":"Polygon","coordinates":[[[10.69329,59.48529],[10.69369,59.48526],[10.69377,59.4851],[10.69388,59.48515],[10.69391,59.48513],[10.69375,59.48502],[10.69347,59.48515],[10.69329,59.48529]]]},"properties":{"a":423,"v":486,"dh":1.15,"pl":1,"pn":"KAMBO, KULPE, KULPEÅSEN, DRAGKISTEÅSEN","pd":"2000-03-27","c":188}},{"type":"Feature","geometry":{"type":"Polygon","coordinates":[[[10.69269,59.4853],[10.69282,59.48519],[10.69282,59.48513],[10.69271,59.48513],[10.69258,59.48504],[10.69261,59.48512],[10.69254,59.48515],[10.69264,59.48516],[10.69261,59.48524],[10.69269,59.4853]]]},"properties":{"a":202,"v":171,"dh":0.85,"pl":1,"pn":"KAMBO, KULPE, KULPEÅSEN, DRAGKISTEÅSEN","pd":"2000-03-27","sh":1,"c":188}},{"type":"Feature","geometry":{"type":"Polygon","coordinates":[[[10.69572,59.48529],[10.69542,59.48523],[10.69554,59.48515],[10.69552,59.48506],[10.69541,59.48505],[10.69534,59.48512],[10.69516,59.48505],[10.69527,59.48517],[10.69549,59.48529],[10.69572,59.48529]]]},"properties":{"a":271,"v":318,"dh":1.17,"pl":1,"pn":"KAMBO, KULPE, KULPEÅSEN, DRAGKISTEÅSEN","pd":"2000-03-27","c":188}},{"type":"Feature","geometry":{"type":"Polygon","coordinates":[[[10.69426,59.48544],[10.69422,59.48531],[10.69431,59.48533],[10.69431,59.48528],[10.6942,59.48524],[10.6942,59.4853],[10.6941,59.48529],[10.69426,59.48544]]]},"properties":{"a":106,"v":92,"dh":0.87,"pl":1,"pn":"KAMBO, KULPE, KULPEÅSEN, DRAGKISTEÅSEN","pd":"2000-03-27","sh":1,"c":188}},{"type":"Feature","geometry":{"type":"Polygon","coordinates":[[[10.6959,59.48572],[10.69659,59.48573],[10.69681,59.48558],[10.69677,59.48547],[10.69655,59.4853],[10.69632,59.48526],[10.6963,59.48521],[10.69635,59.48516],[10.69622,59.48507],[10.6961,59.48513],[10.69612,59.48518],[10.69593,59.48521],[10.696,59.48523],[10.696,59.48529],[10.69593,59.4853],[10.69599,59.48531],[10.69594,59.48534],[10.69599,59.48538],[10.69596,59.48543],[10.69583,59.48541],[10.6959,59.4856],[10.69584,59.48559],[10.69585,59.48568],[10.6959,59.48572]],[[10.69638,59.48537],[10.6964,59.48536],[10.6964,59.48537],[10.69638,59.48537]],[[10.69606,59.48532],[10.69608,59.48531],[10.69608,59.48532],[10.69606,59.48532]],[[10.69634,59.48531],[10.69636,59.48528],[10.69636,59.48531],[10.69634,59.48531]],[[10.69624,59.48514],[10.69628,59.48514],[10.69626,59.48516],[10.69624,59.48514]]]},"properties":{"a":2616,"v":3090,"dh":1.18,"pl":1,"pn":"KULPEÅSEN ØST","pd":"2005-09-20","c":188}},{"type":"Feature","geometry":{"type":"Polygon","coordinates":[[[10.695,59.48572],[10.6952,59.4857],[10.69526,59.48559],[10.69522,59.48548],[10.69502,59.48543],[10.69504,59.48538],[10.69498,59.48534],[10.6952,59.48534],[10.69526,59.48523],[10.69519,59.48516],[10.69487,59.48512],[10.69473,59.48523],[10.69482,59.48528],[10.69483,59.48536],[10.69488,59.4854],[10.69485,59.48557],[10.695,59.48563],[10.695,59.48572]]]},"properties":{"a":1181,"v":2330,"dh":1.97,"pl":1,"pn":"KAMBO, KULPE, KULPEÅSEN, DRAGKISTEÅSEN","pd":"2000-03-27","c":188}},{"type":"Feature","geometry":{"type":"Polygon","coordinates":[[[10.69568,59.48553],[10.69571,59.48543],[10.69557,59.48536],[10.6955,59.48538],[10.69552,59.48552],[10.69568,59.48553]],[[10.69563,59.48547],[10.69566,59.48545],[10.69566,59.48547],[10.69563,59.48547]]]},"properties":{"a":153,"v":158,"dh":1.04,"pl":1,"pn":"KAMBO, KULPE, KULPEÅSEN, DRAGKISTEÅSEN","pd":"2000-03-27","c":188}},{"type":"Feature","geometry":{"type":"Polygon","coordinates":[[[10.69395,59.48559],[10.69399,59.48551],[10.69413,59.48548],[10.69419,59.4854],[10.69401,59.48538],[10.6939,59.48555],[10.69395,59.48559]]]},"properties":{"a":169,"v":-235,"dh":1.39,"pl":1,"pn":"KAMBO, KULPE, KULPEÅSEN, DRAGKISTEÅSEN","pd":"2000-03-27","c":188}},{"type":"Feature","geometry":{"type":"Polygon","coordinates":[[[10.69314,59.48559],[10.69319,59.48556],[10.69328,59.48557],[10.69331,59.48547],[10.69317,59.48544],[10.69314,59.48559]]]},"properties":{"a":119,"v":106,"dh":0.89,"pl":1,"pn":"KAMBO, KULPE, KULPEÅSEN, DRAGKISTEÅSEN","pd":"2000-03-27","sh":1,"c":188}},{"type":"Feature","geometry":{"type":"Polygon","coordinates":[[[10.69193,59.48439],[10.69211,59.48429],[10.69223,59.48434],[10.69227,59.48431],[10.69203,59.48424],[10.69188,59.48434],[10.69193,59.48439]]]},"properties":{"a":134,"v":223,"dh":1.67,"pl":1,"pn":"KAMBO, KULPE, KULPEÅSEN, DRAGKISTEÅSEN","pd":"2000-03-27","c":188}},{"type":"Feature","geometry":{"type":"Polygon","coordinates":[[[10.69021,59.48549],[10.69023,59.48528],[10.6903,59.48525],[10.69012,59.48523],[10.69004,59.48545],[10.69021,59.48549]]]},"properties":{"a":244,"v":329,"dh":1.35,"pl":1,"pn":"KAMBO, KULPE, KULPEÅSEN, DRAGKISTEÅSEN","pd":"2000-03-27","c":188}},{"type":"Feature","geometry":{"type":"Polygon","coordinates":[[[10.69243,59.48551],[10.69259,59.48541],[10.69253,59.48531],[10.69244,59.48532],[10.69241,59.48542],[10.69243,59.48551]]]},"properties":{"a":145,"v":-141,"dh":0.97,"pl":1,"pn":"KAMBO, KULPE, KULPEÅSEN, DRAGKISTEÅSEN","pd":"2000-03-27","sh":1,"c":188}},{"type":"Feature","geometry":{"type":"Polygon","coordinates":[[[10.69251,59.48571],[10.69231,59.48558],[10.69232,59.48547],[10.69222,59.48544],[10.69219,59.4857],[10.69251,59.48571]],[[10.69235,59.48567],[10.69237,59.48566],[10.69237,59.48567],[10.69235,59.48567]],[[10.69226,59.48553],[10.69227,59.48552],[10.69227,59.48553],[10.69226,59.48553]]]},"properties":{"a":269,"v":235,"dh":0.88,"pl":1,"pn":"KAMBO, KULPE, KULPEÅSEN, DRAGKISTEÅSEN","pd":"2000-03-27","sh":1,"c":188}},{"type":"Feature","geometry":{"type":"Polygon","coordinates":[[[10.69102,59.48594],[10.69109,59.48589],[10.69109,59.48581],[10.69093,59.48578],[10.69092,59.48592],[10.69102,59.48594]]]},"properties":{"a":149,"v":-147,"dh":0.99,"pl":1,"pn":"KAMBO, KULPE, KULPEÅSEN, DRAGKISTEÅSEN","pd":"2000-03-27","sh":1,"c":188}},{"type":"Feature","geometry":{"type":"Polygon","coordinates":[[[10.68976,59.48614],[10.68981,59.48597],[10.68958,59.486],[10.68958,59.48613],[10.68976,59.48614]]]},"properties":{"a":220,"v":-329,"dh":1.49,"pl":1,"pn":"KAMBO, KULPE, KULPEÅSEN, DRAGKISTEÅSEN","pd":"2000-03-27","c":188}},{"type":"Feature","geometry":{"type":"Polygon","coordinates":[[[10.69102,59.48616],[10.69108,59.48612],[10.69108,59.48602],[10.69094,59.486],[10.69091,59.48613],[10.69102,59.48616]]]},"properties":{"a":147,"v":-148,"dh":1.01,"pl":1,"pn":"KAMBO, KULPE, KULPEÅSEN, DRAGKISTEÅSEN","pd":"2000-03-27","c":188}},{"type":"Feature","geometry":{"type":"Polygon","coordinates":[[[10.68932,59.48619],[10.6895,59.4862],[10.68951,59.48616],[10.68934,59.48614],[10.68923,59.48606],[10.6892,59.48613],[10.68932,59.48619]]]},"properties":{"a":116,"v":109,"dh":0.94,"pl":1,"pn":"KAMBO, KULPE, KULPEÅSEN, DRAGKISTEÅSEN","pd":"2000-03-27","sh":1,"c":188}},{"type":"Feature","geometry":{"type":"Polygon","coordinates":[[[10.68953,59.48652],[10.68971,59.48652],[10.68971,59.48645],[10.68963,59.48639],[10.68953,59.48641],[10.68953,59.48652]]]},"properties":{"a":136,"v":-225,"dh":1.65,"pl":1,"pn":"KAMBO, KULPE, KULPEÅSEN, DRAGKISTEÅSEN","pd":"2000-03-27","c":188}},{"type":"Feature","geometry":{"type":"Polygon","coordinates":[[[10.68942,59.4871],[10.6896,59.48711],[10.68961,59.48702],[10.68956,59.48702],[10.68953,59.48709],[10.68947,59.48705],[10.68949,59.48702],[10.68938,59.48698],[10.68936,59.48704],[10.68944,59.48707],[10.68942,59.4871]]]},"properties":{"a":106,"v":-99,"dh":0.94,"pl":1,"pn":"KAMBO, KULPE, KULPEÅSEN, DRAGKISTEÅSEN","pd":"2000-03-27","sh":1,"c":188}},{"type":"Feature","geometry":{"type":"Polygon","coordinates":[[[10.68865,59.48764],[10.68893,59.48762],[10.68898,59.48756],[10.68895,59.48752],[10.68901,59.48746],[10.68893,59.48746],[10.68891,59.48751],[10.68861,59.48748],[10.68865,59.48764]]]},"properties":{"a":290,"v":346,"dh":1.19,"pl":1,"pn":"KAMBO, KULPE, KULPEÅSEN, DRAGKISTEÅSEN","pd":"2000-03-27","c":188}},{"type":"Feature","geometry":{"type":"MultiPolygon","coordinates":[[[[10.68958,59.48778],[10.68956,59.48779],[10.68958,59.48779],[10.68958,59.48778]]],[[[10.68956,59.4878],[10.68949,59.48785],[10.68951,59.4879],[10.68967,59.48794],[10.68976,59.4879],[10.68977,59.48781],[10.68956,59.4878]]]]},"properties":{"a":184,"v":-285,"dh":1.55,"pl":1,"pn":"KAMBO, KULPE, KULPEÅSEN, DRAGKISTEÅSEN","pd":"2000-03-27","c":188}},{"type":"Feature","geometry":{"type":"Polygon","coordinates":[[[10.68944,59.4892],[10.68961,59.48912],[10.68948,59.48905],[10.68953,59.48901],[10.6895,59.48898],[10.68938,59.48903],[10.68938,59.48912],[10.68945,59.48914],[10.6894,59.48916],[10.68944,59.4892]]]},"properties":{"a":188,"v":-219,"dh":1.16,"pl":1,"pn":"KAMBO, KULPE, KULPEÅSEN, DRAGKISTEÅSEN","pd":"2000-03-27","c":188}},{"type":"Feature","geometry":{"type":"Polygon","coordinates":[[[10.59291,59.4177],[10.59298,59.41763],[10.59312,59.41767],[10.59322,59.4176],[10.59332,59.41768],[10.59335,59.41764],[10.59324,59.41756],[10.5931,59.41762],[10.59289,59.41762],[10.59268,59.41757],[10.5927,59.41763],[10.59291,59.4177]]]},"properties":{"a":242,"v":315,"dh":1.3,"pl":0,"fo":1,"c":212}},{"type":"Feature","geometry":{"type":"Polygon","coordinates":[[[10.59407,59.41794],[10.59431,59.41782],[10.59446,59.41768],[10.59432,59.41765],[10.59402,59.4177],[10.59395,59.41766],[10.59419,59.41762],[10.59415,59.41753],[10.59439,59.41761],[10.59448,59.41761],[10.59451,59.41757],[10.59428,59.41753],[10.59413,59.41743],[10.59412,59.41751],[10.59399,59.41747],[10.59399,59.41741],[10.5938,59.41746],[10.59385,59.41751],[10.59383,59.41764],[10.59386,59.41767],[10.59381,59.4177],[10.59395,59.41773],[10.59392,59.41777],[10.59396,59.41782],[10.59408,59.41785],[10.59408,59.41773],[10.59418,59.41773],[10.5941,59.41789],[10.59401,59.41792],[10.59407,59.41794]],[[10.59396,59.41748],[10.59391,59.41751],[10.59389,59.41747],[10.59396,59.41748]]]},"properties":{"a":1014,"v":2340,"dh":2.31,"pl":0,"fo":1,"c":212}},{"type":"Feature","geometry":{"type":"Polygon","coordinates":[[[10.59306,59.41794],[10.59308,59.41786],[10.59302,59.41779],[10.5929,59.41777],[10.59281,59.4178],[10.59292,59.41791],[10.59306,59.41794]]]},"properties":{"a":168,"v":299,"dh":1.78,"pl":0,"fo":1,"c":212}},{"type":"Feature","geometry":{"type":"Polygon","coordinates":[[[10.59198,59.41804],[10.59204,59.41797],[10.59186,59.41787],[10.59169,59.41799],[10.59198,59.41804]]]},"properties":{"a":206,"v":483,"dh":2.34,"pl":0,"fo":1,"c":212}},{"type":"Feature","geometry":{"type":"Polygon","coordinates":[[[10.59154,59.41812],[10.59157,59.41807],[10.5915,59.41799],[10.59137,59.41796],[10.59141,59.41808],[10.59136,59.41811],[10.59154,59.41812]]]},"properties":{"a":124,"v":185,"dh":1.49,"pl":0,"sl":1,"c":213}},{"type":"Feature","geometry":{"type":"Polygon","coordinates":[[[10.59607,59.41845],[10.59612,59.41837],[10.59626,59.41844],[10.59627,59.41839],[10.59643,59.41835],[10.59632,59.41828],[10.59629,59.41835],[10.59619,59.41837],[10.59615,59.41835],[10.5962,59.4183],[10.59606,59.41825],[10.59599,59.41829],[10.59598,59.41844],[10.59607,59.41845]]]},"properties":{"a":257,"v":438,"dh":1.7,"pl":0,"fo":1,"c":214}},{"type":"Feature","geometry":{"type":"Polygon","coordinates":[[[10.59135,59.41858],[10.59156,59.41859],[10.59149,59.41848],[10.59131,59.41847],[10.59135,59.41858]]]},"properties":{"a":150,"v":424,"dh":2.83,"pl":0,"fo":1,"c":215}},{"type":"Feature","geometry":{"type":"Polygon","coordinates":[[[10.5966,59.41865],[10.59669,59.41858],[10.5968,59.41859],[10.59683,59.41854],[10.59649,59.41851],[10.59648,59.41859],[10.5966,59.41865]]]},"properties":{"a":187,"v":283,"dh":1.51,"pl":0,"fo":1,"c":214}},{"type":"Feature","geometry":{"type":"Polygon","coordinates":[[[10.59712,59.41873],[10.59743,59.41863],[10.59744,59.41852],[10.59734,59.4185],[10.59725,59.41857],[10.59724,59.41864],[10.59708,59.41863],[10.59712,59.41873]]]},"properties":{"a":246,"v":498,"dh":2.03,"pl":0,"fo":1,"c":214}},{"type":"Feature","geometry":{"type":"Polygon","coordinates":[[[10.59689,59.41873],[10.59706,59.41861],[10.59702,59.41852],[10.59693,59.41853],[10.59683,59.41863],[10.59682,59.41872],[10.59689,59.41873]]]},"properties":{"a":173,"v":285,"dh":1.65,"pl":0,"fo":1,"c":214}},{"type":"Feature","geometry":{"type":"Polygon","coordinates":[[[10.59402,59.41885],[10.59411,59.41883],[10.59414,59.41875],[10.5941,59.41866],[10.594,59.41868],[10.59405,59.41872],[10.59398,59.41876],[10.59402,59.41885]]]},"properties":{"a":128,"v":201,"dh":1.57,"pl":0,"fo":1,"c":216}},{"type":"Feature","geometry":{"type":"Polygon","coordinates":[[[10.59933,59.41898],[10.59944,59.41896],[10.59938,59.4189],[10.5994,59.41885],[10.59929,59.41885],[10.59932,59.41874],[10.59917,59.41884],[10.59933,59.41898]]]},"properties":{"a":191,"v":247,"dh":1.3,"pl":0,"fo":1,"c":217}},{"type":"Feature","geometry":{"type":"MultiPolygon","coordinates":[[[[10.59623,59.41888],[10.59619,59.41889],[10.59623,59.41889],[10.59623,59.41888]]],[[[10.59621,59.4189],[10.59614,59.41895],[10.59621,59.41896],[10.59625,59.41907],[10.59643,59.41905],[10.59639,59.41903],[10.59641,59.41893],[10.59621,59.4189]]]]},"properties":{"a":194,"v":385,"dh":1.99,"pl":0,"fo":1,"c":214}},{"type":"Feature","geometry":{"type":"Polygon","coordinates":[[[10.59656,59.41911],[10.59674,59.419],[10.59671,59.41895],[10.59676,59.41891],[10.59675,59.41885],[10.59663,59.41887],[10.59667,59.41899],[10.59664,59.41901],[10.5965,59.41903],[10.59656,59.41911]]]},"properties":{"a":130,"v":149,"dh":1.14,"pl":0,"fo":1,"c":214}},{"type":"Feature","geometry":{"type":"Polygon","coordinates":[[[10.59941,59.41951],[10.59943,59.41942],[10.59951,59.41935],[10.59949,59.41931],[10.5993,59.41935],[10.59929,59.41948],[10.59941,59.41951]]]},"properties":{"a":161,"v":179,"dh":1.11,"pl":0,"fo":1,"c":217}},{"type":"Feature","geometry":{"type":"Polygon","coordinates":[[[10.58823,59.42043],[10.58828,59.42035],[10.58822,59.42031],[10.58827,59.42019],[10.5881,59.42021],[10.58817,59.42029],[10.58803,59.42038],[10.58823,59.42043]]]},"properties":{"a":194,"v":363,"dh":1.87,"pl":0,"fo":1,"c":218}},{"type":"Feature","geometry":{"type":"Polygon","coordinates":[[[10.60453,59.42046],[10.6046,59.42037],[10.60454,59.42033],[10.60433,59.42038],[10.60432,59.42045],[10.60436,59.42046],[10.60453,59.42046]]]},"properties":{"a":186,"v":-227,"dh":1.22,"pl":0,"fo":1,"c":219}},{"type":"Feature","geometry":{"type":"Polygon","coordinates":[[[10.58912,59.42093],[10.58918,59.4208],[10.58907,59.42078],[10.58903,59.4209],[10.58912,59.42093]]]},"properties":{"a":118,"v":330,"dh":2.8,"pl":0,"fo":1,"c":220}},{"type":"Feature","geometry":{"type":"Polygon","coordinates":[[[10.59475,59.42149],[10.5949,59.42142],[10.5949,59.42131],[10.59484,59.42125],[10.59479,59.42126],[10.59474,59.42135],[10.59475,59.42149]]]},"properties":{"a":181,"v":319,"dh":1.76,"pl":0,"fo":1,"c":221}},{"type":"Feature","geometry":{"type":"Polygon","coordinates":[[[10.59213,59.42175],[10.59215,59.42166],[10.59211,59.42164],[10.59181,59.42164],[10.59186,59.42168],[10.59195,59.42165],[10.59213,59.42175]]]},"properties":{"a":109,"v":189,"dh":1.73,"pl":0,"sl":1,"c":222}},{"type":"Feature","geometry":{"type":"Polygon","coordinates":[[[10.59314,59.42183],[10.59319,59.42179],[10.59318,59.42163],[10.5931,59.42162],[10.59307,59.42178],[10.59314,59.42183]]]},"properties":{"a":123,"v":192,"dh":1.56,"pl":0,"fo":1,"c":223}},{"type":"Feature","geometry":{"type":"MultiPolygon","coordinates":[[[[10.59215,59.42181],[10.59257,59.42196],[10.59263,59.42194],[10.5926,59.42188],[10.59237,59.42188],[10.59233,59.4218],[10.59224,59.42176],[10.59229,59.4217],[10.59218,59.42171],[10.59222,59.42174],[10.59215,59.42175],[10.59215,59.42181]]],[[[10.59223,59.42188],[10.59226,59.42189],[10.59226,59.42188],[10.59223,59.42188]]]]},"properties":{"a":202,"v":426,"dh":2.11,"pl":0,"sl":1,"c":222}},{"type":"Feature","geometry":{"type":"Polygon","coordinates":[[[10.5888,59.42255],[10.58894,59.42251],[10.58883,59.42226],[10.58886,59.42221],[10.58877,59.42217],[10.5887,59.4222],[10.58872,59.4223],[10.58883,59.4223],[10.58871,59.42233],[10.58866,59.42243],[10.58871,59.42246],[10.58862,59.42247],[10.58861,59.42252],[10.5888,59.42255]]]},"properties":{"a":425,"v":1077,"dh":2.53,"pl":0,"fo":1,"c":224}},{"type":"Feature","geometry":{"type":"Polygon","coordinates":[[[10.61716,59.42477],[10.61726,59.42467],[10.61723,59.4246],[10.61708,59.42457],[10.61705,59.42452],[10.61696,59.42454],[10.61693,59.42464],[10.61705,59.42466],[10.61704,59.42471],[10.61716,59.42477]]]},"properties":{"a":289,"v":440,"dh":1.52,"pl":0,"c":225}},{"type":"Feature","geometry":{"type":"Polygon","coordinates":[[[10.62474,59.42504],[10.62467,59.42481],[10.62444,59.42468],[10.62455,59.42488],[10.62458,59.42503],[10.62474,59.42504]]]},"properties":{"a":325,"v":1050,"dh":3.23,"pl":0,"sl":1,"c":226}},{"type":"Feature","geometry":{"type":"Polygon","coordinates":[[[10.60522,59.42572],[10.60511,59.42558],[10.60488,59.4256],[10.6049,59.42565],[10.60508,59.42569],[10.60515,59.42566],[10.60522,59.42572]]]},"properties":{"a":152,"v":190,"dh":1.25,"pl":0,"c":227}},{"type":"Feature","geometry":{"type":"Polygon","coordinates":[[[10.60472,59.42589],[10.605,59.42586],[10.60512,59.42579],[10.60474,59.42568],[10.60448,59.42575],[10.60472,59.42589]]]},"properties":{"a":503,"v":1256,"dh":2.5,"pl":0,"c":227}},{"type":"Feature","geometry":{"type":"Polygon","coordinates":[[[10.60375,59.42622],[10.60428,59.42596],[10.60431,59.42588],[10.60412,59.42586],[10.60357,59.4261],[10.60364,59.42621],[10.60375,59.42622]],[[10.60407,59.42601],[10.60406,59.42602],[10.60405,59.42601],[10.60407,59.42601]],[[10.60407,59.42601],[10.60412,59.42597],[10.60412,59.42599],[10.60407,59.42601]],[[10.6041,59.42594],[10.60412,59.42593],[10.60412,59.42594],[10.6041,59.42594]]]},"properties":{"a":761,"v":1545,"dh":2.03,"pl":0,"c":227}},{"type":"Feature","geometry":{"type":"Polygon","coordinates":[[[10.59587,59.42623],[10.59638,59.42626],[10.59629,59.42619],[10.5962,59.42621],[10.59622,59.42615],[10.59611,59.42614],[10.59606,59.42609],[10.59577,59.42609],[10.59585,59.42615],[10.5958,59.4262],[10.59587,59.42623]]]},"properties":{"a":386,"v":367,"dh":0.95,"pl":0,"sh":1,"c":228}},{"type":"Feature","geometry":{"type":"Polygon","coordinates":[[[10.62493,59.42241],[10.62508,59.42234],[10.62508,59.42229],[10.62501,59.42228],[10.62501,59.42221],[10.62496,59.42222],[10.62494,59.42228],[10.62477,59.42231],[10.62482,59.42239],[10.62493,59.42241]],[[10.62496,59.4223],[10.62501,59.4223],[10.62501,59.42233],[10.62496,59.42235],[10.62496,59.4223]]]},"properties":{"a":196,"v":359,"dh":1.83,"pl":0,"fo":1,"c":229}},{"type":"Feature","geometry":{"type":"Polygon","coordinates":[[[10.62483,59.42262],[10.62503,59.42259],[10.62495,59.4225],[10.62504,59.42248],[10.62486,59.4225],[10.62488,59.42255],[10.62478,59.42257],[10.62483,59.42262]]]},"properties":{"a":124,"v":224,"dh":1.81,"pl":0,"sl":1,"c":230}},{"type":"Feature","geometry":{"type":"Polygon","coordinates":[[[10.62727,59.42302],[10.62732,59.42293],[10.62712,59.4229],[10.62714,59.42299],[10.62727,59.42302]]]},"properties":{"a":116,"v":182,"dh":1.57,"pl":0,"fo":1,"c":231}},{"type":"Feature","geometry":{"type":"Polygon","coordinates":[[[10.62459,59.42342],[10.62475,59.42345],[10.62472,59.42328],[10.62481,59.42319],[10.62469,59.42323],[10.62468,59.42338],[10.62459,59.42342]]]},"properties":{"a":125,"v":222,"dh":1.77,"pl":0,"sl":1,"c":232}},{"type":"Feature","geometry":{"type":"Polygon","coordinates":[[[10.62453,59.42397],[10.62461,59.42392],[10.62484,59.42395],[10.62489,59.42389],[10.62482,59.4238],[10.62483,59.42375],[10.62471,59.42377],[10.62475,59.42382],[10.62468,59.42385],[10.62463,59.42382],[10.62468,59.42373],[10.62455,59.42374],[10.62454,59.42383],[10.62459,59.42383],[10.62459,59.42389],[10.62453,59.42397]]]},"properties":{"a":329,"v":645,"dh":1.96,"pl":0,"fo":1,"c":233}},{"type":"Feature","geometry":{"type":"Polygon","coordinates":[[[10.63614,59.42433],[10.63614,59.42425],[10.63608,59.4242],[10.63587,59.42423],[10.63598,59.42433],[10.63614,59.42433]]]},"properties":{"a":164,"v":191,"dh":1.17,"pl":1,"pn":"FRAMNES - DEL AV FRAMNES GNR 3/7","pd":"1966-03-10","c":234}},{"type":"Feature","geometry":{"type":"Polygon","coordinates":[[[10.63257,59.42477],[10.63248,59.42465],[10.63237,59.42462],[10.63243,59.42479],[10.63257,59.42477]]]},"properties":{"a":104,"v":109,"dh":1.05,"pl":1,"pn":"FRAMNES - DEL AV FRAMNES GNR 3/7","pd":"1966-03-10","c":234}},{"type":"Feature","geometry":{"type":"Polygon","coordinates":[[[10.63077,59.42505],[10.63078,59.425],[10.63058,59.42485],[10.6304,59.42483],[10.6307,59.42505],[10.63077,59.42505]]]},"properties":{"a":212,"v":-201,"dh":0.95,"pl":1,"pn":"FRAMNES - DEL AV FRAMNES GNR 3/7","pd":"1966-03-10","sh":1,"c":234}},{"type":"Feature","geometry":{"type":"Polygon","coordinates":[[[10.63161,59.42504],[10.63189,59.425],[10.63196,59.42495],[10.63161,59.42499],[10.63161,59.42504]]]},"properties":{"a":123,"v":130,"dh":1.06,"pl":1,"pn":"FRAMNES - DEL AV FRAMNES GNR 3/7","pd":"1966-03-10","c":234}},{"type":"Feature","geometry":{"type":"Polygon","coordinates":[[[10.63218,59.42511],[10.63228,59.42505],[10.63223,59.42496],[10.63202,59.42498],[10.63218,59.42511]]]},"properties":{"a":181,"v":-235,"dh":1.3,"pl":0,"c":235}},{"type":"Feature","geometry":{"type":"Polygon","coordinates":[[[10.63284,59.42568],[10.63276,59.42553],[10.63266,59.4255],[10.63278,59.42546],[10.63277,59.42538],[10.63267,59.42539],[10.63246,59.42513],[10.63235,59.42507],[10.63218,59.42515],[10.63188,59.42511],[10.63211,59.42542],[10.63197,59.42559],[10.63219,59.42564],[10.63231,59.42557],[10.63242,59.42561],[10.63259,59.42558],[10.63284,59.42568]],[[10.63273,59.42558],[10.63266,59.42557],[10.63266,59.42554],[10.63273,59.42558]],[[10.63223,59.42533],[10.63206,59.42522],[10.63204,59.42517],[10.63219,59.42523],[10.63223,59.42533]]]},"properties":{"a":1905,"v":2147,"dh":1.13,"pl":0,"c":235}},{"type":"Feature","geometry":{"type":"Polygon","coordinates":[[[10.63163,59.4258],[10.63184,59.42576],[10.63159,59.42566],[10.63163,59.4258]]]},"properties":{"a":140,"v":147,"dh":1.05,"pl":0,"c":235}},{"type":"Feature","geometry":{"type":"MultiPolygon","coordinates":[[[[10.62519,59.42608],[10.62521,59.42604],[10.62516,59.42608],[10.62519,59.42608]]],[[[10.62514,59.42609],[10.62516,59.42608],[10.62514,59.42608],[10.62514,59.42609]]],[[[10.62514,59.42609],[10.62509,59.4261],[10.62514,59.4261],[10.62514,59.42609]]],[[[10.62509,59.4261],[10.62498,59.4261],[10.62506,59.42619],[10.62503,59.42627],[10.62506,59.42633],[10.62521,59.42635],[10.62509,59.4262],[10.62509,59.4261]]]]},"properties":{"a":160,"v":270,"dh":1.69,"pl":0,"sl":1,"c":236}},{"type":"Feature","geometry":{"type":"Polygon","coordinates":[[[10.63473,59.42648],[10.63482,59.42645],[10.63485,59.42636],[10.63451,59.42598],[10.63419,59.42594],[10.63404,59.42599],[10.6342,59.42608],[10.63437,59.4263],[10.63473,59.42648]]]},"properties":{"a":1276,"v":1683,"dh":1.32,"pl":0,"c":237}},{"type":"Feature","geometry":{"type":"Polygon","coordinates":[[[10.63308,59.42669],[10.633,59.42644],[10.63293,59.42642],[10.63293,59.42637],[10.63281,59.42641],[10.63283,59.42655],[10.63297,59.42661],[10.63298,59.42668],[10.63308,59.42669]]]},"properties":{"a":280,"v":-292,"dh":1.04,"pl":0,"c":238}},{"type":"Feature","geometry":{"type":"Polygon","coordinates":[[[10.63381,59.42667],[10.63395,59.42665],[10.63376,59.42646],[10.63367,59.42645],[10.63384,59.42665],[10.63381,59.42667]]]},"properties":{"a":141,"v":110,"dh":0.78,"pl":0,"sh":1,"c":238}},{"type":"Feature","geometry":{"type":"Polygon","coordinates":[[[10.63272,59.42715],[10.63288,59.42712],[10.63287,59.42706],[10.63276,59.42697],[10.63283,59.42691],[10.63276,59.42689],[10.63264,59.42698],[10.63269,59.42702],[10.63272,59.42715]]]},"properties":{"a":224,"v":-228,"dh":1.02,"pl":0,"c":238}},{"type":"Feature","geometry":{"type":"Polygon","coordinates":[[[10.63253,59.42723],[10.63263,59.42718],[10.63263,59.4271],[10.63242,59.4271],[10.6324,59.42721],[10.63253,59.42723]]]},"properties":{"a":166,"v":155,"dh":0.93,"pl":0,"sh":1,"c":238}},{"type":"Feature","geometry":{"type":"Polygon","coordinates":[[[10.62501,59.42738],[10.62504,59.42731],[10.62498,59.42722],[10.62488,59.42723],[10.6249,59.42732],[10.62501,59.42738]]]},"properties":{"a":101,"v":211,"dh":2.09,"pl":0,"fo":1,"c":239}},{"type":"Feature","geometry":{"type":"Polygon","coordinates":[[[10.60936,59.4263],[10.6096,59.42616],[10.60971,59.426],[10.60973,59.4259],[10.60964,59.4259],[10.60966,59.42595],[10.60954,59.42608],[10.6094,59.42611],[10.60944,59.42619],[10.60941,59.42621],[10.60909,59.42615],[10.60927,59.42629],[10.60936,59.4263]]]},"properties":{"a":384,"v":517,"dh":1.35,"pl":0,"c":240}},{"type":"Feature","geometry":{"type":"Polygon","coordinates":[[[10.60407,59.42632],[10.60433,59.42622],[10.60431,59.42611],[10.60393,59.42628],[10.60407,59.42632]]]},"properties":{"a":217,"v":-339,"dh":1.56,"pl":0,"c":227}},{"type":"Feature","geometry":{"type":"Polygon","coordinates":[[[10.604,59.42641],[10.60411,59.42633],[10.60387,59.4263],[10.60413,59.42618],[10.60413,59.42614],[10.60395,59.42614],[10.60375,59.42624],[10.60379,59.42632],[10.60386,59.42632],[10.60388,59.42639],[10.604,59.42641]]]},"properties":{"a":302,"v":391,"dh":1.29,"pl":0,"c":227}},{"type":"Feature","geometry":{"type":"Polygon","coordinates":[[[10.60469,59.42669],[10.60491,59.42658],[10.60492,59.42651],[10.60475,59.4265],[10.60468,59.42658],[10.6047,59.42663],[10.6046,59.42669],[10.60469,59.42669]]]},"properties":{"a":199,"v":-205,"dh":1.03,"pl":0,"c":227}},{"type":"Feature","geometry":{"type":"Polygon","coordinates":[[[10.60469,59.42676],[10.60533,59.4265],[10.60536,59.42644],[10.60529,59.42643],[10.60465,59.42673],[10.60449,59.42671],[10.60458,59.42668],[10.60454,59.42665],[10.60442,59.42669],[10.60426,59.42664],[10.60442,59.42674],[10.60469,59.42676]]]},"properties":{"a":364,"v":459,"dh":1.26,"pl":0,"c":227}},{"type":"Feature","geometry":{"type":"Polygon","coordinates":[[[10.59772,59.42692],[10.59777,59.42686],[10.5976,59.42677],[10.59739,59.42669],[10.5973,59.42674],[10.59772,59.42692]]]},"properties":{"a":273,"v":-259,"dh":0.95,"pl":0,"sh":1,"c":241}},{"type":"Feature","geometry":{"type":"Polygon","coordinates":[[[10.60017,59.42742],[10.60024,59.42733],[10.60024,59.42729],[10.60017,59.42726],[10.60018,59.42722],[10.59997,59.42722],[10.60008,59.42736],[10.60007,59.42742],[10.60017,59.42742]]]},"properties":{"a":230,"v":379,"dh":1.65,"pl":0,"fo":1,"c":242}},{"type":"Feature","geometry":{"type":"Polygon","coordinates":[[[10.62455,59.42766],[10.62451,59.42758],[10.62457,59.42752],[10.62445,59.42742],[10.62439,59.42743],[10.62443,59.42747],[10.6244,59.42751],[10.62445,59.42754],[10.62444,59.42761],[10.62455,59.42766]]]},"properties":{"a":142,"v":215,"dh":1.51,"pl":0,"fo":1,"c":239}},{"type":"Feature","geometry":{"type":"Polygon","coordinates":[[[10.62485,59.42805],[10.62481,59.42792],[10.62464,59.42787],[10.62461,59.42794],[10.62465,59.42798],[10.62475,59.42796],[10.62479,59.42798],[10.62478,59.42804],[10.62485,59.42805]]]},"properties":{"a":117,"v":171,"dh":1.46,"pl":0,"fo":1,"c":239}},{"type":"Feature","geometry":{"type":"MultiPolygon","coordinates":[[[[10.63507,59.42794],[10.63515,59.42792],[10.63517,59.42789],[10.63512,59.42787],[10.63507,59.42794]]],[[[10.63508,59.42795],[10.63505,59.42798],[10.63509,59.42798],[10.63508,59.42795]]],[[[10.63519,59.428],[10.63495,59.42803],[10.63495,59.42809],[10.63505,59.42804],[10.63511,59.42807],[10.63519,59.428]]]]},"properties":{"a":124,"v":118,"dh":0.95,"pl":0,"sh":1,"c":243}},{"type":"Feature","geometry":{"type":"Polygon","coordinates":[[[10.64174,59.42964],[10.64181,59.42957],[10.64197,59.42961],[10.64205,59.42946],[10.64179,59.42946],[10.64154,59.42958],[10.64174,59.42964]]]},"properties":{"a":364,"v":-404,"dh":1.11,"pl":1,"pn":"Vårli Bråtengata 58 Detaljregulering (Boliger)","pd":"2011-12-12","c":244}},{"type":"Feature","geometry":{"type":"Polygon","coordinates":[[[10.64125,59.42961],[10.64139,59.42961],[10.64155,59.4296],[10.64151,59.42956],[10.64133,59.42953],[10.64125,59.42961]]]},"properties":{"a":110,"v":104,"dh":0.95,"pl":1,"pn":"Vårli Bråtengata 58 Detaljregulering (Boliger)","pd":"2011-12-12","sh":1,"c":244}},{"type":"Feature","geometry":{"type":"Polygon","coordinates":[[[10.64248,59.42992],[10.64255,59.42986],[10.64254,59.4298],[10.64247,59.42977],[10.64262,59.42964],[10.64213,59.42968],[10.64209,59.42961],[10.64214,59.42954],[10.64199,59.42963],[10.6421,59.42975],[10.64233,59.42978],[10.64224,59.42982],[10.64225,59.42987],[10.64248,59.42992]]]},"properties":{"a":649,"v":746,"dh":1.15,"pl":1,"pn":"Vårli Bråtengata 58 Detaljregulering (Boliger)","pd":"2011-12-12","c":244}},{"type":"Feature","geometry":{"type":"Polygon","coordinates":[[[10.63643,59.43016],[10.6366,59.43013],[10.63661,59.43007],[10.63647,59.43004],[10.63643,59.43016]]]},"properties":{"a":104,"v":-124,"dh":1.19,"pl":1,"pn":"GRIMSRØD - JELØY","pd":"1936-09-30","c":245}},{"type":"Feature","geometry":{"type":"Polygon","coordinates":[[[10.6421,59.43076],[10.6422,59.4307],[10.64202,59.43068],[10.64205,59.4306],[10.64185,59.4307],[10.6421,59.43076]]]},"properties":{"a":108,"v":-98,"dh":0.91,"pl":0,"sh":1,"c":246}},{"type":"Feature","geometry":{"type":"Polygon","coordinates":[[[10.6358,59.43118],[10.63582,59.43105],[10.63571,59.43111],[10.63545,59.43112],[10.6358,59.43118]]]},"properties":{"a":131,"v":-140,"dh":1.07,"pl":1,"pn":"GRIMSRØD - JELØY","pd":"1936-09-30","c":245}},{"type":"Feature","geometry":{"type":"Polygon","coordinates":[[[10.63495,59.43128],[10.63503,59.43119],[10.63485,59.43117],[10.6348,59.43121],[10.63495,59.43128]]]},"properties":{"a":105,"v":-102,"dh":0.97,"pl":1,"pn":"GRIMSRØD - JELØY","pd":"1936-09-30","sh":1,"c":245}},{"type":"Feature","geometry":{"type":"Polygon","coordinates":[[[10.63789,59.43132],[10.63796,59.43119],[10.63769,59.43119],[10.63765,59.43112],[10.63753,59.4311],[10.63766,59.43125],[10.63789,59.43132]]]},"properties":{"a":263,"v":277,"dh":1.05,"pl":1,"pn":"GRIMSRØD - JELØY","pd":"1936-09-30","c":245}},{"type":"Feature","geometry":{"type":"Polygon","coordinates":[[[10.63428,59.43175],[10.63424,59.43163],[10.63408,59.43166],[10.63412,59.43175],[10.63428,59.43175]]]},"properties":{"a":141,"v":-149,"dh":1.06,"pl":1,"pn":"GRIMSRØD - JELØY","pd":"1936-09-30","c":245}},{"type":"Feature","geometry":{"type":"Polygon","coordinates":[[[10.59337,59.42888],[10.59351,59.42884],[10.59343,59.42868],[10.59334,59.42866],[10.59335,59.42859],[10.59332,59.42858],[10.59325,59.42868],[10.59318,59.42869],[10.59318,59.42873],[10.59324,59.42878],[10.59321,59.42884],[10.59337,59.42888]]]},"properties":{"a":344,"v":779,"dh":2.27,"pl":0,"fo":1,"c":247}},{"type":"Feature","geometry":{"type":"Polygon","coordinates":[[[10.59757,59.42983],[10.59761,59.42981],[10.59746,59.42966],[10.59737,59.42891],[10.5973,59.4289],[10.59729,59.429],[10.59717,59.42914],[10.59718,59.42927],[10.5973,59.4293],[10.5973,59.42934],[10.5971,59.42951],[10.59717,59.42957],[10.5971,59.42964],[10.59716,59.42965],[10.59718,59.42981],[10.59745,59.42978],[10.59757,59.42983]],[[10.59743,59.42976],[10.59739,59.42973],[10.59744,59.42973],[10.59743,59.42976]]]},"properties":{"a":1315,"v":1799,"dh":1.37,"pl":0,"fo":1,"c":248}},{"type":"Feature","geometry":{"type":"Polygon","coordinates":[[[10.60646,59.43028],[10.60681,59.43022],[10.60684,59.43014],[10.60661,59.43019],[10.60658,59.43024],[10.60627,59.43025],[10.60646,59.43028]]]},"properties":{"a":147,"v":140,"dh":0.96,"pl":0,"sh":1,"c":249}},{"type":"Feature","geometry":{"type":"MultiPolygon","coordinates":[[[[10.61151,59.43082],[10.61153,59.43081],[10.61151,59.43081],[10.61151,59.43082]]],[[[10.61153,59.4308],[10.61151,59.43074],[10.61133,59.43078],[10.61137,59.43073],[10.61126,59.43071],[10.61125,59.43081],[10.61132,59.43082],[10.61137,59.43092],[10.61145,59.43096],[10.61166,59.43094],[10.61158,59.43088],[10.61144,59.43091],[10.61144,59.43083],[10.61139,59.43081],[10.61153,59.4308]]]]},"properties":{"a":254,"v":-216,"dh":0.85,"pl":0,"sh":1,"c":250}},{"type":"Feature","geometry":{"type":"MultiPolygon","coordinates":[[[[10.61052,59.43105],[10.61046,59.43105],[10.61047,59.43108],[10.61052,59.43105]]],[[[10.61051,59.43099],[10.61068,59.43115],[10.61063,59.43127],[10.61072,59.43132],[10.61081,59.43125],[10.61085,59.43112],[10.6108,59.43111],[10.61083,59.43106],[10.61072,59.43098],[10.61072,59.43092],[10.61051,59.43099]]]]},"properties":{"a":438,"v":-483,"dh":1.1,"pl":0,"c":250}},{"type":"Feature","geometry":{"type":"Polygon","coordinates":[[[10.62309,59.43115],[10.62306,59.43116],[10.62315,59.4313],[10.62308,59.43133],[10.62303,59.43125],[10.62296,59.43126],[10.62307,59.4314],[10.62319,59.43137],[10.62324,59.43124],[10.62332,59.43118],[10.62314,59.43106],[10.62295,59.43113],[10.62309,59.43115]],[[10.62309,59.43112],[10.62311,59.43111],[10.62311,59.43112],[10.62309,59.43112]],[[10.62311,59.4311],[10.62312,59.43109],[10.62312,59.4311],[10.62311,59.4311]]]},"properties":{"a":374,"v":494,"dh":1.32,"pl":0,"fo":1,"c":251}},{"type":"Feature","geometry":{"type":"Polygon","coordinates":[[[10.6095,59.43153],[10.60941,59.43151],[10.60948,59.43148],[10.60944,59.43144],[10.60923,59.43134],[10.60915,59.43133],[10.60909,59.43138],[10.60939,59.43153],[10.6095,59.43153]]]},"properties":{"a":223,"v":-206,"dh":0.93,"pl":0,"sh":1,"c":252}},{"type":"Feature","geometry":{"type":"MultiPolygon","coordinates":[[[[10.64671,59.43108],[10.6465,59.43105],[10.64644,59.43096],[10.64635,59.43098],[10.64652,59.43111],[10.64671,59.43108]]],[[[10.64673,59.43104],[10.64678,59.43105],[10.64678,59.43103],[10.64673,59.43104]]]]},"properties":{"a":127,"v":107,"dh":0.84,"pl":1,"pn":"Glassverket","pd":"2003-04-29","sh":1,"c":253}},{"type":"Feature","geometry":{"type":"Polygon","coordinates":[[[10.64875,59.43128],[10.64887,59.43112],[10.64781,59.43085],[10.64746,59.43089],[10.64755,59.431],[10.64775,59.43101],[10.6478,59.43106],[10.64798,59.43104],[10.64802,59.43112],[10.64825,59.43117],[10.64843,59.43115],[10.64845,59.43122],[10.64875,59.43128]],[[10.6475,59.43089],[10.64753,59.43088],[10.64753,59.43089],[10.6475,59.43089]]]},"properties":{"a":1445,"v":-1652,"dh":1.14,"pl":1,"pn":"Delfelt B5 og B6 i reguleringsplan for Glassverkstomta","pd":"2010-05-25","c":254}},{"type":"Feature","geometry":{"type":"Polygon","coordinates":[[[10.64683,59.4313],[10.64689,59.4312],[10.64698,59.43116],[10.64698,59.43109],[10.64675,59.43119],[10.64681,59.43123],[10.64674,59.43129],[10.64683,59.4313]]]},"properties":{"a":137,"v":-135,"dh":0.99,"pl":1,"pn":"Delfelt B5 og B6 i reguleringsplan for Glassverkstomta","pd":"2010-05-25","sh":1,"c":254}},{"type":"Feature","geometry":{"type":"Polygon","coordinates":[[[10.64862,59.43159],[10.64878,59.43161],[10.64869,59.43151],[10.64881,59.43142],[10.64879,59.43131],[10.64847,59.43127],[10.64837,59.43118],[10.64802,59.43116],[10.64793,59.43107],[10.64756,59.43105],[10.6475,59.43097],[10.64718,59.43098],[10.6471,59.43103],[10.64714,59.43111],[10.64707,59.43112],[10.64705,59.4312],[10.64693,59.43128],[10.64697,59.43136],[10.64713,59.43129],[10.64715,59.43137],[10.64747,59.43145],[10.64777,59.43142],[10.64775,59.43146],[10.64784,59.43152],[10.64809,59.43158],[10.64827,59.43158],[10.64843,59.43152],[10.64846,59.43156],[10.64862,59.43154],[10.64862,59.43159]]]},"properties":{"a":4150,"v":5355,"dh":1.29,"pl":1,"pn":"Delfelt B5 og B6 i reguleringsplan for Glassverkstomta","pd":"2010-05-25","c":254}},{"type":"Feature","geometry":{"type":"Polygon","coordinates":[[[10.64595,59.43214],[10.64788,59.43218],[10.64789,59.43213],[10.64764,59.43206],[10.6476,59.432],[10.64704,59.43194],[10.64619,59.43195],[10.64589,59.43191],[10.64586,59.43202],[10.64595,59.43214]]]},"properties":{"a":2517,"v":6498,"dh":2.58,"pl":1,"pn":"Glassverket","pd":"2003-04-29","c":255}},{"type":"Feature","geometry":{"type":"MultiPolygon","coordinates":[[[[10.64885,59.43224],[10.64883,59.43222],[10.64883,59.43224],[10.64885,59.43224]]],[[[10.64883,59.43225],[10.64857,59.4322],[10.64845,59.43227],[10.64866,59.43234],[10.64883,59.43225]],[[10.64876,59.43227],[10.64878,59.43225],[10.64878,59.43227],[10.64876,59.43227]]]]},"properties":{"a":186,"v":-151,"dh":0.81,"pl":1,"pn":"Glassverket","pd":"2003-04-29","sh":1,"c":255}},{"type":"Feature","geometry":{"type":"Polygon","coordinates":[[[10.64937,59.43249],[10.64944,59.43245],[10.64944,59.4324],[10.64922,59.43234],[10.64914,59.43236],[10.64917,59.43237],[10.64914,59.43239],[10.64916,59.43245],[10.64937,59.43249]]]},"properties":{"a":198,"v":323,"dh":1.63,"pl":1,"pn":"Glassverket","pd":"2003-04-29","c":255}},{"type":"Feature","geometry":{"type":"Polygon","coordinates":[[[10.64904,59.43281],[10.64942,59.43279],[10.64942,59.43277],[10.64921,59.43272],[10.64903,59.43275],[10.64904,59.43281]]]},"properties":{"a":139,"v":-213,"dh":1.53,"pl":1,"pn":"Glassverket","pd":"2003-04-29","c":255}},{"type":"Feature","geometry":{"type":"MultiPolygon","coordinates":[[[[10.6465,59.43322],[10.64647,59.43331],[10.64651,59.43337],[10.64677,59.43345],[10.64688,59.43345],[10.64686,59.43339],[10.64691,59.43336],[10.64703,59.43334],[10.64713,59.4334],[10.64735,59.43331],[10.6474,59.43324],[10.64764,59.43321],[10.64781,59.43328],[10.64823,59.43326],[10.64866,59.43332],[10.64884,59.43345],[10.64915,59.43345],[10.64919,59.4335],[10.64928,59.43347],[10.64937,59.43351],[10.64947,59.43346],[10.64938,59.43332],[10.64945,59.43327],[10.64942,59.43309],[10.6495,59.43289],[10.64932,59.4328],[10.64905,59.4328],[10.64899,59.43301],[10.64891,59.43303],[10.64899,59.43287],[10.64898,59.43276],[10.64921,59.43269],[10.64903,59.43264],[10.64885,59.43267],[10.64867,59.43259],[10.64855,59.43266],[10.64855,59.4326],[10.64865,59.43252],[10.64844,59.43252],[10.64819,59.43242],[10.64796,59.43247],[10.648,59.43252],[10.64795,59.43255],[10.64777,59.43255],[10.64749,59.43286],[10.64733,59.43295],[10.64717,59.43317],[10.64696,59.43329],[10.6465,59.43322]]],[[[10.64645,59.43322],[10.6465,59.43317],[10.64641,59.43319],[10.64645,59.43322]]]]},"properties":{"a":10214,"v":19337,"dh":1.89,"pl":1,"pn":"Glassverket","pd":"2003-04-29","c":255}},{"type":"Feature","geometry":{"type":"Polygon","coordinates":[[[10.65068,59.43337],[10.65081,59.43333],[10.65089,59.43324],[10.65079,59.43326],[10.65078,59.43321],[10.65069,59.43317],[10.65066,59.43323],[10.6507,59.43325],[10.65068,59.43337]]]},"properties":{"a":140,"v":-105,"dh":0.75,"pl":1,"pn":"Glassverket 2","pd":"2019-02-26","sh":1,"c":256}},{"type":"Feature","geometry":{"type":"Polygon","coordinates":[[[10.64201,59.43195],[10.64236,59.43193],[10.64215,59.43183],[10.64216,59.43179],[10.64208,59.43182],[10.64201,59.43191],[10.64201,59.43195]]]},"properties":{"a":209,"v":-184,"dh":0.88,"pl":1,"pn":"GRIMSRØD - JELØY","pd":"1936-09-30","sh":1,"c":257}},{"type":"Feature","geometry":{"type":"Polygon","coordinates":[[[10.63238,59.4329],[10.63244,59.43275],[10.63232,59.43273],[10.63234,59.43276],[10.63223,59.4328],[10.63224,59.43285],[10.63238,59.4329]]]},"properties":{"a":147,"v":147,"dh":1.0,"pl":0,"c":258}},{"type":"Feature","geometry":{"type":"Polygon","coordinates":[[[10.63861,59.43307],[10.63866,59.43304],[10.63852,59.43303],[10.63855,59.43301],[10.63853,59.43294],[10.63827,59.43302],[10.63861,59.43307]]]},"properties":{"a":124,"v":97,"dh":0.78,"pl":1,"pn":"GRIMSRØD - JELØY","pd":"1936-09-30","sh":1,"c":257}},{"type":"Feature","geometry":{"type":"MultiPolygon","coordinates":[[[[10.62586,59.43304],[10.62584,59.43303],[10.62584,59.43304],[10.62586,59.43304]]],[[[10.62584,59.43304],[10.62553,59.43314],[10.62552,59.43324],[10.62559,59.4333],[10.6257,59.43329],[10.62578,59.43321],[10.62579,59.43308],[10.62584,59.43304]]]]},"properties":{"a":290,"v":357,"dh":1.23,"pl":1,"pn":"REIER DEL AV REIER GÅRD, GNR 5, BNR 1","pd":"1984-01-30","c":259}},{"type":"Feature","geometry":{"type":"Polygon","coordinates":[[[10.63159,59.43343],[10.63164,59.43339],[10.63162,59.43333],[10.63136,59.43327],[10.63116,59.43331],[10.63119,59.43339],[10.63125,59.43333],[10.63138,59.4334],[10.63159,59.43343]]]},"properties":{"a":293,"v":-333,"dh":1.14,"pl":1,"pn":"OLE VIGS GATE 9 OG 11","pd":"2011-09-19","c":260}},{"type":"Feature","geometry":{"type":"Polygon","coordinates":[[[10.63188,59.43348],[10.63202,59.43341],[10.63201,59.43338],[10.63178,59.43335],[10.63182,59.43342],[10.63173,59.43344],[10.63188,59.43348]]]},"properties":{"a":102,"v":-105,"dh":1.03,"pl":1,"pn":"OLE VIGS GATE 9 OG 11","pd":"2011-09-19","c":260}},{"type":"Feature","geometry":{"type":"Polygon","coordinates":[[[10.63842,59.43351],[10.63844,59.43321],[10.63814,59.43319],[10.63822,59.43339],[10.63829,59.43343],[10.6383,59.43351],[10.63842,59.43351]]]},"properties":{"a":424,"v":442,"dh":1.04,"pl":1,"pn":"TORDERØD / HELGERØD. BOLIGOMRÅDE, FRIOMRÅDE, BYGGEOMRÅDE","pd":"1979-09-18","c":261}},{"type":"Feature","geometry":{"type":"Polygon","coordinates":[[[10.62762,59.43395],[10.62765,59.43391],[10.6276,59.43366],[10.62797,59.43358],[10.62797,59.43351],[10.62784,59.43346],[10.62738,59.43352],[10.62737,59.43365],[10.62746,59.43391],[10.62762,59.43395]]]},"properties":{"a":895,"v":-1188,"dh":1.33,"pl":1,"pn":"Nye Hoppern skole","pd":"2016-09-19","c":262}},{"type":"Feature","geometry":{"type":"Polygon","coordinates":[[[10.62987,59.43387],[10.63043,59.43377],[10.63021,59.43356],[10.62994,59.43358],[10.62983,59.43352],[10.62964,59.43351],[10.62936,59.43358],[10.62961,59.43372],[10.62979,59.43375],[10.62976,59.4338],[10.6299,59.43384],[10.62987,59.43387]],[[10.63025,59.43372],[10.6303,59.43371],[10.6303,59.43371],[10.63025,59.43372]]]},"properties":{"a":1339,"v":-1672,"dh":1.25,"pl":1,"pn":"HOPPERN","pd":"2007-04-24","c":263}},{"type":"Feature","geometry":{"type":"Polygon","coordinates":[[[10.62905,59.43378],[10.62935,59.43376],[10.62915,59.43366],[10.62898,59.43363],[10.62905,59.43378]]]},"properties":{"a":216,"v":242,"dh":1.12,"pl":1,"pn":"HOPPERN","pd":"2007-04-24","c":263}},{"type":"Feature","geometry":{"type":"Polygon","coordinates":[[[10.6781,59.41767],[10.67804,59.41758],[10.67814,59.41745],[10.67776,59.41719],[10.67763,59.41705],[10.6768,59.41709],[10.67666,59.417],[10.67671,59.41709],[10.67686,59.41717],[10.67674,59.4173],[10.67691,59.41743],[10.67728,59.4174],[10.67738,59.41733],[10.67755,59.41731],[10.6781,59.41767]]]},"properties":{"a":2451,"v":-4084,"dh":1.67,"pl":1,"pn":"Lilleeng","pd":"2018-10-09","c":264}},{"type":"Feature","geometry":{"type":"Polygon","coordinates":[[[10.67868,59.41806],[10.67875,59.41802],[10.67873,59.41796],[10.67839,59.41782],[10.67845,59.41794],[10.67868,59.41806]]]},"properties":{"a":232,"v":-183,"dh":0.79,"pl":1,"pn":"Lilleeng","pd":"2018-10-09","sh":1,"c":264}},{"type":"Feature","geometry":{"type":"Polygon","coordinates":[[[10.67898,59.41831],[10.67901,59.41822],[10.67897,59.41815],[10.67888,59.41809],[10.67878,59.41815],[10.67883,59.41824],[10.67898,59.41831]]]},"properties":{"a":180,"v":-139,"dh":0.77,"pl":1,"pn":"Lilleeng","pd":"2018-10-09","sh":1,"c":265}},{"type":"Feature","geometry":{"type":"Polygon","coordinates":[[[10.67957,59.41849],[10.67964,59.41842],[10.67952,59.41832],[10.67942,59.41829],[10.6793,59.41835],[10.67943,59.41847],[10.67957,59.41849]]]},"properties":{"a":262,"v":-573,"dh":2.19,"pl":1,"pn":"Del av Høyden - Varnaveien - Melløs (Områderegulering Rosenvinge Park mv.)","pd":"2014-05-26","c":266}},{"type":"Feature","geometry":{"type":"Polygon","coordinates":[[[10.67988,59.41871],[10.67991,59.41865],[10.6798,59.41856],[10.67961,59.41855],[10.67972,59.41866],[10.67988,59.41871]]]},"properties":{"a":179,"v":-303,"dh":1.69,"pl":1,"pn":"Del av Høyden - Varnaveien - Melløs (Områderegulering Rosenvinge Park mv.)","pd":"2014-05-26","c":266}},{"type":"Feature","geometry":{"type":"Polygon","coordinates":[[[10.67829,59.41928],[10.6783,59.41924],[10.67817,59.41913],[10.67807,59.41916],[10.67805,59.41921],[10.67811,59.41927],[10.67829,59.41928]]]},"properties":{"a":151,"v":-225,"dh":1.49,"pl":1,"pn":"ROSENVINGE PARK","pd":"2019-09-26","c":267}},{"type":"Feature","geometry":{"type":"MultiPolygon","coordinates":[[[[10.67553,59.41919],[10.67557,59.41921],[10.67557,59.41919],[10.67553,59.41919]]],[[[10.6768,59.4199],[10.67677,59.41973],[10.67661,59.41966],[10.67662,59.41956],[10.67648,59.41952],[10.67637,59.41938],[10.67621,59.41935],[10.67619,59.41928],[10.67605,59.41931],[10.67599,59.41925],[10.67592,59.41925],[10.67596,59.41921],[10.67587,59.4192],[10.67592,59.41915],[10.67584,59.4191],[10.67565,59.41909],[10.67548,59.41915],[10.67566,59.41922],[10.67562,59.41924],[10.67564,59.41931],[10.67587,59.41932],[10.67579,59.41934],[10.67579,59.41939],[10.6757,59.41941],[10.6757,59.41944],[10.67642,59.41996],[10.67661,59.42],[10.6768,59.4199]],[[10.67591,59.41928],[10.67589,59.41929],[10.67589,59.41928],[10.67591,59.41928]],[[10.67579,59.41915],[10.67585,59.41914],[10.67586,59.41915],[10.67579,59.41915]],[[10.67572,59.41913],[10.67571,59.41914],[10.6757,59.41913],[10.67572,59.41913]],[[10.67576,59.41912],[10.67574,59.41913],[10.67574,59.41912],[10.67576,59.41912]]],[[[10.67682,59.41993],[10.67672,59.41998],[10.67668,59.42003],[10.67696,59.41994],[10.67687,59.4199],[10.67687,59.41984],[10.67683,59.41984],[10.67682,59.41993]]]]},"properties":{"a":3103,"v":3031,"dh":0.98,"pl":1,"pn":"ROSENVINGE PARK","pd":"2019-09-26","c":267}},{"type":"Feature","geometry":{"type":"Polygon","coordinates":[[[10.67597,59.42137],[10.67581,59.42135],[10.67584,59.42141],[10.67594,59.42145],[10.67597,59.42157],[10.67587,59.42167],[10.6759,59.42175],[10.67582,59.4218],[10.67594,59.42178],[10.67604,59.42167],[10.67636,59.42163],[10.67621,59.42156],[10.67622,59.42145],[10.67615,59.42139],[10.67599,59.42141],[10.67597,59.42137]],[[10.67598,59.42139],[10.67596,59.4214],[10.67596,59.42139],[10.67598,59.42139]],[[10.67618,59.42151],[10.67619,59.42149],[10.67619,59.42151],[10.67618,59.42151]]]},"properties":{"a":658,"v":-546,"dh":0.83,"pl":1,"pn":"RABEKKGATA","pd":"2008-12-01","c":268}},{"type":"Feature","geometry":{"type":"Polygon","coordinates":[[[10.6792,59.42178],[10.67946,59.42168],[10.67946,59.42163],[10.67935,59.42158],[10.67935,59.42162],[10.67913,59.42173],[10.6792,59.42178]]]},"properties":{"a":161,"v":213,"dh":1.33,"pl":0,"c":269}},{"type":"Feature","geometry":{"type":"Polygon","coordinates":[[[10.67604,59.42203],[10.67607,59.42198],[10.67629,59.42195],[10.6763,59.4219],[10.67593,59.42195],[10.67604,59.42203]]]},"properties":{"a":118,"v":93,"dh":0.79,"pl":1,"pn":"RABEKKGATA","pd":"2008-12-01","sh":1,"c":268}},{"type":"Feature","geometry":{"type":"Polygon","coordinates":[[[10.66123,59.41758],[10.66132,59.41752],[10.66131,59.41747],[10.66112,59.41746],[10.66109,59.41755],[10.66123,59.41758]]]},"properties":{"a":136,"v":151,"dh":1.11,"pl":1,"pn":"Østfoldbanen VL(Ski)-Moss, Sandbukta - Rygge grense","pd":"2016-11-14","c":270}},{"type":"Feature","geometry":{"type":"Polygon","coordinates":[[[10.65833,59.41842],[10.6584,59.41834],[10.65835,59.41822],[10.6583,59.41818],[10.65814,59.41822],[10.6581,59.41837],[10.6582,59.41839],[10.65822,59.41845],[10.65833,59.41842]]]},"properties":{"a":323,"v":-653,"dh":2.02,"pl":0,"fo":1,"c":271}},{"type":"Feature","geometry":{"type":"Polygon","coordinates":[[[10.65889,59.41844],[10.65913,59.41829],[10.65926,59.41838],[10.65935,59.41839],[10.65938,59.41834],[10.65922,59.4183],[10.65915,59.41821],[10.65897,59.41818],[10.65882,59.41832],[10.65861,59.41838],[10.65866,59.41843],[10.65873,59.4184],[10.65889,59.41844]],[[10.65908,59.41824],[10.65906,59.41824],[10.65906,59.41824],[10.65908,59.41824]],[[10.65908,59.41824],[10.65909,59.41821],[10.65909,59.41824],[10.65908,59.41824]]]},"properties":{"a":498,"v":599,"dh":1.2,"pl":0,"c":271}},{"type":"Feature","geometry":{"type":"Polygon","coordinates":[[[10.65904,59.41928],[10.65914,59.41921],[10.65912,59.41915],[10.65896,59.41918],[10.65895,59.41923],[10.65904,59.41928]]]},"properties":{"a":105,"v":-126,"dh":1.2,"pl":0,"c":272}},{"type":"Feature","geometry":{"type":"Polygon","coordinates":[[[10.65797,59.41947],[10.65811,59.41945],[10.65816,59.41929],[10.65802,59.41932],[10.65797,59.41947]]]},"properties":{"a":156,"v":-148,"dh":0.95,"pl":1,"pn":"KALLUMSKOGEN. DEL AV KALLUMSKOGEN","pd":"1973-01-18","sh":1,"c":273}},{"type":"Feature","geometry":{"type":"Polygon","coordinates":[[[10.65943,59.42067],[10.65946,59.42056],[10.65933,59.42044],[10.65953,59.4203],[10.6596,59.4203],[10.65955,59.42025],[10.65937,59.42027],[10.65925,59.42037],[10.65913,59.4204],[10.65905,59.42051],[10.65905,59.42055],[10.65928,59.42051],[10.65932,59.42061],[10.65943,59.42067]],[[10.65932,59.4204],[10.65938,59.42037],[10.65938,59.42039],[10.65932,59.4204]]]},"properties":{"a":536,"v":616,"dh":1.15,"pl":1,"pn":"Østfoldbanen VL(Ski)-Moss, Sandbukta - Rygge grense","pd":"2016-11-14","fo":1,"c":274}},{"type":"Feature","geometry":{"type":"Polygon","coordinates":[[[10.65872,59.4211],[10.65901,59.4211],[10.65888,59.42109],[10.65882,59.421],[10.65869,59.42103],[10.65872,59.4211]]]},"properties":{"a":150,"v":153,"dh":1.02,"pl":1,"pn":"Østfoldbanen VL(Ski)-Moss, Sandbukta - Rygge grense","pd":"2016-11-14","c":274}},{"type":"Feature","geometry":{"type":"Polygon","coordinates":[[[10.66417,59.42292],[10.66433,59.42292],[10.66433,59.42288],[10.66413,59.42279],[10.66391,59.42289],[10.66415,59.42283],[10.66422,59.42287],[10.66417,59.42292]]]},"properties":{"a":136,"v":-129,"dh":0.95,"pl":0,"sh":1,"c":286}},{"type":"Feature","geometry":{"type":"Polygon","coordinates":[[[10.65896,59.42305],[10.65885,59.42299],[10.65885,59.42286],[10.65877,59.42282],[10.65877,59.42277],[10.65872,59.42278],[10.65891,59.42319],[10.65906,59.42319],[10.65906,59.42327],[10.65909,59.42327],[10.65911,59.42321],[10.65896,59.42313],[10.65896,59.42305]],[[10.65894,59.42305],[10.65892,59.42304],[10.65894,59.42304],[10.65894,59.42305]]]},"properties":{"a":251,"v":489,"dh":1.95,"pl":1,"pn":"Østfoldbanen VL(Ski)-Moss, Sandbukta - Rygge grense","pd":"2016-11-14","sl":1,"c":274}},{"type":"Feature","geometry":{"type":"Polygon","coordinates":[[[10.67394,59.41739],[10.6744,59.41734],[10.67515,59.41713],[10.6752,59.4171],[10.67515,59.41709],[10.67525,59.41696],[10.67493,59.41696],[10.67462,59.41705],[10.67391,59.41704],[10.67327,59.41725],[10.67331,59.41732],[10.67347,59.41737],[10.67394,59.41739]]]},"properties":{"a":3009,"v":-2881,"dh":0.96,"pl":1,"pn":"Varnaveien 30","pd":"2011-06-20","c":275}},{"type":"Feature","geometry":{"type":"Polygon","coordinates":[[[10.67195,59.41771],[10.67218,59.41766],[10.67184,59.41763],[10.67195,59.41771]]]},"properties":{"a":121,"v":-111,"dh":0.92,"pl":1,"pn":"RABEKKGATA","pd":"2008-12-01","sh":1,"c":276}},{"type":"Feature","geometry":{"type":"Polygon","coordinates":[[[10.67228,59.42079],[10.67209,59.42061],[10.67173,59.42041],[10.67167,59.42031],[10.6713,59.42014],[10.67217,59.42075],[10.67228,59.42079]]]},"properties":{"a":303,"v":-326,"dh":1.08,"pl":1,"pn":"RABEKKGATA","pd":"2008-12-01","c":268}},{"type":"Feature","geometry":{"type":"Polygon","coordinates":[[[10.67387,59.42164],[10.67431,59.42163],[10.67457,59.42152],[10.67475,59.4216],[10.67501,59.42149],[10.67455,59.42112],[10.67434,59.42117],[10.67434,59.42109],[10.67444,59.42107],[10.67433,59.42099],[10.67437,59.42095],[10.67412,59.42086],[10.67413,59.42081],[10.67399,59.42075],[10.67385,59.4208],[10.67394,59.42094],[10.67373,59.4209],[10.67361,59.42095],[10.67379,59.42107],[10.67371,59.42113],[10.67349,59.42112],[10.67343,59.42124],[10.67347,59.42129],[10.67356,59.4213],[10.67371,59.4213],[10.67376,59.42123],[10.67384,59.42125],[10.67411,59.42147],[10.67381,59.42151],[10.67387,59.42164]]]},"properties":{"a":4191,"v":-7974,"dh":1.9,"pl":1,"pn":"Ryggeveien 33","pd":"2015-11-09","c":277}},{"type":"Feature","geometry":{"type":"Polygon","coordinates":[[[10.67436,59.42185],[10.67429,59.42198],[10.67463,59.42206],[10.6746,59.42211],[10.67473,59.42217],[10.67473,59.42223],[10.67511,59.42215],[10.67518,59.42213],[10.67516,59.42205],[10.6752,59.42204],[10.67551,59.42202],[10.67549,59.42192],[10.67533,59.42185],[10.67533,59.4218],[10.67514,59.42167],[10.67488,59.42164],[10.67486,59.42161],[10.67491,59.42157],[10.6747,59.42161],[10.67463,59.42154],[10.67452,59.42156],[10.67458,59.4216],[10.67442,59.42169],[10.67453,59.42172],[10.67457,59.4218],[10.67436,59.42185]],[[10.67439,59.42186],[10.67441,59.42187],[10.67439,59.42187],[10.67439,59.42186]]]},"properties":{"a":2919,"v":3192,"dh":1.09,"pl":1,"pn":"Ryggeveien 33","pd":"2015-11-09","c":277}},{"type":"Feature","geometry":{"type":"Polygon","coordinates":[[[10.66615,59.42333],[10.6663,59.42329],[10.6663,59.42322],[10.66611,59.42324],[10.66615,59.42333]]]},"properties":{"a":104,"v":104,"dh":1.0,"pl":0,"c":278}},{"type":"Feature","geometry":{"type":"Polygon","coordinates":[[[10.67462,59.42427],[10.67481,59.42419],[10.67477,59.4241],[10.67426,59.42412],[10.67444,59.42426],[10.67462,59.42427]]]},"properties":{"a":431,"v":537,"dh":1.25,"pl":1,"pn":"KLOMMESTEN - VESTRE ØRE - ØSTRE ØRE","pd":"1957-04-13","c":279}},{"type":"Feature","geometry":{"type":"Polygon","coordinates":[[[10.66775,59.42626],[10.66789,59.42621],[10.66789,59.42614],[10.66768,59.42617],[10.66775,59.42626]]]},"properties":{"a":110,"v":-135,"dh":1.23,"pl":1,"pn":"DEL AV RYGGE BYGNINGSKOMMUNE","pd":"1937-06-07","c":287}},{"type":"Feature","geometry":{"type":"Polygon","coordinates":[[[10.66921,59.42719],[10.66849,59.42656],[10.66839,59.42654],[10.66827,59.42662],[10.66829,59.42672],[10.66858,59.42684],[10.66862,59.42696],[10.66898,59.42724],[10.66921,59.42719]]]},"properties":{"a":1279,"v":1581,"dh":1.24,"pl":1,"pn":"Dyrevegen, Melløsbakken, Fr. J. Holsts veg og Høienhaldgate","pd":"1993-04-16","c":280}},{"type":"Feature","geometry":{"type":"Polygon","coordinates":[[[10.66869,59.42777],[10.6688,59.42776],[10.66878,59.42769],[10.6686,59.42766],[10.66869,59.42777]]]},"properties":{"a":103,"v":-89,"dh":0.86,"pl":1,"pn":"Dyrevegen, Melløsbakken, Fr. J. Holsts veg og Høienhaldgate","pd":"1993-04-16","sh":1,"c":280}},{"type":"Feature","geometry":{"type":"Polygon","coordinates":[[[10.67619,59.42217],[10.67627,59.4221],[10.67622,59.42205],[10.67603,59.4221],[10.67607,59.42217],[10.67619,59.42217]]]},"properties":{"a":148,"v":122,"dh":0.83,"pl":1,"pn":"RABEKKGATA","pd":"2008-12-01","sh":1,"c":268}},{"type":"Feature","geometry":{"type":"Polygon","coordinates":[[[10.67845,59.42223],[10.67857,59.42218],[10.6786,59.42214],[10.67832,59.42215],[10.67845,59.42223]]]},"properties":{"a":105,"v":107,"dh":1.02,"pl":0,"c":281}},{"type":"Feature","geometry":{"type":"Polygon","coordinates":[[[10.6764,59.42253],[10.67672,59.42245],[10.67708,59.42229],[10.67635,59.4225],[10.6764,59.42253]]]},"properties":{"a":212,"v":245,"dh":1.16,"pl":1,"pn":"RABEKKGATA","pd":"2008-12-01","c":268}},{"type":"Feature","geometry":{"type":"Polygon","coordinates":[[[10.6759,59.42266],[10.67596,59.42258],[10.67577,59.42254],[10.67579,59.42263],[10.6759,59.42266]]]},"properties":{"a":104,"v":-93,"dh":0.9,"pl":1,"pn":"RABEKKGATA","pd":"2008-12-01","sh":1,"c":268}},{"type":"Feature","geometry":{"type":"Polygon","coordinates":[[[10.6808,59.42337],[10.68083,59.42328],[10.6806,59.423],[10.68053,59.42297],[10.68039,59.42303],[10.68062,59.4233],[10.6808,59.42337]]]},"properties":{"a":447,"v":484,"dh":1.08,"pl":1,"pn":"Ørejordet barnehage","pd":"2014-06-16","c":282}},{"type":"Feature","geometry":{"type":"Polygon","coordinates":[[[10.68118,59.42389],[10.68131,59.42386],[10.68124,59.42373],[10.68106,59.42366],[10.681,59.42354],[10.68087,59.42349],[10.68093,59.42366],[10.68102,59.42369],[10.68107,59.42384],[10.68118,59.42389]]]},"properties":{"a":372,"v":325,"dh":0.87,"pl":1,"pn":"ØRE. DEL AV KVARTALET SOLIELUNDEN - SOLVEGEN OG ØREVEGEN","pd":"1971-05-25","sh":1,"c":283}},{"type":"Feature","geometry":{"type":"Polygon","coordinates":[[[10.67754,59.42408],[10.67781,59.42392],[10.67784,59.42386],[10.67765,59.4238],[10.67734,59.42399],[10.67754,59.42408]]]},"properties":{"a":451,"v":667,"dh":1.48,"pl":1,"pn":"KLOMMESTEN - VESTRE ØRE - ØSTRE ØRE","pd":"1957-04-13","c":279}},{"type":"Feature","geometry":{"type":"Polygon","coordinates":[[[10.6824,59.42449],[10.68223,59.42426],[10.68239,59.42419],[10.68216,59.42422],[10.6823,59.42447],[10.6824,59.42449]]]},"properties":{"a":129,"v":111,"dh":0.86,"pl":1,"pn":"ØRE. DEL AV KVARTALET SOLIELUNDEN - SOLVEGEN OG ØREVEGEN","pd":"1971-05-25","sh":1,"c":283}},{"type":"Feature","geometry":{"type":"Polygon","coordinates":[[[10.67853,59.42496],[10.67879,59.4249],[10.6789,59.42483],[10.67889,59.42478],[10.67873,59.4247],[10.67857,59.42471],[10.67875,59.42478],[10.67875,59.42485],[10.6787,59.42489],[10.67858,59.42482],[10.67839,59.42486],[10.67841,59.42491],[10.67853,59.42496]]]},"properties":{"a":351,"v":522,"dh":1.49,"pl":1,"pn":"ØREOMRÅDET. DEL AV ØRE","pd":"1975-07-18","c":284}},{"type":"Feature","geometry":{"type":"Polygon","coordinates":[[[10.67788,59.42507],[10.6779,59.42503],[10.67795,59.42506],[10.67794,59.42502],[10.678,59.425],[10.67798,59.42495],[10.67779,59.42498],[10.67783,59.42506],[10.67788,59.42507]]]},"properties":{"a":103,"v":105,"dh":1.02,"pl":1,"pn":"ØREOMRÅDET. DEL AV ØRE","pd":"1975-07-18","c":284}},{"type":"Feature","geometry":{"type":"Polygon","coordinates":[[[10.65792,59.42342],[10.65811,59.42339],[10.65836,59.42343],[10.65843,59.42337],[10.65855,59.4234],[10.65853,59.42325],[10.6586,59.42324],[10.65847,59.42307],[10.65835,59.4231],[10.65811,59.42305],[10.65777,59.42314],[10.65777,59.42321],[10.65786,59.42328],[10.65792,59.42342]],[[10.65828,59.42312],[10.65829,59.4231],[10.65829,59.42312],[10.65828,59.42312]]]},"properties":{"a":1462,"v":-3235,"dh":2.21,"pl":1,"pn":"Østfoldbanen VL(Ski)-Moss, Sandbukta - Rygge grense","pd":"2016-11-14","c":274}},{"type":"Feature","geometry":{"type":"Polygon","coordinates":[[[10.65762,59.42342],[10.65776,59.42336],[10.65763,59.4232],[10.65754,59.42318],[10.6574,59.42322],[10.65751,59.4234],[10.65762,59.42342]]]},"properties":{"a":326,"v":-707,"dh":2.17,"pl":2,"pn":"Lager Værlegata 43 del av Moss havn","pd":"2022-12-13","c":285}},{"type":"Feature","geometry":{"type":"Polygon","coordinates":[[[10.65975,59.4234],[10.65972,59.42337],[10.65977,59.42331],[10.65964,59.42328],[10.6596,59.42324],[10.65964,59.42321],[10.65955,59.42321],[10.65955,59.42326],[10.65948,59.42328],[10.65962,59.4233],[10.65963,59.42337],[10.65975,59.4234]]]},"properties":{"a":147,"v":-129,"dh":0.88,"pl":1,"pn":"Østfoldbanen VL(Ski)-Moss, Sandbukta - Rygge grense","pd":"2016-11-14","sh":1,"c":274}},{"type":"Feature","geometry":{"type":"Polygon","coordinates":[[[10.66426,59.4233],[10.66431,59.42321],[10.66408,59.42321],[10.66417,59.42329],[10.66426,59.4233]]]},"properties":{"a":107,"v":116,"dh":1.09,"pl":0,"c":286}},{"type":"Feature","geometry":{"type":"Polygon","coordinates":[[[10.65758,59.42359],[10.65766,59.42354],[10.65789,59.42357],[10.65794,59.42354],[10.65794,59.42347],[10.65785,59.42344],[10.65768,59.42351],[10.65762,59.42349],[10.65766,59.42343],[10.65755,59.42345],[10.65757,59.42348],[10.65748,59.42351],[10.65758,59.42359]]]},"properties":{"a":214,"v":170,"dh":0.79,"pl":2,"pn":"Lager Værlegata 43 del av Moss havn","pd":"2022-12-13","sh":1,"c":285}},{"type":"Feature","geometry":{"type":"Polygon","coordinates":[[[10.6597,59.42376],[10.65962,59.42365],[10.65934,59.42354],[10.6595,59.42371],[10.6597,59.42376]]]},"properties":{"a":156,"v":-159,"dh":1.02,"pl":1,"pn":"Østfoldbanen VL(Ski)-Moss, Sandbukta - Rygge grense","pd":"2016-11-14","c":274}},{"type":"Feature","geometry":{"type":"Polygon","coordinates":[[[10.6575,59.42381],[10.65755,59.42377],[10.65753,59.42369],[10.6576,59.42364],[10.65758,59.42361],[10.65738,59.42362],[10.65737,59.4237],[10.6575,59.42381]]]},"properties":{"a":170,"v":136,"dh":0.8,"pl":2,"pn":"Lager Værlegata 43 del av Moss havn","pd":"2022-12-13","sh":1,"c":285}},{"type":"Feature","geometry":{"type":"Polygon","coordinates":[[[10.66476,59.42382],[10.66472,59.42369],[10.66465,59.42364],[10.66458,59.42366],[10.6646,59.42381],[10.66476,59.42382]]]},"properties":{"a":139,"v":138,"dh":0.99,"pl":0,"sh":1,"c":286}},{"type":"Feature","geometry":{"type":"Polygon","coordinates":[[[10.66098,59.42406],[10.66096,59.42392],[10.66071,59.42379],[10.66067,59.42382],[10.66075,59.42386],[10.66039,59.42387],[10.6603,59.4238],[10.66021,59.4238],[10.66011,59.42388],[10.66017,59.42393],[10.66057,59.42391],[10.66098,59.42406]]]},"properties":{"a":569,"v":-633,"dh":1.11,"pl":1,"pn":"Østfoldbanen VL(Ski)-Moss, Sandbukta - Rygge grense","pd":"2016-11-14","c":274}},{"type":"Feature","geometry":{"type":"Polygon","coordinates":[[[10.65903,59.42458],[10.65903,59.42452],[10.65908,59.42451],[10.65903,59.42451],[10.65904,59.42441],[10.65901,59.42439],[10.65906,59.42436],[10.65901,59.42433],[10.65904,59.4243],[10.659,59.42424],[10.65905,59.42421],[10.65905,59.42415],[10.659,59.42413],[10.65895,59.42433],[10.65898,59.42456],[10.65903,59.42458]]]},"properties":{"a":173,"v":-134,"dh":0.77,"pl":1,"pn":"Østfoldbanen VL(Ski)-Moss, Sandbukta - Rygge grense","pd":"2016-11-14","sh":1,"c":274}},{"type":"Feature","geometry":{"type":"Polygon","coordinates":[[[10.66124,59.42463],[10.66147,59.42464],[10.66144,59.42442],[10.6613,59.42441],[10.66123,59.42445],[10.66124,59.42463]]]},"properties":{"a":302,"v":-401,"dh":1.33,"pl":1,"pn":"DEL AV RYGGE BYGNINGSKOMMUNE","pd":"1937-06-07","c":287}},{"type":"Feature","geometry":{"type":"Polygon","coordinates":[[[10.66064,59.4253],[10.66092,59.4253],[10.66094,59.42527],[10.66083,59.42525],[10.66137,59.42517],[10.66148,59.4251],[10.66147,59.42501],[10.66109,59.42484],[10.6606,59.42486],[10.66046,59.42492],[10.66049,59.42482],[10.6604,59.42484],[10.66043,59.42505],[10.66063,59.42519],[10.66064,59.4253]]]},"properties":{"a":2137,"v":-2289,"dh":1.07,"pl":1,"pn":"DEL AV RYGGE BYGNINGSKOMMUNE","pd":"1937-06-07","c":287}},{"type":"Feature","geometry":{"type":"Polygon","coordinates":[[[10.66508,59.42521],[10.66514,59.42511],[10.66497,59.42511],[10.6649,59.42516],[10.66508,59.42521]]]},"properties":{"a":125,"v":192,"dh":1.54,"pl":1,"pn":"DEL AV RYGGE BYGNINGSKOMMUNE","pd":"1937-06-07","c":287}},{"type":"Feature","geometry":{"type":"Polygon","coordinates":[[[10.6655,59.42531],[10.66555,59.42517],[10.66548,59.42513],[10.66538,59.4253],[10.6655,59.42531]]]},"properties":{"a":118,"v":124,"dh":1.05,"pl":1,"pn":"DEL AV RYGGE BYGNINGSKOMMUNE","pd":"1937-06-07","c":287}},{"type":"Feature","geometry":{"type":"Polygon","coordinates":[[[10.66345,59.42551],[10.66363,59.42544],[10.66362,59.42535],[10.66343,59.42538],[10.66345,59.42551]]]},"properties":{"a":143,"v":-143,"dh":1.0,"pl":1,"pn":"DEL AV RYGGE BYGNINGSKOMMUNE","pd":"1937-06-07","c":287}},{"type":"Feature","geometry":{"type":"Polygon","coordinates":[[[10.6575,59.42565],[10.65757,59.42558],[10.65744,59.4255],[10.65716,59.42552],[10.65718,59.42555],[10.65744,59.42553],[10.6575,59.42561],[10.65738,59.42565],[10.6575,59.42565]]]},"properties":{"a":100,"v":-151,"dh":1.51,"pl":1,"pn":"Østfoldbanen VL(Ski)-Moss, Sandbukta - Rygge grense","pd":"2016-11-14","c":274}},{"type":"Feature","geometry":{"type":"Polygon","coordinates":[[[10.66178,59.42564],[10.66199,59.42561],[10.66206,59.42554],[10.66204,59.42548],[10.66185,59.42545],[10.66183,59.4255],[10.66172,59.4255],[10.66174,59.42556],[10.66181,59.42555],[10.66178,59.42564]]]},"properties":{"a":255,"v":360,"dh":1.41,"pl":1,"pn":"DEL AV RYGGE BYGNINGSKOMMUNE","pd":"1937-06-07","c":287}},{"type":"Feature","geometry":{"type":"Polygon","coordinates":[[[10.65917,59.42599],[10.65919,59.42594],[10.65915,59.42593],[10.65924,59.4259],[10.65919,59.42589],[10.65922,59.42587],[10.65918,59.42579],[10.65921,59.42562],[10.65917,59.42557],[10.65921,59.42555],[10.65915,59.42549],[10.65908,59.42552],[10.65912,59.42559],[10.65907,59.42567],[10.65907,59.42594],[10.65917,59.42599]]]},"properties":{"a":340,"v":-257,"dh":0.76,"pl":1,"pn":"Østfoldbanen VL(Ski)-Moss, Sandbukta - Rygge grense","pd":"2016-11-14","sh":1,"c":274}},{"type":"Feature","geometry":{"type":"Polygon","coordinates":[[[10.65751,59.42692],[10.65762,59.4269],[10.65753,59.42666],[10.65749,59.42677],[10.65751,59.42692]]]},"properties":{"a":124,"v":159,"dh":1.28,"pl":1,"pn":"Moss havn","pd":"2016-06-20","c":288}},{"type":"Feature","geometry":{"type":"Polygon","coordinates":[[[10.66148,59.42709],[10.66183,59.42704],[10.66183,59.42697],[10.66178,59.42692],[10.66169,59.42693],[10.66159,59.42706],[10.66148,59.42709]]]},"properties":{"a":174,"v":-137,"dh":0.79,"pl":1,"pn":"DEL AV RYGGE BYGNINGSKOMMUNE","pd":"1937-06-07","sh":1,"c":287}},{"type":"Feature","geometry":{"type":"Polygon","coordinates":[[[10.66105,59.42719],[10.66105,59.42692],[10.66102,59.42687],[10.66087,59.42674],[10.66047,59.42657],[10.66026,59.42662],[10.66017,59.42685],[10.65996,59.42701],[10.65997,59.42717],[10.66009,59.42739],[10.6602,59.42745],[10.66043,59.42747],[10.66047,59.42752],[10.6609,59.42735],[10.66105,59.42719]]]},"properties":{"a":4650,"v":-7302,"dh":1.57,"pl":1,"pn":"DEL AV RYGGE BYGNINGSKOMMUNE","pd":"1937-06-07","c":287}},{"type":"Feature","geometry":{"type":"Polygon","coordinates":[[[10.65866,59.42986],[10.65875,59.42702],[10.65884,59.42703],[10.6589,59.42693],[10.65899,59.42616],[10.65898,59.42603],[10.65879,59.42603],[10.65878,59.42595],[10.65887,59.4259],[10.65879,59.42577],[10.65888,59.4258],[10.65893,59.42598],[10.65898,59.426],[10.65904,59.42567],[10.65893,59.42558],[10.65879,59.42563],[10.65885,59.42409],[10.65883,59.4239],[10.65884,59.42381],[10.65901,59.4238],[10.65899,59.42372],[10.6587,59.42346],[10.65861,59.42352],[10.65863,59.42382],[10.65854,59.4241],[10.6584,59.42963],[10.65828,59.43004],[10.65818,59.43021],[10.6582,59.43026],[10.65799,59.43052],[10.65793,59.43074],[10.65826,59.43063],[10.65836,59.43058],[10.65834,59.43053],[10.65865,59.43044],[10.65875,59.43035],[10.65866,59.43028],[10.65865,59.43012],[10.65869,59.43009],[10.65866,59.42986]]]},"properties":{"a":15201,"v":25821,"dh":1.7,"pl":1,"pn":"Østfoldbanen VL(Ski)-Moss, Sandbukta - Rygge grense","pd":"2016-11-14","c":274}},{"type":"Feature","geometry":{"type":"Polygon","coordinates":[[[10.66401,59.42715],[10.6642,59.42702],[10.66432,59.42708],[10.66443,59.42705],[10.66421,59.42698],[10.66404,59.42707],[10.66401,59.42715]]]},"properties":{"a":114,"v":108,"dh":0.95,"pl":1,"pn":"DEL AV RYGGE BYGNINGSKOMMUNE","pd":"1937-06-07","sh":1,"c":289}},{"type":"Feature","geometry":{"type":"Polygon","coordinates":[[[10.66206,59.4277],[10.66266,59.42759],[10.66271,59.42756],[10.6626,59.42753],[10.66218,59.42765],[10.66204,59.42762],[10.66194,59.42768],[10.66206,59.4277]]]},"properties":{"a":227,"v":-299,"dh":1.32,"pl":1,"pn":"Østfoldbanen VL(Ski)-Moss, Sandbukta - Rygge grense","pd":"2016-11-14","c":274}},{"type":"Feature","geometry":{"type":"Polygon","coordinates":[[[10.66276,59.42826],[10.66284,59.42815],[10.66275,59.42816],[10.66271,59.42806],[10.66263,59.42806],[10.66262,59.42821],[10.66276,59.42826]]]},"properties":{"a":187,"v":-268,"dh":1.44,"pl":1,"pn":"DEL AV RYGGE BYGNINGSKOMMUNE","pd":"1937-06-07","c":287}},{"type":"Feature","geometry":{"type":"Polygon","coordinates":[[[10.66235,59.42861],[10.6624,59.42858],[10.66241,59.42844],[10.66231,59.42843],[10.66231,59.4285],[10.66223,59.4286],[10.66235,59.42861]]]},"properties":{"a":147,"v":-213,"dh":1.45,"pl":1,"pn":"DEL AV RYGGE BYGNINGSKOMMUNE","pd":"1937-06-07","c":287}},{"type":"Feature","geometry":{"type":"Polygon","coordinates":[[[10.66032,59.42883],[10.66032,59.42877],[10.66045,59.42868],[10.66036,59.42864],[10.66036,59.42855],[10.66046,59.42842],[10.66033,59.42843],[10.66032,59.42855],[10.66027,59.42856],[10.66031,59.42868],[10.66027,59.42882],[10.66032,59.42883]]]},"properties":{"a":207,"v":203,"dh":0.98,"pl":1,"pn":"Østfoldbanen VL(Ski)-Moss, Sandbukta - Rygge grense","pd":"2016-11-14","sh":1,"c":290}},{"type":"Feature","geometry":{"type":"Polygon","coordinates":[[[10.65998,59.42886],[10.66003,59.4288],[10.66001,59.42873],[10.65979,59.42874],[10.65981,59.42884],[10.65998,59.42886]],[[10.65982,59.42881],[10.65989,59.4288],[10.65986,59.42882],[10.65982,59.42881]]]},"properties":{"a":160,"v":-123,"dh":0.77,"pl":1,"pn":"Østfoldbanen VL(Ski)-Moss, Sandbukta - Rygge grense","pd":"2016-11-14","sh":1,"c":290}},{"type":"Feature","geometry":{"type":"Polygon","coordinates":[[[10.6616,59.42906],[10.66181,59.429],[10.66181,59.42895],[10.66158,59.42902],[10.6616,59.42906]]]},"properties":{"a":100,"v":-132,"dh":1.32,"pl":1,"pn":"DEL AV RYGGE BYGNINGSKOMMUNE","pd":"1937-06-07","c":287}},{"type":"Feature","geometry":{"type":"Polygon","coordinates":[[[10.65494,59.42989],[10.655,59.42976],[10.65497,59.42974],[10.65498,59.42959],[10.65494,59.42952],[10.6548,59.42949],[10.6548,59.42958],[10.65487,59.42958],[10.6549,59.42974],[10.65483,59.42982],[10.65494,59.42989]]]},"properties":{"a":269,"v":-329,"dh":1.22,"pl":1,"pn":"SENTRUM - SAMORDNET REGPLAN JERNBANE/VEG/HAVN","pd":"1999-09-02","c":291}},{"type":"Feature","geometry":{"type":"Polygon","coordinates":[[[10.65964,59.43041],[10.65985,59.43038],[10.65989,59.43019],[10.65988,59.42996],[10.65983,59.42993],[10.65972,59.42996],[10.65972,59.43],[10.65983,59.43002],[10.65982,59.43008],[10.65966,59.43017],[10.65961,59.43016],[10.65968,59.43011],[10.65963,59.42992],[10.65952,59.43008],[10.65959,59.43009],[10.65957,59.43016],[10.6594,59.43023],[10.65934,59.43038],[10.65948,59.43036],[10.65964,59.43041]]]},"properties":{"a":903,"v":-1334,"dh":1.48,"pl":1,"pn":"Østfoldbanen VL(Ski)-Moss, Sandbukta - Rygge grense","pd":"2016-11-14","c":274}},{"type":"Feature","geometry":{"type":"Polygon","coordinates":[[[10.66017,59.43042],[10.66031,59.43043],[10.66032,59.43035],[10.66023,59.43031],[10.66015,59.43033],[10.66017,59.43042]]]},"properties":{"a":104,"v":-94,"dh":0.9,"pl":1,"pn":"Østfoldbanen VL(Ski)-Moss, Sandbukta - Rygge grense","pd":"2016-11-14","sh":1,"c":274}},{"type":"Feature","geometry":{"type":"MultiPolygon","coordinates":[[[[10.6574,59.43045],[10.65738,59.43048],[10.6574,59.43048],[10.6574,59.43045]]],[[[10.65763,59.43049],[10.65767,59.43046],[10.65763,59.43047],[10.65763,59.43049]]],[[[10.65763,59.43051],[10.6574,59.43048],[10.65742,59.43054],[10.65728,59.43058],[10.65722,59.43069],[10.65732,59.4307],[10.65767,59.43058],[10.65756,59.43055],[10.65763,59.43051]],[[10.65746,59.43057],[10.65751,59.43053],[10.65751,59.43056],[10.65746,59.43057]]]]},"properties":{"a":297,"v":221,"dh":0.74,"pl":1,"pn":"Østfoldbanen VL(Ski)-Moss, Sandbukta - Rygge grense","pd":"2016-11-14","sh":1,"c":274}},{"type":"Feature","geometry":{"type":"Polygon","coordinates":[[[10.66,59.43065],[10.66005,59.43056],[10.66001,59.43051],[10.65957,59.43053],[10.65963,59.43063],[10.65989,59.43057],[10.66,59.43065]]]},"properties":{"a":240,"v":-226,"dh":0.94,"pl":1,"pn":"Østfoldbanen VL(Ski)-Moss, Sandbukta - Rygge grense","pd":"2016-11-14","sh":1,"c":274}},{"type":"Feature","geometry":{"type":"Polygon","coordinates":[[[10.6574,59.43084],[10.65752,59.43077],[10.6577,59.43079],[10.6578,59.43073],[10.65766,59.4307],[10.6574,59.43077],[10.6574,59.43084]]]},"properties":{"a":162,"v":154,"dh":0.95,"pl":1,"pn":"Østfoldbanen VL(Ski)-Moss, Sandbukta - Rygge grense","pd":"2016-11-14","sh":1,"c":274}},{"type":"Feature","geometry":{"type":"Polygon","coordinates":[[[10.66023,59.43093],[10.66019,59.43084],[10.66038,59.4308],[10.66038,59.43071],[10.66022,59.43072],[10.66022,59.43079],[10.66012,59.43085],[10.66012,59.4309],[10.66023,59.43093]]]},"properties":{"a":162,"v":-177,"dh":1.09,"pl":1,"pn":"Østfoldbanen VL(Ski)-Moss, Sandbukta - Rygge grense","pd":"2016-11-14","c":274}},{"type":"Feature","geometry":{"type":"Polygon","coordinates":[[[10.65991,59.43102],[10.65993,59.43098],[10.65998,59.43101],[10.65998,59.43096],[10.66004,59.43099],[10.66001,59.43089],[10.65961,59.43089],[10.65972,59.43094],[10.65974,59.43102],[10.65991,59.43102]],[[10.65996,59.43093],[10.66,59.4309],[10.66,59.43093],[10.65996,59.43093]]]},"properties":{"a":261,"v":-253,"dh":0.97,"pl":1,"pn":"Østfoldbanen VL(Ski)-Moss, Sandbukta - Rygge grense","pd":"2016-11-14","sh":1,"c":274}},{"type":"Feature","geometry":{"type":"Polygon","coordinates":[[[10.65953,59.43108],[10.65966,59.43113],[10.6596,59.4311],[10.65965,59.431],[10.65954,59.431],[10.65954,59.43097],[10.65965,59.43094],[10.65949,59.43096],[10.65953,59.43108]]]},"properties":{"a":101,"v":89,"dh":0.88,"pl":1,"pn":"Østfoldbanen VL(Ski)-Moss, Sandbukta - Rygge grense","pd":"2016-11-14","sh":1,"c":274}},{"type":"Feature","geometry":{"type":"Polygon","coordinates":[[[10.65896,59.43132],[10.65903,59.43128],[10.65902,59.43122],[10.65911,59.43114],[10.65886,59.43114],[10.65889,59.4313],[10.65885,59.43132],[10.65896,59.43132]]]},"properties":{"a":196,"v":182,"dh":0.93,"pl":1,"pn":"Østfoldbanen VL(Ski)-Moss, Sandbukta - Rygge grense","pd":"2016-11-14","sh":1,"c":274}},{"type":"Feature","geometry":{"type":"Polygon","coordinates":[[[10.66935,59.42822],[10.66959,59.42818],[10.66974,59.42801],[10.66967,59.42799],[10.66957,59.42807],[10.66931,59.42815],[10.66935,59.42822]]]},"properties":{"a":293,"v":-274,"dh":0.93,"pl":1,"pn":"Dyrevegen, Melløsbakken, Fr. J. Holsts veg og Høienhaldgate","pd":"1993-04-16","sh":1,"c":280}},{"type":"Feature","geometry":{"type":"Polygon","coordinates":[[[10.67411,59.42827],[10.67425,59.42822],[10.67425,59.42818],[10.67412,59.42816],[10.67407,59.4281],[10.67386,59.42815],[10.67397,59.4282],[10.67397,59.42827],[10.67411,59.42827]],[[10.67397,59.42818],[10.67398,59.42817],[10.67398,59.42818],[10.67397,59.42818]]]},"properties":{"a":256,"v":-280,"dh":1.09,"pl":1,"pn":"KLOMMESTEN - VESTRE ØRE - ØSTRE ØRE","pd":"1957-04-13","c":292}},{"type":"Feature","geometry":{"type":"Polygon","coordinates":[[[10.67277,59.42963],[10.67284,59.42958],[10.67282,59.42951],[10.67308,59.42945],[10.67318,59.42938],[10.67318,59.42934],[10.67307,59.4294],[10.67274,59.42944],[10.67271,59.4296],[10.67277,59.42963]]]},"properties":{"a":234,"v":-322,"dh":1.37,"pl":0,"c":293}},{"type":"Feature","geometry":{"type":"Polygon","coordinates":[[[10.67363,59.42987],[10.67358,59.42973],[10.67346,59.42969],[10.67354,59.42985],[10.67363,59.42987]]]},"properties":{"a":104,"v":128,"dh":1.23,"pl":0,"c":293}},{"type":"Feature","geometry":{"type":"Polygon","coordinates":[[[10.67187,59.43039],[10.6719,59.43031],[10.67171,59.4303],[10.67171,59.43039],[10.67187,59.43039]]]},"properties":{"a":101,"v":103,"dh":1.02,"pl":0,"c":294}},{"type":"Feature","geometry":{"type":"Polygon","coordinates":[[[10.67302,59.43074],[10.67325,59.43074],[10.67318,59.43051],[10.67295,59.43049],[10.67297,59.43056],[10.67315,59.43057],[10.67302,59.43074]]]},"properties":{"a":250,"v":-327,"dh":1.31,"pl":0,"c":295}},{"type":"Feature","geometry":{"type":"Polygon","coordinates":[[[10.67419,59.43094],[10.67437,59.43094],[10.67438,59.43083],[10.67425,59.43077],[10.67424,59.4309],[10.67419,59.43094]]]},"properties":{"a":127,"v":151,"dh":1.19,"pl":0,"c":296}},{"type":"Feature","geometry":{"type":"Polygon","coordinates":[[[10.67227,59.43163],[10.67221,59.43155],[10.67203,59.43153],[10.67204,59.43159],[10.67211,59.43163],[10.67227,59.43163]]]},"properties":{"a":119,"v":157,"dh":1.32,"pl":0,"c":297}},{"type":"Feature","geometry":{"type":"Polygon","coordinates":[[[10.67242,59.433],[10.6724,59.43297],[10.67249,59.43291],[10.67238,59.43281],[10.6722,59.43284],[10.67223,59.43297],[10.67242,59.433]]]},"properties":{"a":250,"v":-545,"dh":2.18,"pl":0,"c":298}},{"type":"Feature","geometry":{"type":"Polygon","coordinates":[[[10.67413,59.43358],[10.67355,59.43325],[10.67327,59.43333],[10.67359,59.43349],[10.67382,59.43349],[10.67413,59.43358]]]},"properties":{"a":552,"v":-772,"dh":1.4,"pl":0,"c":299}},{"type":"Feature","geometry":{"type":"Polygon","coordinates":[[[10.66023,59.43142],[10.66025,59.43136],[10.66035,59.43132],[10.66032,59.43131],[10.66033,59.43118],[10.66022,59.43116],[10.66026,59.43128],[10.66023,59.4313],[10.66017,59.43125],[10.66019,59.43117],[10.66006,59.43112],[10.66005,59.43127],[10.66023,59.43142]]]},"properties":{"a":297,"v":-295,"dh":0.99,"pl":1,"pn":"Østfoldbanen VL(Ski)-Moss, Sandbukta - Rygge grense","pd":"2016-11-14","sh":1,"c":274}},{"type":"Feature","geometry":{"type":"Polygon","coordinates":[[[10.6599,59.43142],[10.65988,59.43133],[10.65995,59.4313],[10.65992,59.43123],[10.65968,59.43128],[10.6599,59.43142]]]},"properties":{"a":159,"v":169,"dh":1.06,"pl":1,"pn":"Østfoldbanen VL(Ski)-Moss, Sandbukta - Rygge grense","pd":"2016-11-14","c":274}},{"type":"Feature","geometry":{"type":"Polygon","coordinates":[[[10.65977,59.43169],[10.65994,59.43163],[10.65996,59.43154],[10.65989,59.43153],[10.65988,59.43146],[10.65963,59.43138],[10.65977,59.4316],[10.65977,59.43169]]]},"properties":{"a":321,"v":355,"dh":1.11,"pl":1,"pn":"Østfoldbanen VL(Ski)-Moss, Sandbukta - Rygge grense","pd":"2016-11-14","c":274}},{"type":"Feature","geometry":{"type":"Polygon","coordinates":[[[10.66045,59.43193],[10.66059,59.43189],[10.66056,59.43118],[10.66025,59.43143],[10.66026,59.43159],[10.66021,59.43159],[10.66021,59.43165],[10.66028,59.43165],[10.66033,59.43191],[10.66045,59.43193]]]},"properties":{"a":1147,"v":2112,"dh":1.84,"pl":1,"pn":"Østfoldbanen VL(Ski)-Moss, Sandbukta - Rygge grense","pd":"2016-11-14","c":274}},{"type":"Feature","geometry":{"type":"Polygon","coordinates":[[[10.65958,59.43173],[10.65974,59.43168],[10.65973,59.43158],[10.6596,59.43145],[10.65949,59.43145],[10.65943,59.43155],[10.6595,59.43157],[10.65949,59.43168],[10.65958,59.43173]]]},"properties":{"a":348,"v":-418,"dh":1.2,"pl":1,"pn":"Østfoldbanen VL(Ski)-Moss, Sandbukta - Rygge grense","pd":"2016-11-14","c":274}},{"type":"Feature","geometry":{"type":"Polygon","coordinates":[[[10.65916,59.43181],[10.65916,59.43154],[10.65912,59.43143],[10.65898,59.43144],[10.65907,59.43151],[10.65893,59.43173],[10.659,59.4318],[10.65916,59.43181]]]},"properties":{"a":358,"v":-394,"dh":1.1,"pl":1,"pn":"Østfoldbanen VL(Ski)-Moss, Sandbukta - Rygge grense","pd":"2016-11-14","c":274}},{"type":"Feature","geometry":{"type":"Polygon","coordinates":[[[10.66089,59.4319],[10.66091,59.43183],[10.66103,59.43182],[10.66108,59.43173],[10.66106,59.43166],[10.66088,59.43162],[10.66091,59.43157],[10.66083,59.43145],[10.66061,59.4315],[10.66062,59.43176],[10.66089,59.4319]]]},"properties":{"a":822,"v":1226,"dh":1.49,"pl":1,"pn":"Østfoldbanen VL(Ski)-Moss, Sandbukta - Rygge grense","pd":"2016-11-14","c":274}},{"type":"Feature","geometry":{"type":"Polygon","coordinates":[[[10.6591,59.43203],[10.65913,59.43195],[10.65897,59.43192],[10.65899,59.43185],[10.65893,59.43182],[10.65886,59.43183],[10.65892,59.43198],[10.65887,59.43202],[10.6591,59.43203]]]},"properties":{"a":212,"v":-190,"dh":0.9,"pl":1,"pn":"Østfoldbanen VL(Ski)-Moss, Sandbukta - Rygge grense","pd":"2016-11-14","sh":1,"c":274}},{"type":"Feature","geometry":{"type":"Polygon","coordinates":[[[10.65998,59.43202],[10.66033,59.43198],[10.66029,59.43184],[10.66002,59.43182],[10.65984,59.43198],[10.65973,59.43192],[10.6597,59.43196],[10.65998,59.43202]]]},"properties":{"a":447,"v":-525,"dh":1.17,"pl":1,"pn":"Østfoldbanen VL(Ski)-Moss, Sandbukta - Rygge grense","pd":"2016-11-14","c":274}},{"type":"Feature","geometry":{"type":"Polygon","coordinates":[[[10.66151,59.43237],[10.66162,59.43231],[10.66154,59.43226],[10.6615,59.43213],[10.66131,59.43209],[10.6613,59.43226],[10.66137,59.43228],[10.66139,59.43234],[10.66151,59.43237]]]},"properties":{"a":358,"v":579,"dh":1.62,"pl":1,"pn":"Østfoldbanen VL(Ski)-Moss, Sandbukta - Rygge grense","pd":"2016-11-14","c":274}},{"type":"Feature","geometry":{"type":"Polygon","coordinates":[[[10.67836,59.4251],[10.67848,59.42508],[10.6785,59.42504],[10.67846,59.42499],[10.67829,59.42502],[10.67836,59.4251]]]},"properties":{"a":104,"v":114,"dh":1.09,"pl":1,"pn":"ØREOMRÅDET. DEL AV ØRE","pd":"1975-07-18","c":284}},{"type":"Feature","geometry":{"type":"Polygon","coordinates":[[[10.67751,59.42526],[10.67752,59.42522],[10.67741,59.42519],[10.67741,59.42511],[10.6776,59.42502],[10.67758,59.42498],[10.67741,59.42503],[10.67734,59.42511],[10.67738,59.42521],[10.67735,59.42524],[10.67751,59.42526]]]},"properties":{"a":165,"v":188,"dh":1.14,"pl":1,"pn":"ØREOMRÅDET. DEL AV ØRE","pd":"1975-07-18","c":284}},{"type":"Feature","geometry":{"type":"Polygon","coordinates":[[[10.67615,59.42592],[10.67628,59.42582],[10.67628,59.42576],[10.67621,59.42571],[10.67609,59.42589],[10.67615,59.42592]]]},"properties":{"a":139,"v":-124,"dh":0.89,"pl":1,"pn":"KLOMMESTEN - VESTRE ØRE - ØSTRE ØRE","pd":"1957-04-13","sh":1,"c":300}},{"type":"Feature","geometry":{"type":"MultiPolygon","coordinates":[[[[10.67666,59.42627],[10.67681,59.42616],[10.67677,59.4261],[10.6767,59.4261],[10.67665,59.4262],[10.67666,59.42627]]],[[[10.67669,59.42627],[10.67666,59.42629],[10.67669,59.42629],[10.67669,59.42627]]]]},"properties":{"a":101,"v":93,"dh":0.92,"pl":1,"pn":"Øreområdet mellom Solielunden - H. N. Hauges veg og Solvegen","pd":"1988-05-24","sh":1,"c":301}},{"type":"Feature","geometry":{"type":"MultiPolygon","coordinates":[[[[10.68155,59.42621],[10.68159,59.42622],[10.68159,59.42621],[10.68155,59.42621]]],[[[10.68159,59.42622],[10.68161,59.42623],[10.68161,59.42622],[10.68159,59.42622]]],[[[10.6819,59.42646],[10.68192,59.42647],[10.68192,59.42646],[10.6819,59.42646]]],[[[10.68196,59.42656],[10.68208,59.42651],[10.68208,59.42647],[10.68197,59.42648],[10.68176,59.42645],[10.68175,59.4265],[10.68164,59.42651],[10.68151,59.42639],[10.68128,59.42641],[10.68163,59.42633],[10.68158,59.42628],[10.68145,59.42628],[10.68143,59.42623],[10.68155,59.4262],[10.68141,59.42614],[10.67954,59.42649],[10.67958,59.42661],[10.6798,59.42667],[10.67973,59.42669],[10.67982,59.42673],[10.67982,59.42683],[10.67973,59.42681],[10.67981,59.42688],[10.67978,59.42696],[10.67989,59.42713],[10.67989,59.42703],[10.67996,59.42706],[10.67994,59.42709],[10.68001,59.42715],[10.68007,59.42729],[10.68114,59.42709],[10.68129,59.42696],[10.68162,59.42685],[10.682,59.42657],[10.68196,59.42656]],[[10.68196,59.42657],[10.68194,59.42657],[10.68196,59.42657],[10.68196,59.42657]],[[10.68066,59.42695],[10.68064,59.42696],[10.68064,59.42695],[10.68066,59.42695]],[[10.68071,59.42694],[10.68067,59.42695],[10.68067,59.42694],[10.68071,59.42694]],[[10.68052,59.42693],[10.68057,59.42688],[10.68062,59.42689],[10.6806,59.42694],[10.68052,59.42693]],[[10.68092,59.42688],[10.68079,59.42686],[10.68091,59.42681],[10.68093,59.42675],[10.68102,59.42676],[10.68095,59.42679],[10.68092,59.42688]],[[10.68056,59.42668],[10.6806,59.42682],[10.68005,59.42683],[10.68035,59.42679],[10.68038,59.42673],[10.68056,59.42668]],[[10.68057,59.42668],[10.68059,59.42664],[10.68059,59.42668],[10.68057,59.42668]],[[10.68069,59.42659],[10.68076,59.42657],[10.68076,59.4266],[10.68069,59.42659]],[[10.68095,59.42654],[10.68094,59.42655],[10.68094,59.42654],[10.68095,59.42654]],[[10.68099,59.42653],[10.68101,59.42652],[10.68101,59.42653],[10.68099,59.42653]],[[10.68101,59.42652],[10.68102,59.42651],[10.68102,59.42652],[10.68101,59.42652]],[[10.68102,59.42651],[10.68114,59.42643],[10.68121,59.42643],[10.68115,59.42649],[10.68102,59.42651]],[[10.68043,59.42702],[10.6804,59.42701],[10.68043,59.42701],[10.68043,59.42702]]],[[[10.67993,59.42713],[10.67991,59.42716],[10.67993,59.42716],[10.67993,59.42713]]]]},"properties":{"a":10014,"v":15453,"dh":1.54,"pl":1,"pn":"Øreveien 37","pd":"2013-10-28","c":302}},{"type":"Feature","geometry":{"type":"Polygon","coordinates":[[[10.68348,59.42691],[10.68317,59.42686],[10.68291,59.42659],[10.68282,59.42656],[10.68316,59.42687],[10.6835,59.42697],[10.68348,59.42691]]]},"properties":{"a":164,"v":163,"dh":1.0,"pl":1,"pn":"ØRE - ØREBUKTA BÅTHAVN","pd":"2001-02-20","sh":1,"c":303}},{"type":"Feature","geometry":{"type":"Polygon","coordinates":[[[10.68353,59.4269],[10.6838,59.42673],[10.68383,59.42666],[10.68353,59.42685],[10.68339,59.42687],[10.68353,59.4269]]]},"properties":{"a":137,"v":-136,"dh":0.99,"pl":1,"pn":"ØRE - ØREBUKTA BÅTHAVN","pd":"2001-02-20","sh":1,"c":303}},{"type":"Feature","geometry":{"type":"Polygon","coordinates":[[[10.67532,59.42731],[10.67554,59.42729],[10.6757,59.42722],[10.6753,59.42726],[10.67532,59.42731]]]},"properties":{"a":109,"v":-96,"dh":0.88,"pl":1,"pn":"KLOMMESTEN - VESTRE ØRE - ØSTRE ØRE","pd":"1957-04-13","sh":1,"c":300}},{"type":"Feature","geometry":{"type":"MultiPolygon","coordinates":[[[[10.68072,59.42723],[10.6809,59.42727],[10.68099,59.42721],[10.6809,59.42715],[10.68072,59.42723]]],[[[10.68072,59.42722],[10.68071,59.42723],[10.68072,59.42723],[10.68072,59.42722]]]]},"properties":{"a":120,"v":93,"dh":0.77,"pl":1,"pn":"Øreveien 37","pd":"2013-10-28","sh":1,"c":302}},{"type":"Feature","geometry":{"type":"Polygon","coordinates":[[[10.68408,59.42732],[10.68364,59.42709],[10.68354,59.42708],[10.68392,59.42728],[10.68408,59.42732]]]},"properties":{"a":122,"v":109,"dh":0.9,"pl":1,"pn":"ØREHAVNA OMRÅDET MELLOM VÅLERVEGEN - ØREVEGEN - GRENSEN MOTRYGGE","pd":"1980-12-18","sh":1,"c":304}},{"type":"Feature","geometry":{"type":"Polygon","coordinates":[[[10.68203,59.42757],[10.68211,59.42752],[10.68209,59.42737],[10.68195,59.42737],[10.68194,59.42752],[10.68203,59.42757]]]},"properties":{"a":176,"v":294,"dh":1.67,"pl":1,"pn":"ØREHAVNA OMRÅDET MELLOM VÅLERVEGEN - ØREVEGEN - GRENSEN MOTRYGGE","pd":"1980-12-18","c":305}},{"type":"Feature","geometry":{"type":"Polygon","coordinates":[[[10.67894,59.42894],[10.67897,59.42883],[10.67893,59.42883],[10.67889,59.42864],[10.67856,59.42841],[10.67853,59.4285],[10.67867,59.42853],[10.67868,59.42859],[10.67876,59.42859],[10.67873,59.42866],[10.67892,59.42882],[10.67888,59.42889],[10.67894,59.42894]],[[10.67869,59.42853],[10.67871,59.42852],[10.67871,59.42853],[10.67869,59.42853]]]},"properties":{"a":303,"v":790,"dh":2.61,"pl":0,"sl":1,"c":306}},{"type":"Feature","geometry":{"type":"Polygon","coordinates":[[[10.68158,59.42889],[10.6813,59.42889],[10.68131,59.42902],[10.68147,59.42914],[10.68156,59.4291],[10.68153,59.42892],[10.68158,59.42889]],[[10.68146,59.42894],[10.68148,59.42893],[10.6815,59.42894],[10.68146,59.42894]]]},"properties":{"a":301,"v":312,"dh":1.04,"pl":1,"pn":"ØREHAVNA OMRÅDET MELLOM VÅLERVEGEN - ØREVEGEN - GRENSEN MOTRYGGE","pd":"1980-12-18","c":305}},{"type":"Feature","geometry":{"type":"MultiPolygon","coordinates":[[[[10.67931,59.42928],[10.67933,59.42927],[10.67931,59.42927],[10.67931,59.42928]]],[[[10.67936,59.42924],[10.67936,59.42929],[10.67943,59.4293],[10.67946,59.42939],[10.67953,59.42943],[10.67954,59.42956],[10.67947,59.42959],[10.67952,59.42959],[10.67951,59.42973],[10.67958,59.4298],[10.67953,59.42985],[10.67959,59.42987],[10.67962,59.42982],[10.67957,59.42964],[10.67968,59.42965],[10.67968,59.42961],[10.67959,59.42961],[10.6796,59.4295],[10.67955,59.42947],[10.67965,59.42945],[10.67965,59.42942],[10.67951,59.42935],[10.67947,59.42923],[10.6794,59.42927],[10.67937,59.42913],[10.67924,59.42903],[10.67926,59.42898],[10.67919,59.42893],[10.67918,59.42884],[10.67913,59.42878],[10.67907,59.42879],[10.67917,59.42889],[10.67912,59.42892],[10.67914,59.42898],[10.67919,59.42899],[10.67921,59.42909],[10.6793,59.42914],[10.67925,59.42918],[10.67929,59.42923],[10.67924,59.42931],[10.67929,59.4293],[10.67931,59.42924],[10.67936,59.42924]]]]},"properties":{"a":557,"v":1181,"dh":2.12,"pl":0,"c":306}},{"type":"Feature","geometry":{"type":"MultiPolygon","coordinates":[[[[10.68108,59.42906],[10.68106,59.42909],[10.68108,59.42909],[10.68108,59.42906]]],[[[10.68136,59.42946],[10.6811,59.42909],[10.68103,59.42916],[10.68103,59.4292],[10.6811,59.42921],[10.68109,59.42924],[10.68094,59.42918],[10.68099,59.4291],[10.6809,59.42899],[10.68064,59.42902],[10.68071,59.42912],[10.68068,59.42926],[10.68077,59.42921],[10.68091,59.4293],[10.68087,59.4294],[10.68104,59.42943],[10.68105,59.4295],[10.68086,59.42955],[10.68091,59.42963],[10.68102,59.42964],[10.681,59.42968],[10.68106,59.42972],[10.68099,59.42977],[10.68134,59.42977],[10.6813,59.42969],[10.68106,59.42964],[10.68111,59.42961],[10.68105,59.42958],[10.68121,59.4296],[10.6811,59.42942],[10.68115,59.42932],[10.68127,59.42944],[10.68136,59.42946]],[[10.68109,59.42934],[10.681,59.42932],[10.68102,59.42927],[10.68111,59.42926],[10.68109,59.42934]]],[[[10.68138,59.42946],[10.68136,59.42946],[10.68136,59.42947],[10.68138,59.42947],[10.68138,59.42946]]]]},"properties":{"a":1344,"v":-1877,"dh":1.4,"pl":1,"pn":"Ørehavna 7","pd":"2005-06-21","c":305}},{"type":"Feature","geometry":{"type":"Polygon","coordinates":[[[10.68064,59.42947],[10.6807,59.42953],[10.68071,59.42943],[10.68064,59.42937],[10.68046,59.42946],[10.68039,59.42944],[10.68045,59.42949],[10.68064,59.42947]],[[10.6806,59.42944],[10.68057,59.42946],[10.68057,59.42944],[10.6806,59.42944]]]},"properties":{"a":136,"v":115,"dh":0.85,"pl":1,"pn":"ØREHAVNA OMRÅDET MELLOM VÅLERVEGEN - ØREVEGEN - GRENSEN MOTRYGGE","pd":"1980-12-18","sh":1,"c":305}},{"type":"Feature","geometry":{"type":"Polygon","coordinates":[[[10.68164,59.43007],[10.68174,59.42998],[10.68165,59.42996],[10.68169,59.42991],[10.68165,59.42983],[10.68152,59.42982],[10.68154,59.42974],[10.68148,59.42971],[10.68136,59.42972],[10.68136,59.42982],[10.68147,59.42989],[10.68148,59.42999],[10.68164,59.43007]],[[10.68151,59.42989],[10.68152,59.42987],[10.68153,59.42989],[10.68151,59.42989]]]},"properties":{"a":402,"v":469,"dh":1.17,"pl":1,"pn":"Ørehavna 7","pd":"2005-06-21","c":305}},{"type":"Feature","geometry":{"type":"Polygon","coordinates":[[[10.68129,59.43016],[10.68139,59.43009],[10.68157,59.43006],[10.6812,59.43011],[10.6812,59.43015],[10.68129,59.43016]]]},"properties":{"a":115,"v":-139,"dh":1.2,"pl":1,"pn":"Ørehavna 7","pd":"2005-06-21","c":305}},{"type":"Feature","geometry":{"type":"MultiPolygon","coordinates":[[[[10.6802,59.43131],[10.68015,59.43124],[10.68001,59.43126],[10.68006,59.43133],[10.6802,59.43131]]],[[[10.6802,59.43134],[10.68,59.43142],[10.67998,59.43146],[10.68033,59.43135],[10.6802,59.43134]]]]},"properties":{"a":161,"v":190,"dh":1.18,"pl":1,"pn":"ØREHAVNA OMRÅDET MELLOM VÅLERVEGEN - ØREVEGEN - GRENSEN MOTRYGGE","pd":"1980-12-18","c":305}},{"type":"Feature","geometry":{"type":"Polygon","coordinates":[[[10.67736,59.43199],[10.67735,59.43177],[10.67718,59.43178],[10.67731,59.43188],[10.67733,59.43199],[10.67736,59.43199]]]},"properties":{"a":125,"v":240,"dh":1.92,"pl":0,"c":307}},{"type":"Feature","geometry":{"type":"Polygon","coordinates":[[[10.68466,59.43194],[10.6846,59.43176],[10.68449,59.43177],[10.68453,59.43188],[10.68466,59.43194]]]},"properties":{"a":103,"v":108,"dh":1.05,"pl":1,"pn":"Krapfoss. Området mellom Vålervegen, Aksel Olsensveg og Svingen","pd":"1981-03-19","c":308}},{"type":"Feature","geometry":{"type":"Polygon","coordinates":[[[10.6835,59.43198],[10.68346,59.4319],[10.68351,59.43183],[10.68337,59.43184],[10.68339,59.43199],[10.6835,59.43198]]]},"properties":{"a":108,"v":123,"dh":1.14,"pl":1,"pn":"Krapfoss. Området mellom Vålervegen, Aksel Olsensveg og Svingen","pd":"1981-03-19","c":308}},{"type":"Feature","geometry":{"type":"Polygon","coordinates":[[[10.67636,59.4323],[10.67639,59.43225],[10.67631,59.43218],[10.67644,59.43213],[10.67621,59.43216],[10.67619,59.43224],[10.67636,59.4323]]]},"properties":{"a":130,"v":185,"dh":1.42,"pl":0,"c":309}},{"type":"Feature","geometry":{"type":"Polygon","coordinates":[[[10.68129,59.43265],[10.68145,59.43261],[10.68145,59.43257],[10.68155,59.43253],[10.68153,59.4325],[10.68126,59.43239],[10.68127,59.43247],[10.68118,59.43251],[10.68118,59.43257],[10.68108,59.4326],[10.68129,59.43265]]]},"properties":{"a":371,"v":661,"dh":1.78,"pl":1,"pn":"Vålerveien 52","pd":"2004-12-14","c":310}},{"type":"Feature","geometry":{"type":"Polygon","coordinates":[[[10.681,59.43325],[10.68098,59.43316],[10.68086,59.43314],[10.68074,59.43317],[10.68073,59.43312],[10.68066,59.43312],[10.68072,59.43322],[10.68079,59.43319],[10.681,59.43325]]]},"properties":{"a":132,"v":-146,"dh":1.11,"pl":1,"pn":"KRAPFOSS - DEL AV KRAPFOSS","pd":"1946-03-28","c":311}},{"type":"Feature","geometry":{"type":"Polygon","coordinates":[[[10.68187,59.43357],[10.68202,59.43354],[10.68207,59.43348],[10.68191,59.43345],[10.68179,59.43349],[10.68187,59.43357]]]},"properties":{"a":146,"v":200,"dh":1.37,"pl":1,"pn":"KRAPFOSS - DEL AV KRAPFOSS","pd":"1946-03-28","c":311}},{"type":"Feature","geometry":{"type":"Polygon","coordinates":[[[10.68651,59.42846],[10.68656,59.42839],[10.68649,59.42836],[10.6863,59.4284],[10.68651,59.42846]]]},"properties":{"a":119,"v":174,"dh":1.46,"pl":1,"pn":"ØREHAVNA OMRÅDET MELLOM VÅLERVEGEN - ØREVEGEN - GRENSEN MOTRYGGE","pd":"1980-12-18","c":312}},{"type":"Feature","geometry":{"type":"Polygon","coordinates":[[[10.68546,59.42882],[10.68545,59.4287],[10.68556,59.42867],[10.68555,59.42861],[10.68545,59.4286],[10.68541,59.42853],[10.68534,59.42856],[10.68536,59.42861],[10.68531,59.42867],[10.68538,59.42876],[10.68537,59.4288],[10.68546,59.42882]]]},"properties":{"a":242,"v":349,"dh":1.44,"pl":1,"pn":"ØREHAVNA OMRÅDET MELLOM VÅLERVEGEN - ØREVEGEN - GRENSEN MOTRYGGE","pd":"1980-12-18","fo":1,"c":312}},{"type":"Feature","geometry":{"type":"Polygon","coordinates":[[[10.68467,59.43256],[10.68492,59.43254],[10.6849,59.43246],[10.68467,59.4325],[10.68467,59.43256]]]},"properties":{"a":127,"v":-219,"dh":1.73,"pl":1,"pn":"Krapfoss. Området mellom Vålervegen, Aksel Olsensveg og Svingen","pd":"1981-03-19","c":308}},{"type":"Feature","geometry":{"type":"Polygon","coordinates":[[[10.68853,59.43315],[10.68861,59.433],[10.68857,59.43293],[10.68847,59.43294],[10.68837,59.4331],[10.68839,59.43315],[10.68853,59.43315]]]},"properties":{"a":214,"v":288,"dh":1.34,"pl":1,"pn":"Krapfoss. Området mellom Vålervegen, Aksel Olsensveg og Svingen","pd":"1981-03-19","c":308}},{"type":"Feature","geometry":{"type":"Polygon","coordinates":[[[10.68526,59.43402],[10.68531,59.434],[10.68526,59.434],[10.68529,59.43397],[10.68527,59.43387],[10.68516,59.43393],[10.68504,59.43382],[10.6849,59.43385],[10.68497,59.43392],[10.68526,59.43402]]]},"properties":{"a":201,"v":180,"dh":0.9,"pl":1,"pn":"Krapfoss. Området mellom Vålervegen, Aksel Olsensveg og Svingen","pd":"1981-03-19","sh":1,"c":308}},{"type":"Feature","geometry":{"type":"Polygon","coordinates":[[[10.68611,59.43413],[10.68618,59.43408],[10.68608,59.434],[10.68591,59.43405],[10.68591,59.43409],[10.68611,59.43413]]]},"properties":{"a":139,"v":171,"dh":1.23,"pl":1,"pn":"Krapfoss. Området mellom Vålervegen, Aksel Olsensveg og Svingen","pd":"1981-03-19","c":308}},{"type":"Feature","geometry":{"type":"Polygon","coordinates":[[[10.68883,59.435],[10.68885,59.43492],[10.68876,59.4349],[10.68874,59.43484],[10.68887,59.43473],[10.68885,59.43469],[10.68852,59.43473],[10.68874,59.4349],[10.68874,59.43499],[10.68883,59.435]]]},"properties":{"a":301,"v":358,"dh":1.19,"pl":0,"c":313}},{"type":"Feature","geometry":{"type":"Polygon","coordinates":[[[10.68587,59.43667],[10.68582,59.43621],[10.68579,59.43619],[10.68582,59.43607],[10.68573,59.43605],[10.68579,59.43657],[10.68581,59.43667],[10.68587,59.43667]]]},"properties":{"a":221,"v":-224,"dh":1.01,"pl":1,"pn":"KRAPFOSS. OMRÅDET MELLOM SKOLEKOLLEN, KRAPFOSSVEGEN, GJERREBOGENO","pd":"1978-01-24","c":314}},{"type":"Feature","geometry":{"type":"Polygon","coordinates":[[[10.68513,59.43671],[10.68573,59.43674],[10.6858,59.43669],[10.68535,59.43666],[10.68513,59.43671]]]},"properties":{"a":240,"v":274,"dh":1.14,"pl":1,"pn":"KRAPFOSS. OMRÅDET MELLOM SKOLEKOLLEN, KRAPFOSSVEGEN, GJERREBOGENO","pd":"1978-01-24","c":314}},{"type":"Feature","geometry":{"type":"Polygon","coordinates":[[[10.69091,59.43108],[10.69101,59.43102],[10.69055,59.43094],[10.69072,59.43106],[10.69091,59.43108]]]},"properties":{"a":226,"v":220,"dh":0.97,"pl":1,"pn":"Krapfoss, området Fluavegen og del av Furuåsen","pd":"1997-04-24","sh":1,"c":315}},{"type":"Feature","geometry":{"type":"Polygon","coordinates":[[[10.6907,59.43146],[10.6906,59.43125],[10.69055,59.43122],[10.69058,59.43117],[10.69047,59.43105],[10.69048,59.43097],[10.69038,59.43097],[10.6903,59.43087],[10.69019,59.43085],[10.69028,59.4309],[10.69035,59.43108],[10.69044,59.4311],[10.69041,59.4312],[10.69053,59.43127],[10.6905,59.43128],[10.69052,59.43133],[10.6907,59.43146]],[[10.69041,59.43102],[10.69036,59.43104],[10.69036,59.431],[10.69041,59.43102]]]},"properties":{"a":378,"v":539,"dh":1.43,"pl":1,"pn":"Krapfoss, området Fluavegen og del av Furuåsen","pd":"1997-04-24","c":315}},{"type":"Feature","geometry":{"type":"Polygon","coordinates":[[[10.69103,59.43136],[10.69122,59.43116],[10.69121,59.43113],[10.69097,59.43118],[10.69101,59.43127],[10.69092,59.43132],[10.69093,59.43136],[10.69103,59.43136]]]},"properties":{"a":206,"v":-266,"dh":1.29,"pl":1,"pn":"Krapfoss, området Fluavegen og del av Furuåsen","pd":"1997-04-24","c":315}},{"type":"Feature","geometry":{"type":"Polygon","coordinates":[[[10.69196,59.43163],[10.69186,59.43144],[10.69174,59.43143],[10.69182,59.43158],[10.69196,59.43163]]]},"properties":{"a":125,"v":368,"dh":2.94,"pl":1,"pn":"Thorbjørnsrød - Sydskogen","pd":"1987-06-16","sl":1,"c":316}},{"type":"Feature","geometry":{"type":"Polygon","coordinates":[[[10.69041,59.43171],[10.69048,59.43164],[10.69048,59.43156],[10.69056,59.43151],[10.69063,59.43154],[10.69065,59.43146],[10.69058,59.43148],[10.69049,59.43143],[10.6904,59.43149],[10.69044,59.43153],[10.6903,59.43154],[10.69032,59.43163],[10.69013,59.43165],[10.69041,59.43171]]]},"properties":{"a":310,"v":398,"dh":1.28,"pl":1,"pn":"Krapfoss, området Fluavegen og del av Furuåsen","pd":"1997-04-24","c":315}},{"type":"Feature","geometry":{"type":"Polygon","coordinates":[[[10.69163,59.43529],[10.69178,59.43509],[10.69176,59.435],[10.69155,59.43507],[10.69161,59.43515],[10.69158,59.43523],[10.69163,59.43529]]]},"properties":{"a":212,"v":332,"dh":1.57,"pl":1,"pn":"THORBJØRNSRØD","pd":"1957-12-17","c":317}},{"type":"Feature","geometry":{"type":"Polygon","coordinates":[[[10.69151,59.43528],[10.69159,59.43517],[10.69139,59.4351],[10.69137,59.43524],[10.69151,59.43528]]]},"properties":{"a":193,"v":-289,"dh":1.5,"pl":1,"pn":"THORBJØRNSRØD","pd":"1957-12-17","c":317}},{"type":"Feature","geometry":{"type":"MultiPolygon","coordinates":[[[[10.6919,59.43607],[10.692,59.43602],[10.69195,59.43597],[10.692,59.4359],[10.69193,59.43593],[10.69193,59.43599],[10.69188,59.43602],[10.6919,59.43607]]],[[[10.69188,59.43606],[10.69178,59.43613],[10.6918,59.43619],[10.69198,59.4362],[10.69191,59.43617],[10.69188,59.43606]],[[10.69188,59.43609],[10.69185,59.43613],[10.69185,59.43609],[10.69188,59.43609]],[[10.69184,59.43617],[10.69185,59.43618],[10.69184,59.43618],[10.69184,59.43617]]]]},"properties":{"a":157,"v":296,"dh":1.89,"pl":1,"pn":"THORBJØRNSRØD DEL AV GNR 38/1 - BEGRENSET AV THORBJØRNSRØDVN,VÅLE","pd":"1984-12-20","sl":1,"c":318}},{"type":"Feature","geometry":{"type":"Polygon","coordinates":[[[10.69169,59.43648],[10.6918,59.43644],[10.69177,59.43635],[10.69186,59.43637],[10.69197,59.43632],[10.69198,59.43624],[10.69173,59.43627],[10.69175,59.4363],[10.69168,59.43631],[10.69171,59.4364],[10.6916,59.43642],[10.69169,59.43648]],[[10.69181,59.43632],[10.69182,59.4363],[10.69183,59.43632],[10.69181,59.43632]]]},"properties":{"a":235,"v":437,"dh":1.86,"pl":1,"pn":"THORBJØRNSRØD DEL AV GNR 38/1 - BEGRENSET AV THORBJØRNSRØDVN,VÅLE","pd":"1984-12-20","sl":1,"c":322}},{"type":"Feature","geometry":{"type":"Polygon","coordinates":[[[10.68325,59.43373],[10.68351,59.43369],[10.68344,59.43366],[10.6834,59.43358],[10.68319,59.43367],[10.68325,59.43373]]]},"properties":{"a":174,"v":-529,"dh":3.04,"pl":1,"pn":"KRAPFOSS - DEL AV KRAPFOSS","pd":"1946-03-28","c":311}},{"type":"Feature","geometry":{"type":"Polygon","coordinates":[[[10.68437,59.43424],[10.68444,59.43423],[10.68444,59.43419],[10.68406,59.43403],[10.68415,59.43415],[10.68428,59.43416],[10.68437,59.43424]],[[10.68435,59.43417],[10.68436,59.43416],[10.68437,59.43417],[10.68435,59.43417]]]},"properties":{"a":167,"v":394,"dh":2.36,"pl":1,"pn":"KRAPFOSS - DEL AV KRAPFOSS","pd":"1946-03-28","sl":1,"c":311}},{"type":"Feature","geometry":{"type":"Polygon","coordinates":[[[10.68395,59.43544],[10.68407,59.43539],[10.68377,59.43527],[10.68359,59.43526],[10.68359,59.43534],[10.68367,59.43539],[10.68395,59.43544]]]},"properties":{"a":318,"v":798,"dh":2.51,"pl":1,"pn":"KRAPFOSS. OMRÅDET MELLOM SKOLEKOLLEN, KRAPFOSSVEGEN, GJERREBOGENO","pd":"1978-01-24","c":314}},{"type":"Feature","geometry":{"type":"Polygon","coordinates":[[[10.68047,59.44015],[10.68046,59.44008],[10.68026,59.43999],[10.6803,59.4401],[10.68047,59.44015]]]},"properties":{"a":105,"v":149,"dh":1.42,"pl":1,"pn":"TYKKEMYR NÆRINGSPARK","pd":"2002-06-18","fo":1,"c":319}},{"type":"Feature","geometry":{"type":"Polygon","coordinates":[[[10.68011,59.4411],[10.68055,59.44105],[10.68056,59.44104],[10.68011,59.44106],[10.68011,59.4411]]]},"properties":{"a":119,"v":118,"dh":1.0,"pl":1,"pn":"TYKKEMYR NÆRINGSPARK","pd":"2002-06-18","sh":1,"c":320}},{"type":"Feature","geometry":{"type":"Polygon","coordinates":[[[10.68099,59.44214],[10.68107,59.442],[10.68108,59.4418],[10.6809,59.44176],[10.68084,59.4416],[10.68062,59.44157],[10.68047,59.44164],[10.68038,59.44162],[10.68028,59.44145],[10.68002,59.44145],[10.68005,59.44165],[10.68001,59.44167],[10.68013,59.44183],[10.68039,59.44191],[10.68043,59.44199],[10.68051,59.44202],[10.68046,59.44189],[10.6806,59.44181],[10.68068,59.44189],[10.68061,59.44205],[10.68075,59.44204],[10.68079,59.4421],[10.68099,59.44214]]]},"properties":{"a":2412,"v":-5404,"dh":2.24,"pl":1,"pn":"TYKKEMYR NÆRINGSPARK","pd":"2002-06-18","c":320}},{"type":"Feature","geometry":{"type":"Polygon","coordinates":[[[10.68067,59.44246],[10.68045,59.44226],[10.68032,59.44226],[10.68033,59.44231],[10.68044,59.4424],[10.68067,59.44246]]]},"properties":{"a":197,"v":203,"dh":1.03,"pl":1,"pn":"TYKKEMYR NÆRINGSPARK","pd":"2002-06-18","fo":1,"c":320}},{"type":"Feature","geometry":{"type":"MultiPolygon","coordinates":[[[[10.67662,59.44181],[10.67658,59.44183],[10.67662,59.44183],[10.67662,59.44181]]],[[[10.67663,59.4418],[10.67679,59.44177],[10.67672,59.44181],[10.67676,59.44187],[10.67666,59.44192],[10.67666,59.44206],[10.67654,59.4421],[10.67658,59.44217],[10.6761,59.44218],[10.67608,59.44238],[10.67634,59.44239],[10.67642,59.44251],[10.6761,59.44247],[10.67588,59.44235],[10.67611,59.44259],[10.67627,59.44268],[10.67635,59.44285],[10.6766,59.44299],[10.67655,59.44305],[10.67648,59.44305],[10.67615,59.44319],[10.67609,59.44328],[10.67638,59.44352],[10.67642,59.4435],[10.67639,59.44341],[10.67632,59.44335],[10.67649,59.4433],[10.67657,59.4431],[10.67675,59.44304],[10.67673,59.44296],[10.67689,59.443],[10.67689,59.44307],[10.67694,59.44308],[10.67694,59.44297],[10.67681,59.44294],[10.67659,59.44278],[10.67659,59.44272],[10.67671,59.44268],[10.67667,59.44257],[10.6768,59.44242],[10.67673,59.44238],[10.67673,59.44225],[10.67767,59.44205],[10.67766,59.44193],[10.67748,59.44174],[10.67703,59.44161],[10.6769,59.44151],[10.67648,59.44153],[10.67626,59.44145],[10.67593,59.44154],[10.67602,59.44162],[10.6762,59.44165],[10.67606,59.4417],[10.67598,59.44187],[10.67582,59.44186],[10.67579,59.44193],[10.67585,59.44197],[10.67576,59.44193],[10.67573,59.44204],[10.67599,59.44205],[10.67603,59.44209],[10.67615,59.44204],[10.67619,59.44211],[10.67636,59.44209],[10.67637,59.44192],[10.6763,59.44188],[10.67626,59.44175],[10.67651,59.44173],[10.67663,59.4418]],[[10.67669,59.44292],[10.67671,59.44293],[10.67669,59.44293],[10.67669,59.44292]],[[10.67663,59.4422],[10.67665,59.44221],[10.67663,59.44221],[10.67663,59.4422]]]]},"properties":{"a":8396,"v":-17421,"dh":2.07,"pl":1,"pn":"Verksåsen","pd":"2019-06-18","c":321}},{"type":"Feature","geometry":{"type":"Polygon","coordinates":[[[10.69088,59.43678],[10.69118,59.43674],[10.69119,59.43669],[10.69114,59.43671],[10.69112,59.43665],[10.69098,59.43662],[10.69084,59.43673],[10.69088,59.43678]]]},"properties":{"a":180,"v":353,"dh":1.96,"pl":1,"pn":"THORBJØRNSRØD DEL AV GNR 38/1 - BEGRENSET AV THORBJØRNSRØDVN,VÅLE","pd":"1984-12-20","c":322}},{"type":"Feature","geometry":{"type":"Polygon","coordinates":[[[10.69153,59.43778],[10.69159,59.43761],[10.69153,59.43755],[10.69132,59.43758],[10.69114,59.43749],[10.69129,59.43766],[10.69144,59.43777],[10.69153,59.43778]]]},"properties":{"a":323,"v":861,"dh":2.67,"pl":1,"pn":"THORBJØRNSRØD DEL AV GNR 38/1 - BEGRENSET AV THORBJØRNSRØDVN,VÅLE","pd":"1984-12-20","c":322}},{"type":"Feature","geometry":{"type":"MultiPolygon","coordinates":[[[[10.69299,59.43778],[10.69308,59.43772],[10.69309,59.43758],[10.69268,59.4375],[10.69274,59.43759],[10.69281,59.43761],[10.69279,59.4377],[10.69285,59.43771],[10.69285,59.43775],[10.6927,59.43785],[10.69294,59.43786],[10.69303,59.43781],[10.69299,59.43778]]],[[[10.69306,59.43778],[10.69303,59.43777],[10.69303,59.43778],[10.69306,59.43778]]]]},"properties":{"a":537,"v":826,"dh":1.54,"pl":1,"pn":"THORBJØRNSRØD DEL AV GNR 38/1 - BEGRENSET AV THORBJØRNSRØDVN,VÅLE","pd":"1984-12-20","c":322}},{"type":"Feature","geometry":{"type":"Polygon","coordinates":[[[10.69247,59.43859],[10.69278,59.43844],[10.69256,59.43834],[10.69258,59.43828],[10.69244,59.43831],[10.69231,59.43828],[10.6921,59.43835],[10.69223,59.43851],[10.69247,59.43859]],[[10.69248,59.43847],[10.69239,59.43839],[10.69242,59.43832],[10.69258,59.43842],[10.69248,59.43847]]]},"properties":{"a":708,"v":-1290,"dh":1.82,"pl":1,"pn":"THORBJØRNSRØD DEL AV GNR 38/1 - BEGRENSET AV THORBJØRNSRØDVN,VÅLE","pd":"1984-12-20","c":322}},{"type":"Feature","geometry":{"type":"Polygon","coordinates":[[[10.69015,59.4387],[10.69046,59.43866],[10.69061,59.43853],[10.69086,59.43848],[10.69089,59.43842],[10.69078,59.43832],[10.69036,59.43838],[10.69014,59.43862],[10.69015,59.4387]]]},"properties":{"a":990,"v":2587,"dh":2.61,"pl":1,"pn":"GJERREBOGEN DEL AV GJERREBOGEN","pd":"1968-11-05","fo":1,"c":323}},{"type":"Feature","geometry":{"type":"Polygon","coordinates":[[[10.69208,59.43939],[10.6921,59.43933],[10.69201,59.43922],[10.69179,59.43905],[10.69177,59.43912],[10.6919,59.43919],[10.6919,59.43925],[10.69201,59.43932],[10.69199,59.43936],[10.69208,59.43939]]]},"properties":{"a":174,"v":321,"dh":1.85,"pl":1,"pn":"GJERREBOGEN DEL AV GJERREBOGEN","pd":"1968-11-05","sl":1,"c":327}},{"type":"Feature","geometry":{"type":"Polygon","coordinates":[[[10.69208,59.43966],[10.69204,59.43959],[10.69213,59.43961],[10.69211,59.43958],[10.69195,59.43953],[10.69189,59.43941],[10.69168,59.43936],[10.69169,59.43929],[10.69164,59.43927],[10.69125,59.43931],[10.69117,59.4394],[10.69119,59.43945],[10.69128,59.43947],[10.69168,59.43938],[10.69199,59.43964],[10.69208,59.43966]]]},"properties":{"a":650,"v":798,"dh":1.23,"pl":1,"pn":"GJERREBOGEN DEL AV GJERREBOGEN","pd":"1968-11-05","fo":1,"c":323}},{"type":"Feature","geometry":{"type":"Polygon","coordinates":[[[10.69242,59.43972],[10.69243,59.43968],[10.69259,59.43968],[10.69266,59.43961],[10.69293,59.43965],[10.69301,59.43964],[10.69301,59.43961],[10.69289,59.43961],[10.6929,59.43957],[10.69281,59.43953],[10.69264,59.43951],[10.69271,59.43959],[10.69236,59.43967],[10.69242,59.43972]],[[10.69298,59.43962],[10.69299,59.43961],[10.693,59.43962],[10.69298,59.43962]]]},"properties":{"a":235,"v":488,"dh":2.08,"pl":0,"sl":1,"c":324}},{"type":"Feature","geometry":{"type":"Polygon","coordinates":[[[10.69261,59.44035],[10.69258,59.44021],[10.69242,59.44015],[10.69249,59.44019],[10.69254,59.44032],[10.69261,59.44035]]]},"properties":{"a":105,"v":-365,"dh":3.48,"pl":1,"pn":"GJERREBOGEN DEL AV GJERREBOGEN","pd":"1968-11-05","sl":1,"c":330}},{"type":"Feature","geometry":{"type":"Polygon","coordinates":[[[10.69256,59.44075],[10.69253,59.44057],[10.69246,59.44056],[10.69245,59.44072],[10.69256,59.44075]]]},"properties":{"a":101,"v":112,"dh":1.11,"pl":1,"pn":"GJERREBOGEN DEL AV GJERREBOGEN","pd":"1968-11-05","fo":1,"c":330}},{"type":"Feature","geometry":{"type":"Polygon","coordinates":[[[10.68815,59.43697],[10.68811,59.43681],[10.68786,59.43676],[10.6879,59.43682],[10.68787,59.43684],[10.68815,59.43697]]]},"properties":{"a":208,"v":189,"dh":0.91,"pl":1,"pn":"KRAPFOSS - DEL AV KRAPFOSS","pd":"1946-03-28","sh":1,"c":325}},{"type":"Feature","geometry":{"type":"Polygon","coordinates":[[[10.68896,59.43752],[10.68913,59.4374],[10.68875,59.43734],[10.68871,59.43745],[10.68896,59.43752]]]},"properties":{"a":295,"v":307,"dh":1.04,"pl":1,"pn":"KRAPFOSS - DEL AV KRAPFOSS","pd":"1946-03-28","c":326}},{"type":"Feature","geometry":{"type":"Polygon","coordinates":[[[10.68717,59.43811],[10.68718,59.43802],[10.68713,59.438],[10.68697,59.43804],[10.68701,59.43811],[10.68717,59.43811]]]},"properties":{"a":119,"v":113,"dh":0.95,"pl":1,"pn":"KRAPFOSS - DEL AV KRAPFOSS","pd":"1946-03-28","sh":1,"c":325}},{"type":"Feature","geometry":{"type":"Polygon","coordinates":[[[10.68796,59.44055],[10.68796,59.44051],[10.68803,59.44052],[10.68801,59.44047],[10.68806,59.44041],[10.68782,59.44025],[10.68763,59.44027],[10.68761,59.44024],[10.68731,59.44022],[10.68724,59.44015],[10.68713,59.44016],[10.68722,59.44025],[10.68758,59.44025],[10.68756,59.4403],[10.68777,59.4403],[10.68796,59.44042],[10.68791,59.44055],[10.68796,59.44055]]]},"properties":{"a":380,"v":1755,"dh":4.62,"pl":1,"pn":"GJERREBOGEN DEL AV GJERREBOGEN","pd":"1968-11-05","sl":1,"c":327}},{"type":"Feature","geometry":{"type":"MultiPolygon","coordinates":[[[[10.6881,59.44048],[10.68808,59.44049],[10.6881,59.44049],[10.6881,59.44048]]],[[[10.6884,59.44078],[10.68832,59.4407],[10.68833,59.44057],[10.6881,59.44049],[10.68818,59.44058],[10.68828,59.4406],[10.68831,59.44078],[10.6884,59.44078]]],[[[10.68842,59.44078],[10.6884,59.44078],[10.6884,59.44079],[10.68842,59.44079],[10.68842,59.44078]]]]},"properties":{"a":146,"v":451,"dh":3.09,"pl":1,"pn":"GJERREBOGEN DEL AV GJERREBOGEN","pd":"1968-11-05","sl":1,"c":327}},{"type":"Feature","geometry":{"type":"Polygon","coordinates":[[[10.69007,59.4422],[10.6902,59.4422],[10.69019,59.44211],[10.68996,59.44205],[10.69007,59.44214],[10.69007,59.4422]]]},"properties":{"a":120,"v":111,"dh":0.93,"pl":1,"pn":"GJERREBOGEN DEL AV GJERREBOGEN","pd":"1968-11-05","sh":1,"c":327}},{"type":"Feature","geometry":{"type":"Polygon","coordinates":[[[10.68892,59.44283],[10.68944,59.44265],[10.68946,59.44259],[10.68935,59.44259],[10.68938,59.44254],[10.68929,59.44247],[10.68937,59.44232],[10.68927,59.44228],[10.68928,59.44221],[10.68905,59.44222],[10.68904,59.44228],[10.68886,59.44235],[10.68887,59.44244],[10.68875,59.44253],[10.68879,59.44257],[10.68874,59.44268],[10.68876,59.44274],[10.68892,59.44283]],[[10.6889,59.44277],[10.68894,59.44274],[10.68894,59.44276],[10.6889,59.44277]],[[10.68892,59.44273],[10.68894,59.44272],[10.68894,59.44273],[10.68892,59.44273]],[[10.68923,59.44269],[10.68921,59.44263],[10.6893,59.44265],[10.68923,59.44269]]]},"properties":{"a":1764,"v":2962,"dh":1.68,"pl":1,"pn":"GJERREBOGEN DEL AV GJERREBOGEN","pd":"1968-11-05","fo":1,"c":328}},{"type":"Feature","geometry":{"type":"Polygon","coordinates":[[[10.69018,59.44436],[10.69021,59.44432],[10.69017,59.44423],[10.69046,59.44421],[10.6905,59.44414],[10.69047,59.44411],[10.69052,59.4441],[10.69043,59.44407],[10.69052,59.44405],[10.69052,59.44401],[10.69046,59.44398],[10.69027,59.44406],[10.69006,59.44405],[10.68996,59.44385],[10.68991,59.4439],[10.6899,59.44411],[10.68977,59.44416],[10.6899,59.44429],[10.69,59.44428],[10.69004,59.44434],[10.69018,59.44436]]]},"properties":{"a":1053,"v":2160,"dh":2.05,"pl":1,"pn":"GJERREBOGEN DEL AV GJERREBOGEN","pd":"1968-11-05","fo":1,"c":328}},{"type":"Feature","geometry":{"type":"MultiPolygon","coordinates":[[[[10.6863,59.44501],[10.68626,59.44502],[10.6863,59.44502],[10.6863,59.44501]]],[[[10.6863,59.44502],[10.68681,59.4451],[10.68744,59.44532],[10.68778,59.44539],[10.68694,59.44511],[10.6863,59.44502]]]]},"properties":{"a":245,"v":244,"dh":1.0,"pl":1,"pn":"GJERREBOGEN DEL AV GJERREBOGEN","pd":"1968-11-05","sh":1,"c":329}},{"type":"Feature","geometry":{"type":"Polygon","coordinates":[[[10.6901,59.44596],[10.69036,59.44588],[10.68994,59.44587],[10.6901,59.44596]]]},"properties":{"a":126,"v":125,"dh":0.99,"pl":1,"pn":"GRINDVOLD. SØNDRE DEL AV FELT H","pd":"1977-07-15","sh":1,"c":128}},{"type":"Feature","geometry":{"type":"Polygon","coordinates":[[[10.6918,59.44083],[10.69196,59.44077],[10.69194,59.44065],[10.69183,59.44058],[10.69163,59.44058],[10.69146,59.44067],[10.69163,59.44079],[10.6918,59.44083]]]},"properties":{"a":542,"v":-677,"dh":1.25,"pl":1,"pn":"GJERREBOGEN DEL AV GJERREBOGEN","pd":"1968-11-05","c":330}},{"type":"Feature","geometry":{"type":"Polygon","coordinates":[[[10.69211,59.44092],[10.69213,59.44069],[10.69207,59.4406],[10.692,59.44059],[10.69197,59.44064],[10.69206,59.44076],[10.69207,59.44085],[10.69202,59.44091],[10.69211,59.44092]]]},"properties":{"a":167,"v":202,"dh":1.21,"pl":1,"pn":"GJERREBOGEN DEL AV GJERREBOGEN","pd":"1968-11-05","c":330}},{"type":"Feature","geometry":{"type":"Polygon","coordinates":[[[10.69333,59.44105],[10.69342,59.44101],[10.69338,59.44091],[10.69304,59.44093],[10.69308,59.441],[10.69333,59.44105]]]},"properties":{"a":239,"v":-430,"dh":1.8,"pl":0,"fo":1,"c":331}},{"type":"Feature","geometry":{"type":"Polygon","coordinates":[[[10.69263,59.44115],[10.69277,59.44109],[10.69282,59.44096],[10.69261,59.44109],[10.69263,59.44115]]]},"properties":{"a":104,"v":82,"dh":0.79,"pl":1,"pn":"GJERREBOGEN DEL AV GJERREBOGEN","pd":"1968-11-05","sh":1,"c":330}},{"type":"Feature","geometry":{"type":"Polygon","coordinates":[[[10.69323,59.44157],[10.69323,59.44153],[10.69307,59.44147],[10.69316,59.44144],[10.69309,59.44121],[10.69355,59.4412],[10.69374,59.44114],[10.69372,59.44103],[10.69346,59.44087],[10.69346,59.44082],[10.69353,59.44082],[10.69351,59.44071],[10.69354,59.44069],[10.69347,59.44066],[10.69352,59.44062],[10.69315,59.44059],[10.69326,59.44063],[10.69339,59.4408],[10.69351,59.4411],[10.69325,59.4411],[10.693,59.44117],[10.69305,59.44134],[10.69289,59.44137],[10.69305,59.44151],[10.69323,59.44157]]]},"properties":{"a":1216,"v":1960,"dh":1.61,"pl":1,"pn":"Vålerveien 130","pd":"2015-02-23","fo":1,"c":332}},{"type":"Feature","geometry":{"type":"Polygon","coordinates":[[[10.69281,59.44131],[10.69299,59.4413],[10.69297,59.44117],[10.69284,59.44116],[10.69281,59.44131]]]},"properties":{"a":164,"v":-255,"dh":1.55,"pl":1,"pn":"Vålerveien 130","pd":"2015-02-23","fo":1,"c":332}},{"type":"Feature","geometry":{"type":"Polygon","coordinates":[[[10.694,59.44143],[10.69402,59.44137],[10.69385,59.44129],[10.69373,59.44134],[10.69383,59.44141],[10.694,59.44143]]]},"properties":{"a":130,"v":-174,"dh":1.34,"pl":1,"pn":"Vålerveien 130","pd":"2015-02-23","fo":1,"c":332}},{"type":"Feature","geometry":{"type":"Polygon","coordinates":[[[10.69376,59.44152],[10.69374,59.44142],[10.69366,59.44138],[10.69349,59.44148],[10.69376,59.44152]]]},"properties":{"a":169,"v":143,"dh":0.85,"pl":1,"pn":"Vålerveien 130","pd":"2015-02-23","sh":1,"c":333}},{"type":"Feature","geometry":{"type":"Polygon","coordinates":[[[10.69349,59.44169],[10.69375,59.44167],[10.69375,59.44166],[10.69368,59.44167],[10.69364,59.44159],[10.69338,59.44163],[10.69349,59.44169]]]},"properties":{"a":132,"v":105,"dh":0.79,"pl":1,"pn":"Vålerveien 130","pd":"2015-02-23","sh":1,"c":333}},{"type":"Feature","geometry":{"type":"Polygon","coordinates":[[[10.69087,59.44237],[10.691,59.44233],[10.69089,59.44231],[10.69088,59.44213],[10.69074,59.44204],[10.69078,59.44195],[10.69068,59.44196],[10.69064,59.44188],[10.69055,59.44189],[10.69043,59.44202],[10.69054,59.44207],[10.69057,59.44222],[10.69068,59.44232],[10.69087,59.44237]]]},"properties":{"a":770,"v":1137,"dh":1.48,"pl":1,"pn":"GJERREBOGEN DEL AV GJERREBOGEN","pd":"1968-11-05","fo":1,"c":328}},{"type":"Feature","geometry":{"type":"Polygon","coordinates":[[[10.68075,59.44261],[10.68085,59.44252],[10.68055,59.44253],[10.68059,59.44258],[10.68075,59.44261]]]},"properties":{"a":117,"v":130,"dh":1.11,"pl":1,"pn":"TYKKEMYR NÆRINGSPARK","pd":"2002-06-18","fo":1,"c":320}},{"type":"Feature","geometry":{"type":"Polygon","coordinates":[[[10.68397,59.44295],[10.68424,59.44293],[10.68421,59.4428],[10.68413,59.44256],[10.68406,59.4425],[10.68416,59.44281],[10.68405,59.4428],[10.68407,59.44286],[10.68397,59.44288],[10.68397,59.44295]],[[10.68409,59.44287],[10.68411,59.44285],[10.68411,59.44287],[10.68409,59.44287]]]},"properties":{"a":268,"v":223,"dh":0.83,"pl":1,"pn":"TYKKEMYR NÆRINGSPARK","pd":"2002-06-18","sh":1,"c":334}},{"type":"Feature","geometry":{"type":"Polygon","coordinates":[[[10.68166,59.44323],[10.68153,59.44315],[10.68156,59.44309],[10.68126,59.44291],[10.68156,59.44268],[10.68122,59.44261],[10.68112,59.44266],[10.68094,59.44266],[10.68107,59.44274],[10.68104,59.44285],[10.6811,59.44293],[10.68166,59.44323]]]},"properties":{"a":889,"v":1192,"dh":1.34,"pl":1,"pn":"TYKKEMYR NÆRINGSPARK","pd":"2002-06-18","c":320}},{"type":"Feature","geometry":{"type":"Polygon","coordinates":[[[10.68434,59.4433],[10.68432,59.44325],[10.68441,59.44317],[10.68439,59.44311],[10.68391,59.44316],[10.68421,59.44317],[10.68432,59.44322],[10.68427,59.44327],[10.68434,59.4433]]]},"properties":{"a":165,"v":164,"dh":0.99,"pl":1,"pn":"Tykkemyr, K1","pd":"2012-10-22","sh":1,"c":335}},{"type":"Feature","geometry":{"type":"Polygon","coordinates":[[[10.68057,59.4434],[10.68062,59.44334],[10.68059,59.44331],[10.68039,59.44327],[10.68025,59.4433],[10.68057,59.4434]]]},"properties":{"a":130,"v":148,"dh":1.14,"pl":1,"pn":"Rv.19 Gang- og sykkelveg Tigerplassen - Noreløkka","pd":"2016-11-14","fo":1,"c":336}},{"type":"Feature","geometry":{"type":"Polygon","coordinates":[[[10.67654,59.44358],[10.67682,59.44346],[10.67689,59.44342],[10.67664,59.44343],[10.67655,59.44337],[10.67641,59.44338],[10.67645,59.4435],[10.67642,59.44357],[10.67654,59.44358]]]},"properties":{"a":339,"v":507,"dh":1.5,"pl":1,"pn":"Detaljregulering for Sponvika 1","pd":"2012-11-12","c":337}},{"type":"Feature","geometry":{"type":"Polygon","coordinates":[[[10.67702,59.44364],[10.677,59.44387],[10.6774,59.44386],[10.67748,59.4437],[10.67778,59.44358],[10.67786,59.44348],[10.67789,59.44335],[10.67772,59.44316],[10.67749,59.44316],[10.67718,59.44327],[10.67709,59.44322],[10.67703,59.44309],[10.67694,59.44309],[10.67702,59.44319],[10.67704,59.44336],[10.67697,59.44335],[10.67691,59.44345],[10.67705,59.44355],[10.67708,59.44364],[10.67702,59.44364]],[[10.67708,59.44364],[10.67709,59.44365],[10.67708,59.44365],[10.67708,59.44364]],[[10.67733,59.44374],[10.6772,59.4437],[10.67734,59.44369],[10.67733,59.44374]],[[10.67738,59.44366],[10.67736,59.44367],[10.67736,59.44366],[10.67738,59.44366]],[[10.67739,59.44366],[10.67743,59.44361],[10.67737,59.44346],[10.67749,59.44343],[10.6775,59.44329],[10.67766,59.44329],[10.67775,59.44345],[10.67739,59.44366]],[[10.67731,59.4434],[10.67708,59.44341],[10.67706,59.44339],[10.67731,59.4434]]]},"properties":{"a":2355,"v":-4134,"dh":1.76,"pl":1,"pn":"Detaljregulering for Sponvika 1","pd":"2012-11-12","c":337}},{"type":"Feature","geometry":{"type":"Polygon","coordinates":[[[10.67757,59.44355],[10.67772,59.44348],[10.67774,59.44343],[10.67763,59.44339],[10.67763,59.44344],[10.67751,59.44351],[10.67757,59.44355]]]},"properties":{"a":107,"v":96,"dh":0.9,"pl":1,"pn":"Detaljregulering for Sponvika 1","pd":"2012-11-12","sh":1,"c":337}},{"type":"Feature","geometry":{"type":"Polygon","coordinates":[[[10.67683,59.44401],[10.67695,59.44396],[10.67686,59.44383],[10.67692,59.44375],[10.67683,59.44362],[10.67669,59.44362],[10.6766,59.44369],[10.67666,59.44376],[10.67654,59.4438],[10.67656,59.44383],[10.67649,59.44387],[10.67654,59.44387],[10.67653,59.44392],[10.67665,59.44399],[10.67683,59.44401]],[[10.67664,59.44378],[10.67666,59.44377],[10.67666,59.44378],[10.67664,59.44378]]]},"properties":{"a":716,"v":862,"dh":1.2,"pl":1,"pn":"Detaljregulering for Sponvika 1","pd":"2012-11-12","c":337}},{"type":"Feature","geometry":{"type":"Polygon","coordinates":[[[10.68389,59.44414],[10.6841,59.44405],[10.68411,59.44395],[10.68431,59.44377],[10.68438,59.44359],[10.68425,59.4436],[10.68407,59.44389],[10.68392,59.44398],[10.68358,59.444],[10.68389,59.44414]]]},"properties":{"a":690,"v":789,"dh":1.14,"pl":1,"pn":"TYKKEMYR NÆRINGSPARK","pd":"2002-06-18","c":320}},{"type":"Feature","geometry":{"type":"MultiPolygon","coordinates":[[[[10.66163,59.43251],[10.66159,59.43257],[10.66165,59.43259],[10.66163,59.43251]]],[[[10.66166,59.4325],[10.66186,59.4325],[10.66188,59.43256],[10.66172,59.43264],[10.66187,59.43272],[10.66206,59.43274],[10.66214,59.43284],[10.66224,59.43284],[10.66234,59.43292],[10.66232,59.43299],[10.66217,59.43307],[10.6619,59.43309],[10.6619,59.43314],[10.66219,59.43326],[10.66221,59.43321],[10.66254,59.43309],[10.66251,59.43293],[10.66237,59.43287],[10.66218,59.43256],[10.66216,59.43259],[10.66209,59.43258],[10.66195,59.43235],[10.66167,59.43236],[10.66169,59.43241],[10.66155,59.43245],[10.66166,59.4325]]]]},"properties":{"a":1761,"v":3179,"dh":1.81,"pl":1,"pn":"Østfoldbanen VL(Ski)-Moss, Sandbukta - Rygge grense","pd":"2016-11-14","c":274}},{"type":"Feature","geometry":{"type":"Polygon","coordinates":[[[10.66256,59.43319],[10.66263,59.43315],[10.66277,59.43319],[10.66291,59.43314],[10.66299,59.43305],[10.66299,59.43295],[10.66277,59.43288],[10.66246,59.43286],[10.66255,59.43294],[10.66257,59.43308],[10.66249,59.43317],[10.66256,59.43319]]]},"properties":{"a":751,"v":-1694,"dh":2.26,"pl":1,"pn":"Østfoldbanen VL(Ski)-Moss, Sandbukta - Rygge grense","pd":"2016-11-14","c":274}},{"type":"Feature","geometry":{"type":"Polygon","coordinates":[[[10.66172,59.43326],[10.66162,59.43314],[10.66145,59.43312],[10.66148,59.43303],[10.66137,59.43305],[10.66138,59.43313],[10.66149,59.43322],[10.66172,59.43326]]]},"properties":{"a":208,"v":364,"dh":1.75,"pl":1,"pn":"Østfoldbanen VL(Ski)-Moss, Sandbukta - Rygge grense","pd":"2016-11-14","c":274}},{"type":"Feature","geometry":{"type":"Polygon","coordinates":[[[10.66372,59.43353],[10.66379,59.43349],[10.66376,59.43332],[10.66382,59.43327],[10.66335,59.43321],[10.66327,59.43324],[10.66326,59.43348],[10.6633,59.43351],[10.66372,59.43353]]]},"properties":{"a":919,"v":-2752,"dh":2.99,"pl":1,"pn":"Østfoldbanen VL(Ski)-Moss, Sandbukta - Rygge grense","pd":"2016-11-14","c":274}},{"type":"Feature","geometry":{"type":"Polygon","coordinates":[[[10.66031,59.43363],[10.66034,59.4336],[10.66021,59.43354],[10.66018,59.43346],[10.65991,59.43341],[10.65995,59.43352],[10.6599,59.43357],[10.65992,59.43362],[10.66031,59.43363]],[[10.66025,59.43361],[10.66029,59.43359],[10.66029,59.43361],[10.66025,59.43361]]]},"properties":{"a":405,"v":634,"dh":1.56,"pl":1,"pn":"Torget, Kirkegata, Rådhusgata, Kransen, Fjordvegen, Nyquist-gate, Høienhaldgata, Vogts gt., Skoggata og Holteløkka","pd":"1990-09-20","c":338}},{"type":"Feature","geometry":{"type":"Polygon","coordinates":[[[10.66443,59.43364],[10.66448,59.43357],[10.66409,59.43348],[10.6642,59.43354],[10.66422,59.4336],[10.66443,59.43364]]]},"properties":{"a":169,"v":-153,"dh":0.9,"pl":1,"pn":"Østfoldbanen VL(Ski)-Moss, Sandbukta - Rygge grense","pd":"2016-11-14","sh":1,"c":274}},{"type":"Feature","geometry":{"type":"Polygon","coordinates":[[[10.6662,59.43381],[10.66629,59.43374],[10.66643,59.43373],[10.66644,59.43364],[10.66614,59.43351],[10.66616,59.43354],[10.66603,59.43359],[10.66605,59.43362],[10.6659,59.43363],[10.6658,59.43374],[10.6662,59.43381]]]},"properties":{"a":675,"v":721,"dh":1.07,"pl":1,"pn":"Skarmyra","pd":"2013-10-28","c":339}},{"type":"Feature","geometry":{"type":"Polygon","coordinates":[[[10.65592,59.43399],[10.65599,59.43403],[10.65622,59.43403],[10.65611,59.43391],[10.656,59.43389],[10.65591,59.43394],[10.65592,59.43399]]]},"properties":{"a":193,"v":-310,"dh":1.61,"pl":0,"c":340}},{"type":"Feature","geometry":{"type":"Polygon","coordinates":[[[10.66166,59.43422],[10.66181,59.43415],[10.66114,59.43416],[10.66123,59.43421],[10.66166,59.43422]]]},"properties":{"a":232,"v":203,"dh":0.88,"pl":1,"pn":"Torget, Kirkegata, Rådhusgata, Kransen, Fjordvegen, Nyquist-gate, Høienhaldgata, Vogts gt., Skoggata og Holteløkka","pd":"1990-09-20","sh":1,"c":341}},{"type":"Feature","geometry":{"type":"Polygon","coordinates":[[[10.66492,59.43427],[10.66496,59.43424],[10.66492,59.43414],[10.66462,59.43412],[10.66455,59.43417],[10.66462,59.43422],[10.66492,59.43427]]]},"properties":{"a":283,"v":476,"dh":1.68,"pl":1,"pn":"Østfoldbanen VL(Ski)-Moss, Sandbukta - Rygge grense","pd":"2016-11-14","c":274}},{"type":"Feature","geometry":{"type":"Polygon","coordinates":[[[10.64776,59.43348],[10.64778,59.43339],[10.6479,59.4334],[10.64799,59.43332],[10.64762,59.43334],[10.64757,59.43342],[10.64748,59.43345],[10.64776,59.43348]]]},"properties":{"a":275,"v":367,"dh":1.33,"pl":1,"pn":"Glassverket","pd":"2003-04-29","c":255}},{"type":"Feature","geometry":{"type":"Polygon","coordinates":[[[10.64794,59.43353],[10.64796,59.43349],[10.64847,59.43349],[10.64866,59.43341],[10.64812,59.43328],[10.64811,59.43336],[10.6483,59.43335],[10.64831,59.43338],[10.64811,59.43341],[10.64803,59.43347],[10.64775,59.4335],[10.64794,59.43353]]]},"properties":{"a":495,"v":-525,"dh":1.06,"pl":1,"pn":"Glassverket","pd":"2003-04-29","c":255}},{"type":"Feature","geometry":{"type":"Polygon","coordinates":[[[10.64854,59.43423],[10.64882,59.43417],[10.64887,59.43409],[10.6488,59.43408],[10.64885,59.43405],[10.64862,59.43405],[10.64831,59.43418],[10.64854,59.43423]]]},"properties":{"a":408,"v":643,"dh":1.58,"pl":1,"pn":"Kanalområdet Nord - Jeløy","pd":"2012-06-18","c":342}},{"type":"Feature","geometry":{"type":"Polygon","coordinates":[[[10.64773,59.43424],[10.6479,59.43416],[10.64755,59.43417],[10.64761,59.43423],[10.64773,59.43424]]]},"properties":{"a":137,"v":-198,"dh":1.45,"pl":1,"pn":"Kanalområdet Nord - Jeløy","pd":"2012-06-18","c":342}},{"type":"Feature","geometry":{"type":"Polygon","coordinates":[[[10.64719,59.4344],[10.64729,59.43435],[10.64731,59.43428],[10.64752,59.43425],[10.64755,59.43419],[10.64741,59.43409],[10.64718,59.43416],[10.64717,59.43425],[10.64726,59.43435],[10.64715,59.43437],[10.64719,59.4344]]]},"properties":{"a":379,"v":642,"dh":1.69,"pl":1,"pn":"Kanalområdet Nord - Jeløy","pd":"2012-06-18","c":342}},{"type":"Feature","geometry":{"type":"Polygon","coordinates":[[[10.64776,59.43446],[10.64816,59.43433],[10.64823,59.43428],[10.64807,59.43426],[10.64808,59.43412],[10.64799,59.43411],[10.64792,59.43418],[10.64796,59.43425],[10.64793,59.43427],[10.64768,59.43435],[10.64779,59.43436],[10.64765,59.43442],[10.64776,59.43446]]]},"properties":{"a":461,"v":483,"dh":1.05,"pl":1,"pn":"Kanalområdet Nord - Jeløy","pd":"2012-06-18","c":342}},{"type":"Feature","geometry":{"type":"Polygon","coordinates":[[[10.64719,59.43472],[10.64766,59.43455],[10.64764,59.43449],[10.64751,59.43449],[10.64708,59.43465],[10.64719,59.43472]]]},"properties":{"a":297,"v":283,"dh":0.95,"pl":1,"pn":"Kanalområdet Nord - Jeløy","pd":"2012-06-18","sh":1,"c":342}},{"type":"Feature","geometry":{"type":"Polygon","coordinates":[[[10.64904,59.4347],[10.64911,59.43467],[10.64914,59.43458],[10.64894,59.4345],[10.6488,59.43453],[10.64879,59.43462],[10.64883,59.43465],[10.64904,59.4347]]]},"properties":{"a":317,"v":-344,"dh":1.08,"pl":1,"pn":"Kanalområdet Nord - Jeløy","pd":"2012-06-18","c":342}},{"type":"Feature","geometry":{"type":"Polygon","coordinates":[[[10.65906,59.4344],[10.65932,59.4344],[10.65934,59.43438],[10.65908,59.43424],[10.65906,59.4344]]]},"properties":{"a":152,"v":148,"dh":0.97,"pl":1,"pn":"Torget, Kirkegata, Rådhusgata, Kransen, Fjordvegen, Nyquist-gate, Høienhaldgata, Vogts gt., Skoggata og Holteløkka","pd":"1990-09-20","sh":1,"c":338}},{"type":"Feature","geometry":{"type":"Polygon","coordinates":[[[10.66245,59.43446],[10.66262,59.43442],[10.66244,59.43434],[10.66216,59.43444],[10.66241,59.43441],[10.66245,59.43446]]]},"properties":{"a":166,"v":-240,"dh":1.44,"pl":1,"pn":"Sentrum - Kirkeparken VGS","pd":"2003-04-29","c":343}},{"type":"Feature","geometry":{"type":"Polygon","coordinates":[[[10.66432,59.4345],[10.66403,59.43448],[10.66414,59.43455],[10.66388,59.43452],[10.66386,59.43456],[10.66397,59.43454],[10.66399,59.43463],[10.66418,59.43468],[10.66415,59.43472],[10.66437,59.43483],[10.66426,59.43475],[10.66429,59.43461],[10.66436,59.43459],[10.66423,59.43454],[10.66432,59.4345]],[[10.66429,59.43459],[10.66425,59.4346],[10.66425,59.43458],[10.66429,59.43459]],[[10.66418,59.43451],[10.66419,59.43452],[10.66418,59.43452],[10.66418,59.43451]]]},"properties":{"a":405,"v":-391,"dh":0.96,"pl":1,"pn":"Skoggata bo- og servicesenter","pd":"2010-12-13","sh":1,"c":344}},{"type":"Feature","geometry":{"type":"MultiPolygon","coordinates":[[[[10.66427,59.43493],[10.66389,59.43469],[10.66374,59.4347],[10.6636,59.43462],[10.6634,59.43446],[10.6634,59.43442],[10.663,59.43421],[10.66269,59.43436],[10.66242,59.43431],[10.66264,59.43443],[10.66259,59.43449],[10.66231,59.43447],[10.66215,59.43453],[10.66219,59.43461],[10.66236,59.43461],[10.6626,59.4347],[10.6626,59.43477],[10.66274,59.43479],[10.66276,59.43482],[10.66269,59.43484],[10.6627,59.4349],[10.66275,59.43492],[10.66328,59.43494],[10.66327,59.435],[10.66355,59.43513],[10.66359,59.43513],[10.66359,59.43506],[10.66388,59.43497],[10.66388,59.43493],[10.66427,59.43493]],[[10.66293,59.43429],[10.66276,59.43438],[10.66269,59.43439],[10.66293,59.43429]],[[10.66293,59.43429],[10.66295,59.43428],[10.66295,59.43429],[10.66293,59.43429]]],[[[10.66441,59.43502],[10.66432,59.43495],[10.66429,59.43495],[10.66441,59.43502]]],[[[10.66443,59.43502],[10.66441,59.43502],[10.66441,59.43503],[10.66443,59.43503],[10.66443,59.43502]]]]},"properties":{"a":5124,"v":15404,"dh":3.01,"pl":1,"pn":"Sentrum - Kirkeparken VGS","pd":"2003-04-29","c":343}},{"type":"Feature","geometry":{"type":"Polygon","coordinates":[[[10.66566,59.43484],[10.66576,59.43479],[10.66577,59.4347],[10.66552,59.43464],[10.6654,59.43471],[10.66566,59.43484]]]},"properties":{"a":295,"v":-636,"dh":2.16,"pl":1,"pn":"Skoggata bo- og servicesenter","pd":"2010-12-13","c":344}},{"type":"Feature","geometry":{"type":"Polygon","coordinates":[[[10.66506,59.43497],[10.66499,59.43489],[10.66509,59.4349],[10.66532,59.4348],[10.66532,59.43476],[10.66542,59.43476],[10.66533,59.43469],[10.66535,59.43466],[10.66506,59.43457],[10.66435,59.43456],[10.66441,59.4346],[10.66433,59.4347],[10.66445,59.43479],[10.66444,59.43482],[10.66474,59.43494],[10.66506,59.43497]],[[10.66503,59.43477],[10.66505,59.43476],[10.66505,59.43477],[10.66503,59.43477]],[[10.66482,59.43466],[10.66487,59.43463],[10.66487,59.43465],[10.66482,59.43466]]]},"properties":{"a":1835,"v":3141,"dh":1.71,"pl":1,"pn":"Skoggata bo- og servicesenter","pd":"2010-12-13","c":344}},{"type":"Feature","geometry":{"type":"Polygon","coordinates":[[[10.65959,59.43491],[10.65971,59.43482],[10.6595,59.43478],[10.65943,59.43483],[10.65959,59.43491]]]},"properties":{"a":141,"v":-169,"dh":1.2,"pl":1,"pn":"Torget, Kirkegata, Rådhusgata, Kransen, Fjordvegen, Nyquist-gate, Høienhaldgata, Vogts gt., Skoggata og Holteløkka","pd":"1990-09-20","c":338}},{"type":"Feature","geometry":{"type":"Polygon","coordinates":[[[10.65624,59.43526],[10.65638,59.43522],[10.65629,59.43513],[10.65613,59.43518],[10.65624,59.43526]]]},"properties":{"a":134,"v":171,"dh":1.27,"pl":1,"pn":"Sundbryggene","pd":"1998-06-18","c":345}},{"type":"Feature","geometry":{"type":"Polygon","coordinates":[[[10.66371,59.43533],[10.66376,59.43529],[10.66374,59.43525],[10.66358,59.4352],[10.66347,59.43524],[10.66349,59.43529],[10.66371,59.43533]]]},"properties":{"a":149,"v":128,"dh":0.86,"pl":1,"pn":"Sentrum - Kirkeparken VGS","pd":"2003-04-29","sh":1,"c":343}},{"type":"Feature","geometry":{"type":"Polygon","coordinates":[[[10.66582,59.43538],[10.66587,59.43532],[10.66583,59.43525],[10.66563,59.43532],[10.66572,59.43538],[10.66582,59.43538]]]},"properties":{"a":137,"v":-192,"dh":1.4,"pl":1,"pn":"Kvartalet Skoggata, Fr.Nansensgt, Herfølbakken, Kong Haakons Plass","pd":"1987-06-16","c":344}},{"type":"Feature","geometry":{"type":"Polygon","coordinates":[[[10.67385,59.43372],[10.67409,59.43363],[10.67381,59.43355],[10.67369,59.43356],[10.6734,59.43346],[10.67342,59.43358],[10.67358,59.43361],[10.67358,59.43356],[10.67363,59.43356],[10.67367,59.4336],[10.67362,59.43365],[10.67385,59.43372]]]},"properties":{"a":440,"v":663,"dh":1.51,"pl":0,"c":299}},{"type":"Feature","geometry":{"type":"Polygon","coordinates":[[[10.66785,59.43504],[10.66798,59.43504],[10.66797,59.43495],[10.66816,59.43481],[10.66816,59.43476],[10.66785,59.4347],[10.66767,59.4346],[10.66739,59.4346],[10.66741,59.43474],[10.66747,59.43476],[10.66744,59.43483],[10.6677,59.43482],[10.66774,59.43484],[10.66769,59.43488],[10.66771,59.43493],[10.66783,59.43497],[10.66785,59.43504]],[[10.66791,59.43487],[10.66793,59.43487],[10.66791,59.43487],[10.66791,59.43487]],[[10.66791,59.43487],[10.6679,59.43486],[10.66791,59.43486],[10.66791,59.43487]]]},"properties":{"a":1058,"v":-1018,"dh":0.96,"pl":1,"pn":"Østfoldbanen VL(Ski)-Moss, Sandbukta - Rygge grense","pd":"2016-11-14","c":274}},{"type":"Feature","geometry":{"type":"Polygon","coordinates":[[[10.6667,59.4359],[10.66673,59.43581],[10.66669,59.43573],[10.66655,59.43579],[10.6667,59.4359]]]},"properties":{"a":108,"v":-133,"dh":1.23,"pl":2,"pn":"Sterudkvartalet","pd":"2022-11-08","c":346}},{"type":"Feature","geometry":{"type":"Polygon","coordinates":[[[10.67105,59.43591],[10.6711,59.4358],[10.67104,59.43577],[10.67088,59.43576],[10.67082,59.43582],[10.67084,59.43587],[10.67105,59.43591]]]},"properties":{"a":206,"v":-173,"dh":0.84,"pl":1,"pn":"Justisbygget","pd":"1999-06-10","sh":1,"c":347}},{"type":"Feature","geometry":{"type":"Polygon","coordinates":[[[10.66718,59.4361],[10.66746,59.43607],[10.66737,59.43607],[10.66728,59.43597],[10.66709,59.43604],[10.66718,59.4361]]]},"properties":{"a":168,"v":186,"dh":1.11,"pl":2,"pn":"Sterudkvartalet","pd":"2022-11-08","c":346}},{"type":"Feature","geometry":{"type":"Polygon","coordinates":[[[10.66831,59.43649],[10.66834,59.43646],[10.66833,59.43623],[10.66817,59.43619],[10.66819,59.43648],[10.66828,59.43652],[10.66835,59.43651],[10.66831,59.43649]],[[10.66831,59.4365],[10.66828,59.4365],[10.66828,59.4365],[10.66831,59.4365]]]},"properties":{"a":292,"v":-1018,"dh":3.49,"pl":0,"c":348}},{"type":"Feature","geometry":{"type":"Polygon","coordinates":[[[10.67028,59.43682],[10.67046,59.43677],[10.67044,59.43671],[10.67026,59.43675],[10.67028,59.43682]]]},"properties":{"a":101,"v":123,"dh":1.22,"pl":1,"pn":"Wulfsgate 2 og 4, Bjerget 3","pd":"1982-09-06","c":349}},{"type":"Feature","geometry":{"type":"Polygon","coordinates":[[[10.67047,59.43691],[10.67066,59.43689],[10.67067,59.43682],[10.67051,59.4368],[10.67047,59.43691]]]},"properties":{"a":128,"v":186,"dh":1.45,"pl":1,"pn":"Wulfsgate 2 og 4, Bjerget 3","pd":"1982-09-06","c":349}},{"type":"Feature","geometry":{"type":"Polygon","coordinates":[[[10.66788,59.43782],[10.66775,59.43765],[10.66778,59.43759],[10.66769,59.43758],[10.66738,59.43723],[10.66768,59.43766],[10.66788,59.43782]]]},"properties":{"a":222,"v":-574,"dh":2.59,"pl":0,"sl":1,"c":350}},{"type":"Feature","geometry":{"type":"Polygon","coordinates":[[[10.67491,59.43758],[10.67467,59.43746],[10.67465,59.43734],[10.6746,59.43735],[10.67458,59.43743],[10.67468,59.43753],[10.67491,59.43758]]]},"properties":{"a":119,"v":227,"dh":1.9,"pl":1,"pn":"Mossehallen utvidelse svømmehall","pd":"2020-05-07","sl":1,"c":351}},{"type":"Feature","geometry":{"type":"Polygon","coordinates":[[[10.65981,59.43568],[10.66014,59.43558],[10.66015,59.43546],[10.66001,59.4354],[10.65967,59.43539],[10.65949,59.43534],[10.65936,59.43545],[10.6594,59.43555],[10.65981,59.43568]]]},"properties":{"a":1116,"v":1832,"dh":1.64,"pl":1,"pn":"Dronningens gate 27","pd":"2016-10-17","c":352}},{"type":"Feature","geometry":{"type":"Polygon","coordinates":[[[10.66437,59.43561],[10.66461,59.43551],[10.66459,59.43537],[10.66464,59.43534],[10.66434,59.43532],[10.66412,59.43543],[10.66414,59.43553],[10.66437,59.43561]]]},"properties":{"a":667,"v":737,"dh":1.1,"pl":0,"c":353}},{"type":"Feature","geometry":{"type":"Polygon","coordinates":[[[10.66083,59.43566],[10.6608,59.43551],[10.66065,59.43559],[10.66072,59.43566],[10.66083,59.43566]]]},"properties":{"a":118,"v":112,"dh":0.95,"pl":0,"sh":1,"c":354}},{"type":"Feature","geometry":{"type":"Polygon","coordinates":[[[10.65952,59.43668],[10.65963,59.43664],[10.65957,59.43661],[10.65865,59.43621],[10.65756,59.43587],[10.6574,59.43586],[10.65675,59.4356],[10.65661,59.4356],[10.65713,59.43583],[10.65738,59.43587],[10.65798,59.43609],[10.65815,59.4361],[10.65909,59.43646],[10.65952,59.43668]]]},"properties":{"a":1366,"v":3416,"dh":2.5,"pl":1,"pn":"Sundbryggene","pd":"1998-06-18","c":345}},{"type":"Feature","geometry":{"type":"MultiPolygon","coordinates":[[[[10.65894,59.43628],[10.65909,59.43618],[10.65891,59.43616],[10.65867,59.4362],[10.65894,59.43628]]],[[[10.65899,59.43628],[10.65912,59.43639],[10.65921,59.43637],[10.6592,59.4363],[10.65913,59.43626],[10.65899,59.43628]]]]},"properties":{"a":301,"v":-499,"dh":1.66,"pl":1,"pn":"Sundbryggene","pd":"1998-06-18","c":345}},{"type":"Feature","geometry":{"type":"Polygon","coordinates":[[[10.66389,59.43656],[10.66401,59.43649],[10.664,59.43641],[10.66395,59.43631],[10.66375,59.43616],[10.66353,59.43617],[10.66336,59.43624],[10.6634,59.43635],[10.66367,59.43643],[10.66378,59.43654],[10.66389,59.43656]]]},"properties":{"a":970,"v":-1077,"dh":1.11,"pl":0,"c":355}},{"type":"Feature","geometry":{"type":"MultiPolygon","coordinates":[[[[10.66461,59.43688],[10.66459,59.43687],[10.66456,59.43687],[10.66461,59.43688]]],[[[10.66461,59.43688],[10.66486,59.437],[10.66532,59.4369],[10.66488,59.43696],[10.66465,59.43688],[10.66461,59.43688]]]]},"properties":{"a":106,"v":-144,"dh":1.36,"pl":1,"pn":"Reguleringsplan for kvartalet Dronningens gate, Torggata, Th. Petersons gate","pd":"2020-10-06","sl":1,"c":356}},{"type":"Feature","geometry":{"type":"Polygon","coordinates":[[[10.66065,59.43736],[10.66066,59.4373],[10.66008,59.4369],[10.65995,59.43686],[10.65995,59.43682],[10.65973,59.43669],[10.65959,59.4367],[10.65992,59.43687],[10.66054,59.43734],[10.66065,59.43736]]]},"properties":{"a":573,"v":1287,"dh":2.25,"pl":0,"c":357}},{"type":"Feature","geometry":{"type":"Polygon","coordinates":[[[10.6618,59.43812],[10.66167,59.43801],[10.66156,59.43798],[10.66158,59.43795],[10.66147,59.43787],[10.66138,59.43786],[10.66139,59.43781],[10.66103,59.43756],[10.66092,59.43754],[10.66094,59.4375],[10.66077,59.43738],[10.66065,59.43737],[10.66124,59.43783],[10.66134,59.43786],[10.66136,59.43792],[10.66153,59.438],[10.66162,59.43811],[10.6618,59.43812]]]},"properties":{"a":697,"v":1862,"dh":2.67,"pl":0,"c":357}},{"type":"Feature","geometry":{"type":"Polygon","coordinates":[[[10.66294,59.43886],[10.66305,59.43882],[10.66276,59.43868],[10.66267,59.43868],[10.66267,59.43863],[10.66211,59.43833],[10.66205,59.43834],[10.66205,59.43828],[10.66189,59.43817],[10.66175,59.43817],[10.66197,59.43835],[10.66204,59.43834],[10.66209,59.43845],[10.66258,59.43869],[10.66265,59.43868],[10.66265,59.43872],[10.66294,59.43886]]]},"properties":{"a":695,"v":1808,"dh":2.6,"pl":0,"c":357}},{"type":"Feature","geometry":{"type":"Polygon","coordinates":[[[10.66809,59.43799],[10.66882,59.43779],[10.66883,59.43771],[10.66867,59.43765],[10.66871,59.43774],[10.66853,59.4377],[10.66846,59.43775],[10.66848,59.43781],[10.66841,59.43777],[10.66844,59.43771],[10.66839,59.43769],[10.66842,59.43767],[10.66795,59.4378],[10.66788,59.43778],[10.66796,59.43791],[10.66809,59.43799]]]},"properties":{"a":1003,"v":2827,"dh":2.82,"pl":1,"pn":"Mølleområdet","pd":"1986-06-24","c":358}},{"type":"Feature","geometry":{"type":"Polygon","coordinates":[[[10.66652,59.43798],[10.6666,59.43791],[10.66676,59.43786],[10.66639,59.43787],[10.66641,59.43796],[10.66652,59.43798]]]},"properties":{"a":202,"v":204,"dh":1.01,"pl":0,"c":359}},{"type":"Feature","geometry":{"type":"Polygon","coordinates":[[[10.6681,59.43823],[10.66825,59.43821],[10.66832,59.43815],[10.66801,59.43818],[10.6681,59.43823]]]},"properties":{"a":105,"v":107,"dh":1.02,"pl":1,"pn":"Mølleområdet","pd":"1986-06-24","c":358}},{"type":"Feature","geometry":{"type":"Polygon","coordinates":[[[10.67432,59.43934],[10.67434,59.43926],[10.67422,59.43908],[10.67406,59.43903],[10.674,59.43893],[10.6739,59.43892],[10.67399,59.43898],[10.67394,59.43904],[10.67401,59.43903],[10.6741,59.43912],[10.67411,59.43926],[10.67432,59.43934]]]},"properties":{"a":388,"v":447,"dh":1.15,"pl":1,"pn":"Østfoldbanen VL(Ski)-Moss, Sandbukta - Rygge grense","pd":"2016-11-14","fo":1,"c":360}},{"type":"Feature","geometry":{"type":"Polygon","coordinates":[[[10.66857,59.43955],[10.66856,59.43946],[10.66845,59.4394],[10.66837,59.4392],[10.66813,59.4392],[10.66816,59.43925],[10.66805,59.43934],[10.66807,59.43944],[10.66825,59.43955],[10.66853,59.43952],[10.66853,59.43956],[10.66857,59.43955]]]},"properties":{"a":805,"v":1223,"dh":1.52,"pl":1,"pn":"Verket","pd":"2015-12-14","c":362}},{"type":"Feature","geometry":{"type":"MultiPolygon","coordinates":[[[[10.66531,59.43927],[10.6659,59.43916],[10.66597,59.43909],[10.66636,59.43909],[10.66637,59.43903],[10.66644,59.43902],[10.66661,59.43917],[10.66663,59.4393],[10.66679,59.43934],[10.66746,59.43928],[10.66784,59.43915],[10.66786,59.43909],[10.66782,59.43903],[10.66771,59.439],[10.66674,59.4389],[10.66491,59.43895],[10.66443,59.43901],[10.66443,59.43905],[10.6646,59.43914],[10.66483,59.43917],[10.66518,59.43914],[10.66531,59.43927]]],[[[10.6655,59.43927],[10.66556,59.43931],[10.66557,59.43927],[10.6655,59.43927]]]]},"properties":{"a":5415,"v":-19552,"dh":3.61,"pl":1,"pn":"Verket","pd":"2015-12-14","c":362}},{"type":"Feature","geometry":{"type":"Polygon","coordinates":[[[10.66387,59.43935],[10.66383,59.43927],[10.66352,59.43912],[10.66342,59.43913],[10.66349,59.43922],[10.66387,59.43935]]]},"properties":{"a":182,"v":-280,"dh":1.54,"pl":1,"pn":"Verket","pd":"2019-06-18","c":362}},{"type":"Feature","geometry":{"type":"Polygon","coordinates":[[[10.6658,59.43951],[10.66583,59.43942],[10.66577,59.43936],[10.66558,59.4394],[10.66562,59.43948],[10.6658,59.43951]]]},"properties":{"a":186,"v":-308,"dh":1.66,"pl":1,"pn":"Verket","pd":"2015-12-14","c":362}},{"type":"Feature","geometry":{"type":"Polygon","coordinates":[[[10.66271,59.43988],[10.66289,59.43982],[10.66285,59.43977],[10.66288,59.43974],[10.66281,59.43969],[10.66293,59.43968],[10.66289,59.43962],[10.66314,59.43965],[10.66312,59.4396],[10.66326,59.4395],[10.66313,59.43944],[10.66313,59.43934],[10.66319,59.43921],[10.66333,59.43917],[10.66334,59.43908],[10.66329,59.43905],[10.6632,59.43905],[10.66326,59.43915],[10.66303,59.43923],[10.66117,59.43938],[10.66128,59.43943],[10.66128,59.4395],[10.66111,59.4395],[10.66097,59.43957],[10.66099,59.43964],[10.66113,59.43967],[10.66113,59.4397],[10.66143,59.43967],[10.66124,59.43962],[10.66121,59.43955],[10.66128,59.43954],[10.66127,59.43958],[10.66156,59.43968],[10.66216,59.43973],[10.66221,59.43977],[10.66218,59.43983],[10.66229,59.43984],[10.66228,59.43974],[10.66219,59.4397],[10.66224,59.43968],[10.66241,59.43976],[10.66241,59.43986],[10.66261,59.43999],[10.66279,59.43996],[10.66271,59.43988]],[[10.66276,59.43985],[10.66275,59.43984],[10.66276,59.43984],[10.66276,59.43985]],[[10.66268,59.43989],[10.66269,59.43988],[10.66269,59.43989],[10.66268,59.43989]],[[10.66122,59.43964],[10.66124,59.43963],[10.66124,59.43964],[10.66122,59.43964]],[[10.66128,59.43953],[10.66123,59.43952],[10.66123,59.43951],[10.66128,59.43951],[10.66128,59.43953]]]},"properties":{"a":5889,"v":7292,"dh":1.24,"pl":1,"pn":"Verket","pd":"2019-06-18","c":362}},{"type":"Feature","geometry":{"type":"Polygon","coordinates":[[[10.66478,59.44003],[10.6648,59.43999],[10.66474,59.43996],[10.66479,59.43991],[10.66477,59.43986],[10.66461,59.43982],[10.66376,59.43938],[10.66357,59.43939],[10.66348,59.43945],[10.66351,59.43952],[10.66347,59.43955],[10.66356,59.43956],[10.66358,59.43966],[10.66423,59.43991],[10.66427,59.43998],[10.66455,59.43997],[10.66478,59.44003]]]},"properties":{"a":2145,"v":-2626,"dh":1.22,"pl":1,"pn":"Verket","pd":"2019-06-18","c":362}},{"type":"Feature","geometry":{"type":"Polygon","coordinates":[[[10.66614,59.44041],[10.66632,59.44041],[10.66635,59.44029],[10.66611,59.44022],[10.66611,59.44017],[10.66601,59.44015],[10.666,59.4401],[10.6658,59.44002],[10.66564,59.43987],[10.66562,59.43981],[10.6657,59.43979],[10.66574,59.43972],[10.66535,59.43978],[10.66542,59.43976],[10.6654,59.43969],[10.66566,59.43969],[10.66589,59.43956],[10.66622,59.43957],[10.66619,59.43961],[10.66646,59.43965],[10.66703,59.43957],[10.66709,59.43958],[10.66713,59.43967],[10.66734,59.43967],[10.66737,59.43957],[10.66728,59.43951],[10.66712,59.43949],[10.66706,59.43932],[10.66665,59.43935],[10.66657,59.43917],[10.66648,59.43908],[10.66599,59.4391],[10.6659,59.43918],[10.66559,59.43923],[10.66572,59.43929],[10.66556,59.43934],[10.66543,59.43928],[10.66527,59.43928],[10.66516,59.43915],[10.66465,59.43916],[10.66436,59.43905],[10.6644,59.43899],[10.66462,59.43898],[10.66459,59.43895],[10.66441,59.43895],[10.66427,59.43899],[10.66426,59.43903],[10.66415,59.43902],[10.66421,59.43906],[10.66418,59.43919],[10.66405,59.43923],[10.66413,59.43931],[10.66509,59.43978],[10.66556,59.44005],[10.66563,59.4401],[10.66562,59.44014],[10.66579,59.44017],[10.66598,59.44026],[10.66614,59.44041]],[[10.66589,59.43954],[10.66546,59.43949],[10.66544,59.4394],[10.66581,59.43932],[10.66595,59.43943],[10.66595,59.43949],[10.66589,59.43954]],[[10.66586,59.43927],[10.66599,59.43922],[10.66603,59.43923],[10.66596,59.43927],[10.66586,59.43927]]]},"properties":{"a":9136,"v":15309,"dh":1.68,"pl":1,"pn":"Verket","pd":"2015-12-14","c":362}},{"type":"Feature","geometry":{"type":"Polygon","coordinates":[[[10.66785,59.43958],[10.6679,59.43955],[10.66786,59.4394],[10.66768,59.4394],[10.66767,59.43953],[10.66785,59.43958]]]},"properties":{"a":240,"v":307,"dh":1.28,"pl":1,"pn":"Verket","pd":"2015-12-14","c":362}},{"type":"Feature","geometry":{"type":"Polygon","coordinates":[[[10.67373,59.43983],[10.67379,59.43968],[10.67377,59.43958],[10.6738,59.43954],[10.67365,59.43956],[10.67353,59.43965],[10.67373,59.43983]]]},"properties":{"a":274,"v":-466,"dh":1.7,"pl":1,"pn":"Sponvika","pd":"2011-06-20","fo":1,"c":361}},{"type":"Feature","geometry":{"type":"Polygon","coordinates":[[[10.66702,59.44002],[10.667,59.43992],[10.6671,59.4399],[10.66714,59.43993],[10.66714,59.43988],[10.66721,59.43986],[10.66708,59.43982],[10.66708,59.43974],[10.66701,59.43975],[10.66705,59.43979],[10.66695,59.43975],[10.66651,59.43976],[10.66642,59.4397],[10.66594,59.43963],[10.66572,59.43968],[10.66579,59.4397],[10.66577,59.43975],[10.66583,59.4398],[10.66571,59.43991],[10.66584,59.44003],[10.6661,59.43995],[10.6663,59.43998],[10.66693,59.43992],[10.66695,59.44002],[10.66702,59.44002]]]},"properties":{"a":2150,"v":-3209,"dh":1.49,"pl":1,"pn":"Verket","pd":"2015-12-14","c":362}},{"type":"Feature","geometry":{"type":"Polygon","coordinates":[[[10.6678,59.44017],[10.66807,59.44014],[10.66822,59.43997],[10.66834,59.43992],[10.66834,59.43987],[10.6677,59.43992],[10.6678,59.44017]]]},"properties":{"a":779,"v":823,"dh":1.06,"pl":2,"pn":"Verket, delområde Bk2","pd":"2024-06-18","c":362}},{"type":"Feature","geometry":{"type":"Polygon","coordinates":[[[10.67377,59.44017],[10.67387,59.44015],[10.67378,59.44012],[10.67374,59.43998],[10.67358,59.43998],[10.67355,59.44007],[10.67377,59.44017]]]},"properties":{"a":211,"v":215,"dh":1.02,"pl":1,"pn":"Sponvika","pd":"2011-06-20","fo":1,"c":361}},{"type":"Feature","geometry":{"type":"Polygon","coordinates":[[[10.67027,59.4402],[10.67063,59.44019],[10.67063,59.44016],[10.67041,59.44007],[10.67029,59.44011],[10.67027,59.4402]]]},"properties":{"a":206,"v":-298,"dh":1.45,"pl":1,"pn":"VERKET","pd":"2010-02-15","c":362}},{"type":"Feature","geometry":{"type":"Polygon","coordinates":[[[10.67025,59.44035],[10.67026,59.44027],[10.67017,59.44025],[10.67024,59.44014],[10.67022,59.44006],[10.67008,59.44014],[10.67007,59.44026],[10.67016,59.44034],[10.67025,59.44035]]]},"properties":{"a":206,"v":274,"dh":1.33,"pl":1,"pn":"VERKET","pd":"2010-02-15","c":362}},{"type":"Feature","geometry":{"type":"Polygon","coordinates":[[[10.67591,59.44031],[10.67592,59.44025],[10.67581,59.44013],[10.67565,59.44015],[10.67561,59.44008],[10.67554,59.44006],[10.67558,59.44015],[10.67553,59.44018],[10.6756,59.44025],[10.67591,59.44031]]]},"properties":{"a":314,"v":309,"dh":0.99,"pl":1,"pn":"Rv.19 Gang- og sykkelveg Tigerplassen - Noreløkka","pd":"2016-11-14","sh":1,"c":336}},{"type":"Feature","geometry":{"type":"Polygon","coordinates":[[[10.66823,59.44054],[10.66824,59.44046],[10.66815,59.44041],[10.66818,59.44026],[10.66795,59.44026],[10.66823,59.44054]]]},"properties":{"a":218,"v":209,"dh":0.96,"pl":2,"pn":"Verket, delområde Bk2","pd":"2024-06-18","sh":1,"c":362}},{"type":"Feature","geometry":{"type":"Polygon","coordinates":[[[10.6739,59.44045],[10.67391,59.44028],[10.67373,59.44023],[10.67381,59.44037],[10.6738,59.44045],[10.6739,59.44045]]]},"properties":{"a":158,"v":-161,"dh":1.02,"pl":1,"pn":"Sponvika","pd":"2011-06-20","fo":1,"c":364}},{"type":"Feature","geometry":{"type":"Polygon","coordinates":[[[10.67043,59.44057],[10.6708,59.44044],[10.67085,59.44038],[10.67038,59.44024],[10.67026,59.44033],[10.67025,59.44041],[10.67035,59.44056],[10.67043,59.44057]]]},"properties":{"a":722,"v":-1064,"dh":1.47,"pl":1,"pn":"VERKET","pd":"2010-02-15","c":362}},{"type":"Feature","geometry":{"type":"Polygon","coordinates":[[[10.66967,59.44082],[10.6696,59.44075],[10.66967,59.44073],[10.66964,59.4406],[10.66943,59.44061],[10.66937,59.44054],[10.66939,59.44049],[10.66929,59.44033],[10.66929,59.44025],[10.66941,59.44024],[10.66935,59.44008],[10.66916,59.44004],[10.66893,59.44012],[10.66912,59.44045],[10.66927,59.44059],[10.66926,59.44066],[10.6694,59.44069],[10.66946,59.44077],[10.66967,59.44082]]]},"properties":{"a":1318,"v":-1508,"dh":1.14,"pl":2,"pn":"Verket, delområde Bk2","pd":"2024-06-18","c":362}},{"type":"Feature","geometry":{"type":"Polygon","coordinates":[[[10.66775,59.44089],[10.66802,59.44086],[10.66806,59.44076],[10.66822,59.44075],[10.6681,59.4405],[10.66788,59.44035],[10.66788,59.44031],[10.66763,59.44027],[10.6673,59.44004],[10.66715,59.44007],[10.66706,59.44002],[10.6668,59.44025],[10.6664,59.4403],[10.66638,59.44034],[10.66656,59.44039],[10.66625,59.44047],[10.66611,59.44056],[10.66599,59.44056],[10.66584,59.44067],[10.66607,59.44079],[10.66616,59.44075],[10.66614,59.44065],[10.66642,59.44061],[10.66653,59.4405],[10.66662,59.44049],[10.66669,59.44055],[10.66694,59.44045],[10.6676,59.44031],[10.66768,59.44047],[10.66752,59.44057],[10.66775,59.44089]]]},"properties":{"a":4168,"v":-6760,"dh":1.62,"pl":2,"pn":"Verket, delområde Bk2","pd":"2024-06-18","c":362}},{"type":"Feature","geometry":{"type":"Polygon","coordinates":[[[10.66879,59.44055],[10.66871,59.44036],[10.66861,59.4404],[10.66865,59.44051],[10.66879,59.44055]]]},"properties":{"a":142,"v":-125,"dh":0.88,"pl":2,"pn":"Verket, delområde Bk2","pd":"2024-06-18","sh":1,"c":362}},{"type":"Feature","geometry":{"type":"Polygon","coordinates":[[[10.67181,59.44047],[10.67162,59.44038],[10.67134,59.44039],[10.67122,59.44045],[10.67152,59.44042],[10.67181,59.44047]],[[10.67159,59.4404],[10.67161,59.44039],[10.67161,59.4404],[10.67159,59.4404]]]},"properties":{"a":156,"v":-179,"dh":1.14,"pl":1,"pn":"Sponvika - Felt B1.1 og B1.2","pd":"2016-09-19","fo":1,"c":363}},{"type":"Feature","geometry":{"type":"Polygon","coordinates":[[[10.66698,59.44058],[10.66714,59.44054],[10.66713,59.44048],[10.6669,59.44051],[10.66698,59.44058]],[[10.66705,59.44054],[10.66708,59.44053],[10.66708,59.44054],[10.66705,59.44054]]]},"properties":{"a":102,"v":93,"dh":0.91,"pl":2,"pn":"Verket, delområde Bk2","pd":"2024-06-18","sh":1,"c":362}},{"type":"Feature","geometry":{"type":"Polygon","coordinates":[[[10.67203,59.44064],[10.67216,59.44056],[10.67198,59.4405],[10.6717,59.4405],[10.6719,59.44063],[10.67203,59.44064]]]},"properties":{"a":253,"v":407,"dh":1.61,"pl":1,"pn":"SENTRUM - SAMORDNET REGPLAN JERNBANE/VEG/HAVN","pd":"1999-09-02","fo":1,"c":291}},{"type":"Feature","geometry":{"type":"Polygon","coordinates":[[[10.67406,59.4408],[10.67432,59.44068],[10.67414,59.44059],[10.67414,59.44052],[10.6741,59.44057],[10.67384,59.44068],[10.67392,59.44073],[10.6739,59.44079],[10.67406,59.4408]]]},"properties":{"a":423,"v":1069,"dh":2.53,"pl":1,"pn":"Sponvika","pd":"2011-06-20","fo":1,"c":364}},{"type":"Feature","geometry":{"type":"Polygon","coordinates":[[[10.67449,59.44089],[10.67454,59.44081],[10.67468,59.44079],[10.67469,59.44068],[10.67483,59.44069],[10.67487,59.44075],[10.67492,59.44075],[10.67511,59.44064],[10.67515,59.44068],[10.67525,59.44065],[10.6752,59.44071],[10.67548,59.44071],[10.67572,59.44079],[10.67591,59.4408],[10.67589,59.44075],[10.67593,59.44074],[10.67602,59.44078],[10.6764,59.44074],[10.67645,59.44069],[10.67645,59.44054],[10.67623,59.44049],[10.67609,59.44053],[10.67598,59.44047],[10.67595,59.44039],[10.67586,59.44043],[10.67573,59.4404],[10.67561,59.44046],[10.67558,59.44054],[10.67549,59.44055],[10.67531,59.44045],[10.67514,59.44049],[10.67505,59.44044],[10.67484,59.44045],[10.67481,59.44052],[10.67465,59.44055],[10.67465,59.44063],[10.67441,59.44064],[10.67436,59.44071],[10.67425,59.44074],[10.67438,59.44076],[10.67449,59.44089]],[[10.67575,59.44071],[10.67564,59.4407],[10.67562,59.44065],[10.67575,59.44067],[10.67575,59.44071]],[[10.67557,59.44062],[10.67553,59.44058],[10.67558,59.44059],[10.67557,59.44062]],[[10.67505,59.44052],[10.67503,59.4405],[10.67509,59.44051],[10.67505,59.44052]]]},"properties":{"a":3109,"v":-6545,"dh":2.11,"pl":1,"pn":"Sponvika","pd":"2011-06-20","c":364}},{"type":"Feature","geometry":{"type":"Polygon","coordinates":[[[10.67209,59.44092],[10.67189,59.44073],[10.67177,59.44074],[10.67175,59.44083],[10.67209,59.44092]]]},"properties":{"a":205,"v":325,"dh":1.59,"pl":1,"pn":"SENTRUM - SAMORDNET REGPLAN JERNBANE/VEG/HAVN","pd":"1999-09-02","fo":1,"c":291}},{"type":"Feature","geometry":{"type":"Polygon","coordinates":[[[10.66754,59.44128],[10.66827,59.44109],[10.66834,59.44104],[10.66834,59.44099],[10.66823,59.44088],[10.6682,59.44077],[10.66805,59.44079],[10.66802,59.44091],[10.66761,59.44097],[10.66752,59.44092],[10.66754,59.44085],[10.66746,59.44075],[10.66726,59.44062],[10.66705,59.44061],[10.66691,59.44066],[10.66687,59.4409],[10.66707,59.44107],[10.66706,59.44111],[10.66718,59.44117],[10.66722,59.44114],[10.66718,59.44111],[10.66727,59.44107],[10.6673,59.44111],[10.66724,59.4412],[10.66727,59.44123],[10.66754,59.44128]]]},"properties":{"a":3428,"v":4979,"dh":1.45,"pl":1,"pn":"Verket","pd":"2015-12-14","c":362}},{"type":"Feature","geometry":{"type":"Polygon","coordinates":[[[10.66968,59.4411],[10.66985,59.44095],[10.66976,59.44085],[10.66958,59.44106],[10.66968,59.4411]]]},"properties":{"a":226,"v":-273,"dh":1.21,"pl":1,"pn":"Verket","pd":"2015-12-14","c":362}},{"type":"Feature","geometry":{"type":"Polygon","coordinates":[[[10.67244,59.44157],[10.67251,59.44154],[10.67252,59.44132],[10.6724,59.44112],[10.67227,59.44105],[10.67227,59.44101],[10.67244,59.44092],[10.67232,59.44082],[10.67226,59.44068],[10.67217,59.44062],[10.67208,59.44065],[10.67205,59.44076],[10.67198,59.4408],[10.67213,59.44094],[10.67195,59.44093],[10.6717,59.44085],[10.6717,59.44075],[10.67183,59.44071],[10.67179,59.44057],[10.67138,59.44052],[10.67156,59.44079],[10.67166,59.44084],[10.67163,59.44092],[10.67194,59.44107],[10.67193,59.44117],[10.67207,59.44118],[10.67228,59.44147],[10.67244,59.44157]]]},"properties":{"a":2534,"v":-7079,"dh":2.79,"pl":1,"pn":"SENTRUM - SAMORDNET REGPLAN JERNBANE/VEG/HAVN","pd":"1999-09-02","c":291}},{"type":"Feature","geometry":{"type":"Polygon","coordinates":[[[10.66664,59.44127],[10.66675,59.44124],[10.66645,59.441],[10.66638,59.441],[10.66634,59.44115],[10.66639,59.44124],[10.66664,59.44127]],[[10.6665,59.44124],[10.66652,59.44123],[10.66652,59.44124],[10.6665,59.44124]]]},"properties":{"a":380,"v":-335,"dh":0.88,"pl":1,"pn":"Verket","pd":"2019-06-18","sh":1,"c":362}},{"type":"Feature","geometry":{"type":"Polygon","coordinates":[[[10.67536,59.44139],[10.67539,59.44134],[10.67534,59.44135],[10.67526,59.44125],[10.67522,59.44108],[10.67511,59.44093],[10.67498,59.4409],[10.67498,59.44084],[10.67491,59.44083],[10.67491,59.44091],[10.67499,59.44099],[10.67487,59.44105],[10.67473,59.44106],[10.6748,59.44115],[10.67471,59.44116],[10.67496,59.44123],[10.6751,59.44121],[10.67516,59.44137],[10.67523,59.44136],[10.67521,59.44131],[10.67523,59.44131],[10.67529,59.44132],[10.67527,59.44138],[10.67536,59.44139]],[[10.67532,59.44136],[10.67534,59.44135],[10.67534,59.44136],[10.67532,59.44136]],[[10.67494,59.4412],[10.675,59.44118],[10.675,59.4412],[10.67494,59.4412]],[[10.67492,59.44113],[10.67494,59.44112],[10.67494,59.44113],[10.67492,59.44113]]]},"properties":{"a":807,"v":930,"dh":1.15,"pl":1,"pn":"Østfoldbanen VL(Ski)-Moss, Sandbukta - Rygge grense","pd":"2016-11-14","fo":1,"c":366}},{"type":"Feature","geometry":{"type":"MultiPolygon","coordinates":[[[[10.67135,59.44129],[10.67117,59.4412],[10.67112,59.44126],[10.67135,59.44129]]],[[[10.67123,59.44134],[10.67133,59.4413],[10.67116,59.44129],[10.67125,59.44132],[10.67123,59.44134]]],[[[10.67116,59.44133],[10.67121,59.44138],[10.67125,59.44138],[10.67121,59.44133],[10.67116,59.44133]]]]},"properties":{"a":117,"v":158,"dh":1.35,"pl":1,"pn":"VERKET","pd":"2010-02-15","sl":1,"c":365}},{"type":"Feature","geometry":{"type":"Polygon","coordinates":[[[10.67543,59.44201],[10.67546,59.44194],[10.67536,59.44185],[10.67549,59.44188],[10.67556,59.44185],[10.67554,59.44174],[10.67539,59.4416],[10.67514,59.44153],[10.67506,59.44139],[10.67519,59.44145],[10.67522,59.44142],[10.675,59.44131],[10.67495,59.44123],[10.67454,59.44115],[10.67459,59.44111],[10.67446,59.44104],[10.67444,59.4409],[10.67431,59.44089],[10.67427,59.44082],[10.67413,59.44085],[10.6741,59.4408],[10.67385,59.44083],[10.67375,59.44092],[10.67374,59.44109],[10.6739,59.44117],[10.6744,59.44119],[10.67433,59.44125],[10.67407,59.44126],[10.67402,59.44142],[10.67408,59.4415],[10.67417,59.44149],[10.67418,59.4414],[10.6743,59.44131],[10.6747,59.44132],[10.67483,59.44142],[10.6748,59.44148],[10.6751,59.44178],[10.67508,59.44182],[10.67521,59.44191],[10.67523,59.44204],[10.67543,59.44201]],[[10.67518,59.44162],[10.67513,59.44164],[10.67512,59.44161],[10.67518,59.44162]]]},"properties":{"a":3897,"v":-7085,"dh":1.82,"pl":1,"pn":"Østfoldbanen VL(Ski)-Moss, Sandbukta - Rygge grense","pd":"2016-11-14","c":366}},{"type":"Feature","geometry":{"type":"Polygon","coordinates":[[[10.67542,59.44227],[10.67543,59.44237],[10.6755,59.44238],[10.67546,59.4424],[10.67555,59.4424],[10.67555,59.44233],[10.67569,59.44231],[10.67562,59.44228],[10.67576,59.44226],[10.67575,59.44223],[10.67561,59.44209],[10.6755,59.44208],[10.67548,59.44212],[10.67552,59.44213],[10.67535,59.44217],[10.67529,59.44214],[10.67508,59.44217],[10.67483,59.44208],[10.67474,59.442],[10.67477,59.44192],[10.67471,59.44187],[10.67473,59.44181],[10.67464,59.44176],[10.67464,59.44172],[10.67469,59.44172],[10.67478,59.44177],[10.67478,59.44172],[10.67469,59.4417],[10.67468,59.44165],[10.67465,59.44168],[10.67451,59.44162],[10.67454,59.44154],[10.67453,59.44136],[10.67449,59.44133],[10.6743,59.44134],[10.67421,59.4414],[10.67429,59.44152],[10.67443,59.44158],[10.67433,59.44165],[10.67415,59.44154],[10.67401,59.44155],[10.67401,59.44149],[10.67395,59.44149],[10.67396,59.44159],[10.67392,59.44158],[10.67394,59.44148],[10.67385,59.44157],[10.67378,59.44158],[10.6738,59.44155],[10.67368,59.44156],[10.67353,59.44146],[10.67335,59.44145],[10.67334,59.44151],[10.67345,59.44156],[10.67341,59.44163],[10.67364,59.44164],[10.67363,59.44169],[10.67354,59.44169],[10.67351,59.44178],[10.6734,59.44178],[10.67331,59.44166],[10.67329,59.44152],[10.67323,59.4415],[10.67324,59.44132],[10.6732,59.44127],[10.67332,59.44125],[10.6733,59.44118],[10.67341,59.4411],[10.67333,59.44091],[10.67336,59.44081],[10.67356,59.44059],[10.6737,59.44055],[10.67366,59.4405],[10.67371,59.44044],[10.67332,59.4405],[10.67322,59.44056],[10.67309,59.44079],[10.67292,59.44086],[10.67281,59.44082],[10.67281,59.44076],[10.67274,59.44076],[10.67279,59.4407],[10.67262,59.44049],[10.67204,59.44032],[10.67192,59.44033],[10.67194,59.44038],[10.67191,59.4404],[10.672,59.44049],[10.67223,59.44054],[10.67236,59.44062],[10.67238,59.44067],[10.67231,59.44066],[10.67229,59.4407],[10.67241,59.44085],[10.67246,59.44083],[10.67244,59.44079],[10.67263,59.44083],[10.67282,59.44101],[10.6728,59.44107],[10.67272,59.44107],[10.67252,59.44094],[10.67245,59.44094],[10.67249,59.44103],[10.67242,59.44108],[10.67255,59.44134],[10.67286,59.44139],[10.67287,59.44134],[10.67296,59.44133],[10.67297,59.44147],[10.6731,59.44163],[10.67318,59.44188],[10.67287,59.44199],[10.67279,59.44213],[10.67292,59.44228],[10.67384,59.44207],[10.67385,59.44197],[10.6738,59.44191],[10.67388,59.44186],[10.67381,59.44182],[10.67386,59.4418],[10.67383,59.44176],[10.67389,59.44163],[10.674,59.44161],[10.67404,59.44174],[10.67393,59.44172],[10.67394,59.44183],[10.67404,59.44189],[10.67408,59.442],[10.67393,59.44208],[10.67392,59.44223],[10.67408,59.44232],[10.67416,59.44247],[10.67432,59.44257],[10.67459,59.44259],[10.67473,59.44251],[10.67478,59.4424],[10.67497,59.44236],[10.67503,59.44229],[10.67523,59.44227],[10.6753,59.44234],[10.67542,59.44227]],[[10.67545,59.44222],[10.67538,59.44225],[10.67537,59.44224],[10.67545,59.44222]],[[10.67367,59.44209],[10.67368,59.44208],[10.67368,59.44208],[10.67367,59.44209]],[[10.67366,59.44205],[10.67368,59.44203],[10.67368,59.44205],[10.67366,59.44205]],[[10.67444,59.44176],[10.67432,59.44173],[10.67432,59.4417],[10.67444,59.44176]],[[10.6743,59.44167],[10.67433,59.44165],[10.67433,59.44167],[10.6743,59.44167]],[[10.67317,59.44138],[10.67319,59.44137],[10.67319,59.44138],[10.67317,59.44138]],[[10.67277,59.44079],[10.67279,59.44078],[10.67279,59.44078],[10.67277,59.44079]]]},"properties":{"a":14140,"v":44931,"dh":3.18,"pl":1,"pn":"Østfoldbanen VL(Ski)-Moss, Sandbukta - Rygge grense","pd":"2016-11-14","c":366}},{"type":"Feature","geometry":{"type":"Polygon","coordinates":[[[10.62255,59.43232],[10.6226,59.43228],[10.62259,59.43212],[10.62243,59.43216],[10.62244,59.43225],[10.62255,59.43232]]]},"properties":{"a":156,"v":135,"dh":0.87,"pl":0,"sh":1,"c":367}},{"type":"Feature","geometry":{"type":"Polygon","coordinates":[[[10.61771,59.43319],[10.61779,59.43305],[10.61759,59.43306],[10.61756,59.43316],[10.61771,59.43319]]]},"properties":{"a":141,"v":250,"dh":1.77,"pl":0,"fo":1,"c":368}},{"type":"Feature","geometry":{"type":"Polygon","coordinates":[[[10.61895,59.43338],[10.61911,59.43337],[10.61914,59.43331],[10.61879,59.43332],[10.61895,59.43338]]]},"properties":{"a":106,"v":-94,"dh":0.88,"pl":0,"sh":1,"c":369}},{"type":"Feature","geometry":{"type":"MultiPolygon","coordinates":[[[[10.61328,59.43352],[10.61372,59.43348],[10.61393,59.43353],[10.614,59.4335],[10.614,59.43346],[10.61383,59.43333],[10.61319,59.43342],[10.61328,59.43352]]],[[[10.6137,59.43353],[10.61372,59.43352],[10.6137,59.43352],[10.6137,59.43353]]]]},"properties":{"a":677,"v":603,"dh":0.89,"pl":0,"c":370}},{"type":"Feature","geometry":{"type":"Polygon","coordinates":[[[10.61239,59.43367],[10.61258,59.4336],[10.61229,59.43355],[10.61205,59.43359],[10.61219,59.43359],[10.61239,59.43367]]]},"properties":{"a":150,"v":117,"dh":0.78,"pl":0,"sh":1,"c":370}},{"type":"Feature","geometry":{"type":"Polygon","coordinates":[[[10.61267,59.43405],[10.6134,59.43386],[10.61352,59.43381],[10.6132,59.43382],[10.61303,59.43389],[10.61294,59.43382],[10.6128,59.43382],[10.61249,59.43394],[10.61253,59.43403],[10.61267,59.43405]]]},"properties":{"a":724,"v":-689,"dh":0.95,"pl":0,"c":370}},{"type":"Feature","geometry":{"type":"Polygon","coordinates":[[[10.6172,59.43595],[10.61714,59.43584],[10.61704,59.43577],[10.61698,59.43563],[10.61689,59.43559],[10.61715,59.43594],[10.6172,59.43595]]]},"properties":{"a":113,"v":-102,"dh":0.9,"pl":0,"sh":1,"c":371}},{"type":"Feature","geometry":{"type":"Polygon","coordinates":[[[10.61784,59.43606],[10.61823,59.43603],[10.61828,59.43598],[10.61784,59.43602],[10.61784,59.43606]]]},"properties":{"a":124,"v":-121,"dh":0.97,"pl":0,"sh":1,"c":371}},{"type":"Feature","geometry":{"type":"Polygon","coordinates":[[[10.61274,59.43663],[10.61286,59.43658],[10.61273,59.43652],[10.61287,59.43646],[10.6128,59.43638],[10.61289,59.43637],[10.61293,59.43627],[10.61276,59.43623],[10.6124,59.43653],[10.61274,59.43663]]]},"properties":{"a":665,"v":785,"dh":1.18,"pl":1,"pn":"Tronvikskogen med tilliggende uregulerte områder","pd":"1984-06-12","c":372}},{"type":"Feature","geometry":{"type":"Polygon","coordinates":[[[10.62405,59.43676],[10.62429,59.43675],[10.62429,59.43667],[10.62424,59.43663],[10.62399,59.43671],[10.62405,59.43676]]]},"properties":{"a":140,"v":174,"dh":1.24,"pl":1,"pn":"REFSNES - SKOGEN OG KRONA","pd":"1949-07-13","c":373}},{"type":"Feature","geometry":{"type":"Polygon","coordinates":[[[10.62858,59.43385],[10.62881,59.43384],[10.62898,59.43372],[10.62893,59.43368],[10.62873,59.4337],[10.62867,59.43379],[10.62858,59.43379],[10.62858,59.43385]]]},"properties":{"a":246,"v":-381,"dh":1.55,"pl":1,"pn":"HOPPERN","pd":"2007-04-24","fo":1,"c":263}},{"type":"Feature","geometry":{"type":"Polygon","coordinates":[[[10.62998,59.43401],[10.63005,59.43394],[10.63021,59.43393],[10.63028,59.43399],[10.63044,59.43396],[10.63029,59.43389],[10.63008,59.43393],[10.62985,59.43391],[10.62989,59.434],[10.62998,59.43401]]]},"properties":{"a":211,"v":166,"dh":0.78,"pl":1,"pn":"HOPPERN","pd":"2007-04-24","sh":1,"c":263}},{"type":"Feature","geometry":{"type":"Polygon","coordinates":[[[10.6291,59.43432],[10.62899,59.43428],[10.62892,59.43428],[10.62894,59.43434],[10.62885,59.43433],[10.62881,59.43428],[10.62836,59.4343],[10.62846,59.43421],[10.62843,59.43406],[10.62833,59.43406],[10.62823,59.43398],[10.62818,59.43405],[10.62824,59.4341],[10.62824,59.43419],[10.62834,59.43427],[10.62834,59.43436],[10.62827,59.43438],[10.6282,59.43433],[10.62828,59.43429],[10.62802,59.43425],[10.6276,59.43441],[10.62782,59.43461],[10.62787,59.43476],[10.62806,59.43486],[10.62866,59.43479],[10.62886,59.43482],[10.62926,59.43476],[10.62945,59.43479],[10.62957,59.43471],[10.62959,59.43464],[10.62939,59.4346],[10.62939,59.43456],[10.62949,59.43451],[10.62949,59.4344],[10.62956,59.43441],[10.62962,59.43448],[10.6297,59.43441],[10.62964,59.43428],[10.62967,59.4342],[10.62956,59.4341],[10.62972,59.43404],[10.62956,59.43397],[10.62957,59.43393],[10.62922,59.43393],[10.62899,59.43385],[10.62864,59.43388],[10.629,59.43422],[10.62913,59.43427],[10.62908,59.43428],[10.6291,59.43432]],[[10.62911,59.43432],[10.62913,59.43433],[10.62912,59.43433],[10.62911,59.43432]],[[10.62827,59.4344],[10.62829,59.43439],[10.62829,59.4344],[10.62827,59.4344]]]},"properties":{"a":7813,"v":12790,"dh":1.64,"pl":1,"pn":"Nye Hoppern skole","pd":"2016-09-19","c":262}},{"type":"Feature","geometry":{"type":"Polygon","coordinates":[[[10.6299,59.43448],[10.63004,59.43447],[10.63005,59.43444],[10.62996,59.43439],[10.62975,59.43442],[10.6299,59.43448]]]},"properties":{"a":118,"v":120,"dh":1.01,"pl":1,"pn":"HOPPERN","pd":"2007-04-24","c":263}},{"type":"Feature","geometry":{"type":"Polygon","coordinates":[[[10.64025,59.43444],[10.64026,59.4343],[10.64013,59.43428],[10.64008,59.43433],[10.6401,59.43443],[10.64025,59.43444]]]},"properties":{"a":145,"v":186,"dh":1.28,"pl":0,"c":374}},{"type":"Feature","geometry":{"type":"Polygon","coordinates":[[[10.62772,59.43498],[10.62812,59.43497],[10.62879,59.43483],[10.62871,59.4348],[10.62794,59.43492],[10.62782,59.43487],[10.62781,59.43479],[10.62774,59.43474],[10.62772,59.43498]]]},"properties":{"a":444,"v":-472,"dh":1.06,"pl":1,"pn":"Nye Hoppern skole","pd":"2016-09-19","c":262}},{"type":"Feature","geometry":{"type":"Polygon","coordinates":[[[10.63269,59.43536],[10.63272,59.43528],[10.63263,59.43525],[10.63274,59.4352],[10.63261,59.43519],[10.63261,59.43511],[10.63235,59.43514],[10.63237,59.43522],[10.63244,59.43525],[10.63242,59.43532],[10.63269,59.43536]],[[10.63258,59.43525],[10.63262,59.43525],[10.6326,59.43527],[10.63258,59.43525]]]},"properties":{"a":379,"v":495,"dh":1.31,"pl":0,"c":375}},{"type":"Feature","geometry":{"type":"Polygon","coordinates":[[[10.63061,59.43535],[10.63105,59.43526],[10.63108,59.4352],[10.63055,59.43518],[10.63041,59.43522],[10.6305,59.43528],[10.63049,59.43533],[10.63061,59.43535]]]},"properties":{"a":427,"v":-779,"dh":1.82,"pl":0,"c":376}},{"type":"Feature","geometry":{"type":"Polygon","coordinates":[[[10.62646,59.43568],[10.62652,59.43564],[10.62649,59.4355],[10.6264,59.43552],[10.62635,59.4356],[10.62638,59.43565],[10.62646,59.43568]]]},"properties":{"a":118,"v":151,"dh":1.28,"pl":1,"pn":"REFSNES ÅSLIA - HELLINGA","pd":"1966-10-31","c":377}},{"type":"Feature","geometry":{"type":"Polygon","coordinates":[[[10.63408,59.43609],[10.63398,59.43616],[10.63402,59.43623],[10.63428,59.43621],[10.63429,59.436],[10.63434,59.43592],[10.63422,59.43589],[10.63417,59.43595],[10.63402,59.43596],[10.63408,59.43609]],[[10.63408,59.43608],[10.6341,59.43607],[10.6341,59.43608],[10.63408,59.43608]]]},"properties":{"a":503,"v":-965,"dh":1.92,"pl":1,"pn":"HOPPERN. DEL AV KVARTALET OLE O. LIANS GATE - ORKERØDGT. -","pd":"1969-04-09","c":378}},{"type":"Feature","geometry":{"type":"MultiPolygon","coordinates":[[[[10.62689,59.43609],[10.62694,59.43606],[10.62689,59.43607],[10.62689,59.43609]]],[[[10.62687,59.43613],[10.62685,59.43599],[10.62678,59.43603],[10.62669,59.43598],[10.6265,59.43603],[10.62647,59.43606],[10.62652,59.43616],[10.62628,59.43618],[10.62623,59.43636],[10.6264,59.43647],[10.62647,59.43648],[10.62645,59.43645],[10.62683,59.43629],[10.62682,59.43614],[10.62687,59.43613]]]]},"properties":{"a":1200,"v":-4304,"dh":3.59,"pl":1,"pn":"Varden. Terrassehus","pd":"1986-04-08","c":379}},{"type":"Feature","geometry":{"type":"MultiPolygon","coordinates":[[[[10.63747,59.43619],[10.63746,59.43621],[10.63748,59.43621],[10.63747,59.43619]]],[[[10.63748,59.43621],[10.63759,59.43643],[10.63766,59.43641],[10.6376,59.43625],[10.63748,59.43621]]]]},"properties":{"a":110,"v":126,"dh":1.14,"pl":1,"pn":"Torderød","pd":"2006-02-28","fo":1,"c":380}},{"type":"Feature","geometry":{"type":"Polygon","coordinates":[[[10.63067,59.43696],[10.63106,59.43695],[10.63111,59.43688],[10.63108,59.43675],[10.63045,59.43675],[10.63046,59.43689],[10.63065,59.43688],[10.63068,59.4369],[10.63067,59.43696]]]},"properties":{"a":785,"v":-1263,"dh":1.61,"pl":1,"pn":"Torderødåsen Bassengvegen 15","pd":"1992-10-02","c":381}},{"type":"Feature","geometry":{"type":"Polygon","coordinates":[[[10.63441,59.43727],[10.6345,59.4373],[10.63447,59.43724],[10.63454,59.43722],[10.63458,59.43716],[10.63454,59.43713],[10.63461,59.43711],[10.63464,59.43701],[10.63447,59.43708],[10.63443,59.43714],[10.63451,59.43718],[10.6344,59.43718],[10.63444,59.43727],[10.63441,59.43727]],[[10.63444,59.43727],[10.63446,59.43728],[10.63444,59.43728],[10.63444,59.43727]],[[10.63442,59.43722],[10.63444,59.43721],[10.63444,59.43722],[10.63442,59.43722]],[[10.6345,59.43711],[10.63452,59.4371],[10.63452,59.43711],[10.6345,59.43711]],[[10.63452,59.43708],[10.63455,59.43707],[10.63456,59.43708],[10.63452,59.43708]]]},"properties":{"a":168,"v":126,"dh":0.75,"pl":1,"pn":"Orkerødgata 41","pd":"2013-04-22","sh":1,"c":382}},{"type":"Feature","geometry":{"type":"Polygon","coordinates":[[[10.63224,59.43733],[10.63242,59.43732],[10.63241,59.43726],[10.6325,59.43729],[10.63252,59.43723],[10.63234,59.43719],[10.63224,59.43727],[10.63224,59.43733]]]},"properties":{"a":137,"v":-185,"dh":1.35,"pl":0,"c":383}},{"type":"Feature","geometry":{"type":"Polygon","coordinates":[[[10.63207,59.43745],[10.63231,59.43743],[10.63231,59.43736],[10.63196,59.43733],[10.63198,59.4374],[10.63207,59.43745]]]},"properties":{"a":186,"v":-252,"dh":1.35,"pl":0,"c":383}},{"type":"Feature","geometry":{"type":"Polygon","coordinates":[[[10.6343,59.43766],[10.63438,59.43756],[10.63398,59.43752],[10.63389,59.43757],[10.63396,59.43762],[10.6343,59.43766]]]},"properties":{"a":264,"v":249,"dh":0.94,"pl":1,"pn":"BELLEVUE OG VESTENFORLIGGENDE STRØK","pd":"1937-09-15","sh":1,"c":384}},{"type":"Feature","geometry":{"type":"Polygon","coordinates":[[[10.63529,59.43766],[10.63553,59.43763],[10.63558,59.43749],[10.63527,59.4376],[10.63529,59.43766]]]},"properties":{"a":184,"v":-164,"dh":0.89,"pl":1,"pn":"BELLEVUE. OMR. MELLOM JEDERVEGEN, PER SIVLES VEG, OG ORKERØDGATA","pd":"1974-01-30","sh":1,"c":385}},{"type":"Feature","geometry":{"type":"Polygon","coordinates":[[[10.643,59.43781],[10.64323,59.43779],[10.64321,59.43772],[10.64305,59.43771],[10.643,59.43781]]]},"properties":{"a":116,"v":-130,"dh":1.12,"pl":1,"pn":"VÆRVEN - JELØY STRANDPARK","pd":"2001-12-08","c":386}},{"type":"Feature","geometry":{"type":"Polygon","coordinates":[[[10.63815,59.43876],[10.63828,59.43861],[10.63808,59.43859],[10.63807,59.43864],[10.63817,59.43865],[10.63815,59.43876]]]},"properties":{"a":110,"v":-101,"dh":0.92,"pl":1,"pn":"BELLEVUE. MICHAEL SUNDTS GT. 44, GNR. 25 / 1","pd":"1964-09-03","sh":1,"c":387}},{"type":"Feature","geometry":{"type":"Polygon","coordinates":[[[10.62446,59.4368],[10.62456,59.43674],[10.62456,59.4367],[10.62448,59.43668],[10.62446,59.43663],[10.62434,59.43665],[10.62437,59.43678],[10.62446,59.4368]]]},"properties":{"a":169,"v":-301,"dh":1.78,"pl":1,"pn":"REFSNES - SKOGEN OG KRONA","pd":"1949-07-13","c":373}},{"type":"Feature","geometry":{"type":"Polygon","coordinates":[[[10.60494,59.43731],[10.60506,59.4372],[10.60492,59.43716],[10.6048,59.43723],[10.60484,59.4373],[10.60494,59.43731]]]},"properties":{"a":172,"v":195,"dh":1.13,"pl":0,"c":388}},{"type":"Feature","geometry":{"type":"Polygon","coordinates":[[[10.61006,59.43738],[10.6101,59.43721],[10.61,59.43721],[10.60995,59.43725],[10.60993,59.43734],[10.61006,59.43738]]]},"properties":{"a":134,"v":179,"dh":1.34,"pl":1,"pn":"TRONVIK - GNR 10/1","pd":"1958-03-10","c":389}},{"type":"Feature","geometry":{"type":"MultiPolygon","coordinates":[[[[10.62358,59.43725],[10.6238,59.43703],[10.62362,59.43702],[10.62349,59.4372],[10.62358,59.43725]],[[10.62355,59.43714],[10.62359,59.43715],[10.62356,59.43715],[10.62355,59.43714]]],[[[10.62375,59.43714],[10.62378,59.43713],[10.62375,59.43713],[10.62375,59.43714]]]]},"properties":{"a":220,"v":320,"dh":1.45,"pl":1,"pn":"REFSNES - SKOGEN OG KRONA","pd":"1949-07-13","sl":1,"c":373}},{"type":"Feature","geometry":{"type":"Polygon","coordinates":[[[10.62382,59.43722],[10.62403,59.43722],[10.62399,59.43711],[10.62387,59.43708],[10.62382,59.43722]]]},"properties":{"a":151,"v":185,"dh":1.22,"pl":1,"pn":"REFSNES - SKOGEN OG KRONA","pd":"1949-07-13","c":373}},{"type":"Feature","geometry":{"type":"Polygon","coordinates":[[[10.62346,59.43773],[10.62342,59.43764],[10.62326,59.43764],[10.62321,59.43768],[10.62323,59.43772],[10.62346,59.43773]]]},"properties":{"a":125,"v":181,"dh":1.45,"pl":1,"pn":"REFSNES - SKOGEN OG KRONA","pd":"1949-07-13","c":373}},{"type":"Feature","geometry":{"type":"Polygon","coordinates":[[[10.59192,59.43821],[10.59193,59.43817],[10.59225,59.43813],[10.59204,59.43808],[10.59193,59.43815],[10.59178,59.43816],[10.59178,59.4382],[10.59192,59.43821]]]},"properties":{"a":171,"v":-242,"dh":1.41,"pl":0,"c":390}},{"type":"Feature","geometry":{"type":"Polygon","coordinates":[[[10.62321,59.43803],[10.62335,59.43805],[10.62338,59.43797],[10.62349,59.43798],[10.62352,59.4379],[10.62345,59.43786],[10.62333,59.43789],[10.62321,59.43803]]]},"properties":{"a":216,"v":266,"dh":1.23,"pl":1,"pn":"REFSNES - SKOGEN OG KRONA","pd":"1949-07-13","c":373}},{"type":"Feature","geometry":{"type":"Polygon","coordinates":[[[10.62176,59.43825],[10.62202,59.43822],[10.62198,59.43812],[10.62208,59.43807],[10.62207,59.43786],[10.62185,59.4379],[10.62185,59.43798],[10.62178,59.43805],[10.62189,59.43806],[10.62191,59.43811],[10.62182,59.43808],[10.62178,59.4381],[10.62184,59.43811],[10.62173,59.43813],[10.62176,59.43825]]]},"properties":{"a":558,"v":-857,"dh":1.54,"pl":1,"pn":"REFSNES - SKOGEN OG KRONA","pd":"1949-07-13","c":373}},{"type":"Feature","geometry":{"type":"Polygon","coordinates":[[[10.62365,59.43833],[10.62366,59.43822],[10.6236,59.43818],[10.62355,59.43817],[10.62352,59.43825],[10.62347,59.43826],[10.62347,59.43832],[10.62365,59.43833]]]},"properties":{"a":131,"v":-141,"dh":1.07,"pl":1,"pn":"REFSNES - SKOGEN OG KRONA","pd":"1949-07-13","c":373}},{"type":"Feature","geometry":{"type":"Polygon","coordinates":[[[10.62191,59.43841],[10.62204,59.43834],[10.62206,59.4383],[10.62188,59.43826],[10.62185,59.43836],[10.62191,59.43841]]]},"properties":{"a":121,"v":157,"dh":1.29,"pl":1,"pn":"REFSNES - SKOGEN OG KRONA","pd":"1949-07-13","c":373}},{"type":"Feature","geometry":{"type":"Polygon","coordinates":[[[10.62369,59.43885],[10.62381,59.43883],[10.62374,59.43874],[10.62361,59.43872],[10.62354,59.43877],[10.6236,59.43881],[10.6237,59.4388],[10.62369,59.43885]]]},"properties":{"a":134,"v":-155,"dh":1.15,"pl":1,"pn":"REFSNES - SKOGEN OG KRONA","pd":"1949-07-13","c":373}},{"type":"Feature","geometry":{"type":"Polygon","coordinates":[[[10.61053,59.43907],[10.61056,59.43897],[10.61038,59.43896],[10.61039,59.43905],[10.61053,59.43907]]]},"properties":{"a":111,"v":-143,"dh":1.29,"pl":1,"pn":"Tronvikskogen med tilliggende uregulerte områder","pd":"1984-06-12","c":391}},{"type":"Feature","geometry":{"type":"Polygon","coordinates":[[[10.61031,59.43932],[10.61031,59.43922],[10.61018,59.43916],[10.61013,59.43929],[10.61026,59.43928],[10.61031,59.43932]]]},"properties":{"a":107,"v":108,"dh":1.01,"pl":1,"pn":"Tronvikskogen med tilliggende uregulerte områder","pd":"1984-06-12","c":391}},{"type":"Feature","geometry":{"type":"Polygon","coordinates":[[[10.61027,59.43955],[10.61034,59.43948],[10.61046,59.43948],[10.61056,59.43936],[10.61057,59.43926],[10.61041,59.43929],[10.6104,59.43934],[10.61031,59.43938],[10.61032,59.43944],[10.61021,59.43946],[10.6102,59.43955],[10.61027,59.43955]]]},"properties":{"a":283,"v":334,"dh":1.18,"pl":1,"pn":"Tronvikskogen med tilliggende uregulerte områder","pd":"1984-06-12","c":391}},{"type":"Feature","geometry":{"type":"Polygon","coordinates":[[[10.60087,59.43985],[10.60093,59.43981],[10.60097,59.43972],[10.60096,59.43965],[10.60089,59.43959],[10.60069,59.4398],[10.60087,59.43985]]]},"properties":{"a":253,"v":336,"dh":1.33,"pl":0,"c":392}},{"type":"Feature","geometry":{"type":"Polygon","coordinates":[[[10.61037,59.43987],[10.61051,59.43988],[10.61049,59.4398],[10.61056,59.43973],[10.61026,59.43966],[10.61022,59.43957],[10.61011,59.43962],[10.61017,59.43967],[10.61013,59.43971],[10.61019,59.43984],[10.61028,59.43986],[10.6103,59.43978],[10.61042,59.43973],[10.61044,59.43983],[10.61037,59.43987]]]},"properties":{"a":388,"v":538,"dh":1.39,"pl":1,"pn":"Tronvikskogen med tilliggende uregulerte områder","pd":"1984-06-12","c":391}},{"type":"Feature","geometry":{"type":"Polygon","coordinates":[[[10.61679,59.44057],[10.61682,59.44043],[10.61696,59.44039],[10.61668,59.44042],[10.61665,59.44053],[10.61679,59.44057]]]},"properties":{"a":179,"v":193,"dh":1.08,"pl":1,"pn":"REFSNES. DEL AV REFSNES VEST FOR REFSNESALLEEN","pd":"1966-03-08","c":393}},{"type":"Feature","geometry":{"type":"Polygon","coordinates":[[[10.62413,59.441],[10.62412,59.44092],[10.62428,59.44088],[10.62438,59.44079],[10.624,59.44082],[10.62404,59.44097],[10.62413,59.441]]]},"properties":{"a":300,"v":317,"dh":1.06,"pl":1,"pn":"REFSNES GODS OG REFSNES GODS NORDRE DEL","pd":"1956-03-01","c":394}},{"type":"Feature","geometry":{"type":"Polygon","coordinates":[[[10.64565,59.43562],[10.64575,59.43556],[10.64574,59.43548],[10.6455,59.43557],[10.6455,59.43561],[10.64565,59.43562]]]},"properties":{"a":142,"v":-217,"dh":1.53,"pl":1,"pn":"Kanalområdet Nord - Jeløy","pd":"2012-06-18","c":342}},{"type":"Feature","geometry":{"type":"Polygon","coordinates":[[[10.64509,59.43943],[10.64531,59.43931],[10.64563,59.43923],[10.64573,59.43917],[10.64574,59.43911],[10.64567,59.43901],[10.6454,59.43883],[10.64543,59.4388],[10.64527,59.43879],[10.6454,59.43884],[10.64544,59.43897],[10.64537,59.43903],[10.64528,59.43903],[10.64512,59.43886],[10.64515,59.43877],[10.64487,59.43856],[10.64451,59.43841],[10.64435,59.43844],[10.64438,59.43854],[10.6446,59.4388],[10.6448,59.43918],[10.64498,59.4394],[10.64509,59.43943]]]},"properties":{"a":3670,"v":-5960,"dh":1.62,"pl":1,"pn":"Værven del av Jeløy Strandpark (Industriområde)","pd":"2011-06-20","c":395}},{"type":"Feature","geometry":{"type":"Polygon","coordinates":[[[10.64589,59.43988],[10.64627,59.43984],[10.64639,59.43976],[10.64641,59.43965],[10.64621,59.43954],[10.64583,59.43944],[10.64559,59.43945],[10.64546,59.43951],[10.64545,59.43961],[10.64553,59.43969],[10.6457,59.43973],[10.64589,59.43988]]]},"properties":{"a":1812,"v":-3036,"dh":1.68,"pl":1,"pn":"Værven del av Jeløy Strandpark (Industriområde)","pd":"2011-06-20","c":395}},{"type":"Feature","geometry":{"type":"Polygon","coordinates":[[[10.64596,59.43997],[10.64618,59.44001],[10.64616,59.43996],[10.64592,59.43989],[10.64591,59.43992],[10.64596,59.43997]]]},"properties":{"a":101,"v":145,"dh":1.44,"pl":1,"pn":"Værven del av Jeløy Strandpark (Industriområde)","pd":"2011-06-20","c":395}},{"type":"Feature","geometry":{"type":"Polygon","coordinates":[[[10.64627,59.44017],[10.64631,59.44014],[10.64622,59.44011],[10.64628,59.44005],[10.64602,59.44],[10.64627,59.44017]]]},"properties":{"a":108,"v":-210,"dh":1.94,"pl":1,"pn":"Værven del av Jeløy Strandpark (Industriområde)","pd":"2011-06-20","c":395}},{"type":"Feature","geometry":{"type":"Polygon","coordinates":[[[10.64541,59.44126],[10.64569,59.4413],[10.64565,59.44125],[10.64546,59.44121],[10.64541,59.44126]]]},"properties":{"a":103,"v":-140,"dh":1.35,"pl":0,"c":396}},{"type":"Feature","geometry":{"type":"Polygon","coordinates":[[[10.64509,59.44195],[10.64526,59.44182],[10.64527,59.44158],[10.64505,59.44157],[10.64506,59.4417],[10.64486,59.44169],[10.64483,59.44172],[10.64484,59.44183],[10.64496,59.44193],[10.64509,59.44195]]]},"properties":{"a":684,"v":1221,"dh":1.79,"pl":0,"c":396}},{"type":"Feature","geometry":{"type":"Polygon","coordinates":[[[10.64726,59.44237],[10.64729,59.44231],[10.64718,59.44221],[10.64706,59.4422],[10.64712,59.44231],[10.64726,59.44237]]]},"properties":{"a":134,"v":153,"dh":1.14,"pl":0,"c":397}},{"type":"Feature","geometry":{"type":"Polygon","coordinates":[[[10.65134,59.44458],[10.65129,59.44441],[10.65147,59.44411],[10.65152,59.44389],[10.65142,59.44385],[10.65135,59.44385],[10.65145,59.44396],[10.65138,59.44399],[10.6514,59.44403],[10.65133,59.44408],[10.65129,59.44436],[10.65122,59.44445],[10.65127,59.44457],[10.65134,59.44458]]]},"properties":{"a":365,"v":385,"dh":1.05,"pl":1,"pn":"Rosnes båthavn","pd":"2009-06-22","fo":1,"c":398}},{"type":"Feature","geometry":{"type":"Polygon","coordinates":[[[10.65079,59.44499],[10.65111,59.44497],[10.65116,59.44492],[10.65123,59.44496],[10.65132,59.44467],[10.65129,59.44466],[10.65124,59.44475],[10.65067,59.44469],[10.65064,59.44483],[10.65068,59.44478],[10.65082,59.44483],[10.65086,59.44493],[10.65079,59.44499]]]},"properties":{"a":766,"v":926,"dh":1.21,"pl":1,"pn":"Rosnes båthavn","pd":"2009-06-22","fo":1,"c":398}},{"type":"Feature","geometry":{"type":"Polygon","coordinates":[[[10.61128,59.44125],[10.61125,59.44133],[10.61165,59.44126],[10.61141,59.44126],[10.6113,59.44115],[10.61123,59.44115],[10.61125,59.44121],[10.61112,59.44119],[10.61111,59.4413],[10.6112,59.44132],[10.6112,59.44126],[10.61128,59.44125]],[[10.61128,59.44125],[10.6113,59.44122],[10.61135,59.44123],[10.61128,59.44125]]]},"properties":{"a":258,"v":477,"dh":1.85,"pl":1,"pn":"REFSNES OG TRONVIK. OMRÅDET MELLOM BEKKEFARET, SVALEVEGEN,SOLEFAL","pd":"1975-08-12","sl":1,"c":400}},{"type":"Feature","geometry":{"type":"Polygon","coordinates":[[[10.61155,59.44167],[10.61176,59.44171],[10.61174,59.44165],[10.61153,59.4416],[10.61155,59.44167]]]},"properties":{"a":103,"v":-119,"dh":1.16,"pl":1,"pn":"REFSNES OG TRONVIK. OMRÅDET MELLOM BEKKEFARET, SVALEVEGEN,SOLEFAL","pd":"1975-08-12","c":400}},{"type":"Feature","geometry":{"type":"MultiPolygon","coordinates":[[[[10.62184,59.4415],[10.62168,59.44137],[10.62162,59.44138],[10.62165,59.44145],[10.62158,59.44149],[10.62172,59.44162],[10.62176,59.44162],[10.62172,59.44155],[10.62184,59.4415]]],[[[10.62197,59.4416],[10.6219,59.44153],[10.62186,59.44152],[10.6219,59.4416],[10.62197,59.4416]]],[[[10.62195,59.44161],[10.62205,59.4417],[10.62205,59.44185],[10.62212,59.44185],[10.62209,59.44181],[10.62212,59.44176],[10.62219,59.4418],[10.62222,59.44176],[10.62213,59.44173],[10.62202,59.44161],[10.62195,59.44161]]]]},"properties":{"a":372,"v":599,"dh":1.61,"pl":1,"pn":"REFSNES. DEL AV REFSNES - GBR 11/1 OG 11/31","pd":"1965-02-24","fo":1,"c":399}},{"type":"Feature","geometry":{"type":"Polygon","coordinates":[[[10.61212,59.44209],[10.61191,59.44186],[10.61177,59.44184],[10.61199,59.44207],[10.61212,59.44209]]]},"properties":{"a":193,"v":210,"dh":1.09,"pl":1,"pn":"REFSNES OG TRONVIK. OMRÅDET MELLOM BEKKEFARET, SVALEVEGEN,SOLEFAL","pd":"1975-08-12","c":400}},{"type":"Feature","geometry":{"type":"Polygon","coordinates":[[[10.61316,59.44212],[10.61303,59.44206],[10.61305,59.44196],[10.61297,59.44194],[10.61283,59.44194],[10.61271,59.44202],[10.61284,59.4421],[10.61316,59.44212]]]},"properties":{"a":306,"v":850,"dh":2.78,"pl":1,"pn":"Svalevegen/Paviljongen - søndre del","pd":"2006-06-20","sl":1,"c":400}},{"type":"Feature","geometry":{"type":"Polygon","coordinates":[[[10.61633,59.44209],[10.61636,59.44203],[10.61647,59.442],[10.61643,59.44196],[10.61646,59.44192],[10.61621,59.44203],[10.61626,59.44209],[10.61633,59.44209]]]},"properties":{"a":126,"v":-135,"dh":1.07,"pl":1,"pn":"REFSNES. DEL AV REFSNES VEST FOR REFSNESALLEEN","pd":"1966-03-08","c":393}},{"type":"Feature","geometry":{"type":"Polygon","coordinates":[[[10.61292,59.44273],[10.61278,59.44261],[10.61279,59.44249],[10.61266,59.44246],[10.6127,59.44239],[10.61264,59.44236],[10.61266,59.44231],[10.61237,59.44217],[10.61248,59.44232],[10.61257,59.44235],[10.61248,59.4424],[10.61249,59.44247],[10.6126,59.44264],[10.61292,59.44273]]]},"properties":{"a":549,"v":-649,"dh":1.18,"pl":1,"pn":"REFSNES OG TRONVIK. OMRÅDET MELLOM BEKKEFARET, SVALEVEGEN,SOLEFAL","pd":"1975-08-12","c":400}},{"type":"Feature","geometry":{"type":"Polygon","coordinates":[[[10.62388,59.44244],[10.62393,59.4423],[10.62384,59.44227],[10.62379,59.44244],[10.62388,59.44244]]]},"properties":{"a":105,"v":128,"dh":1.22,"pl":1,"pn":"REFSNES GODS OG REFSNES GODS NORDRE DEL","pd":"1956-03-01","c":394}},{"type":"Feature","geometry":{"type":"Polygon","coordinates":[[[10.61452,59.44261],[10.6145,59.44254],[10.61436,59.44253],[10.61443,59.44247],[10.61432,59.44238],[10.61425,59.44238],[10.61425,59.44246],[10.61418,59.44248],[10.61452,59.44261]]]},"properties":{"a":192,"v":309,"dh":1.61,"pl":1,"pn":"Svalevegen/Paviljongen - søndre del","pd":"2006-06-20","c":400}},{"type":"Feature","geometry":{"type":"Polygon","coordinates":[[[10.61374,59.44276],[10.6138,59.44264],[10.61392,59.44259],[10.61388,59.44251],[10.61322,59.44231],[10.61301,59.44233],[10.61342,59.44247],[10.61346,59.44255],[10.61362,59.44259],[10.61364,59.44263],[10.61359,59.44266],[10.61374,59.44276]]]},"properties":{"a":829,"v":-1171,"dh":1.41,"pl":1,"pn":"REFSNES OG TRONVIK. OMRÅDET MELLOM BEKKEFARET, SVALEVEGEN,SOLEFAL","pd":"1975-08-12","c":400}},{"type":"Feature","geometry":{"type":"Polygon","coordinates":[[[10.63794,59.43896],[10.63805,59.4389],[10.63804,59.43882],[10.63811,59.43877],[10.63811,59.43873],[10.63802,59.43871],[10.63803,59.43859],[10.63786,59.43876],[10.63792,59.43877],[10.63787,59.43885],[10.63789,59.43895],[10.63794,59.43896]]]},"properties":{"a":309,"v":-304,"dh":0.98,"pl":1,"pn":"BELLEVUE. MICHAEL SUNDTS GT. 44, GNR. 25 / 1","pd":"1964-09-03","sh":1,"c":387}},{"type":"Feature","geometry":{"type":"Polygon","coordinates":[[[10.63701,59.4389],[10.63718,59.43878],[10.63719,59.43873],[10.6371,59.43872],[10.63702,59.4388],[10.63701,59.4389]]]},"properties":{"a":100,"v":155,"dh":1.55,"pl":1,"pn":"BELLEVUE OG VESTENFORLIGGENDE STRØK","pd":"1937-09-15","fo":1,"c":401}},{"type":"Feature","geometry":{"type":"Polygon","coordinates":[[[10.62755,59.44021],[10.62772,59.44013],[10.62773,59.44008],[10.62758,59.44009],[10.62755,59.44021]]]},"properties":{"a":101,"v":-94,"dh":0.93,"pl":1,"pn":"ORKERØD DEL AV ORKERØD GNR 26/17 OG /43","pd":"1963-03-08","sh":1,"c":402}},{"type":"Feature","geometry":{"type":"Polygon","coordinates":[[[10.63561,59.44096],[10.63587,59.44092],[10.63588,59.44088],[10.63578,59.44084],[10.63558,59.44088],[10.63561,59.44096]]]},"properties":{"a":166,"v":-171,"dh":1.03,"pl":1,"pn":"BAKKEN - ORKERØD. DEL AV BAKKEN ORKERØD","pd":"1974-04-28","c":403}},{"type":"Feature","geometry":{"type":"Polygon","coordinates":[[[10.64274,59.44112],[10.6429,59.44108],[10.64279,59.44106],[10.64278,59.44097],[10.64256,59.44108],[10.64274,59.44112]]]},"properties":{"a":161,"v":269,"dh":1.67,"pl":0,"sl":1,"c":404}},{"type":"Feature","geometry":{"type":"Polygon","coordinates":[[[10.62557,59.44134],[10.62557,59.44121],[10.62539,59.44122],[10.62552,59.44134],[10.62557,59.44134]]]},"properties":{"a":103,"v":83,"dh":0.81,"pl":1,"pn":"ORKERØD DEL AV ORKERØD GNR 26/17 OG /43","pd":"1963-03-08","sh":1,"c":402}},{"type":"Feature","geometry":{"type":"Polygon","coordinates":[[[10.64243,59.44131],[10.64255,59.44129],[10.64253,59.44124],[10.6426,59.44125],[10.64267,59.44119],[10.64246,59.44117],[10.6425,59.44123],[10.64243,59.44131]]]},"properties":{"a":110,"v":138,"dh":1.25,"pl":0,"c":404}},{"type":"Feature","geometry":{"type":"Polygon","coordinates":[[[10.636,59.4443],[10.63614,59.44401],[10.63617,59.44378],[10.63611,59.44379],[10.63603,59.44421],[10.63596,59.44428],[10.636,59.4443]]]},"properties":{"a":167,"v":-240,"dh":1.44,"pl":0,"sl":1,"c":405}},{"type":"Feature","geometry":{"type":"Polygon","coordinates":[[[10.63526,59.44465],[10.63543,59.44463],[10.63553,59.44456],[10.63551,59.44451],[10.6356,59.44449],[10.63573,59.44432],[10.63562,59.44426],[10.63554,59.44427],[10.63547,59.44441],[10.63522,59.4446],[10.63526,59.44465]]]},"properties":{"a":499,"v":1125,"dh":2.25,"pl":0,"fo":1,"c":406}},{"type":"Feature","geometry":{"type":"Polygon","coordinates":[[[10.63193,59.44478],[10.63224,59.44473],[10.63217,59.44467],[10.63242,59.44465],[10.63242,59.44469],[10.63251,59.44469],[10.63257,59.44455],[10.63248,59.44454],[10.63248,59.44446],[10.63241,59.44446],[10.63155,59.44463],[10.63162,59.44467],[10.63182,59.44464],[10.63203,59.44469],[10.63184,59.44475],[10.63193,59.44478]],[[10.63212,59.44471],[10.63214,59.44469],[10.63214,59.44471],[10.63212,59.44471]]]},"properties":{"a":965,"v":902,"dh":0.93,"pl":0,"c":407}},{"type":"Feature","geometry":{"type":"Polygon","coordinates":[[[10.61305,59.44274],[10.61304,59.44255],[10.61318,59.4425],[10.61309,59.44244],[10.61298,59.44248],[10.61287,59.44237],[10.61277,59.44238],[10.61273,59.44247],[10.61286,59.4425],[10.61283,59.44259],[10.61297,59.44261],[10.61298,59.44271],[10.61305,59.44274]]]},"properties":{"a":407,"v":382,"dh":0.94,"pl":1,"pn":"REFSNES OG TRONVIK. OMRÅDET MELLOM BEKKEFARET, SVALEVEGEN,SOLEFAL","pd":"1975-08-12","sh":1,"c":400}},{"type":"Feature","geometry":{"type":"Polygon","coordinates":[[[10.61279,59.44318],[10.61293,59.44315],[10.61282,59.44309],[10.61279,59.44298],[10.6127,59.44286],[10.61271,59.443],[10.61279,59.44318]]]},"properties":{"a":156,"v":130,"dh":0.83,"pl":1,"pn":"REFSNES OG TRONVIK. OMRÅDET MELLOM BEKKEFARET, SVALEVEGEN,SOLEFAL","pd":"1975-08-12","sh":1,"c":400}},{"type":"Feature","geometry":{"type":"Polygon","coordinates":[[[10.61863,59.44338],[10.61865,59.44331],[10.61851,59.443],[10.61844,59.44295],[10.61816,59.44299],[10.61837,59.44301],[10.61854,59.44336],[10.61863,59.44338]]]},"properties":{"a":333,"v":-537,"dh":1.61,"pl":1,"pn":"Godset 1 og 3","pd":"2016-11-14","c":408}},{"type":"Feature","geometry":{"type":"Polygon","coordinates":[[[10.61816,59.44347],[10.61812,59.44341],[10.61813,59.4432],[10.6179,59.44318],[10.61784,59.44305],[10.61793,59.44303],[10.61793,59.44301],[10.61761,59.44305],[10.61747,59.44301],[10.61752,59.44304],[10.61749,59.44314],[10.61755,59.44322],[10.61766,59.44322],[10.61816,59.44347]]]},"properties":{"a":862,"v":-930,"dh":1.08,"pl":1,"pn":"Godset 1 og 3","pd":"2016-11-14","c":408}},{"type":"Feature","geometry":{"type":"Polygon","coordinates":[[[10.61731,59.44341],[10.61725,59.44324],[10.61707,59.44321],[10.61722,59.44339],[10.61731,59.44341]]]},"properties":{"a":140,"v":-142,"dh":1.01,"pl":1,"pn":"Refsnes gods","pd":"2014-02-24","c":409}},{"type":"Feature","geometry":{"type":"Polygon","coordinates":[[[10.61846,59.44343],[10.61844,59.44335],[10.61831,59.44329],[10.61834,59.44324],[10.61824,59.44317],[10.61815,59.44318],[10.61815,59.44326],[10.61826,59.4433],[10.61828,59.44344],[10.61846,59.44343]]]},"properties":{"a":228,"v":222,"dh":0.97,"pl":1,"pn":"Godset 1 og 3","pd":"2016-11-14","sh":1,"c":408}},{"type":"Feature","geometry":{"type":"Polygon","coordinates":[[[10.62412,59.4438],[10.62417,59.44373],[10.62408,59.44368],[10.62391,59.44374],[10.62412,59.4438]]]},"properties":{"a":130,"v":181,"dh":1.39,"pl":1,"pn":"REFSNES GODS OG REFSNES GODS NORDRE DEL","pd":"1956-03-01","c":394}},{"type":"Feature","geometry":{"type":"Polygon","coordinates":[[[10.62368,59.4442],[10.6239,59.44402],[10.62401,59.444],[10.62399,59.44395],[10.62331,59.44378],[10.62322,59.44382],[10.62318,59.44394],[10.62331,59.44386],[10.6236,59.44388],[10.62343,59.44417],[10.62368,59.4442]]]},"properties":{"a":857,"v":1067,"dh":1.24,"pl":1,"pn":"REFSNES GODS OG REFSNES GODS NORDRE DEL","pd":"1956-03-01","c":394}},{"type":"Feature","geometry":{"type":"Polygon","coordinates":[[[10.62324,59.44412],[10.62329,59.44404],[10.62325,59.44398],[10.62312,59.44398],[10.62306,59.44407],[10.62324,59.44412]]]},"properties":{"a":150,"v":163,"dh":1.09,"pl":1,"pn":"REFSNES GODS OG REFSNES GODS NORDRE DEL","pd":"1956-03-01","c":394}},{"type":"Feature","geometry":{"type":"Polygon","coordinates":[[[10.625,59.44416],[10.62498,59.44411],[10.62473,59.4441],[10.62474,59.44416],[10.625,59.44416]]]},"properties":{"a":115,"v":-109,"dh":0.95,"pl":1,"pn":"REFSNES GODS OG REFSNES GODS NORDRE DEL","pd":"1956-03-01","sh":1,"c":394}},{"type":"Feature","geometry":{"type":"Polygon","coordinates":[[[10.61417,59.44441],[10.61406,59.44428],[10.61379,59.44431],[10.61387,59.44439],[10.61417,59.44441]]]},"properties":{"a":189,"v":-176,"dh":0.93,"pl":1,"pn":"REFSNES OG TRONVIK. OMRÅDET MELLOM BEKKEFARET, SVALEVEGEN,SOLEFAL","pd":"1975-08-12","sh":1,"c":400}},{"type":"Feature","geometry":{"type":"MultiPolygon","coordinates":[[[[10.61642,59.44426],[10.61629,59.44424],[10.61631,59.4443],[10.61626,59.44433],[10.61642,59.44432],[10.61642,59.44426]]],[[[10.61602,59.44434],[10.61603,59.44435],[10.61603,59.44434],[10.61602,59.44434]]],[[[10.61605,59.44439],[10.616,59.4444],[10.61604,59.44444],[10.61599,59.44443],[10.61599,59.44446],[10.61608,59.44452],[10.61625,59.44449],[10.61626,59.44433],[10.61603,59.44435],[10.61605,59.44439]]]]},"properties":{"a":313,"v":-273,"dh":0.87,"pl":1,"pn":"REFSNES. DEL AV REFSNES - GBR 11/1 OG 11/31","pd":"1965-02-24","sh":1,"c":410}},{"type":"Feature","geometry":{"type":"Polygon","coordinates":[[[10.61287,59.4445],[10.6131,59.44449],[10.61307,59.44433],[10.61284,59.44437],[10.61287,59.4445]]]},"properties":{"a":242,"v":243,"dh":1.0,"pl":1,"pn":"REFSNES OG TRONVIK. OMRÅDET MELLOM BEKKEFARET, SVALEVEGEN,SOLEFAL","pd":"1975-08-12","c":400}},{"type":"Feature","geometry":{"type":"Polygon","coordinates":[[[10.62463,59.44455],[10.6247,59.44449],[10.62433,59.44448],[10.62442,59.44454],[10.62463,59.44455]]]},"properties":{"a":173,"v":-165,"dh":0.95,"pl":1,"pn":"REFSNES GODS OG REFSNES GODS NORDRE DEL","pd":"1956-03-01","sh":1,"c":394}},{"type":"Feature","geometry":{"type":"Polygon","coordinates":[[[10.61427,59.44538],[10.61457,59.44535],[10.61439,59.44531],[10.61435,59.44525],[10.61442,59.44518],[10.61464,59.44512],[10.61464,59.44506],[10.6142,59.4451],[10.61427,59.44538]]]},"properties":{"a":498,"v":605,"dh":1.22,"pl":1,"pn":"REFSNES GODS OG REFSNES GODS NORDRE DEL","pd":"1956-03-01","c":411}},{"type":"Feature","geometry":{"type":"Polygon","coordinates":[[[10.61345,59.44559],[10.61368,59.44557],[10.61371,59.44547],[10.61344,59.44549],[10.61345,59.44559]]]},"properties":{"a":193,"v":-280,"dh":1.45,"pl":1,"pn":"REFSNES GODS OG REFSNES GODS NORDRE DEL","pd":"1956-03-01","c":411}},{"type":"Feature","geometry":{"type":"Polygon","coordinates":[[[10.61352,59.44595],[10.61375,59.44593],[10.61371,59.44585],[10.61351,59.44586],[10.61352,59.44595]]]},"properties":{"a":151,"v":-153,"dh":1.02,"pl":1,"pn":"REFSNES GODS OG REFSNES GODS NORDRE DEL","pd":"1956-03-01","c":411}},{"type":"Feature","geometry":{"type":"Polygon","coordinates":[[[10.61361,59.44633],[10.61367,59.44627],[10.61365,59.4462],[10.61341,59.44618],[10.61346,59.44631],[10.61361,59.44633]]]},"properties":{"a":208,"v":-233,"dh":1.12,"pl":1,"pn":"REFSNES GODS OG REFSNES GODS NORDRE DEL","pd":"1956-03-01","c":411}},{"type":"Feature","geometry":{"type":"Polygon","coordinates":[[[10.61806,59.44877],[10.61809,59.44861],[10.61795,59.44854],[10.618,59.44859],[10.61795,59.44861],[10.61795,59.44872],[10.61806,59.44877]]]},"properties":{"a":143,"v":272,"dh":1.9,"pl":1,"pn":"REFSNES. DEL AV REFSNES / UTSYNET","pd":"1974-12-18","sl":1,"c":412}},{"type":"Feature","geometry":{"type":"Polygon","coordinates":[[[10.62072,59.44945],[10.62075,59.44934],[10.6207,59.44928],[10.62052,59.44935],[10.6206,59.44944],[10.62072,59.44945]]]},"properties":{"a":170,"v":-179,"dh":1.05,"pl":1,"pn":"REFSNES. DEL AV REFSNES / UTSYNET","pd":"1974-12-18","c":413}},{"type":"Feature","geometry":{"type":"Polygon","coordinates":[[[10.69068,59.44262],[10.69083,59.44259],[10.69086,59.44247],[10.69065,59.44247],[10.69068,59.44262]]]},"properties":{"a":167,"v":-324,"dh":1.94,"pl":1,"pn":"GJERREBOGEN DEL AV GJERREBOGEN","pd":"1968-11-05","fo":1,"c":328}},{"type":"Feature","geometry":{"type":"Polygon","coordinates":[[[10.69139,59.44289],[10.69152,59.44285],[10.6916,59.44276],[10.69166,59.44259],[10.6915,59.44258],[10.69154,59.4427],[10.69139,59.44269],[10.69134,59.44257],[10.69118,59.44252],[10.69109,59.44252],[10.69091,59.44263],[10.69066,59.44263],[10.69116,59.44274],[10.69123,59.44284],[10.69139,59.44289]]]},"properties":{"a":1014,"v":1709,"dh":1.68,"pl":1,"pn":"GJERREBOGEN DEL AV GJERREBOGEN","pd":"1968-11-05","fo":1,"c":328}},{"type":"Feature","geometry":{"type":"Polygon","coordinates":[[[10.69034,59.44329],[10.69053,59.44323],[10.69068,59.44311],[10.69039,59.44299],[10.69031,59.44316],[10.69034,59.44329]]]},"properties":{"a":372,"v":-762,"dh":2.05,"pl":1,"pn":"GJERREBOGEN DEL AV GJERREBOGEN","pd":"1968-11-05","fo":1,"c":328}},{"type":"Feature","geometry":{"type":"MultiPolygon","coordinates":[[[[10.69377,59.44315],[10.69374,59.44314],[10.69374,59.44315],[10.69377,59.44315]]],[[[10.69363,59.44314],[10.69355,59.44323],[10.69361,59.44336],[10.69369,59.44332],[10.69362,59.4433],[10.69367,59.44317],[10.69374,59.44316],[10.69363,59.44314]]]]},"properties":{"a":104,"v":169,"dh":1.62,"pl":1,"pn":"GJERREBOGEN DEL AV GJERREBOGEN","pd":"1968-11-05","sl":1,"c":327}},{"type":"Feature","geometry":{"type":"MultiPolygon","coordinates":[[[[10.69319,59.44346],[10.6931,59.44342],[10.69274,59.44337],[10.6928,59.44343],[10.69298,59.44348],[10.69319,59.44346]]],[[[10.69321,59.44349],[10.69324,59.44348],[10.69321,59.44347],[10.69321,59.44349]]]]},"properties":{"a":121,"v":214,"dh":1.77,"pl":1,"pn":"GJERREBOGEN DEL AV GJERREBOGEN","pd":"1968-11-05","sl":1,"c":50}},{"type":"Feature","geometry":{"type":"Polygon","coordinates":[[[10.69275,59.44384],[10.69283,59.44376],[10.69281,59.44369],[10.69308,59.44374],[10.69307,59.44363],[10.69271,59.44344],[10.69274,59.44339],[10.6927,59.44333],[10.69225,59.44336],[10.69233,59.44351],[10.69249,59.44359],[10.69251,59.44371],[10.6926,59.44375],[10.69262,59.44383],[10.69275,59.44384]],[[10.69268,59.44349],[10.69261,59.44348],[10.69257,59.44345],[10.69268,59.44349]]]},"properties":{"a":1362,"v":-2459,"dh":1.81,"pl":1,"pn":"GJERREBOGEN DEL AV GJERREBOGEN","pd":"1968-11-05","fo":1,"c":50}},{"type":"Feature","geometry":{"type":"Polygon","coordinates":[[[10.69439,59.44393],[10.69441,59.44387],[10.69436,59.44357],[10.69428,59.44372],[10.69428,59.44389],[10.69439,59.44393]]]},"properties":{"a":185,"v":146,"dh":0.79,"pl":1,"pn":"GJERREBOGEN II","pd":"1972-06-22","sh":1,"c":327}},{"type":"Feature","geometry":{"type":"Polygon","coordinates":[[[10.69204,59.44415],[10.69213,59.44412],[10.69207,59.44408],[10.69225,59.44415],[10.69267,59.44411],[10.69271,59.44409],[10.69267,59.44407],[10.6927,59.44397],[10.69249,59.44392],[10.69248,59.44386],[10.69257,59.44381],[10.69255,59.44373],[10.69219,59.44357],[10.69203,59.44356],[10.69186,59.44342],[10.69181,59.44349],[10.69186,59.44363],[10.69166,59.44364],[10.69198,59.44373],[10.69204,59.44382],[10.69213,59.44387],[10.69214,59.44394],[10.692,59.44407],[10.69204,59.44415]]]},"properties":{"a":2064,"v":2422,"dh":1.17,"pl":1,"pn":"GJERREBOGEN DEL AV GJERREBOGEN","pd":"1968-11-05","c":50}},{"type":"Feature","geometry":{"type":"Polygon","coordinates":[[[10.69284,59.44402],[10.69305,59.44397],[10.6931,59.44393],[10.69303,59.44391],[10.69298,59.44382],[10.69278,59.44383],[10.69275,59.44393],[10.69284,59.44402]],[[10.69289,59.44392],[10.69286,59.44388],[10.69294,59.44388],[10.69289,59.44392]]]},"properties":{"a":276,"v":-391,"dh":1.42,"pl":1,"pn":"GJERREBOGEN DEL AV GJERREBOGEN","pd":"1968-11-05","fo":1,"c":50}},{"type":"Feature","geometry":{"type":"Polygon","coordinates":[[[10.69314,59.44423],[10.69315,59.44419],[10.69297,59.44411],[10.69272,59.44409],[10.69275,59.44415],[10.69283,59.44417],[10.69271,59.44423],[10.69314,59.44423]]]},"properties":{"a":272,"v":545,"dh":2.0,"pl":1,"pn":"GJERREBOGEN DEL AV GJERREBOGEN","pd":"1968-11-05","fo":1,"c":50}},{"type":"Feature","geometry":{"type":"Polygon","coordinates":[[[10.67662,59.44398],[10.67645,59.44385],[10.67648,59.44379],[10.67644,59.44371],[10.67653,59.44363],[10.67637,59.44359],[10.6762,59.44371],[10.6762,59.44377],[10.67639,59.44396],[10.67611,59.44416],[10.67612,59.44422],[10.67599,59.44423],[10.6763,59.44441],[10.67686,59.4446],[10.67689,59.44459],[10.67684,59.44451],[10.67694,59.4445],[10.67703,59.44442],[10.67698,59.44429],[10.67686,59.44418],[10.67683,59.44402],[10.67662,59.44398]],[[10.67664,59.444],[10.67662,59.44401],[10.67662,59.444],[10.67664,59.444]],[[10.67669,59.44445],[10.67653,59.44446],[10.67639,59.44434],[10.67625,59.44432],[10.67647,59.4443],[10.6766,59.44444],[10.67669,59.44445]]]},"properties":{"a":2740,"v":-9030,"dh":3.3,"pl":1,"pn":"Detaljregulering for Sponvika 1","pd":"2012-11-12","c":337}},{"type":"Feature","geometry":{"type":"Polygon","coordinates":[[[10.68473,59.44586],[10.68475,59.44578],[10.68453,59.44569],[10.68425,59.44561],[10.6842,59.44566],[10.68422,59.44575],[10.68448,59.44576],[10.68459,59.44585],[10.68473,59.44586]]]},"properties":{"a":362,"v":451,"dh":1.25,"pl":1,"pn":"TIGERPLASSEN. OMR. MELLOM OSLOVEGEN, KRAPFOSSVEGEN OG NØKKEVEGEN.","pd":"1973-11-05","c":414}},{"type":"Feature","geometry":{"type":"Polygon","coordinates":[[[10.67857,59.44674],[10.67867,59.44657],[10.67856,59.44655],[10.67839,59.44665],[10.67845,59.44672],[10.67857,59.44674]]]},"properties":{"a":187,"v":-220,"dh":1.18,"pl":0,"c":415}},{"type":"Feature","geometry":{"type":"Polygon","coordinates":[[[10.68261,59.44683],[10.68282,59.4468],[10.68264,59.44668],[10.68268,59.44673],[10.68261,59.44683]]]},"properties":{"a":105,"v":-136,"dh":1.29,"pl":0,"c":416}},{"type":"Feature","geometry":{"type":"Polygon","coordinates":[[[10.67688,59.44689],[10.67692,59.44682],[10.67686,59.44677],[10.67672,59.44677],[10.67674,59.44689],[10.67688,59.44689]]]},"properties":{"a":115,"v":170,"dh":1.47,"pl":0,"c":417}},{"type":"Feature","geometry":{"type":"Polygon","coordinates":[[[10.68326,59.44812],[10.68323,59.44794],[10.6832,59.44794],[10.6832,59.44802],[10.6831,59.44804],[10.6831,59.4481],[10.68326,59.44812]]]},"properties":{"a":106,"v":-140,"dh":1.32,"pl":0,"c":418}},{"type":"Feature","geometry":{"type":"Polygon","coordinates":[[[10.68187,59.4482],[10.68199,59.44809],[10.68207,59.44805],[10.68186,59.44808],[10.68176,59.44816],[10.68187,59.4482]]]},"properties":{"a":114,"v":113,"dh":1.0,"pl":0,"sh":1,"c":419}},{"type":"Feature","geometry":{"type":"MultiPolygon","coordinates":[[[[10.68262,59.44872],[10.6826,59.44872],[10.6826,59.44872],[10.68262,59.44872]]],[[[10.68255,59.44872],[10.68248,59.44874],[10.68237,59.44894],[10.68252,59.44893],[10.6825,59.44884],[10.6826,59.44876],[10.68255,59.44872]]]]},"properties":{"a":165,"v":262,"dh":1.59,"pl":0,"c":420}},{"type":"Feature","geometry":{"type":"Polygon","coordinates":[[[10.6844,59.44938],[10.68432,59.44928],[10.68434,59.4492],[10.68428,59.44916],[10.68411,59.44921],[10.684,59.44914],[10.68384,59.44916],[10.68413,59.44932],[10.68422,59.44926],[10.68431,59.44937],[10.6844,59.44938]]]},"properties":{"a":322,"v":412,"dh":1.28,"pl":0,"c":421}},{"type":"Feature","geometry":{"type":"Polygon","coordinates":[[[10.68498,59.44963],[10.68496,59.4496],[10.68503,59.44956],[10.68486,59.44939],[10.68483,59.44945],[10.68498,59.44963]]]},"properties":{"a":114,"v":160,"dh":1.41,"pl":0,"c":421}},{"type":"Feature","geometry":{"type":"Polygon","coordinates":[[[10.68742,59.44634],[10.68747,59.44626],[10.68745,59.44614],[10.68766,59.4461],[10.68756,59.44598],[10.68741,59.446],[10.68711,59.44612],[10.68715,59.44616],[10.68725,59.44616],[10.68721,59.44629],[10.68742,59.44634]]]},"properties":{"a":625,"v":-1139,"dh":1.82,"pl":1,"pn":"Trolldalen mellom Elgvn., Oslovn., Peer Gynts Veg og Grindvoldvn.","pd":"1982-09-06","c":132}},{"type":"Feature","geometry":{"type":"Polygon","coordinates":[[[10.68703,59.44627],[10.68712,59.44621],[10.68711,59.44615],[10.68704,59.44607],[10.68697,59.44608],[10.68694,59.44614],[10.68698,59.44625],[10.68703,59.44627]]]},"properties":{"a":142,"v":207,"dh":1.45,"pl":1,"pn":"Trolldalen mellom Elgvn., Oslovn., Peer Gynts Veg og Grindvoldvn.","pd":"1982-09-06","c":132}},{"type":"Feature","geometry":{"type":"Polygon","coordinates":[[[10.68909,59.44758],[10.68923,59.44757],[10.68922,59.44747],[10.68928,59.44743],[10.68885,59.44735],[10.68889,59.44748],[10.68907,59.44749],[10.68909,59.44758]]]},"properties":{"a":325,"v":343,"dh":1.06,"pl":1,"pn":"Trolldalen mellom Elgvn., Oslovn., Peer Gynts Veg og Grindvoldvn.","pd":"1982-09-06","fo":1,"c":132}},{"type":"Feature","geometry":{"type":"Polygon","coordinates":[[[10.68918,59.44772],[10.68922,59.44769],[10.68911,59.44768],[10.68914,59.44762],[10.68898,59.44761],[10.68895,59.44765],[10.68904,59.44772],[10.68918,59.44772]]]},"properties":{"a":109,"v":118,"dh":1.08,"pl":1,"pn":"Trolldalen mellom Elgvn., Oslovn., Peer Gynts Veg og Grindvoldvn.","pd":"1982-09-06","c":132}},{"type":"Feature","geometry":{"type":"Polygon","coordinates":[[[10.68958,59.44792],[10.68958,59.44784],[10.68963,59.44782],[10.68959,59.44767],[10.68945,59.44768],[10.68945,59.44773],[10.68954,59.44774],[10.68953,59.4479],[10.68958,59.44792]]]},"properties":{"a":134,"v":159,"dh":1.19,"pl":1,"pn":"Trolldalen mellom Elgvn., Oslovn., Peer Gynts Veg og Grindvoldvn.","pd":"1982-09-06","c":132}},{"type":"Feature","geometry":{"type":"Polygon","coordinates":[[[10.68931,59.4481],[10.68936,59.44807],[10.6893,59.44799],[10.68923,59.44798],[10.68915,59.44806],[10.68931,59.4481]]]},"properties":{"a":105,"v":-100,"dh":0.95,"pl":1,"pn":"Trolldalen mellom Elgvn., Oslovn., Peer Gynts Veg og Grindvoldvn.","pd":"1982-09-06","sh":1,"c":132}},{"type":"Feature","geometry":{"type":"Polygon","coordinates":[[[10.68786,59.4484],[10.68798,59.44835],[10.68798,59.44831],[10.68775,59.44825],[10.68779,59.44836],[10.68786,59.4484]]]},"properties":{"a":142,"v":-182,"dh":1.28,"pl":1,"pn":"Trolldalen mellom Elgvn., Oslovn., Peer Gynts Veg og Grindvoldvn.","pd":"1982-09-06","c":132}},{"type":"Feature","geometry":{"type":"Polygon","coordinates":[[[10.68955,59.44875],[10.6896,59.44865],[10.68956,59.44862],[10.68958,59.44849],[10.68938,59.44844],[10.68947,59.44844],[10.68948,59.44837],[10.68943,59.44831],[10.6896,59.44826],[10.68958,59.44821],[10.68951,59.44821],[10.68946,59.44828],[10.68935,59.4483],[10.68932,59.4484],[10.68938,59.44842],[10.68928,59.44853],[10.68951,59.44862],[10.68945,59.44875],[10.68955,59.44875]]]},"properties":{"a":425,"v":-591,"dh":1.39,"pl":1,"pn":"Trolldalen mellom Elgvn., Oslovn., Peer Gynts Veg og Grindvoldvn.","pd":"1982-09-06","fo":1,"c":132}},{"type":"Feature","geometry":{"type":"Polygon","coordinates":[[[10.68809,59.44916],[10.6882,59.44911],[10.68819,59.44906],[10.68799,59.44896],[10.68803,59.4489],[10.68799,59.44886],[10.68809,59.44884],[10.68809,59.44879],[10.68784,59.4488],[10.68793,59.44874],[10.6879,59.44857],[10.68803,59.44856],[10.68806,59.44848],[10.68793,59.44849],[10.68779,59.44841],[10.68768,59.44803],[10.68761,59.448],[10.68754,59.44805],[10.68755,59.4481],[10.68762,59.44814],[10.68761,59.44825],[10.68771,59.44858],[10.68774,59.44887],[10.68792,59.44897],[10.68791,59.44908],[10.68809,59.44916]]]},"properties":{"a":1323,"v":2199,"dh":1.66,"pl":1,"pn":"Trolldalen mellom Elgvn., Oslovn., Peer Gynts Veg og Grindvoldvn.","pd":"1982-09-06","c":132}},{"type":"Feature","geometry":{"type":"Polygon","coordinates":[[[10.68698,59.45021],[10.68744,59.45021],[10.68746,59.45],[10.68741,59.44994],[10.68725,59.44995],[10.68735,59.44989],[10.68732,59.44987],[10.68707,59.44987],[10.68706,59.45001],[10.68696,59.45008],[10.68698,59.45021]]]},"properties":{"a":893,"v":-1988,"dh":2.23,"pl":1,"pn":"MOSSESKOGEN - OSLOVEGEN 64 OG 66","pd":"2001-02-20","fo":1,"c":422}},{"type":"Feature","geometry":{"type":"Polygon","coordinates":[[[10.68996,59.45019],[10.68997,59.44999],[10.68986,59.44998],[10.68996,59.44992],[10.68984,59.44986],[10.68979,59.44991],[10.68981,59.45006],[10.68996,59.45019]]]},"properties":{"a":219,"v":318,"dh":1.45,"pl":1,"pn":"Trolldalen mellom Elgvn., Oslovn., Peer Gynts Veg og Grindvoldvn.","pd":"1982-09-06","fo":1,"c":132}},{"type":"Feature","geometry":{"type":"Polygon","coordinates":[[[10.6903,59.45025],[10.69054,59.45017],[10.69054,59.45011],[10.6904,59.45008],[10.6903,59.45025]]]},"properties":{"a":157,"v":140,"dh":0.89,"pl":1,"pn":"Trolldalen mellom Elgvn., Oslovn., Peer Gynts Veg og Grindvoldvn.","pd":"1982-09-06","sh":1,"c":132}},{"type":"Feature","geometry":{"type":"Polygon","coordinates":[[[10.6878,59.45105],[10.68783,59.45068],[10.68787,59.45066],[10.68783,59.45059],[10.68786,59.44985],[10.68802,59.44978],[10.68793,59.44972],[10.6878,59.44976],[10.68774,59.44993],[10.68775,59.4508],[10.6878,59.45105]]]},"properties":{"a":789,"v":1279,"dh":1.62,"pl":1,"pn":"Trolldalen mellom Elgvn., Oslovn., Peer Gynts Veg og Grindvoldvn.","pd":"1982-09-06","c":132}},{"type":"Feature","geometry":{"type":"MultiPolygon","coordinates":[[[[10.68999,59.45106],[10.69,59.45093],[10.68994,59.45085],[10.68998,59.45097],[10.68995,59.45104],[10.68999,59.45106]]],[[[10.68997,59.45107],[10.68979,59.45107],[10.68967,59.45111],[10.68953,59.45105],[10.68959,59.45092],[10.68919,59.45104],[10.68911,59.45122],[10.68918,59.45156],[10.68927,59.45166],[10.68944,59.45171],[10.68974,59.45171],[10.68995,59.45167],[10.69019,59.45152],[10.69025,59.45131],[10.6906,59.45126],[10.69071,59.45113],[10.69071,59.45103],[10.69056,59.45087],[10.69053,59.45069],[10.69028,59.45053],[10.69029,59.45042],[10.69022,59.45043],[10.69022,59.45053],[10.69009,59.45073],[10.69012,59.451],[10.69002,59.45112],[10.68995,59.45113],[10.68997,59.45107]]]]},"properties":{"a":6286,"v":14437,"dh":2.3,"pl":1,"pn":"Trolldalen mellom Elgvn., Oslovn., Peer Gynts Veg og Grindvoldvn.","pd":"1982-09-06","c":132}},{"type":"Feature","geometry":{"type":"Polygon","coordinates":[[[10.68745,59.45358],[10.68735,59.45343],[10.68742,59.45333],[10.68736,59.45332],[10.68731,59.45337],[10.68734,59.45344],[10.68723,59.45352],[10.68734,59.45351],[10.68745,59.45358]]]},"properties":{"a":119,"v":108,"dh":0.91,"pl":0,"sh":1,"c":423}},{"type":"Feature","geometry":{"type":"Polygon","coordinates":[[[10.68816,59.45451],[10.68816,59.45444],[10.68824,59.45432],[10.68818,59.45413],[10.68821,59.45403],[10.68818,59.45379],[10.68822,59.45378],[10.68819,59.45325],[10.68815,59.45322],[10.68816,59.45305],[10.68811,59.45303],[10.68806,59.45311],[10.6881,59.45317],[10.68807,59.45328],[10.68813,59.45383],[10.6881,59.45387],[10.68813,59.45451],[10.68816,59.45451]]]},"properties":{"a":803,"v":-1813,"dh":2.26,"pl":1,"pn":"TROLLDALEN ØST. DEL AV GNR. 27/3 OG GNR. 36/4   11. BOLIGOMRÅDE","pd":"1973-08-22","fo":1,"c":424}},{"type":"Feature","geometry":{"type":"MultiPolygon","coordinates":[[[[10.6871,59.45429],[10.68727,59.45431],[10.6872,59.4543],[10.68729,59.45429],[10.68729,59.45425],[10.68722,59.45422],[10.68734,59.45422],[10.68725,59.45417],[10.68728,59.45413],[10.68724,59.4541],[10.68731,59.45407],[10.6874,59.45411],[10.6874,59.45396],[10.68731,59.45394],[10.68732,59.45391],[10.68713,59.45397],[10.68719,59.45405],[10.68715,59.45406],[10.68718,59.45414],[10.68711,59.45417],[10.6871,59.45429]],[[10.68723,59.45414],[10.68717,59.45409],[10.68723,59.45409],[10.68723,59.45414]]],[[[10.68719,59.45434],[10.6872,59.45435],[10.6872,59.45434],[10.68719,59.45434]]]]},"properties":{"a":434,"v":399,"dh":0.92,"pl":0,"sh":1,"c":423}},{"type":"Feature","geometry":{"type":"Polygon","coordinates":[[[10.68992,59.45468],[10.69001,59.45464],[10.68998,59.45448],[10.69016,59.45425],[10.69014,59.4542],[10.68993,59.45414],[10.6897,59.45461],[10.68971,59.45465],[10.68992,59.45468]]]},"properties":{"a":828,"v":-1514,"dh":1.83,"pl":1,"pn":"TROLLDALEN ØST. DEL AV GNR. 27/3 OG GNR. 36/4   11. BOLIGOMRÅDE","pd":"1973-08-22","c":425}},{"type":"Feature","geometry":{"type":"Polygon","coordinates":[[[10.6864,59.45594],[10.68656,59.45601],[10.68654,59.45594],[10.68665,59.45597],[10.68675,59.45593],[10.68673,59.45587],[10.6868,59.45578],[10.68645,59.45583],[10.68639,59.45578],[10.68607,59.45576],[10.68608,59.4558],[10.6862,59.45585],[10.68647,59.45584],[10.68652,59.45588],[10.68651,59.45592],[10.6864,59.45594]],[[10.68656,59.45588],[10.68661,59.45585],[10.68661,59.45588],[10.68656,59.45588]]]},"properties":{"a":429,"v":411,"dh":0.96,"pl":1,"pn":"Østfoldbanen VL(Ski)-Moss, Sandbukta - Rygge grense","pd":"2016-11-14","sh":1,"c":426}},{"type":"Feature","geometry":{"type":"Polygon","coordinates":[[[10.68693,59.45638],[10.68709,59.45636],[10.68712,59.4563],[10.68703,59.45621],[10.687,59.45629],[10.68689,59.45628],[10.68686,59.45631],[10.68693,59.45638]]]},"properties":{"a":116,"v":101,"dh":0.87,"pl":1,"pn":"Østfoldbanen VL(Ski)-Moss, Sandbukta - Rygge grense","pd":"2016-11-14","sh":1,"c":426}},{"type":"Feature","geometry":{"type":"Polygon","coordinates":[[[10.69249,59.45112],[10.69253,59.45108],[10.6925,59.45096],[10.69259,59.45088],[10.69241,59.45092],[10.69242,59.45101],[10.69232,59.45108],[10.69235,59.45112],[10.69249,59.45112]]]},"properties":{"a":198,"v":199,"dh":1.0,"pl":1,"pn":"GRINDVOLD. SØNDRE DEL AV FELT G, OG DEL AV SYKEHUSTOMTEN","pd":"1977-08-02","c":427}},{"type":"Feature","geometry":{"type":"Polygon","coordinates":[[[10.69468,59.45213],[10.69475,59.45208],[10.69459,59.45202],[10.69443,59.45205],[10.69468,59.45213]]]},"properties":{"a":132,"v":246,"dh":1.86,"pl":1,"pn":"GRINDVOLD. SØNDRE DEL AV FELT G, OG DEL AV SYKEHUSTOMTEN","pd":"1977-08-02","c":427}},{"type":"Feature","geometry":{"type":"Polygon","coordinates":[[[10.69428,59.45234],[10.69425,59.45229],[10.69396,59.4523],[10.69389,59.45232],[10.6939,59.45243],[10.69376,59.45248],[10.69387,59.45261],[10.69424,59.45255],[10.69436,59.45252],[10.69432,59.45239],[10.69425,59.45236],[10.69428,59.45234]],[[10.69425,59.45234],[10.69423,59.45233],[10.69425,59.45233],[10.69425,59.45234]]]},"properties":{"a":800,"v":1106,"dh":1.38,"pl":1,"pn":"GRINDVOLD. DEL AV GRINDVOLD FELT G","pd":"1975-09-30","fo":1,"c":427}},{"type":"Feature","geometry":{"type":"Polygon","coordinates":[[[10.6934,59.453],[10.69378,59.45282],[10.69381,59.4527],[10.69372,59.45264],[10.69349,59.45261],[10.69347,59.45256],[10.69336,59.45257],[10.69334,59.45251],[10.69319,59.45242],[10.6931,59.45222],[10.69294,59.45219],[10.6931,59.45233],[10.69312,59.4524],[10.69307,59.45245],[10.69293,59.4524],[10.6929,59.45244],[10.69304,59.45258],[10.6932,59.45283],[10.69334,59.4529],[10.6934,59.453]]]},"properties":{"a":1736,"v":1780,"dh":1.03,"pl":1,"pn":"GRINDVOLD. DEL AV GRINDVOLD FELT G","pd":"1975-09-30","fo":1,"c":428}},{"type":"Feature","geometry":{"type":"Polygon","coordinates":[[[10.69189,59.45318],[10.69189,59.45313],[10.69161,59.45293],[10.69145,59.4529],[10.69149,59.45301],[10.69189,59.45318]]]},"properties":{"a":278,"v":613,"dh":2.21,"pl":1,"pn":"TROLLDALEN ØST. DEL AV GNR. 27/3 OG GNR. 36/4   11. BOLIGOMRÅDE","pd":"1973-08-22","c":425}},{"type":"Feature","geometry":{"type":"Polygon","coordinates":[[[10.69344,59.45354],[10.69341,59.45348],[10.69332,59.45349],[10.69336,59.45367],[10.69352,59.45365],[10.6935,59.45358],[10.69341,59.45357],[10.69344,59.45354]],[[10.69343,59.45354],[10.69341,59.45353],[10.69343,59.45353],[10.69343,59.45354]]]},"properties":{"a":131,"v":110,"dh":0.84,"pl":2,"pn":"Grindvold","pd":"2021-03-23","sh":1,"c":429}},{"type":"Feature","geometry":{"type":"Polygon","coordinates":[[[10.69419,59.45403],[10.69449,59.45397],[10.69449,59.45392],[10.69438,59.45391],[10.69405,59.45398],[10.69419,59.45403]]]},"properties":{"a":168,"v":146,"dh":0.87,"pl":2,"pn":"Grindvold","pd":"2021-03-23","sh":1,"c":429}},{"type":"Feature","geometry":{"type":"Polygon","coordinates":[[[10.69238,59.45517],[10.69273,59.45509],[10.69304,59.45506],[10.69306,59.45503],[10.69297,59.45504],[10.69297,59.45498],[10.69281,59.45494],[10.69235,59.45495],[10.69234,59.45501],[10.69225,59.455],[10.69225,59.45506],[10.69232,59.45505],[10.69238,59.45517]]]},"properties":{"a":684,"v":1215,"dh":1.78,"pl":1,"pn":"TROLLDALEN ØST. DEL AV GNR. 27/3 OG GNR. 36/4   11. BOLIGOMRÅDE","pd":"1973-08-22","c":425}},{"type":"Feature","geometry":{"type":"Polygon","coordinates":[[[10.69283,59.45565],[10.69284,59.45557],[10.69291,59.45553],[10.69297,59.45541],[10.69287,59.4554],[10.69275,59.4555],[10.69274,59.45564],[10.69283,59.45565]]]},"properties":{"a":191,"v":384,"dh":2.01,"pl":1,"pn":"TROLLDALEN ØST. DEL AV GNR. 27/3 OG GNR. 36/4   11. BOLIGOMRÅDE","pd":"1973-08-22","c":425}},{"type":"Feature","geometry":{"type":"Polygon","coordinates":[[[10.6931,59.45576],[10.69316,59.45569],[10.69335,59.45564],[10.69314,59.45561],[10.69309,59.45565],[10.6931,59.45576]]]},"properties":{"a":109,"v":194,"dh":1.78,"pl":1,"pn":"SKREDDERÅSEN. FELT F","pd":"1977-09-16","sl":1,"c":430}},{"type":"Feature","geometry":{"type":"Polygon","coordinates":[[[10.68416,59.45669],[10.68413,59.45666],[10.68418,59.45663],[10.68427,59.45664],[10.68421,59.4566],[10.68458,59.45653],[10.68455,59.45642],[10.68475,59.45639],[10.68472,59.45629],[10.68486,59.4562],[10.68472,59.45615],[10.68466,59.45607],[10.68484,59.45604],[10.68489,59.45598],[10.68465,59.45585],[10.68435,59.45583],[10.68437,59.45588],[10.68432,59.45592],[10.68439,59.456],[10.68429,59.45601],[10.68429,59.45608],[10.68417,59.45619],[10.68416,59.45629],[10.68397,59.45629],[10.68383,59.45636],[10.68394,59.45654],[10.68391,59.45666],[10.68416,59.45669]],[[10.68464,59.45609],[10.68454,59.45608],[10.6845,59.45605],[10.68464,59.45605],[10.68464,59.45609]]]},"properties":{"a":2923,"v":7524,"dh":2.57,"pl":0,"c":431}},{"type":"Feature","geometry":{"type":"Polygon","coordinates":[[[10.68427,59.45715],[10.68453,59.45701],[10.68487,59.45699],[10.68488,59.45692],[10.68477,59.45692],[10.68473,59.45679],[10.68464,59.45676],[10.6841,59.4568],[10.68394,59.45687],[10.68395,59.45706],[10.68402,59.4571],[10.68399,59.45712],[10.68427,59.45715]]]},"properties":{"a":1516,"v":4185,"dh":2.76,"pl":0,"c":431}},{"type":"Feature","geometry":{"type":"Polygon","coordinates":[[[10.68549,59.4575],[10.68575,59.45748],[10.68575,59.45742],[10.68559,59.45741],[10.68547,59.45745],[10.68549,59.4575]]]},"properties":{"a":127,"v":260,"dh":2.05,"pl":0,"c":431}},{"type":"Feature","geometry":{"type":"Polygon","coordinates":[[[10.68548,59.45767],[10.68605,59.45765],[10.68608,59.45758],[10.68605,59.45739],[10.68586,59.4574],[10.68579,59.45749],[10.68558,59.45753],[10.68546,59.45762],[10.68548,59.45767]]]},"properties":{"a":654,"v":1556,"dh":2.38,"pl":0,"c":431}},{"type":"Feature","geometry":{"type":"Polygon","coordinates":[[[10.68412,59.4577],[10.68415,59.45783],[10.68407,59.45794],[10.68417,59.45799],[10.68418,59.45806],[10.68443,59.45813],[10.68469,59.45809],[10.6846,59.458],[10.68446,59.45797],[10.68448,59.45784],[10.68429,59.45786],[10.68424,59.45782],[10.68427,59.45779],[10.68423,59.45775],[10.68434,59.45773],[10.68439,59.45765],[10.68433,59.45759],[10.6844,59.45758],[10.68433,59.45757],[10.68438,59.45751],[10.68431,59.45748],[10.68441,59.45746],[10.68441,59.45741],[10.68428,59.45736],[10.68448,59.45736],[10.68459,59.45742],[10.68497,59.45728],[10.68435,59.45724],[10.68421,59.45729],[10.68424,59.45725],[10.68407,59.45724],[10.68409,59.45734],[10.68398,59.45732],[10.68397,59.45738],[10.6839,59.4574],[10.68395,59.45745],[10.6839,59.45749],[10.68399,59.45758],[10.68417,59.45756],[10.68412,59.45759],[10.6841,59.45766],[10.68416,59.45771],[10.68412,59.4577]],[[10.68416,59.45771],[10.68421,59.45775],[10.68416,59.45774],[10.68416,59.45771]]]},"properties":{"a":2197,"v":3662,"dh":1.67,"pl":0,"c":431}},{"type":"Feature","geometry":{"type":"Polygon","coordinates":[[[10.68598,59.45779],[10.68603,59.4577],[10.68578,59.45767],[10.68586,59.45775],[10.68598,59.45779]]]},"properties":{"a":127,"v":232,"dh":1.83,"pl":0,"fo":1,"c":431}},{"type":"Feature","geometry":{"type":"Polygon","coordinates":[[[10.68544,59.45789],[10.68549,59.45784],[10.68536,59.45776],[10.68527,59.45777],[10.68528,59.45787],[10.68544,59.45789]]]},"properties":{"a":115,"v":202,"dh":1.75,"pl":0,"c":431}},{"type":"Feature","geometry":{"type":"Polygon","coordinates":[[[10.68456,59.45794],[10.6849,59.45796],[10.68495,59.45791],[10.68493,59.45784],[10.68454,59.45783],[10.68456,59.45794]]]},"properties":{"a":331,"v":890,"dh":2.69,"pl":0,"c":431}},{"type":"Feature","geometry":{"type":"Polygon","coordinates":[[[10.6857,59.45819],[10.68582,59.45816],[10.68577,59.45813],[10.68578,59.45808],[10.68593,59.45808],[10.68584,59.45805],[10.68588,59.45795],[10.68553,59.45797],[10.68559,59.45802],[10.68556,59.45809],[10.68572,59.45813],[10.6857,59.45819]]]},"properties":{"a":350,"v":832,"dh":2.38,"pl":0,"c":431}},{"type":"Feature","geometry":{"type":"Polygon","coordinates":[[[10.68453,59.45839],[10.6847,59.45834],[10.68468,59.45817],[10.68464,59.45814],[10.68443,59.45817],[10.68432,59.45812],[10.68436,59.45816],[10.68433,59.45828],[10.6844,59.45836],[10.68453,59.45839]]]},"properties":{"a":472,"v":-771,"dh":1.63,"pl":0,"c":431}},{"type":"Feature","geometry":{"type":"Polygon","coordinates":[[[10.68742,59.45682],[10.68759,59.45653],[10.68755,59.45642],[10.68762,59.45638],[10.6876,59.4563],[10.68765,59.45624],[10.68764,59.45611],[10.68771,59.45608],[10.68771,59.45595],[10.68749,59.45626],[10.68748,59.45642],[10.6874,59.45658],[10.68742,59.45682]]]},"properties":{"a":531,"v":-942,"dh":1.77,"pl":1,"pn":"TROLLDALEN ØST. DEL AV GNR. 27/3 OG GNR. 36/4   11. BOLIGOMRÅDE","pd":"1973-08-22","fo":1,"c":424}},{"type":"Feature","geometry":{"type":"Polygon","coordinates":[[[10.68866,59.45731],[10.68892,59.45732],[10.68895,59.45677],[10.68888,59.45676],[10.68882,59.45667],[10.68852,59.45667],[10.68842,59.45675],[10.68847,59.45682],[10.68844,59.45689],[10.6886,59.4569],[10.68863,59.45708],[10.68872,59.45712],[10.6887,59.45721],[10.68876,59.45727],[10.68866,59.45731]]]},"properties":{"a":1391,"v":2075,"dh":1.49,"pl":1,"pn":"TROLLDALEN ØST. DEL AV GNR. 27/3 OG GNR. 36/4   11. BOLIGOMRÅDE","pd":"1973-08-22","fo":1,"c":424}},{"type":"Feature","geometry":{"type":"Polygon","coordinates":[[[10.69012,59.45769],[10.69009,59.45765],[10.69015,59.45757],[10.69014,59.45741],[10.69027,59.45737],[10.69028,59.45733],[10.69003,59.45727],[10.68991,59.45732],[10.68991,59.45738],[10.69006,59.45748],[10.68999,59.45758],[10.69007,59.45769],[10.69012,59.45769]]]},"properties":{"a":460,"v":-650,"dh":1.41,"pl":1,"pn":"TROLLDALEN ØST. DEL AV GNR. 27/3 OG GNR. 36/4   11. BOLIGOMRÅDE","pd":"1973-08-22","c":425}},{"type":"Feature","geometry":{"type":"Polygon","coordinates":[[[10.6888,59.45804],[10.68897,59.45797],[10.68896,59.45777],[10.68887,59.45771],[10.68873,59.45774],[10.6888,59.45804]]]},"properties":{"a":344,"v":-761,"dh":2.21,"pl":1,"pn":"TROLLDALEN ØST. DEL AV GNR. 27/3 OG GNR. 36/4   11. BOLIGOMRÅDE","pd":"1973-08-22","fo":1,"c":424}},{"type":"Feature","geometry":{"type":"Polygon","coordinates":[[[10.689,59.45859],[10.68905,59.45854],[10.68892,59.45807],[10.6888,59.45808],[10.68868,59.45816],[10.6887,59.45818],[10.68861,59.45819],[10.68846,59.45833],[10.68847,59.45842],[10.68861,59.45852],[10.689,59.45859]],[[10.68873,59.45832],[10.6887,59.45826],[10.68881,59.45826],[10.68878,59.45833],[10.68873,59.45832]]]},"properties":{"a":1255,"v":2240,"dh":1.79,"pl":1,"pn":"TROLLDALEN ØST. DEL AV GNR. 27/3 OG GNR. 36/4   11. BOLIGOMRÅDE","pd":"1973-08-22","fo":1,"c":424}},{"type":"Feature","geometry":{"type":"Polygon","coordinates":[[[10.6873,59.45885],[10.68736,59.4586],[10.68734,59.45852],[10.68744,59.45848],[10.68744,59.45843],[10.68737,59.45841],[10.6874,59.45832],[10.68727,59.4581],[10.68726,59.45794],[10.68722,59.45794],[10.68717,59.45854],[10.68723,59.45879],[10.6873,59.45885]]]},"properties":{"a":747,"v":-1210,"dh":1.62,"pl":1,"pn":"TROLLDALEN ØST. DEL AV GNR. 27/3 OG GNR. 36/4   11. BOLIGOMRÅDE","pd":"1973-08-22","fo":1,"c":424}},{"type":"Feature","geometry":{"type":"Polygon","coordinates":[[[10.69113,59.45852],[10.69115,59.45844],[10.69125,59.45842],[10.69101,59.45844],[10.69103,59.45851],[10.69113,59.45852]]]},"properties":{"a":102,"v":-127,"dh":1.24,"pl":1,"pn":"ÅVANGEN. OMRÅDET MELLOM ÅVANGEN OG E6","pd":"1979-09-28","c":42}},{"type":"Feature","geometry":{"type":"Polygon","coordinates":[[[10.68887,59.45953],[10.68883,59.45943],[10.6889,59.45939],[10.68888,59.45931],[10.68867,59.45927],[10.68851,59.45934],[10.68856,59.45935],[10.6886,59.45943],[10.68887,59.45953]]]},"properties":{"a":349,"v":-637,"dh":1.83,"pl":1,"pn":"AAVANGEN INDUSTRIOMRÅDE GNR 27/181, DEL AV GNR 27/49 OG","pd":"1976-06-18","fo":1,"c":432}},{"type":"Feature","geometry":{"type":"Polygon","coordinates":[[[10.68783,59.46012],[10.68795,59.46011],[10.6879,59.46009],[10.68793,59.46006],[10.68812,59.46008],[10.68824,59.46001],[10.68807,59.45999],[10.68805,59.45994],[10.68778,59.45997],[10.68798,59.45997],[10.6878,59.45999],[10.68777,59.46004],[10.68784,59.46008],[10.68783,59.46012]]]},"properties":{"a":281,"v":242,"dh":0.86,"pl":1,"pn":"AAVANGEN INDUSTRIOMRÅDE GNR 27/181, DEL AV GNR 27/49 OG","pd":"1976-06-18","sh":1,"c":433}},{"type":"Feature","geometry":{"type":"Polygon","coordinates":[[[10.68823,59.46015],[10.68843,59.46014],[10.68842,59.46007],[10.68819,59.46006],[10.68823,59.46015]]]},"properties":{"a":122,"v":156,"dh":1.28,"pl":1,"pn":"AAVANGEN INDUSTRIOMRÅDE GNR 27/181, DEL AV GNR 27/49 OG","pd":"1976-06-18","c":433}},{"type":"Feature","geometry":{"type":"Polygon","coordinates":[[[10.69286,59.45605],[10.69287,59.45576],[10.69291,59.45563],[10.69285,59.4557],[10.69271,59.45571],[10.69267,59.45576],[10.69275,59.45597],[10.69286,59.45605]]]},"properties":{"a":319,"v":317,"dh":0.99,"pl":1,"pn":"TROLLDALEN ØST. DEL AV GNR. 27/3 OG GNR. 36/4   11. BOLIGOMRÅDE","pd":"1973-08-22","sh":1,"c":425}},{"type":"Feature","geometry":{"type":"Polygon","coordinates":[[[10.69137,59.45608],[10.69166,59.45605],[10.69171,59.45584],[10.69165,59.45575],[10.69137,59.45577],[10.69141,59.45581],[10.69132,59.45582],[10.69136,59.45587],[10.69143,59.45586],[10.69135,59.45603],[10.69137,59.45608]]]},"properties":{"a":576,"v":790,"dh":1.37,"pl":1,"pn":"TROLLDALEN ØST. DEL AV GNR. 27/3 OG GNR. 36/4   11. BOLIGOMRÅDE","pd":"1973-08-22","c":425}},{"type":"Feature","geometry":{"type":"Polygon","coordinates":[[[10.69179,59.45819],[10.69182,59.45813],[10.69169,59.45802],[10.69159,59.45804],[10.69165,59.45816],[10.6917,59.45816],[10.69166,59.45811],[10.69168,59.45808],[10.69179,59.45819]]]},"properties":{"a":108,"v":121,"dh":1.12,"pl":1,"pn":"ÅVANGEN. OMRÅDET MELLOM ÅVANGEN OG E6","pd":"1979-09-28","c":42}},{"type":"Feature","geometry":{"type":"Polygon","coordinates":[[[10.69347,59.45937],[10.6935,59.45924],[10.69338,59.45923],[10.69335,59.45936],[10.69347,59.45937]]]},"properties":{"a":113,"v":92,"dh":0.82,"pl":1,"pn":"ÅVANGEN. OMRÅDET MELLOM ÅVANGEN OG E6","pd":"1979-09-28","sh":1,"c":42}},{"type":"Feature","geometry":{"type":"Polygon","coordinates":[[[10.69219,59.46224],[10.69228,59.46209],[10.69228,59.46195],[10.69214,59.46203],[10.69211,59.46222],[10.69219,59.46224]]]},"properties":{"a":185,"v":234,"dh":1.26,"pl":1,"pn":"ÅVANGEN. OMRÅDET MELLOM ÅVANGEN OG E6","pd":"1979-09-28","c":42}},{"type":"Feature","geometry":{"type":"Polygon","coordinates":[[[10.69405,59.46218],[10.69414,59.46214],[10.69412,59.46206],[10.69352,59.46204],[10.69345,59.46212],[10.69351,59.46218],[10.69405,59.46218]]]},"properties":{"a":544,"v":-716,"dh":1.32,"pl":1,"pn":"ÅVANGEN. OMRÅDET MELLOM ÅVANGEN OG E6","pd":"1979-09-28","c":42}},{"type":"Feature","geometry":{"type":"Polygon","coordinates":[[[10.69517,59.46305],[10.69522,59.46299],[10.69497,59.46294],[10.69479,59.46272],[10.69465,59.46279],[10.69449,59.46276],[10.69442,59.4628],[10.69442,59.46285],[10.69473,59.463],[10.69517,59.46305]]]},"properties":{"a":730,"v":1480,"dh":2.03,"pl":1,"pn":"ÅVANGEN. OMRÅDET MELLOM ÅVANGEN OG E6","pd":"1979-09-28","c":42}},{"type":"Feature","geometry":{"type":"Polygon","coordinates":[[[10.69364,59.46318],[10.69359,59.46308],[10.6935,59.46313],[10.69336,59.46312],[10.69323,59.46303],[10.69313,59.46305],[10.69315,59.4631],[10.69334,59.46315],[10.6935,59.46313],[10.69364,59.46318]]]},"properties":{"a":176,"v":161,"dh":0.91,"pl":1,"pn":"Åvangen. Endret adkomst til terrassehusene","pd":"1985-04-30","sh":1,"c":434}},{"type":"Feature","geometry":{"type":"Polygon","coordinates":[[[10.69493,59.46341],[10.69495,59.46325],[10.69472,59.46315],[10.69434,59.46308],[10.69421,59.46321],[10.69427,59.46328],[10.69493,59.46341]]]},"properties":{"a":909,"v":-1302,"dh":1.43,"pl":1,"pn":"ÅVANGEN. OMRÅDET MELLOM ÅVANGEN OG E6","pd":"1979-09-28","c":42}},{"type":"Feature","geometry":{"type":"MultiPolygon","coordinates":[[[[10.69393,59.46361],[10.69391,59.46361],[10.69393,59.46361],[10.69393,59.46361]]],[[[10.69393,59.46361],[10.69395,59.46362],[10.69395,59.46361],[10.69393,59.46361]]],[[[10.69401,59.46353],[10.69388,59.46373],[10.69415,59.46368],[10.69419,59.46355],[10.69401,59.46353]]]]},"properties":{"a":237,"v":428,"dh":1.8,"pl":1,"pn":"Nøkkeland, området øst for spinnesiden","pd":"1988-09-13","c":435}},{"type":"Feature","geometry":{"type":"Polygon","coordinates":[[[10.68895,59.46044],[10.68911,59.46043],[10.68913,59.46033],[10.68893,59.46033],[10.68895,59.46044]]]},"properties":{"a":136,"v":150,"dh":1.1,"pl":1,"pn":"AAVANGEN INDUSTRIOMRÅDE GNR 27/181, DEL AV GNR 27/49 OG","pd":"1976-06-18","c":433}},{"type":"Feature","geometry":{"type":"Polygon","coordinates":[[[10.68668,59.46079],[10.68687,59.46077],[10.68679,59.46065],[10.68672,59.4606],[10.68662,59.46064],[10.68668,59.46079]]]},"properties":{"a":196,"v":271,"dh":1.38,"pl":0,"fo":1,"c":436}},{"type":"Feature","geometry":{"type":"Polygon","coordinates":[[[10.68854,59.4609],[10.68853,59.46085],[10.68867,59.46084],[10.68859,59.46083],[10.68867,59.46078],[10.68865,59.4607],[10.68838,59.46068],[10.68839,59.46074],[10.68849,59.46077],[10.68845,59.46086],[10.68854,59.4609]],[[10.68851,59.46083],[10.68855,59.46082],[10.68855,59.46083],[10.68851,59.46083]]]},"properties":{"a":232,"v":203,"dh":0.87,"pl":1,"pn":"AAVANGEN INDUSTRIOMRÅDE GNR 27/181, DEL AV GNR 27/49 OG","pd":"1976-06-18","sh":1,"c":433}},{"type":"Feature","geometry":{"type":"Polygon","coordinates":[[[10.68832,59.46089],[10.68839,59.46085],[10.68834,59.46081],[10.68839,59.46078],[10.68823,59.46072],[10.68802,59.46084],[10.68792,59.46084],[10.68832,59.46089]],[[10.6882,59.46079],[10.68825,59.46076],[10.68825,59.46077],[10.6882,59.46079]]]},"properties":{"a":262,"v":371,"dh":1.42,"pl":1,"pn":"AAVANGEN INDUSTRIOMRÅDE GNR 27/181, DEL AV GNR 27/49 OG","pd":"1976-06-18","c":433}},{"type":"Feature","geometry":{"type":"Polygon","coordinates":[[[10.6869,59.46106],[10.68684,59.46088],[10.68712,59.4608],[10.68703,59.46077],[10.68666,59.46082],[10.6867,59.46091],[10.68685,59.46097],[10.68681,59.46104],[10.6869,59.46106]]]},"properties":{"a":293,"v":-335,"dh":1.14,"pl":0,"fo":1,"c":436}},{"type":"Feature","geometry":{"type":"Polygon","coordinates":[[[10.68962,59.46139],[10.68966,59.46123],[10.68975,59.46119],[10.68973,59.46105],[10.68957,59.46112],[10.68954,59.46127],[10.68957,59.46136],[10.68962,59.46139]]]},"properties":{"a":226,"v":-385,"dh":1.7,"pl":1,"pn":"AAVANGEN INDUSTRIOMRÅDE GNR 27/181, DEL AV GNR 27/49 OG","pd":"1976-06-18","fo":1,"c":432}},{"type":"Feature","geometry":{"type":"Polygon","coordinates":[[[10.68957,59.46143],[10.68954,59.46128],[10.68949,59.46126],[10.68954,59.46116],[10.68945,59.46116],[10.6894,59.46119],[10.68942,59.46132],[10.68948,59.46142],[10.68957,59.46143]]]},"properties":{"a":164,"v":160,"dh":0.97,"pl":1,"pn":"AAVANGEN INDUSTRIOMRÅDE GNR 27/181, DEL AV GNR 27/49 OG","pd":"1976-06-18","sh":1,"c":437}},{"type":"Feature","geometry":{"type":"MultiPolygon","coordinates":[[[[10.68689,59.46153],[10.68691,59.46155],[10.68691,59.46153],[10.68689,59.46153]]],[[[10.68693,59.46153],[10.68701,59.46171],[10.68708,59.46173],[10.68711,59.46158],[10.68705,59.4615],[10.68687,59.46141],[10.68685,59.4615],[10.68693,59.46153]]]]},"properties":{"a":222,"v":219,"dh":0.99,"pl":0,"sh":1,"c":438}},{"type":"Feature","geometry":{"type":"Polygon","coordinates":[[[10.68677,59.46196],[10.68676,59.46182],[10.68691,59.46182],[10.68689,59.46177],[10.68658,59.46175],[10.68659,59.46188],[10.68677,59.46196]]]},"properties":{"a":211,"v":192,"dh":0.91,"pl":0,"sh":1,"c":438}},{"type":"Feature","geometry":{"type":"Polygon","coordinates":[[[10.68725,59.46227],[10.68721,59.4622],[10.68699,59.46216],[10.68695,59.46206],[10.68698,59.46194],[10.68687,59.46189],[10.68684,59.46199],[10.6869,59.46205],[10.68688,59.46211],[10.687,59.46221],[10.68698,59.46225],[10.68725,59.46227]]]},"properties":{"a":262,"v":256,"dh":0.98,"pl":0,"sh":1,"c":440}},{"type":"Feature","geometry":{"type":"Polygon","coordinates":[[[10.68782,59.46256],[10.6878,59.46249],[10.68771,59.46245],[10.68776,59.4624],[10.68752,59.46237],[10.68756,59.46248],[10.68775,59.46251],[10.68775,59.46255],[10.68782,59.46256]]]},"properties":{"a":187,"v":-196,"dh":1.05,"pl":0,"fo":1,"c":440}},{"type":"Feature","geometry":{"type":"Polygon","coordinates":[[[10.69061,59.4626],[10.69074,59.46255],[10.69084,59.46243],[10.69083,59.46237],[10.69074,59.46228],[10.69049,59.46228],[10.69034,59.46244],[10.69047,59.46252],[10.69047,59.46257],[10.69061,59.4626]]]},"properties":{"a":730,"v":-1117,"dh":1.53,"pl":1,"pn":"SKREDDERVEIEN 4 OG 6","pd":"2003-12-09","c":439}},{"type":"Feature","geometry":{"type":"Polygon","coordinates":[[[10.68791,59.46286],[10.68788,59.46261],[10.6877,59.46259],[10.68787,59.46273],[10.68761,59.46276],[10.68751,59.46262],[10.68737,59.46259],[10.68741,59.4627],[10.68767,59.4629],[10.68791,59.46286]],[[10.6875,59.4627],[10.68744,59.46267],[10.68751,59.46266],[10.6875,59.4627]]]},"properties":{"a":499,"v":699,"dh":1.4,"pl":0,"c":440}},{"type":"Feature","geometry":{"type":"Polygon","coordinates":[[[10.69112,59.46277],[10.69055,59.46271],[10.69038,59.4628],[10.69038,59.46284],[10.69058,59.46291],[10.69114,59.46289],[10.69112,59.46277]]]},"properties":{"a":727,"v":-1465,"dh":2.01,"pl":1,"pn":"SKREDDERVEIEN 4 OG 6","pd":"2003-12-09","c":439}},{"type":"Feature","geometry":{"type":"Polygon","coordinates":[[[10.6908,59.46388],[10.69068,59.46384],[10.69059,59.46386],[10.6905,59.46355],[10.69043,59.46346],[10.69038,59.46345],[10.69054,59.46386],[10.69057,59.46387],[10.6908,59.46388]]]},"properties":{"a":191,"v":158,"dh":0.83,"pl":1,"pn":"SKREDDERVEIEN 4 OG 6","pd":"2003-12-09","sh":1,"c":441}},{"type":"Feature","geometry":{"type":"Polygon","coordinates":[[[10.6911,59.46379],[10.69122,59.4638],[10.6913,59.46362],[10.69141,59.46364],[10.69142,59.4636],[10.6913,59.46359],[10.6912,59.46367],[10.6911,59.46379]]]},"properties":{"a":138,"v":132,"dh":0.96,"pl":1,"pn":"Kambo. Del av Nøkkeland - skole - boligområde","pd":"1986-02-11","sh":1,"c":442}},{"type":"Feature","geometry":{"type":"Polygon","coordinates":[[[10.69049,59.46462],[10.69051,59.46448],[10.69039,59.46449],[10.6904,59.46461],[10.69049,59.46462]]]},"properties":{"a":101,"v":-131,"dh":1.3,"pl":1,"pn":"Kambo. Del av Nøkkeland - skole - boligområde","pd":"1986-02-11","fo":1,"c":443}},{"type":"Feature","geometry":{"type":"Polygon","coordinates":[[[10.6909,59.4661],[10.69091,59.46603],[10.69086,59.46601],[10.69089,59.46596],[10.69083,59.46593],[10.69074,59.46606],[10.6909,59.4661]]]},"properties":{"a":103,"v":134,"dh":1.3,"pl":1,"pn":"Kambo. Del av Nøkkeland - skole - boligområde","pd":"1986-02-11","fo":1,"c":443}},{"type":"Feature","geometry":{"type":"Polygon","coordinates":[[[10.69076,59.46695],[10.69088,59.46683],[10.69072,59.46678],[10.69065,59.46692],[10.69076,59.46695]]]},"properties":{"a":152,"v":-195,"dh":1.28,"pl":1,"pn":"Kambo. Del av Nøkkeland - skole - boligområde","pd":"1986-02-11","fo":1,"c":443}},{"type":"Feature","geometry":{"type":"Polygon","coordinates":[[[10.68709,59.46721],[10.68703,59.46716],[10.68705,59.46711],[10.68678,59.46717],[10.68709,59.46721]]]},"properties":{"a":100,"v":108,"dh":1.08,"pl":0,"c":444}},{"type":"Feature","geometry":{"type":"Polygon","coordinates":[[[10.64289,59.44534],[10.64274,59.44518],[10.6426,59.44522],[10.64262,59.44526],[10.64289,59.44534]]]},"properties":{"a":114,"v":-98,"dh":0.86,"pl":1,"pn":"BAKKEN-ORKERØD","pd":"1953-10-14","sh":1,"c":445}},{"type":"Feature","geometry":{"type":"Polygon","coordinates":[[[10.64145,59.44581],[10.64157,59.44569],[10.64153,59.44558],[10.64121,59.44552],[10.64107,59.44557],[10.64107,59.44562],[10.64123,59.4457],[10.64127,59.44579],[10.64145,59.44581]]]},"properties":{"a":602,"v":-868,"dh":1.44,"pl":1,"pn":"Reguleringsendring for del av Orkerød","pd":"2005-05-10","fo":1,"c":446}},{"type":"Feature","geometry":{"type":"Polygon","coordinates":[[[10.62601,59.44612],[10.62626,59.44603],[10.62568,59.44605],[10.62578,59.4461],[10.62601,59.44612]]]},"properties":{"a":147,"v":180,"dh":1.22,"pl":0,"c":447}},{"type":"Feature","geometry":{"type":"Polygon","coordinates":[[[10.63995,59.44615],[10.63987,59.44608],[10.63961,59.44599],[10.63964,59.44606],[10.63995,59.44615]]]},"properties":{"a":104,"v":88,"dh":0.85,"pl":1,"pn":"DEL AV ORKERØD","pd":"1998-03-26","sh":1,"c":448}},{"type":"Feature","geometry":{"type":"Polygon","coordinates":[[[10.64048,59.44646],[10.64049,59.44635],[10.64043,59.44626],[10.64013,59.44618],[10.64006,59.4462],[10.64013,59.44627],[10.64031,59.44633],[10.64033,59.44642],[10.64048,59.44646]]]},"properties":{"a":327,"v":412,"dh":1.26,"pl":1,"pn":"DEL AV ORKERØD","pd":"1998-03-26","c":448}},{"type":"Feature","geometry":{"type":"Polygon","coordinates":[[[10.64031,59.44665],[10.64023,59.44656],[10.64001,59.4466],[10.64003,59.44663],[10.64031,59.44665]]]},"properties":{"a":105,"v":-101,"dh":0.96,"pl":1,"pn":"DEL AV ORKERØD","pd":"1998-03-26","sh":1,"c":448}},{"type":"Feature","geometry":{"type":"Polygon","coordinates":[[[10.62897,59.44993],[10.62908,59.44983],[10.62885,59.44981],[10.62888,59.44992],[10.62897,59.44993]]]},"properties":{"a":104,"v":-109,"dh":1.05,"pl":1,"pn":"RAMBERGÅSEN. BOLIGOMRÅDE","pd":"1973-12-19","c":449}},{"type":"Feature","geometry":{"type":"Polygon","coordinates":[[[10.62883,59.45012],[10.6292,59.45008],[10.6292,59.45002],[10.62925,59.44998],[10.62921,59.44989],[10.6289,59.44997],[10.62897,59.45002],[10.62885,59.45005],[10.62883,59.45012]]]},"properties":{"a":367,"v":342,"dh":0.93,"pl":1,"pn":"RAMBERGÅSEN. BOLIGOMRÅDE","pd":"1973-12-19","sh":1,"c":449}},{"type":"Feature","geometry":{"type":"Polygon","coordinates":[[[10.63347,59.45088],[10.63354,59.4507],[10.63367,59.45059],[10.6337,59.45049],[10.63354,59.45046],[10.63346,59.45051],[10.63347,59.45088]]]},"properties":{"a":333,"v":307,"dh":0.92,"pl":1,"pn":"Jeløy kirkegård","pd":"2012-02-27","sh":1,"c":450}},{"type":"Feature","geometry":{"type":"Polygon","coordinates":[[[10.63766,59.45136],[10.63768,59.45133],[10.63748,59.45121],[10.63744,59.45114],[10.63733,59.45111],[10.63729,59.45128],[10.63766,59.45136]]]},"properties":{"a":305,"v":868,"dh":2.85,"pl":0,"fo":1,"c":451}},{"type":"Feature","geometry":{"type":"Polygon","coordinates":[[[10.61796,59.453],[10.61819,59.45297],[10.61817,59.4529],[10.61824,59.45282],[10.61817,59.45283],[10.61796,59.453]]]},"properties":{"a":130,"v":254,"dh":1.96,"pl":0,"sl":1,"c":452}},{"type":"Feature","geometry":{"type":"Polygon","coordinates":[[[10.61781,59.45374],[10.61787,59.4537],[10.6179,59.45359],[10.61803,59.4536],[10.61797,59.45357],[10.61808,59.45357],[10.61811,59.4535],[10.61783,59.45356],[10.61789,59.45359],[10.61773,59.45371],[10.61781,59.45374]]]},"properties":{"a":129,"v":192,"dh":1.49,"pl":0,"sl":1,"c":453}},{"type":"Feature","geometry":{"type":"Polygon","coordinates":[[[10.61814,59.45407],[10.61828,59.45398],[10.61827,59.45389],[10.61822,59.45389],[10.61807,59.45404],[10.61814,59.45407]]]},"properties":{"a":129,"v":264,"dh":2.05,"pl":0,"fo":1,"c":454}},{"type":"Feature","geometry":{"type":"Polygon","coordinates":[[[10.61809,59.45449],[10.61808,59.45437],[10.61815,59.45436],[10.61808,59.45435],[10.61808,59.45427],[10.61797,59.45427],[10.61796,59.45436],[10.618,59.45438],[10.61793,59.45448],[10.61809,59.45449]]]},"properties":{"a":173,"v":-343,"dh":1.98,"pl":0,"sl":1,"c":455}},{"type":"Feature","geometry":{"type":"Polygon","coordinates":[[[10.61856,59.4562],[10.61843,59.45605],[10.61827,59.45607],[10.6184,59.45616],[10.61856,59.4562]]]},"properties":{"a":119,"v":272,"dh":2.29,"pl":0,"sl":1,"c":456}},{"type":"Feature","geometry":{"type":"Polygon","coordinates":[[[10.61855,59.45647],[10.61857,59.45638],[10.61862,59.45635],[10.61853,59.45624],[10.6184,59.45622],[10.61842,59.45627],[10.61835,59.4563],[10.61837,59.45636],[10.61844,59.45638],[10.61845,59.45645],[10.61855,59.45647]]]},"properties":{"a":245,"v":580,"dh":2.37,"pl":0,"sl":1,"c":456}},{"type":"Feature","geometry":{"type":"Polygon","coordinates":[[[10.61894,59.45787],[10.61908,59.45788],[10.61908,59.4578],[10.61888,59.4577],[10.61889,59.45767],[10.61893,59.45771],[10.61905,59.45771],[10.61901,59.45754],[10.61894,59.45752],[10.61884,59.4576],[10.61882,59.45771],[10.61876,59.45776],[10.61881,59.45781],[10.61899,59.45778],[10.61901,59.45782],[10.61894,59.45787]]]},"properties":{"a":373,"v":1078,"dh":2.89,"pl":0,"sl":1,"c":457}},{"type":"Feature","geometry":{"type":"Polygon","coordinates":[[[10.619,59.45803],[10.61885,59.45786],[10.61878,59.45785],[10.61873,59.4579],[10.61875,59.45796],[10.61885,59.45796],[10.61889,59.45803],[10.619,59.45803]]]},"properties":{"a":130,"v":430,"dh":3.31,"pl":0,"sl":1,"c":457}},{"type":"Feature","geometry":{"type":"Polygon","coordinates":[[[10.64787,59.45089],[10.64799,59.45078],[10.648,59.45067],[10.64793,59.45066],[10.6479,59.4508],[10.64776,59.45088],[10.64787,59.45089]]]},"properties":{"a":117,"v":178,"dh":1.53,"pl":0,"sl":1,"c":458}},{"type":"Feature","geometry":{"type":"Polygon","coordinates":[[[10.65266,59.45222],[10.65268,59.45212],[10.6524,59.45185],[10.65246,59.45202],[10.65261,59.45222],[10.65266,59.45222]]]},"properties":{"a":182,"v":-338,"dh":1.86,"pl":0,"sl":1,"c":459}},{"type":"Feature","geometry":{"type":"Polygon","coordinates":[[[10.65074,59.45402],[10.6508,59.45392],[10.65069,59.45378],[10.6506,59.45376],[10.65063,59.45388],[10.65074,59.45402]]]},"properties":{"a":170,"v":282,"dh":1.66,"pl":0,"fo":1,"c":460}},{"type":"Feature","geometry":{"type":"Polygon","coordinates":[[[10.6527,59.45737],[10.6526,59.45714],[10.65249,59.45707],[10.65253,59.4572],[10.6527,59.45737]]]},"properties":{"a":118,"v":-196,"dh":1.66,"pl":0,"sl":1,"c":461}},{"type":"Feature","geometry":{"type":"Polygon","coordinates":[[[10.65151,59.45791],[10.65289,59.45789],[10.65271,59.45785],[10.65151,59.45791]]]},"properties":{"a":309,"v":753,"dh":2.44,"pl":0,"fo":1,"c":462}},{"type":"Feature","geometry":{"type":"Polygon","coordinates":[[[10.65373,59.45788],[10.65396,59.45788],[10.65458,59.45788],[10.65405,59.45784],[10.65373,59.45788]]]},"properties":{"a":179,"v":-319,"dh":1.78,"pl":0,"fo":1,"c":462}},{"type":"Feature","geometry":{"type":"Polygon","coordinates":[[[10.64482,59.45883],[10.64512,59.45887],[10.64499,59.45879],[10.64482,59.45883]]]},"properties":{"a":107,"v":310,"dh":2.9,"pl":0,"sl":1,"c":463}},{"type":"Feature","geometry":{"type":"MultiPolygon","coordinates":[[[[10.64579,59.45923],[10.64581,59.45924],[10.64581,59.45923],[10.64579,59.45923]]],[[[10.64581,59.45924],[10.64589,59.45925],[10.64589,59.45924],[10.64581,59.45924]]],[[[10.64609,59.45937],[10.64602,59.45925],[10.64589,59.45925],[10.6459,59.45929],[10.64609,59.45937]]],[[[10.64609,59.45938],[10.64611,59.45937],[10.64609,59.45937],[10.64609,59.45938]]],[[[10.64611,59.45938],[10.64637,59.45952],[10.64647,59.45953],[10.64638,59.45944],[10.64631,59.45945],[10.64629,59.4594],[10.64611,59.45938]]]]},"properties":{"a":168,"v":-251,"dh":1.49,"pl":0,"sl":1,"c":464}},{"type":"Feature","geometry":{"type":"MultiPolygon","coordinates":[[[[10.64798,59.46035],[10.64797,59.4603],[10.64779,59.46022],[10.64791,59.46034],[10.64798,59.46035]]],[[[10.648,59.46036],[10.64818,59.46049],[10.64823,59.4605],[10.64818,59.46043],[10.648,59.46036]]]]},"properties":{"a":100,"v":-141,"dh":1.41,"pl":0,"sl":1,"c":465}},{"type":"Feature","geometry":{"type":"MultiPolygon","coordinates":[[[[10.64834,59.46059],[10.64839,59.46054],[10.6483,59.46053],[10.64834,59.46059]]],[[[10.64838,59.4606],[10.6485,59.46067],[10.64849,59.46072],[10.64867,59.46082],[10.64863,59.46072],[10.64856,59.46069],[10.64857,59.46066],[10.64838,59.4606]]]]},"properties":{"a":134,"v":-300,"dh":2.24,"pl":0,"sl":1,"c":465}},{"type":"Feature","geometry":{"type":"Polygon","coordinates":[[[10.63301,59.45298],[10.63305,59.45295],[10.63276,59.45286],[10.6328,59.45293],[10.63301,59.45298]]]},"properties":{"a":102,"v":138,"dh":1.35,"pl":0,"fo":1,"c":466}},{"type":"Feature","geometry":{"type":"Polygon","coordinates":[[[10.63145,59.45352],[10.63182,59.45357],[10.63187,59.45352],[10.6318,59.45349],[10.63182,59.45344],[10.63158,59.45334],[10.63144,59.45336],[10.6315,59.45349],[10.63145,59.45352]]]},"properties":{"a":408,"v":418,"dh":1.02,"pl":0,"fo":1,"c":467}},{"type":"Feature","geometry":{"type":"Polygon","coordinates":[[[10.63169,59.45623],[10.63174,59.45618],[10.6317,59.45612],[10.63182,59.45598],[10.63168,59.456],[10.63161,59.45607],[10.63161,59.45619],[10.63169,59.45623]]]},"properties":{"a":172,"v":496,"dh":2.89,"pl":0,"sl":1,"c":468}},{"type":"Feature","geometry":{"type":"Polygon","coordinates":[[[10.64387,59.45857],[10.64388,59.45846],[10.64402,59.45851],[10.64391,59.45837],[10.64386,59.45837],[10.64388,59.45843],[10.64374,59.45844],[10.64372,59.4585],[10.64376,59.45856],[10.64387,59.45857]]]},"properties":{"a":184,"v":494,"dh":2.68,"pl":0,"fo":1,"c":469}},{"type":"Feature","geometry":{"type":"Polygon","coordinates":[[[10.6401,59.46027],[10.6399,59.46017],[10.6398,59.46022],[10.63991,59.46026],[10.6401,59.46027]]]},"properties":{"a":100,"v":136,"dh":1.36,"pl":0,"fo":1,"c":470}},{"type":"Feature","geometry":{"type":"Polygon","coordinates":[[[10.63029,59.46133],[10.63036,59.46128],[10.63023,59.4612],[10.63026,59.46111],[10.63008,59.46108],[10.63016,59.46115],[10.63017,59.46129],[10.63029,59.46133]]]},"properties":{"a":181,"v":162,"dh":0.89,"pl":0,"sh":1,"c":471}},{"type":"Feature","geometry":{"type":"Polygon","coordinates":[[[10.63842,59.46159],[10.63843,59.46152],[10.63836,59.46148],[10.63838,59.46141],[10.63829,59.46139],[10.63832,59.4614],[10.63829,59.46144],[10.63831,59.46158],[10.63842,59.46159]]]},"properties":{"a":111,"v":185,"dh":1.67,"pl":0,"sl":1,"c":472}},{"type":"Feature","geometry":{"type":"Polygon","coordinates":[[[10.63272,59.46342],[10.6327,59.46339],[10.63271,59.46321],[10.63257,59.46329],[10.63258,59.46337],[10.63272,59.46342]]]},"properties":{"a":145,"v":178,"dh":1.23,"pl":0,"fo":1,"c":473}},{"type":"Feature","geometry":{"type":"Polygon","coordinates":[[[10.63995,59.46336],[10.64022,59.46333],[10.64005,59.46325],[10.63993,59.46327],[10.63995,59.46336]]]},"properties":{"a":151,"v":253,"dh":1.68,"pl":0,"fo":1,"c":474}},{"type":"Feature","geometry":{"type":"Polygon","coordinates":[[[10.63722,59.46449],[10.63736,59.4642],[10.63736,59.46412],[10.63723,59.46405],[10.63657,59.46389],[10.63636,59.46391],[10.63623,59.46403],[10.63639,59.46408],[10.63643,59.46414],[10.63685,59.46424],[10.63713,59.46449],[10.63722,59.46449]],[[10.63656,59.46399],[10.63658,59.46398],[10.63658,59.46399],[10.63656,59.46399]]]},"properties":{"a":1997,"v":2908,"dh":1.46,"pl":0,"fo":1,"c":486}},{"type":"Feature","geometry":{"type":"Polygon","coordinates":[[[10.64992,59.46364],[10.65001,59.46359],[10.64965,59.46361],[10.64965,59.46363],[10.64992,59.46364]]]},"properties":{"a":107,"v":232,"dh":2.16,"pl":0,"fo":1,"c":475}},{"type":"Feature","geometry":{"type":"Polygon","coordinates":[[[10.64793,59.46558],[10.64782,59.46551],[10.64789,59.46542],[10.64787,59.46533],[10.64771,59.46539],[10.6477,59.46545],[10.64775,59.46552],[10.64772,59.46555],[10.64793,59.46558]]]},"properties":{"a":182,"v":184,"dh":1.01,"pl":0,"fo":1,"c":476}},{"type":"Feature","geometry":{"type":"Polygon","coordinates":[[[10.64834,59.4664],[10.64858,59.46628],[10.64828,59.46622],[10.64805,59.46628],[10.64799,59.46635],[10.64804,59.4664],[10.64834,59.4664]]]},"properties":{"a":440,"v":962,"dh":2.19,"pl":0,"fo":1,"c":477}},{"type":"Feature","geometry":{"type":"Polygon","coordinates":[[[10.65138,59.46834],[10.65148,59.46821],[10.65181,59.46801],[10.65179,59.46794],[10.65163,59.46794],[10.65141,59.46806],[10.65119,59.46805],[10.65104,59.46811],[10.65116,59.46813],[10.65131,59.46834],[10.65138,59.46834]]]},"properties":{"a":805,"v":1288,"dh":1.6,"pl":0,"fo":1,"c":479}},{"type":"Feature","geometry":{"type":"Polygon","coordinates":[[[10.64549,59.46898],[10.64575,59.46892],[10.64574,59.46881],[10.64557,59.46882],[10.64562,59.46888],[10.64545,59.46894],[10.64549,59.46898]]]},"properties":{"a":189,"v":-356,"dh":1.88,"pl":0,"fo":1,"c":478}},{"type":"Feature","geometry":{"type":"MultiPolygon","coordinates":[[[[10.65288,59.46868],[10.6529,59.46864],[10.65283,59.46874],[10.65292,59.46869],[10.65288,59.46868]]],[[[10.65294,59.46871],[10.65285,59.46881],[10.65284,59.46895],[10.65269,59.46906],[10.65209,59.469],[10.65181,59.46913],[10.65157,59.46916],[10.65153,59.4692],[10.65178,59.46922],[10.65218,59.4691],[10.65236,59.46912],[10.65223,59.46934],[10.65202,59.46947],[10.65194,59.46963],[10.65212,59.46967],[10.65203,59.4697],[10.65211,59.46975],[10.65217,59.46963],[10.65233,59.46964],[10.65251,59.46961],[10.65247,59.4696],[10.65248,59.46955],[10.65277,59.46955],[10.65284,59.46968],[10.65269,59.46978],[10.65282,59.46986],[10.6528,59.46991],[10.65268,59.46992],[10.65254,59.47003],[10.65235,59.47001],[10.65249,59.47006],[10.65258,59.47004],[10.65285,59.47009],[10.653,59.47002],[10.65295,59.46998],[10.65307,59.46989],[10.65306,59.4698],[10.65323,59.46963],[10.65321,59.46958],[10.65336,59.46941],[10.65339,59.46926],[10.65344,59.46925],[10.65344,59.46916],[10.65359,59.46906],[10.65369,59.46889],[10.65381,59.46883],[10.65392,59.46868],[10.65424,59.4686],[10.65441,59.46847],[10.65439,59.46842],[10.65447,59.46835],[10.65445,59.46831],[10.65459,59.46827],[10.65466,59.46819],[10.65453,59.46816],[10.65445,59.4682],[10.65427,59.46809],[10.65418,59.46809],[10.65369,59.46826],[10.65342,59.46817],[10.65353,59.46815],[10.65351,59.46808],[10.6534,59.46805],[10.65342,59.46808],[10.65338,59.46809],[10.6534,59.46796],[10.65314,59.4678],[10.65295,59.46779],[10.65271,59.4677],[10.65247,59.46771],[10.65243,59.46765],[10.65183,59.46774],[10.65178,59.46784],[10.65193,59.46791],[10.65195,59.46796],[10.65271,59.468],[10.65314,59.46809],[10.65323,59.4682],[10.65318,59.46825],[10.6532,59.46835],[10.65309,59.46853],[10.65295,59.46863],[10.65294,59.46871]]]]},"properties":{"a":14673,"v":52339,"dh":3.57,"pl":0,"c":479}},{"type":"Feature","geometry":{"type":"Polygon","coordinates":[[[10.6495,59.47029],[10.64946,59.47022],[10.64952,59.47018],[10.64939,59.47016],[10.64934,59.4702],[10.64936,59.47028],[10.6495,59.47029]]]},"properties":{"a":107,"v":150,"dh":1.4,"pl":0,"c":480}},{"type":"Feature","geometry":{"type":"Polygon","coordinates":[[[10.65062,59.47041],[10.65072,59.47036],[10.65099,59.47036],[10.65099,59.47033],[10.65086,59.47024],[10.65046,59.4703],[10.65046,59.47036],[10.65053,59.47034],[10.65062,59.47041]]]},"properties":{"a":344,"v":432,"dh":1.25,"pl":0,"fo":1,"c":481}},{"type":"Feature","geometry":{"type":"Polygon","coordinates":[[[10.65007,59.47115],[10.6503,59.47104],[10.6503,59.47103],[10.64996,59.47098],[10.64995,59.47105],[10.65007,59.47103],[10.65007,59.47115]]]},"properties":{"a":170,"v":140,"dh":0.82,"pl":0,"sh":1,"c":482}},{"type":"Feature","geometry":{"type":"Polygon","coordinates":[[[10.64806,59.47212],[10.64811,59.47207],[10.64807,59.47207],[10.64808,59.47196],[10.64803,59.47194],[10.64789,59.47206],[10.64806,59.47212]]]},"properties":{"a":124,"v":102,"dh":0.83,"pl":0,"sh":1,"c":493}},{"type":"Feature","geometry":{"type":"Polygon","coordinates":[[[10.62585,59.47865],[10.62588,59.47857],[10.6258,59.4785],[10.62563,59.4785],[10.62576,59.47858],[10.62576,59.47865],[10.62585,59.47865]]]},"properties":{"a":129,"v":129,"dh":1.0,"pl":0,"sh":1,"c":483}},{"type":"Feature","geometry":{"type":"Polygon","coordinates":[[[10.64104,59.46424],[10.64109,59.46418],[10.6408,59.46417],[10.64086,59.46424],[10.64104,59.46424]]]},"properties":{"a":113,"v":212,"dh":1.88,"pl":0,"fo":1,"c":484}},{"type":"Feature","geometry":{"type":"Polygon","coordinates":[[[10.63644,59.46447],[10.63653,59.46444],[10.63633,59.4644],[10.63633,59.46435],[10.63614,59.4644],[10.63644,59.46447]]]},"properties":{"a":147,"v":158,"dh":1.07,"pl":0,"fo":1,"c":485}},{"type":"Feature","geometry":{"type":"Polygon","coordinates":[[[10.63782,59.46481],[10.63783,59.46469],[10.63749,59.46464],[10.63766,59.46474],[10.63782,59.46481]]]},"properties":{"a":163,"v":-171,"dh":1.05,"pl":0,"c":486}},{"type":"Feature","geometry":{"type":"MultiPolygon","coordinates":[[[[10.64188,59.46455],[10.6419,59.46456],[10.6419,59.46455],[10.64188,59.46455]]],[[[10.64188,59.46456],[10.64183,59.46458],[10.64187,59.46458],[10.64188,59.46456]]],[[[10.64181,59.46458],[10.64183,59.46459],[10.64183,59.46458],[10.64181,59.46458]]],[[[10.64181,59.4646],[10.6418,59.46459],[10.6418,59.4646],[10.64181,59.4646]]],[[[10.64178,59.4646],[10.6418,59.46461],[10.6418,59.4646],[10.64178,59.4646]]],[[[10.64178,59.46462],[10.64176,59.46461],[10.64176,59.46462],[10.64178,59.46462]]],[[[10.64173,59.46462],[10.64176,59.46463],[10.64176,59.46462],[10.64173,59.46462]]],[[[10.64349,59.46494],[10.64347,59.4649],[10.64277,59.46473],[10.64241,59.46455],[10.64211,59.46449],[10.64209,59.46444],[10.64195,59.46445],[10.6419,59.46452],[10.64207,59.46451],[10.64217,59.46458],[10.64272,59.46476],[10.64349,59.46494]]]]},"properties":{"a":557,"v":-791,"dh":1.42,"pl":0,"c":487}},{"type":"Feature","geometry":{"type":"MultiPolygon","coordinates":[[[[10.64357,59.46489],[10.64385,59.4648],[10.64403,59.4648],[10.64472,59.46491],[10.64444,59.46482],[10.64392,59.46476],[10.64357,59.46485],[10.64357,59.46489]]],[[[10.64354,59.4649],[10.64357,59.46489],[10.64354,59.46489],[10.64354,59.4649]]],[[[10.64479,59.46492],[10.64472,59.46491],[10.64483,59.46494],[10.64479,59.46492]]],[[[10.64485,59.46495],[10.64483,59.46494],[10.64483,59.46495],[10.64485,59.46495]]]]},"properties":{"a":188,"v":-193,"dh":1.03,"pl":0,"c":487}},{"type":"Feature","geometry":{"type":"MultiPolygon","coordinates":[[[[10.64163,59.46844],[10.64172,59.46842],[10.64205,59.46847],[10.64203,59.46844],[10.64173,59.4684],[10.64171,59.46833],[10.64153,59.46832],[10.64163,59.46844]]],[[[10.64158,59.46844],[10.64154,59.4685],[10.64163,59.4685],[10.64163,59.46845],[10.64158,59.46844]]]]},"properties":{"a":200,"v":331,"dh":1.66,"pl":0,"sl":1,"c":488}},{"type":"Feature","geometry":{"type":"Polygon","coordinates":[[[10.64146,59.46929],[10.64154,59.46917],[10.64141,59.46909],[10.64133,59.46919],[10.64146,59.46929]]]},"properties":{"a":145,"v":155,"dh":1.07,"pl":0,"fo":1,"c":489}},{"type":"Feature","geometry":{"type":"Polygon","coordinates":[[[10.63973,59.47034],[10.63976,59.47024],[10.63972,59.4701],[10.63966,59.47012],[10.63967,59.47034],[10.63973,59.47034]]]},"properties":{"a":100,"v":-114,"dh":1.14,"pl":0,"c":490}},{"type":"Feature","geometry":{"type":"Polygon","coordinates":[[[10.64019,59.47073],[10.64029,59.4707],[10.64015,59.47063],[10.64014,59.47051],[10.64021,59.47042],[10.64006,59.4704],[10.64001,59.47026],[10.63982,59.47011],[10.63977,59.47011],[10.63975,59.47039],[10.63979,59.47054],[10.63999,59.47069],[10.64019,59.47073]],[[10.6401,59.47046],[10.64012,59.47045],[10.64012,59.47046],[10.6401,59.47046]]]},"properties":{"a":1018,"v":1592,"dh":1.56,"pl":0,"c":490}},{"type":"Feature","geometry":{"type":"Polygon","coordinates":[[[10.64123,59.47286],[10.64118,59.47274],[10.64127,59.47264],[10.64114,59.47251],[10.64105,59.4725],[10.64097,59.47259],[10.64097,59.47276],[10.6411,59.47285],[10.64123,59.47286]]]},"properties":{"a":452,"v":729,"dh":1.61,"pl":0,"fo":1,"c":491}},{"type":"Feature","geometry":{"type":"Polygon","coordinates":[[[10.65118,59.47281],[10.65134,59.47279],[10.65142,59.4727],[10.65133,59.47267],[10.65138,59.47258],[10.65125,59.4725],[10.65104,59.47254],[10.6511,59.47234],[10.65132,59.47236],[10.65138,59.47233],[10.65138,59.47228],[10.65187,59.47212],[10.65185,59.47207],[10.65194,59.47205],[10.65192,59.47202],[10.65187,59.47206],[10.65172,59.47205],[10.65178,59.47204],[10.65184,59.47189],[10.65189,59.47187],[10.65182,59.47184],[10.65182,59.47177],[10.65189,59.47173],[10.65188,59.47169],[10.65199,59.4717],[10.65205,59.47178],[10.652,59.47188],[10.65191,59.47191],[10.65219,59.47188],[10.65228,59.47192],[10.65238,59.47181],[10.65239,59.47165],[10.6523,59.4716],[10.65214,59.47161],[10.65218,59.47153],[10.65199,59.47144],[10.65171,59.47144],[10.65163,59.47148],[10.65177,59.4715],[10.65175,59.47154],[10.65182,59.47156],[10.65185,59.47163],[10.65176,59.47174],[10.65143,59.47186],[10.65146,59.47175],[10.65139,59.47173],[10.6514,59.47184],[10.65134,59.47187],[10.65111,59.47186],[10.65126,59.47192],[10.65123,59.47197],[10.65129,59.4719],[10.65138,59.4719],[10.65139,59.47201],[10.65144,59.47203],[10.6513,59.47207],[10.65124,59.47199],[10.65105,59.47203],[10.65102,59.47215],[10.65106,59.47222],[10.65096,59.47221],[10.651,59.47238],[10.65088,59.47244],[10.65099,59.47252],[10.65087,59.47255],[10.65087,59.4726],[10.65108,59.47266],[10.65109,59.47275],[10.65118,59.47281]],[[10.65134,59.47216],[10.65127,59.4721],[10.65136,59.47209],[10.65134,59.47216]],[[10.65164,59.47209],[10.65169,59.47206],[10.65171,59.47206],[10.65167,59.4721],[10.65164,59.47209]],[[10.65142,59.4719],[10.65147,59.47187],[10.65149,59.47188],[10.65145,59.47193],[10.65142,59.4719]]]},"properties":{"a":3876,"v":6590,"dh":1.7,"pl":0,"c":492}},{"type":"Feature","geometry":{"type":"Polygon","coordinates":[[[10.65134,59.47253],[10.65153,59.47248],[10.65153,59.47244],[10.6513,59.47246],[10.65134,59.47253]]]},"properties":{"a":109,"v":-129,"dh":1.18,"pl":0,"fo":1,"c":492}},{"type":"Feature","geometry":{"type":"Polygon","coordinates":[[[10.64762,59.47294],[10.64779,59.4729],[10.64765,59.47285],[10.64763,59.47282],[10.64774,59.47281],[10.64782,59.47266],[10.64776,59.47259],[10.64756,59.47251],[10.64752,59.47241],[10.64738,59.47231],[10.64702,59.47232],[10.64694,59.47241],[10.64662,59.47235],[10.64653,59.4724],[10.64655,59.47245],[10.64636,59.47249],[10.64639,59.4726],[10.64644,59.47261],[10.64642,59.47268],[10.64653,59.47272],[10.64661,59.47279],[10.64659,59.47282],[10.64762,59.47294]],[[10.64677,59.47251],[10.6468,59.47252],[10.64677,59.47252],[10.64677,59.47251]],[[10.64677,59.47251],[10.64675,59.4725],[10.64677,59.4725],[10.64677,59.47251]]]},"properties":{"a":4030,"v":3855,"dh":0.96,"pl":0,"c":493}},{"type":"Feature","geometry":{"type":"Polygon","coordinates":[[[10.64561,59.47379],[10.64568,59.47373],[10.64545,59.47377],[10.6454,59.47374],[10.64528,59.47376],[10.64515,59.47369],[10.64522,59.47378],[10.64561,59.47379]]]},"properties":{"a":145,"v":253,"dh":1.74,"pl":0,"sl":1,"c":494}},{"type":"Feature","geometry":{"type":"Polygon","coordinates":[[[10.65086,59.47384],[10.65103,59.47384],[10.65101,59.47376],[10.65094,59.47373],[10.65078,59.47375],[10.65086,59.47384]]]},"properties":{"a":134,"v":168,"dh":1.26,"pl":0,"fo":1,"c":495}},{"type":"Feature","geometry":{"type":"Polygon","coordinates":[[[10.65055,59.47398],[10.6506,59.47392],[10.65078,59.47396],[10.65092,59.47392],[10.65077,59.47391],[10.65072,59.4738],[10.65061,59.47378],[10.65042,59.4739],[10.65042,59.47394],[10.65055,59.47398]]]},"properties":{"a":295,"v":322,"dh":1.09,"pl":0,"fo":1,"c":495}},{"type":"Feature","geometry":{"type":"Polygon","coordinates":[[[10.65112,59.47419],[10.65117,59.47408],[10.65108,59.47404],[10.65092,59.47406],[10.65105,59.4741],[10.651,59.47414],[10.65112,59.47419]]]},"properties":{"a":121,"v":104,"dh":0.86,"pl":0,"sh":1,"c":496}},{"type":"Feature","geometry":{"type":"Polygon","coordinates":[[[10.65371,59.47467],[10.65388,59.47464],[10.6539,59.47459],[10.65384,59.47456],[10.65372,59.47457],[10.65371,59.47467]]]},"properties":{"a":115,"v":175,"dh":1.52,"pl":0,"fo":1,"c":497}},{"type":"Feature","geometry":{"type":"Polygon","coordinates":[[[10.64679,59.47522],[10.64683,59.47515],[10.64677,59.47508],[10.64661,59.47502],[10.64642,59.47504],[10.64646,59.47516],[10.64667,59.47517],[10.64679,59.47522]]]},"properties":{"a":302,"v":-463,"dh":1.53,"pl":0,"fo":1,"c":498}},{"type":"Feature","geometry":{"type":"Polygon","coordinates":[[[10.64605,59.47548],[10.64677,59.47536],[10.64687,59.47521],[10.64671,59.47527],[10.64668,59.47532],[10.64659,59.47529],[10.64658,59.47522],[10.64636,59.47528],[10.64607,59.47527],[10.64606,59.47532],[10.6462,59.47536],[10.6461,59.47539],[10.64605,59.47548]]]},"properties":{"a":760,"v":991,"dh":1.3,"pl":0,"fo":1,"c":498}},{"type":"Feature","geometry":{"type":"Polygon","coordinates":[[[10.63279,59.47298],[10.6331,59.47303],[10.63288,59.47293],[10.63279,59.47298]]]},"properties":{"a":105,"v":-132,"dh":1.26,"pl":0,"fo":1,"c":499}},{"type":"Feature","geometry":{"type":"Polygon","coordinates":[[[10.63445,59.47369],[10.63443,59.47366],[10.63387,59.47341],[10.63411,59.47356],[10.63445,59.47369]]]},"properties":{"a":104,"v":-100,"dh":0.96,"pl":0,"sh":1,"c":500}},{"type":"Feature","geometry":{"type":"Polygon","coordinates":[[[10.64519,59.47455],[10.64538,59.47452],[10.64536,59.47448],[10.64508,59.47444],[10.64519,59.47455]]]},"properties":{"a":120,"v":-115,"dh":0.96,"pl":0,"sh":1,"c":501}},{"type":"Feature","geometry":{"type":"Polygon","coordinates":[[[10.63508,59.47635],[10.63523,59.47633],[10.6352,59.47628],[10.63507,59.4762],[10.635,59.47623],[10.63508,59.47635]]]},"properties":{"a":113,"v":100,"dh":0.88,"pl":0,"sh":1,"c":502}},{"type":"Feature","geometry":{"type":"Polygon","coordinates":[[[10.64526,59.47637],[10.6454,59.47631],[10.6454,59.47626],[10.64527,59.47615],[10.64513,59.47615],[10.64499,59.47626],[10.64507,59.47636],[10.64526,59.47637]]]},"properties":{"a":419,"v":807,"dh":1.93,"pl":0,"c":503}},{"type":"Feature","geometry":{"type":"Polygon","coordinates":[[[10.64453,59.47773],[10.64465,59.47767],[10.64466,59.47752],[10.64456,59.47754],[10.64453,59.47773]]]},"properties":{"a":123,"v":-133,"dh":1.08,"pl":0,"fo":1,"c":504}},{"type":"Feature","geometry":{"type":"Polygon","coordinates":[[[10.63065,59.47822],[10.63093,59.47818],[10.63092,59.47809],[10.63067,59.47805],[10.63065,59.47822]],[[10.63073,59.47812],[10.63076,59.47811],[10.63076,59.47812],[10.63073,59.47812]]]},"properties":{"a":209,"v":-199,"dh":0.95,"pl":0,"sh":1,"c":505}},{"type":"Feature","geometry":{"type":"MultiPolygon","coordinates":[[[[10.64558,59.48119],[10.64537,59.48106],[10.64537,59.48116],[10.64548,59.48117],[10.64537,59.48123],[10.6454,59.48139],[10.64551,59.48141],[10.64549,59.48132],[10.64557,59.4813],[10.64558,59.48119]],[[10.64545,59.48124],[10.64548,59.48123],[10.6455,59.48128],[10.64547,59.48128],[10.64545,59.48124]],[[10.6454,59.4811],[10.64542,59.48112],[10.6454,59.48112],[10.6454,59.4811]]],[[[10.64564,59.4812],[10.6456,59.48121],[10.64564,59.48122],[10.64564,59.4812]]]]},"properties":{"a":279,"v":-680,"dh":2.44,"pl":0,"sl":1,"c":506}},{"type":"Feature","geometry":{"type":"Polygon","coordinates":[[[10.64129,59.48192],[10.64138,59.48184],[10.64108,59.48187],[10.64112,59.48192],[10.64129,59.48192]]]},"properties":{"a":131,"v":161,"dh":1.23,"pl":1,"pn":"NORDRE JELØY - NES CAMPING","pd":"2001-05-22","c":507}},{"type":"Feature","geometry":{"type":"Polygon","coordinates":[[[10.6451,59.48399],[10.64503,59.48387],[10.64489,59.48387],[10.64496,59.48395],[10.6451,59.48399]]]},"properties":{"a":101,"v":165,"dh":1.64,"pl":0,"fo":1,"c":508}},{"type":"Feature","geometry":{"type":"MultiPolygon","coordinates":[[[[10.64813,59.47722],[10.64807,59.47718],[10.64774,59.47717],[10.64809,59.47724],[10.64813,59.47722]]],[[[10.64823,59.47723],[10.64801,59.47728],[10.64773,59.47745],[10.64813,59.47727],[10.6482,59.47731],[10.64827,59.47728],[10.64823,59.47723]]]]},"properties":{"a":206,"v":-347,"dh":1.68,"pl":0,"sl":1,"c":509}},{"type":"Feature","geometry":{"type":"Polygon","coordinates":[[[10.64765,59.47745],[10.64796,59.47732],[10.64799,59.47728],[10.64781,59.47728],[10.64773,59.47739],[10.64763,59.47742],[10.64765,59.47745]]]},"properties":{"a":152,"v":321,"dh":2.11,"pl":0,"fo":1,"c":510}},{"type":"Feature","geometry":{"type":"Polygon","coordinates":[[[10.65471,59.47859],[10.655,59.47845],[10.65499,59.47827],[10.65508,59.47813],[10.65522,59.47815],[10.65528,59.47792],[10.65502,59.47801],[10.65477,59.47797],[10.65476,59.47789],[10.65454,59.47756],[10.65453,59.47747],[10.65438,59.47731],[10.65438,59.47718],[10.65423,59.4771],[10.6542,59.47712],[10.6542,59.47725],[10.65433,59.47742],[10.65436,59.47759],[10.65442,59.47768],[10.65451,59.47771],[10.65455,59.47782],[10.65464,59.47785],[10.65468,59.47795],[10.65465,59.47805],[10.65456,59.4781],[10.65458,59.47818],[10.65448,59.47828],[10.65449,59.47834],[10.65459,59.47829],[10.65475,59.47836],[10.65449,59.4785],[10.65471,59.47859]]]},"properties":{"a":2525,"v":4547,"dh":1.8,"pl":0,"c":511}},{"type":"Feature","geometry":{"type":"Polygon","coordinates":[[[10.65229,59.47897],[10.65243,59.47889],[10.65244,59.47879],[10.65234,59.47879],[10.65222,59.47888],[10.65222,59.47894],[10.65229,59.47897]]]},"properties":{"a":180,"v":384,"dh":2.13,"pl":0,"fo":1,"c":512}},{"type":"Feature","geometry":{"type":"Polygon","coordinates":[[[10.6522,59.47961],[10.65229,59.47956],[10.6523,59.47951],[10.65212,59.4795],[10.65213,59.4796],[10.6522,59.47961]]]},"properties":{"a":106,"v":184,"dh":1.73,"pl":0,"fo":1,"c":513}},{"type":"Feature","geometry":{"type":"Polygon","coordinates":[[[10.64595,59.48107],[10.64632,59.48102],[10.64635,59.48098],[10.64605,59.48093],[10.64589,59.48103],[10.64595,59.48107]]]},"properties":{"a":204,"v":423,"dh":2.07,"pl":0,"fo":1,"c":514}},{"type":"Feature","geometry":{"type":"Polygon","coordinates":[[[10.64803,59.48109],[10.64824,59.48107],[10.64844,59.48098],[10.64814,59.48101],[10.64803,59.48109]]]},"properties":{"a":110,"v":194,"dh":1.76,"pl":0,"sl":1,"c":515}},{"type":"Feature","geometry":{"type":"MultiPolygon","coordinates":[[[[10.65313,59.48134],[10.65311,59.48135],[10.65313,59.48135],[10.65313,59.48134]]],[[[10.65313,59.48135],[10.65319,59.48143],[10.65312,59.48145],[10.6531,59.48151],[10.65329,59.48161],[10.65319,59.48152],[10.65324,59.4815],[10.65321,59.48143],[10.65326,59.48142],[10.6532,59.48135],[10.65313,59.48135]]]]},"properties":{"a":120,"v":-159,"dh":1.32,"pl":0,"sl":1,"c":516}},{"type":"Feature","geometry":{"type":"MultiPolygon","coordinates":[[[[10.64738,59.48286],[10.64734,59.48284],[10.64734,59.48286],[10.64738,59.48286]]],[[[10.64734,59.48286],[10.64733,59.48287],[10.64734,59.48286],[10.64734,59.48286]]],[[[10.64727,59.48287],[10.64714,59.48298],[10.64703,59.48299],[10.64698,59.48308],[10.64678,59.48321],[10.6467,59.48334],[10.64653,59.48346],[10.64653,59.48355],[10.64663,59.48348],[10.64659,59.48343],[10.64673,59.48339],[10.64689,59.48327],[10.64688,59.4832],[10.647,59.48316],[10.64709,59.48307],[10.64707,59.483],[10.64716,59.48301],[10.64735,59.4829],[10.64727,59.48287]],[[10.64673,59.48335],[10.64675,59.48334],[10.64675,59.48335],[10.64673,59.48335]]]]},"properties":{"a":386,"v":-1557,"dh":4.03,"pl":0,"sl":1,"c":517}},{"type":"Feature","geometry":{"type":"Polygon","coordinates":[[[10.64918,59.4839],[10.64956,59.48388],[10.64963,59.48381],[10.64918,59.4839]]]},"properties":{"a":114,"v":161,"dh":1.41,"pl":0,"fo":1,"c":518}},{"type":"Feature","geometry":{"type":"Polygon","coordinates":[[[10.66812,59.4416],[10.66846,59.4416],[10.66865,59.44154],[10.66805,59.44155],[10.66812,59.4416]]]},"properties":{"a":217,"v":169,"dh":0.78,"pl":1,"pn":"Verket","pd":"2015-12-14","sh":1,"c":362}},{"type":"Feature","geometry":{"type":"Polygon","coordinates":[[[10.67542,59.4416],[10.67553,59.44161],[10.6755,59.44142],[10.67538,59.44141],[10.67534,59.44144],[10.67545,59.44146],[10.67538,59.44152],[10.67542,59.4416]]]},"properties":{"a":144,"v":179,"dh":1.24,"pl":1,"pn":"Verksåsen","pd":"2019-06-18","fo":1,"c":321}},{"type":"Feature","geometry":{"type":"Polygon","coordinates":[[[10.66977,59.44208],[10.67017,59.442],[10.66998,59.44176],[10.66989,59.44174],[10.66984,59.44167],[10.66975,59.44167],[10.66976,59.44159],[10.66964,59.44153],[10.66967,59.44146],[10.66959,59.44142],[10.66957,59.44126],[10.66954,59.44131],[10.66933,59.44134],[10.66933,59.44141],[10.66964,59.44172],[10.66965,59.44188],[10.66959,59.44199],[10.66977,59.44208]]]},"properties":{"a":1535,"v":4478,"dh":2.92,"pl":1,"pn":"Verket","pd":"2015-12-14","c":362}},{"type":"Feature","geometry":{"type":"Polygon","coordinates":[[[10.67569,59.44174],[10.67575,59.44171],[10.67574,59.44162],[10.67554,59.44153],[10.67561,59.44172],[10.67569,59.44174]]]},"properties":{"a":143,"v":-178,"dh":1.24,"pl":1,"pn":"Verksåsen","pd":"2019-06-18","fo":1,"c":321}},{"type":"Feature","geometry":{"type":"MultiPolygon","coordinates":[[[[10.67589,59.44178],[10.67598,59.44172],[10.67597,59.44165],[10.67579,59.44163],[10.67577,59.44174],[10.67589,59.44178]]],[[[10.67586,59.44181],[10.67591,59.44187],[10.67596,59.44185],[10.67589,59.44179],[10.67586,59.44181]]]]},"properties":{"a":182,"v":231,"dh":1.27,"pl":1,"pn":"Verksåsen","pd":"2019-06-18","fo":1,"c":321}},{"type":"Feature","geometry":{"type":"Polygon","coordinates":[[[10.67303,59.44245],[10.67275,59.44215],[10.67275,59.44206],[10.67288,59.44194],[10.67314,59.44188],[10.6731,59.4418],[10.67298,59.44182],[10.67294,59.44176],[10.67282,59.44176],[10.67251,59.4419],[10.67244,59.44199],[10.67242,59.44216],[10.67251,59.44233],[10.67262,59.44238],[10.67267,59.4423],[10.67282,59.4424],[10.67303,59.44245]],[[10.67306,59.44186],[10.67311,59.44185],[10.67311,59.44186],[10.67306,59.44186]]]},"properties":{"a":1433,"v":-2911,"dh":2.03,"pl":1,"pn":"SENTRUM - SAMORDNET REGPLAN JERNBANE/VEG/HAVN","pd":"1999-09-02","fo":1,"c":291}},{"type":"Feature","geometry":{"type":"Polygon","coordinates":[[[10.66879,59.44266],[10.66889,59.4425],[10.66887,59.4424],[10.66865,59.44238],[10.6685,59.44244],[10.66848,59.44248],[10.66867,59.44263],[10.66879,59.44266]]]},"properties":{"a":481,"v":494,"dh":1.03,"pl":1,"pn":"Østfoldbanen VL(Ski)-Moss, Sandbukta - Rygge grense","pd":"2016-11-14","c":366}},{"type":"Feature","geometry":{"type":"Polygon","coordinates":[[[10.67622,59.44283],[10.67629,59.44273],[10.67596,59.44253],[10.676,59.44267],[10.67608,59.44269],[10.67614,59.44283],[10.67622,59.44283]]]},"properties":{"a":235,"v":251,"dh":1.07,"pl":2,"pn":"Sponvika - Verksåsen 2 - felt B1.3 og felt B2.2","pd":"2025-04-08","fo":1,"c":519}},{"type":"Feature","geometry":{"type":"Polygon","coordinates":[[[10.67351,59.44285],[10.67329,59.44275],[10.67325,59.44258],[10.67296,59.44244],[10.67275,59.44239],[10.67273,59.44248],[10.67268,59.44249],[10.6727,59.44255],[10.67316,59.44284],[10.67339,59.44285],[10.67348,59.44295],[10.67384,59.44306],[10.67384,59.44302],[10.67366,59.44295],[10.67367,59.44292],[10.67349,59.44289],[10.67351,59.44285]],[[10.67366,59.44294],[10.67364,59.44293],[10.67365,59.44293],[10.67366,59.44294]],[[10.67349,59.44289],[10.67348,59.4429],[10.67348,59.44289],[10.67349,59.44289]]]},"properties":{"a":1074,"v":1983,"dh":1.85,"pl":1,"pn":"Sponvika","pd":"2015-06-15","fo":1,"c":520}},{"type":"Feature","geometry":{"type":"Polygon","coordinates":[[[10.67006,59.44293],[10.67048,59.44291],[10.67035,59.44272],[10.66994,59.44274],[10.66996,59.44284],[10.67006,59.44293]]]},"properties":{"a":569,"v":-3230,"dh":5.68,"pl":1,"pn":"Østfoldbanen VL(Ski)-Moss, Sandbukta - Rygge grense","pd":"2016-11-14","fo":1,"c":366}},{"type":"Feature","geometry":{"type":"Polygon","coordinates":[[[10.6694,59.44317],[10.66945,59.4431],[10.66921,59.44293],[10.66915,59.44283],[10.66899,59.44285],[10.66932,59.44306],[10.66931,59.44315],[10.6694,59.44317]]]},"properties":{"a":235,"v":264,"dh":1.12,"pl":1,"pn":"Østfoldbanen VL(Ski)-Moss, Sandbukta - Rygge grense","pd":"2016-11-14","c":366}},{"type":"Feature","geometry":{"type":"MultiPolygon","coordinates":[[[[10.66871,59.44289],[10.66878,59.44287],[10.66868,59.44283],[10.66871,59.44289]]],[[[10.66875,59.44289],[10.66877,59.44292],[10.66877,59.44289],[10.66875,59.44289]]],[[[10.66877,59.44292],[10.66898,59.44321],[10.66907,59.44328],[10.66908,59.44314],[10.66894,59.44308],[10.6688,59.44292],[10.66877,59.44292]]]]},"properties":{"a":197,"v":332,"dh":1.68,"pl":1,"pn":"Østfoldbanen VL(Ski)-Moss, Sandbukta - Rygge grense","pd":"2016-11-14","sl":1,"c":366}},{"type":"Feature","geometry":{"type":"MultiPolygon","coordinates":[[[[10.67471,59.44401],[10.67445,59.44396],[10.67428,59.44386],[10.67424,59.44379],[10.67405,59.44371],[10.67401,59.44364],[10.67383,59.44357],[10.67381,59.44348],[10.67366,59.44342],[10.67369,59.44336],[10.67378,59.44336],[10.67376,59.44332],[10.67369,59.44331],[10.67357,59.44337],[10.67327,59.4433],[10.67331,59.44345],[10.67344,59.44353],[10.67346,59.44365],[10.67339,59.44368],[10.67371,59.44378],[10.67368,59.44382],[10.67359,59.44377],[10.67349,59.4438],[10.67349,59.44384],[10.67379,59.44392],[10.67384,59.44391],[10.67377,59.44387],[10.67393,59.44391],[10.67391,59.44386],[10.67396,59.44385],[10.6744,59.44407],[10.6744,59.44411],[10.67421,59.44408],[10.67424,59.44416],[10.67437,59.44416],[10.67455,59.44431],[10.67464,59.44428],[10.6744,59.44412],[10.67451,59.44411],[10.67467,59.44425],[10.6748,59.44425],[10.67484,59.44414],[10.67463,59.44405],[10.67463,59.44401],[10.67471,59.44402],[10.67471,59.44401]],[[10.67369,59.44372],[10.67359,59.44368],[10.67357,59.44366],[10.67364,59.44365],[10.67369,59.44372]],[[10.67397,59.44367],[10.67399,59.44368],[10.67397,59.44368],[10.67397,59.44367]]],[[[10.67459,59.44396],[10.67455,59.44397],[10.67459,59.44397],[10.67459,59.44396]]]]},"properties":{"a":2536,"v":4388,"dh":1.73,"pl":1,"pn":"MOSSESKOGEN - RØYSÅSEN SYD","pd":"2002-05-28","c":521}},{"type":"Feature","geometry":{"type":"MultiPolygon","coordinates":[[[[10.67127,59.44393],[10.67139,59.44396],[10.67148,59.44391],[10.67148,59.44386],[10.67132,59.44381],[10.67125,59.44387],[10.67127,59.44393]]],[[[10.67124,59.44394],[10.6712,59.44391],[10.67118,59.44393],[10.67124,59.44394]]]]},"properties":{"a":166,"v":137,"dh":0.83,"pl":1,"pn":"MOSSESKOGEN - RØYSÅSEN SYD","pd":"2002-05-28","sh":1,"c":521}},{"type":"Feature","geometry":{"type":"Polygon","coordinates":[[[10.6687,59.44412],[10.66881,59.44408],[10.669,59.44407],[10.66893,59.444],[10.66877,59.44399],[10.66863,59.44409],[10.6687,59.44412]]]},"properties":{"a":168,"v":271,"dh":1.61,"pl":1,"pn":"Verket","pd":"2015-12-14","c":362}},{"type":"Feature","geometry":{"type":"MultiPolygon","coordinates":[[[[10.67061,59.44423],[10.67049,59.44412],[10.67051,59.44389],[10.6704,59.44379],[10.67036,59.44367],[10.67027,59.44362],[10.67026,59.44374],[10.67056,59.44428],[10.67075,59.44447],[10.67102,59.44462],[10.67098,59.44455],[10.67077,59.44444],[10.67071,59.44431],[10.67083,59.44433],[10.67098,59.44443],[10.67101,59.4444],[10.67081,59.44429],[10.67072,59.44429],[10.67068,59.4442],[10.67061,59.44423]],[[10.67071,59.44428],[10.67067,59.44431],[10.67067,59.44428],[10.67071,59.44428]],[[10.67065,59.44423],[10.67067,59.44423],[10.67065,59.44423],[10.67065,59.44423]]],[[[10.67081,59.44435],[10.6708,59.44436],[10.67082,59.44436],[10.67081,59.44435]]],[[[10.6711,59.44468],[10.67108,59.44464],[10.67102,59.44462],[10.6711,59.44468]]]]},"properties":{"a":668,"v":907,"dh":1.36,"pl":1,"pn":"MOSSESKOGEN - RØYSÅSEN SYD","pd":"2002-05-28","c":521}},{"type":"Feature","geometry":{"type":"Polygon","coordinates":[[[10.67433,59.44446],[10.67434,59.4444],[10.67416,59.44433],[10.67409,59.44423],[10.67391,59.44421],[10.67404,59.44436],[10.67433,59.44446]]]},"properties":{"a":251,"v":252,"dh":1.0,"pl":1,"pn":"MOSSESKOGEN - RØYSÅSEN SYD","pd":"2002-05-28","c":521}},{"type":"Feature","geometry":{"type":"MultiPolygon","coordinates":[[[[10.67188,59.44486],[10.67154,59.44483],[10.67182,59.44471],[10.67188,59.44451],[10.67148,59.44425],[10.67126,59.44417],[10.67111,59.44397],[10.67104,59.44398],[10.67084,59.44383],[10.67095,59.44383],[10.67095,59.44379],[10.6708,59.4437],[10.67068,59.44372],[10.67051,59.44355],[10.67051,59.44345],[10.6704,59.44339],[10.67032,59.44353],[10.67042,59.44379],[10.67057,59.44395],[10.67052,59.44401],[10.67054,59.44406],[10.67105,59.44441],[10.67109,59.4445],[10.67098,59.44449],[10.67104,59.44462],[10.67126,59.44477],[10.67149,59.44483],[10.67152,59.445],[10.67177,59.44516],[10.67187,59.44531],[10.67199,59.44533],[10.67206,59.44529],[10.67206,59.44522],[10.67193,59.44513],[10.67192,59.44503],[10.67174,59.44492],[10.67176,59.44485],[10.67188,59.44486]]],[[[10.67201,59.44503],[10.67215,59.44499],[10.67215,59.44493],[10.67232,59.44493],[10.67236,59.44486],[10.672,59.44485],[10.67197,59.4448],[10.67188,59.44483],[10.67201,59.44503]]]]},"properties":{"a":5732,"v":-23489,"dh":4.1,"pl":1,"pn":"SENTRUM - SAMORDNET REGPLAN JERNBANE/VEG/HAVN","pd":"1999-09-02","c":291}},{"type":"Feature","geometry":{"type":"Polygon","coordinates":[[[10.67342,59.4445],[10.67355,59.44442],[10.67355,59.44439],[10.67344,59.44438],[10.67331,59.44445],[10.67342,59.4445]]]},"properties":{"a":109,"v":-143,"dh":1.31,"pl":1,"pn":"MOSSESKOGEN - RØYSÅSEN SYD","pd":"2002-05-28","c":521}},{"type":"Feature","geometry":{"type":"Polygon","coordinates":[[[10.67469,59.44459],[10.67469,59.44455],[10.67474,59.44455],[10.6747,59.44452],[10.67472,59.44441],[10.6746,59.44448],[10.67469,59.44459]]]},"properties":{"a":101,"v":120,"dh":1.18,"pl":1,"pn":"MOSSESKOGEN - RØYSÅSEN SYD","pd":"2002-05-28","fo":1,"c":521}},{"type":"Feature","geometry":{"type":"Polygon","coordinates":[[[10.66885,59.44522],[10.66898,59.44504],[10.66891,59.445],[10.66895,59.4448],[10.66883,59.4448],[10.66887,59.44465],[10.66873,59.44471],[10.66864,59.44456],[10.6688,59.44455],[10.66879,59.44451],[10.66867,59.44452],[10.66867,59.44448],[10.66895,59.44438],[10.66887,59.44433],[10.66896,59.44423],[10.66852,59.44426],[10.66847,59.44441],[10.66859,59.4446],[10.6685,59.44467],[10.66852,59.44475],[10.66849,59.44477],[10.66858,59.44474],[10.66863,59.44478],[10.6686,59.44491],[10.66876,59.44492],[10.66882,59.445],[10.66868,59.44504],[10.66866,59.4451],[10.66885,59.44522]]]},"properties":{"a":1541,"v":2580,"dh":1.67,"pl":1,"pn":"Verket","pd":"2015-12-14","c":362}},{"type":"Feature","geometry":{"type":"Polygon","coordinates":[[[10.67269,59.44479],[10.6727,59.44464],[10.67263,59.4446],[10.6725,59.44461],[10.67265,59.4447],[10.67262,59.44478],[10.67269,59.44479]]]},"properties":{"a":126,"v":114,"dh":0.9,"pl":1,"pn":"Østfoldbanen VL(Ski)-Moss, Sandbukta - Rygge grense","pd":"2016-11-14","sh":1,"c":522}},{"type":"Feature","geometry":{"type":"Polygon","coordinates":[[[10.67488,59.44484],[10.675,59.44481],[10.67478,59.44465],[10.67469,59.44467],[10.67449,59.44456],[10.67432,59.44465],[10.67447,59.44477],[10.67473,59.44472],[10.67475,59.44479],[10.67488,59.44484]]]},"properties":{"a":489,"v":755,"dh":1.54,"pl":1,"pn":"MOSSESKOGEN - RØYSÅSEN SYD","pd":"2002-05-28","c":521}},{"type":"Feature","geometry":{"type":"Polygon","coordinates":[[[10.67196,59.44503],[10.67186,59.44487],[10.67178,59.44488],[10.6718,59.44495],[10.67194,59.44503],[10.67195,59.44511],[10.67207,59.44522],[10.67229,59.44521],[10.67245,59.44528],[10.67262,59.44528],[10.67262,59.44517],[10.6723,59.44511],[10.6724,59.44508],[10.67238,59.44501],[10.67266,59.44501],[10.67263,59.44496],[10.6725,59.445],[10.67241,59.44497],[10.67217,59.44505],[10.67214,59.44504],[10.67217,59.44501],[10.67196,59.44503]],[[10.67237,59.44503],[10.67235,59.44505],[10.67235,59.44503],[10.67237,59.44503]]]},"properties":{"a":813,"v":1141,"dh":1.4,"pl":1,"pn":"Røysåsen B7","pd":"2017-06-19","c":521}},{"type":"Feature","geometry":{"type":"Polygon","coordinates":[[[10.67268,59.44527],[10.67283,59.44524],[10.67299,59.44526],[10.67308,59.44519],[10.67306,59.44516],[10.67299,59.4452],[10.67285,59.44517],[10.67283,59.44521],[10.67269,59.44519],[10.67266,59.44522],[10.67268,59.44527]]]},"properties":{"a":169,"v":-176,"dh":1.04,"pl":1,"pn":"Røysåsen B7","pd":"2017-06-19","c":521}},{"type":"Feature","geometry":{"type":"Polygon","coordinates":[[[10.67258,59.44579],[10.67279,59.4458],[10.67269,59.44564],[10.67259,59.44564],[10.67258,59.44579]]]},"properties":{"a":150,"v":-150,"dh":1.0,"pl":1,"pn":"MOSSESKOGEN - RØYSÅSEN SYD","pd":"2002-05-28","sh":1,"c":521}},{"type":"Feature","geometry":{"type":"Polygon","coordinates":[[[10.67157,59.44598],[10.67161,59.44591],[10.67156,59.4459],[10.67156,59.44583],[10.67149,59.44583],[10.67152,59.44574],[10.67143,59.4458],[10.67143,59.44575],[10.67127,59.44567],[10.67094,59.44575],[10.67101,59.44581],[10.67117,59.44581],[10.67122,59.44575],[10.67148,59.44598],[10.67157,59.44598]]]},"properties":{"a":463,"v":627,"dh":1.35,"pl":1,"pn":"MOSSESKOGEN - RØYSÅSEN SYD","pd":"2002-05-28","c":521}},{"type":"Feature","geometry":{"type":"Polygon","coordinates":[[[10.65112,59.44528],[10.65112,59.44518],[10.65077,59.44519],[10.65052,59.44513],[10.65047,59.4452],[10.65031,59.44523],[10.65009,59.44535],[10.65007,59.44543],[10.65018,59.44545],[10.65037,59.44535],[10.65058,59.44535],[10.65073,59.44542],[10.65104,59.44544],[10.65112,59.44528]]]},"properties":{"a":1267,"v":1545,"dh":1.22,"pl":1,"pn":"Rosnes boliger","pd":"2010-02-15","c":523}},{"type":"Feature","geometry":{"type":"Polygon","coordinates":[[[10.65372,59.44543],[10.65372,59.44535],[10.65342,59.4454],[10.65344,59.44541],[10.65372,59.44543]]]},"properties":{"a":112,"v":92,"dh":0.82,"pl":1,"pn":"Rosnes boliger","pd":"2010-02-15","sh":1,"c":523}},{"type":"Feature","geometry":{"type":"Polygon","coordinates":[[[10.65395,59.44562],[10.65396,59.44556],[10.65433,59.44556],[10.65438,59.4455],[10.65387,59.44547],[10.65378,59.44551],[10.65384,59.44554],[10.65384,59.44563],[10.65395,59.44562]]]},"properties":{"a":283,"v":-280,"dh":0.99,"pl":1,"pn":"Rosnes boliger","pd":"2010-02-15","sh":1,"c":523}},{"type":"Feature","geometry":{"type":"Polygon","coordinates":[[[10.6513,59.44567],[10.65178,59.44569],[10.65181,59.44559],[10.65128,59.44555],[10.6513,59.44567]]]},"properties":{"a":426,"v":485,"dh":1.14,"pl":1,"pn":"Rosnes boliger","pd":"2010-02-15","c":523}},{"type":"Feature","geometry":{"type":"Polygon","coordinates":[[[10.65284,59.4457],[10.65301,59.4457],[10.65301,59.44561],[10.65287,59.44561],[10.65284,59.4457]]]},"properties":{"a":104,"v":-184,"dh":1.77,"pl":1,"pn":"Rosnes boliger","pd":"2010-02-15","c":523}},{"type":"Feature","geometry":{"type":"MultiPolygon","coordinates":[[[[10.65382,59.44563],[10.6538,59.44562],[10.65379,59.44563],[10.65382,59.44563]]],[[[10.65379,59.44564],[10.65359,59.44553],[10.65345,59.44553],[10.65303,59.44565],[10.65324,59.44568],[10.65289,59.44572],[10.65288,59.44575],[10.653,59.44578],[10.65358,59.4457],[10.65361,59.44567],[10.65345,59.44569],[10.65342,59.44568],[10.65379,59.44564]]]]},"properties":{"a":611,"v":641,"dh":1.05,"pl":1,"pn":"Rosnes boliger","pd":"2010-02-15","c":523}},{"type":"Feature","geometry":{"type":"Polygon","coordinates":[[[10.6479,59.44579],[10.64806,59.44578],[10.64802,59.44569],[10.64788,59.4457],[10.6479,59.44579]]]},"properties":{"a":108,"v":109,"dh":1.01,"pl":1,"pn":"ROSNES. DEL AV BOLIGOMRÅDE OG OMRÅDE FOR ALDERSHJEM","pd":"1973-09-10","c":524}},{"type":"Feature","geometry":{"type":"Polygon","coordinates":[[[10.65433,59.44582],[10.65455,59.44578],[10.65455,59.44573],[10.65448,59.44571],[10.65447,59.44562],[10.654,59.44561],[10.65439,59.44565],[10.65442,59.44569],[10.65432,59.44576],[10.65433,59.44582]]]},"properties":{"a":259,"v":237,"dh":0.91,"pl":1,"pn":"Rosnes boliger","pd":"2010-02-15","sh":1,"c":523}},{"type":"Feature","geometry":{"type":"Polygon","coordinates":[[[10.65138,59.44617],[10.65145,59.44611],[10.65137,59.44605],[10.65117,59.44612],[10.6512,59.44616],[10.65138,59.44617]]]},"properties":{"a":143,"v":-144,"dh":1.01,"pl":1,"pn":"Rosnes boliger","pd":"2010-02-15","c":523}},{"type":"Feature","geometry":{"type":"Polygon","coordinates":[[[10.65238,59.44672],[10.65256,59.44641],[10.65263,59.44646],[10.65256,59.44647],[10.65256,59.4465],[10.65276,59.44661],[10.65295,59.44665],[10.65324,59.44663],[10.65318,59.44667],[10.6532,59.4467],[10.65327,59.44666],[10.65349,59.4467],[10.65354,59.44662],[10.65366,59.44654],[10.65378,59.44656],[10.65393,59.44642],[10.6542,59.44643],[10.6546,59.44633],[10.65449,59.44631],[10.65455,59.44616],[10.65445,59.44614],[10.65411,59.44615],[10.65408,59.44626],[10.65399,59.44628],[10.65297,59.44621],[10.65276,59.44634],[10.65258,59.4463],[10.65263,59.44621],[10.65261,59.44617],[10.65256,59.44625],[10.65244,59.44627],[10.65233,59.44649],[10.65233,59.44653],[10.65242,59.44654],[10.65234,59.44671],[10.65238,59.44672]],[[10.65245,59.4465],[10.65247,59.44649],[10.65247,59.4465],[10.65245,59.4465]]]},"properties":{"a":4212,"v":5051,"dh":1.2,"pl":1,"pn":"Rosnes boliger","pd":"2010-02-15","c":523}},{"type":"Feature","geometry":{"type":"Polygon","coordinates":[[[10.67289,59.44639],[10.67324,59.4463],[10.67311,59.44623],[10.67311,59.44616],[10.67302,59.44615],[10.67303,59.44604],[10.67293,59.44603],[10.67287,59.44592],[10.67262,59.44591],[10.6726,59.44585],[10.67274,59.44587],[10.67276,59.44581],[10.67249,59.44583],[10.67247,59.44578],[10.6725,59.44565],[10.67271,59.44563],[10.6728,59.44553],[10.67265,59.44544],[10.6723,59.44553],[10.67227,59.44561],[10.67238,59.44565],[10.67235,59.4458],[10.67249,59.44587],[10.67259,59.4461],[10.67274,59.44626],[10.67289,59.44639]],[[10.67298,59.44633],[10.6729,59.44632],[10.67287,59.44625],[10.67292,59.44625],[10.67298,59.44633]],[[10.67312,59.44632],[10.67313,59.44631],[10.67313,59.44632],[10.67312,59.44632]],[[10.67302,59.44624],[10.67295,59.44623],[10.67293,59.44621],[10.673,59.44618],[10.67302,59.44624]],[[10.67272,59.44606],[10.67266,59.44605],[10.67266,59.44601],[10.67272,59.44606]],[[10.67246,59.4456],[10.6725,59.44559],[10.6725,59.4456],[10.67246,59.4456]],[[10.67237,59.44558],[10.67239,59.44556],[10.67239,59.44558],[10.67237,59.44558]],[[10.67251,59.44554],[10.67253,59.44553],[10.67253,59.44554],[10.67251,59.44554]]]},"properties":{"a":1766,"v":2423,"dh":1.37,"pl":1,"pn":"MOSSESKOGEN - RØYSÅSEN SYD","pd":"2002-05-28","c":521}},{"type":"Feature","geometry":{"type":"Polygon","coordinates":[[[10.67258,59.44626],[10.67262,59.44619],[10.67254,59.44614],[10.67242,59.44588],[10.67228,59.4459],[10.67225,59.44599],[10.6724,59.44606],[10.67251,59.44626],[10.67258,59.44626]]]},"properties":{"a":336,"v":-498,"dh":1.48,"pl":1,"pn":"MOSSESKOGEN - RØYSÅSEN SYD","pd":"2002-05-28","c":521}},{"type":"Feature","geometry":{"type":"Polygon","coordinates":[[[10.67547,59.44638],[10.67551,59.44631],[10.67548,59.44625],[10.67539,59.44625],[10.67532,59.44632],[10.67523,59.4463],[10.67525,59.44635],[10.67547,59.44638]]]},"properties":{"a":136,"v":203,"dh":1.49,"pl":1,"pn":"MOSSESKOGEN - RØYSÅSEN SYD","pd":"2002-05-28","c":521}},{"type":"Feature","geometry":{"type":"Polygon","coordinates":[[[10.66997,59.44684],[10.67016,59.44672],[10.67013,59.44662],[10.66999,59.44658],[10.67002,59.44653],[10.66998,59.44645],[10.66981,59.44645],[10.66964,59.4467],[10.66977,59.44684],[10.66997,59.44684]]]},"properties":{"a":860,"v":1768,"dh":2.06,"pl":1,"pn":"SENTRUM - SAMORDNET REGPLAN JERNBANE/VEG/HAVN","pd":"1999-09-02","fo":1,"c":291}},{"type":"Feature","geometry":{"type":"Polygon","coordinates":[[[10.67342,59.44747],[10.67341,59.44722],[10.67335,59.44705],[10.67343,59.44698],[10.6737,59.44697],[10.67348,59.44694],[10.67333,59.44698],[10.67335,59.44738],[10.67342,59.44747]]]},"properties":{"a":226,"v":207,"dh":0.91,"pl":1,"pn":"MOSSESKOGEN - RØYSÅSEN SYD","pd":"2002-05-28","sh":1,"c":525}},{"type":"Feature","geometry":{"type":"Polygon","coordinates":[[[10.67438,59.4477],[10.67436,59.44755],[10.67425,59.44747],[10.67422,59.44757],[10.67438,59.4477]]]},"properties":{"a":118,"v":178,"dh":1.51,"pl":1,"pn":"MOSSESKOGEN - RØYSÅSEN SYD","pd":"2002-05-28","fo":1,"c":526}},{"type":"Feature","geometry":{"type":"Polygon","coordinates":[[[10.67343,59.44772],[10.67342,59.44751],[10.67323,59.44752],[10.67327,59.44756],[10.67323,59.44758],[10.67339,59.44761],[10.67338,59.44771],[10.67343,59.44772]]]},"properties":{"a":141,"v":132,"dh":0.94,"pl":1,"pn":"MOSSESKOGEN - RØYSÅSEN SYD","pd":"2002-05-28","sh":1,"c":525}},{"type":"Feature","geometry":{"type":"MultiPolygon","coordinates":[[[[10.67264,59.44772],[10.67235,59.44757],[10.67223,59.44758],[10.67233,59.44762],[10.67236,59.44772],[10.67264,59.44772]]],[[[10.67264,59.44773],[10.67266,59.44772],[10.67264,59.44772],[10.67264,59.44773]]]]},"properties":{"a":170,"v":140,"dh":0.82,"pl":1,"pn":"MOSSESKOGEN - RØYSÅSEN SYD","pd":"2002-05-28","sh":1,"c":525}},{"type":"Feature","geometry":{"type":"Polygon","coordinates":[[[10.6737,59.44774],[10.67382,59.44769],[10.67378,59.44763],[10.67352,59.44764],[10.67354,59.4477],[10.67369,59.44764],[10.67361,59.44774],[10.6737,59.44774]],[[10.6737,59.44773],[10.67371,59.44772],[10.67372,59.44773],[10.6737,59.44773]]]},"properties":{"a":150,"v":142,"dh":0.95,"pl":1,"pn":"MOSSESKOGEN - RØYSÅSEN SYD","pd":"2002-05-28","sh":1,"c":525}},{"type":"Feature","geometry":{"type":"Polygon","coordinates":[[[10.67649,59.44817],[10.67663,59.44812],[10.67662,59.44804],[10.67653,59.44798],[10.67644,59.44798],[10.67652,59.44807],[10.67636,59.44805],[10.67643,59.4481],[10.67642,59.44815],[10.67649,59.44817]]]},"properties":{"a":195,"v":-224,"dh":1.15,"pl":0,"c":527}},{"type":"Feature","geometry":{"type":"Polygon","coordinates":[[[10.65338,59.44698],[10.65345,59.44694],[10.65342,59.44686],[10.65326,59.44684],[10.65321,59.44688],[10.65323,59.44695],[10.65338,59.44698]]]},"properties":{"a":156,"v":237,"dh":1.52,"pl":1,"pn":"Rosnes boliger","pd":"2010-02-15","c":523}},{"type":"Feature","geometry":{"type":"Polygon","coordinates":[[[10.65243,59.44704],[10.65266,59.44703],[10.65272,59.44693],[10.65242,59.44691],[10.65239,59.44697],[10.65244,59.44698],[10.65243,59.44704]],[[10.65241,59.44696],[10.65242,59.44695],[10.65242,59.44696],[10.65241,59.44696]]]},"properties":{"a":237,"v":198,"dh":0.83,"pl":1,"pn":"Rosnes boliger","pd":"2010-02-15","sh":1,"c":523}},{"type":"Feature","geometry":{"type":"Polygon","coordinates":[[[10.65155,59.44712],[10.65178,59.44705],[10.6519,59.4471],[10.65222,59.44706],[10.65223,59.44694],[10.65212,59.44689],[10.65184,59.44693],[10.65186,59.44701],[10.65183,59.44702],[10.65172,59.44703],[10.65168,59.44695],[10.65135,59.447],[10.65137,59.44706],[10.65155,59.44712]]]},"properties":{"a":695,"v":614,"dh":0.88,"pl":1,"pn":"Rosnes boliger","pd":"2010-02-15","c":523}},{"type":"Feature","geometry":{"type":"Polygon","coordinates":[[[10.6507,59.44748],[10.65066,59.44735],[10.65071,59.44731],[10.65058,59.44723],[10.65055,59.44727],[10.65061,59.44731],[10.65061,59.44744],[10.6507,59.44748]]]},"properties":{"a":116,"v":-200,"dh":1.72,"pl":1,"pn":"ROSNES - ROSNESOMRÅDET","pd":"1947-04-24","sl":1,"c":528}},{"type":"Feature","geometry":{"type":"Polygon","coordinates":[[[10.65117,59.44758],[10.65116,59.44746],[10.65088,59.44746],[10.6509,59.44751],[10.65117,59.44758]]]},"properties":{"a":180,"v":178,"dh":0.99,"pl":1,"pn":"Rosnes boliger","pd":"2010-02-15","sh":1,"c":523}},{"type":"Feature","geometry":{"type":"Polygon","coordinates":[[[10.65178,59.44788],[10.65192,59.44781],[10.6522,59.44782],[10.65229,59.44776],[10.65245,59.44783],[10.65257,59.44779],[10.65269,59.44781],[10.65269,59.44777],[10.6525,59.44737],[10.65213,59.44743],[10.65183,59.44743],[10.65176,59.4475],[10.6515,59.44752],[10.65154,59.44758],[10.65175,59.4476],[10.65188,59.44769],[10.65188,59.44773],[10.65162,59.4478],[10.65166,59.44786],[10.65178,59.44788]],[[10.65244,59.44763],[10.65245,59.4476],[10.65256,59.44763],[10.65253,59.44765],[10.65244,59.44763]],[[10.65226,59.44761],[10.65228,59.4476],[10.65228,59.44761],[10.65226,59.44761]]]},"properties":{"a":2258,"v":2270,"dh":1.01,"pl":1,"pn":"Rosnes boliger","pd":"2010-02-15","c":523}},{"type":"Feature","geometry":{"type":"MultiPolygon","coordinates":[[[[10.65131,59.44772],[10.65125,59.4476],[10.6511,59.44761],[10.65125,59.44778],[10.6513,59.44778],[10.65126,59.44774],[10.65131,59.44772]]],[[[10.65131,59.44772],[10.65133,59.44776],[10.65135,59.44776],[10.65135,59.44773],[10.65133,59.44773],[10.65133,59.44772],[10.65131,59.44772]]]]},"properties":{"a":137,"v":132,"dh":0.97,"pl":1,"pn":"Rosnes boliger","pd":"2010-02-15","sh":1,"c":523}},{"type":"Feature","geometry":{"type":"Polygon","coordinates":[[[10.65199,59.44828],[10.65215,59.4482],[10.65215,59.44814],[10.652,59.44798],[10.65187,59.44796],[10.65181,59.44806],[10.65193,59.44816],[10.65192,59.44826],[10.65199,59.44828]]]},"properties":{"a":366,"v":-849,"dh":2.32,"pl":1,"pn":"Rosnes B5","pd":"2018-06-19","fo":1,"c":529}},{"type":"Feature","geometry":{"type":"Polygon","coordinates":[[[10.65218,59.44848],[10.65262,59.4484],[10.6529,59.44846],[10.65292,59.44839],[10.65306,59.44836],[10.65307,59.44828],[10.65294,59.4481],[10.65283,59.44804],[10.65273,59.44786],[10.65243,59.44789],[10.6524,59.44797],[10.65219,59.44802],[10.65217,59.4482],[10.6521,59.44822],[10.65209,59.44835],[10.65203,59.44837],[10.65205,59.44845],[10.65218,59.44848]],[[10.65241,59.4484],[10.65228,59.44839],[10.65249,59.44835],[10.65241,59.4484]],[[10.65267,59.44838],[10.65262,59.44836],[10.65267,59.44835],[10.65267,59.44838]]]},"properties":{"a":2629,"v":4002,"dh":1.52,"pl":1,"pn":"Rosnes B5","pd":"2018-06-19","c":529}},{"type":"Feature","geometry":{"type":"Polygon","coordinates":[[[10.64775,59.45034],[10.64777,59.45025],[10.64757,59.4501],[10.64755,59.45018],[10.64761,59.45027],[10.64775,59.45034]]]},"properties":{"a":145,"v":356,"dh":2.45,"pl":0,"sl":1,"c":458}},{"type":"Feature","geometry":{"type":"Polygon","coordinates":[[[10.66953,59.44949],[10.6695,59.44914],[10.66946,59.44914],[10.6695,59.44909],[10.66943,59.44891],[10.6694,59.44891],[10.66946,59.44941],[10.66953,59.44949]]]},"properties":{"a":200,"v":337,"dh":1.68,"pl":1,"pn":"SENTRUM - SAMORDNET REGPLAN JERNBANE/VEG/HAVN","pd":"1999-09-02","sl":1,"c":291}},{"type":"Feature","geometry":{"type":"Polygon","coordinates":[[[10.6738,59.44941],[10.67381,59.44936],[10.6737,59.44921],[10.67373,59.44919],[10.67369,59.44908],[10.6736,59.44899],[10.67359,59.44912],[10.67365,59.44917],[10.67367,59.44933],[10.67373,59.4494],[10.6738,59.44941]]]},"properties":{"a":217,"v":593,"dh":2.73,"pl":0,"sl":1,"c":530}},{"type":"Feature","geometry":{"type":"Polygon","coordinates":[[[10.67463,59.45043],[10.67483,59.45039],[10.67483,59.45035],[10.67458,59.45024],[10.67446,59.45023],[10.6745,59.45036],[10.67463,59.45043]]]},"properties":{"a":267,"v":346,"dh":1.3,"pl":1,"pn":"MOSSESKOGEN. DEL AV RØYSVEGEN OG KRÅKEVEGEN.","pd":"1976-01-06","fo":1,"c":531}},{"type":"Feature","geometry":{"type":"Polygon","coordinates":[[[10.67012,59.45099],[10.67029,59.45098],[10.6703,59.45064],[10.67006,59.45056],[10.67008,59.4506],[10.67003,59.45066],[10.67011,59.45074],[10.67004,59.45075],[10.67004,59.45081],[10.67011,59.45086],[10.67008,59.45091],[10.67012,59.45099]]]},"properties":{"a":527,"v":848,"dh":1.61,"pl":1,"pn":"Østfoldbanen VL(Ski)-Moss, Sandbukta - Rygge grense","pd":"2016-11-14","fo":1,"c":532}},{"type":"Feature","geometry":{"type":"MultiPolygon","coordinates":[[[[10.67199,59.4549],[10.67178,59.45458],[10.67186,59.45452],[10.67189,59.45441],[10.67177,59.45433],[10.67165,59.45414],[10.67135,59.45342],[10.67142,59.45335],[10.67133,59.45336],[10.67129,59.45328],[10.67129,59.45319],[10.67141,59.45317],[10.67127,59.45313],[10.67128,59.45309],[10.67123,59.45306],[10.67125,59.45291],[10.67117,59.45271],[10.67121,59.45265],[10.67115,59.45264],[10.67124,59.45258],[10.67117,59.45259],[10.67107,59.45248],[10.67105,59.4523],[10.67108,59.45225],[10.67106,59.45212],[10.671,59.45209],[10.67095,59.45171],[10.67094,59.45126],[10.67022,59.45126],[10.67019,59.45136],[10.67024,59.45137],[10.67021,59.45143],[10.67038,59.45193],[10.67039,59.45216],[10.67055,59.45248],[10.67071,59.45305],[10.67083,59.45319],[10.67085,59.45335],[10.67098,59.4535],[10.67101,59.45366],[10.67113,59.45386],[10.67129,59.45403],[10.67132,59.45413],[10.67144,59.45426],[10.67156,59.45448],[10.67163,59.45452],[10.67177,59.45475],[10.67188,59.45482],[10.6719,59.45491],[10.67199,59.4549]]],[[[10.67195,59.45492],[10.67207,59.45511],[10.67208,59.45524],[10.67221,59.45542],[10.67245,59.45563],[10.67264,59.45568],[10.67279,59.45578],[10.67317,59.45587],[10.67342,59.45607],[10.67344,59.45614],[10.67404,59.45648],[10.67411,59.45648],[10.67406,59.45642],[10.67425,59.45645],[10.67436,59.45649],[10.67444,59.45659],[10.67478,59.45671],[10.6747,59.45662],[10.67436,59.45646],[10.67437,59.4564],[10.6743,59.45638],[10.67435,59.45629],[10.6741,59.45628],[10.67345,59.4559],[10.67293,59.45576],[10.67246,59.45556],[10.67242,59.45544],[10.67228,59.45538],[10.67214,59.4551],[10.67195,59.45492]],[[10.67234,59.45551],[10.67239,59.45548],[10.67241,59.45551],[10.67234,59.45551]]]]},"properties":{"a":13434,"v":-83164,"dh":6.19,"pl":1,"pn":"Østfoldbanen VL(Ski)-Moss, Sandbukta - Rygge grense","pd":"2016-11-14","c":532}},{"type":"Feature","geometry":{"type":"Polygon","coordinates":[[[10.67286,59.45618],[10.67298,59.4561],[10.67314,59.45611],[10.67316,59.45607],[10.67325,59.45609],[10.67333,59.45604],[10.6731,59.45598],[10.6729,59.45585],[10.67267,59.45584],[10.6725,59.45569],[10.67234,59.45565],[10.67266,59.45605],[10.67286,59.45618]],[[10.6731,59.45605],[10.67301,59.45601],[10.67314,59.45601],[10.6731,59.45605]],[[10.67277,59.45603],[10.67255,59.45588],[10.67254,59.45581],[10.67277,59.45603]]]},"properties":{"a":1001,"v":1082,"dh":1.08,"pl":1,"pn":"Østfoldbanen VL(Ski)-Moss, Sandbukta - Rygge grense","pd":"2016-11-14","fo":1,"c":532}},{"type":"Feature","geometry":{"type":"Polygon","coordinates":[[[10.67326,59.4563],[10.67334,59.45625],[10.67332,59.45621],[10.67316,59.45618],[10.67318,59.45624],[10.67313,59.45628],[10.67326,59.4563]]]},"properties":{"a":117,"v":172,"dh":1.47,"pl":1,"pn":"Østfoldbanen VL(Ski)-Moss, Sandbukta - Rygge grense","pd":"2016-11-14","fo":1,"c":532}},{"type":"Feature","geometry":{"type":"Polygon","coordinates":[[[10.67602,59.4565],[10.67609,59.45645],[10.67627,59.45649],[10.67622,59.45633],[10.67636,59.45632],[10.67645,59.4562],[10.67677,59.45602],[10.67691,59.45603],[10.677,59.45596],[10.67684,59.45596],[10.67647,59.45608],[10.67638,59.45603],[10.67616,59.4561],[10.67613,59.45623],[10.67619,59.45636],[10.67616,59.45641],[10.67605,59.45641],[10.67602,59.4565]]]},"properties":{"a":817,"v":1722,"dh":2.11,"pl":1,"pn":"Østfoldbanen VL(Ski)-Moss, Sandbukta - Rygge grense","pd":"2016-11-14","fo":1,"c":535}},{"type":"Feature","geometry":{"type":"Polygon","coordinates":[[[10.67496,59.45683],[10.67551,59.45682],[10.67557,59.45676],[10.67568,59.45677],[10.67566,59.45682],[10.6757,59.45683],[10.67582,59.4568],[10.6759,59.45664],[10.67599,59.4566],[10.67603,59.45641],[10.67615,59.45633],[10.67601,59.45634],[10.67603,59.45628],[10.67613,59.45626],[10.67614,59.45615],[10.67583,59.45628],[10.67555,59.45665],[10.67543,59.45673],[10.67487,59.45675],[10.67496,59.45683]]]},"properties":{"a":1479,"v":-3161,"dh":2.14,"pl":1,"pn":"Østfoldbanen VL(Ski)-Moss, Sandbukta - Rygge grense","pd":"2016-11-14","fo":1,"c":532}},{"type":"Feature","geometry":{"type":"Polygon","coordinates":[[[10.67338,59.45703],[10.67361,59.45693],[10.67353,59.45691],[10.67355,59.45694],[10.67331,59.45699],[10.67296,59.45664],[10.67292,59.45665],[10.67322,59.45697],[10.67338,59.45703]]]},"properties":{"a":188,"v":-405,"dh":2.15,"pl":1,"pn":"Østfoldbanen VL(Ski)-Moss, Sandbukta - Rygge grense","pd":"2016-11-14","sl":1,"c":533}},{"type":"Feature","geometry":{"type":"Polygon","coordinates":[[[10.68371,59.45215],[10.68376,59.45209],[10.68401,59.45211],[10.684,59.45207],[10.68381,59.45203],[10.68369,59.4521],[10.68349,59.45209],[10.6836,59.45216],[10.68371,59.45215]]]},"properties":{"a":170,"v":173,"dh":1.02,"pl":1,"pn":"MOSSESKOGEN. DEL AV MOSSESKOGEN GNR. 27 OG 148. KLEIVAOMRÅDET","pd":"1970-02-11","c":534}},{"type":"Feature","geometry":{"type":"Polygon","coordinates":[[[10.68212,59.4539],[10.68197,59.45379],[10.68197,59.45373],[10.68179,59.45364],[10.68133,59.45367],[10.6814,59.45369],[10.68141,59.45375],[10.6816,59.45369],[10.68158,59.45377],[10.68178,59.45376],[10.68212,59.4539]]]},"properties":{"a":437,"v":590,"dh":1.35,"pl":1,"pn":"Østfoldbanen VL(Ski)-Moss, Sandbukta - Rygge grense","pd":"2016-11-14","fo":1,"c":535}},{"type":"Feature","geometry":{"type":"Polygon","coordinates":[[[10.68279,59.45433],[10.68282,59.45425],[10.68259,59.45408],[10.68265,59.45426],[10.68279,59.45433]]]},"properties":{"a":168,"v":146,"dh":0.87,"pl":1,"pn":"Østfoldbanen VL(Ski)-Moss, Sandbukta - Rygge grense","pd":"2016-11-14","sh":1,"c":426}},{"type":"Feature","geometry":{"type":"Polygon","coordinates":[[[10.6833,59.45461],[10.68313,59.45447],[10.68303,59.45448],[10.68314,59.45457],[10.6833,59.45461]]]},"properties":{"a":123,"v":-139,"dh":1.13,"pl":1,"pn":"Østfoldbanen VL(Ski)-Moss, Sandbukta - Rygge grense","pd":"2016-11-14","fo":1,"c":535}},{"type":"Feature","geometry":{"type":"MultiPolygon","coordinates":[[[[10.68339,59.45463],[10.68337,59.45464],[10.68339,59.45464],[10.68339,59.45463]]],[[[10.68341,59.45465],[10.68339,59.45466],[10.68343,59.45466],[10.68341,59.45465]]],[[[10.68343,59.45466],[10.68372,59.45484],[10.68379,59.45483],[10.68351,59.45467],[10.68343,59.45466]]]]},"properties":{"a":115,"v":-193,"dh":1.68,"pl":1,"pn":"Østfoldbanen VL(Ski)-Moss, Sandbukta - Rygge grense","pd":"2016-11-14","fo":1,"c":535}},{"type":"Feature","geometry":{"type":"MultiPolygon","coordinates":[[[[10.68395,59.45492],[10.68397,59.45489],[10.68381,59.45485],[10.68384,59.45492],[10.68395,59.45492]]],[[[10.68397,59.45493],[10.68399,59.45494],[10.68399,59.45493],[10.68397,59.45493]]],[[[10.68399,59.45494],[10.68417,59.455],[10.68427,59.45498],[10.68415,59.45494],[10.68399,59.45494]]]]},"properties":{"a":109,"v":95,"dh":0.87,"pl":1,"pn":"Østfoldbanen VL(Ski)-Moss, Sandbukta - Rygge grense","pd":"2016-11-14","sh":1,"c":426}},{"type":"Feature","geometry":{"type":"Polygon","coordinates":[[[10.67869,59.45547],[10.67877,59.4554],[10.67875,59.45535],[10.67908,59.4552],[10.67856,59.45537],[10.67858,59.45543],[10.67869,59.45547]]]},"properties":{"a":195,"v":-266,"dh":1.36,"pl":1,"pn":"Østfoldbanen VL(Ski)-Moss, Sandbukta - Rygge grense","pd":"2016-11-14","fo":1,"c":535}},{"type":"Feature","geometry":{"type":"Polygon","coordinates":[[[10.67806,59.45575],[10.67827,59.45561],[10.67847,59.45566],[10.67843,59.45561],[10.67858,59.45552],[10.67854,59.45541],[10.67835,59.45543],[10.6782,59.45535],[10.67828,59.45541],[10.67825,59.45551],[10.67788,59.45558],[10.67778,59.45564],[10.67785,59.45571],[10.67806,59.45575]]]},"properties":{"a":860,"v":1741,"dh":2.02,"pl":1,"pn":"Østfoldbanen VL(Ski)-Moss, Sandbukta - Rygge grense","pd":"2016-11-14","fo":1,"c":535}},{"type":"Feature","geometry":{"type":"Polygon","coordinates":[[[10.6773,59.45592],[10.67768,59.45582],[10.67786,59.45585],[10.67793,59.45582],[10.67766,59.45569],[10.67739,59.45575],[10.67741,59.45569],[10.67734,59.45567],[10.67738,59.45576],[10.67701,59.45589],[10.67726,59.45586],[10.6773,59.45592]]]},"properties":{"a":593,"v":-862,"dh":1.45,"pl":1,"pn":"Østfoldbanen VL(Ski)-Moss, Sandbukta - Rygge grense","pd":"2016-11-14","fo":1,"c":535}},{"type":"Feature","geometry":{"type":"Polygon","coordinates":[[[10.67751,59.45606],[10.67726,59.45597],[10.67709,59.45603],[10.67711,59.45604],[10.67751,59.45606]]]},"properties":{"a":144,"v":207,"dh":1.44,"pl":1,"pn":"Østfoldbanen VL(Ski)-Moss, Sandbukta - Rygge grense","pd":"2016-11-14","fo":1,"c":535}},{"type":"Feature","geometry":{"type":"MultiPolygon","coordinates":[[[[10.67442,59.45668],[10.67441,59.45669],[10.67442,59.45669],[10.67442,59.45668]]],[[[10.67444,59.45671],[10.67459,59.45688],[10.67472,59.45694],[10.67495,59.45697],[10.67502,59.45695],[10.675,59.45691],[10.67509,59.45694],[10.67521,59.4569],[10.67494,59.45687],[10.67491,59.45681],[10.67455,59.45668],[10.67446,59.45667],[10.67444,59.45671]],[[10.675,59.45691],[10.67498,59.4569],[10.675,59.4569],[10.675,59.45691]]]]},"properties":{"a":578,"v":926,"dh":1.6,"pl":1,"pn":"Østfoldbanen VL(Ski)-Moss, Sandbukta - Rygge grense","pd":"2016-11-14","fo":1,"c":532}},{"type":"Feature","geometry":{"type":"MultiPolygon","coordinates":[[[[10.67523,59.46297],[10.67519,59.46291],[10.67514,59.4629],[10.67523,59.46297]]],[[[10.67523,59.46297],[10.67541,59.46313],[10.67548,59.46313],[10.67544,59.46297],[10.67523,59.46297]]]]},"properties":{"a":173,"v":292,"dh":1.69,"pl":1,"pn":"KAMBO - DOBBELTSPOR FRA MØLLEBAKKEN TIL SANDBUKTA","pd":"1992-12-10","fo":1,"c":536}},{"type":"Feature","geometry":{"type":"MultiPolygon","coordinates":[[[[10.67071,59.48478],[10.67072,59.48471],[10.67067,59.48463],[10.67045,59.48459],[10.67063,59.48465],[10.67062,59.48476],[10.67071,59.48478]]],[[[10.67069,59.48481],[10.67071,59.48487],[10.67077,59.48483],[10.67075,59.48479],[10.67069,59.48481]]]]},"properties":{"a":113,"v":-183,"dh":1.62,"pl":1,"pn":"JELØY NORDRE - KIPPENES HYTTEGREND","pd":"1997-01-30","sl":1,"c":537}},{"type":"Feature","geometry":{"type":"Polygon","coordinates":[[[10.65506,59.45253],[10.65497,59.45224],[10.65499,59.45218],[10.65487,59.45229],[10.65494,59.45228],[10.65499,59.45252],[10.65506,59.45253]]]},"properties":{"a":132,"v":-144,"dh":1.09,"pl":0,"sl":1,"c":538}},{"type":"Feature","geometry":{"type":"Polygon","coordinates":[[[10.65709,59.47847],[10.65737,59.47844],[10.6574,59.47835],[10.65703,59.47843],[10.65709,59.47847]]]},"properties":{"a":121,"v":119,"dh":0.98,"pl":0,"sh":1,"c":539}},{"type":"Feature","geometry":{"type":"Polygon","coordinates":[[[10.65994,59.4794],[10.66008,59.47936],[10.66004,59.47928],[10.65988,59.47928],[10.65988,59.47934],[10.65999,59.47936],[10.65994,59.4794]]]},"properties":{"a":100,"v":-147,"dh":1.47,"pl":1,"pn":"NORDRE JELØY SJØHAUG GNR 15 BNR 3","pd":"1984-11-06","fo":1,"c":540}},{"type":"Feature","geometry":{"type":"Polygon","coordinates":[[[10.65881,59.48112],[10.65872,59.48107],[10.65865,59.48128],[10.65878,59.48122],[10.65881,59.48112]]]},"properties":{"a":122,"v":176,"dh":1.45,"pl":0,"fo":1,"c":541}},{"type":"Feature","geometry":{"type":"Polygon","coordinates":[[[10.65998,59.48156],[10.66001,59.48154],[10.65997,59.48145],[10.65978,59.48147],[10.65998,59.48156]]]},"properties":{"a":116,"v":274,"dh":2.36,"pl":0,"fo":1,"c":542}},{"type":"Feature","geometry":{"type":"Polygon","coordinates":[[[10.65894,59.48213],[10.65902,59.48196],[10.65913,59.48192],[10.65898,59.4818],[10.65863,59.48177],[10.6584,59.48183],[10.65826,59.48194],[10.65828,59.48197],[10.65874,59.482],[10.65894,59.48213]]]},"properties":{"a":1062,"v":2963,"dh":2.79,"pl":0,"fo":1,"c":543}},{"type":"Feature","geometry":{"type":"Polygon","coordinates":[[[10.66319,59.49531],[10.66317,59.49524],[10.66292,59.49522],[10.66305,59.49529],[10.66319,59.49531]]]},"properties":{"a":103,"v":-90,"dh":0.87,"pl":0,"sh":1,"c":544}},{"type":"Feature","geometry":{"type":"Polygon","coordinates":[[[10.65988,59.49759],[10.66005,59.4975],[10.65958,59.49756],[10.65967,59.49759],[10.65988,59.49759]]]},"properties":{"a":166,"v":335,"dh":2.02,"pl":0,"fo":1,"c":545}},{"type":"Feature","geometry":{"type":"Polygon","coordinates":[[[10.66007,59.49865],[10.66012,59.49863],[10.6601,59.49852],[10.65996,59.4985],[10.65989,59.49856],[10.66007,59.49865]]]},"properties":{"a":153,"v":201,"dh":1.31,"pl":0,"fo":1,"c":546}},{"type":"Feature","geometry":{"type":"MultiPolygon","coordinates":[[[[10.65312,59.49185],[10.65322,59.49188],[10.65338,59.49185],[10.65304,59.49178],[10.65308,59.49187],[10.65312,59.49185]]],[[[10.6531,59.49187],[10.65312,59.49189],[10.65315,59.49189],[10.6531,59.49187]]]]},"properties":{"a":110,"v":185,"dh":1.69,"pl":0,"sl":1,"c":547}},{"type":"Feature","geometry":{"type":"Polygon","coordinates":[[[10.65406,59.49459],[10.654,59.49449],[10.65406,59.49446],[10.65405,59.49438],[10.65414,59.49433],[10.65412,59.49428],[10.65396,59.49435],[10.65397,59.49442],[10.6539,59.4945],[10.65406,59.49459]]]},"properties":{"a":183,"v":374,"dh":2.04,"pl":0,"sl":1,"c":548}},{"type":"Feature","geometry":{"type":"Polygon","coordinates":[[[10.65657,59.49642],[10.65689,59.49645],[10.65701,59.49635],[10.65657,59.49642]]]},"properties":{"a":142,"v":255,"dh":1.79,"pl":0,"sl":1,"c":549}},{"type":"Feature","geometry":{"type":"Polygon","coordinates":[[[10.65608,59.49692],[10.65601,59.49687],[10.65601,59.49678],[10.65619,59.49666],[10.65621,59.49657],[10.65586,59.4967],[10.65573,59.49682],[10.65575,59.49686],[10.6559,59.49686],[10.65592,59.49691],[10.65608,59.49692]]]},"properties":{"a":433,"v":427,"dh":0.99,"pl":0,"sh":1,"c":549}},{"type":"Feature","geometry":{"type":"Polygon","coordinates":[[[10.6542,59.49954],[10.65421,59.49943],[10.65416,59.4994],[10.65398,59.49949],[10.65406,59.49954],[10.6542,59.49954]]]},"properties":{"a":126,"v":206,"dh":1.64,"pl":0,"fo":1,"c":550}},{"type":"Feature","geometry":{"type":"Polygon","coordinates":[[[10.65637,59.50416],[10.6565,59.50405],[10.65652,59.50401],[10.65639,59.50398],[10.65633,59.5041],[10.65626,59.50412],[10.65637,59.50416]]]},"properties":{"a":132,"v":136,"dh":1.03,"pl":0,"fo":1,"c":551}},{"type":"Feature","geometry":{"type":"Polygon","coordinates":[[[10.65459,59.50472],[10.65487,59.50469],[10.65468,59.50468],[10.65475,59.50466],[10.65473,59.50462],[10.6546,59.50459],[10.65459,59.50472]]]},"properties":{"a":120,"v":150,"dh":1.25,"pl":0,"fo":1,"c":552}},{"type":"Feature","geometry":{"type":"MultiPolygon","coordinates":[[[[10.65899,59.49901],[10.65907,59.49902],[10.65898,59.49898],[10.65897,59.49891],[10.65887,59.4989],[10.6589,59.49886],[10.65877,59.49884],[10.65899,59.49901]]],[[[10.65891,59.49899],[10.65887,59.499],[10.65894,59.499],[10.65891,59.49899]]],[[[10.65896,59.49901],[10.65894,59.499],[10.65894,59.49901],[10.65896,59.49901]]]]},"properties":{"a":103,"v":122,"dh":1.19,"pl":0,"sl":1,"c":553}},{"type":"Feature","geometry":{"type":"Polygon","coordinates":[[[10.66031,59.49951],[10.66061,59.49944],[10.6606,59.49939],[10.66031,59.49943],[10.66029,59.49947],[10.66031,59.49951]]]},"properties":{"a":132,"v":129,"dh":0.98,"pl":0,"sh":1,"c":554}},{"type":"Feature","geometry":{"type":"Polygon","coordinates":[[[10.66189,59.49967],[10.66204,59.4996],[10.6619,59.49955],[10.6619,59.49962],[10.66162,59.4996],[10.66164,59.49964],[10.66189,59.49967]]]},"properties":{"a":119,"v":115,"dh":0.96,"pl":0,"sh":1,"c":555}},{"type":"Feature","geometry":{"type":"Polygon","coordinates":[[[10.6658,59.4998],[10.66581,59.49968],[10.66574,59.49964],[10.66563,59.49967],[10.66568,59.49979],[10.6658,59.4998]]]},"properties":{"a":121,"v":-204,"dh":1.68,"pl":0,"fo":1,"c":556}},{"type":"Feature","geometry":{"type":"Polygon","coordinates":[[[10.66598,59.49987],[10.66617,59.49985],[10.66622,59.49978],[10.66615,59.49966],[10.66595,59.49961],[10.66589,59.49976],[10.66599,59.4998],[10.66598,59.49987]]]},"properties":{"a":364,"v":578,"dh":1.59,"pl":0,"fo":1,"c":556}},{"type":"Feature","geometry":{"type":"Polygon","coordinates":[[[10.65834,59.50088],[10.65884,59.50089],[10.65889,59.50077],[10.65842,59.50065],[10.6583,59.50066],[10.65821,59.50074],[10.65834,59.50088]]]},"properties":{"a":728,"v":1178,"dh":1.62,"pl":0,"fo":1,"c":557}},{"type":"Feature","geometry":{"type":"Polygon","coordinates":[[[10.6591,59.50123],[10.6592,59.50108],[10.65911,59.50103],[10.65899,59.50104],[10.65905,59.50123],[10.6591,59.50123]]]},"properties":{"a":186,"v":348,"dh":1.87,"pl":0,"fo":1,"c":557}},{"type":"Feature","geometry":{"type":"Polygon","coordinates":[[[10.66169,59.5032],[10.66176,59.50306],[10.6617,59.50298],[10.66165,59.50298],[10.6616,59.50313],[10.66169,59.5032]]]},"properties":{"a":150,"v":213,"dh":1.42,"pl":0,"fo":1,"c":558}},{"type":"Feature","geometry":{"type":"MultiPolygon","coordinates":[[[[10.66541,59.50338],[10.66541,59.50333],[10.66532,59.50334],[10.66534,59.50339],[10.66541,59.50338]]],[[[10.66539,59.50339],[10.66544,59.50353],[10.66538,59.50355],[10.66546,59.50357],[10.66539,59.50362],[10.66553,59.50363],[10.66539,59.50339]]]]},"properties":{"a":104,"v":-110,"dh":1.06,"pl":0,"sl":1,"c":559}},{"type":"Feature","geometry":{"type":"Polygon","coordinates":[[[10.66417,59.50375],[10.66422,59.50361],[10.66411,59.50349],[10.66411,59.50342],[10.66398,59.50337],[10.66411,59.50357],[10.6642,59.50361],[10.66408,59.50363],[10.66414,59.5037],[10.66414,59.50381],[10.66423,59.50379],[10.66417,59.50375]],[[10.66419,59.5037],[10.66417,59.50368],[10.66419,59.50368],[10.66419,59.5037]],[[10.66417,59.50367],[10.66419,59.50365],[10.66419,59.50367],[10.66417,59.50367]]]},"properties":{"a":173,"v":-226,"dh":1.31,"pl":0,"sl":1,"c":560}},{"type":"Feature","geometry":{"type":"Polygon","coordinates":[[[10.66443,59.50418],[10.6644,59.50397],[10.66431,59.50395],[10.66427,59.50384],[10.66414,59.50384],[10.66425,59.50387],[10.6642,59.50392],[10.66427,59.50395],[10.66421,59.5041],[10.66433,59.50404],[10.66443,59.50418]]]},"properties":{"a":196,"v":-252,"dh":1.28,"pl":0,"sl":1,"c":560}},{"type":"Feature","geometry":{"type":"MultiPolygon","coordinates":[[[[10.66354,59.50416],[10.66351,59.50415],[10.66354,59.50418],[10.66354,59.50416]]],[[[10.66353,59.50421],[10.6636,59.50437],[10.66376,59.50437],[10.66358,59.50419],[10.66353,59.50421]]]]},"properties":{"a":128,"v":246,"dh":1.92,"pl":0,"sl":1,"c":560}},{"type":"Feature","geometry":{"type":"Polygon","coordinates":[[[10.66237,59.50473],[10.66252,59.5047],[10.66261,59.50462],[10.66242,59.50468],[10.66199,59.50465],[10.66237,59.50473]]]},"properties":{"a":157,"v":265,"dh":1.69,"pl":0,"sl":1,"c":561}},{"type":"Feature","geometry":{"type":"Polygon","coordinates":[[[10.65438,59.50475],[10.65452,59.50473],[10.65436,59.50474],[10.65422,59.50466],[10.65408,59.50466],[10.65413,59.50472],[10.65438,59.50475]]]},"properties":{"a":101,"v":132,"dh":1.31,"pl":0,"sl":1,"c":562}},{"type":"Feature","geometry":{"type":"MultiPolygon","coordinates":[[[[10.65551,59.50467],[10.65549,59.50466],[10.65549,59.50467],[10.65551,59.50467]]],[[[10.65523,59.50477],[10.65549,59.50467],[10.65542,59.50465],[10.65507,59.50474],[10.65523,59.50477]]],[[[10.65556,59.50472],[10.65537,59.50477],[10.6556,59.50478],[10.65556,59.50472]]]]},"properties":{"a":223,"v":359,"dh":1.61,"pl":0,"sl":1,"c":562}},{"type":"Feature","geometry":{"type":"MultiPolygon","coordinates":[[[[10.65615,59.50477],[10.65609,59.50472],[10.65592,59.50472],[10.65565,59.50476],[10.65571,59.50482],[10.65615,59.50477]]],[[[10.65617,59.50479],[10.6562,59.50478],[10.65617,59.50478],[10.65617,59.50479]]]]},"properties":{"a":225,"v":722,"dh":3.21,"pl":0,"sl":1,"c":562}},{"type":"Feature","geometry":{"type":"Polygon","coordinates":[[[10.64677,59.4842],[10.64668,59.48411],[10.6465,59.48404],[10.64653,59.4839],[10.64648,59.4839],[10.6465,59.48396],[10.64644,59.48398],[10.64645,59.48404],[10.64657,59.48411],[10.64656,59.48414],[10.64666,59.48412],[10.64665,59.48418],[10.64677,59.4842]]]},"properties":{"a":111,"v":-188,"dh":1.69,"pl":0,"sl":1,"c":517}},{"type":"Feature","geometry":{"type":"Polygon","coordinates":[[[10.65376,59.48403],[10.654,59.48404],[10.65402,59.48396],[10.6537,59.48396],[10.65376,59.48403]]]},"properties":{"a":154,"v":-166,"dh":1.07,"pl":0,"fo":1,"c":563}},{"type":"Feature","geometry":{"type":"MultiPolygon","coordinates":[[[[10.64792,59.48413],[10.64804,59.48411],[10.64806,59.48409],[10.64792,59.48413]]],[[[10.64792,59.48413],[10.6476,59.4842],[10.64792,59.48416],[10.64792,59.48413]]]]},"properties":{"a":114,"v":206,"dh":1.81,"pl":0,"sl":1,"c":517}},{"type":"Feature","geometry":{"type":"Polygon","coordinates":[[[10.6556,59.48497],[10.65567,59.48487],[10.65565,59.4848],[10.65558,59.48481],[10.6555,59.48492],[10.6556,59.48497]]]},"properties":{"a":117,"v":196,"dh":1.68,"pl":0,"fo":1,"c":564}},{"type":"Feature","geometry":{"type":"Polygon","coordinates":[[[10.65518,59.4857],[10.65543,59.48565],[10.65544,59.48561],[10.65521,59.48561],[10.65518,59.4857]]]},"properties":{"a":123,"v":321,"dh":2.61,"pl":0,"fo":1,"c":565}},{"type":"Feature","geometry":{"type":"MultiPolygon","coordinates":[[[[10.6487,59.48644],[10.64877,59.48648],[10.64879,59.48637],[10.64866,59.48636],[10.6487,59.48644]],[[10.64872,59.48643],[10.64874,59.48644],[10.64872,59.48644],[10.64872,59.48643]]],[[[10.64886,59.48647],[10.64879,59.48647],[10.64886,59.48648],[10.64886,59.48647]]],[[[10.64886,59.48648],[10.64883,59.4866],[10.64898,59.48665],[10.64905,59.48662],[10.64904,59.48655],[10.64897,59.48649],[10.64886,59.48648]]]]},"properties":{"a":235,"v":434,"dh":1.85,"pl":0,"sl":1,"c":566}},{"type":"Feature","geometry":{"type":"MultiPolygon","coordinates":[[[[10.64773,59.48646],[10.64773,59.48639],[10.64767,59.48639],[10.64766,59.48645],[10.64773,59.48646]]],[[[10.64773,59.48646],[10.64775,59.48652],[10.64797,59.48667],[10.64799,59.48661],[10.64788,59.48658],[10.64786,59.48651],[10.64778,59.48647],[10.64775,59.48647],[10.64775,59.48646],[10.64773,59.48646]]]]},"properties":{"a":103,"v":111,"dh":1.08,"pl":0,"fo":1,"c":567}},{"type":"Feature","geometry":{"type":"Polygon","coordinates":[[[10.64975,59.487],[10.64941,59.48677],[10.64923,59.48676],[10.64929,59.48684],[10.6495,59.48695],[10.64975,59.487]]]},"properties":{"a":252,"v":621,"dh":2.47,"pl":0,"sl":1,"c":566}},{"type":"Feature","geometry":{"type":"Polygon","coordinates":[[[10.65052,59.48725],[10.65054,59.48722],[10.6504,59.48719],[10.65031,59.48711],[10.65011,59.48706],[10.64997,59.48708],[10.65052,59.48725]]]},"properties":{"a":162,"v":228,"dh":1.41,"pl":0,"sl":1,"c":566}},{"type":"Feature","geometry":{"type":"Polygon","coordinates":[[[10.6513,59.48758],[10.65128,59.48751],[10.65117,59.48745],[10.65101,59.48746],[10.65112,59.48754],[10.6513,59.48758]]]},"properties":{"a":127,"v":171,"dh":1.34,"pl":0,"fo":1,"c":568}},{"type":"Feature","geometry":{"type":"Polygon","coordinates":[[[10.64631,59.48779],[10.64631,59.48775],[10.64616,59.48765],[10.64601,59.48766],[10.64615,59.48778],[10.64631,59.48779]]]},"properties":{"a":168,"v":-269,"dh":1.6,"pl":0,"fo":1,"c":569}},{"type":"Feature","geometry":{"type":"Polygon","coordinates":[[[10.64604,59.48791],[10.64603,59.48778],[10.64596,59.48773],[10.64583,59.48775],[10.64584,59.48781],[10.64591,59.48788],[10.64604,59.48791]]]},"properties":{"a":161,"v":213,"dh":1.32,"pl":0,"fo":1,"c":569}},{"type":"Feature","geometry":{"type":"Polygon","coordinates":[[[10.65527,59.48779],[10.65537,59.48777],[10.65546,59.48779],[10.65551,59.48773],[10.65565,59.48776],[10.65572,59.48773],[10.65547,59.4877],[10.65527,59.48779]]]},"properties":{"a":107,"v":-160,"dh":1.49,"pl":0,"sl":1,"c":570}},{"type":"Feature","geometry":{"type":"Polygon","coordinates":[[[10.64753,59.48878],[10.64754,59.48871],[10.6474,59.48864],[10.64725,59.48864],[10.64731,59.48869],[10.64751,59.48874],[10.64753,59.48878]]]},"properties":{"a":101,"v":109,"dh":1.08,"pl":0,"fo":1,"c":571}},{"type":"Feature","geometry":{"type":"Polygon","coordinates":[[[10.65389,59.489],[10.65404,59.48874],[10.65405,59.48859],[10.65391,59.48866],[10.65392,59.48877],[10.65375,59.48892],[10.65389,59.489]]]},"properties":{"a":317,"v":619,"dh":1.95,"pl":0,"fo":1,"c":572}},{"type":"Feature","geometry":{"type":"Polygon","coordinates":[[[10.65398,59.48933],[10.65408,59.48921],[10.6542,59.48917],[10.65418,59.48903],[10.65401,59.4891],[10.65403,59.48919],[10.65398,59.48922],[10.654,59.48929],[10.65394,59.48931],[10.65398,59.48933]]]},"properties":{"a":217,"v":506,"dh":2.33,"pl":0,"sl":1,"c":573}},{"type":"Feature","geometry":{"type":"Polygon","coordinates":[[[10.65473,59.48953],[10.65496,59.48954],[10.65475,59.48946],[10.65472,59.48935],[10.65465,59.48937],[10.65466,59.48946],[10.65473,59.48953]]]},"properties":{"a":139,"v":159,"dh":1.15,"pl":0,"fo":1,"c":574}},{"type":"Feature","geometry":{"type":"Polygon","coordinates":[[[10.6542,59.4898],[10.65434,59.48976],[10.65439,59.48967],[10.65423,59.48964],[10.65416,59.48974],[10.6542,59.4898]]]},"properties":{"a":138,"v":260,"dh":1.88,"pl":0,"fo":1,"c":574}},{"type":"Feature","geometry":{"type":"Polygon","coordinates":[[[10.65158,59.49011],[10.6514,59.48998],[10.65147,59.48994],[10.65143,59.48988],[10.65132,59.48989],[10.65142,59.49007],[10.65158,59.49011]]]},"properties":{"a":126,"v":127,"dh":1.01,"pl":0,"fo":1,"c":575}},{"type":"Feature","geometry":{"type":"Polygon","coordinates":[[[10.65471,59.49186],[10.65472,59.49178],[10.65482,59.49174],[10.65475,59.49165],[10.65464,59.49169],[10.65463,59.49183],[10.65471,59.49186]]]},"properties":{"a":150,"v":161,"dh":1.07,"pl":0,"fo":1,"c":576}},{"type":"Feature","geometry":{"type":"Polygon","coordinates":[[[10.64079,59.48611],[10.64077,59.48605],[10.64082,59.48597],[10.64077,59.48594],[10.64068,59.48597],[10.6407,59.4861],[10.64079,59.48611]]]},"properties":{"a":112,"v":105,"dh":0.94,"pl":0,"sh":1,"c":577}},{"type":"Feature","geometry":{"type":"Polygon","coordinates":[[[10.64214,59.51089],[10.64194,59.51077],[10.64172,59.51073],[10.64185,59.51081],[10.64214,59.51089]]]},"properties":{"a":120,"v":160,"dh":1.34,"pl":0,"fo":1,"c":578}},{"type":"Feature","geometry":{"type":"Polygon","coordinates":[[[10.64486,59.51174],[10.64483,59.51171],[10.64488,59.51165],[10.64477,59.51167],[10.64473,59.51159],[10.64446,59.51151],[10.64464,59.5116],[10.64467,59.51169],[10.64486,59.51174]]]},"properties":{"a":153,"v":-243,"dh":1.59,"pl":0,"sl":1,"c":579}},{"type":"Feature","geometry":{"type":"Polygon","coordinates":[[[10.63957,59.51337],[10.63962,59.51331],[10.63949,59.51326],[10.63939,59.51329],[10.63948,59.51337],[10.63957,59.51337]]]},"properties":{"a":102,"v":152,"dh":1.49,"pl":0,"fo":1,"c":580}},{"type":"Feature","geometry":{"type":"Polygon","coordinates":[[[10.63681,59.51361],[10.63665,59.51358],[10.63661,59.51355],[10.63664,59.51352],[10.63657,59.51351],[10.63659,59.51347],[10.63639,59.51341],[10.63652,59.51348],[10.63659,59.51359],[10.63681,59.51361]]]},"properties":{"a":104,"v":-152,"dh":1.46,"pl":0,"sl":1,"c":581}},{"type":"Feature","geometry":{"type":"Polygon","coordinates":[[[10.6361,59.51369],[10.63619,59.51357],[10.63573,59.51364],[10.63603,59.51364],[10.63603,59.51369],[10.6361,59.51369]]]},"properties":{"a":147,"v":-285,"dh":1.94,"pl":0,"sl":1,"c":581}},{"type":"Feature","geometry":{"type":"Polygon","coordinates":[[[10.6367,59.51366],[10.63656,59.51359],[10.63623,59.51364],[10.6366,59.51363],[10.6367,59.51366]],[[10.63637,59.51363],[10.63638,59.51362],[10.63638,59.51363],[10.63637,59.51363]]]},"properties":{"a":109,"v":-147,"dh":1.35,"pl":0,"sl":1,"c":581}},{"type":"Feature","geometry":{"type":"Polygon","coordinates":[[[10.63526,59.51454],[10.63547,59.51449],[10.63536,59.51436],[10.63531,59.51439],[10.63536,59.51446],[10.63528,59.51449],[10.63526,59.51454]]]},"properties":{"a":113,"v":188,"dh":1.66,"pl":0,"sl":1,"c":582}},{"type":"Feature","geometry":{"type":"MultiPolygon","coordinates":[[[[10.63929,59.51556],[10.63934,59.51556],[10.63937,59.51546],[10.63951,59.51541],[10.63937,59.51537],[10.6394,59.51542],[10.63928,59.51546],[10.63929,59.51556]]],[[[10.63925,59.51554],[10.63927,59.51555],[10.63927,59.51554],[10.63925,59.51554]]]]},"properties":{"a":109,"v":-172,"dh":1.58,"pl":0,"sl":1,"c":583}}]}