{"type":"FeatureCollection","features":[{"type":"Feature","geometry":{"type":"Polygon","coordinates":[[[10.6552,59.61526],[10.65524,59.6152],[10.65517,59.61518],[10.65516,59.61508],[10.65521,59.61503],[10.65498,59.61505],[10.6552,59.61526]]]},"properties":{"a":161,"v":-211,"dh":1.31,"pl":0,"sl":1,"c":0}},{"type":"Feature","geometry":{"type":"Polygon","coordinates":[[[10.65528,59.61542],[10.65549,59.61539],[10.65555,59.61534],[10.65547,59.61529],[10.65544,59.61534],[10.65535,59.61532],[10.65521,59.61538],[10.65528,59.61542]]]},"properties":{"a":129,"v":161,"dh":1.25,"pl":0,"fo":1,"c":1}},{"type":"Feature","geometry":{"type":"Polygon","coordinates":[[[10.65495,59.61556],[10.65502,59.61551],[10.655,59.61547],[10.65516,59.61536],[10.6551,59.61535],[10.65516,59.61535],[10.65517,59.61529],[10.65489,59.61541],[10.65485,59.61553],[10.65495,59.61556]]]},"properties":{"a":210,"v":-260,"dh":1.24,"pl":0,"fo":1,"c":1}},{"type":"Feature","geometry":{"type":"Polygon","coordinates":[[[10.65538,59.61557],[10.65538,59.61552],[10.65527,59.61546],[10.65509,59.61548],[10.65511,59.61556],[10.65538,59.61557]]]},"properties":{"a":164,"v":296,"dh":1.8,"pl":0,"fo":1,"c":1}},{"type":"Feature","geometry":{"type":"Polygon","coordinates":[[[10.65311,59.61886],[10.65309,59.61879],[10.65291,59.61871],[10.65279,59.61878],[10.65286,59.61884],[10.653,59.6188],[10.65311,59.61886]]]},"properties":{"a":149,"v":207,"dh":1.39,"pl":0,"fo":1,"c":2}},{"type":"Feature","geometry":{"type":"MultiPolygon","coordinates":[[[[10.6543,59.6199],[10.65425,59.61992],[10.6543,59.61993],[10.6543,59.6199]]],[[[10.65425,59.61994],[10.65427,59.61998],[10.654,59.62],[10.65392,59.62007],[10.65406,59.62014],[10.65408,59.62009],[10.65417,59.62014],[10.65427,59.62012],[10.65433,59.62009],[10.6543,59.62003],[10.65437,59.62],[10.65434,59.61993],[10.65425,59.61994]]]]},"properties":{"a":326,"v":428,"dh":1.31,"pl":0,"fo":1,"c":3}},{"type":"Feature","geometry":{"type":"Polygon","coordinates":[[[10.65367,59.62042],[10.65384,59.62039],[10.65378,59.62027],[10.65367,59.62042]]]},"properties":{"a":116,"v":-136,"dh":1.17,"pl":0,"fo":1,"c":3}},{"type":"Feature","geometry":{"type":"Polygon","coordinates":[[[10.65501,59.62075],[10.65506,59.62066],[10.65513,59.62065],[10.65515,59.6206],[10.65506,59.62056],[10.65492,59.6206],[10.65494,59.62072],[10.65501,59.62075]]]},"properties":{"a":163,"v":162,"dh":1.0,"pl":0,"sh":1,"c":4}},{"type":"Feature","geometry":{"type":"Polygon","coordinates":[[[10.65504,59.62088],[10.65512,59.62081],[10.65487,59.62078],[10.65489,59.62085],[10.65504,59.62088]]]},"properties":{"a":102,"v":117,"dh":1.15,"pl":0,"c":4}},{"type":"Feature","geometry":{"type":"Polygon","coordinates":[[[10.65322,59.62101],[10.65326,59.62087],[10.65309,59.62087],[10.65311,59.62095],[10.65322,59.62101]]]},"properties":{"a":113,"v":152,"dh":1.35,"pl":0,"fo":1,"c":5}},{"type":"Feature","geometry":{"type":"Polygon","coordinates":[[[10.65033,59.62358],[10.65047,59.62352],[10.65046,59.6234],[10.65041,59.6234],[10.65031,59.62353],[10.65033,59.62358]]]},"properties":{"a":103,"v":131,"dh":1.28,"pl":0,"fo":1,"c":6}},{"type":"Feature","geometry":{"type":"Polygon","coordinates":[[[10.65,59.62376],[10.65001,59.6236],[10.64985,59.62359],[10.64982,59.62372],[10.65,59.62376]]]},"properties":{"a":188,"v":306,"dh":1.63,"pl":0,"fo":1,"c":6}},{"type":"Feature","geometry":{"type":"Polygon","coordinates":[[[10.65025,59.62377],[10.65026,59.6236],[10.65017,59.62362],[10.65014,59.6237],[10.65007,59.62373],[10.65011,59.62377],[10.65025,59.62377]]]},"properties":{"a":139,"v":-162,"dh":1.17,"pl":0,"fo":1,"c":6}},{"type":"Feature","geometry":{"type":"Polygon","coordinates":[[[10.64928,59.62462],[10.64937,59.62451],[10.64933,59.62447],[10.6494,59.62444],[10.64947,59.62446],[10.64936,59.62439],[10.64935,59.6243],[10.64927,59.62439],[10.64931,59.62446],[10.64927,59.62447],[10.64928,59.62462]]]},"properties":{"a":150,"v":154,"dh":1.02,"pl":0,"fo":1,"c":7}},{"type":"Feature","geometry":{"type":"Polygon","coordinates":[[[10.64956,59.62768],[10.64959,59.62763],[10.6495,59.62759],[10.64951,59.62745],[10.64933,59.62737],[10.64913,59.6274],[10.64916,59.62749],[10.64925,59.62754],[10.64929,59.62763],[10.64956,59.62768]],[[10.64941,59.62752],[10.64935,59.62752],[10.64937,59.6275],[10.64941,59.62752]]]},"properties":{"a":517,"v":632,"dh":1.22,"pl":1,"pn":"Kroklia nedre","pd":"2001-02-12","fo":1,"c":8}},{"type":"Feature","geometry":{"type":"Polygon","coordinates":[[[10.64779,59.62785],[10.64791,59.62779],[10.64796,59.62766],[10.64776,59.62765],[10.64788,59.62777],[10.6477,59.62783],[10.64779,59.62785]]]},"properties":{"a":152,"v":179,"dh":1.18,"pl":1,"pn":"LENSMANNSVEIEN SØNDRE EKEBERG","pd":"2014-12-08","fo":1,"c":9}},{"type":"Feature","geometry":{"type":"Polygon","coordinates":[[[10.64637,59.62858],[10.64656,59.62846],[10.64656,59.62842],[10.6464,59.6284],[10.64631,59.62843],[10.64639,59.62851],[10.64637,59.62858]]]},"properties":{"a":152,"v":228,"dh":1.5,"pl":0,"fo":1,"c":10}},{"type":"Feature","geometry":{"type":"Polygon","coordinates":[[[10.64896,59.62896],[10.64905,59.62885],[10.64906,59.6287],[10.64889,59.62849],[10.64844,59.62846],[10.64833,59.62845],[10.64833,59.62841],[10.64805,59.62845],[10.64876,59.6285],[10.64887,59.62856],[10.64899,59.62872],[10.64892,59.62878],[10.64899,59.62882],[10.64891,59.62891],[10.64891,59.62896],[10.64896,59.62896]]]},"properties":{"a":400,"v":-566,"dh":1.41,"pl":0,"fo":1,"c":11}},{"type":"Feature","geometry":{"type":"Polygon","coordinates":[[[10.64451,59.62896],[10.64463,59.62888],[10.64466,59.62878],[10.64454,59.62877],[10.64442,59.62892],[10.64451,59.62896]]]},"properties":{"a":147,"v":-169,"dh":1.15,"pl":0,"fo":1,"c":12}},{"type":"Feature","geometry":{"type":"Polygon","coordinates":[[[10.6487,59.62905],[10.64872,59.62899],[10.64841,59.62891],[10.64802,59.62895],[10.64806,59.62902],[10.64822,59.62895],[10.64838,59.62894],[10.64847,59.62904],[10.6487,59.62905]]]},"properties":{"a":277,"v":318,"dh":1.15,"pl":0,"fo":1,"c":11}},{"type":"Feature","geometry":{"type":"Polygon","coordinates":[[[10.64848,59.62927],[10.64844,59.62916],[10.6482,59.62924],[10.64836,59.62927],[10.64848,59.62927]]]},"properties":{"a":112,"v":-103,"dh":0.92,"pl":0,"sh":1,"c":13}},{"type":"Feature","geometry":{"type":"Polygon","coordinates":[[[10.64857,59.6307],[10.64855,59.63062],[10.64833,59.63058],[10.64841,59.6307],[10.64857,59.6307]]]},"properties":{"a":126,"v":-170,"dh":1.35,"pl":0,"fo":1,"c":14}},{"type":"Feature","geometry":{"type":"Polygon","coordinates":[[[10.64445,59.63134],[10.64448,59.63126],[10.64428,59.63121],[10.64431,59.6313],[10.64427,59.63133],[10.64434,59.63131],[10.64445,59.63134]]]},"properties":{"a":110,"v":-114,"dh":1.03,"pl":0,"fo":1,"c":15}},{"type":"Feature","geometry":{"type":"Polygon","coordinates":[[[10.65054,59.63226],[10.65068,59.63221],[10.65064,59.63213],[10.65052,59.63217],[10.65054,59.63226]]]},"properties":{"a":101,"v":-127,"dh":1.26,"pl":0,"fo":1,"c":16}},{"type":"Feature","geometry":{"type":"Polygon","coordinates":[[[10.644,59.63291],[10.64399,59.6328],[10.64388,59.63279],[10.64391,59.6327],[10.64374,59.63272],[10.64383,59.63286],[10.644,59.63291]]]},"properties":{"a":193,"v":-270,"dh":1.4,"pl":0,"fo":1,"c":17}},{"type":"Feature","geometry":{"type":"Polygon","coordinates":[[[10.64722,59.63286],[10.64772,59.63284],[10.64775,59.63275],[10.6473,59.63275],[10.6472,59.63282],[10.64722,59.63286]]]},"properties":{"a":317,"v":560,"dh":1.77,"pl":0,"fo":1,"c":18}},{"type":"Feature","geometry":{"type":"Polygon","coordinates":[[[10.64741,59.63303],[10.64771,59.63299],[10.64775,59.63288],[10.64747,59.63289],[10.64737,59.63301],[10.6473,59.63299],[10.64741,59.63303]]]},"properties":{"a":252,"v":-422,"dh":1.67,"pl":0,"fo":1,"c":18}},{"type":"Feature","geometry":{"type":"Polygon","coordinates":[[[10.65032,59.6331],[10.6503,59.63307],[10.65037,59.63305],[10.65029,59.63297],[10.65014,59.63299],[10.65032,59.6331]]]},"properties":{"a":101,"v":95,"dh":0.94,"pl":0,"sh":1,"c":19}},{"type":"Feature","geometry":{"type":"Polygon","coordinates":[[[10.65131,59.63379],[10.65161,59.6337],[10.65164,59.63355],[10.65142,59.63345],[10.65117,59.63348],[10.65101,59.63343],[10.65083,59.6335],[10.65082,59.63365],[10.65088,59.63369],[10.65102,59.63369],[10.65131,59.63379]]]},"properties":{"a":1292,"v":2925,"dh":2.26,"pl":0,"fo":1,"c":20}},{"type":"Feature","geometry":{"type":"Polygon","coordinates":[[[10.64936,59.63534],[10.64936,59.63521],[10.64916,59.63522],[10.64922,59.6353],[10.64936,59.63534]]]},"properties":{"a":129,"v":174,"dh":1.35,"pl":0,"fo":1,"c":21}},{"type":"Feature","geometry":{"type":"Polygon","coordinates":[[[10.65516,59.6212],[10.65525,59.62113],[10.65524,59.62107],[10.65513,59.62105],[10.6551,59.621],[10.65499,59.62101],[10.655,59.62114],[10.65516,59.6212]]]},"properties":{"a":231,"v":-268,"dh":1.16,"pl":0,"c":4}},{"type":"Feature","geometry":{"type":"Polygon","coordinates":[[[10.65538,59.6221],[10.65545,59.62203],[10.65546,59.62196],[10.65532,59.62199],[10.65526,59.62206],[10.65538,59.6221]]]},"properties":{"a":104,"v":146,"dh":1.4,"pl":0,"fo":1,"c":22}},{"type":"Feature","geometry":{"type":"Polygon","coordinates":[[[10.65336,59.62243],[10.65344,59.6223],[10.65342,59.62223],[10.65335,59.62225],[10.65335,59.62232],[10.65328,59.62235],[10.65336,59.62243]]]},"properties":{"a":104,"v":115,"dh":1.11,"pl":0,"fo":1,"c":23}},{"type":"Feature","geometry":{"type":"Polygon","coordinates":[[[10.65224,59.62247],[10.65226,59.62238],[10.65233,59.62237],[10.65233,59.62232],[10.65213,59.62233],[10.65224,59.62247]]]},"properties":{"a":106,"v":-152,"dh":1.44,"pl":0,"fo":1,"c":24}},{"type":"Feature","geometry":{"type":"Polygon","coordinates":[[[10.655,59.62366],[10.6551,59.62357],[10.65506,59.62342],[10.65498,59.6234],[10.65495,59.62332],[10.65473,59.62336],[10.65469,59.62347],[10.65473,59.62357],[10.65487,59.62367],[10.655,59.62366]]]},"properties":{"a":636,"v":1055,"dh":1.66,"pl":0,"fo":1,"c":25}},{"type":"Feature","geometry":{"type":"Polygon","coordinates":[[[10.65392,59.63747],[10.65369,59.63747],[10.65368,59.63753],[10.65379,59.63764],[10.65394,59.63754],[10.65392,59.63747]]]},"properties":{"a":182,"v":224,"dh":1.23,"pl":1,"pn":"SYDVEIEN 1","pd":"2007-08-22","fo":1,"c":26}},{"type":"Feature","geometry":{"type":"Polygon","coordinates":[[[10.65402,59.63797],[10.65422,59.63786],[10.65393,59.63773],[10.65376,59.63775],[10.65378,59.63782],[10.65373,59.63784],[10.65378,59.63785],[10.65378,59.63793],[10.65393,59.63791],[10.65402,59.63797]]]},"properties":{"a":442,"v":697,"dh":1.58,"pl":1,"pn":"SYDVEIEN 1","pd":"2007-08-22","fo":1,"c":26}},{"type":"Feature","geometry":{"type":"Polygon","coordinates":[[[10.65411,59.63809],[10.65418,59.63804],[10.65393,59.63807],[10.65393,59.638],[10.65386,59.63799],[10.65379,59.63805],[10.65388,59.63809],[10.65411,59.63809]]]},"properties":{"a":126,"v":-151,"dh":1.2,"pl":1,"pn":"SYDVEIEN 1","pd":"2007-08-22","fo":1,"c":26}},{"type":"Feature","geometry":{"type":"Polygon","coordinates":[[[10.65525,59.64546],[10.65539,59.64539],[10.65544,59.64526],[10.65556,59.64518],[10.65544,59.64519],[10.6553,59.64529],[10.65525,59.64546]]]},"properties":{"a":199,"v":256,"dh":1.29,"pl":0,"c":27}},{"type":"Feature","geometry":{"type":"MultiPolygon","coordinates":[[[[10.65376,59.65106],[10.65377,59.65106],[10.65376,59.65106],[10.65376,59.65106]]],[[[10.65376,59.65106],[10.65358,59.651],[10.65354,59.65109],[10.65371,59.65114],[10.65379,59.65112],[10.65372,59.65109],[10.6537,59.65107],[10.65376,59.65106]]]]},"properties":{"a":116,"v":110,"dh":0.95,"pl":1,"pn":"Røysepytten og Øierudbråten","pd":"2011-11-14","sh":1,"c":28}},{"type":"Feature","geometry":{"type":"Polygon","coordinates":[[[10.66013,59.61441],[10.66037,59.61441],[10.66046,59.61433],[10.6604,59.61417],[10.66009,59.61434],[10.66013,59.61441]]]},"properties":{"a":369,"v":803,"dh":2.18,"pl":0,"fo":1,"c":29}},{"type":"Feature","geometry":{"type":"Polygon","coordinates":[[[10.65848,59.61556],[10.65866,59.61562],[10.65866,59.61552],[10.65855,59.61546],[10.65844,59.61548],[10.65848,59.61556]]]},"properties":{"a":140,"v":353,"dh":2.52,"pl":0,"fo":1,"c":30}},{"type":"Feature","geometry":{"type":"Polygon","coordinates":[[[10.66104,59.61738],[10.66098,59.61726],[10.66082,59.61725],[10.66086,59.61736],[10.66104,59.61738]]]},"properties":{"a":142,"v":-225,"dh":1.58,"pl":0,"fo":1,"c":31}},{"type":"Feature","geometry":{"type":"Polygon","coordinates":[[[10.65781,59.65126],[10.65788,59.65122],[10.65784,59.65106],[10.65793,59.65105],[10.65791,59.65102],[10.65771,59.65104],[10.65763,59.6511],[10.65765,59.6512],[10.65777,59.65121],[10.65781,59.65126]]]},"properties":{"a":249,"v":-447,"dh":1.8,"pl":0,"fo":1,"c":32}},{"type":"Feature","geometry":{"type":"Polygon","coordinates":[[[10.66169,59.65329],[10.66167,59.65317],[10.66177,59.65303],[10.66155,59.65302],[10.66153,59.65314],[10.66163,59.65317],[10.66164,59.65326],[10.66169,59.65329]]]},"properties":{"a":190,"v":222,"dh":1.17,"pl":0,"fo":1,"c":33}},{"type":"Feature","geometry":{"type":"Polygon","coordinates":[[[10.66362,59.6628],[10.66396,59.66253],[10.66399,59.66248],[10.66394,59.66247],[10.6636,59.66269],[10.66347,59.66265],[10.66338,59.66269],[10.66339,59.66275],[10.66362,59.6628]]]},"properties":{"a":379,"v":450,"dh":1.19,"pl":1,"pn":"FV 152 TROLLDALEN KURVEUTRETTING OG G/S-VEI","pd":"2012-06-18","fo":1,"c":34}},{"type":"Feature","geometry":{"type":"Polygon","coordinates":[[[10.66251,59.66345],[10.66281,59.66336],[10.66314,59.66319],[10.66319,59.66314],[10.66315,59.6631],[10.66331,59.66306],[10.66345,59.66294],[10.66348,59.66281],[10.66315,59.66302],[10.66303,59.66302],[10.66299,59.66309],[10.66273,59.66321],[10.66274,59.66326],[10.66259,59.66327],[10.66253,59.66337],[10.6623,59.66343],[10.66251,59.66345]]]},"properties":{"a":1009,"v":-1724,"dh":1.71,"pl":1,"pn":"Kolstad, Klommestein skog og Odalen","pd":"2020-11-02","fo":1,"c":35}},{"type":"Feature","geometry":{"type":"Polygon","coordinates":[[[10.66178,59.66376],[10.6619,59.66364],[10.66164,59.66366],[10.66168,59.66375],[10.66178,59.66376]]]},"properties":{"a":158,"v":-234,"dh":1.48,"pl":1,"pn":"Kolstad, Klommestein skog og Odalen","pd":"2020-11-02","fo":1,"c":35}},{"type":"Feature","geometry":{"type":"Polygon","coordinates":[[[10.66048,59.66505],[10.66073,59.66461],[10.6608,59.66463],[10.66076,59.6649],[10.66086,59.66488],[10.66086,59.66481],[10.66104,59.66455],[10.66103,59.66433],[10.66124,59.66433],[10.66171,59.66408],[10.66172,59.66397],[10.66187,59.66398],[10.66188,59.66393],[10.662,59.6639],[10.66198,59.66383],[10.66172,59.66387],[10.66172,59.66382],[10.66153,59.66374],[10.66151,59.66368],[10.66188,59.66361],[10.66221,59.66369],[10.66272,59.66356],[10.66273,59.66352],[10.6613,59.66366],[10.66111,59.66372],[10.66094,59.66389],[10.66082,59.66394],[10.66059,59.66397],[10.66066,59.66402],[10.66065,59.66405],[10.66048,59.66402],[10.66042,59.66425],[10.66051,59.66425],[10.66052,59.66432],[10.66059,59.66438],[10.6606,59.66461],[10.66048,59.66505]],[[10.66176,59.66393],[10.66179,59.66391],[10.66179,59.66393],[10.66176,59.66393]],[[10.66167,59.66391],[10.6617,59.6639],[10.6617,59.66391],[10.66167,59.66391]],[[10.66115,59.6639],[10.6612,59.66386],[10.6612,59.66389],[10.66115,59.6639]],[[10.66126,59.66386],[10.66127,59.66379],[10.66145,59.66372],[10.6614,59.66381],[10.66126,59.66386]]]},"properties":{"a":5332,"v":10929,"dh":2.05,"pl":1,"pn":"Kolstad, Klommestein skog og Odalen","pd":"2020-11-02","c":35}},{"type":"Feature","geometry":{"type":"Polygon","coordinates":[[[10.65959,59.66639],[10.65981,59.66612],[10.65994,59.66564],[10.65999,59.66561],[10.66007,59.66539],[10.66023,59.6653],[10.66045,59.66505],[10.66057,59.66471],[10.66053,59.66433],[10.66046,59.66434],[10.66031,59.66445],[10.6602,59.66473],[10.66013,59.66474],[10.66017,59.66483],[10.66012,59.66487],[10.66009,59.66501],[10.66,59.66506],[10.66006,59.66513],[10.65983,59.66511],[10.65971,59.66518],[10.65983,59.66526],[10.65984,59.6653],[10.65998,59.66534],[10.66,59.6654],[10.65991,59.66561],[10.65984,59.66565],[10.65986,59.66574],[10.65979,59.66582],[10.65972,59.66614],[10.65957,59.66632],[10.65959,59.66639]]]},"properties":{"a":2790,"v":-11778,"dh":4.22,"pl":1,"pn":"FV 152 TROLLDALEN KURVEUTRETTING OG G/S-VEI","pd":"2012-06-18","c":34}},{"type":"Feature","geometry":{"type":"Polygon","coordinates":[[[10.65071,59.63642],[10.65031,59.63625],[10.65015,59.63611],[10.65004,59.63614],[10.65016,59.63627],[10.65032,59.63629],[10.6505,59.63639],[10.65071,59.63642]]]},"properties":{"a":296,"v":292,"dh":0.99,"pl":0,"sh":1,"c":36}},{"type":"Feature","geometry":{"type":"Polygon","coordinates":[[[10.64875,59.63657],[10.64905,59.63653],[10.64871,59.6365],[10.64875,59.63657]]]},"properties":{"a":109,"v":132,"dh":1.21,"pl":0,"fo":1,"c":37}},{"type":"Feature","geometry":{"type":"Polygon","coordinates":[[[10.6511,59.63663],[10.65114,59.6365],[10.65123,59.63642],[10.65102,59.63652],[10.65104,59.63662],[10.6511,59.63663]]]},"properties":{"a":113,"v":111,"dh":0.98,"pl":0,"sh":1,"c":36}},{"type":"Feature","geometry":{"type":"Polygon","coordinates":[[[10.64914,59.63865],[10.64945,59.63862],[10.64947,59.63854],[10.64936,59.63849],[10.64906,59.63855],[10.64914,59.63865]]]},"properties":{"a":298,"v":355,"dh":1.19,"pl":0,"fo":1,"c":38}},{"type":"Feature","geometry":{"type":"Polygon","coordinates":[[[10.64432,59.64208],[10.64441,59.64203],[10.64426,59.642],[10.64411,59.64205],[10.64432,59.64208]]]},"properties":{"a":110,"v":147,"dh":1.33,"pl":1,"pn":"SKIPHELLE-ODALSBEKKEN","pd":"1977-08-19","sl":1,"c":39}},{"type":"Feature","geometry":{"type":"Polygon","coordinates":[[[10.64501,59.64277],[10.64526,59.64273],[10.64509,59.64265],[10.6449,59.64263],[10.64492,59.64272],[10.64499,59.64267],[10.64506,59.6427],[10.64504,59.64274],[10.64499,59.64273],[10.64501,59.64277]]]},"properties":{"a":161,"v":134,"dh":0.83,"pl":1,"pn":"SKIPHELLE-ODALSBEKKEN","pd":"1977-08-19","sh":1,"c":39}},{"type":"Feature","geometry":{"type":"Polygon","coordinates":[[[10.64951,59.64297],[10.64957,59.64285],[10.6495,59.64278],[10.64934,59.64279],[10.64936,59.64287],[10.64951,59.64297]]]},"properties":{"a":183,"v":270,"dh":1.47,"pl":0,"fo":1,"c":40}},{"type":"Feature","geometry":{"type":"Polygon","coordinates":[[[10.64412,59.65025],[10.64415,59.65021],[10.64429,59.65019],[10.64427,59.65009],[10.64441,59.6501],[10.64443,59.65003],[10.64434,59.65002],[10.64433,59.64998],[10.64444,59.64998],[10.64445,59.6498],[10.64432,59.64978],[10.6444,59.64983],[10.64437,59.6499],[10.64408,59.64995],[10.64407,59.65],[10.64393,59.65003],[10.64399,59.65012],[10.64409,59.65014],[10.64404,59.65023],[10.64412,59.65025]],[[10.64402,59.65003],[10.64405,59.65003],[10.64404,59.65005],[10.64402,59.65003]]]},"properties":{"a":653,"v":707,"dh":1.08,"pl":0,"c":41}},{"type":"Feature","geometry":{"type":"Polygon","coordinates":[[[10.6483,59.6501],[10.64861,59.65005],[10.64861,59.65],[10.64824,59.65005],[10.6483,59.6501]]]},"properties":{"a":160,"v":-284,"dh":1.78,"pl":0,"c":42}},{"type":"Feature","geometry":{"type":"Polygon","coordinates":[[[10.65229,59.65091],[10.65233,59.65085],[10.65206,59.65078],[10.65194,59.65059],[10.65171,59.65062],[10.65163,59.65068],[10.65172,59.65075],[10.6517,59.65079],[10.65186,59.65085],[10.65185,59.6509],[10.65192,59.6509],[10.65194,59.65084],[10.65208,59.65082],[10.65229,59.65091]]]},"properties":{"a":575,"v":-1988,"dh":3.46,"pl":1,"pn":"Røysepytten og Øierudbråten","pd":"2011-11-14","fo":1,"c":43}},{"type":"Feature","geometry":{"type":"Polygon","coordinates":[[[10.6382,59.64495],[10.63821,59.64484],[10.63805,59.64482],[10.63809,59.64493],[10.6382,59.64495]]]},"properties":{"a":100,"v":-111,"dh":1.11,"pl":0,"c":44}},{"type":"Feature","geometry":{"type":"Polygon","coordinates":[[[10.63883,59.64517],[10.63895,59.64512],[10.63897,59.64506],[10.6387,59.64505],[10.63859,59.64508],[10.63862,59.64517],[10.63883,59.64517]]]},"properties":{"a":238,"v":-365,"dh":1.53,"pl":0,"c":44}},{"type":"Feature","geometry":{"type":"Polygon","coordinates":[[[10.63802,59.64528],[10.63807,59.64521],[10.63821,59.64519],[10.63819,59.64509],[10.63808,59.64508],[10.63805,59.64519],[10.63803,59.64508],[10.63794,59.64508],[10.63793,59.64525],[10.63802,59.64528]]]},"properties":{"a":219,"v":-263,"dh":1.2,"pl":0,"c":44}},{"type":"Feature","geometry":{"type":"Polygon","coordinates":[[[10.63797,59.64571],[10.63791,59.64557],[10.63801,59.6455],[10.63801,59.64542],[10.63788,59.64544],[10.63792,59.6454],[10.63788,59.64537],[10.6376,59.64547],[10.63766,59.64553],[10.63759,59.64557],[10.6377,59.64563],[10.6378,59.64559],[10.63797,59.64571]]]},"properties":{"a":471,"v":-861,"dh":1.83,"pl":0,"c":44}},{"type":"Feature","geometry":{"type":"Polygon","coordinates":[[[10.63993,59.64593],[10.64007,59.6458],[10.64004,59.64564],[10.63988,59.64567],[10.63993,59.64587],[10.63988,59.64592],[10.63993,59.64593]]]},"properties":{"a":215,"v":-298,"dh":1.39,"pl":0,"c":45}},{"type":"Feature","geometry":{"type":"Polygon","coordinates":[[[10.63946,59.64607],[10.6394,59.64599],[10.63919,59.64599],[10.63926,59.64607],[10.63946,59.64607]]]},"properties":{"a":114,"v":-132,"dh":1.16,"pl":0,"c":45}},{"type":"Feature","geometry":{"type":"Polygon","coordinates":[[[10.64088,59.64821],[10.64102,59.64816],[10.64101,59.64806],[10.6411,59.64803],[10.641,59.64791],[10.64095,59.64793],[10.64095,59.64799],[10.64073,59.64805],[10.64091,59.64809],[10.64087,59.64816],[10.64096,59.64814],[10.64088,59.64821]]]},"properties":{"a":275,"v":350,"dh":1.27,"pl":0,"c":46}},{"type":"Feature","geometry":{"type":"MultiPolygon","coordinates":[[[[10.63974,59.64901],[10.63964,59.64898],[10.63964,59.64901],[10.63974,59.64901]]],[[[10.63957,59.64903],[10.63948,59.64911],[10.6395,59.64913],[10.6394,59.64916],[10.6394,59.64921],[10.63965,59.64926],[10.6398,59.64913],[10.63976,59.64906],[10.63957,59.64903]]]]},"properties":{"a":392,"v":857,"dh":2.19,"pl":0,"c":47}},{"type":"Feature","geometry":{"type":"Polygon","coordinates":[[[10.6403,59.64977],[10.64035,59.64973],[10.64058,59.64976],[10.64063,59.6497],[10.64049,59.64972],[10.6404,59.64968],[10.64022,59.64972],[10.64011,59.64968],[10.64008,59.64972],[10.6401,59.64975],[10.6403,59.64977]]]},"properties":{"a":180,"v":-196,"dh":1.09,"pl":1,"pn":"ROSENVARDE","pd":"2004-11-15","c":48}},{"type":"Feature","geometry":{"type":"Polygon","coordinates":[[[10.6426,59.65004],[10.64266,59.64995],[10.64266,59.64985],[10.64248,59.64989],[10.6426,59.65004]]]},"properties":{"a":135,"v":168,"dh":1.24,"pl":0,"c":49}},{"type":"Feature","geometry":{"type":"Polygon","coordinates":[[[10.63779,59.65069],[10.63787,59.65063],[10.63772,59.65053],[10.63769,59.65065],[10.63779,59.65069]]]},"properties":{"a":112,"v":128,"dh":1.14,"pl":0,"c":50}},{"type":"Feature","geometry":{"type":"Polygon","coordinates":[[[10.64008,59.65071],[10.64027,59.65069],[10.6403,59.65058],[10.64005,59.65056],[10.64008,59.65071]]]},"properties":{"a":209,"v":-334,"dh":1.6,"pl":0,"c":51}},{"type":"Feature","geometry":{"type":"Polygon","coordinates":[[[10.63852,59.65195],[10.6385,59.65189],[10.63857,59.6518],[10.63853,59.65178],[10.63858,59.65172],[10.63856,59.65169],[10.6384,59.65172],[10.63841,59.65181],[10.63852,59.65195]]]},"properties":{"a":159,"v":282,"dh":1.77,"pl":0,"c":52}},{"type":"Feature","geometry":{"type":"Polygon","coordinates":[[[10.63916,59.65191],[10.63919,59.65188],[10.63908,59.65185],[10.63912,59.65179],[10.63906,59.65171],[10.6389,59.65176],[10.63899,59.65183],[10.639,59.6519],[10.63916,59.65191]]]},"properties":{"a":192,"v":219,"dh":1.14,"pl":0,"c":52}},{"type":"Feature","geometry":{"type":"Polygon","coordinates":[[[10.63861,59.65196],[10.63864,59.65189],[10.6388,59.65193],[10.63893,59.65191],[10.63891,59.65187],[10.63873,59.65187],[10.63865,59.65172],[10.6386,59.65172],[10.63852,59.65191],[10.63861,59.65196]],[[10.63866,59.65186],[10.63859,59.65183],[10.63866,59.6518],[10.63866,59.65186]]]},"properties":{"a":225,"v":-310,"dh":1.38,"pl":0,"c":52}},{"type":"Feature","geometry":{"type":"Polygon","coordinates":[[[10.63774,59.65192],[10.63782,59.65185],[10.63766,59.6518],[10.63765,59.6519],[10.63774,59.65192]]]},"properties":{"a":100,"v":-144,"dh":1.44,"pl":0,"c":52}},{"type":"Feature","geometry":{"type":"MultiPolygon","coordinates":[[[[10.63929,59.65204],[10.63921,59.65195],[10.63903,59.65192],[10.63925,59.65208],[10.63929,59.65204]]],[[[10.63927,59.65208],[10.63931,59.65213],[10.6394,59.65211],[10.63927,59.65208]]]]},"properties":{"a":117,"v":92,"dh":0.78,"pl":0,"sh":1,"c":52}},{"type":"Feature","geometry":{"type":"Polygon","coordinates":[[[10.64236,59.65234],[10.6426,59.65235],[10.64269,59.65229],[10.6426,59.65225],[10.64241,59.65228],[10.64236,59.65234]]]},"properties":{"a":124,"v":120,"dh":0.97,"pl":1,"pn":"Skogveien - nordre del","pd":"2001-04-23","sh":1,"c":53}},{"type":"Feature","geometry":{"type":"MultiPolygon","coordinates":[[[[10.63918,59.65239],[10.63911,59.65231],[10.63906,59.65235],[10.63915,59.65244],[10.63924,59.65243],[10.63918,59.65239]]],[[[10.63924,59.65241],[10.63932,59.65242],[10.63927,59.65231],[10.6392,59.65233],[10.63924,59.65241]]]]},"properties":{"a":141,"v":-152,"dh":1.08,"pl":0,"c":52}},{"type":"Feature","geometry":{"type":"Polygon","coordinates":[[[10.64125,59.65296],[10.64125,59.65287],[10.64114,59.65282],[10.64098,59.65282],[10.64098,59.65287],[10.64109,59.65289],[10.64107,59.65295],[10.64125,59.65296]]]},"properties":{"a":165,"v":193,"dh":1.17,"pl":0,"c":54}},{"type":"Feature","geometry":{"type":"Polygon","coordinates":[[[10.65324,59.65112],[10.65333,59.65107],[10.65338,59.65096],[10.65324,59.65095],[10.65327,59.65086],[10.65319,59.65079],[10.65305,59.6508],[10.653,59.65092],[10.65315,59.65097],[10.65315,59.65102],[10.65307,59.65108],[10.65324,59.65112]]]},"properties":{"a":444,"v":522,"dh":1.18,"pl":1,"pn":"Røysepytten og Øierudbråten","pd":"2011-11-14","fo":1,"c":43}},{"type":"Feature","geometry":{"type":"Polygon","coordinates":[[[10.65209,59.65111],[10.65219,59.65106],[10.65212,59.65101],[10.65219,59.65095],[10.65196,59.65093],[10.65196,59.65104],[10.65209,59.65111]]]},"properties":{"a":183,"v":226,"dh":1.23,"pl":1,"pn":"Røysepytten og Øierudbråten","pd":"2011-11-14","fo":1,"c":43}},{"type":"Feature","geometry":{"type":"Polygon","coordinates":[[[10.6515,59.65145],[10.65175,59.65142],[10.65185,59.65125],[10.65205,59.65127],[10.65213,59.6512],[10.65197,59.65117],[10.65183,59.65121],[10.65175,59.65105],[10.65161,59.651],[10.65147,59.65116],[10.65149,59.65121],[10.65156,59.65122],[10.65157,59.65133],[10.6515,59.65145]]]},"properties":{"a":797,"v":1000,"dh":1.26,"pl":1,"pn":"Røysepytten og Øierudbråten","pd":"2011-11-14","fo":1,"c":43}},{"type":"Feature","geometry":{"type":"Polygon","coordinates":[[[10.65147,59.65212],[10.65161,59.65212],[10.6516,59.65202],[10.65153,59.65195],[10.65137,59.65197],[10.65147,59.65212]]]},"properties":{"a":176,"v":204,"dh":1.16,"pl":1,"pn":"Røysepytten og Øierudbråten","pd":"2011-11-14","c":55}},{"type":"Feature","geometry":{"type":"MultiPolygon","coordinates":[[[[10.6436,59.65376],[10.64374,59.6538],[10.64375,59.65371],[10.6436,59.65376]]],[[[10.64353,59.65377],[10.64351,59.65378],[10.64353,59.65378],[10.64353,59.65377]]],[[[10.64342,59.65379],[10.64355,59.65385],[10.64364,59.65383],[10.64363,59.6538],[10.64342,59.65379]]]]},"properties":{"a":115,"v":-112,"dh":0.97,"pl":1,"pn":"NY SOGSTI SKOLE","pd":"2002-09-16","sh":1,"c":146}},{"type":"Feature","geometry":{"type":"Polygon","coordinates":[[[10.64396,59.6539],[10.64404,59.65386],[10.64402,59.65373],[10.64382,59.65371],[10.64381,59.65381],[10.64396,59.6539]]]},"properties":{"a":212,"v":271,"dh":1.28,"pl":1,"pn":"NY SOGSTI SKOLE","pd":"2002-09-16","c":146}},{"type":"Feature","geometry":{"type":"Polygon","coordinates":[[[10.65306,59.65385],[10.65339,59.65375],[10.65341,59.65369],[10.65295,59.65374],[10.65297,59.65382],[10.65306,59.65385]]]},"properties":{"a":268,"v":354,"dh":1.32,"pl":1,"pn":"Røysepytten og Øierudbråten","pd":"2011-11-14","c":55}},{"type":"Feature","geometry":{"type":"Polygon","coordinates":[[[10.6502,59.65409],[10.65025,59.65405],[10.65021,59.65399],[10.65005,59.65396],[10.64995,59.65387],[10.6498,59.65387],[10.64977,59.6538],[10.64954,59.65378],[10.64949,59.65381],[10.64951,59.65387],[10.64965,59.65386],[10.64962,59.65395],[10.64983,59.65392],[10.64996,59.65403],[10.6502,59.65409]]]},"properties":{"a":465,"v":-521,"dh":1.12,"pl":1,"pn":"Vestbyveien - veiplan fra Skogveien til Odalen","pd":"2017-05-22","c":56}},{"type":"Feature","geometry":{"type":"Polygon","coordinates":[[[10.64908,59.65411],[10.64932,59.65394],[10.6493,59.65386],[10.64911,59.65401],[10.64908,59.65411]]]},"properties":{"a":146,"v":164,"dh":1.12,"pl":1,"pn":"Vestbyveien - veiplan fra Skogveien til Odalen","pd":"2017-05-22","c":56}},{"type":"Feature","geometry":{"type":"Polygon","coordinates":[[[10.65204,59.65408],[10.65222,59.65406],[10.65219,59.65393],[10.65206,59.65401],[10.65204,59.65408]]]},"properties":{"a":115,"v":120,"dh":1.04,"pl":1,"pn":"Kolstad, Klommestein skog og Odalen","pd":"2020-11-02","c":57}},{"type":"Feature","geometry":{"type":"Polygon","coordinates":[[[10.63831,59.65346],[10.63852,59.65342],[10.63843,59.6533],[10.63827,59.65341],[10.63831,59.65346]]]},"properties":{"a":154,"v":168,"dh":1.09,"pl":0,"c":58}},{"type":"Feature","geometry":{"type":"Polygon","coordinates":[[[10.63986,59.65509],[10.63998,59.655],[10.64,59.65489],[10.63994,59.65486],[10.64002,59.65476],[10.63994,59.65475],[10.63978,59.65489],[10.63977,59.655],[10.63986,59.65509]]]},"properties":{"a":336,"v":-454,"dh":1.35,"pl":1,"pn":"SOGSTIVEIEN 111","pd":"2012-05-29","c":59}},{"type":"Feature","geometry":{"type":"Polygon","coordinates":[[[10.64075,59.65507],[10.64075,59.65503],[10.64066,59.65499],[10.64065,59.65493],[10.64074,59.65488],[10.64044,59.65482],[10.64037,59.6549],[10.64044,59.65492],[10.64045,59.65502],[10.6405,59.65505],[10.64075,59.65507]]]},"properties":{"a":347,"v":-390,"dh":1.12,"pl":1,"pn":"SOGSTIVEIEN 111","pd":"2012-05-29","c":59}},{"type":"Feature","geometry":{"type":"Polygon","coordinates":[[[10.6402,59.65514],[10.64041,59.65509],[10.64036,59.65506],[10.64039,59.65495],[10.64028,59.6549],[10.64029,59.65482],[10.64017,59.65487],[10.64014,59.65494],[10.64018,59.65502],[10.64015,59.65511],[10.6402,59.65514]]]},"properties":{"a":340,"v":-444,"dh":1.31,"pl":1,"pn":"SOGSTIVEIEN 111","pd":"2012-05-29","c":59}},{"type":"Feature","geometry":{"type":"Polygon","coordinates":[[[10.63798,59.6551],[10.63776,59.65494],[10.63769,59.65497],[10.63784,59.65508],[10.63798,59.6551]]]},"properties":{"a":106,"v":141,"dh":1.33,"pl":1,"pn":"VESTBYVEIEN 54B","pd":"1997-11-17","c":60}},{"type":"Feature","geometry":{"type":"Polygon","coordinates":[[[10.63771,59.6553],[10.63788,59.65523],[10.63809,59.6552],[10.63796,59.65511],[10.63779,59.65508],[10.63772,59.65511],[10.63778,59.65522],[10.63772,59.65524],[10.63771,59.6553]]]},"properties":{"a":285,"v":-557,"dh":1.95,"pl":1,"pn":"VESTBYVEIEN 54B","pd":"1997-11-17","c":60}},{"type":"Feature","geometry":{"type":"Polygon","coordinates":[[[10.64007,59.65569],[10.64024,59.65553],[10.64022,59.65541],[10.64007,59.65539],[10.64001,59.65546],[10.6399,59.65548],[10.63994,59.65554],[10.63983,59.65558],[10.63984,59.65564],[10.63991,59.65562],[10.63987,59.65568],[10.64007,59.65569]]]},"properties":{"a":478,"v":-541,"dh":1.13,"pl":1,"pn":"SOGSTI NORDRE","pd":"2003-12-15","c":61}},{"type":"Feature","geometry":{"type":"Polygon","coordinates":[[[10.64035,59.65563],[10.64034,59.65547],[10.64021,59.65558],[10.64028,59.65567],[10.64035,59.65563]]]},"properties":{"a":109,"v":-152,"dh":1.39,"pl":1,"pn":"SOGSTI NORDRE","pd":"2003-12-15","c":61}},{"type":"Feature","geometry":{"type":"Polygon","coordinates":[[[10.64358,59.65607],[10.64374,59.65604],[10.64381,59.656],[10.64367,59.65601],[10.64365,59.65597],[10.64372,59.65595],[10.64363,59.65594],[10.64353,59.65603],[10.64358,59.65607]]]},"properties":{"a":112,"v":94,"dh":0.84,"pl":0,"sh":1,"c":148}},{"type":"Feature","geometry":{"type":"Polygon","coordinates":[[[10.64149,59.65615],[10.64149,59.656],[10.64133,59.65603],[10.64144,59.65615],[10.64149,59.65615]]]},"properties":{"a":105,"v":90,"dh":0.86,"pl":1,"pn":"SOGSTI NORDRE","pd":"2003-12-15","sh":1,"c":62}},{"type":"Feature","geometry":{"type":"Polygon","coordinates":[[[10.63966,59.63939],[10.63977,59.63936],[10.63976,59.63923],[10.63958,59.63914],[10.63963,59.63931],[10.6395,59.6393],[10.63947,59.63934],[10.63966,59.63939]]]},"properties":{"a":246,"v":308,"dh":1.25,"pl":0,"fo":1,"c":63}},{"type":"Feature","geometry":{"type":"Polygon","coordinates":[[[10.63788,59.64022],[10.63812,59.64017],[10.63816,59.64011],[10.63807,59.64012],[10.63806,59.64001],[10.63794,59.63996],[10.63776,59.64001],[10.63786,59.64015],[10.6377,59.64018],[10.63788,59.64022]],[[10.63788,59.64016],[10.63791,59.64015],[10.63791,59.64016],[10.63788,59.64016]]]},"properties":{"a":417,"v":-465,"dh":1.12,"pl":0,"c":64}},{"type":"Feature","geometry":{"type":"Polygon","coordinates":[[[10.63872,59.64286],[10.63855,59.64273],[10.6385,59.64275],[10.63856,59.64285],[10.63872,59.64286]]]},"properties":{"a":101,"v":125,"dh":1.24,"pl":0,"fo":1,"c":65}},{"type":"Feature","geometry":{"type":"Polygon","coordinates":[[[10.64046,59.6436],[10.64046,59.64339],[10.64029,59.64341],[10.64028,59.64359],[10.64046,59.6436]]]},"properties":{"a":215,"v":329,"dh":1.53,"pl":1,"pn":"ELLE VEST","pd":"2006-12-04","c":66}},{"type":"Feature","geometry":{"type":"Polygon","coordinates":[[[10.63994,59.64367],[10.63997,59.64355],[10.63992,59.64346],[10.63981,59.64348],[10.63972,59.64353],[10.63975,59.64359],[10.63969,59.6436],[10.63975,59.64364],[10.63978,59.64359],[10.63992,59.64359],[10.63987,59.6436],[10.63987,59.64366],[10.63994,59.64367]]]},"properties":{"a":189,"v":-274,"dh":1.45,"pl":1,"pn":"ELLE VEST","pd":"2006-12-04","c":66}},{"type":"Feature","geometry":{"type":"Polygon","coordinates":[[[10.64086,59.64383],[10.64089,59.64378],[10.64071,59.64374],[10.64071,59.64367],[10.64057,59.6437],[10.64071,59.6438],[10.64086,59.64383]]]},"properties":{"a":123,"v":-166,"dh":1.35,"pl":0,"c":67}},{"type":"Feature","geometry":{"type":"Polygon","coordinates":[[[10.64095,59.64388],[10.64113,59.64387],[10.64108,59.64376],[10.64091,59.64382],[10.64095,59.64388]]]},"properties":{"a":127,"v":125,"dh":0.99,"pl":0,"sh":1,"c":67}},{"type":"Feature","geometry":{"type":"Polygon","coordinates":[[[10.638,59.64415],[10.63798,59.64412],[10.63807,59.64408],[10.63805,59.64403],[10.63789,59.64402],[10.63783,59.64406],[10.63787,59.64412],[10.638,59.64415]]]},"properties":{"a":125,"v":184,"dh":1.47,"pl":0,"c":68}},{"type":"Feature","geometry":{"type":"Polygon","coordinates":[[[10.63923,59.64497],[10.6394,59.64498],[10.63937,59.64491],[10.63954,59.64481],[10.63957,59.64473],[10.63948,59.64471],[10.63923,59.64497]]]},"properties":{"a":186,"v":340,"dh":1.83,"pl":0,"c":44}},{"type":"Feature","geometry":{"type":"Polygon","coordinates":[[[10.63569,59.64555],[10.63599,59.64552],[10.63602,59.64548],[10.63584,59.64545],[10.63581,59.64551],[10.63569,59.64552],[10.63569,59.64555]]]},"properties":{"a":113,"v":121,"dh":1.07,"pl":0,"c":69}},{"type":"Feature","geometry":{"type":"Polygon","coordinates":[[[10.63579,59.64838],[10.63607,59.64837],[10.63616,59.64825],[10.63625,59.64823],[10.63605,59.64818],[10.63595,59.64827],[10.63596,59.64818],[10.63604,59.64812],[10.63594,59.6481],[10.63601,59.64806],[10.63594,59.64805],[10.6359,59.64806],[10.63592,59.64814],[10.63587,59.64815],[10.63588,59.64806],[10.63581,59.64807],[10.63576,59.64812],[10.63581,59.64813],[10.63575,59.64818],[10.63575,59.64829],[10.63579,59.64838]],[[10.63597,59.64834],[10.63597,59.6483],[10.636,59.64833],[10.63597,59.64834]]]},"properties":{"a":548,"v":677,"dh":1.24,"pl":0,"c":70}},{"type":"Feature","geometry":{"type":"Polygon","coordinates":[[[10.63435,59.65007],[10.63447,59.65002],[10.63441,59.64993],[10.63427,59.64997],[10.63428,59.65004],[10.63435,59.65007]]]},"properties":{"a":109,"v":105,"dh":0.96,"pl":0,"sh":1,"c":71}},{"type":"Feature","geometry":{"type":"Polygon","coordinates":[[[10.63424,59.65069],[10.63434,59.65064],[10.63427,59.65061],[10.6343,59.65056],[10.63444,59.65055],[10.63444,59.65048],[10.63435,59.65041],[10.63392,59.65048],[10.63404,59.65061],[10.63424,59.65069]]]},"properties":{"a":536,"v":-713,"dh":1.33,"pl":0,"c":71}},{"type":"Feature","geometry":{"type":"Polygon","coordinates":[[[10.63479,59.65337],[10.63488,59.65326],[10.63471,59.65317],[10.63461,59.65328],[10.63473,59.65328],[10.63474,59.65337],[10.63479,59.65337]]]},"properties":{"a":162,"v":-187,"dh":1.15,"pl":0,"c":72}},{"type":"Feature","geometry":{"type":"Polygon","coordinates":[[[10.63384,59.65452],[10.63359,59.65428],[10.63328,59.65432],[10.63326,59.65438],[10.63335,59.65438],[10.63348,59.65449],[10.63384,59.65452]]]},"properties":{"a":492,"v":-1162,"dh":2.36,"pl":0,"c":73}},{"type":"Feature","geometry":{"type":"Polygon","coordinates":[[[10.63278,59.65461],[10.6329,59.65454],[10.63302,59.65454],[10.63302,59.65448],[10.63266,59.65451],[10.63261,59.65455],[10.63262,59.65459],[10.63278,59.65461]]]},"properties":{"a":209,"v":-311,"dh":1.49,"pl":0,"c":73}},{"type":"Feature","geometry":{"type":"Polygon","coordinates":[[[10.63698,59.65525],[10.63699,59.65514],[10.6372,59.65512],[10.63722,59.65503],[10.6369,59.65505],[10.63688,59.655],[10.63677,59.655],[10.6368,59.65519],[10.6369,59.65517],[10.63698,59.65525]]]},"properties":{"a":337,"v":318,"dh":0.94,"pl":1,"pn":"VESTBYVEIEN 54B","pd":"1997-11-17","sh":1,"c":60}},{"type":"Feature","geometry":{"type":"MultiPolygon","coordinates":[[[[10.63717,59.6559],[10.63739,59.65596],[10.6374,59.65588],[10.63729,59.65582],[10.63729,59.65589],[10.63726,59.65583],[10.63713,59.65584],[10.63717,59.6559]]],[[[10.63715,59.6559],[10.63717,59.65591],[10.63717,59.6559],[10.63715,59.6559]]]]},"properties":{"a":109,"v":119,"dh":1.09,"pl":0,"c":74}},{"type":"Feature","geometry":{"type":"MultiPolygon","coordinates":[[[[10.63651,59.65581],[10.63654,59.65579],[10.63651,59.65579],[10.63651,59.65581]]],[[[10.6366,59.65583],[10.63644,59.65586],[10.63648,59.6559],[10.63637,59.65597],[10.63641,59.65606],[10.6365,59.65606],[10.63643,59.6561],[10.63684,59.65607],[10.6368,59.65606],[10.63686,59.65602],[10.63682,59.65594],[10.6366,59.65583]],[[10.63657,59.65603],[10.63663,59.65606],[10.63657,59.65606],[10.63657,59.65603]],[[10.6367,59.65605],[10.63662,59.65599],[10.63673,59.65602],[10.6367,59.65605]]]]},"properties":{"a":525,"v":-759,"dh":1.45,"pl":0,"c":74}},{"type":"Feature","geometry":{"type":"Polygon","coordinates":[[[10.63725,59.65613],[10.63732,59.65602],[10.63702,59.65607],[10.63702,59.65611],[10.63714,59.65609],[10.63725,59.65613]]]},"properties":{"a":123,"v":-108,"dh":0.88,"pl":0,"sh":1,"c":74}},{"type":"Feature","geometry":{"type":"Polygon","coordinates":[[[10.63679,59.65641],[10.63684,59.65637],[10.63681,59.65624],[10.63685,59.65622],[10.63667,59.65615],[10.63653,59.6562],[10.63652,59.65631],[10.63679,59.65641]]]},"properties":{"a":360,"v":-646,"dh":1.79,"pl":0,"c":74}},{"type":"Feature","geometry":{"type":"Polygon","coordinates":[[[10.63514,59.65796],[10.63515,59.65776],[10.63506,59.65774],[10.63507,59.65768],[10.635,59.65769],[10.63509,59.65796],[10.63514,59.65796]],[[10.63513,59.65784],[10.63512,59.65786],[10.63508,59.65786],[10.63513,59.65784]]]},"properties":{"a":127,"v":116,"dh":0.91,"pl":0,"sh":1,"c":75}},{"type":"Feature","geometry":{"type":"Polygon","coordinates":[[[10.63459,59.658],[10.63453,59.65779],[10.63437,59.65775],[10.63424,59.65779],[10.63425,59.65786],[10.63441,59.65789],[10.63436,59.65795],[10.63459,59.658]]]},"properties":{"a":331,"v":-587,"dh":1.77,"pl":0,"c":75}},{"type":"Feature","geometry":{"type":"Polygon","coordinates":[[[10.63599,59.65859],[10.636,59.65854],[10.63595,59.65848],[10.63577,59.65846],[10.63575,59.65839],[10.6356,59.65837],[10.63563,59.65846],[10.63574,59.65853],[10.63599,59.65859]]]},"properties":{"a":230,"v":249,"dh":1.08,"pl":2,"pn":"Sogstikollen 9, 13 og del av Sogstikollen","pd":"2023-05-08","c":76}},{"type":"Feature","geometry":{"type":"Polygon","coordinates":[[[10.63354,59.65893],[10.63357,59.65884],[10.63351,59.65874],[10.6334,59.65871],[10.63319,59.65876],[10.63334,59.65893],[10.63354,59.65893]]]},"properties":{"a":363,"v":-548,"dh":1.51,"pl":1,"pn":"Bråtan-Solås","pd":"2001-11-12","c":77}},{"type":"Feature","geometry":{"type":"Polygon","coordinates":[[[10.63645,59.65903],[10.6364,59.65914],[10.63646,59.65918],[10.63667,59.65918],[10.63661,59.65904],[10.63645,59.65903]],[[10.63646,59.65912],[10.63651,59.65906],[10.63654,59.65909],[10.63646,59.65912]]]},"properties":{"a":178,"v":218,"dh":1.22,"pl":0,"c":78}},{"type":"Feature","geometry":{"type":"Polygon","coordinates":[[[10.63597,59.65925],[10.63596,59.65918],[10.63603,59.65917],[10.63603,59.65914],[10.63589,59.65911],[10.6358,59.65915],[10.63597,59.65925]]]},"properties":{"a":107,"v":-134,"dh":1.25,"pl":0,"c":78}},{"type":"Feature","geometry":{"type":"Polygon","coordinates":[[[10.6359,59.65943],[10.63604,59.65938],[10.63599,59.65932],[10.63581,59.65926],[10.63572,59.65928],[10.63586,59.65935],[10.63585,59.65939],[10.6359,59.65943]],[[10.63593,59.65934],[10.63595,59.65933],[10.63595,59.65934],[10.63593,59.65934]]]},"properties":{"a":147,"v":159,"dh":1.08,"pl":0,"c":78}},{"type":"Feature","geometry":{"type":"Polygon","coordinates":[[[10.64305,59.65636],[10.64308,59.65632],[10.64306,59.6562],[10.64295,59.65619],[10.6429,59.65632],[10.64305,59.65636]]]},"properties":{"a":141,"v":-180,"dh":1.28,"pl":0,"c":148}},{"type":"Feature","geometry":{"type":"Polygon","coordinates":[[[10.64015,59.65692],[10.64016,59.65682],[10.64012,59.6568],[10.63997,59.65688],[10.64002,59.65692],[10.64015,59.65692]]]},"properties":{"a":112,"v":-155,"dh":1.39,"pl":1,"pn":"SOGSTI NORDRE","pd":"2003-12-15","c":61}},{"type":"Feature","geometry":{"type":"Polygon","coordinates":[[[10.63814,59.6572],[10.63826,59.65714],[10.63826,59.6571],[10.6381,59.65708],[10.63806,59.65704],[10.63794,59.65707],[10.63796,59.65716],[10.63814,59.6572]]]},"properties":{"a":207,"v":-298,"dh":1.44,"pl":1,"pn":"SOGSTI NORDRE","pd":"2003-12-15","c":61}},{"type":"Feature","geometry":{"type":"Polygon","coordinates":[[[10.64253,59.658],[10.64252,59.65793],[10.64243,59.65789],[10.64218,59.65793],[10.64219,59.65797],[10.64253,59.658]]]},"properties":{"a":149,"v":177,"dh":1.19,"pl":1,"pn":"SOGSTI NORDRE","pd":"2003-12-15","c":61}},{"type":"Feature","geometry":{"type":"Polygon","coordinates":[[[10.64144,59.65821],[10.64152,59.65811],[10.64138,59.65808],[10.64133,59.65819],[10.64144,59.65821]]]},"properties":{"a":103,"v":-113,"dh":1.1,"pl":0,"c":79}},{"type":"Feature","geometry":{"type":"Polygon","coordinates":[[[10.64054,59.65993],[10.64059,59.6599],[10.64072,59.65991],[10.64077,59.65979],[10.64068,59.65974],[10.64055,59.65978],[10.64043,59.65989],[10.64054,59.65993]]]},"properties":{"a":230,"v":212,"dh":0.92,"pl":0,"sh":1,"c":80}},{"type":"Feature","geometry":{"type":"Polygon","coordinates":[[[10.64104,59.65992],[10.64114,59.65985],[10.64105,59.65977],[10.64085,59.65977],[10.6408,59.6598],[10.64104,59.65992]]]},"properties":{"a":194,"v":-178,"dh":0.92,"pl":0,"sh":1,"c":80}},{"type":"Feature","geometry":{"type":"Polygon","coordinates":[[[10.63778,59.66037],[10.63751,59.66027],[10.63768,59.6601],[10.63735,59.66023],[10.63746,59.66031],[10.63778,59.66037]]]},"properties":{"a":198,"v":257,"dh":1.3,"pl":0,"c":81}},{"type":"Feature","geometry":{"type":"Polygon","coordinates":[[[10.63851,59.6605],[10.63865,59.66043],[10.63806,59.66029],[10.63793,59.6603],[10.63788,59.66036],[10.63794,59.66041],[10.63851,59.6605]]]},"properties":{"a":525,"v":-560,"dh":1.07,"pl":0,"c":81}},{"type":"Feature","geometry":{"type":"Polygon","coordinates":[[[10.6422,59.66111],[10.64214,59.66103],[10.64216,59.66097],[10.64198,59.66097],[10.64198,59.66109],[10.6422,59.66111]]]},"properties":{"a":162,"v":-176,"dh":1.09,"pl":1,"pn":"TVERKJEGLA ØST","pd":"2009-06-15","c":82}},{"type":"Feature","geometry":{"type":"Polygon","coordinates":[[[10.63046,59.65804],[10.63067,59.65804],[10.6308,59.65781],[10.63064,59.65771],[10.6306,59.6576],[10.63045,59.6576],[10.63042,59.65764],[10.63046,59.65804]]]},"properties":{"a":757,"v":2324,"dh":3.07,"pl":1,"pn":"LEHMANNSBRYGGA","pd":"2011-06-20","c":83}},{"type":"Feature","geometry":{"type":"Polygon","coordinates":[[[10.63045,59.65929],[10.63055,59.65924],[10.63049,59.65913],[10.63034,59.65923],[10.63045,59.65929]]]},"properties":{"a":121,"v":-133,"dh":1.1,"pl":2,"pn":"Områderegulering gamle Drøbak","pd":"2023-09-04","c":89}},{"type":"Feature","geometry":{"type":"Polygon","coordinates":[[[10.62892,59.66026],[10.62913,59.66025],[10.62902,59.66015],[10.62887,59.66015],[10.62892,59.66026]]]},"properties":{"a":119,"v":-162,"dh":1.36,"pl":2,"pn":"Områderegulering gamle Drøbak","pd":"2023-09-04","c":89}},{"type":"Feature","geometry":{"type":"Polygon","coordinates":[[[10.62984,59.66039],[10.62993,59.66035],[10.62993,59.66029],[10.62963,59.66032],[10.62984,59.66039]]]},"properties":{"a":125,"v":-114,"dh":0.91,"pl":2,"pn":"Områderegulering gamle Drøbak","pd":"2023-09-04","sh":1,"c":89}},{"type":"Feature","geometry":{"type":"Polygon","coordinates":[[[10.63019,59.6616],[10.63045,59.6615],[10.63043,59.66145],[10.63048,59.66143],[10.63049,59.66135],[10.63069,59.66126],[10.6304,59.66119],[10.63013,59.66125],[10.62997,59.66157],[10.63019,59.6616]]]},"properties":{"a":1007,"v":2694,"dh":2.67,"pl":1,"pn":"STORGATA 18","pd":"2014-02-24","c":84}},{"type":"Feature","geometry":{"type":"Polygon","coordinates":[[[10.62887,59.66215],[10.62908,59.66213],[10.62905,59.66201],[10.629,59.662],[10.6291,59.66196],[10.62889,59.66202],[10.62887,59.66215]]]},"properties":{"a":179,"v":-236,"dh":1.32,"pl":2,"pn":"Områderegulering gamle Drøbak","pd":"2023-09-04","c":89}},{"type":"Feature","geometry":{"type":"MultiPolygon","coordinates":[[[[10.63316,59.65968],[10.6332,59.65967],[10.63316,59.65967],[10.63316,59.65968]]],[[[10.63318,59.65971],[10.63313,59.65968],[10.63302,59.65989],[10.6331,59.65989],[10.63308,59.6598],[10.63321,59.65981],[10.63318,59.65971]]],[[[10.63319,59.6599],[10.63326,59.65991],[10.63328,59.65984],[10.63321,59.65981],[10.63319,59.6599]]]]},"properties":{"a":153,"v":-169,"dh":1.1,"pl":1,"pn":"LØKTABAKKEN -  FLATÅSEN","pd":"1999-06-21","c":85}},{"type":"Feature","geometry":{"type":"Polygon","coordinates":[[[10.63334,59.66081],[10.63338,59.66074],[10.63355,59.66067],[10.63353,59.66057],[10.63333,59.66058],[10.63336,59.66076],[10.63327,59.66081],[10.63334,59.66081]]]},"properties":{"a":222,"v":355,"dh":1.6,"pl":1,"pn":"LØKTABAKKEN -  FLATÅSEN","pd":"1999-06-21","c":85}},{"type":"Feature","geometry":{"type":"Polygon","coordinates":[[[10.63319,59.66091],[10.63342,59.66089],[10.63345,59.66076],[10.63339,59.66075],[10.63331,59.66086],[10.63319,59.66087],[10.63319,59.66091]]]},"properties":{"a":103,"v":-114,"dh":1.1,"pl":1,"pn":"LØKTABAKKEN -  FLATÅSEN","pd":"1999-06-21","c":85}},{"type":"Feature","geometry":{"type":"MultiPolygon","coordinates":[[[[10.63344,59.66099],[10.63338,59.66091],[10.6333,59.66091],[10.63311,59.6611],[10.63332,59.6611],[10.63344,59.66099]]],[[[10.63343,59.66106],[10.63344,59.66103],[10.63343,59.66103],[10.63343,59.66106]]]]},"properties":{"a":215,"v":388,"dh":1.8,"pl":1,"pn":"LØKTABAKKEN -  FLATÅSEN","pd":"1999-06-21","c":85}},{"type":"Feature","geometry":{"type":"Polygon","coordinates":[[[10.63108,59.66142],[10.6312,59.66128],[10.6312,59.66124],[10.63111,59.66119],[10.63101,59.66132],[10.63101,59.66141],[10.63108,59.66142]]]},"properties":{"a":175,"v":373,"dh":2.13,"pl":2,"pn":"Områderegulering gamle Drøbak","pd":"2023-09-04","c":89}},{"type":"Feature","geometry":{"type":"Polygon","coordinates":[[[10.63249,59.66147],[10.63252,59.66133],[10.63236,59.66137],[10.63238,59.66145],[10.63249,59.66147]]]},"properties":{"a":102,"v":153,"dh":1.5,"pl":1,"pn":"LØKTABAKKEN -  FLATÅSEN","pd":"1999-06-21","c":85}},{"type":"Feature","geometry":{"type":"Polygon","coordinates":[[[10.63309,59.66147],[10.63329,59.66144],[10.63326,59.66135],[10.6331,59.66136],[10.63309,59.66147]]]},"properties":{"a":139,"v":245,"dh":1.76,"pl":1,"pn":"LØKTABAKKEN -  FLATÅSEN","pd":"1999-06-21","c":85}},{"type":"Feature","geometry":{"type":"Polygon","coordinates":[[[10.63266,59.66163],[10.63256,59.66143],[10.63249,59.6614],[10.63251,59.66148],[10.63242,59.66154],[10.63266,59.66163]]]},"properties":{"a":153,"v":-202,"dh":1.32,"pl":1,"pn":"LØKTABAKKEN -  FLATÅSEN","pd":"1999-06-21","c":85}},{"type":"Feature","geometry":{"type":"Polygon","coordinates":[[[10.63261,59.66181],[10.63265,59.66177],[10.63262,59.66165],[10.63248,59.66162],[10.63252,59.66176],[10.63261,59.66181]]]},"properties":{"a":133,"v":196,"dh":1.48,"pl":1,"pn":"LØKTABAKKEN -  FLATÅSEN","pd":"1999-06-21","c":85}},{"type":"Feature","geometry":{"type":"Polygon","coordinates":[[[10.63525,59.66208],[10.63527,59.66205],[10.63516,59.66199],[10.635,59.66197],[10.63468,59.66202],[10.63482,59.66206],[10.63514,59.66202],[10.63514,59.66206],[10.63525,59.66208]]]},"properties":{"a":203,"v":-305,"dh":1.5,"pl":1,"pn":"GULLIKSBAKKEN 11, 13 og 13B","pd":"2018-09-10","c":86}},{"type":"Feature","geometry":{"type":"Polygon","coordinates":[[[10.63323,59.66221],[10.63343,59.66218],[10.63319,59.66205],[10.63305,59.66206],[10.63289,59.662],[10.63302,59.66215],[10.63323,59.66221]],[[10.63325,59.66215],[10.63314,59.66212],[10.63325,59.66211],[10.63325,59.66215]]]},"properties":{"a":295,"v":-355,"dh":1.2,"pl":1,"pn":"LØKTABAKKEN -  FLATÅSEN","pd":"1999-06-21","c":85}},{"type":"Feature","geometry":{"type":"Polygon","coordinates":[[[10.635,59.66228],[10.63495,59.66217],[10.63463,59.66212],[10.63474,59.66219],[10.635,59.66228]]]},"properties":{"a":128,"v":187,"dh":1.46,"pl":1,"pn":"GULLIKSBAKKEN 11, 13 og 13B","pd":"2018-09-10","c":86}},{"type":"Feature","geometry":{"type":"Polygon","coordinates":[[[10.63448,59.66231],[10.63464,59.66227],[10.63451,59.66224],[10.63456,59.66216],[10.6344,59.66214],[10.6344,59.66217],[10.63426,59.66219],[10.63448,59.66231]]]},"properties":{"a":185,"v":-207,"dh":1.12,"pl":1,"pn":"GULLIKSBAKKEN 11, 13 og 13B","pd":"2018-09-10","c":86}},{"type":"Feature","geometry":{"type":"Polygon","coordinates":[[[10.6376,59.66259],[10.63763,59.66242],[10.63741,59.66237],[10.63751,59.66258],[10.6376,59.66259]]]},"properties":{"a":182,"v":170,"dh":0.93,"pl":0,"sh":1,"c":87}},{"type":"Feature","geometry":{"type":"Polygon","coordinates":[[[10.63585,59.66307],[10.63597,59.66303],[10.63588,59.66296],[10.63572,59.66299],[10.63585,59.66307]]]},"properties":{"a":110,"v":-209,"dh":1.9,"pl":1,"pn":"Osloveien 27","pd":"2005-04-18","c":88}},{"type":"Feature","geometry":{"type":"Polygon","coordinates":[[[10.636,59.66361],[10.63609,59.66356],[10.63599,59.66348],[10.6363,59.66351],[10.63646,59.66346],[10.63601,59.6634],[10.63582,59.6635],[10.63584,59.66357],[10.636,59.66361]]]},"properties":{"a":372,"v":-683,"dh":1.84,"pl":1,"pn":"OSLOVEIEN 29-SMEDENS UTSIKT","pd":"2000-03-13","c":88}},{"type":"Feature","geometry":{"type":"Polygon","coordinates":[[[10.63271,59.66376],[10.63286,59.66368],[10.6329,59.66363],[10.63286,59.66355],[10.63275,59.66352],[10.63265,59.66371],[10.63271,59.66376]]]},"properties":{"a":227,"v":-472,"dh":2.08,"pl":2,"pn":"Områderegulering gamle Drøbak","pd":"2023-09-04","c":89}},{"type":"Feature","geometry":{"type":"Polygon","coordinates":[[[10.6323,59.66389],[10.63235,59.6638],[10.63218,59.66379],[10.6322,59.66386],[10.6323,59.66389]]]},"properties":{"a":103,"v":123,"dh":1.19,"pl":2,"pn":"Områderegulering gamle Drøbak","pd":"2023-09-04","c":89}},{"type":"Feature","geometry":{"type":"Polygon","coordinates":[[[10.63385,59.66511],[10.63389,59.66504],[10.63385,59.66497],[10.63367,59.66503],[10.63371,59.6651],[10.63385,59.66511]]]},"properties":{"a":140,"v":-218,"dh":1.55,"pl":2,"pn":"Områderegulering gamle Drøbak","pd":"2023-09-04","c":89}},{"type":"Feature","geometry":{"type":"Polygon","coordinates":[[[10.63576,59.66668],[10.63595,59.66664],[10.63593,59.66655],[10.63577,59.66655],[10.63565,59.66661],[10.63576,59.66668]]]},"properties":{"a":196,"v":196,"dh":1.0,"pl":2,"pn":"Områderegulering for Dyrløkke, Ullerud og Seiersten (byutviklingsplanen)","pd":"2022-06-20","sh":1,"c":90}},{"type":"Feature","geometry":{"type":"Polygon","coordinates":[[[10.64171,59.66339],[10.64181,59.66334],[10.64166,59.66323],[10.64154,59.66322],[10.6415,59.66312],[10.6413,59.66317],[10.64143,59.66328],[10.64144,59.66336],[10.64171,59.66339]]]},"properties":{"a":438,"v":-642,"dh":1.46,"pl":1,"pn":"Gnr 69 bnr 38,102 Oreveien","pd":"2011-11-14","c":91}},{"type":"Feature","geometry":{"type":"Polygon","coordinates":[[[10.64104,59.66348],[10.64127,59.66349],[10.6413,59.66348],[10.64127,59.66345],[10.64148,59.66342],[10.64137,59.66336],[10.64129,59.66322],[10.64096,59.66329],[10.64106,59.6633],[10.64104,59.66348]],[[10.64116,59.66337],[10.64117,59.66337],[10.64117,59.66337],[10.64116,59.66337]]]},"properties":{"a":500,"v":458,"dh":0.92,"pl":1,"pn":"Gnr 69 bnr 38,102 Oreveien","pd":"2011-11-14","c":91}},{"type":"Feature","geometry":{"type":"Polygon","coordinates":[[[10.64216,59.66352],[10.64208,59.66342],[10.64187,59.66342],[10.64198,59.66351],[10.64216,59.66352]]]},"properties":{"a":139,"v":-199,"dh":1.43,"pl":1,"pn":"Gnr 69 bnr 38,102 Oreveien","pd":"2011-11-14","c":91}},{"type":"Feature","geometry":{"type":"Polygon","coordinates":[[[10.64279,59.66379],[10.64281,59.66372],[10.64275,59.66369],[10.64257,59.66371],[10.64263,59.66379],[10.64279,59.66379]]]},"properties":{"a":134,"v":186,"dh":1.39,"pl":0,"c":92}},{"type":"Feature","geometry":{"type":"Polygon","coordinates":[[[10.64224,59.66442],[10.64291,59.66446],[10.64282,59.66441],[10.64224,59.66442]]]},"properties":{"a":120,"v":115,"dh":0.95,"pl":2,"pn":"Områderegulering for Dyrløkke, Ullerud og Seiersten (byutviklingsplanen)","pd":"2022-06-20","sh":1,"c":93}},{"type":"Feature","geometry":{"type":"Polygon","coordinates":[[[10.63982,59.66589],[10.64005,59.66589],[10.63999,59.66578],[10.63982,59.66584],[10.63982,59.66589]]]},"properties":{"a":130,"v":-231,"dh":1.78,"pl":2,"pn":"Områderegulering for Dyrløkke, Ullerud og Seiersten (byutviklingsplanen)","pd":"2022-06-20","c":94}},{"type":"Feature","geometry":{"type":"Polygon","coordinates":[[[10.6401,59.66607],[10.64022,59.66603],[10.64027,59.66595],[10.64012,59.66588],[10.63991,59.66594],[10.63999,59.66605],[10.6401,59.66607]]]},"properties":{"a":286,"v":554,"dh":1.94,"pl":2,"pn":"Områderegulering for Dyrløkke, Ullerud og Seiersten (byutviklingsplanen)","pd":"2022-06-20","c":94}},{"type":"Feature","geometry":{"type":"Polygon","coordinates":[[[10.64295,59.66702],[10.64311,59.66694],[10.64305,59.66689],[10.64282,59.66688],[10.64286,59.667],[10.64282,59.66702],[10.64295,59.66702]]]},"properties":{"a":175,"v":-182,"dh":1.04,"pl":2,"pn":"Områderegulering for Dyrløkke, Ullerud og Seiersten (byutviklingsplanen)","pd":"2022-06-20","c":94}},{"type":"Feature","geometry":{"type":"Polygon","coordinates":[[[10.64338,59.66706],[10.64362,59.66701],[10.64364,59.66698],[10.64341,59.66693],[10.64332,59.66696],[10.64338,59.66706]]]},"properties":{"a":164,"v":-164,"dh":1.0,"pl":2,"pn":"Områderegulering for Dyrløkke, Ullerud og Seiersten (byutviklingsplanen)","pd":"2022-06-20","c":94}},{"type":"Feature","geometry":{"type":"Polygon","coordinates":[[[10.63812,59.66767],[10.63813,59.66762],[10.63802,59.66757],[10.63783,59.66759],[10.63788,59.66765],[10.63812,59.66767]]]},"properties":{"a":142,"v":192,"dh":1.35,"pl":2,"pn":"Områderegulering for Dyrløkke, Ullerud og Seiersten (byutviklingsplanen)","pd":"2022-06-20","c":94}},{"type":"Feature","geometry":{"type":"Polygon","coordinates":[[[10.62994,59.66271],[10.62993,59.66259],[10.62979,59.66262],[10.62978,59.66267],[10.62994,59.66271]]]},"properties":{"a":104,"v":123,"dh":1.18,"pl":2,"pn":"Områderegulering gamle Drøbak","pd":"2023-09-04","c":89}},{"type":"Feature","geometry":{"type":"Polygon","coordinates":[[[10.62866,59.66305],[10.62873,59.663],[10.62874,59.66287],[10.62849,59.6629],[10.62858,59.66297],[10.62859,59.66305],[10.62866,59.66305]]]},"properties":{"a":197,"v":-203,"dh":1.03,"pl":2,"pn":"Områderegulering gamle Drøbak","pd":"2023-09-04","c":89}},{"type":"Feature","geometry":{"type":"Polygon","coordinates":[[[10.62742,59.66389],[10.62756,59.66386],[10.62754,59.66378],[10.62729,59.66375],[10.62733,59.66385],[10.62742,59.66389]]]},"properties":{"a":182,"v":-240,"dh":1.32,"pl":2,"pn":"Områderegulering gamle Drøbak","pd":"2023-09-04","c":89}},{"type":"Feature","geometry":{"type":"Polygon","coordinates":[[[10.6299,59.66526],[10.63004,59.66517],[10.63004,59.66513],[10.62986,59.66511],[10.62985,59.66524],[10.6299,59.66526]]]},"properties":{"a":119,"v":-126,"dh":1.06,"pl":2,"pn":"Områderegulering gamle Drøbak","pd":"2023-09-04","c":89}},{"type":"Feature","geometry":{"type":"Polygon","coordinates":[[[10.62973,59.66871],[10.62984,59.66865],[10.62987,59.66852],[10.62976,59.6685],[10.62951,59.66858],[10.62952,59.66866],[10.62973,59.66871]]]},"properties":{"a":329,"v":1043,"dh":3.17,"pl":1,"pn":"SKRIVERGÅRDSKOGEN","pd":"1978-06-28","c":95}},{"type":"Feature","geometry":{"type":"Polygon","coordinates":[[[10.63017,59.66935],[10.63026,59.66927],[10.63024,59.66922],[10.63013,59.66923],[10.63015,59.66919],[10.63009,59.66916],[10.62999,59.66918],[10.63001,59.66934],[10.63017,59.66935]]]},"properties":{"a":214,"v":247,"dh":1.16,"pl":0,"c":96}},{"type":"Feature","geometry":{"type":"Polygon","coordinates":[[[10.63058,59.66933],[10.63075,59.66925],[10.63075,59.66923],[10.63059,59.66921],[10.63049,59.6693],[10.63058,59.66933]]]},"properties":{"a":118,"v":-179,"dh":1.52,"pl":0,"c":96}},{"type":"Feature","geometry":{"type":"Polygon","coordinates":[[[10.62908,59.6695],[10.62916,59.66943],[10.62916,59.66934],[10.62911,59.6693],[10.62905,59.6693],[10.62899,59.66944],[10.62908,59.6695]]]},"properties":{"a":139,"v":203,"dh":1.46,"pl":0,"c":96}},{"type":"Feature","geometry":{"type":"Polygon","coordinates":[[[10.62732,59.66986],[10.62741,59.66982],[10.62739,59.66975],[10.62751,59.66966],[10.62745,59.66952],[10.62723,59.66947],[10.62721,59.6694],[10.6271,59.66936],[10.62684,59.66941],[10.62679,59.66948],[10.62668,59.66945],[10.62704,59.66982],[10.62732,59.66986]]]},"properties":{"a":1571,"v":-4191,"dh":2.67,"pl":1,"pn":"Gnr 86 bnr 338, 342 - Grande","pd":"2019-06-17","c":97}},{"type":"Feature","geometry":{"type":"Polygon","coordinates":[[[10.62873,59.67001],[10.6288,59.66991],[10.62874,59.66986],[10.62876,59.66977],[10.62865,59.66985],[10.62866,59.66993],[10.62862,59.66993],[10.62863,59.66984],[10.62853,59.66993],[10.62859,59.66999],[10.62873,59.67001]]]},"properties":{"a":194,"v":274,"dh":1.41,"pl":0,"c":96}},{"type":"Feature","geometry":{"type":"Polygon","coordinates":[[[10.63665,59.66702],[10.63697,59.667],[10.63696,59.66697],[10.6366,59.66686],[10.63665,59.66702]]]},"properties":{"a":202,"v":198,"dh":0.98,"pl":2,"pn":"Områderegulering for Dyrløkke, Ullerud og Seiersten (byutviklingsplanen)","pd":"2022-06-20","sh":1,"c":90}},{"type":"Feature","geometry":{"type":"Polygon","coordinates":[[[10.63436,59.66751],[10.63443,59.66748],[10.63445,59.66713],[10.6344,59.66711],[10.63439,59.66699],[10.63427,59.66697],[10.63429,59.66715],[10.63424,59.66717],[10.63423,59.66744],[10.63436,59.66751]]]},"properties":{"a":600,"v":707,"dh":1.18,"pl":2,"pn":"Områderegulering for Dyrløkke, Ullerud og Seiersten (byutviklingsplanen)","pd":"2022-06-20","c":94}},{"type":"Feature","geometry":{"type":"Polygon","coordinates":[[[10.63771,59.66743],[10.63783,59.66733],[10.63744,59.66737],[10.63748,59.66742],[10.63771,59.66743]]]},"properties":{"a":145,"v":122,"dh":0.84,"pl":2,"pn":"Områderegulering for Dyrløkke, Ullerud og Seiersten (byutviklingsplanen)","pd":"2022-06-20","sh":1,"c":94}},{"type":"Feature","geometry":{"type":"MultiPolygon","coordinates":[[[[10.63665,59.66742],[10.6367,59.66745],[10.6367,59.66742],[10.63665,59.66742]]],[[[10.63672,59.66743],[10.63706,59.66753],[10.63754,59.66748],[10.63697,59.6674],[10.63672,59.66739],[10.63672,59.66743]]]]},"properties":{"a":408,"v":-352,"dh":0.86,"pl":2,"pn":"Områderegulering for Dyrløkke, Ullerud og Seiersten (byutviklingsplanen)","pd":"2022-06-20","sh":1,"c":94}},{"type":"Feature","geometry":{"type":"Polygon","coordinates":[[[10.63692,59.6676],[10.63703,59.6676],[10.63703,59.66757],[10.63672,59.66747],[10.63692,59.6676]]]},"properties":{"a":116,"v":-88,"dh":0.75,"pl":2,"pn":"Områderegulering for Dyrløkke, Ullerud og Seiersten (byutviklingsplanen)","pd":"2022-06-20","sh":1,"c":94}},{"type":"Feature","geometry":{"type":"Polygon","coordinates":[[[10.63661,59.66774],[10.63666,59.66766],[10.63685,59.66762],[10.63657,59.66755],[10.6365,59.66763],[10.63659,59.66765],[10.63652,59.66765],[10.6365,59.66774],[10.63661,59.66774]]]},"properties":{"a":224,"v":182,"dh":0.81,"pl":2,"pn":"Områderegulering for Dyrløkke, Ullerud og Seiersten (byutviklingsplanen)","pd":"2022-06-20","sh":1,"c":94}},{"type":"Feature","geometry":{"type":"Polygon","coordinates":[[[10.63797,59.66794],[10.63786,59.66785],[10.63765,59.66784],[10.63749,59.66788],[10.63797,59.66794]]]},"properties":{"a":168,"v":-199,"dh":1.19,"pl":2,"pn":"Områderegulering for Dyrløkke, Ullerud og Seiersten (byutviklingsplanen)","pd":"2022-06-20","c":94}},{"type":"Feature","geometry":{"type":"Polygon","coordinates":[[[10.63399,59.66827],[10.6341,59.66827],[10.6341,59.66803],[10.63405,59.66802],[10.63405,59.66795],[10.63418,59.66779],[10.63416,59.66772],[10.6339,59.66779],[10.63397,59.66782],[10.63385,59.66791],[10.63387,59.66799],[10.63382,59.66811],[10.63399,59.66827]]]},"properties":{"a":686,"v":-1465,"dh":2.14,"pl":1,"pn":"SEIERSTEN IDRETTSPARK","pd":"2013-11-04","fo":1,"c":98}},{"type":"Feature","geometry":{"type":"Polygon","coordinates":[[[10.63712,59.6687],[10.63735,59.66869],[10.63731,59.66859],[10.63713,59.66862],[10.63712,59.6687]]]},"properties":{"a":163,"v":147,"dh":0.9,"pl":2,"pn":"Områderegulering for Dyrløkke, Ullerud og Seiersten (byutviklingsplanen)","pd":"2022-06-20","sh":1,"c":90}},{"type":"Feature","geometry":{"type":"Polygon","coordinates":[[[10.63598,59.66899],[10.63665,59.66895],[10.63669,59.66894],[10.63665,59.66891],[10.63684,59.66886],[10.63684,59.66854],[10.63681,59.66852],[10.63671,59.66868],[10.63655,59.66878],[10.63585,59.66895],[10.63598,59.66899]]]},"properties":{"a":972,"v":1932,"dh":1.99,"pl":1,"pn":"SEIERSTEN IDRETTSPARK","pd":"2013-11-04","c":98}},{"type":"Feature","geometry":{"type":"Polygon","coordinates":[[[10.66842,59.64006],[10.66852,59.63998],[10.66853,59.63984],[10.66834,59.63984],[10.66836,59.63998],[10.66833,59.64005],[10.66842,59.64006]],[[10.66843,59.63987],[10.66844,59.63985],[10.66844,59.63987],[10.66843,59.63987]]]},"properties":{"a":203,"v":235,"dh":1.16,"pl":0,"fo":1,"c":99}},{"type":"Feature","geometry":{"type":"Polygon","coordinates":[[[10.67261,59.6405],[10.67273,59.64041],[10.67272,59.64032],[10.6726,59.64031],[10.67259,59.64045],[10.67252,59.64049],[10.67261,59.6405]]]},"properties":{"a":138,"v":162,"dh":1.18,"pl":0,"c":100}},{"type":"Feature","geometry":{"type":"Polygon","coordinates":[[[10.67155,59.64532],[10.67167,59.64527],[10.67141,59.64523],[10.67136,59.64528],[10.67155,59.64532]]]},"properties":{"a":110,"v":-147,"dh":1.34,"pl":1,"pn":"HAVERÅSVEIEN OG HAVERLØKKA","pd":"2012-05-29","fo":1,"c":101}},{"type":"Feature","geometry":{"type":"Polygon","coordinates":[[[10.66944,59.64592],[10.66963,59.64589],[10.66966,59.64585],[10.66952,59.64581],[10.66942,59.64587],[10.66944,59.64592]]]},"properties":{"a":113,"v":154,"dh":1.36,"pl":1,"pn":"HAVERÅSVEIEN OG HAVERLØKKA","pd":"2012-05-29","fo":1,"c":101}},{"type":"Feature","geometry":{"type":"Polygon","coordinates":[[[10.66775,59.646],[10.66782,59.64594],[10.668,59.64591],[10.668,59.64586],[10.66766,59.6459],[10.66766,59.64598],[10.66775,59.646]]]},"properties":{"a":159,"v":180,"dh":1.13,"pl":0,"fo":1,"c":102}},{"type":"Feature","geometry":{"type":"MultiPolygon","coordinates":[[[[10.66773,59.64627],[10.66779,59.64644],[10.66787,59.64645],[10.66809,59.64638],[10.66812,59.64631],[10.6681,59.64624],[10.66799,59.64618],[10.66764,59.64618],[10.6678,59.64623],[10.6678,59.64627],[10.66773,59.64627]],[[10.66771,59.64618],[10.66775,59.6462],[10.66771,59.6462],[10.66771,59.64618]]],[[[10.66772,59.6463],[10.66773,59.64632],[10.66773,59.6463],[10.66772,59.6463]]]]},"properties":{"a":525,"v":751,"dh":1.43,"pl":1,"pn":"HAVERÅSVEIEN OG HAVERLØKKA","pd":"2012-05-29","fo":1,"c":101}},{"type":"Feature","geometry":{"type":"Polygon","coordinates":[[[10.67046,59.64684],[10.67045,59.64678],[10.67036,59.64673],[10.67017,59.64675],[10.67046,59.64684]]]},"properties":{"a":114,"v":112,"dh":0.98,"pl":1,"pn":"HAVERÅSVEIEN OG HAVERLØKKA","pd":"2012-05-29","sh":1,"c":103}},{"type":"Feature","geometry":{"type":"Polygon","coordinates":[[[10.66904,59.64722],[10.66904,59.64717],[10.66894,59.6471],[10.66896,59.64702],[10.66889,59.64698],[10.66903,59.64704],[10.66916,59.64705],[10.66915,59.64703],[10.66847,59.64684],[10.66854,59.64708],[10.66904,59.64722]]]},"properties":{"a":671,"v":973,"dh":1.45,"pl":1,"pn":"HAVERÅSVEIEN OG HAVERLØKKA","pd":"2012-05-29","fo":1,"c":101}},{"type":"Feature","geometry":{"type":"Polygon","coordinates":[[[10.67445,59.64762],[10.67463,59.64763],[10.67465,59.64757],[10.6745,59.64747],[10.67446,59.64747],[10.6745,59.64752],[10.67445,59.64762]]]},"properties":{"a":132,"v":206,"dh":1.56,"pl":0,"fo":1,"c":104}},{"type":"Feature","geometry":{"type":"Polygon","coordinates":[[[10.67314,59.64805],[10.67312,59.648],[10.673,59.64798],[10.673,59.64793],[10.67289,59.64796],[10.67293,59.64803],[10.67314,59.64805]]]},"properties":{"a":103,"v":144,"dh":1.4,"pl":0,"c":105}},{"type":"Feature","geometry":{"type":"Polygon","coordinates":[[[10.67354,59.64824],[10.67365,59.64814],[10.67357,59.6481],[10.67338,59.64814],[10.6734,59.6481],[10.67334,59.6481],[10.67334,59.64814],[10.67347,59.64819],[10.67354,59.64817],[10.67354,59.64824]]]},"properties":{"a":130,"v":141,"dh":1.09,"pl":0,"fo":1,"c":105}},{"type":"Feature","geometry":{"type":"Polygon","coordinates":[[[10.67116,59.64945],[10.67133,59.64939],[10.67161,59.6494],[10.67145,59.64933],[10.67105,59.64939],[10.67116,59.64945]]]},"properties":{"a":209,"v":305,"dh":1.46,"pl":0,"c":106}},{"type":"Feature","geometry":{"type":"Polygon","coordinates":[[[10.67104,59.65095],[10.67102,59.65091],[10.67109,59.65089],[10.67106,59.65078],[10.67094,59.65077],[10.67097,59.65079],[10.67096,59.65094],[10.67104,59.65095]]]},"properties":{"a":109,"v":140,"dh":1.29,"pl":0,"fo":1,"c":107}},{"type":"Feature","geometry":{"type":"Polygon","coordinates":[[[10.66555,59.65166],[10.66544,59.65157],[10.66542,59.65146],[10.66535,59.65145],[10.6654,59.65139],[10.66526,59.65143],[10.6653,59.65155],[10.66546,59.65166],[10.66555,59.65166]]]},"properties":{"a":189,"v":186,"dh":0.98,"pl":0,"sh":1,"c":108}},{"type":"Feature","geometry":{"type":"Polygon","coordinates":[[[10.67458,59.66015],[10.67579,59.65993],[10.67579,59.65987],[10.67549,59.65987],[10.67503,59.65996],[10.67454,59.66011],[10.67458,59.66015]]]},"properties":{"a":597,"v":779,"dh":1.3,"pl":1,"pn":"FV 152 TROLLDALEN KURVEUTRETTING OG G/S-VEI","pd":"2012-06-18","c":34}},{"type":"Feature","geometry":{"type":"Polygon","coordinates":[[[10.66822,59.66029],[10.66989,59.66033],[10.66921,59.66022],[10.66822,59.66029]]]},"properties":{"a":710,"v":960,"dh":1.35,"pl":1,"pn":"FV 152 TROLLDALEN KURVEUTRETTING OG G/S-VEI","pd":"2012-06-18","c":34}},{"type":"Feature","geometry":{"type":"Polygon","coordinates":[[[10.67328,59.66042],[10.67395,59.6603],[10.67416,59.66019],[10.67305,59.66038],[10.67328,59.66042]]]},"properties":{"a":437,"v":-487,"dh":1.11,"pl":1,"pn":"FV 152 TROLLDALEN KURVEUTRETTING OG G/S-VEI","pd":"2012-06-18","c":34}},{"type":"Feature","geometry":{"type":"Polygon","coordinates":[[[10.66688,59.66065],[10.6676,59.66045],[10.66774,59.66035],[10.66737,59.66037],[10.66705,59.66045],[10.66691,59.66043],[10.66668,59.66054],[10.66673,59.66065],[10.66688,59.66065]]]},"properties":{"a":902,"v":1737,"dh":1.93,"pl":1,"pn":"FV 152 TROLLDALEN KURVEUTRETTING OG G/S-VEI","pd":"2012-06-18","c":34}},{"type":"Feature","geometry":{"type":"Polygon","coordinates":[[[10.67252,59.66047],[10.67271,59.66043],[10.67223,59.66044],[10.67224,59.66047],[10.67252,59.66047]]]},"properties":{"a":107,"v":89,"dh":0.83,"pl":1,"pn":"FV 152 TROLLDALEN KURVEUTRETTING OG G/S-VEI","pd":"2012-06-18","sh":1,"c":34}},{"type":"Feature","geometry":{"type":"Polygon","coordinates":[[[10.66596,59.66105],[10.66657,59.66076],[10.66657,59.66067],[10.66618,59.6608],[10.6658,59.66103],[10.66596,59.66105]]]},"properties":{"a":535,"v":-622,"dh":1.16,"pl":1,"pn":"FV 152 TROLLDALEN KURVEUTRETTING OG G/S-VEI","pd":"2012-06-18","c":34}},{"type":"Feature","geometry":{"type":"Polygon","coordinates":[[[10.67637,59.6397],[10.67643,59.63962],[10.67641,59.63952],[10.67646,59.63942],[10.67616,59.63941],[10.67613,59.63953],[10.67619,59.63966],[10.67622,59.6397],[10.67637,59.6397]]]},"properties":{"a":511,"v":750,"dh":1.47,"pl":0,"c":109}},{"type":"Feature","geometry":{"type":"Polygon","coordinates":[[[10.68723,59.67448],[10.68739,59.67446],[10.68744,59.67441],[10.68742,59.67437],[10.68721,59.67439],[10.68723,59.67448]]]},"properties":{"a":116,"v":-190,"dh":1.64,"pl":0,"fo":1,"c":110}},{"type":"Feature","geometry":{"type":"Polygon","coordinates":[[[10.68302,59.67587],[10.68312,59.67583],[10.68303,59.67569],[10.68285,59.67572],[10.68293,59.6758],[10.68303,59.67581],[10.68302,59.67587]]]},"properties":{"a":160,"v":131,"dh":0.82,"pl":0,"sh":1,"c":111}},{"type":"Feature","geometry":{"type":"Polygon","coordinates":[[[10.68842,59.67585],[10.68859,59.67582],[10.68859,59.67575],[10.68864,59.67573],[10.68862,59.67567],[10.68844,59.67562],[10.68843,59.67573],[10.68834,59.67582],[10.68842,59.67585]]]},"properties":{"a":264,"v":406,"dh":1.54,"pl":0,"fo":1,"c":112}},{"type":"Feature","geometry":{"type":"Polygon","coordinates":[[[10.68743,59.67602],[10.68805,59.67597],[10.68817,59.67593],[10.68817,59.67588],[10.68772,59.67579],[10.68768,59.67571],[10.6878,59.67563],[10.68777,59.6756],[10.68728,59.67588],[10.68732,59.67596],[10.68743,59.67602]]]},"properties":{"a":1139,"v":3965,"dh":3.48,"pl":0,"c":112}},{"type":"Feature","geometry":{"type":"Polygon","coordinates":[[[10.69586,59.67766],[10.69586,59.67762],[10.69605,59.67752],[10.69609,59.67732],[10.696,59.67723],[10.69592,59.67703],[10.69572,59.67699],[10.69563,59.67704],[10.69567,59.67714],[10.69564,59.67715],[10.69564,59.67723],[10.69576,59.67737],[10.69571,59.6775],[10.69579,59.67758],[10.69577,59.67764],[10.69586,59.67766]]]},"properties":{"a":1229,"v":-2456,"dh":2.0,"pl":0,"c":113}},{"type":"Feature","geometry":{"type":"Polygon","coordinates":[[[10.69427,59.67756],[10.69419,59.67768],[10.6941,59.6777],[10.69423,59.6777],[10.69443,59.67747],[10.69429,59.6772],[10.69413,59.67716],[10.69408,59.67723],[10.69415,59.67725],[10.69412,59.67735],[10.69418,59.67736],[10.69418,59.67741],[10.69393,59.6775],[10.69395,59.67755],[10.69389,59.6776],[10.69389,59.67765],[10.69382,59.67761],[10.69387,59.67769],[10.69405,59.6777],[10.69398,59.67767],[10.69414,59.67761],[10.69419,59.67755],[10.69427,59.67756]],[[10.69427,59.67754],[10.69431,59.67751],[10.69431,59.67752],[10.69427,59.67754]],[[10.69429,59.67749],[10.69423,59.67745],[10.69423,59.67741],[10.6943,59.67741],[10.69429,59.67749]]]},"properties":{"a":877,"v":825,"dh":0.94,"pl":0,"c":113}},{"type":"Feature","geometry":{"type":"Polygon","coordinates":[[[10.69557,59.67795],[10.69557,59.67786],[10.69573,59.67758],[10.69566,59.67756],[10.69567,59.67738],[10.69562,59.67738],[10.69539,59.67709],[10.69532,59.67709],[10.69529,59.6773],[10.69542,59.67735],[10.69542,59.67741],[10.69532,59.67742],[10.69537,59.67769],[10.69545,59.6779],[10.69557,59.67795]]]},"properties":{"a":1259,"v":2252,"dh":1.79,"pl":0,"c":113}},{"type":"Feature","geometry":{"type":"Polygon","coordinates":[[[10.69603,59.67787],[10.69608,59.67783],[10.69604,59.67775],[10.69595,59.6777],[10.69585,59.67773],[10.69587,59.67781],[10.69603,59.67787]]]},"properties":{"a":165,"v":267,"dh":1.62,"pl":0,"c":113}},{"type":"Feature","geometry":{"type":"Polygon","coordinates":[[[10.66519,59.66147],[10.66541,59.66138],[10.66556,59.66119],[10.66522,59.66138],[10.66519,59.66147]]]},"properties":{"a":221,"v":-275,"dh":1.24,"pl":1,"pn":"FV 152 TROLLDALEN KURVEUTRETTING OG G/S-VEI","pd":"2012-06-18","fo":1,"c":34}},{"type":"Feature","geometry":{"type":"Polygon","coordinates":[[[10.66423,59.66222],[10.66454,59.66206],[10.66488,59.66179],[10.66491,59.66172],[10.66481,59.6617],[10.66441,59.66195],[10.66435,59.66207],[10.66419,59.6621],[10.66417,59.6622],[10.66423,59.66222]]]},"properties":{"a":616,"v":-830,"dh":1.35,"pl":1,"pn":"FV 152 TROLLDALEN KURVEUTRETTING OG G/S-VEI","pd":"2012-06-18","fo":1,"c":34}},{"type":"Feature","geometry":{"type":"Polygon","coordinates":[[[10.66978,59.66684],[10.6698,59.66678],[10.66966,59.66652],[10.6695,59.66655],[10.66949,59.6666],[10.66964,59.66684],[10.66978,59.66684]]]},"properties":{"a":361,"v":413,"dh":1.14,"pl":0,"c":114}},{"type":"Feature","geometry":{"type":"Polygon","coordinates":[[[10.66892,59.66742],[10.66898,59.66735],[10.66886,59.66713],[10.66878,59.66709],[10.66863,59.66711],[10.66865,59.66728],[10.66873,59.66737],[10.66892,59.66742]]]},"properties":{"a":486,"v":511,"dh":1.05,"pl":0,"c":115}},{"type":"Feature","geometry":{"type":"Polygon","coordinates":[[[10.67216,59.66896],[10.67232,59.66892],[10.67231,59.6688],[10.6721,59.66884],[10.67216,59.66896]]]},"properties":{"a":167,"v":175,"dh":1.05,"pl":0,"c":116}},{"type":"Feature","geometry":{"type":"Polygon","coordinates":[[[10.66535,59.66986],[10.66546,59.66979],[10.66545,59.66972],[10.66536,59.66961],[10.6652,59.66957],[10.6649,59.6696],[10.66523,59.66983],[10.66535,59.66986]]]},"properties":{"a":590,"v":-1798,"dh":3.05,"pl":1,"pn":"Holter deponi","pd":"1996-11-25","c":117}},{"type":"Feature","geometry":{"type":"Polygon","coordinates":[[[10.66527,59.67038],[10.6653,59.67031],[10.66523,59.67017],[10.66529,59.67008],[10.6652,59.66994],[10.66509,59.66998],[10.66511,59.67003],[10.66503,59.67011],[10.66507,59.67017],[10.6648,59.67021],[10.66456,59.67032],[10.66467,59.67037],[10.66495,59.67036],[10.66511,59.67023],[10.66509,59.67028],[10.66516,59.67036],[10.66527,59.67038]],[[10.6651,59.67022],[10.66507,59.67018],[10.6651,59.67018],[10.6651,59.67022]]]},"properties":{"a":847,"v":-1668,"dh":1.97,"pl":1,"pn":"Holter deponi","pd":"1996-11-25","c":117}},{"type":"Feature","geometry":{"type":"Polygon","coordinates":[[[10.67192,59.67077],[10.672,59.67066],[10.67187,59.67067],[10.67165,59.67049],[10.6717,59.67064],[10.67192,59.67077]],[[10.67182,59.6707],[10.6718,59.67068],[10.67186,59.6707],[10.67182,59.6707]]]},"properties":{"a":194,"v":195,"dh":1.0,"pl":0,"c":118}},{"type":"Feature","geometry":{"type":"Polygon","coordinates":[[[10.67342,59.67104],[10.67354,59.67102],[10.67354,59.67096],[10.67343,59.67092],[10.6734,59.67096],[10.67329,59.67095],[10.67326,59.67078],[10.67318,59.67084],[10.67319,59.67076],[10.67312,59.67065],[10.67289,59.67064],[10.67289,59.6707],[10.67311,59.67084],[10.67312,59.67098],[10.67342,59.67104]]]},"properties":{"a":562,"v":826,"dh":1.47,"pl":0,"c":118}},{"type":"Feature","geometry":{"type":"Polygon","coordinates":[[[10.67385,59.67105],[10.67381,59.67096],[10.67382,59.67081],[10.67372,59.67092],[10.67375,59.67093],[10.67374,59.67103],[10.67385,59.67105]]]},"properties":{"a":121,"v":-103,"dh":0.85,"pl":0,"sh":1,"c":118}},{"type":"Feature","geometry":{"type":"Polygon","coordinates":[[[10.66126,59.66758],[10.66137,59.66749],[10.66163,59.66746],[10.66155,59.66737],[10.66127,59.66741],[10.66128,59.66751],[10.66119,59.66756],[10.66126,59.66758]]]},"properties":{"a":236,"v":282,"dh":1.2,"pl":1,"pn":"TROLLDALEN INDUSTRIFELT","pd":"1991-05-13","c":119}},{"type":"Feature","geometry":{"type":"Polygon","coordinates":[[[10.66155,59.66763],[10.66158,59.66756],[10.66154,59.6675],[10.66145,59.66749],[10.66137,59.66755],[10.66137,59.66759],[10.66155,59.66763]]]},"properties":{"a":131,"v":-118,"dh":0.9,"pl":1,"pn":"TROLLDALEN INDUSTRIFELT","pd":"1991-05-13","sh":1,"c":119}},{"type":"Feature","geometry":{"type":"Polygon","coordinates":[[[10.65891,59.66817],[10.65896,59.66809],[10.65896,59.66797],[10.65892,59.66797],[10.65894,59.66789],[10.65888,59.66789],[10.65886,59.66815],[10.65891,59.66817]]]},"properties":{"a":124,"v":163,"dh":1.31,"pl":1,"pn":"Dyrløkkeåsen, felt E2, E4, E6 og E7","pd":"1991-06-19","c":120}},{"type":"Feature","geometry":{"type":"Polygon","coordinates":[[[10.66248,59.67035],[10.66268,59.67034],[10.66259,59.67025],[10.66241,59.67027],[10.66248,59.67035]]]},"properties":{"a":107,"v":-159,"dh":1.48,"pl":1,"pn":"Holter deponi","pd":"1996-11-25","c":117}},{"type":"Feature","geometry":{"type":"Polygon","coordinates":[[[10.66401,59.67098],[10.66416,59.6709],[10.6645,59.6709],[10.66496,59.67082],[10.66518,59.6707],[10.66514,59.67064],[10.66502,59.67063],[10.66519,59.67057],[10.6653,59.67051],[10.66529,59.67046],[10.66507,59.6703],[10.66501,59.67037],[10.66463,59.67038],[10.66444,59.67034],[10.66432,59.67022],[10.66415,59.67021],[10.66374,59.6703],[10.66344,59.67032],[10.66329,59.67054],[10.6631,59.67068],[10.66312,59.67061],[10.66299,59.67056],[10.66291,59.67039],[10.6628,59.67033],[10.66283,59.67023],[10.66257,59.67024],[10.66271,59.67033],[10.66264,59.67036],[10.66272,59.67049],[10.66271,59.67056],[10.66284,59.67066],[10.6628,59.67074],[10.66288,59.67079],[10.66284,59.67078],[10.66283,59.67099],[10.66296,59.67099],[10.66301,59.67089],[10.66326,59.67096],[10.66327,59.67088],[10.66341,59.67085],[10.66351,59.67091],[10.66359,59.67089],[10.66401,59.67098]],[[10.66354,59.67048],[10.66355,59.67047],[10.66356,59.67048],[10.66354,59.67048]]]},"properties":{"a":8228,"v":31990,"dh":3.89,"pl":1,"pn":"Holter deponi","pd":"1996-11-25","c":117}},{"type":"Feature","geometry":{"type":"Polygon","coordinates":[[[10.6627,59.67151],[10.66302,59.67144],[10.66285,59.67127],[10.66286,59.6714],[10.6627,59.67151]]]},"properties":{"a":170,"v":235,"dh":1.38,"pl":1,"pn":"HOLTER NORD - SYD","pd":"2005-06-20","fo":1,"c":121}},{"type":"Feature","geometry":{"type":"Polygon","coordinates":[[[10.66338,59.67263],[10.66339,59.67245],[10.66323,59.67246],[10.6632,59.67255],[10.66338,59.67263]]]},"properties":{"a":162,"v":-161,"dh":1.0,"pl":1,"pn":"HOLTER NORD - SYD","pd":"2005-06-20","sh":1,"c":122}},{"type":"Feature","geometry":{"type":"Polygon","coordinates":[[[10.66241,59.67325],[10.66259,59.67324],[10.66259,59.67318],[10.66253,59.67313],[10.66244,59.67313],[10.66241,59.67325]]]},"properties":{"a":101,"v":-171,"dh":1.69,"pl":1,"pn":"HOLTER NORD - SYD","pd":"2005-06-20","c":123}},{"type":"Feature","geometry":{"type":"Polygon","coordinates":[[[10.66055,59.67587],[10.66087,59.67583],[10.6609,59.67573],[10.66059,59.67546],[10.66046,59.67543],[10.66048,59.67549],[10.66081,59.6757],[10.66078,59.67576],[10.66055,59.67583],[10.66055,59.67587]]]},"properties":{"a":303,"v":-641,"dh":2.12,"pl":2,"pn":"Områderegulering for Dyrløkke, Ullerud og Seiersten (byutviklingsplanen)","pd":"2022-06-20","c":176}},{"type":"Feature","geometry":{"type":"Polygon","coordinates":[[[10.66971,59.67148],[10.66978,59.67147],[10.66978,59.67133],[10.66965,59.67124],[10.66964,59.67113],[10.66948,59.67102],[10.66944,59.67108],[10.66952,59.6712],[10.66943,59.67123],[10.6694,59.67134],[10.66971,59.67148]]]},"properties":{"a":552,"v":1015,"dh":1.84,"pl":0,"fo":1,"c":124}},{"type":"Feature","geometry":{"type":"Polygon","coordinates":[[[10.66587,59.67345],[10.66597,59.67338],[10.66617,59.67335],[10.66572,59.67339],[10.66587,59.67345]]]},"properties":{"a":127,"v":179,"dh":1.41,"pl":0,"fo":1,"c":125}},{"type":"Feature","geometry":{"type":"Polygon","coordinates":[[[10.66598,59.67351],[10.66621,59.67349],[10.66622,59.67343],[10.66619,59.67339],[10.66606,59.67339],[10.66597,59.67342],[10.66601,59.67346],[10.66589,59.67346],[10.66598,59.67351]]]},"properties":{"a":168,"v":-271,"dh":1.62,"pl":0,"fo":1,"c":125}},{"type":"Feature","geometry":{"type":"Polygon","coordinates":[[[10.66699,59.67383],[10.66684,59.67367],[10.66669,59.67363],[10.66673,59.6736],[10.66664,59.67354],[10.66648,59.67352],[10.66672,59.6737],[10.66681,59.67375],[10.66688,59.67374],[10.66699,59.67383]],[[10.66681,59.67373],[10.66682,59.67371],[10.66682,59.67373],[10.66681,59.67373]],[[10.66679,59.67369],[10.66673,59.67368],[10.66673,59.67366],[10.66679,59.67369]]]},"properties":{"a":215,"v":204,"dh":0.95,"pl":0,"sh":1,"c":126}},{"type":"Feature","geometry":{"type":"Polygon","coordinates":[[[10.66587,59.67377],[10.66597,59.67372],[10.66597,59.67365],[10.66579,59.67359],[10.66587,59.67377]]]},"properties":{"a":115,"v":137,"dh":1.19,"pl":0,"fo":1,"c":125}},{"type":"Feature","geometry":{"type":"Polygon","coordinates":[[[10.66616,59.67396],[10.6663,59.67398],[10.6663,59.67386],[10.66635,59.67384],[10.66636,59.67375],[10.66622,59.67363],[10.66609,59.67363],[10.66609,59.6737],[10.66602,59.67372],[10.66616,59.67386],[10.66616,59.67396]]]},"properties":{"a":459,"v":-994,"dh":2.17,"pl":0,"fo":1,"c":125}},{"type":"Feature","geometry":{"type":"MultiPolygon","coordinates":[[[[10.6716,59.67405],[10.67174,59.67404],[10.67176,59.67402],[10.67163,59.67402],[10.6716,59.67405]]],[[[10.67139,59.67412],[10.67148,59.67415],[10.67146,59.67411],[10.67151,59.67407],[10.67162,59.67406],[10.67151,59.67406],[10.67139,59.67412]]],[[[10.67141,59.67417],[10.67121,59.67418],[10.67118,59.6742],[10.67131,59.67423],[10.67141,59.67417]]]]},"properties":{"a":110,"v":100,"dh":0.91,"pl":0,"sh":1,"c":127}},{"type":"Feature","geometry":{"type":"Polygon","coordinates":[[[10.66766,59.67489],[10.66755,59.67486],[10.66714,59.6748],[10.6674,59.67494],[10.66773,59.67491],[10.66766,59.67489]],[[10.66765,59.67491],[10.66766,59.67491],[10.66765,59.67491],[10.66765,59.67491]]]},"properties":{"a":186,"v":160,"dh":0.86,"pl":1,"pn":"Dyrløkke Trafo","pd":"1985-12-03","sh":1,"c":128}},{"type":"Feature","geometry":{"type":"Polygon","coordinates":[[[10.6654,59.68117],[10.66543,59.68104],[10.66536,59.68109],[10.66516,59.68106],[10.66518,59.68112],[10.6654,59.68117]]]},"properties":{"a":123,"v":156,"dh":1.27,"pl":1,"pn":"FV152 MÅNA-GISLERUD","pd":"2015-06-15","fo":1,"c":34}},{"type":"Feature","geometry":{"type":"Polygon","coordinates":[[[10.66922,59.6823],[10.66942,59.68228],[10.66941,59.68214],[10.66924,59.68206],[10.66908,59.68205],[10.6692,59.68217],[10.66922,59.6823]]]},"properties":{"a":321,"v":556,"dh":1.73,"pl":0,"fo":1,"c":129}},{"type":"Feature","geometry":{"type":"Polygon","coordinates":[[[10.7013,59.67154],[10.70134,59.67146],[10.70128,59.67141],[10.70114,59.67144],[10.7012,59.67151],[10.7013,59.67154]]]},"properties":{"a":102,"v":174,"dh":1.71,"pl":0,"c":130}},{"type":"Feature","geometry":{"type":"Polygon","coordinates":[[[10.70076,59.67592],[10.70096,59.67586],[10.7009,59.67582],[10.70072,59.67586],[10.70076,59.67592]]]},"properties":{"a":103,"v":136,"dh":1.32,"pl":0,"fo":1,"c":131}},{"type":"Feature","geometry":{"type":"Polygon","coordinates":[[[10.73165,59.68457],[10.73182,59.68438],[10.73181,59.68432],[10.73174,59.68432],[10.73166,59.68445],[10.73165,59.68457]]]},"properties":{"a":121,"v":144,"dh":1.19,"pl":1,"pn":"SØRBRÅTEN\\HORGENMYRA","pd":"2007-11-19","c":132}},{"type":"Feature","geometry":{"type":"Polygon","coordinates":[[[10.73672,59.68612],[10.73689,59.68589],[10.73699,59.68557],[10.73691,59.68563],[10.73686,59.68583],[10.73671,59.68602],[10.73672,59.68612]]]},"properties":{"a":195,"v":-389,"dh":1.99,"pl":1,"pn":"E6 Ås grense - Vassum","pd":"1995-11-27","sl":1,"c":120}},{"type":"Feature","geometry":{"type":"Polygon","coordinates":[[[10.71986,59.68642],[10.71998,59.68638],[10.71996,59.68627],[10.71981,59.6862],[10.71964,59.68624],[10.71974,59.68625],[10.71986,59.68642]]]},"properties":{"a":235,"v":225,"dh":0.96,"pl":0,"sh":1,"c":133}},{"type":"Feature","geometry":{"type":"Polygon","coordinates":[[[10.70149,59.68713],[10.70158,59.68706],[10.70154,59.68699],[10.70141,59.687],[10.70135,59.68707],[10.70149,59.68713]]]},"properties":{"a":126,"v":237,"dh":1.88,"pl":0,"c":134}},{"type":"Feature","geometry":{"type":"MultiPolygon","coordinates":[[[[10.72077,59.68712],[10.72041,59.68682],[10.72019,59.68671],[10.71985,59.68663],[10.71955,59.68662],[10.71936,59.68665],[10.71984,59.68664],[10.72018,59.68674],[10.72077,59.68712]]],[[[10.72077,59.68714],[10.7208,59.68713],[10.72077,59.68712],[10.72077,59.68714]]]]},"properties":{"a":277,"v":-292,"dh":1.05,"pl":0,"fo":1,"c":135}},{"type":"Feature","geometry":{"type":"Polygon","coordinates":[[[10.73768,59.68717],[10.73794,59.687],[10.73793,59.68694],[10.738,59.68687],[10.7378,59.687],[10.73764,59.68716],[10.73768,59.68717]]]},"properties":{"a":107,"v":-204,"dh":1.91,"pl":1,"pn":"E6 Ås grense - Vassum","pd":"1995-11-27","sl":1,"c":120}},{"type":"Feature","geometry":{"type":"Polygon","coordinates":[[[10.71858,59.68751],[10.71864,59.68729],[10.71871,59.68722],[10.71845,59.68726],[10.71844,59.68744],[10.71858,59.68751]]]},"properties":{"a":289,"v":244,"dh":0.85,"pl":0,"sh":1,"c":136}},{"type":"Feature","geometry":{"type":"Polygon","coordinates":[[[10.66773,59.6831],[10.6678,59.68301],[10.66754,59.6827],[10.66707,59.68272],[10.66697,59.68278],[10.66705,59.68285],[10.66728,59.68288],[10.66734,59.68299],[10.66743,59.68305],[10.66773,59.6831]]]},"properties":{"a":1107,"v":1825,"dh":1.65,"pl":1,"pn":"HANEBORGENGA","pd":"2016-09-19","c":137}},{"type":"Feature","geometry":{"type":"Polygon","coordinates":[[[10.66794,59.68293],[10.6682,59.68294],[10.66822,59.68287],[10.66792,59.68285],[10.66794,59.68293]]]},"properties":{"a":173,"v":148,"dh":0.86,"pl":1,"pn":"HANEBORGENGA","pd":"2016-09-19","sh":1,"c":137}},{"type":"Feature","geometry":{"type":"Polygon","coordinates":[[[10.66904,59.68298],[10.66913,59.68293],[10.66917,59.68298],[10.66921,59.68287],[10.66877,59.68284],[10.66877,59.68289],[10.66886,59.68296],[10.66904,59.68298]]]},"properties":{"a":311,"v":358,"dh":1.15,"pl":1,"pn":"HANEBORGENGA","pd":"2016-09-19","fo":1,"c":137}},{"type":"Feature","geometry":{"type":"MultiPolygon","coordinates":[[[[10.66577,59.68325],[10.66607,59.68318],[10.66638,59.68329],[10.66645,59.68336],[10.66672,59.68336],[10.66655,59.68326],[10.66659,59.68323],[10.66653,59.68317],[10.66644,59.68317],[10.66635,59.68307],[10.66585,59.68281],[10.66582,59.68274],[10.66596,59.68271],[10.66597,59.68261],[10.66583,59.6826],[10.66577,59.68255],[10.66563,59.68261],[10.66538,59.6826],[10.66543,59.68285],[10.66535,59.68296],[10.6654,59.68303],[10.66544,59.68335],[10.66537,59.68337],[10.66549,59.6834],[10.66552,59.68319],[10.66571,59.68318],[10.66577,59.68325]],[[10.66557,59.68312],[10.66559,59.68314],[10.66555,59.68314],[10.66557,59.68312]],[[10.66608,59.68309],[10.66613,59.6831],[10.66608,59.6831],[10.66608,59.68309]]],[[[10.66579,59.68325],[10.66584,59.68329],[10.66586,59.68325],[10.66579,59.68325]]]]},"properties":{"a":3075,"v":11863,"dh":3.86,"pl":1,"pn":"FV152 MÅNA-GISLERUD","pd":"2015-06-15","c":34}},{"type":"Feature","geometry":{"type":"Polygon","coordinates":[[[10.66826,59.68332],[10.66867,59.68326],[10.66864,59.68316],[10.66873,59.6831],[10.66862,59.68307],[10.66867,59.68302],[10.66863,59.6829],[10.66847,59.68296],[10.66836,59.68287],[10.66825,59.68287],[10.66836,59.6829],[10.66833,59.68294],[10.66835,59.68308],[10.66827,59.68312],[10.66807,59.68313],[10.66826,59.68332]]]},"properties":{"a":957,"v":1063,"dh":1.11,"pl":1,"pn":"HANEBORGENGA","pd":"2016-09-19","c":137}},{"type":"Feature","geometry":{"type":"Polygon","coordinates":[[[10.66568,59.68355],[10.66569,59.68351],[10.66592,59.68348],[10.66599,59.68341],[10.66579,59.6834],[10.66566,59.68349],[10.66568,59.68355]]]},"properties":{"a":148,"v":-214,"dh":1.45,"pl":1,"pn":"FV152 MÅNA-GISLERUD","pd":"2015-06-15","c":34}},{"type":"Feature","geometry":{"type":"Polygon","coordinates":[[[10.66671,59.68358],[10.66681,59.68355],[10.66665,59.68355],[10.66647,59.68342],[10.66638,59.68342],[10.66651,59.68353],[10.66671,59.68358]]]},"properties":{"a":127,"v":141,"dh":1.11,"pl":1,"pn":"FV152 MÅNA-GISLERUD","pd":"2015-06-15","c":34}},{"type":"Feature","geometry":{"type":"Polygon","coordinates":[[[10.66817,59.68362],[10.66814,59.68339],[10.66809,59.68339],[10.66803,59.68344],[10.66806,59.68354],[10.66817,59.68362]]]},"properties":{"a":136,"v":165,"dh":1.22,"pl":1,"pn":"HANEBORGENGA","pd":"2016-09-19","c":137}},{"type":"Feature","geometry":{"type":"MultiPolygon","coordinates":[[[[10.66544,59.68374],[10.66543,59.68363],[10.66547,59.68357],[10.66554,59.68358],[10.66567,59.68377],[10.66568,59.68389],[10.66554,59.68393],[10.66554,59.68399],[10.66565,59.68405],[10.66593,59.68398],[10.66587,59.68389],[10.66596,59.68383],[10.66635,59.68383],[10.66642,59.68379],[10.66642,59.68376],[10.66622,59.6838],[10.66634,59.68373],[10.66629,59.68368],[10.66634,59.68357],[10.66624,59.68349],[10.66603,59.68346],[10.66573,59.68353],[10.6657,59.6836],[10.66544,59.68347],[10.6654,59.6836],[10.66544,59.68374]],[[10.66575,59.68361],[10.66579,59.68363],[10.66575,59.68363],[10.66575,59.68361]]],[[[10.6654,59.68373],[10.66531,59.68373],[10.66532,59.68383],[10.66553,59.68388],[10.66548,59.68381],[10.66539,59.68379],[10.6654,59.68373]]]]},"properties":{"a":1994,"v":4636,"dh":2.32,"pl":1,"pn":"FV152 MÅNA-GISLERUD","pd":"2015-06-15","c":34}},{"type":"Feature","geometry":{"type":"Polygon","coordinates":[[[10.66712,59.68394],[10.66708,59.68384],[10.66718,59.68377],[10.66716,59.68374],[10.66707,59.6837],[10.66684,59.6837],[10.66684,59.68365],[10.66675,59.68369],[10.66679,59.68373],[10.66695,59.68372],[10.66693,59.68376],[10.66699,59.68378],[10.66692,59.68382],[10.66691,59.68376],[10.66686,59.68377],[10.66687,59.68388],[10.66712,59.68394]]]},"properties":{"a":327,"v":468,"dh":1.43,"pl":1,"pn":"FV152 MÅNA-GISLERUD","pd":"2015-06-15","c":34}},{"type":"Feature","geometry":{"type":"Polygon","coordinates":[[[10.66595,59.68394],[10.66605,59.68392],[10.66619,59.68392],[10.66614,59.68384],[10.66598,59.68385],[10.66591,59.68389],[10.66595,59.68394]]]},"properties":{"a":123,"v":-160,"dh":1.3,"pl":1,"pn":"FV152 MÅNA-GISLERUD","pd":"2015-06-15","c":34}},{"type":"Feature","geometry":{"type":"Polygon","coordinates":[[[10.66594,59.68411],[10.66599,59.68408],[10.66595,59.68401],[10.66574,59.68405],[10.66594,59.68411]]]},"properties":{"a":105,"v":-164,"dh":1.57,"pl":1,"pn":"FV152 MÅNA-GISLERUD","pd":"2015-06-15","c":34}},{"type":"Feature","geometry":{"type":"Polygon","coordinates":[[[10.66816,59.68415],[10.66841,59.68417],[10.6686,59.68411],[10.66863,59.68401],[10.66826,59.684],[10.66803,59.68409],[10.66815,59.68425],[10.6682,59.68427],[10.66816,59.68415]],[[10.66814,59.68415],[10.66812,59.68414],[10.66814,59.68414],[10.66814,59.68415]],[[10.6681,59.68413],[10.66812,59.68411],[10.66812,59.68413],[10.6681,59.68413]]]},"properties":{"a":500,"v":461,"dh":0.92,"pl":1,"pn":"HANEBORGENGA","pd":"2016-09-19","c":137}},{"type":"Feature","geometry":{"type":"MultiPolygon","coordinates":[[[[10.66952,59.68372],[10.66948,59.68367],[10.66959,59.68366],[10.66957,59.68361],[10.66964,59.68357],[10.66946,59.68356],[10.66943,59.68371],[10.66952,59.68372]]],[[[10.66949,59.68516],[10.66968,59.68472],[10.66962,59.68465],[10.66963,59.68454],[10.66956,59.68446],[10.66959,59.68428],[10.66953,59.68421],[10.6696,59.68391],[10.6696,59.68377],[10.66954,59.68373],[10.66946,59.68383],[10.6695,59.684],[10.66941,59.68404],[10.66946,59.68421],[10.66931,59.68411],[10.66931,59.68405],[10.66938,59.68402],[10.66928,59.68391],[10.6693,59.68379],[10.66919,59.68381],[10.66915,59.684],[10.66921,59.68412],[10.66921,59.68428],[10.66934,59.68441],[10.66939,59.68453],[10.66907,59.68464],[10.66906,59.68486],[10.66899,59.68489],[10.66907,59.68498],[10.6693,59.68497],[10.66943,59.68515],[10.66949,59.68516]],[[10.66945,59.68474],[10.66941,59.68461],[10.66944,59.6846],[10.66945,59.68474]]],[[[10.66949,59.68516],[10.66954,59.68518],[10.66954,59.68517],[10.66952,59.68516],[10.66949,59.68516]]]]},"properties":{"a":3075,"v":4968,"dh":1.62,"pl":1,"pn":"HANEBORGENGA","pd":"2016-09-19","c":137}},{"type":"Feature","geometry":{"type":"Polygon","coordinates":[[[10.66931,59.68453],[10.66935,59.68448],[10.66914,59.6843],[10.66913,59.68438],[10.66918,59.68442],[10.66919,59.68451],[10.66931,59.68453]]]},"properties":{"a":155,"v":-226,"dh":1.46,"pl":1,"pn":"HANEBORGENGA","pd":"2016-09-19","fo":1,"c":137}},{"type":"Feature","geometry":{"type":"MultiPolygon","coordinates":[[[[10.66655,59.68475],[10.66653,59.68464],[10.66638,59.68473],[10.6665,59.68477],[10.66651,59.68489],[10.66663,59.68488],[10.66665,59.68484],[10.66652,59.6848],[10.66655,59.68475]]],[[[10.66657,59.68477],[10.66659,59.68479],[10.66661,59.68479],[10.66657,59.68477]]]]},"properties":{"a":165,"v":169,"dh":1.02,"pl":1,"pn":"FV152 MÅNA-GISLERUD","pd":"2015-06-15","c":34}},{"type":"Feature","geometry":{"type":"Polygon","coordinates":[[[10.67622,59.68557],[10.67622,59.68545],[10.67627,59.68542],[10.67621,59.68536],[10.67623,59.68527],[10.67608,59.68518],[10.67592,59.68525],[10.67548,59.68529],[10.67527,59.68539],[10.67535,59.68543],[10.67554,59.68532],[10.67582,59.68531],[10.67582,59.68536],[10.67591,59.68537],[10.6759,59.68542],[10.67595,59.68548],[10.67622,59.68557]]]},"properties":{"a":847,"v":984,"dh":1.16,"pl":0,"c":138}},{"type":"Feature","geometry":{"type":"Polygon","coordinates":[[[10.67417,59.68817],[10.67463,59.68814],[10.67444,59.68798],[10.67427,59.68774],[10.67413,59.68771],[10.67381,59.68781],[10.67417,59.68817]],[[10.67454,59.68808],[10.67445,59.6881],[10.67439,59.68797],[10.67454,59.68808]]]},"properties":{"a":1233,"v":1423,"dh":1.15,"pl":0,"c":139}},{"type":"Feature","geometry":{"type":"Polygon","coordinates":[[[10.66992,59.68856],[10.66993,59.68842],[10.66953,59.68843],[10.66957,59.68854],[10.66992,59.68856]]]},"properties":{"a":329,"v":832,"dh":2.53,"pl":1,"pn":"HØILUNDVEIEN 13 OG 17","pd":"2001-06-25","c":140}},{"type":"Feature","geometry":{"type":"Polygon","coordinates":[[[10.67027,59.68908],[10.67028,59.68903],[10.67048,59.68908],[10.67048,59.68899],[10.67014,59.68902],[10.67027,59.68908]]]},"properties":{"a":144,"v":-210,"dh":1.46,"pl":1,"pn":"HØILUNDVEIEN 13 OG 17","pd":"2001-06-25","c":140}},{"type":"Feature","geometry":{"type":"Polygon","coordinates":[[[10.67926,59.68659],[10.67951,59.68659],[10.67961,59.68646],[10.67954,59.68647],[10.67936,59.68658],[10.67926,59.68659]]]},"properties":{"a":113,"v":138,"dh":1.22,"pl":0,"c":141}},{"type":"Feature","geometry":{"type":"Polygon","coordinates":[[[10.6802,59.68701],[10.68027,59.687],[10.68032,59.6868],[10.6801,59.68677],[10.68007,59.68688],[10.6802,59.68701]]]},"properties":{"a":262,"v":-569,"dh":2.17,"pl":1,"pn":"G-/S-veg, Fv.76 Osloveien, Ottarsrud - Bakker bru","pd":"2017-04-03","c":142}},{"type":"Feature","geometry":{"type":"Polygon","coordinates":[[[10.6967,59.68695],[10.69693,59.68692],[10.69696,59.68684],[10.69669,59.68677],[10.69652,59.68678],[10.69645,59.68682],[10.69644,59.68692],[10.6967,59.68695]]]},"properties":{"a":443,"v":766,"dh":1.73,"pl":0,"fo":1,"c":143}},{"type":"Feature","geometry":{"type":"Polygon","coordinates":[[[10.69696,59.68709],[10.69724,59.68704],[10.6972,59.68695],[10.69725,59.68686],[10.69694,59.68701],[10.69696,59.68709]]]},"properties":{"a":236,"v":-258,"dh":1.09,"pl":0,"fo":1,"c":143}},{"type":"Feature","geometry":{"type":"Polygon","coordinates":[[[10.69695,59.68732],[10.69713,59.68728],[10.69718,59.68717],[10.69732,59.68714],[10.69752,59.68721],[10.69749,59.6871],[10.69754,59.68698],[10.69759,59.68694],[10.69779,59.68695],[10.69785,59.68674],[10.69777,59.68669],[10.69761,59.6867],[10.69764,59.68681],[10.69734,59.68687],[10.69729,59.68698],[10.69735,59.68705],[10.69707,59.68712],[10.69707,59.68724],[10.69695,59.68732]]]},"properties":{"a":1004,"v":1584,"dh":1.58,"pl":0,"fo":1,"c":143}},{"type":"Feature","geometry":{"type":"Polygon","coordinates":[[[10.67997,59.68737],[10.68015,59.68735],[10.68007,59.6872],[10.67995,59.68722],[10.67998,59.68724],[10.67997,59.68737]]]},"properties":{"a":129,"v":-143,"dh":1.11,"pl":1,"pn":"G-/S-veg, Fv.76 Osloveien, Ottarsrud - Bakker bru","pd":"2017-04-03","c":142}},{"type":"Feature","geometry":{"type":"Polygon","coordinates":[[[10.69671,59.68713],[10.69674,59.68703],[10.69669,59.68701],[10.69656,59.687],[10.69648,59.68709],[10.69654,59.68714],[10.69671,59.68713]]]},"properties":{"a":173,"v":240,"dh":1.38,"pl":0,"fo":1,"c":143}},{"type":"Feature","geometry":{"type":"Polygon","coordinates":[[[10.68138,59.69061],[10.68148,59.69056],[10.68148,59.6905],[10.68134,59.69047],[10.68123,59.69052],[10.68125,59.69059],[10.68138,59.69061]],[[10.68132,59.69055],[10.68137,59.69052],[10.68137,59.69054],[10.68132,59.69055]]]},"properties":{"a":166,"v":144,"dh":0.87,"pl":0,"sh":1,"c":144}},{"type":"Feature","geometry":{"type":"Polygon","coordinates":[[[10.68486,59.69096],[10.68476,59.69102],[10.6846,59.69104],[10.68458,59.6911],[10.68479,59.69104],[10.68485,59.69109],[10.68486,59.69102],[10.68501,59.69107],[10.68513,59.69104],[10.68486,59.69096]]]},"properties":{"a":224,"v":304,"dh":1.36,"pl":0,"c":145}},{"type":"Feature","geometry":{"type":"Polygon","coordinates":[[[10.6819,59.69105],[10.68166,59.69099],[10.68159,59.69102],[10.6816,59.69106],[10.68172,59.69101],[10.68171,59.69112],[10.68187,59.69117],[10.6819,59.69114],[10.6819,59.69105]]]},"properties":{"a":157,"v":124,"dh":0.79,"pl":0,"sh":1,"c":144}},{"type":"Feature","geometry":{"type":"Polygon","coordinates":[[[10.64976,59.65432],[10.64978,59.65426],[10.64969,59.65421],[10.64968,59.65415],[10.64986,59.65419],[10.64986,59.6541],[10.64975,59.65405],[10.64977,59.65402],[10.64943,59.65395],[10.64939,59.65403],[10.64929,59.65409],[10.64967,59.65426],[10.64967,59.65431],[10.64976,59.65432]]]},"properties":{"a":669,"v":-1200,"dh":1.79,"pl":1,"pn":"Vestbyveien - veiplan fra Skogveien til Odalen","pd":"2017-05-22","c":56}},{"type":"Feature","geometry":{"type":"Polygon","coordinates":[[[10.65005,59.65442],[10.65008,59.65434],[10.65001,59.65428],[10.6498,59.65428],[10.64989,59.65434],[10.64991,59.65441],[10.65005,59.65442]]]},"properties":{"a":181,"v":224,"dh":1.24,"pl":1,"pn":"Vestbyveien - veiplan fra Skogveien til Odalen","pd":"2017-05-22","c":56}},{"type":"Feature","geometry":{"type":"Polygon","coordinates":[[[10.64967,59.65453],[10.64977,59.65443],[10.64966,59.65433],[10.64957,59.65436],[10.64934,59.65428],[10.64923,59.65436],[10.64925,59.65441],[10.64947,59.65445],[10.64942,59.65452],[10.64967,59.65453]]]},"properties":{"a":462,"v":-660,"dh":1.43,"pl":1,"pn":"NY SOGSTI SKOLE","pd":"2002-09-16","c":146}},{"type":"Feature","geometry":{"type":"Polygon","coordinates":[[[10.64876,59.65512],[10.64891,59.65507],[10.64888,59.65502],[10.64891,59.65494],[10.64933,59.65491],[10.6491,59.6548],[10.64902,59.6548],[10.64905,59.65486],[10.64898,59.65489],[10.64889,59.65486],[10.64885,59.65478],[10.64867,59.65478],[10.6486,59.65491],[10.64866,59.65491],[10.64868,59.65501],[10.64861,59.65504],[10.64879,59.65506],[10.64865,59.65508],[10.64876,59.65512]]]},"properties":{"a":709,"v":-717,"dh":1.01,"pl":1,"pn":"NY SOGSTI SKOLE","pd":"2002-09-16","c":146}},{"type":"Feature","geometry":{"type":"Polygon","coordinates":[[[10.64924,59.65521],[10.64938,59.65515],[10.6492,59.65511],[10.64918,59.65504],[10.64905,59.65505],[10.64911,59.65508],[10.64895,59.65514],[10.64897,59.6552],[10.64924,59.65521]]]},"properties":{"a":264,"v":-346,"dh":1.31,"pl":1,"pn":"NY SOGSTI SKOLE","pd":"2002-09-16","c":146}},{"type":"Feature","geometry":{"type":"Polygon","coordinates":[[[10.64708,59.65533],[10.64708,59.65523],[10.64723,59.6552],[10.64723,59.65516],[10.64705,59.65515],[10.64699,59.6553],[10.64708,59.65533]]]},"properties":{"a":116,"v":-108,"dh":0.93,"pl":1,"pn":"NY SOGSTI SKOLE","pd":"2002-09-16","sh":1,"c":146}},{"type":"Feature","geometry":{"type":"Polygon","coordinates":[[[10.64788,59.65528],[10.64759,59.65521],[10.64759,59.6553],[10.64742,59.65537],[10.64788,59.65528]],[[10.64779,59.65528],[10.64768,59.65526],[10.64779,59.65527],[10.64779,59.65528]]]},"properties":{"a":176,"v":-148,"dh":0.84,"pl":1,"pn":"NY SOGSTI SKOLE","pd":"2002-09-16","sh":1,"c":146}},{"type":"Feature","geometry":{"type":"Polygon","coordinates":[[[10.64403,59.6554],[10.64433,59.65539],[10.64424,59.65532],[10.64412,59.65531],[10.64404,59.65532],[10.64405,59.65535],[10.64413,59.65534],[10.6441,59.65538],[10.64398,59.65538],[10.64403,59.6554]]]},"properties":{"a":110,"v":-105,"dh":0.96,"pl":1,"pn":"NY SOGSTI SKOLE","pd":"2002-09-16","sh":1,"c":147}},{"type":"Feature","geometry":{"type":"Polygon","coordinates":[[[10.64657,59.65548],[10.64649,59.6556],[10.6465,59.65572],[10.64673,59.65574],[10.64685,59.6557],[10.64673,59.65569],[10.64672,59.65563],[10.64677,59.6556],[10.64658,59.65569],[10.64656,59.65559],[10.64661,59.65555],[10.64657,59.65548]]]},"properties":{"a":199,"v":-201,"dh":1.01,"pl":1,"pn":"NY SOGSTI SKOLE","pd":"2002-09-16","c":146}},{"type":"Feature","geometry":{"type":"Polygon","coordinates":[[[10.64388,59.65591],[10.64405,59.65582],[10.64405,59.6558],[10.64396,59.65578],[10.64389,59.65583],[10.6438,59.65582],[10.64379,59.6559],[10.64388,59.65591]]]},"properties":{"a":108,"v":-154,"dh":1.42,"pl":0,"c":148}},{"type":"Feature","geometry":{"type":"Polygon","coordinates":[[[10.64367,59.65636],[10.64383,59.65631],[10.64382,59.65625],[10.64388,59.65626],[10.64391,59.65618],[10.64402,59.65619],[10.64401,59.65615],[10.64389,59.65611],[10.64378,59.65615],[10.6438,59.6562],[10.64367,59.65628],[10.64367,59.65636]]]},"properties":{"a":212,"v":-232,"dh":1.09,"pl":0,"c":148}},{"type":"Feature","geometry":{"type":"Polygon","coordinates":[[[10.64461,59.65634],[10.64493,59.6564],[10.64487,59.65628],[10.64468,59.65626],[10.64461,59.65634]]]},"properties":{"a":206,"v":-239,"dh":1.16,"pl":0,"c":148}},{"type":"Feature","geometry":{"type":"Polygon","coordinates":[[[10.64441,59.65657],[10.64449,59.65644],[10.64449,59.65638],[10.64443,59.65636],[10.64438,59.65636],[10.6444,59.65643],[10.64435,59.65648],[10.64426,59.65647],[10.64432,59.65655],[10.64441,59.65657]]]},"properties":{"a":154,"v":144,"dh":0.94,"pl":0,"sh":1,"c":148}},{"type":"Feature","geometry":{"type":"Polygon","coordinates":[[[10.64416,59.6587],[10.64433,59.65857],[10.64429,59.65851],[10.6444,59.6585],[10.6444,59.65848],[10.6439,59.65859],[10.64391,59.65865],[10.64398,59.6587],[10.64416,59.6587]]]},"properties":{"a":342,"v":-332,"dh":0.97,"pl":1,"pn":"Sogsti skog, B1 og B2","pd":"1991-08-28","sh":1,"c":149}},{"type":"Feature","geometry":{"type":"Polygon","coordinates":[[[10.6438,59.65909],[10.644,59.65908],[10.64396,59.65897],[10.64385,59.65897],[10.64377,59.65903],[10.6438,59.65909]]]},"properties":{"a":154,"v":-175,"dh":1.14,"pl":1,"pn":"Sogsti skog, B1 og B2","pd":"1991-08-28","c":149}},{"type":"Feature","geometry":{"type":"Polygon","coordinates":[[[10.64814,59.66056],[10.64817,59.6605],[10.64809,59.66044],[10.64795,59.66048],[10.64797,59.66054],[10.64814,59.66056]]]},"properties":{"a":116,"v":-124,"dh":1.07,"pl":0,"c":150}},{"type":"Feature","geometry":{"type":"Polygon","coordinates":[[[10.64438,59.66143],[10.64448,59.66134],[10.6443,59.66131],[10.64422,59.66135],[10.64429,59.66142],[10.64438,59.66143]]]},"properties":{"a":135,"v":141,"dh":1.04,"pl":1,"pn":"HOLTERTEIGEN 3","pd":"2013-12-09","c":151}},{"type":"Feature","geometry":{"type":"Polygon","coordinates":[[[10.64442,59.66183],[10.64445,59.66179],[10.6444,59.66175],[10.64425,59.66172],[10.64416,59.66175],[10.6442,59.66182],[10.64442,59.66183]]]},"properties":{"a":135,"v":-152,"dh":1.12,"pl":1,"pn":"HOLTERTEIGEN 3","pd":"2013-12-09","c":151}},{"type":"Feature","geometry":{"type":"Polygon","coordinates":[[[10.64899,59.66214],[10.64905,59.66209],[10.64919,59.66209],[10.6492,59.66199],[10.64907,59.66192],[10.64893,59.66193],[10.6489,59.66196],[10.64895,59.66204],[10.64883,59.66213],[10.64899,59.66214]],[[10.649,59.66199],[10.64902,59.66198],[10.64902,59.66199],[10.649,59.66199]],[[10.64906,59.66198],[10.64907,59.66197],[10.64908,59.66198],[10.64906,59.66198]]]},"properties":{"a":293,"v":328,"dh":1.12,"pl":1,"pn":"Skiphelle-Dyrløkke C1-C5","pd":"1987-11-18","c":152}},{"type":"Feature","geometry":{"type":"Polygon","coordinates":[[[10.64864,59.66217],[10.64857,59.66208],[10.64858,59.66203],[10.64842,59.66207],[10.64857,59.66218],[10.64864,59.66217]]]},"properties":{"a":100,"v":90,"dh":0.9,"pl":0,"sh":1,"c":153}},{"type":"Feature","geometry":{"type":"Polygon","coordinates":[[[10.65726,59.65157],[10.65738,59.65152],[10.65735,59.65133],[10.65745,59.65114],[10.65743,59.65106],[10.65734,59.65106],[10.65726,59.65124],[10.65709,59.65142],[10.65711,59.65148],[10.65717,59.65149],[10.65713,59.65155],[10.65726,59.65157]]]},"properties":{"a":584,"v":1155,"dh":1.98,"pl":0,"fo":1,"c":32}},{"type":"Feature","geometry":{"type":"Polygon","coordinates":[[[10.65604,59.65265],[10.65649,59.6525],[10.65658,59.65245],[10.65629,59.65244],[10.65623,59.65255],[10.65615,59.65251],[10.65591,59.65254],[10.65604,59.65265]]]},"properties":{"a":379,"v":518,"dh":1.37,"pl":0,"fo":1,"c":154}},{"type":"Feature","geometry":{"type":"Polygon","coordinates":[[[10.65719,59.65302],[10.65724,59.65294],[10.65708,59.65292],[10.65697,59.65296],[10.65699,59.653],[10.65719,59.65302]]]},"properties":{"a":119,"v":135,"dh":1.13,"pl":0,"c":155}},{"type":"Feature","geometry":{"type":"Polygon","coordinates":[[[10.65443,59.65315],[10.65446,59.65309],[10.65458,59.65307],[10.6546,59.65303],[10.65414,59.65306],[10.65419,59.65312],[10.65443,59.65315]]]},"properties":{"a":213,"v":-332,"dh":1.56,"pl":1,"pn":"Røysepytten og Øierudbråten","pd":"2011-11-14","c":55}},{"type":"Feature","geometry":{"type":"Polygon","coordinates":[[[10.65442,59.65345],[10.65466,59.65321],[10.65472,59.65304],[10.65465,59.65305],[10.65459,59.65317],[10.6545,59.65315],[10.65438,59.65322],[10.65409,59.65314],[10.65417,59.65327],[10.65431,59.6533],[10.65428,59.65337],[10.65442,59.65345]]]},"properties":{"a":597,"v":981,"dh":1.64,"pl":1,"pn":"Røysepytten og Øierudbråten","pd":"2011-11-14","c":55}},{"type":"Feature","geometry":{"type":"Polygon","coordinates":[[[10.6561,59.65404],[10.6562,59.65388],[10.65618,59.65383],[10.65607,59.65379],[10.65585,59.65386],[10.65603,59.65399],[10.65603,59.65404],[10.6561,59.65404]]]},"properties":{"a":328,"v":607,"dh":1.85,"pl":0,"sl":1,"c":156}},{"type":"Feature","geometry":{"type":"Polygon","coordinates":[[[10.65412,59.66175],[10.6541,59.66172],[10.65416,59.66169],[10.65428,59.66167],[10.65426,59.66164],[10.65431,59.66159],[10.6544,59.66158],[10.65425,59.6615],[10.65402,59.6615],[10.654,59.66144],[10.65395,59.66143],[10.65399,59.66153],[10.65385,59.66161],[10.65385,59.66167],[10.65394,59.66173],[10.65412,59.66175]]]},"properties":{"a":547,"v":2465,"dh":4.51,"pl":0,"c":157}},{"type":"Feature","geometry":{"type":"Polygon","coordinates":[[[10.6549,59.66737],[10.65513,59.66735],[10.65503,59.66722],[10.6548,59.66724],[10.6549,59.66737]]]},"properties":{"a":245,"v":266,"dh":1.09,"pl":1,"pn":"DYRLØKKEÅSEN SKOLE","pd":"1997-06-16","c":158}},{"type":"Feature","geometry":{"type":"Polygon","coordinates":[[[10.65526,59.66796],[10.65544,59.66788],[10.65487,59.66788],[10.65496,59.66795],[10.65526,59.66796]]]},"properties":{"a":229,"v":265,"dh":1.16,"pl":1,"pn":"DYRLØKKEÅSEN SKOLE","pd":"1997-06-16","c":158}},{"type":"Feature","geometry":{"type":"Polygon","coordinates":[[[10.65412,59.67028],[10.65431,59.67025],[10.65431,59.67014],[10.65425,59.67009],[10.65413,59.67014],[10.65412,59.67028]]]},"properties":{"a":180,"v":226,"dh":1.26,"pl":1,"pn":"DYRLØKKE/SKIPHELLE, NORDRE DEL","pd":"1990-09-17","c":159}},{"type":"Feature","geometry":{"type":"Polygon","coordinates":[[[10.64379,59.66173],[10.64386,59.6616],[10.64366,59.66162],[10.64372,59.66173],[10.64379,59.66173]]]},"properties":{"a":117,"v":108,"dh":0.92,"pl":1,"pn":"HOLTERTEIGEN 3","pd":"2013-12-09","sh":1,"c":151}},{"type":"Feature","geometry":{"type":"Polygon","coordinates":[[[10.64283,59.66206],[10.64313,59.66197],[10.6432,59.66191],[10.64302,59.66186],[10.6431,59.66181],[10.64296,59.6618],[10.64296,59.66175],[10.64277,59.66185],[10.6427,59.66185],[10.64275,59.66188],[10.64276,59.66197],[10.64285,59.662],[10.64283,59.66206]],[[10.643,59.66194],[10.64305,59.6619],[10.64306,59.66193],[10.643,59.66194]]]},"properties":{"a":480,"v":-711,"dh":1.48,"pl":1,"pn":"TVERKJEGLA ØST","pd":"2009-06-15","c":82}},{"type":"Feature","geometry":{"type":"Polygon","coordinates":[[[10.64257,59.66211],[10.6426,59.66205],[10.64271,59.66206],[10.64272,59.66191],[10.64259,59.66187],[10.64252,59.66192],[10.64254,59.66202],[10.64249,59.66207],[10.64257,59.66211]]]},"properties":{"a":210,"v":313,"dh":1.49,"pl":1,"pn":"TVERKJEGLA ØST","pd":"2009-06-15","c":82}},{"type":"Feature","geometry":{"type":"MultiPolygon","coordinates":[[[[10.64189,59.66275],[10.64203,59.66274],[10.64203,59.66283],[10.64209,59.66281],[10.64201,59.66265],[10.64188,59.66268],[10.64189,59.66275]]],[[[10.64187,59.66276],[10.64189,59.66276],[10.64189,59.66275],[10.64187,59.66276]]]]},"properties":{"a":122,"v":-173,"dh":1.42,"pl":1,"pn":"Gnr 69 bnr 38,102 Oreveien","pd":"2011-11-14","c":91}},{"type":"Feature","geometry":{"type":"Polygon","coordinates":[[[10.64193,59.6629],[10.64196,59.66285],[10.64189,59.66278],[10.64175,59.66277],[10.64177,59.66287],[10.64193,59.6629]]]},"properties":{"a":119,"v":-194,"dh":1.63,"pl":1,"pn":"Gnr 69 bnr 38,102 Oreveien","pd":"2011-11-14","c":91}},{"type":"Feature","geometry":{"type":"Polygon","coordinates":[[[10.6414,59.66299],[10.64111,59.66278],[10.64095,59.66277],[10.64103,59.66298],[10.6414,59.66299]]]},"properties":{"a":375,"v":417,"dh":1.11,"pl":0,"c":160}},{"type":"Feature","geometry":{"type":"MultiPolygon","coordinates":[[[[10.64178,59.66304],[10.64206,59.66301],[10.64197,59.66291],[10.6417,59.66289],[10.64165,59.66294],[10.64178,59.66304]]],[[[10.64176,59.66305],[10.64174,59.66307],[10.6418,59.66305],[10.64176,59.66305]]]]},"properties":{"a":288,"v":843,"dh":2.93,"pl":1,"pn":"Gnr 69 bnr 38,102 Oreveien","pd":"2011-11-14","c":91}},{"type":"Feature","geometry":{"type":"Polygon","coordinates":[[[10.64377,59.66318],[10.64375,59.66307],[10.64342,59.66312],[10.64342,59.66314],[10.64377,59.66318]]]},"properties":{"a":158,"v":168,"dh":1.07,"pl":0,"c":161}},{"type":"Feature","geometry":{"type":"Polygon","coordinates":[[[10.64199,59.66331],[10.64202,59.66319],[10.64209,59.66318],[10.64206,59.66306],[10.64196,59.66303],[10.64169,59.6631],[10.64188,59.66329],[10.64199,59.66331]],[[10.64193,59.6632],[10.64189,59.66324],[10.64189,59.6632],[10.64193,59.6632]]]},"properties":{"a":399,"v":-1071,"dh":2.68,"pl":1,"pn":"Gnr 69 bnr 38,102 Oreveien","pd":"2011-11-14","c":91}},{"type":"Feature","geometry":{"type":"Polygon","coordinates":[[[10.64401,59.6633],[10.64415,59.66326],[10.64422,59.66317],[10.64412,59.66311],[10.64386,59.66319],[10.64401,59.6633]]]},"properties":{"a":241,"v":241,"dh":1.0,"pl":0,"c":161}},{"type":"Feature","geometry":{"type":"Polygon","coordinates":[[[10.64509,59.6633],[10.64511,59.66326],[10.64529,59.66327],[10.64516,59.66315],[10.645,59.66317],[10.64498,59.66322],[10.64509,59.6633]]]},"properties":{"a":169,"v":-234,"dh":1.38,"pl":0,"c":161}},{"type":"Feature","geometry":{"type":"Polygon","coordinates":[[[10.64707,59.6638],[10.64724,59.66371],[10.64721,59.66368],[10.64727,59.66361],[10.64696,59.66347],[10.64667,59.66353],[10.6467,59.66358],[10.64664,59.66364],[10.64667,59.66367],[10.64707,59.6638]]]},"properties":{"a":787,"v":-1492,"dh":1.9,"pl":1,"pn":"GNR 69 BNR 389 - ULLERUD TERRASSE - TREKANTTOMTA","pd":"2017-06-19","c":162}},{"type":"Feature","geometry":{"type":"Polygon","coordinates":[[[10.65129,59.66475],[10.65137,59.6646],[10.65116,59.66457],[10.65103,59.66462],[10.65118,59.66474],[10.65129,59.66475]]]},"properties":{"a":242,"v":-290,"dh":1.2,"pl":1,"pn":"Skiphelle-Dyrløkke C1-C5","pd":"1987-11-18","c":163}},{"type":"Feature","geometry":{"type":"Polygon","coordinates":[[[10.65078,59.66519],[10.65079,59.66504],[10.65066,59.66504],[10.65063,59.66517],[10.65078,59.66519]]]},"properties":{"a":121,"v":-161,"dh":1.33,"pl":1,"pn":"Skiphelle-Dyrløkke C1-C5","pd":"1987-11-18","c":163}},{"type":"Feature","geometry":{"type":"Polygon","coordinates":[[[10.64421,59.66776],[10.6444,59.66767],[10.64445,59.66755],[10.64408,59.6677],[10.64421,59.66776]]]},"properties":{"a":187,"v":-329,"dh":1.76,"pl":2,"pn":"Områderegulering for Dyrløkke, Ullerud og Seiersten (byutviklingsplanen)","pd":"2022-06-20","c":94}},{"type":"Feature","geometry":{"type":"Polygon","coordinates":[[[10.64515,59.67017],[10.64521,59.67008],[10.64506,59.66996],[10.64498,59.67],[10.64515,59.67017]]]},"properties":{"a":151,"v":186,"dh":1.23,"pl":1,"pn":"Belsjø terrasse, gnr 67 bnr 29,30 mfl","pd":"2016-02-15","c":164}},{"type":"Feature","geometry":{"type":"Polygon","coordinates":[[[10.64477,59.67018],[10.64484,59.67014],[10.64475,59.67007],[10.64452,59.67011],[10.64454,59.67017],[10.64477,59.67018]]]},"properties":{"a":158,"v":-220,"dh":1.39,"pl":1,"pn":"Belsjø terrasse, gnr 67 bnr 29,30 mfl","pd":"2016-02-15","fo":1,"c":164}},{"type":"Feature","geometry":{"type":"Polygon","coordinates":[[[10.64525,59.67057],[10.64514,59.67038],[10.64487,59.67034],[10.64485,59.67025],[10.64456,59.67024],[10.64458,59.67033],[10.64482,59.67048],[10.64509,59.67044],[10.64516,59.67055],[10.64525,59.67057]]]},"properties":{"a":521,"v":-746,"dh":1.43,"pl":1,"pn":"Belsjø terrasse, gnr 67 bnr 29,30 mfl","pd":"2016-02-15","fo":1,"c":164}},{"type":"Feature","geometry":{"type":"Polygon","coordinates":[[[10.64578,59.67118],[10.64576,59.67103],[10.64565,59.67102],[10.64555,59.67088],[10.64556,59.67097],[10.64578,59.67118]]]},"properties":{"a":124,"v":108,"dh":0.87,"pl":1,"pn":"Belsjø terrasse, gnr 67 bnr 29,30 mfl","pd":"2016-02-15","sh":1,"c":165}},{"type":"Feature","geometry":{"type":"Polygon","coordinates":[[[10.64923,59.6713],[10.6493,59.67121],[10.64901,59.67116],[10.64912,59.67127],[10.64923,59.6713]]]},"properties":{"a":119,"v":102,"dh":0.86,"pl":1,"pn":"Ullerud-Heer Golfbane","pd":"1989-10-16","sh":1,"c":166}},{"type":"Feature","geometry":{"type":"MultiPolygon","coordinates":[[[[10.6522,59.6717],[10.65208,59.67154],[10.65201,59.67154],[10.65202,59.67159],[10.6522,59.6717]]],[[[10.65225,59.67173],[10.6522,59.6717],[10.6522,59.67172],[10.65225,59.67173]]],[[[10.65225,59.67173],[10.65238,59.67184],[10.65251,59.67183],[10.65242,59.67181],[10.65231,59.67174],[10.65227,59.67174],[10.65227,59.67173],[10.65225,59.67173]]]]},"properties":{"a":133,"v":-109,"dh":0.82,"pl":1,"pn":"Dyrløkkeåsen Felt N2","pd":"2008-12-15","sh":1,"c":167}},{"type":"Feature","geometry":{"type":"MultiPolygon","coordinates":[[[[10.65358,59.6728],[10.65365,59.67275],[10.6536,59.6727],[10.65293,59.67244],[10.6536,59.67273],[10.65358,59.6728]]],[[[10.65357,59.67281],[10.65348,59.67288],[10.65357,59.67292],[10.65345,59.67298],[10.65359,59.67297],[10.65357,59.67281]]]]},"properties":{"a":210,"v":-354,"dh":1.69,"pl":2,"pn":"Områderegulering for Dyrløkke, Ullerud og Seiersten (byutviklingsplanen)","pd":"2022-06-20","sl":1,"c":168}},{"type":"Feature","geometry":{"type":"Polygon","coordinates":[[[10.64874,59.67583],[10.6492,59.67572],[10.64922,59.67569],[10.64867,59.6758],[10.64874,59.67583]]]},"properties":{"a":154,"v":182,"dh":1.18,"pl":1,"pn":"BELSJØ","pd":"1996-05-20","c":169}},{"type":"Feature","geometry":{"type":"Polygon","coordinates":[[[10.65053,59.67792],[10.65058,59.67787],[10.65056,59.67781],[10.6503,59.6778],[10.65039,59.67791],[10.65053,59.67792]]]},"properties":{"a":162,"v":183,"dh":1.13,"pl":1,"pn":"Ullerud-Heer Golfbane","pd":"1989-10-16","c":170}},{"type":"Feature","geometry":{"type":"MultiPolygon","coordinates":[[[[10.65025,59.67976],[10.6505,59.67969],[10.65048,59.67964],[10.65056,59.67958],[10.65045,59.67956],[10.6503,59.67964],[10.65025,59.67976]]],[[[10.65023,59.67976],[10.65025,59.67977],[10.65025,59.67976],[10.65023,59.67976]]]]},"properties":{"a":209,"v":-243,"dh":1.16,"pl":1,"pn":"Ullerud-Heer Golfbane","pd":"1989-10-16","c":170}},{"type":"Feature","geometry":{"type":"Polygon","coordinates":[[[10.64998,59.68252],[10.65017,59.68244],[10.6499,59.68238],[10.64998,59.68252]]]},"properties":{"a":129,"v":138,"dh":1.07,"pl":1,"pn":"KRINGERUD","pd":"1973-06-12","c":171}},{"type":"Feature","geometry":{"type":"Polygon","coordinates":[[[10.65078,59.68407],[10.65098,59.68408],[10.65106,59.68396],[10.65078,59.68399],[10.65078,59.68407]]]},"properties":{"a":169,"v":205,"dh":1.21,"pl":1,"pn":"HEER, FELT A","pd":"1968-09-17","c":172}},{"type":"Feature","geometry":{"type":"Polygon","coordinates":[[[10.65198,59.68782],[10.65221,59.68772],[10.65216,59.6876],[10.65211,59.68761],[10.65212,59.68771],[10.65198,59.68782]]]},"properties":{"a":113,"v":113,"dh":1.0,"pl":1,"pn":"BRAATEN","pd":"2011-02-14","c":173}},{"type":"Feature","geometry":{"type":"Polygon","coordinates":[[[10.65539,59.69211],[10.65537,59.69206],[10.65524,59.69206],[10.65525,59.69189],[10.6552,59.69182],[10.65502,59.69181],[10.65495,59.69175],[10.65484,59.69182],[10.65492,59.69192],[10.65489,59.69198],[10.65505,59.69208],[10.65539,59.69211]],[[10.65517,59.69198],[10.65513,59.69196],[10.65515,59.69193],[10.6552,59.69194],[10.65517,59.69198]]]},"properties":{"a":580,"v":934,"dh":1.61,"pl":1,"pn":"RV 23 - OSLOFJORDFORBINDELSEN-BYGGETRINN 2","pd":"2015-02-09","fo":1,"c":174}},{"type":"Feature","geometry":{"type":"Polygon","coordinates":[[[10.65411,59.69205],[10.65469,59.69197],[10.65472,59.69195],[10.65411,59.69205]]]},"properties":{"a":130,"v":116,"dh":0.89,"pl":1,"pn":"RV 23 - OSLOFJORDFORBINDELSEN-BYGGETRINN 2","pd":"2015-02-09","sh":1,"c":174}},{"type":"Feature","geometry":{"type":"MultiPolygon","coordinates":[[[[10.65592,59.67327],[10.65618,59.67325],[10.65641,59.67327],[10.65634,59.67323],[10.6559,59.67323],[10.65592,59.67327]]],[[[10.65584,59.67326],[10.65588,59.67327],[10.65588,59.67326],[10.65584,59.67326]]]]},"properties":{"a":104,"v":-178,"dh":1.71,"pl":2,"pn":"Dyrløkkebakken","pd":"2024-11-04","sl":1,"c":175}},{"type":"Feature","geometry":{"type":"MultiPolygon","coordinates":[[[[10.65532,59.67336],[10.65474,59.67317],[10.65444,59.67319],[10.6543,59.67329],[10.65436,59.67338],[10.65452,59.67337],[10.65477,59.67347],[10.65495,59.67347],[10.65514,59.67338],[10.65516,59.67343],[10.65528,59.67342],[10.65532,59.67336]]],[[[10.65516,59.67343],[10.65514,59.67345],[10.65516,59.67345],[10.65516,59.67343]]]]},"properties":{"a":1147,"v":2333,"dh":2.03,"pl":2,"pn":"Områderegulering for Dyrløkke, Ullerud og Seiersten (byutviklingsplanen)","pd":"2022-06-20","c":176}},{"type":"Feature","geometry":{"type":"Polygon","coordinates":[[[10.65658,59.67415],[10.65677,59.67411],[10.65677,59.67398],[10.65664,59.674],[10.65658,59.67415]]]},"properties":{"a":143,"v":148,"dh":1.03,"pl":2,"pn":"Områderegulering for Dyrløkke, Ullerud og Seiersten (byutviklingsplanen)","pd":"2022-06-20","c":176}},{"type":"Feature","geometry":{"type":"Polygon","coordinates":[[[10.65774,59.67466],[10.65799,59.67458],[10.65789,59.67449],[10.65796,59.67443],[10.65725,59.67409],[10.6572,59.67415],[10.65701,59.67419],[10.65702,59.67432],[10.65709,59.67444],[10.65756,59.67466],[10.65774,59.67466]]]},"properties":{"a":1981,"v":-3711,"dh":1.87,"pl":2,"pn":"Områderegulering for Dyrløkke, Ullerud og Seiersten (byutviklingsplanen)","pd":"2022-06-20","c":176}},{"type":"Feature","geometry":{"type":"Polygon","coordinates":[[[10.65743,59.67955],[10.65763,59.67952],[10.65764,59.67943],[10.65746,59.67933],[10.65732,59.67933],[10.65741,59.67943],[10.65743,59.67955]]]},"properties":{"a":265,"v":284,"dh":1.07,"pl":0,"c":177}},{"type":"Feature","geometry":{"type":"MultiPolygon","coordinates":[[[[10.65857,59.67956],[10.65858,59.67939],[10.65851,59.67937],[10.65837,59.67952],[10.65843,59.67952],[10.65843,59.67961],[10.65857,59.67956]]],[[[10.65857,59.67957],[10.65855,59.67957],[10.65859,59.67958],[10.65859,59.67956],[10.65857,59.67956],[10.65857,59.67957]]]]},"properties":{"a":182,"v":176,"dh":0.97,"pl":0,"sh":1,"c":177}},{"type":"Feature","geometry":{"type":"Polygon","coordinates":[[[10.65815,59.67961],[10.65814,59.6795],[10.658,59.67947],[10.658,59.67957],[10.65815,59.67961]]]},"properties":{"a":106,"v":130,"dh":1.23,"pl":0,"c":177}},{"type":"Feature","geometry":{"type":"Polygon","coordinates":[[[10.65865,59.68342],[10.65896,59.6834],[10.65897,59.68336],[10.65886,59.68331],[10.65865,59.68336],[10.65865,59.68342]]]},"properties":{"a":179,"v":-259,"dh":1.45,"pl":1,"pn":"Heer Borettslag vel","pd":"2001-06-25","c":178}},{"type":"Feature","geometry":{"type":"Polygon","coordinates":[[[10.65894,59.69091],[10.65886,59.69083],[10.65897,59.69085],[10.65895,59.69077],[10.65868,59.69074],[10.65877,59.69086],[10.65894,59.69091]]]},"properties":{"a":164,"v":142,"dh":0.87,"pl":1,"pn":"RV 23 - OSLOFJORDFORBINDELSEN-BYGGETRINN 2","pd":"2015-02-09","sh":1,"c":174}},{"type":"Feature","geometry":{"type":"MultiPolygon","coordinates":[[[[10.65775,59.69095],[10.65778,59.69084],[10.65761,59.69077],[10.6577,59.69096],[10.65775,59.69095]]],[[[10.65771,59.69097],[10.65773,59.69096],[10.65771,59.69096],[10.65771,59.69097]]]]},"properties":{"a":114,"v":-127,"dh":1.12,"pl":2,"pn":"Holtbråtveien 40-42","pd":"2024-11-04","c":179}},{"type":"Feature","geometry":{"type":"Polygon","coordinates":[[[10.64336,59.66816],[10.64341,59.66802],[10.6436,59.66792],[10.64333,59.66792],[10.64331,59.66816],[10.64336,59.66816]]]},"properties":{"a":156,"v":136,"dh":0.87,"pl":2,"pn":"Områderegulering for Dyrløkke, Ullerud og Seiersten (byutviklingsplanen)","pd":"2022-06-20","sh":1,"c":94}},{"type":"Feature","geometry":{"type":"Polygon","coordinates":[[[10.64349,59.6686],[10.64385,59.66848],[10.64385,59.66842],[10.64364,59.66844],[10.64366,59.66841],[10.64406,59.66828],[10.64389,59.66817],[10.64391,59.66824],[10.64385,59.66828],[10.64387,59.66833],[10.64351,59.66841],[10.64337,59.66837],[10.6433,59.6684],[10.6433,59.66845],[10.64343,59.66845],[10.64349,59.6686]]]},"properties":{"a":583,"v":-530,"dh":0.91,"pl":2,"pn":"Områderegulering for Dyrløkke, Ullerud og Seiersten (byutviklingsplanen)","pd":"2022-06-20","c":94}},{"type":"Feature","geometry":{"type":"Polygon","coordinates":[[[10.63993,59.67246],[10.63992,59.67234],[10.63977,59.67238],[10.63979,59.67245],[10.63993,59.67246]]]},"properties":{"a":117,"v":-207,"dh":1.77,"pl":0,"c":180}},{"type":"Feature","geometry":{"type":"Polygon","coordinates":[[[10.63934,59.67264],[10.63937,59.67253],[10.63924,59.67249],[10.6392,59.67243],[10.63895,59.67244],[10.6388,59.6725],[10.6388,59.67259],[10.63886,59.67263],[10.639,59.67258],[10.63934,59.67264]]]},"properties":{"a":547,"v":-1476,"dh":2.7,"pl":0,"c":180}},{"type":"Feature","geometry":{"type":"Polygon","coordinates":[[[10.6395,59.67276],[10.63978,59.67273],[10.63992,59.67259],[10.64024,59.67263],[10.64035,59.67263],[10.64036,59.67258],[10.64011,59.67243],[10.63981,59.67251],[10.6397,59.67248],[10.63966,59.67242],[10.63929,59.67242],[10.6394,59.6725],[10.63937,59.67268],[10.6395,59.67276]]]},"properties":{"a":1276,"v":-3319,"dh":2.6,"pl":0,"c":180}},{"type":"Feature","geometry":{"type":"Polygon","coordinates":[[[10.64044,59.67273],[10.64063,59.67269],[10.64061,59.67265],[10.64052,59.67262],[10.64038,59.67266],[10.64044,59.67273]]]},"properties":{"a":109,"v":-190,"dh":1.74,"pl":0,"c":180}},{"type":"Feature","geometry":{"type":"Polygon","coordinates":[[[10.6403,59.67285],[10.64055,59.67283],[10.64057,59.67278],[10.64044,59.67278],[10.64031,59.67266],[10.63994,59.67261],[10.63984,59.67271],[10.6403,59.67279],[10.6403,59.67285]]]},"properties":{"a":508,"v":-1337,"dh":2.63,"pl":0,"c":180}},{"type":"Feature","geometry":{"type":"Polygon","coordinates":[[[10.64326,59.67456],[10.6437,59.67434],[10.64375,59.67424],[10.64362,59.67413],[10.64355,59.67419],[10.6433,59.6742],[10.64317,59.67435],[10.64316,59.67451],[10.64326,59.67456]]]},"properties":{"a":870,"v":1438,"dh":1.65,"pl":1,"pn":"Ullerud-Heer Golfbane","pd":"1989-10-16","fo":1,"c":181}},{"type":"Feature","geometry":{"type":"Polygon","coordinates":[[[10.6441,59.67853],[10.64445,59.67853],[10.64461,59.67841],[10.64445,59.67844],[10.64439,59.67841],[10.64443,59.67834],[10.64437,59.67834],[10.64418,59.67846],[10.64404,59.67848],[10.6441,59.67853]]]},"properties":{"a":329,"v":387,"dh":1.18,"pl":1,"pn":"Ullerud-Heer Golfbane","pd":"1989-10-16","fo":1,"c":182}},{"type":"Feature","geometry":{"type":"Polygon","coordinates":[[[10.63944,59.69841],[10.6396,59.69831],[10.63963,59.69821],[10.63948,59.6982],[10.63934,59.69828],[10.63933,59.69834],[10.63944,59.69841]]]},"properties":{"a":240,"v":-466,"dh":1.94,"pl":0,"fo":1,"c":183}},{"type":"Feature","geometry":{"type":"Polygon","coordinates":[[[10.66074,59.67607],[10.66076,59.67603],[10.66065,59.67602],[10.66061,59.67594],[10.66052,59.67592],[10.6606,59.67606],[10.66074,59.67607]]]},"properties":{"a":105,"v":111,"dh":1.05,"pl":2,"pn":"Områderegulering for Dyrløkke, Ullerud og Seiersten (byutviklingsplanen)","pd":"2022-06-20","fo":1,"c":176}},{"type":"Feature","geometry":{"type":"Polygon","coordinates":[[[10.66225,59.67643],[10.6623,59.6764],[10.66224,59.67623],[10.66211,59.67639],[10.66225,59.67643]]]},"properties":{"a":141,"v":-213,"dh":1.51,"pl":0,"c":184}},{"type":"Feature","geometry":{"type":"Polygon","coordinates":[[[10.66224,59.67944],[10.66224,59.67936],[10.66204,59.67937],[10.6621,59.67943],[10.66224,59.67944]]]},"properties":{"a":100,"v":136,"dh":1.36,"pl":1,"pn":"HEERLØKKA","pd":"1968-07-11","fo":1,"c":185}},{"type":"Feature","geometry":{"type":"Polygon","coordinates":[[[10.66278,59.68028],[10.66256,59.68011],[10.66261,59.68005],[10.66233,59.68016],[10.66256,59.68021],[10.66257,59.68028],[10.66278,59.68028]]]},"properties":{"a":247,"v":284,"dh":1.15,"pl":1,"pn":"HEERLØKKA","pd":"1968-07-11","c":186}},{"type":"Feature","geometry":{"type":"Polygon","coordinates":[[[10.66475,59.68062],[10.66494,59.68058],[10.66469,59.68051],[10.66475,59.68062]]]},"properties":{"a":106,"v":-195,"dh":1.84,"pl":0,"fo":1,"c":187}},{"type":"Feature","geometry":{"type":"Polygon","coordinates":[[[10.65963,59.68114],[10.65955,59.68097],[10.6595,59.68107],[10.65943,59.68108],[10.65963,59.68114]]]},"properties":{"a":114,"v":93,"dh":0.81,"pl":1,"pn":"SKANSEVEIEN 14/16","pd":"2001-03-19","sh":1,"c":188}},{"type":"Feature","geometry":{"type":"Polygon","coordinates":[[[10.66473,59.68594],[10.66478,59.68589],[10.66496,59.68584],[10.66473,59.68584],[10.66459,59.6859],[10.66473,59.68594]]]},"properties":{"a":117,"v":166,"dh":1.42,"pl":1,"pn":"FV152 MÅNA-GISLERUD","pd":"2015-06-15","fo":1,"c":34}},{"type":"Feature","geometry":{"type":"Polygon","coordinates":[[[10.66496,59.68634],[10.66533,59.68618],[10.66541,59.68605],[10.66525,59.686],[10.66523,59.68603],[10.66534,59.68605],[10.66529,59.6861],[10.66507,59.68596],[10.66452,59.68599],[10.66518,59.68606],[10.66522,59.68612],[10.66494,59.68619],[10.66498,59.68623],[10.66494,59.68625],[10.66496,59.68634]]]},"properties":{"a":624,"v":-1127,"dh":1.81,"pl":1,"pn":"FV152 MÅNA-GISLERUD","pd":"2015-06-15","fo":1,"c":34}},{"type":"Feature","geometry":{"type":"Polygon","coordinates":[[[10.66387,59.6893],[10.66408,59.68929],[10.66415,59.68921],[10.66378,59.68908],[10.66343,59.68902],[10.66323,59.68905],[10.66333,59.68914],[10.66376,59.68921],[10.66387,59.6893]]]},"properties":{"a":695,"v":842,"dh":1.21,"pl":1,"pn":"OTTARSRUDGRENDA","pd":"2009-10-26","fo":1,"c":189}},{"type":"Feature","geometry":{"type":"Polygon","coordinates":[[[10.66156,59.69049],[10.66209,59.69038],[10.66268,59.69041],[10.66282,59.69036],[10.66285,59.69026],[10.6627,59.69021],[10.66279,59.69012],[10.66314,59.69007],[10.66314,59.68996],[10.6633,59.69006],[10.66327,59.69015],[10.6634,59.69019],[10.66338,59.69015],[10.6635,59.6901],[10.66344,59.68996],[10.66317,59.68985],[10.66362,59.68966],[10.66388,59.68948],[10.66379,59.68947],[10.66375,59.68953],[10.66363,59.68958],[10.66365,59.6895],[10.66355,59.68945],[10.66389,59.6894],[10.66386,59.68945],[10.66391,59.68946],[10.66405,59.68935],[10.66389,59.68936],[10.66378,59.68928],[10.66317,59.68921],[10.6631,59.68928],[10.66318,59.68934],[10.66335,59.68934],[10.66352,59.68945],[10.66299,59.68945],[10.66297,59.6895],[10.66308,59.6895],[10.66315,59.68958],[10.66301,59.68968],[10.66294,59.68962],[10.66293,59.68968],[10.66264,59.68965],[10.66266,59.68961],[10.6626,59.68955],[10.66239,59.68959],[10.66239,59.68962],[10.66225,59.68967],[10.66224,59.68973],[10.66204,59.6898],[10.66205,59.68985],[10.66196,59.6899],[10.6618,59.68994],[10.66175,59.68987],[10.66168,59.68994],[10.6617,59.68998],[10.66156,59.69001],[10.66163,59.69004],[10.66151,59.69013],[10.6615,59.6902],[10.66155,59.69025],[10.66129,59.69028],[10.66134,59.69032],[10.66153,59.69028],[10.66164,59.69033],[10.66156,59.69039],[10.6616,59.69043],[10.66156,59.69049]],[[10.66171,59.69032],[10.66175,59.69031],[10.66175,59.69032],[10.66171,59.69032]],[[10.6618,59.6903],[10.66177,59.69031],[10.66177,59.6903],[10.6618,59.6903]],[[10.6618,59.69029],[10.66194,59.69026],[10.66201,59.69026],[10.66198,59.69029],[10.6618,59.69029]],[[10.66214,59.68997],[10.66221,59.68991],[10.66223,59.68993],[10.66214,59.68997]],[[10.66338,59.68958],[10.66338,59.6896],[10.66331,59.6896],[10.66338,59.68958]],[[10.66352,59.68954],[10.6636,59.68956],[10.6636,59.68959],[10.66351,59.6896],[10.66352,59.68954]]]},"properties":{"a":8228,"v":14148,"dh":1.72,"pl":1,"pn":"OTTARSRUDGRENDA","pd":"2009-10-26","c":189}},{"type":"Feature","geometry":{"type":"MultiPolygon","coordinates":[[[[10.65841,59.69072],[10.65848,59.69071],[10.65837,59.69069],[10.65841,59.69072]]],[[[10.65852,59.69073],[10.65833,59.69082],[10.65838,59.69088],[10.6584,59.69117],[10.65847,59.69119],[10.65846,59.69125],[10.65855,59.69126],[10.65865,59.69117],[10.65867,59.6912],[10.65872,59.69118],[10.6588,59.69102],[10.65878,59.69097],[10.65896,59.69099],[10.65894,59.69094],[10.65856,59.69078],[10.65852,59.69073]],[[10.6585,59.69078],[10.65852,59.69079],[10.6585,59.69079],[10.6585,59.69078]]]]},"properties":{"a":1073,"v":-2412,"dh":2.25,"pl":2,"pn":"Holtbråtveien 40-42","pd":"2024-11-04","c":179}},{"type":"Feature","geometry":{"type":"Polygon","coordinates":[[[10.65679,59.69127],[10.65694,59.69116],[10.65654,59.6909],[10.65645,59.6909],[10.65663,59.69105],[10.65664,59.6911],[10.65657,59.69115],[10.65659,59.69124],[10.65679,59.69127]]]},"properties":{"a":441,"v":-585,"dh":1.33,"pl":1,"pn":"RV 23 - OSLOFJORDFORBINDELSEN-BYGGETRINN 2","pd":"2015-02-09","c":174}},{"type":"Feature","geometry":{"type":"MultiPolygon","coordinates":[[[[10.65765,59.69117],[10.65764,59.69126],[10.65753,59.69118],[10.65742,59.69121],[10.65758,59.69141],[10.65772,59.69137],[10.65773,59.69131],[10.6578,59.69135],[10.65785,59.69122],[10.65779,59.69112],[10.6578,59.69095],[10.6577,59.69106],[10.65774,59.69114],[10.65759,59.69108],[10.65765,59.69117]]],[[[10.6576,59.69118],[10.65762,59.69116],[10.6576,59.69116],[10.6576,59.69118]]]]},"properties":{"a":557,"v":-600,"dh":1.08,"pl":2,"pn":"Holtbråtveien 40-42","pd":"2024-11-04","c":179}},{"type":"Feature","geometry":{"type":"Polygon","coordinates":[[[10.65718,59.69129],[10.65703,59.6912],[10.65687,59.69125],[10.65688,59.6913],[10.65704,59.69131],[10.65704,59.69138],[10.65718,59.69129]]]},"properties":{"a":163,"v":162,"dh":0.99,"pl":1,"pn":"RV 23 - OSLOFJORDFORBINDELSEN-BYGGETRINN 2","pd":"2015-02-09","sh":1,"c":174}},{"type":"Feature","geometry":{"type":"Polygon","coordinates":[[[10.65841,59.69132],[10.65832,59.69102],[10.65823,59.69103],[10.65821,59.69095],[10.65816,59.69096],[10.65824,59.6908],[10.65823,59.69072],[10.65814,59.69064],[10.65739,59.69052],[10.6572,59.69055],[10.65687,59.69049],[10.65633,59.69059],[10.65595,59.69051],[10.65595,59.69047],[10.65579,59.6906],[10.65562,59.69064],[10.65564,59.69069],[10.6561,59.69076],[10.65646,59.69073],[10.65651,59.69078],[10.6566,59.69076],[10.65651,59.69073],[10.65658,59.69068],[10.65673,59.69082],[10.65664,59.69085],[10.65648,59.69079],[10.6565,59.69083],[10.65643,59.69084],[10.65645,59.69086],[10.65655,59.69085],[10.6567,59.69098],[10.65697,59.69105],[10.65741,59.69137],[10.65745,59.69135],[10.65737,59.69126],[10.65741,59.69123],[10.65738,59.69114],[10.65753,59.69114],[10.65752,59.69107],[10.65747,59.69105],[10.65752,59.69096],[10.65732,59.69092],[10.65734,59.69089],[10.65756,59.69082],[10.6576,59.69075],[10.65775,59.69066],[10.65784,59.69068],[10.65783,59.69086],[10.6579,59.69089],[10.65793,59.69099],[10.658,59.691],[10.65794,59.69091],[10.65804,59.69081],[10.65808,59.69086],[10.65802,59.6911],[10.65808,59.69121],[10.658,59.69129],[10.65801,59.69122],[10.6579,59.6912],[10.65793,59.69138],[10.65789,59.69138],[10.65792,59.69146],[10.65787,59.69154],[10.65794,59.69165],[10.65801,59.69164],[10.65807,59.69171],[10.65802,59.69172],[10.65789,59.69165],[10.65786,59.69173],[10.65813,59.69184],[10.65818,59.6918],[10.65827,59.69184],[10.65848,59.69219],[10.65862,59.69208],[10.65863,59.69199],[10.65858,59.69189],[10.65871,59.69173],[10.65869,59.69163],[10.65877,59.69153],[10.6588,59.69138],[10.65858,59.69131],[10.65857,59.69147],[10.6585,59.69148],[10.65845,59.6914],[10.6585,59.69133],[10.65841,59.69132]],[[10.65706,59.69106],[10.65699,59.691],[10.6571,59.69106],[10.65706,59.69106]],[[10.65736,59.69104],[10.65734,59.69096],[10.65743,59.69097],[10.65736,59.69104]],[[10.65722,59.69097],[10.65723,59.69094],[10.65725,59.69097],[10.65722,59.69097]],[[10.65744,59.69076],[10.65741,59.69068],[10.6575,59.6907],[10.65749,59.69077],[10.65744,59.69076]],[[10.65814,59.69176],[10.65811,59.69177],[10.65811,59.69176],[10.65814,59.69176]],[[10.65858,59.69168],[10.65862,59.69164],[10.65862,59.69168],[10.65858,59.69168]],[[10.65864,59.69137],[10.65862,59.69138],[10.65862,59.69137],[10.65864,59.69137]]]},"properties":{"a":8869,"v":16459,"dh":1.86,"pl":2,"pn":"Holtbråtveien 40-42","pd":"2024-11-04","c":179}},{"type":"Feature","geometry":{"type":"Polygon","coordinates":[[[10.65836,59.69223],[10.65841,59.69215],[10.65818,59.69208],[10.65815,59.69199],[10.65801,59.69194],[10.65803,59.69189],[10.65785,59.69191],[10.65778,59.69187],[10.65796,59.69204],[10.65816,59.69212],[10.65822,59.69222],[10.65836,59.69223]]]},"properties":{"a":401,"v":-524,"dh":1.31,"pl":1,"pn":"RV 23 - OSLOFJORDFORBINDELSEN-BYGGETRINN 2","pd":"2015-02-09","c":174}},{"type":"Feature","geometry":{"type":"Polygon","coordinates":[[[10.65583,59.69251],[10.65579,59.69239],[10.65559,59.69229],[10.65558,59.69235],[10.65563,59.6924],[10.65583,59.69251]]]},"properties":{"a":127,"v":-143,"dh":1.12,"pl":1,"pn":"RV 23 - OSLOFJORDFORBINDELSEN-BYGGETRINN 2","pd":"2015-02-09","fo":1,"c":174}},{"type":"Feature","geometry":{"type":"Polygon","coordinates":[[[10.65612,59.69298],[10.65616,59.69288],[10.6561,59.69276],[10.65604,59.69278],[10.6561,59.69283],[10.65603,59.69283],[10.65601,59.69291],[10.65605,59.69297],[10.65612,59.69298]]]},"properties":{"a":122,"v":128,"dh":1.05,"pl":1,"pn":"RV 23 - OSLOFJORDFORBINDELSEN-BYGGETRINN 2","pd":"2015-02-09","fo":1,"c":174}},{"type":"Feature","geometry":{"type":"Polygon","coordinates":[[[10.6581,59.69372],[10.65776,59.69342],[10.65749,59.6933],[10.65769,59.69341],[10.6581,59.69372]]]},"properties":{"a":140,"v":-165,"dh":1.18,"pl":1,"pn":"RV 23 - OSLOFJORDFORBINDELSEN-BYGGETRINN 2","pd":"2015-02-09","fo":1,"c":174}},{"type":"Feature","geometry":{"type":"Polygon","coordinates":[[[10.65681,59.69435],[10.6569,59.69423],[10.65673,59.69414],[10.65661,59.69417],[10.65663,59.69427],[10.65681,59.69435]]]},"properties":{"a":231,"v":257,"dh":1.11,"pl":1,"pn":"RV 23 - OSLOFJORDFORBINDELSEN-BYGGETRINN 2","pd":"2015-02-09","c":174}},{"type":"Feature","geometry":{"type":"Polygon","coordinates":[[[10.6281,59.67015],[10.62826,59.67011],[10.62825,59.67005],[10.62809,59.67],[10.62797,59.67002],[10.62797,59.67012],[10.6281,59.67015]]]},"properties":{"a":199,"v":-259,"dh":1.3,"pl":0,"c":96}},{"type":"Feature","geometry":{"type":"Polygon","coordinates":[[[10.6289,59.67238],[10.62891,59.67224],[10.62886,59.6722],[10.6287,59.6722],[10.62872,59.67238],[10.6289,59.67238]]]},"properties":{"a":230,"v":-487,"dh":2.12,"pl":1,"pn":"RV 23 - OSLOFJORDFORBINDELSEN-BYGGETRINN 2","pd":"2015-02-09","c":174}},{"type":"Feature","geometry":{"type":"Polygon","coordinates":[[[10.63049,59.67253],[10.63056,59.67249],[10.63055,59.67236],[10.63037,59.67231],[10.63023,59.67233],[10.63025,59.67249],[10.63049,59.67253]]]},"properties":{"a":352,"v":-971,"dh":2.76,"pl":0,"fo":1,"c":190}},{"type":"Feature","geometry":{"type":"MultiPolygon","coordinates":[[[[10.6223,59.674],[10.62227,59.67398],[10.62227,59.674],[10.6223,59.674]]],[[[10.62239,59.674],[10.62223,59.67407],[10.62233,59.67414],[10.62249,59.67417],[10.62265,59.67413],[10.62239,59.674]]]]},"properties":{"a":241,"v":-313,"dh":1.3,"pl":0,"fo":1,"c":191}},{"type":"Feature","geometry":{"type":"Polygon","coordinates":[[[10.62804,59.67408],[10.62822,59.67405],[10.62823,59.67399],[10.62806,59.67401],[10.62804,59.67408]]]},"properties":{"a":103,"v":-124,"dh":1.21,"pl":0,"c":192}},{"type":"Feature","geometry":{"type":"Polygon","coordinates":[[[10.62781,59.67437],[10.62766,59.67425],[10.62767,59.67417],[10.62755,59.67421],[10.62755,59.6743],[10.62781,59.67437]]]},"properties":{"a":147,"v":-151,"dh":1.03,"pl":1,"pn":"Batteriveien 10 og Slyngveien 4","pd":"2009-09-07","c":193}},{"type":"Feature","geometry":{"type":"Polygon","coordinates":[[[10.62846,59.67575],[10.62853,59.67566],[10.6284,59.6756],[10.6284,59.67553],[10.62832,59.67553],[10.62831,59.67568],[10.62844,59.67569],[10.62841,59.67574],[10.62846,59.67575]]]},"properties":{"a":158,"v":162,"dh":1.03,"pl":0,"c":194}},{"type":"Feature","geometry":{"type":"Polygon","coordinates":[[[10.62936,59.67575],[10.62931,59.67562],[10.62922,59.67559],[10.62915,59.67563],[10.62927,59.67569],[10.62928,59.67574],[10.62936,59.67575]]]},"properties":{"a":100,"v":-141,"dh":1.41,"pl":0,"c":194}},{"type":"Feature","geometry":{"type":"MultiPolygon","coordinates":[[[[10.62725,59.67573],[10.62733,59.67562],[10.62735,59.6755],[10.62749,59.67554],[10.62751,59.67548],[10.62738,59.6754],[10.62713,59.67542],[10.6271,59.67562],[10.62698,59.67569],[10.62718,59.67573],[10.62725,59.67573]]],[[[10.6272,59.67576],[10.6269,59.67575],[10.62686,59.67582],[10.62694,59.67588],[10.62687,59.676],[10.62701,59.67596],[10.62713,59.67585],[10.62711,59.67583],[10.6272,59.67576]],[[10.62706,59.67577],[10.62709,59.67577],[10.62706,59.67577],[10.62706,59.67577]]]]},"properties":{"a":767,"v":-1971,"dh":2.57,"pl":1,"pn":"Batteriveien 20","pd":"2018-05-07","fo":1,"c":195}},{"type":"Feature","geometry":{"type":"MultiPolygon","coordinates":[[[[10.59065,59.67385],[10.59056,59.6739],[10.59076,59.67389],[10.59097,59.67377],[10.59109,59.67377],[10.59126,59.67361],[10.59119,59.67357],[10.59117,59.67364],[10.5909,59.67377],[10.59088,59.67382],[10.59065,59.67385]]],[[[10.59069,59.67384],[10.59067,59.67383],[10.59067,59.67384],[10.59069,59.67384]]]]},"properties":{"a":246,"v":-865,"dh":3.52,"pl":0,"sl":1,"c":196}},{"type":"Feature","geometry":{"type":"Polygon","coordinates":[[[10.6078,59.67381],[10.60791,59.67376],[10.60796,59.67367],[10.60794,59.67345],[10.60778,59.67332],[10.60765,59.67331],[10.6076,59.67337],[10.60763,59.67361],[10.60755,59.67374],[10.60762,59.6738],[10.6078,59.67381]]]},"properties":{"a":949,"v":1398,"dh":1.47,"pl":1,"pn":"Kaholmene","pd":"2005-10-31","c":197}},{"type":"Feature","geometry":{"type":"Polygon","coordinates":[[[10.60898,59.67389],[10.60907,59.67387],[10.60904,59.67379],[10.60884,59.67355],[10.60898,59.67355],[10.60899,59.6735],[10.60878,59.67351],[10.60901,59.67381],[10.60898,59.67389]]]},"properties":{"a":154,"v":-225,"dh":1.46,"pl":1,"pn":"Kaholmene","pd":"2005-10-31","sl":1,"c":197}},{"type":"Feature","geometry":{"type":"Polygon","coordinates":[[[10.60497,59.67446],[10.60513,59.67436],[10.60515,59.67432],[10.60507,59.6743],[10.6049,59.67438],[10.6049,59.67445],[10.60497,59.67446]]]},"properties":{"a":125,"v":-380,"dh":3.04,"pl":1,"pn":"Kaholmene","pd":"2005-10-31","c":197}},{"type":"Feature","geometry":{"type":"Polygon","coordinates":[[[10.58479,59.67503],[10.58516,59.67494],[10.58523,59.67488],[10.58527,59.67467],[10.58517,59.67466],[10.58483,59.67477],[10.58474,59.67495],[10.58479,59.67503]]]},"properties":{"a":759,"v":-4824,"dh":6.36,"pl":0,"fo":1,"c":198}},{"type":"Feature","geometry":{"type":"Polygon","coordinates":[[[10.59686,59.67555],[10.59721,59.6754],[10.59715,59.67534],[10.59718,59.6753],[10.59711,59.67529],[10.59713,59.67535],[10.59689,59.67547],[10.59686,59.67555]]]},"properties":{"a":172,"v":-442,"dh":2.57,"pl":0,"sl":1,"c":199}},{"type":"Feature","geometry":{"type":"Polygon","coordinates":[[[10.59251,59.67708],[10.59281,59.67706],[10.59283,59.67703],[10.59258,59.67704],[10.59263,59.67694],[10.59254,59.67696],[10.59251,59.67708]]]},"properties":{"a":118,"v":-235,"dh":1.99,"pl":0,"sl":1,"c":200}},{"type":"Feature","geometry":{"type":"Polygon","coordinates":[[[10.59367,59.67715],[10.5937,59.67705],[10.59366,59.67697],[10.5936,59.67697],[10.59364,59.67693],[10.59358,59.67692],[10.59356,59.67709],[10.59367,59.67715]]]},"properties":{"a":114,"v":-227,"dh":1.99,"pl":0,"sl":1,"c":200}},{"type":"Feature","geometry":{"type":"Polygon","coordinates":[[[10.63521,59.66931],[10.63523,59.66925],[10.63547,59.66917],[10.63547,59.66907],[10.63559,59.66902],[10.63532,59.66892],[10.63565,59.66887],[10.63535,59.66879],[10.63528,59.66876],[10.63529,59.6687],[10.6345,59.66844],[10.63433,59.66835],[10.63417,59.66833],[10.63425,59.6684],[10.63464,59.66852],[10.63461,59.66857],[10.63501,59.66879],[10.63511,59.66892],[10.63492,59.66912],[10.63521,59.66931]]]},"properties":{"a":1981,"v":2199,"dh":1.11,"pl":1,"pn":"SEIERSTEN IDRETTSPARK","pd":"2013-11-04","c":98}},{"type":"Feature","geometry":{"type":"Polygon","coordinates":[[[10.63469,59.6692],[10.63503,59.66928],[10.63503,59.66924],[10.63487,59.66909],[10.63478,59.66908],[10.63467,59.66916],[10.63469,59.6692]]]},"properties":{"a":260,"v":-935,"dh":3.6,"pl":1,"pn":"SEIERSTEN IDRETTSPARK","pd":"2013-11-04","c":98}},{"type":"Feature","geometry":{"type":"Polygon","coordinates":[[[10.63578,59.66971],[10.63574,59.66959],[10.63588,59.66952],[10.63661,59.66953],[10.63667,59.66941],[10.63681,59.66933],[10.63661,59.66926],[10.6369,59.66925],[10.63689,59.66917],[10.63684,59.66912],[10.63643,59.66911],[10.63634,59.66913],[10.63635,59.66925],[10.63621,59.66927],[10.63615,59.66916],[10.63629,59.66919],[10.63632,59.66913],[10.6358,59.66904],[10.63554,59.66908],[10.63549,59.66924],[10.63544,59.66924],[10.6355,59.66943],[10.63524,59.66942],[10.63538,59.66952],[10.63539,59.66961],[10.63557,59.6697],[10.63578,59.66971]],[[10.63644,59.66929],[10.63637,59.66927],[10.63645,59.66926],[10.63644,59.66929]],[[10.63609,59.66915],[10.63608,59.66916],[10.63608,59.66915],[10.63609,59.66915]],[[10.63609,59.66915],[10.63613,59.66914],[10.63613,59.66915],[10.63609,59.66915]]]},"properties":{"a":3877,"v":-7688,"dh":1.98,"pl":1,"pn":"SEIERSTEN IDRETTSPARK","pd":"2013-11-04","c":98}},{"type":"Feature","geometry":{"type":"Polygon","coordinates":[[[10.63605,59.66972],[10.6361,59.66965],[10.63617,59.66966],[10.63612,59.66964],[10.63617,59.66963],[10.63617,59.66957],[10.63606,59.66956],[10.63608,59.6696],[10.63592,59.66963],[10.63605,59.66972]]]},"properties":{"a":136,"v":121,"dh":0.89,"pl":1,"pn":"SEIERSTEN IDRETTSPARK","pd":"2013-11-04","sh":1,"c":98}},{"type":"Feature","geometry":{"type":"Polygon","coordinates":[[[10.63659,59.66984],[10.63659,59.66978],[10.63667,59.66978],[10.63669,59.66973],[10.63629,59.66964],[10.63623,59.66967],[10.63626,59.66972],[10.63635,59.66973],[10.63637,59.6698],[10.63659,59.66984]]]},"properties":{"a":266,"v":247,"dh":0.93,"pl":1,"pn":"SEIERSTEN IDRETTSPARK","pd":"2013-11-04","sh":1,"c":98}},{"type":"Feature","geometry":{"type":"Polygon","coordinates":[[[10.63566,59.67188],[10.63578,59.67186],[10.63569,59.67185],[10.63574,59.6718],[10.63554,59.67171],[10.6354,59.67171],[10.63525,59.67181],[10.63518,59.6718],[10.63566,59.67188]]]},"properties":{"a":366,"v":-448,"dh":1.22,"pl":1,"pn":"BATTERIVEIEN 1","pd":"2011-04-11","c":201}},{"type":"Feature","geometry":{"type":"Polygon","coordinates":[[[10.63534,59.6722],[10.63537,59.67207],[10.6357,59.67193],[10.6355,59.67192],[10.6353,59.67185],[10.635,59.67188],[10.63502,59.67192],[10.63535,59.67203],[10.63526,59.67209],[10.63526,59.67217],[10.63534,59.6722]]]},"properties":{"a":524,"v":479,"dh":0.92,"pl":1,"pn":"BATTERIVEIEN 1","pd":"2011-04-11","c":201}},{"type":"Feature","geometry":{"type":"Polygon","coordinates":[[[10.63174,59.67931],[10.63202,59.67922],[10.63202,59.67916],[10.63175,59.67919],[10.63181,59.67925],[10.63174,59.67931]]]},"properties":{"a":168,"v":161,"dh":0.96,"pl":1,"pn":"Gylteåseveien 10 og 12, Glosliveien 3","pd":"2012-02-06","sh":1,"c":202}},{"type":"Feature","geometry":{"type":"Polygon","coordinates":[[[10.63212,59.68084],[10.63213,59.6808],[10.632,59.68072],[10.6317,59.68074],[10.63212,59.68084]]]},"properties":{"a":190,"v":281,"dh":1.48,"pl":0,"fo":1,"c":203}},{"type":"Feature","geometry":{"type":"Polygon","coordinates":[[[10.63244,59.68605],[10.63273,59.68605],[10.63313,59.68593],[10.63316,59.68588],[10.63307,59.6858],[10.63287,59.68581],[10.6328,59.68585],[10.63279,59.68594],[10.63247,59.68599],[10.63244,59.68605]]]},"properties":{"a":465,"v":710,"dh":1.53,"pl":0,"fo":1,"c":204}},{"type":"Feature","geometry":{"type":"Polygon","coordinates":[[[10.62963,59.67653],[10.62979,59.67641],[10.6297,59.67633],[10.62946,59.67635],[10.62951,59.6765],[10.62963,59.67653]]]},"properties":{"a":288,"v":329,"dh":1.14,"pl":1,"pn":"VANNVERKSVEIEN, NORDRE DEL","pd":"2009-09-07","c":205}},{"type":"Feature","geometry":{"type":"Polygon","coordinates":[[[10.63039,59.67753],[10.6307,59.67757],[10.63061,59.67753],[10.6306,59.67746],[10.63063,59.67734],[10.6307,59.67732],[10.63056,59.67726],[10.63073,59.67723],[10.63061,59.67718],[10.63085,59.67715],[10.63094,59.67719],[10.63093,59.67728],[10.63111,59.67728],[10.63094,59.67702],[10.63083,59.67696],[10.63059,59.67693],[10.63076,59.677],[10.63053,59.67702],[10.63055,59.67719],[10.63049,59.67724],[10.63051,59.67729],[10.6304,59.67731],[10.63041,59.67742],[10.6305,59.67746],[10.63039,59.67753]]]},"properties":{"a":1019,"v":1427,"dh":1.4,"pl":1,"pn":"VANNVERKSVEIEN, NORDRE DEL","pd":"2009-09-07","c":205}},{"type":"Feature","geometry":{"type":"Polygon","coordinates":[[[10.63027,59.6776],[10.6303,59.67752],[10.63044,59.67747],[10.63037,59.67742],[10.63037,59.67734],[10.63024,59.6774],[10.63012,59.67735],[10.62994,59.67737],[10.62997,59.67752],[10.63027,59.6776]]]},"properties":{"a":513,"v":-665,"dh":1.3,"pl":1,"pn":"VANNVERKSVEIEN, NORDRE DEL","pd":"2009-09-07","c":205}},{"type":"Feature","geometry":{"type":"Polygon","coordinates":[[[10.63102,59.67768],[10.63116,59.67765],[10.63129,59.67766],[10.63137,59.67756],[10.63128,59.67746],[10.63115,59.67747],[10.63101,59.67754],[10.63107,59.67765],[10.63102,59.67768]]]},"properties":{"a":338,"v":406,"dh":1.2,"pl":1,"pn":"VANNVERKSVEIEN, NORDRE DEL","pd":"2009-09-07","fo":1,"c":205}},{"type":"Feature","geometry":{"type":"Polygon","coordinates":[[[10.63058,59.67783],[10.63081,59.67775],[10.63079,59.67766],[10.6304,59.67764],[10.63046,59.67774],[10.63063,59.67773],[10.63058,59.67783]]]},"properties":{"a":272,"v":379,"dh":1.39,"pl":1,"pn":"VANNVERKSVEIEN, NORDRE DEL","pd":"2009-09-07","c":205}},{"type":"Feature","geometry":{"type":"Polygon","coordinates":[[[10.63034,59.67792],[10.63046,59.67791],[10.63048,59.67786],[10.63044,59.67774],[10.63024,59.67767],[10.63024,59.67775],[10.63016,59.67777],[10.63016,59.6778],[10.63024,59.67776],[10.63035,59.67779],[10.63034,59.67792]]]},"properties":{"a":205,"v":208,"dh":1.01,"pl":1,"pn":"VANNVERKSVEIEN, NORDRE DEL","pd":"2009-09-07","c":205}},{"type":"Feature","geometry":{"type":"Polygon","coordinates":[[[10.63101,59.67819],[10.63115,59.67818],[10.63113,59.67814],[10.6312,59.67813],[10.63113,59.67809],[10.63097,59.67811],[10.63101,59.67819]]]},"properties":{"a":103,"v":-129,"dh":1.26,"pl":1,"pn":"VANNVERKSVEIEN, NORDRE DEL","pd":"2009-09-07","c":205}},{"type":"Feature","geometry":{"type":"Polygon","coordinates":[[[10.6303,59.67821],[10.63019,59.67819],[10.63004,59.67828],[10.63016,59.67828],[10.6302,59.67832],[10.63015,59.67836],[10.63024,59.67837],[10.63037,59.67826],[10.6303,59.67821]],[[10.6303,59.67822],[10.63028,59.67823],[10.63028,59.67822],[10.6303,59.67822]]]},"properties":{"a":172,"v":193,"dh":1.12,"pl":1,"pn":"VANNVERKSVEIEN, NORDRE DEL","pd":"2009-09-07","c":205}},{"type":"Feature","geometry":{"type":"Polygon","coordinates":[[[10.62582,59.67855],[10.62587,59.67848],[10.626,59.6784],[10.62592,59.67832],[10.62582,59.67838],[10.62582,59.67855]]]},"properties":{"a":129,"v":177,"dh":1.37,"pl":0,"fo":1,"c":206}},{"type":"Feature","geometry":{"type":"Polygon","coordinates":[[[10.63033,59.67846],[10.63049,59.6785],[10.63054,59.67842],[10.63036,59.67828],[10.63029,59.67839],[10.63043,59.6784],[10.63033,59.67846]]]},"properties":{"a":159,"v":162,"dh":1.02,"pl":1,"pn":"VANNVERKSVEIEN, NORDRE DEL","pd":"2009-09-07","c":205}},{"type":"Feature","geometry":{"type":"Polygon","coordinates":[[[10.62991,59.67849],[10.63008,59.67843],[10.62997,59.67832],[10.62967,59.67837],[10.62973,59.67843],[10.62981,59.67838],[10.62994,59.67844],[10.62991,59.67849]]]},"properties":{"a":223,"v":329,"dh":1.47,"pl":1,"pn":"VANNVERKSVEIEN, NORDRE DEL","pd":"2009-09-07","c":205}},{"type":"Feature","geometry":{"type":"Polygon","coordinates":[[[10.63098,59.67874],[10.63143,59.67867],[10.63126,59.67852],[10.63132,59.6784],[10.63123,59.67839],[10.63126,59.67847],[10.63111,59.67849],[10.63119,59.67858],[10.63117,59.67863],[10.63106,59.67855],[10.63094,59.67857],[10.63098,59.67874]]]},"properties":{"a":484,"v":485,"dh":1.0,"pl":1,"pn":"VANNVERKSVEIEN, NORDRE DEL","pd":"2009-09-07","c":205}},{"type":"Feature","geometry":{"type":"Polygon","coordinates":[[[10.63059,59.67874],[10.6309,59.67874],[10.63089,59.67869],[10.63071,59.67867],[10.63068,59.67861],[10.63074,59.67852],[10.63058,59.6785],[10.63043,59.67863],[10.63043,59.67867],[10.63063,59.67868],[10.63059,59.67874]]]},"properties":{"a":349,"v":448,"dh":1.28,"pl":1,"pn":"VANNVERKSVEIEN, NORDRE DEL","pd":"2009-09-07","c":205}},{"type":"Feature","geometry":{"type":"MultiPolygon","coordinates":[[[[10.62943,59.67882],[10.62941,59.67883],[10.62943,59.67883],[10.62943,59.67882]]],[[[10.62944,59.67882],[10.6294,59.67894],[10.62959,59.67894],[10.62961,59.67889],[10.62978,59.67888],[10.62962,59.6788],[10.62944,59.67882]]]]},"properties":{"a":206,"v":267,"dh":1.29,"pl":1,"pn":"VANNVERKSVEIEN, NORDRE DEL","pd":"2009-09-07","c":205}},{"type":"Feature","geometry":{"type":"Polygon","coordinates":[[[10.63109,59.67912],[10.63109,59.67901],[10.63137,59.67897],[10.63137,59.67893],[10.63117,59.67889],[10.63116,59.67897],[10.63103,59.67902],[10.63102,59.67911],[10.63109,59.67912]]]},"properties":{"a":163,"v":181,"dh":1.11,"pl":1,"pn":"VANNVERKSVEIEN, NORDRE DEL","pd":"2009-09-07","c":205}},{"type":"Feature","geometry":{"type":"Polygon","coordinates":[[[10.63017,59.67911],[10.63025,59.67905],[10.63025,59.67897],[10.62995,59.679],[10.62995,59.67904],[10.63017,59.67911]]]},"properties":{"a":156,"v":182,"dh":1.17,"pl":1,"pn":"VANNVERKSVEIEN, NORDRE DEL","pd":"2009-09-07","c":205}},{"type":"Feature","geometry":{"type":"Polygon","coordinates":[[[10.62665,59.67908],[10.62668,59.67907],[10.62666,59.67899],[10.62658,59.67904],[10.62649,59.679],[10.62649,59.67904],[10.6266,59.67907],[10.62642,59.67915],[10.62651,59.67922],[10.62667,59.67919],[10.62665,59.67914],[10.62669,59.67913],[10.62675,59.67922],[10.62689,59.6792],[10.62665,59.67908]],[[10.62665,59.67909],[10.62663,59.67911],[10.62663,59.67909],[10.62665,59.67909]]]},"properties":{"a":277,"v":292,"dh":1.05,"pl":0,"fo":1,"c":207}},{"type":"Feature","geometry":{"type":"Polygon","coordinates":[[[10.63074,59.6792],[10.63088,59.67919],[10.6309,59.67913],[10.631,59.67913],[10.63098,59.67908],[10.63105,59.67899],[10.63091,59.67904],[10.63091,59.67909],[10.63081,59.67911],[10.63074,59.6792]]]},"properties":{"a":147,"v":-177,"dh":1.21,"pl":1,"pn":"VANNVERKSVEIEN, NORDRE DEL","pd":"2009-09-07","c":205}},{"type":"Feature","geometry":{"type":"Polygon","coordinates":[[[10.63055,59.67932],[10.63056,59.67924],[10.63067,59.67914],[10.63065,59.67907],[10.63049,59.67909],[10.63046,59.6792],[10.63051,59.67927],[10.63032,59.67925],[10.63021,59.67931],[10.63055,59.67932]]]},"properties":{"a":261,"v":375,"dh":1.43,"pl":1,"pn":"VANNVERKSVEIEN, NORDRE DEL","pd":"2009-09-07","c":205}},{"type":"Feature","geometry":{"type":"Polygon","coordinates":[[[10.62783,59.68036],[10.62793,59.68023],[10.6278,59.68018],[10.62775,59.6802],[10.62776,59.68028],[10.62778,59.68036],[10.62783,59.68036]]]},"properties":{"a":134,"v":173,"dh":1.29,"pl":0,"fo":1,"c":208}},{"type":"Feature","geometry":{"type":"Polygon","coordinates":[[[10.59611,59.6773],[10.59601,59.67715],[10.59591,59.67722],[10.59593,59.67729],[10.59611,59.6773]]]},"properties":{"a":107,"v":-213,"dh":1.99,"pl":0,"fo":1,"c":209}},{"type":"Feature","geometry":{"type":"Polygon","coordinates":[[[10.59322,59.67816],[10.59332,59.67803],[10.59333,59.67797],[10.59317,59.678],[10.5932,59.67809],[10.59316,59.67812],[10.59322,59.67816]]]},"properties":{"a":122,"v":248,"dh":2.03,"pl":0,"fo":1,"c":210}},{"type":"Feature","geometry":{"type":"Polygon","coordinates":[[[10.58564,59.67933],[10.58569,59.67926],[10.58581,59.67927],[10.58577,59.67924],[10.58581,59.67919],[10.58565,59.67921],[10.58563,59.67926],[10.58556,59.67927],[10.58555,59.67935],[10.58562,59.67929],[10.58564,59.67933]],[[10.58563,59.67929],[10.58565,59.67927],[10.58565,59.67929],[10.58563,59.67929]]]},"properties":{"a":106,"v":-167,"dh":1.58,"pl":0,"sl":1,"c":211}},{"type":"Feature","geometry":{"type":"Polygon","coordinates":[[[10.58338,59.68013],[10.58352,59.68009],[10.58352,59.68003],[10.5834,59.68003],[10.58339,59.67998],[10.58352,59.67996],[10.58344,59.6799],[10.58339,59.67991],[10.58333,59.68006],[10.58338,59.68013]]]},"properties":{"a":152,"v":-334,"dh":2.2,"pl":0,"sl":1,"c":212}},{"type":"Feature","geometry":{"type":"Polygon","coordinates":[[[10.58313,59.68053],[10.58316,59.68038],[10.58323,59.68033],[10.58311,59.68031],[10.58316,59.68034],[10.58307,59.68035],[10.58311,59.68037],[10.58304,59.68044],[10.58308,59.68044],[10.58297,59.6805],[10.58305,59.68052],[10.5831,59.68049],[10.58308,59.68052],[10.58313,59.68053]]]},"properties":{"a":159,"v":-407,"dh":2.56,"pl":0,"sl":1,"c":212}},{"type":"Feature","geometry":{"type":"MultiPolygon","coordinates":[[[[10.57936,59.68062],[10.57939,59.68066],[10.5795,59.68064],[10.57949,59.68053],[10.5794,59.6804],[10.57936,59.6804],[10.57937,59.68053],[10.57946,59.68058],[10.57936,59.68062]]],[[[10.57939,59.68059],[10.57934,59.68057],[10.57932,59.68059],[10.57939,59.68059]]]]},"properties":{"a":127,"v":-262,"dh":2.06,"pl":0,"sl":1,"c":213}},{"type":"Feature","geometry":{"type":"MultiPolygon","coordinates":[[[[10.59134,59.68061],[10.59161,59.68055],[10.59157,59.6805],[10.5916,59.68045],[10.59155,59.68044],[10.59139,59.68056],[10.59134,59.68061]]],[[[10.59131,59.68064],[10.59135,59.68066],[10.59135,59.68064],[10.59131,59.68064]]]]},"properties":{"a":123,"v":-239,"dh":1.94,"pl":0,"sl":1,"c":214}},{"type":"Feature","geometry":{"type":"Polygon","coordinates":[[[10.58036,59.68084],[10.58062,59.68074],[10.58068,59.68077],[10.58075,59.68075],[10.58053,59.68073],[10.58031,59.68083],[10.58036,59.68084]]]},"properties":{"a":101,"v":314,"dh":3.11,"pl":0,"sl":1,"c":215}},{"type":"Feature","geometry":{"type":"Polygon","coordinates":[[[10.59386,59.6809],[10.59405,59.68078],[10.59382,59.68074],[10.59387,59.6806],[10.59383,59.68057],[10.59378,59.6807],[10.5937,59.68076],[10.59382,59.68079],[10.59386,59.6809]]]},"properties":{"a":219,"v":-1002,"dh":4.57,"pl":0,"sl":1,"c":216}},{"type":"Feature","geometry":{"type":"MultiPolygon","coordinates":[[[[10.57089,59.68307],[10.57094,59.68305],[10.57087,59.68305],[10.57087,59.68301],[10.57105,59.68295],[10.57096,59.68293],[10.57102,59.68283],[10.5709,59.68292],[10.57094,59.68296],[10.57087,59.68296],[10.5708,59.68303],[10.57089,59.68307]]],[[[10.57088,59.68311],[10.57091,59.68309],[10.57087,59.68308],[10.57088,59.68311]]]]},"properties":{"a":109,"v":138,"dh":1.26,"pl":0,"sl":1,"c":217}},{"type":"Feature","geometry":{"type":"MultiPolygon","coordinates":[[[[10.57039,59.68335],[10.57063,59.68321],[10.57049,59.68324],[10.57039,59.68335]]],[[[10.57077,59.68321],[10.5705,59.68334],[10.57074,59.68327],[10.57077,59.68321]]]]},"properties":{"a":133,"v":277,"dh":2.08,"pl":0,"sl":1,"c":217}},{"type":"Feature","geometry":{"type":"Polygon","coordinates":[[[10.59071,59.68457],[10.59092,59.68442],[10.5909,59.68435],[10.59095,59.68428],[10.591,59.6843],[10.59104,59.68425],[10.59091,59.68428],[10.59085,59.68445],[10.59078,59.68447],[10.59071,59.68457]]]},"properties":{"a":101,"v":-132,"dh":1.31,"pl":0,"sl":1,"c":218}},{"type":"Feature","geometry":{"type":"Polygon","coordinates":[[[10.61497,59.68555],[10.61513,59.68552],[10.61502,59.68548],[10.61502,59.68544],[10.61513,59.68541],[10.61505,59.68535],[10.61493,59.6854],[10.61493,59.68535],[10.61487,59.68534],[10.61486,59.68547],[10.61495,59.68546],[10.61497,59.68555]],[[10.61493,59.68543],[10.61495,59.68541],[10.61495,59.68543],[10.61493,59.68543]]]},"properties":{"a":193,"v":251,"dh":1.3,"pl":0,"fo":1,"c":219}},{"type":"Feature","geometry":{"type":"Polygon","coordinates":[[[10.61519,59.68556],[10.61534,59.68552],[10.6153,59.68539],[10.61523,59.6854],[10.61525,59.68546],[10.61515,59.68552],[10.61519,59.68556]]]},"properties":{"a":110,"v":105,"dh":0.96,"pl":0,"sh":1,"c":220}},{"type":"Feature","geometry":{"type":"Polygon","coordinates":[[[10.59248,59.68583],[10.59251,59.68575],[10.59234,59.68583],[10.59232,59.68586],[10.59239,59.68587],[10.59229,59.68594],[10.5925,59.6859],[10.59252,59.68584],[10.59248,59.68583]],[[10.59248,59.68584],[10.59246,59.68584],[10.59246,59.68584],[10.59248,59.68584]],[[10.59239,59.68585],[10.59243,59.68585],[10.59243,59.68585],[10.59239,59.68585]]]},"properties":{"a":123,"v":-205,"dh":1.66,"pl":0,"sl":1,"c":221}},{"type":"Feature","geometry":{"type":"MultiPolygon","coordinates":[[[[10.59167,59.68607],[10.59162,59.68606],[10.59162,59.68607],[10.59167,59.68607]]],[[[10.59162,59.68608],[10.59139,59.68606],[10.59136,59.68612],[10.59108,59.68618],[10.59101,59.68624],[10.59162,59.68608]]]]},"properties":{"a":159,"v":-323,"dh":2.03,"pl":0,"sl":1,"c":221}},{"type":"Feature","geometry":{"type":"Polygon","coordinates":[[[10.61245,59.68635],[10.61247,59.68628],[10.61261,59.6862],[10.61253,59.68617],[10.61255,59.68612],[10.61235,59.6861],[10.6123,59.68621],[10.61236,59.68628],[10.61231,59.68633],[10.61245,59.68635]]]},"properties":{"a":300,"v":387,"dh":1.29,"pl":0,"fo":1,"c":222}},{"type":"Feature","geometry":{"type":"Polygon","coordinates":[[[10.61247,59.6864],[10.61265,59.68634],[10.61268,59.68624],[10.61252,59.68627],[10.61247,59.6864]]]},"properties":{"a":130,"v":-226,"dh":1.74,"pl":0,"fo":1,"c":222}},{"type":"Feature","geometry":{"type":"Polygon","coordinates":[[[10.61276,59.68655],[10.61292,59.68646],[10.61293,59.68629],[10.61287,59.68625],[10.61281,59.68633],[10.61274,59.68634],[10.61281,59.68641],[10.61276,59.68655]]]},"properties":{"a":199,"v":197,"dh":0.99,"pl":0,"sh":1,"c":223}},{"type":"Feature","geometry":{"type":"Polygon","coordinates":[[[10.62748,59.68056],[10.6277,59.68057],[10.6277,59.68054],[10.6276,59.68045],[10.62751,59.68043],[10.62748,59.68056]]]},"properties":{"a":126,"v":168,"dh":1.33,"pl":0,"fo":1,"c":208}},{"type":"Feature","geometry":{"type":"Polygon","coordinates":[[[10.62936,59.68221],[10.62935,59.68204],[10.62924,59.68204],[10.62923,59.68211],[10.62929,59.68217],[10.62925,59.6822],[10.62936,59.68221]]]},"properties":{"a":101,"v":-126,"dh":1.25,"pl":0,"fo":1,"c":224}},{"type":"Feature","geometry":{"type":"Polygon","coordinates":[[[10.62987,59.68319],[10.62999,59.68309],[10.6299,59.68307],[10.62991,59.68302],[10.63002,59.68299],[10.62991,59.68297],[10.6299,59.68302],[10.62967,59.68308],[10.62987,59.68319]]]},"properties":{"a":193,"v":211,"dh":1.09,"pl":0,"fo":1,"c":225}},{"type":"Feature","geometry":{"type":"Polygon","coordinates":[[[10.62522,59.68366],[10.62529,59.68364],[10.62523,59.68358],[10.62523,59.68347],[10.62512,59.68345],[10.62507,59.68353],[10.6252,59.68357],[10.62506,59.6836],[10.62522,59.68366]]]},"properties":{"a":183,"v":261,"dh":1.43,"pl":0,"fo":1,"c":226}},{"type":"Feature","geometry":{"type":"Polygon","coordinates":[[[10.62515,59.6841],[10.62515,59.68402],[10.62509,59.68397],[10.62493,59.68401],[10.62515,59.6841]]]},"properties":{"a":110,"v":137,"dh":1.25,"pl":0,"fo":1,"c":226}},{"type":"Feature","geometry":{"type":"Polygon","coordinates":[[[10.62566,59.6846],[10.62565,59.68449],[10.62558,59.68447],[10.62556,59.68435],[10.62541,59.68436],[10.62553,59.68458],[10.62566,59.6846]]]},"properties":{"a":203,"v":255,"dh":1.26,"pl":0,"fo":1,"c":226}},{"type":"Feature","geometry":{"type":"Polygon","coordinates":[[[10.63171,59.686],[10.63183,59.68591],[10.63171,59.6859],[10.6317,59.68584],[10.63165,59.68583],[10.63167,59.68593],[10.63162,59.686],[10.63171,59.686]]]},"properties":{"a":111,"v":105,"dh":0.95,"pl":0,"sh":1,"c":227}},{"type":"Feature","geometry":{"type":"Polygon","coordinates":[[[10.6279,59.68902],[10.62793,59.68897],[10.62787,59.68889],[10.62764,59.68888],[10.62773,59.68893],[10.62772,59.689],[10.6279,59.68902]]]},"properties":{"a":184,"v":-322,"dh":1.75,"pl":0,"fo":1,"c":228}},{"type":"Feature","geometry":{"type":"Polygon","coordinates":[[[10.62781,59.68912],[10.62784,59.68906],[10.62765,59.68901],[10.62766,59.68895],[10.62752,59.68892],[10.6275,59.68897],[10.62762,59.6891],[10.62781,59.68912]]]},"properties":{"a":215,"v":302,"dh":1.4,"pl":0,"fo":1,"c":228}},{"type":"Feature","geometry":{"type":"Polygon","coordinates":[[[10.61787,59.69041],[10.61798,59.6904],[10.61796,59.69034],[10.61805,59.69035],[10.61804,59.69031],[10.61788,59.69027],[10.61787,59.69041]]]},"properties":{"a":102,"v":-88,"dh":0.87,"pl":0,"sh":1,"c":229}},{"type":"Feature","geometry":{"type":"Polygon","coordinates":[[[10.61245,59.68663],[10.61252,59.68653],[10.61243,59.68652],[10.61246,59.68644],[10.61238,59.68639],[10.61221,59.68642],[10.61206,59.68661],[10.61225,59.68659],[10.61245,59.68663]]]},"properties":{"a":410,"v":510,"dh":1.24,"pl":0,"fo":1,"c":222}},{"type":"Feature","geometry":{"type":"MultiPolygon","coordinates":[[[[10.61208,59.68674],[10.61204,59.68668],[10.61196,59.68672],[10.61198,59.68679],[10.61205,59.68679],[10.61208,59.68674]]],[[[10.61208,59.68681],[10.61241,59.68687],[10.61248,59.68684],[10.61246,59.68688],[10.61255,59.68689],[10.61256,59.68678],[10.61263,59.68677],[10.61265,59.68684],[10.61283,59.68687],[10.6129,59.68673],[10.61277,59.68676],[10.61275,59.68667],[10.61252,59.68673],[10.61235,59.68669],[10.61224,59.68673],[10.61222,59.68669],[10.61229,59.68665],[10.61222,59.68665],[10.61211,59.6867],[10.61208,59.68681]]]]},"properties":{"a":758,"v":1189,"dh":1.57,"pl":0,"fo":1,"c":222}},{"type":"Feature","geometry":{"type":"Polygon","coordinates":[[[10.61537,59.68682],[10.61553,59.68674],[10.61517,59.68666],[10.61533,59.68673],[10.61537,59.68682]]]},"properties":{"a":124,"v":130,"dh":1.05,"pl":0,"fo":1,"c":230}},{"type":"Feature","geometry":{"type":"Polygon","coordinates":[[[10.61487,59.68684],[10.61489,59.68679],[10.61503,59.6868],[10.61489,59.68674],[10.61464,59.68676],[10.61475,59.68684],[10.61487,59.68684]]]},"properties":{"a":150,"v":259,"dh":1.73,"pl":0,"fo":1,"c":230}},{"type":"Feature","geometry":{"type":"Polygon","coordinates":[[[10.6154,59.68705],[10.61555,59.68693],[10.61553,59.68687],[10.6153,59.68688],[10.61532,59.68693],[10.61525,59.68697],[10.61526,59.68701],[10.6154,59.68705]]]},"properties":{"a":223,"v":454,"dh":2.04,"pl":0,"fo":1,"c":230}},{"type":"Feature","geometry":{"type":"Polygon","coordinates":[[[10.61516,59.68806],[10.61516,59.688],[10.61529,59.688],[10.61532,59.68795],[10.61525,59.68764],[10.61506,59.68768],[10.61505,59.68785],[10.61511,59.688],[10.61507,59.68804],[10.61516,59.68806]]]},"properties":{"a":490,"v":704,"dh":1.44,"pl":0,"fo":1,"c":231}},{"type":"Feature","geometry":{"type":"Polygon","coordinates":[[[10.61479,59.68803],[10.61484,59.68789],[10.61482,59.68783],[10.61476,59.68782],[10.61471,59.68785],[10.61468,59.68799],[10.61479,59.68803]]]},"properties":{"a":143,"v":-262,"dh":1.83,"pl":0,"fo":1,"c":231}},{"type":"Feature","geometry":{"type":"Polygon","coordinates":[[[10.56897,59.68896],[10.56914,59.68887],[10.56917,59.6888],[10.56903,59.68882],[10.56889,59.68895],[10.56897,59.68896]]]},"properties":{"a":103,"v":-209,"dh":2.03,"pl":0,"sl":1,"c":232}},{"type":"Feature","geometry":{"type":"Polygon","coordinates":[[[10.59068,59.689],[10.59069,59.68895],[10.59076,59.68895],[10.59069,59.6889],[10.59076,59.68889],[10.59076,59.68886],[10.59061,59.68882],[10.59057,59.68893],[10.59067,59.68895],[10.59062,59.68897],[10.59068,59.689]],[[10.59065,59.68889],[10.59067,59.68888],[10.59067,59.68889],[10.59065,59.68889]]]},"properties":{"a":120,"v":-206,"dh":1.72,"pl":0,"fo":1,"c":233}},{"type":"Feature","geometry":{"type":"MultiPolygon","coordinates":[[[[10.59044,59.6888],[10.5904,59.68881],[10.59044,59.68882],[10.59044,59.6888]]],[[[10.59047,59.68882],[10.59035,59.68882],[10.59041,59.68897],[10.59028,59.68889],[10.59025,59.68894],[10.59034,59.68896],[10.5902,59.689],[10.59034,59.68897],[10.59043,59.68903],[10.59046,59.68903],[10.59048,59.68891],[10.59046,59.68892],[10.59042,59.68891],[10.59047,59.68882]]]]},"properties":{"a":154,"v":-187,"dh":1.21,"pl":0,"fo":1,"c":233}},{"type":"Feature","geometry":{"type":"Polygon","coordinates":[[[10.59006,59.68917],[10.59006,59.68911],[10.59013,59.68906],[10.59025,59.68909],[10.59031,59.68907],[10.59021,59.68901],[10.59006,59.68906],[10.58991,59.68904],[10.59006,59.68917]]]},"properties":{"a":129,"v":-232,"dh":1.8,"pl":0,"fo":1,"c":233}},{"type":"Feature","geometry":{"type":"Polygon","coordinates":[[[10.61044,59.68957],[10.61045,59.68934],[10.61038,59.68937],[10.61036,59.68932],[10.61029,59.68934],[10.61033,59.68951],[10.61044,59.68957]]]},"properties":{"a":166,"v":230,"dh":1.38,"pl":0,"fo":1,"c":234}},{"type":"Feature","geometry":{"type":"Polygon","coordinates":[[[10.61236,59.69135],[10.61241,59.6913],[10.61238,59.69121],[10.61228,59.69122],[10.61225,59.69131],[10.6122,59.69133],[10.61236,59.69135]]]},"properties":{"a":136,"v":-253,"dh":1.86,"pl":0,"fo":1,"c":235}},{"type":"Feature","geometry":{"type":"Polygon","coordinates":[[[10.61753,59.69134],[10.61759,59.69128],[10.61731,59.69129],[10.61733,59.69133],[10.61753,59.69134]]]},"properties":{"a":101,"v":-150,"dh":1.48,"pl":0,"fo":1,"c":236}},{"type":"Feature","geometry":{"type":"Polygon","coordinates":[[[10.614,59.69237],[10.61418,59.69232],[10.61418,59.69223],[10.61403,59.69226],[10.614,59.69237]]]},"properties":{"a":107,"v":123,"dh":1.15,"pl":0,"fo":1,"c":237}},{"type":"Feature","geometry":{"type":"Polygon","coordinates":[[[10.61371,59.69295],[10.614,59.69296],[10.61407,59.69291],[10.61406,59.69286],[10.6139,59.69288],[10.61394,59.6929],[10.61389,59.69296],[10.61371,59.69295]]]},"properties":{"a":114,"v":121,"dh":1.06,"pl":0,"fo":1,"c":238}},{"type":"Feature","geometry":{"type":"MultiPolygon","coordinates":[[[[10.61165,59.69325],[10.6118,59.69313],[10.6118,59.69308],[10.61165,59.69325]]],[[[10.61168,59.69325],[10.61172,59.69328],[10.61184,59.69318],[10.61185,59.69311],[10.61168,59.69325]]]]},"properties":{"a":102,"v":-133,"dh":1.3,"pl":0,"sl":1,"c":239}},{"type":"Feature","geometry":{"type":"Polygon","coordinates":[[[10.57197,59.69433],[10.57252,59.69427],[10.57282,59.69417],[10.57197,59.69433]]]},"properties":{"a":152,"v":-281,"dh":1.85,"pl":0,"sl":1,"c":240}},{"type":"Feature","geometry":{"type":"Polygon","coordinates":[[[10.70746,59.68774],[10.70752,59.6877],[10.7075,59.68763],[10.70729,59.68762],[10.70737,59.68771],[10.70746,59.68774]],[[10.70747,59.6877],[10.70749,59.68769],[10.70749,59.68769],[10.70747,59.6877]]]},"properties":{"a":127,"v":177,"dh":1.39,"pl":1,"pn":"G-/S-veg, Fv.76 Osloveien, Ottarsrud - Bakker bru","pd":"2017-04-03","c":142}},{"type":"Feature","geometry":{"type":"Polygon","coordinates":[[[10.72164,59.68799],[10.72161,59.68791],[10.72127,59.68768],[10.72082,59.68719],[10.7209,59.68736],[10.72107,59.68748],[10.72128,59.68774],[10.72164,59.68799]]]},"properties":{"a":260,"v":-272,"dh":1.04,"pl":0,"fo":1,"c":135}},{"type":"Feature","geometry":{"type":"Polygon","coordinates":[[[10.69999,59.68794],[10.7,59.68787],[10.70012,59.68784],[10.7001,59.6878],[10.69989,59.68786],[10.69988,59.68793],[10.69999,59.68794]]]},"properties":{"a":101,"v":94,"dh":0.93,"pl":0,"sh":1,"c":241}},{"type":"Feature","geometry":{"type":"Polygon","coordinates":[[[10.73578,59.68778],[10.73584,59.68769],[10.73594,59.6876],[10.73611,59.68732],[10.73595,59.68743],[10.73596,59.6875],[10.73579,59.68769],[10.73578,59.68778]]]},"properties":{"a":153,"v":-275,"dh":1.8,"pl":1,"pn":"E6 Ås grense - Vassum","pd":"1995-11-27","sl":1,"c":120}},{"type":"Feature","geometry":{"type":"Polygon","coordinates":[[[10.73978,59.68788],[10.7398,59.68759],[10.7396,59.68722],[10.73974,59.68756],[10.73972,59.68788],[10.73978,59.68788]]]},"properties":{"a":193,"v":-191,"dh":0.99,"pl":0,"sh":1,"c":242}},{"type":"Feature","geometry":{"type":"Polygon","coordinates":[[[10.71726,59.68831],[10.71727,59.68826],[10.71718,59.68824],[10.71716,59.68813],[10.71724,59.68808],[10.71724,59.68799],[10.71736,59.68783],[10.7172,59.68785],[10.7171,59.68809],[10.71703,59.6881],[10.71713,59.68826],[10.71726,59.68831]]]},"properties":{"a":342,"v":305,"dh":0.89,"pl":0,"sh":1,"c":243}},{"type":"Feature","geometry":{"type":"Polygon","coordinates":[[[10.72186,59.68875],[10.72181,59.68843],[10.72169,59.6882],[10.72169,59.68808],[10.72163,59.68804],[10.72182,59.6886],[10.72183,59.68875],[10.72186,59.68875]]]},"properties":{"a":178,"v":-181,"dh":1.01,"pl":0,"fo":1,"c":135}},{"type":"Feature","geometry":{"type":"Polygon","coordinates":[[[10.72884,59.69013],[10.72911,59.69012],[10.72912,59.69004],[10.72884,59.69005],[10.72889,59.69009],[10.72884,59.69013]]]},"properties":{"a":151,"v":131,"dh":0.87,"pl":0,"sh":1,"c":244}},{"type":"Feature","geometry":{"type":"MultiPolygon","coordinates":[[[[10.73366,59.69044],[10.73366,59.69025],[10.73373,59.6902],[10.73363,59.69023],[10.73365,59.69028],[10.7336,59.6903],[10.73357,59.69046],[10.73366,59.69044]]],[[[10.73364,59.69046],[10.73357,59.69054],[10.7335,59.6906],[10.73357,59.69058],[10.73364,59.69046]]]]},"properties":{"a":148,"v":-301,"dh":2.03,"pl":1,"pn":"E6 Ås grense - Vassum","pd":"1995-11-27","sl":1,"c":120}},{"type":"Feature","geometry":{"type":"Polygon","coordinates":[[[10.68382,59.69149],[10.68394,59.69145],[10.68399,59.69134],[10.68394,59.6913],[10.68397,59.69127],[10.68388,59.69128],[10.6838,59.69143],[10.68382,59.69149]]]},"properties":{"a":156,"v":185,"dh":1.19,"pl":0,"c":145}},{"type":"Feature","geometry":{"type":"Polygon","coordinates":[[[10.68898,59.69157],[10.68909,59.69139],[10.68907,59.69133],[10.68837,59.69122],[10.68818,59.69136],[10.68826,59.6914],[10.68839,59.69127],[10.68848,59.69126],[10.68897,59.69136],[10.689,59.69139],[10.68889,59.69154],[10.68869,59.69152],[10.68898,59.69157]]]},"properties":{"a":453,"v":560,"dh":1.24,"pl":0,"c":245}},{"type":"Feature","geometry":{"type":"Polygon","coordinates":[[[10.68456,59.69215],[10.68465,59.69212],[10.6847,59.692],[10.68479,59.69199],[10.68473,59.69192],[10.68462,59.69192],[10.68464,59.69186],[10.68482,59.69188],[10.68497,59.69182],[10.68504,59.69169],[10.68514,59.69161],[10.68512,59.69157],[10.68527,59.69143],[10.68529,59.69135],[10.68546,59.69123],[10.68559,59.69125],[10.68574,59.69108],[10.68552,59.69099],[10.68522,59.69097],[10.68518,59.69102],[10.68526,59.69108],[10.68515,59.69116],[10.68521,59.69119],[10.68464,59.69119],[10.6848,59.69112],[10.68473,59.69111],[10.6845,59.69114],[10.6845,59.69121],[10.68431,59.69127],[10.68417,59.69143],[10.6842,59.69155],[10.68411,59.69163],[10.68417,59.69174],[10.68403,59.69185],[10.68415,59.69195],[10.68425,59.69197],[10.68468,59.69196],[10.68468,59.692],[10.68453,59.6921],[10.68456,59.69215]],[[10.68467,59.69141],[10.6847,59.69129],[10.68504,59.69133],[10.68499,59.69136],[10.68491,59.69134],[10.68479,59.69142],[10.68467,59.69141]],[[10.6844,59.69136],[10.68445,59.69134],[10.68445,59.69136],[10.6844,59.69136]],[[10.68486,59.69127],[10.68488,59.69127],[10.68488,59.69127],[10.68486,59.69127]],[[10.68473,59.6912],[10.68466,59.69123],[10.68466,59.69121],[10.68473,59.6912]],[[10.68461,59.69119],[10.68455,59.69117],[10.6846,59.69117],[10.68461,59.69119]]]},"properties":{"a":5107,"v":15512,"dh":3.04,"pl":0,"c":145}},{"type":"Feature","geometry":{"type":"Polygon","coordinates":[[[10.682,59.69172],[10.68202,59.69169],[10.68187,59.69163],[10.68187,59.69154],[10.68178,59.69154],[10.68171,59.6916],[10.68173,59.69167],[10.682,59.69172]]]},"properties":{"a":182,"v":150,"dh":0.82,"pl":0,"sh":1,"c":144}},{"type":"Feature","geometry":{"type":"Polygon","coordinates":[[[10.68377,59.69215],[10.68392,59.69209],[10.68406,59.69193],[10.68391,59.6919],[10.68379,59.69202],[10.68357,59.69212],[10.68377,59.69215]]]},"properties":{"a":324,"v":719,"dh":2.22,"pl":0,"c":145}},{"type":"Feature","geometry":{"type":"Polygon","coordinates":[[[10.68407,59.69215],[10.6841,59.69211],[10.68406,59.69198],[10.68396,59.69212],[10.68407,59.69215]],[[10.68399,59.69211],[10.68401,59.6921],[10.68401,59.69211],[10.68399,59.69211]]]},"properties":{"a":100,"v":-141,"dh":1.41,"pl":0,"c":145}},{"type":"Feature","geometry":{"type":"Polygon","coordinates":[[[10.69938,59.69494],[10.69938,59.69489],[10.69927,59.69485],[10.69899,59.69483],[10.69928,59.69494],[10.69938,59.69494]]]},"properties":{"a":140,"v":-193,"dh":1.38,"pl":0,"c":246}},{"type":"Feature","geometry":{"type":"Polygon","coordinates":[[[10.69924,59.6964],[10.69947,59.69635],[10.69957,59.69619],[10.6995,59.69618],[10.69948,59.69624],[10.69924,59.69633],[10.69924,59.6964]]]},"properties":{"a":156,"v":286,"dh":1.83,"pl":0,"c":247}},{"type":"Feature","geometry":{"type":"Polygon","coordinates":[[[10.69654,59.69732],[10.69666,59.69727],[10.69649,59.69719],[10.69644,59.69722],[10.69654,59.69732]]]},"properties":{"a":108,"v":209,"dh":1.93,"pl":0,"fo":1,"c":248}},{"type":"Feature","geometry":{"type":"Polygon","coordinates":[[[10.71036,59.69098],[10.71046,59.69095],[10.7104,59.69081],[10.71031,59.69082],[10.7103,59.69093],[10.71025,59.69095],[10.71036,59.69098]]]},"properties":{"a":129,"v":111,"dh":0.86,"pl":0,"sh":1,"c":249}},{"type":"Feature","geometry":{"type":"Polygon","coordinates":[[[10.71169,59.69475],[10.71188,59.69474],[10.71191,59.6947],[10.71184,59.69466],[10.71168,59.69469],[10.71169,59.69475]],[[10.71177,59.69472],[10.71179,59.69471],[10.71179,59.69472],[10.71177,59.69472]]]},"properties":{"a":113,"v":96,"dh":0.85,"pl":0,"sh":1,"c":250}},{"type":"Feature","geometry":{"type":"Polygon","coordinates":[[[10.72397,59.69557],[10.72424,59.69555],[10.72424,59.69552],[10.72414,59.69549],[10.72377,59.69553],[10.72397,59.69557]]]},"properties":{"a":151,"v":-166,"dh":1.1,"pl":0,"c":251}},{"type":"Feature","geometry":{"type":"MultiPolygon","coordinates":[[[[10.7225,59.69938],[10.72248,59.69936],[10.72244,59.69936],[10.7225,59.69938]]],[[[10.7225,59.69938],[10.72251,59.69939],[10.72251,59.69938],[10.7225,59.69938]]],[[[10.72251,59.69939],[10.72273,59.69948],[10.72294,59.69946],[10.72292,59.6994],[10.72251,59.69939]]]]},"properties":{"a":150,"v":146,"dh":0.97,"pl":0,"sh":1,"c":252}},{"type":"Feature","geometry":{"type":"Polygon","coordinates":[[[10.72602,59.70043],[10.72614,59.70034],[10.72618,59.70021],[10.72606,59.70024],[10.72606,59.7003],[10.72591,59.70038],[10.72602,59.70043]]]},"properties":{"a":155,"v":-182,"dh":1.17,"pl":0,"fo":1,"c":253}},{"type":"Feature","geometry":{"type":"Polygon","coordinates":[[[10.72584,59.70054],[10.72593,59.7005],[10.72582,59.70042],[10.72559,59.7005],[10.72584,59.70054]]]},"properties":{"a":146,"v":186,"dh":1.27,"pl":0,"fo":1,"c":253}},{"type":"Feature","geometry":{"type":"Polygon","coordinates":[[[10.73731,59.70468],[10.73725,59.70432],[10.73718,59.70431],[10.73721,59.70458],[10.73727,59.70463],[10.73725,59.70468],[10.73731,59.70468]]]},"properties":{"a":162,"v":-372,"dh":2.3,"pl":1,"pn":"E6 Ås grense - Vassum","pd":"1995-11-27","sl":1,"c":120}},{"type":"Feature","geometry":{"type":"Polygon","coordinates":[[[10.70686,59.70711],[10.70668,59.70709],[10.70652,59.70711],[10.70672,59.70718],[10.70692,59.70717],[10.70686,59.70711]],[[10.70675,59.70713],[10.70677,59.70716],[10.7067,59.70713],[10.70675,59.70713]],[[10.7067,59.70713],[10.70667,59.70712],[10.7067,59.70712],[10.7067,59.70713]]]},"properties":{"a":118,"v":106,"dh":0.9,"pl":0,"sh":1,"c":254}},{"type":"Feature","geometry":{"type":"Polygon","coordinates":[[[10.70749,59.70729],[10.70753,59.70726],[10.70747,59.70723],[10.70696,59.70724],[10.70706,59.70728],[10.70749,59.70729]]]},"properties":{"a":177,"v":254,"dh":1.43,"pl":0,"fo":1,"c":255}},{"type":"Feature","geometry":{"type":"Polygon","coordinates":[[[10.67833,59.69182],[10.67842,59.69177],[10.67841,59.69172],[10.67832,59.6917],[10.67829,59.69177],[10.67823,59.69168],[10.67816,59.69171],[10.67819,59.69178],[10.67833,59.69182]]]},"properties":{"a":136,"v":117,"dh":0.86,"pl":0,"sh":1,"c":256}},{"type":"Feature","geometry":{"type":"Polygon","coordinates":[[[10.66605,59.6999],[10.66624,59.6999],[10.66626,59.69984],[10.66616,59.69979],[10.66602,59.69982],[10.66605,59.6999]]]},"properties":{"a":152,"v":-219,"dh":1.44,"pl":1,"pn":"RV 23 - OSLOFJORDFORBINDELSEN-BYGGETRINN 2","pd":"2015-02-09","c":174}},{"type":"Feature","geometry":{"type":"Polygon","coordinates":[[[10.67023,59.70426],[10.67014,59.70423],[10.67013,59.70418],[10.67034,59.70412],[10.67016,59.70409],[10.67009,59.70413],[10.67006,59.70424],[10.67023,59.70426]]]},"properties":{"a":113,"v":133,"dh":1.18,"pl":0,"c":257}},{"type":"Feature","geometry":{"type":"Polygon","coordinates":[[[10.67357,59.70439],[10.67359,59.70433],[10.67344,59.70426],[10.67348,59.70421],[10.67335,59.70426],[10.67345,59.70438],[10.67357,59.70439]]]},"properties":{"a":129,"v":-105,"dh":0.81,"pl":0,"sh":1,"c":258}},{"type":"Feature","geometry":{"type":"Polygon","coordinates":[[[10.6735,59.70476],[10.67341,59.70461],[10.67342,59.70446],[10.67322,59.70437],[10.67334,59.70433],[10.67313,59.70437],[10.67331,59.70454],[10.67332,59.7047],[10.6735,59.70476]]]},"properties":{"a":328,"v":421,"dh":1.28,"pl":0,"c":258}},{"type":"Feature","geometry":{"type":"Polygon","coordinates":[[[10.66719,59.70763],[10.66766,59.70767],[10.66762,59.70762],[10.66744,59.70762],[10.66719,59.70751],[10.66697,59.70751],[10.66719,59.70763]],[[10.66719,59.70759],[10.66723,59.70758],[10.66723,59.70759],[10.66719,59.70759]]]},"properties":{"a":301,"v":479,"dh":1.59,"pl":1,"pn":"HOLT PARK","pd":"2013-02-25","fo":1,"c":259}},{"type":"Feature","geometry":{"type":"Polygon","coordinates":[[[10.66673,59.70768],[10.66702,59.70761],[10.66703,59.70758],[10.66666,59.70755],[10.66666,59.70762],[10.66659,59.70767],[10.66673,59.70768]]]},"properties":{"a":216,"v":322,"dh":1.49,"pl":1,"pn":"HOLT PARK","pd":"2013-02-25","fo":1,"c":259}},{"type":"Feature","geometry":{"type":"Polygon","coordinates":[[[10.66783,59.70785],[10.66791,59.70772],[10.66766,59.70769],[10.66757,59.70776],[10.66761,59.70782],[10.66783,59.70785]]]},"properties":{"a":202,"v":325,"dh":1.61,"pl":1,"pn":"HOLT PARK","pd":"2013-02-25","fo":1,"c":259}},{"type":"Feature","geometry":{"type":"Polygon","coordinates":[[[10.66799,59.70854],[10.668,59.7085],[10.66789,59.70847],[10.66795,59.70844],[10.66792,59.70839],[10.66724,59.70821],[10.66682,59.70801],[10.66675,59.70803],[10.66676,59.70811],[10.66692,59.70817],[10.66694,59.70823],[10.66706,59.70821],[10.66726,59.70831],[10.66739,59.70831],[10.66762,59.7084],[10.66768,59.70847],[10.66786,59.70854],[10.66799,59.70854]]]},"properties":{"a":833,"v":-940,"dh":1.13,"pl":1,"pn":"HOLT PARK","pd":"2013-02-25","fo":1,"c":259}},{"type":"Feature","geometry":{"type":"Polygon","coordinates":[[[10.66885,59.7081],[10.6687,59.7082],[10.66869,59.7084],[10.66862,59.70842],[10.66867,59.70844],[10.66864,59.70853],[10.66854,59.70858],[10.66843,59.70855],[10.66841,59.70859],[10.66838,59.7087],[10.66853,59.70882],[10.66846,59.70886],[10.66839,59.70877],[10.66824,59.7087],[10.66803,59.70872],[10.66808,59.70866],[10.66799,59.70864],[10.66799,59.70856],[10.66769,59.70862],[10.66772,59.70858],[10.66765,59.70854],[10.66772,59.7085],[10.66757,59.7084],[10.66737,59.70833],[10.66725,59.70834],[10.66705,59.70823],[10.66689,59.70825],[10.66687,59.70818],[10.66667,59.7081],[10.66641,59.708],[10.66622,59.708],[10.66618,59.70794],[10.66607,59.70792],[10.66607,59.70797],[10.66613,59.70798],[10.66612,59.70815],[10.66616,59.70822],[10.66634,59.70833],[10.66666,59.70839],[10.66659,59.70844],[10.66661,59.70848],[10.66721,59.70876],[10.66745,59.7088],[10.6675,59.70887],[10.66777,59.70892],[10.66791,59.7089],[10.66799,59.70899],[10.66846,59.70908],[10.66888,59.70904],[10.66893,59.709],[10.66891,59.70893],[10.66905,59.70889],[10.66899,59.70881],[10.66889,59.7088],[10.66897,59.70873],[10.66895,59.7087],[10.66884,59.70862],[10.66872,59.70859],[10.66879,59.70856],[10.66899,59.70865],[10.66941,59.70868],[10.66947,59.70874],[10.66952,59.70867],[10.66966,59.70869],[10.66968,59.70864],[10.66977,59.70862],[10.66981,59.7087],[10.66977,59.70873],[10.66985,59.70883],[10.66994,59.70884],[10.67003,59.70883],[10.67001,59.70875],[10.67022,59.70874],[10.67023,59.70866],[10.67039,59.70858],[10.67038,59.70852],[10.67026,59.70845],[10.67036,59.70843],[10.67039,59.70829],[10.66977,59.70832],[10.66978,59.70825],[10.66966,59.70821],[10.6696,59.70814],[10.66926,59.70813],[10.66919,59.70807],[10.6689,59.70803],[10.66879,59.70793],[10.66858,59.70789],[10.66854,59.70784],[10.66864,59.70781],[10.66862,59.70774],[10.6685,59.70773],[10.66836,59.7078],[10.66817,59.70767],[10.66803,59.70769],[10.66802,59.70776],[10.66811,59.70779],[10.668,59.70781],[10.66802,59.70785],[10.66815,59.70788],[10.66825,59.70783],[10.66847,59.70791],[10.66829,59.70793],[10.66838,59.70793],[10.66833,59.70799],[10.66835,59.70808],[10.66819,59.70795],[10.66779,59.70791],[10.66738,59.7077],[10.66693,59.70768],[10.66656,59.70777],[10.66648,59.70785],[10.66652,59.70792],[10.66687,59.708],[10.66729,59.7082],[10.66747,59.70821],[10.66782,59.70835],[10.66821,59.70834],[10.66817,59.70841],[10.66823,59.70845],[10.66857,59.70844],[10.66849,59.70837],[10.66846,59.70837],[10.66849,59.7084],[10.66844,59.70841],[10.66838,59.70829],[10.66824,59.70828],[10.66834,59.70809],[10.66843,59.70819],[10.66842,59.70825],[10.66863,59.7082],[10.66864,59.70812],[10.66873,59.70807],[10.66885,59.7081]],[[10.66889,59.70812],[10.66885,59.70813],[10.66885,59.70811],[10.66889,59.70812]],[[10.66871,59.70881],[10.66876,59.70881],[10.66873,59.70877],[10.66882,59.70878],[10.66882,59.70882],[10.66871,59.70881]],[[10.66796,59.70876],[10.66798,59.70875],[10.66798,59.70876],[10.66796,59.70876]],[[10.66945,59.70866],[10.66949,59.70866],[10.66947,59.70868],[10.66945,59.70866]],[[10.66885,59.70868],[10.66888,59.70867],[10.66888,59.70868],[10.66885,59.70868]],[[10.66866,59.70858],[10.66868,59.70856],[10.66868,59.70858],[10.66866,59.70858]],[[10.66873,59.70854],[10.6687,59.70853],[10.6687,59.70851],[10.66873,59.70854]],[[10.6683,59.70837],[10.66831,59.70835],[10.66832,59.70837],[10.6683,59.70837]],[[10.66916,59.70826],[10.66909,59.7082],[10.66916,59.70823],[10.66916,59.70826]]]},"properties":{"a":17823,"v":55434,"dh":3.11,"pl":1,"pn":"HOLT PARK","pd":"2013-02-25","c":259}},{"type":"Feature","geometry":{"type":"Polygon","coordinates":[[[10.664,59.70482],[10.6641,59.70481],[10.66406,59.70471],[10.66383,59.7047],[10.66385,59.70481],[10.664,59.70478],[10.664,59.70482]]]},"properties":{"a":166,"v":-169,"dh":1.02,"pl":1,"pn":"HOLT PARK OG FV78","pd":"2010-12-13","fo":1,"c":260}},{"type":"Feature","geometry":{"type":"MultiPolygon","coordinates":[[[[10.66454,59.70652],[10.66441,59.70628],[10.66446,59.70626],[10.66451,59.7063],[10.66454,59.70643],[10.66465,59.70646],[10.66462,59.70635],[10.66451,59.70613],[10.66434,59.706],[10.66429,59.70605],[10.66438,59.70618],[10.66431,59.70617],[10.66437,59.70622],[10.6643,59.70626],[10.6643,59.7063],[10.66441,59.70642],[10.66444,59.70653],[10.66454,59.70652]]],[[[10.66456,59.70654],[10.66458,59.70653],[10.66456,59.70653],[10.66456,59.70654]]]]},"properties":{"a":502,"v":481,"dh":0.96,"pl":1,"pn":"HOLT PARK OG FV78","pd":"2010-12-13","fo":1,"c":260}},{"type":"Feature","geometry":{"type":"Polygon","coordinates":[[[10.66487,59.70704],[10.66479,59.70689],[10.66461,59.70674],[10.6648,59.70702],[10.66487,59.70704]]]},"properties":{"a":104,"v":112,"dh":1.07,"pl":1,"pn":"HOLT PARK OG FV78","pd":"2010-12-13","fo":1,"c":260}},{"type":"Feature","geometry":{"type":"Polygon","coordinates":[[[10.66603,59.70774],[10.66554,59.70763],[10.66539,59.70749],[10.66534,59.7075],[10.66542,59.70765],[10.66603,59.70774]]]},"properties":{"a":239,"v":323,"dh":1.35,"pl":1,"pn":"HOLT PARK","pd":"2013-02-25","fo":1,"c":259}},{"type":"Feature","geometry":{"type":"Polygon","coordinates":[[[10.66598,59.70927],[10.66591,59.70896],[10.66596,59.70892],[10.66589,59.70887],[10.66584,59.70905],[10.66594,59.70928],[10.66598,59.70927]]]},"properties":{"a":168,"v":184,"dh":1.1,"pl":1,"pn":"HOLT PARK","pd":"2013-02-25","fo":1,"c":259}},{"type":"Feature","geometry":{"type":"Polygon","coordinates":[[[10.66606,59.70983],[10.66604,59.70945],[10.66599,59.70944],[10.66602,59.70937],[10.66593,59.70933],[10.66599,59.7096],[10.66599,59.70981],[10.66606,59.70983]]]},"properties":{"a":207,"v":230,"dh":1.11,"pl":1,"pn":"HOLT PARK","pd":"2013-02-25","fo":1,"c":261}},{"type":"Feature","geometry":{"type":"Polygon","coordinates":[[[10.66569,59.70925],[10.66559,59.70903],[10.66562,59.70894],[10.6655,59.70887],[10.66549,59.70871],[10.66541,59.70862],[10.66546,59.70852],[10.66541,59.70849],[10.66546,59.70847],[10.66545,59.7084],[10.6656,59.70842],[10.66563,59.70838],[10.66557,59.70826],[10.66548,59.70823],[10.6654,59.70829],[10.66527,59.70825],[10.66524,59.70832],[10.66565,59.70946],[10.66567,59.70978],[10.66575,59.70979],[10.66578,59.70989],[10.66575,59.70996],[10.66569,59.70996],[10.66569,59.70987],[10.66574,59.70982],[10.66567,59.70983],[10.66563,59.71009],[10.66539,59.71058],[10.66539,59.71065],[10.66527,59.71074],[10.66529,59.7108],[10.6652,59.71086],[10.66529,59.71086],[10.6653,59.71098],[10.66519,59.71101],[10.66523,59.71113],[10.6651,59.71126],[10.66513,59.71146],[10.66508,59.71156],[10.66515,59.71158],[10.66505,59.71162],[10.66503,59.71198],[10.66498,59.71206],[10.66503,59.71211],[10.66532,59.71207],[10.6654,59.712],[10.66538,59.71185],[10.66544,59.7117],[10.66542,59.71162],[10.66535,59.71158],[10.66545,59.71152],[10.66546,59.71142],[10.66543,59.71139],[10.6655,59.71137],[10.66556,59.71118],[10.66552,59.71115],[10.66557,59.71104],[10.66553,59.71102],[10.66571,59.71073],[10.66567,59.71063],[10.66556,59.71062],[10.66559,59.71046],[10.66564,59.71043],[10.66557,59.71037],[10.66586,59.71043],[10.66577,59.71037],[10.66587,59.71027],[10.66596,59.70999],[10.66592,59.7099],[10.66594,59.70957],[10.66579,59.70952],[10.66576,59.70954],[10.6658,59.70955],[10.66572,59.70954],[10.66573,59.70936],[10.6657,59.70931],[10.66584,59.70926],[10.66569,59.70925]],[[10.66529,59.71193],[10.66531,59.71195],[10.66528,59.71195],[10.66529,59.71193]],[[10.66573,59.70971],[10.66575,59.70976],[10.66574,59.70976],[10.66573,59.70971]],[[10.66578,59.70966],[10.6658,59.70964],[10.6658,59.70966],[10.66578,59.70966]]]},"properties":{"a":6052,"v":-8747,"dh":1.45,"pl":1,"pn":"HOLT PARK OG FV78","pd":"2010-12-13","c":260}},{"type":"Feature","geometry":{"type":"Polygon","coordinates":[[[10.66576,59.71095],[10.66584,59.71085],[10.66587,59.71075],[10.66574,59.71084],[10.66575,59.71086],[10.66567,59.71088],[10.66567,59.71095],[10.66576,59.71095]]]},"properties":{"a":102,"v":119,"dh":1.17,"pl":1,"pn":"HOLT PARK","pd":"2013-02-25","fo":1,"c":261}},{"type":"Feature","geometry":{"type":"Polygon","coordinates":[[[10.66564,59.71135],[10.66567,59.71123],[10.66558,59.71118],[10.66555,59.71135],[10.66564,59.71135]]]},"properties":{"a":109,"v":177,"dh":1.63,"pl":1,"pn":"HOLT PARK","pd":"2013-02-25","fo":1,"c":261}},{"type":"Feature","geometry":{"type":"MultiPolygon","coordinates":[[[[10.66549,59.71189],[10.66563,59.71194],[10.66563,59.71185],[10.66557,59.71183],[10.66558,59.71174],[10.66551,59.71161],[10.66545,59.7116],[10.66549,59.71169],[10.66549,59.71189]]],[[[10.66551,59.71199],[10.66547,59.71196],[10.66547,59.71199],[10.66551,59.71199]]]]},"properties":{"a":206,"v":293,"dh":1.42,"pl":1,"pn":"HOLT PARK","pd":"2013-02-25","fo":1,"c":261}},{"type":"Feature","geometry":{"type":"Polygon","coordinates":[[[10.74655,59.7074],[10.74662,59.70736],[10.74662,59.70732],[10.74636,59.70719],[10.74641,59.70737],[10.74655,59.7074]]]},"properties":{"a":200,"v":-396,"dh":1.98,"pl":0,"fo":1,"c":262}},{"type":"Feature","geometry":{"type":"Polygon","coordinates":[[[10.74229,59.70755],[10.74228,59.70725],[10.7422,59.70723],[10.74222,59.70745],[10.74229,59.70755]]]},"properties":{"a":106,"v":100,"dh":0.94,"pl":0,"sh":1,"c":263}},{"type":"Feature","geometry":{"type":"Polygon","coordinates":[[[10.74307,59.70787],[10.74314,59.7078],[10.7431,59.70773],[10.74317,59.7077],[10.74324,59.70759],[10.74322,59.70754],[10.74318,59.70755],[10.7432,59.7076],[10.74311,59.70762],[10.74313,59.70769],[10.74308,59.7077],[10.74305,59.70778],[10.74307,59.70787]]]},"properties":{"a":108,"v":-129,"dh":1.2,"pl":0,"sl":1,"c":263}},{"type":"Feature","geometry":{"type":"Polygon","coordinates":[[[10.74877,59.70846],[10.74882,59.70837],[10.7488,59.70825],[10.74868,59.70834],[10.7487,59.70847],[10.74877,59.70846]]]},"properties":{"a":121,"v":151,"dh":1.25,"pl":0,"fo":1,"c":264}},{"type":"Feature","geometry":{"type":"Polygon","coordinates":[[[10.74416,59.70924],[10.74416,59.70892],[10.74407,59.70891],[10.74408,59.70908],[10.74402,59.70908],[10.7441,59.7092],[10.74409,59.70926],[10.74416,59.70924]],[[10.74413,59.70903],[10.74409,59.70901],[10.74413,59.709],[10.74413,59.70903]]]},"properties":{"a":171,"v":155,"dh":0.91,"pl":0,"sl":1,"c":265}},{"type":"Feature","geometry":{"type":"Polygon","coordinates":[[[10.73802,59.71012],[10.73786,59.70951],[10.73786,59.70918],[10.73775,59.70914],[10.73774,59.70931],[10.73786,59.70986],[10.73793,59.7101],[10.73802,59.71012]]]},"properties":{"a":526,"v":630,"dh":1.2,"pl":1,"pn":"E6 Ås grense - Vassum","pd":"1995-11-27","c":120}},{"type":"Feature","geometry":{"type":"MultiPolygon","coordinates":[[[[10.74254,59.70992],[10.74252,59.7099],[10.74248,59.7099],[10.74254,59.70992]]],[[[10.74242,59.70992],[10.74271,59.71004],[10.74285,59.71004],[10.74261,59.70992],[10.74254,59.70992],[10.7425,59.70993],[10.74242,59.70992]],[[10.74254,59.70993],[10.74256,59.70994],[10.74254,59.70994],[10.74254,59.70993]],[[10.74261,59.70996],[10.74258,59.70997],[10.74258,59.70996],[10.74261,59.70996]]],[[[10.74283,59.7101],[10.74287,59.7101],[10.74288,59.71005],[10.74285,59.71004],[10.74283,59.7101]]]]},"properties":{"a":119,"v":106,"dh":0.89,"pl":0,"sl":1,"c":266}},{"type":"Feature","geometry":{"type":"Polygon","coordinates":[[[10.7373,59.71041],[10.73757,59.71038],[10.73764,59.71033],[10.73733,59.71031],[10.7373,59.71041]]]},"properties":{"a":132,"v":144,"dh":1.09,"pl":0,"c":267}},{"type":"Feature","geometry":{"type":"Polygon","coordinates":[[[10.74112,59.71038],[10.74127,59.71037],[10.74123,59.71033],[10.74144,59.71035],[10.74137,59.71033],[10.7414,59.71031],[10.74123,59.71029],[10.74107,59.71032],[10.74118,59.71035],[10.74112,59.71038]]]},"properties":{"a":114,"v":94,"dh":0.82,"pl":0,"sl":1,"c":268}},{"type":"Feature","geometry":{"type":"Polygon","coordinates":[[[10.7272,59.71303],[10.72737,59.71294],[10.72733,59.7129],[10.72736,59.71279],[10.72731,59.71272],[10.72722,59.7127],[10.7272,59.71303]]]},"properties":{"a":239,"v":-566,"dh":2.37,"pl":0,"fo":1,"c":269}},{"type":"Feature","geometry":{"type":"Polygon","coordinates":[[[10.66528,59.71277],[10.66538,59.71263],[10.66544,59.71238],[10.66554,59.71235],[10.66552,59.7123],[10.66536,59.71231],[10.66534,59.7125],[10.66522,59.71272],[10.66528,59.71277]]]},"properties":{"a":284,"v":390,"dh":1.37,"pl":1,"pn":"HOLT PARK","pd":"2013-02-25","fo":1,"c":261}},{"type":"Feature","geometry":{"type":"Polygon","coordinates":[[[10.66385,59.71293],[10.66397,59.71292],[10.66398,59.71278],[10.66391,59.71274],[10.66377,59.71278],[10.66385,59.71293]]]},"properties":{"a":172,"v":204,"dh":1.19,"pl":0,"fo":1,"c":270}},{"type":"Feature","geometry":{"type":"Polygon","coordinates":[[[10.66414,59.71371],[10.66422,59.71366],[10.6642,59.7136],[10.66427,59.71355],[10.66445,59.71351],[10.66443,59.71346],[10.66448,59.7134],[10.66444,59.71334],[10.66468,59.71323],[10.66468,59.71318],[10.66475,59.71314],[10.66476,59.71298],[10.66495,59.713],[10.66495,59.71294],[10.66488,59.7129],[10.66521,59.71271],[10.66518,59.7126],[10.66525,59.71255],[10.66523,59.7125],[10.6653,59.71239],[10.66528,59.71232],[10.66533,59.71227],[10.66534,59.71212],[10.66505,59.71214],[10.66506,59.71224],[10.66492,59.71228],[10.66488,59.71254],[10.66479,59.71262],[10.66478,59.71275],[10.66461,59.7129],[10.66457,59.71314],[10.66445,59.71318],[10.66445,59.71325],[10.66423,59.71335],[10.66419,59.71341],[10.66426,59.71341],[10.66427,59.71347],[10.66414,59.71346],[10.66411,59.7136],[10.66403,59.71363],[10.66403,59.71369],[10.66414,59.71371]],[[10.66488,59.71285],[10.66482,59.71283],[10.66487,59.71282],[10.66488,59.71285]]]},"properties":{"a":2760,"v":-4270,"dh":1.55,"pl":1,"pn":"HOLT PARK OG FV78","pd":"2010-12-13","c":260}},{"type":"Feature","geometry":{"type":"Polygon","coordinates":[[[10.66503,59.71315],[10.6651,59.71311],[10.66508,59.71298],[10.6649,59.71306],[10.66492,59.71311],[10.66503,59.71315]]]},"properties":{"a":144,"v":236,"dh":1.64,"pl":1,"pn":"HOLT PARK","pd":"2013-02-25","fo":1,"c":261}},{"type":"Feature","geometry":{"type":"Polygon","coordinates":[[[10.66485,59.71333],[10.66488,59.71328],[10.665,59.71329],[10.66507,59.71322],[10.66486,59.71318],[10.66484,59.71325],[10.66472,59.71329],[10.66485,59.71333]]]},"properties":{"a":168,"v":207,"dh":1.23,"pl":1,"pn":"HOLT PARK","pd":"2013-02-25","fo":1,"c":261}},{"type":"Feature","geometry":{"type":"Polygon","coordinates":[[[10.66457,59.71354],[10.66473,59.71347],[10.66474,59.71339],[10.66465,59.71338],[10.6645,59.71351],[10.66457,59.71354]]]},"properties":{"a":128,"v":214,"dh":1.67,"pl":1,"pn":"HOLT PARK","pd":"2013-02-25","fo":1,"c":261}},{"type":"Feature","geometry":{"type":"Polygon","coordinates":[[[10.66418,59.7139],[10.66425,59.71383],[10.66402,59.7138],[10.66393,59.71387],[10.66418,59.7139]]]},"properties":{"a":141,"v":262,"dh":1.86,"pl":1,"pn":"HOLT PARK","pd":"2013-02-25","fo":1,"c":261}},{"type":"Feature","geometry":{"type":"Polygon","coordinates":[[[10.66328,59.71408],[10.66341,59.71405],[10.66342,59.71393],[10.66323,59.714],[10.66323,59.71405],[10.6631,59.71405],[10.66328,59.71408]]]},"properties":{"a":123,"v":-119,"dh":0.97,"pl":1,"pn":"HOLT PARK OG FV78","pd":"2010-12-13","sh":1,"c":260}},{"type":"Feature","geometry":{"type":"Polygon","coordinates":[[[10.66297,59.71421],[10.66304,59.71415],[10.66314,59.71413],[10.663,59.71409],[10.66291,59.71413],[10.66295,59.71417],[10.66283,59.71417],[10.66297,59.71421]]]},"properties":{"a":113,"v":-96,"dh":0.85,"pl":1,"pn":"HOLT PARK OG FV78","pd":"2010-12-13","sh":1,"c":260}},{"type":"Feature","geometry":{"type":"Polygon","coordinates":[[[10.66315,59.71427],[10.66323,59.71417],[10.66302,59.7142],[10.66304,59.71428],[10.66315,59.71427]]]},"properties":{"a":104,"v":178,"dh":1.72,"pl":0,"fo":1,"c":271}},{"type":"Feature","geometry":{"type":"MultiPolygon","coordinates":[[[[10.66596,59.70828],[10.6659,59.70797],[10.66584,59.70795],[10.66588,59.70792],[10.66557,59.70784],[10.66541,59.70788],[10.66552,59.7079],[10.66549,59.70807],[10.66558,59.70815],[10.66576,59.70804],[10.66568,59.70794],[10.66581,59.70798],[10.66581,59.70807],[10.66587,59.70811],[10.66586,59.70823],[10.66589,59.70829],[10.66596,59.70828]]],[[[10.66834,59.70914],[10.66713,59.70883],[10.66611,59.70831],[10.66598,59.70829],[10.66597,59.70836],[10.66622,59.70848],[10.66623,59.70856],[10.66644,59.70859],[10.66652,59.70867],[10.6668,59.70874],[10.66685,59.70884],[10.66699,59.70885],[10.66701,59.70892],[10.66712,59.70896],[10.66733,59.70896],[10.66735,59.70903],[10.66819,59.70914],[10.66822,59.70923],[10.6683,59.70922],[10.66834,59.70914]]]]},"properties":{"a":2137,"v":3286,"dh":1.54,"pl":1,"pn":"HOLT PARK","pd":"2013-02-25","c":259}},{"type":"Feature","geometry":{"type":"Polygon","coordinates":[[[10.66896,59.70928],[10.6691,59.70922],[10.66887,59.7092],[10.66887,59.70915],[10.66848,59.70918],[10.6685,59.70925],[10.66878,59.70921],[10.66882,59.70926],[10.66896,59.70928]]]},"properties":{"a":249,"v":338,"dh":1.36,"pl":1,"pn":"HOLT PARK","pd":"2013-02-25","fo":1,"c":259}},{"type":"Feature","geometry":{"type":"Polygon","coordinates":[[[10.66725,59.72054],[10.66739,59.72043],[10.66719,59.72038],[10.66705,59.72041],[10.66712,59.72048],[10.66726,59.72047],[10.66725,59.72054]]]},"properties":{"a":182,"v":-180,"dh":0.99,"pl":0,"sh":1,"c":272}},{"type":"Feature","geometry":{"type":"MultiPolygon","coordinates":[[[[10.66674,59.72028],[10.66672,59.72029],[10.66674,59.72029],[10.66674,59.72028]]],[[[10.66685,59.72027],[10.66676,59.72035],[10.66662,59.72032],[10.66679,59.72066],[10.6668,59.7207],[10.66666,59.72077],[10.66671,59.72083],[10.66689,59.72086],[10.6669,59.72068],[10.66701,59.7207],[10.66711,59.72065],[10.66713,59.72058],[10.66695,59.72057],[10.66689,59.72048],[10.66692,59.7204],[10.66683,59.72035],[10.66685,59.72027]]]]},"properties":{"a":754,"v":885,"dh":1.17,"pl":0,"c":272}},{"type":"Feature","geometry":{"type":"Polygon","coordinates":[[[10.6671,59.7211],[10.66731,59.72099],[10.66717,59.72073],[10.6671,59.72075],[10.66705,59.72083],[10.66694,59.72084],[10.66695,59.72089],[10.66681,59.72098],[10.66681,59.72104],[10.66692,59.7211],[10.6671,59.7211]],[[10.66694,59.72106],[10.66688,59.72105],[10.66686,59.72101],[10.66694,59.72102],[10.66694,59.72106]]]},"properties":{"a":709,"v":-1303,"dh":1.84,"pl":0,"c":272}},{"type":"Feature","geometry":{"type":"Polygon","coordinates":[[[10.66753,59.72112],[10.66756,59.72106],[10.66747,59.72101],[10.66731,59.72107],[10.66739,59.72112],[10.66753,59.72112]]]},"properties":{"a":124,"v":-220,"dh":1.78,"pl":0,"c":272}},{"type":"Feature","geometry":{"type":"Polygon","coordinates":[[[10.67185,59.72116],[10.67194,59.7211],[10.67192,59.72105],[10.67175,59.72102],[10.67177,59.72105],[10.67172,59.72107],[10.67167,59.72104],[10.67169,59.72114],[10.67185,59.72116]]]},"properties":{"a":171,"v":-234,"dh":1.37,"pl":1,"pn":"FV82 HOLTBRÅTEN-TUSSE","pd":"2014-06-16","c":273}},{"type":"Feature","geometry":{"type":"Polygon","coordinates":[[[10.67342,59.72162],[10.67345,59.72154],[10.67338,59.72149],[10.67324,59.72148],[10.67318,59.72151],[10.67326,59.72161],[10.67342,59.72162]]]},"properties":{"a":155,"v":-216,"dh":1.39,"pl":0,"c":274}},{"type":"Feature","geometry":{"type":"Polygon","coordinates":[[[10.67819,59.7245],[10.67819,59.72444],[10.67809,59.72435],[10.67798,59.72432],[10.67802,59.72423],[10.6779,59.72416],[10.67796,59.72424],[10.67797,59.72436],[10.67819,59.7245]]]},"properties":{"a":143,"v":456,"dh":3.19,"pl":0,"sl":1,"c":275}},{"type":"Feature","geometry":{"type":"Polygon","coordinates":[[[10.67944,59.7249],[10.6795,59.72486],[10.6795,59.72477],[10.67939,59.72472],[10.6792,59.72472],[10.67924,59.72482],[10.67944,59.7249]]]},"properties":{"a":223,"v":209,"dh":0.94,"pl":0,"sh":1,"c":276}},{"type":"Feature","geometry":{"type":"Polygon","coordinates":[[[10.68101,59.70728],[10.68102,59.70725],[10.68082,59.70721],[10.68029,59.7072],[10.68033,59.70724],[10.68101,59.70728]]]},"properties":{"a":208,"v":220,"dh":1.06,"pl":1,"pn":"HOLT PARK OG FV78","pd":"2010-12-13","fo":1,"c":260}},{"type":"Feature","geometry":{"type":"Polygon","coordinates":[[[10.69623,59.72465],[10.69628,59.72458],[10.69621,59.72458],[10.69619,59.72451],[10.69642,59.72447],[10.69641,59.7244],[10.69632,59.72433],[10.69651,59.72426],[10.69655,59.72428],[10.69653,59.72434],[10.69662,59.72433],[10.69668,59.72438],[10.69687,59.72438],[10.69691,59.72432],[10.69703,59.72434],[10.69707,59.7243],[10.69703,59.72421],[10.69708,59.72414],[10.69692,59.72419],[10.69684,59.72408],[10.69657,59.72397],[10.69636,59.72404],[10.69644,59.72422],[10.69626,59.72419],[10.69628,59.72414],[10.69615,59.72414],[10.6962,59.72412],[10.69615,59.7241],[10.6961,59.72416],[10.6959,59.72418],[10.69578,59.72424],[10.69578,59.72428],[10.69564,59.7243],[10.69584,59.72432],[10.69593,59.72437],[10.69607,59.72427],[10.69616,59.72428],[10.69616,59.72433],[10.69607,59.72436],[10.69602,59.72447],[10.69615,59.72452],[10.6961,59.72458],[10.69612,59.72465],[10.69623,59.72465]]]},"properties":{"a":2167,"v":3893,"dh":1.8,"pl":1,"pn":"BERGER TERRASSE / BERGERHØGDA","pd":"2009-06-15","c":277}},{"type":"Feature","geometry":{"type":"Polygon","coordinates":[[[10.69505,59.72453],[10.69519,59.72449],[10.69517,59.72444],[10.69522,59.72441],[10.69544,59.72442],[10.69554,59.7243],[10.69536,59.72439],[10.69529,59.72435],[10.69532,59.72431],[10.69504,59.72439],[10.69501,59.72444],[10.69505,59.72453]]]},"properties":{"a":271,"v":315,"dh":1.16,"pl":1,"pn":"BERGER TERRASSE / BERGERHØGDA","pd":"2009-06-15","fo":1,"c":277}},{"type":"Feature","geometry":{"type":"Polygon","coordinates":[[[10.69311,59.7253],[10.6932,59.72523],[10.6929,59.72518],[10.69294,59.72529],[10.69311,59.7253]]]},"properties":{"a":119,"v":105,"dh":0.88,"pl":1,"pn":"BERGER TERRASSE / BERGERHØGDA","pd":"2009-06-15","sh":1,"c":278}},{"type":"Feature","geometry":{"type":"Polygon","coordinates":[[[10.68267,59.72557],[10.68263,59.72552],[10.68229,59.72546],[10.6818,59.72527],[10.68229,59.72548],[10.68267,59.72557]]]},"properties":{"a":151,"v":-137,"dh":0.91,"pl":1,"pn":"FV82 HOLTBRÅTEN-TUSSE","pd":"2014-06-16","sh":1,"c":273}},{"type":"Feature","geometry":{"type":"Polygon","coordinates":[[[10.69528,59.72551],[10.69519,59.72528],[10.69507,59.7253],[10.6951,59.72545],[10.69528,59.72551]]]},"properties":{"a":186,"v":-298,"dh":1.6,"pl":1,"pn":"BERGER TERRASSE / BERGERHØGDA","pd":"2009-06-15","fo":1,"c":277}},{"type":"Feature","geometry":{"type":"Polygon","coordinates":[[[10.6945,59.72562],[10.69462,59.72556],[10.6946,59.7255],[10.69465,59.72544],[10.69454,59.72539],[10.6944,59.72542],[10.69434,59.72527],[10.69418,59.72528],[10.69426,59.72539],[10.6941,59.72544],[10.6941,59.72547],[10.6945,59.72562]]]},"properties":{"a":580,"v":830,"dh":1.43,"pl":1,"pn":"BERGER TERRASSE / BERGERHØGDA","pd":"2009-06-15","fo":1,"c":277}},{"type":"Feature","geometry":{"type":"MultiPolygon","coordinates":[[[[10.69289,59.72548],[10.69286,59.72552],[10.69291,59.72553],[10.69289,59.72548]]],[[[10.69286,59.72545],[10.69273,59.72537],[10.6925,59.72541],[10.69266,59.72546],[10.6927,59.72552],[10.69266,59.72554],[10.69274,59.7256],[10.6929,59.72565],[10.69285,59.72567],[10.69315,59.72572],[10.69311,59.72566],[10.69299,59.72565],[10.69291,59.72555],[10.69279,59.72551],[10.69286,59.72545]],[[10.69292,59.72565],[10.69296,59.72568],[10.69292,59.72568],[10.69292,59.72565]]]]},"properties":{"a":428,"v":575,"dh":1.34,"pl":1,"pn":"BERGER TERRASSE / BERGERHØGDA","pd":"2009-06-15","fo":1,"c":279}},{"type":"Feature","geometry":{"type":"Polygon","coordinates":[[[10.69508,59.72582],[10.69549,59.72582],[10.69534,59.72575],[10.69509,59.72575],[10.69505,59.72568],[10.69512,59.72563],[10.69505,59.72558],[10.69508,59.7254],[10.69499,59.7254],[10.695,59.72528],[10.69477,59.72538],[10.69476,59.72546],[10.69487,59.72547],[10.6948,59.72553],[10.69488,59.72568],[10.69495,59.72569],[10.69508,59.72582]],[[10.69492,59.72555],[10.69496,59.72555],[10.69494,59.72557],[10.69492,59.72555]]]},"properties":{"a":806,"v":1020,"dh":1.27,"pl":1,"pn":"BERGER TERRASSE / BERGERHØGDA","pd":"2009-06-15","c":277}},{"type":"Feature","geometry":{"type":"Polygon","coordinates":[[[10.69521,59.72592],[10.69567,59.72595],[10.69569,59.72589],[10.6956,59.72587],[10.69555,59.72593],[10.69548,59.72593],[10.69517,59.72586],[10.69521,59.72592]]]},"properties":{"a":140,"v":130,"dh":0.93,"pl":1,"pn":"BERGER TERRASSE / BERGERHØGDA","pd":"2009-06-15","sh":1,"c":277}},{"type":"Feature","geometry":{"type":"Polygon","coordinates":[[[10.73283,59.71336],[10.73258,59.71295],[10.73249,59.71285],[10.7324,59.71285],[10.73257,59.71301],[10.73259,59.71306],[10.73255,59.71308],[10.73262,59.7131],[10.73256,59.71318],[10.73267,59.71321],[10.73276,59.71334],[10.73283,59.71336]]]},"properties":{"a":264,"v":-628,"dh":2.38,"pl":0,"sl":1,"c":280}},{"type":"Feature","geometry":{"type":"Polygon","coordinates":[[[10.73248,59.71508],[10.73263,59.71488],[10.7327,59.71486],[10.73269,59.71479],[10.73285,59.71469],[10.73302,59.71449],[10.73295,59.71449],[10.73261,59.71483],[10.73247,59.71502],[10.73248,59.71508]]]},"properties":{"a":236,"v":422,"dh":1.79,"pl":1,"pn":"E6 Ås grense - Vassum","pd":"1995-11-27","sl":1,"c":120}},{"type":"Feature","geometry":{"type":"MultiPolygon","coordinates":[[[[10.7104,59.71544],[10.71038,59.71546],[10.7104,59.71546],[10.7104,59.71544]]],[[[10.7104,59.71546],[10.71041,59.71546],[10.71041,59.71545],[10.7104,59.71546]]],[[[10.71041,59.71546],[10.71051,59.71552],[10.71046,59.71556],[10.71055,59.71559],[10.71048,59.7157],[10.71062,59.71572],[10.71076,59.71591],[10.71085,59.71594],[10.7109,59.71558],[10.7105,59.71546],[10.71041,59.71546]]]]},"properties":{"a":722,"v":1183,"dh":1.64,"pl":0,"c":281}},{"type":"Feature","geometry":{"type":"Polygon","coordinates":[[[10.72234,59.71649],[10.7224,59.71646],[10.72237,59.71637],[10.72223,59.71637],[10.72224,59.71647],[10.72234,59.71649]]]},"properties":{"a":125,"v":-297,"dh":2.38,"pl":0,"fo":1,"c":282}},{"type":"Feature","geometry":{"type":"Polygon","coordinates":[[[10.73325,59.71664],[10.73351,59.71654],[10.73355,59.71649],[10.73328,59.71653],[10.73323,59.71657],[10.73325,59.71664]]]},"properties":{"a":139,"v":-241,"dh":1.73,"pl":0,"fo":1,"c":283}},{"type":"Feature","geometry":{"type":"Polygon","coordinates":[[[10.7275,59.71925],[10.72753,59.71922],[10.72749,59.719],[10.72742,59.71905],[10.72738,59.71922],[10.7275,59.71925]]]},"properties":{"a":158,"v":-272,"dh":1.72,"pl":1,"pn":"Gnr 41 bnr 1, Fossen søndre","pd":"1991-06-10","fo":1,"c":284}},{"type":"Feature","geometry":{"type":"Polygon","coordinates":[[[10.72703,59.72011],[10.72699,59.72002],[10.72692,59.71999],[10.72681,59.71999],[10.72683,59.72004],[10.72678,59.72006],[10.72678,59.7201],[10.72703,59.72011]]]},"properties":{"a":125,"v":163,"dh":1.3,"pl":0,"c":285}},{"type":"Feature","geometry":{"type":"Polygon","coordinates":[[[10.72333,59.72187],[10.72363,59.72185],[10.72361,59.72172],[10.72348,59.72171],[10.72347,59.72181],[10.72333,59.72187]]]},"properties":{"a":167,"v":158,"dh":0.94,"pl":0,"sh":1,"c":286}},{"type":"Feature","geometry":{"type":"Polygon","coordinates":[[[10.72039,59.72508],[10.7204,59.72502],[10.72011,59.72486],[10.72002,59.72486],[10.72039,59.72508]]]},"properties":{"a":111,"v":313,"dh":2.82,"pl":0,"sl":1,"c":287}},{"type":"Feature","geometry":{"type":"Polygon","coordinates":[[[10.70661,59.728],[10.70657,59.7279],[10.70642,59.72783],[10.70617,59.72783],[10.7061,59.72789],[10.70612,59.72792],[10.70634,59.7279],[10.7065,59.728],[10.70661,59.728]]]},"properties":{"a":270,"v":562,"dh":2.08,"pl":0,"fo":1,"c":288}},{"type":"Feature","geometry":{"type":"Polygon","coordinates":[[[10.60705,59.69473],[10.6072,59.69469],[10.60729,59.69469],[10.60724,59.69464],[10.60708,59.69464],[10.60705,59.69473]]]},"properties":{"a":108,"v":206,"dh":1.91,"pl":1,"pn":"SANDBUKTA","pd":"2004-06-21","fo":1,"c":289}},{"type":"Feature","geometry":{"type":"Polygon","coordinates":[[[10.61144,59.69477],[10.61171,59.69463],[10.61173,59.69458],[10.6115,59.69462],[10.61137,59.69476],[10.61144,59.69477]]]},"properties":{"a":160,"v":190,"dh":1.18,"pl":0,"fo":1,"c":290}},{"type":"Feature","geometry":{"type":"Polygon","coordinates":[[[10.61201,59.6948],[10.61172,59.69468],[10.61161,59.6947],[10.61169,59.69476],[10.61174,59.69473],[10.61185,59.6948],[10.61201,59.6948]]]},"properties":{"a":102,"v":-106,"dh":1.04,"pl":0,"fo":1,"c":290}},{"type":"Feature","geometry":{"type":"Polygon","coordinates":[[[10.61388,59.69494],[10.61397,59.69489],[10.61383,59.69474],[10.61356,59.69489],[10.61356,59.69493],[10.61388,59.69494]]]},"properties":{"a":317,"v":450,"dh":1.42,"pl":1,"pn":"BÅTSTØ ØST OG VEST","pd":"2007-06-11","fo":1,"c":291}},{"type":"Feature","geometry":{"type":"Polygon","coordinates":[[[10.61522,59.69548],[10.61518,59.69534],[10.61502,59.69543],[10.61502,59.69547],[10.61522,59.69548]]]},"properties":{"a":109,"v":-169,"dh":1.55,"pl":1,"pn":"BÅTSTØ ØST OG VEST","pd":"2007-06-11","fo":1,"c":291}},{"type":"Feature","geometry":{"type":"Polygon","coordinates":[[[10.60856,59.69743],[10.60874,59.69739],[10.60868,59.69729],[10.60852,59.69737],[10.60856,59.69743]]]},"properties":{"a":132,"v":186,"dh":1.41,"pl":1,"pn":"BÅTSTØ ØST OG VEST","pd":"2007-06-11","fo":1,"c":292}},{"type":"Feature","geometry":{"type":"Polygon","coordinates":[[[10.57221,59.69988],[10.57235,59.6997],[10.57244,59.69969],[10.57243,59.69962],[10.5725,59.69962],[10.57243,59.6996],[10.57234,59.69965],[10.57218,59.69985],[10.57221,59.69988]]]},"properties":{"a":107,"v":-218,"dh":2.03,"pl":0,"sl":1,"c":293}},{"type":"Feature","geometry":{"type":"Polygon","coordinates":[[[10.57157,59.70022],[10.57191,59.70023],[10.57208,59.70005],[10.57202,59.70003],[10.57189,59.7002],[10.57157,59.70022]]]},"properties":{"a":117,"v":-192,"dh":1.64,"pl":0,"sl":1,"c":293}},{"type":"Feature","geometry":{"type":"Polygon","coordinates":[[[10.61201,59.70002],[10.61199,59.69996],[10.61212,59.69983],[10.61212,59.69976],[10.61203,59.69977],[10.61207,59.69983],[10.61202,59.69984],[10.61198,59.69978],[10.61191,59.69978],[10.61188,59.69963],[10.61183,59.69963],[10.61175,59.69976],[10.61179,59.69981],[10.61186,59.69978],[10.61186,59.69984],[10.61154,59.69985],[10.61201,59.70002]]]},"properties":{"a":537,"v":715,"dh":1.33,"pl":1,"pn":"BÅTSTØ ØST OG VEST","pd":"2007-06-11","fo":1,"c":294}},{"type":"Feature","geometry":{"type":"Polygon","coordinates":[[[10.60826,59.70079],[10.60829,59.7007],[10.60809,59.70065],[10.6081,59.70076],[10.60826,59.70079]]]},"properties":{"a":119,"v":-131,"dh":1.1,"pl":0,"fo":1,"c":295}},{"type":"Feature","geometry":{"type":"MultiPolygon","coordinates":[[[[10.60997,59.7012],[10.60991,59.70118],[10.60985,59.70122],[10.60995,59.70123],[10.60997,59.7012]]],[[[10.60988,59.70126],[10.60981,59.70122],[10.60986,59.70117],[10.6097,59.70115],[10.60963,59.7012],[10.60963,59.70125],[10.60988,59.70126]]]]},"properties":{"a":142,"v":-128,"dh":0.9,"pl":0,"sh":1,"c":296}},{"type":"Feature","geometry":{"type":"Polygon","coordinates":[[[10.61193,59.70175],[10.61202,59.70172],[10.61201,59.70161],[10.61208,59.70158],[10.61206,59.70155],[10.61189,59.70161],[10.61193,59.70175]]]},"properties":{"a":118,"v":153,"dh":1.3,"pl":0,"fo":1,"c":297}},{"type":"Feature","geometry":{"type":"Polygon","coordinates":[[[10.60224,59.70202],[10.60229,59.70196],[10.60217,59.70193],[10.60216,59.70188],[10.60208,59.70192],[10.60208,59.70199],[10.60224,59.70202]]]},"properties":{"a":106,"v":128,"dh":1.21,"pl":0,"fo":1,"c":298}},{"type":"Feature","geometry":{"type":"Polygon","coordinates":[[[10.61223,59.70199],[10.6123,59.70196],[10.61229,59.70187],[10.61215,59.70184],[10.61211,59.70174],[10.61225,59.70176],[10.61225,59.70172],[10.61211,59.70169],[10.61206,59.70186],[10.6122,59.70188],[10.61217,59.70192],[10.61223,59.70199]]]},"properties":{"a":180,"v":174,"dh":0.97,"pl":0,"sh":1,"c":299}},{"type":"Feature","geometry":{"type":"Polygon","coordinates":[[[10.60173,59.70392],[10.60181,59.70386],[10.60196,59.70385],[10.60195,59.70382],[10.6017,59.70376],[10.60162,59.70388],[10.60173,59.70392]]]},"properties":{"a":174,"v":-203,"dh":1.17,"pl":0,"fo":1,"c":300}},{"type":"Feature","geometry":{"type":"Polygon","coordinates":[[[10.6085,59.70398],[10.60852,59.70394],[10.60826,59.70381],[10.60821,59.70371],[10.60808,59.7037],[10.60838,59.70397],[10.6085,59.70398]]]},"properties":{"a":158,"v":155,"dh":0.98,"pl":0,"sh":1,"c":301}},{"type":"Feature","geometry":{"type":"Polygon","coordinates":[[[10.60468,59.70401],[10.60486,59.70398],[10.60487,59.70393],[10.60463,59.70393],[10.60468,59.70401]]]},"properties":{"a":100,"v":104,"dh":1.04,"pl":0,"fo":1,"c":302}},{"type":"Feature","geometry":{"type":"Polygon","coordinates":[[[10.60816,59.70491],[10.60821,59.70488],[10.60776,59.70473],[10.60768,59.70472],[10.60765,59.70477],[10.6078,59.70487],[10.6079,59.70482],[10.60816,59.70491]]]},"properties":{"a":259,"v":276,"dh":1.07,"pl":0,"fo":1,"c":303}},{"type":"Feature","geometry":{"type":"Polygon","coordinates":[[[10.63025,59.6944],[10.63015,59.69444],[10.6302,59.69446],[10.63045,59.69436],[10.63042,59.69422],[10.63035,59.69419],[10.63037,59.69416],[10.63026,59.69421],[10.63023,59.69426],[10.63025,59.6944]],[[10.63027,59.6944],[10.63027,59.69441],[10.63025,59.69441],[10.63025,59.6944],[10.63027,59.6944]]]},"properties":{"a":262,"v":383,"dh":1.46,"pl":0,"fo":1,"c":304}},{"type":"Feature","geometry":{"type":"Polygon","coordinates":[[[10.62685,59.69742],[10.62681,59.69738],[10.6269,59.69735],[10.62686,59.6973],[10.62679,59.69734],[10.62668,59.69733],[10.62665,59.69737],[10.62685,59.69742]]]},"properties":{"a":103,"v":94,"dh":0.92,"pl":0,"sh":1,"c":305}},{"type":"Feature","geometry":{"type":"Polygon","coordinates":[[[10.6323,59.7036],[10.63206,59.7034],[10.63194,59.70341],[10.6321,59.70347],[10.6321,59.70354],[10.6323,59.7036]]]},"properties":{"a":109,"v":115,"dh":1.05,"pl":0,"fo":1,"c":306}},{"type":"Feature","geometry":{"type":"Polygon","coordinates":[[[10.62941,59.70449],[10.62953,59.70441],[10.62898,59.70442],[10.6293,59.70444],[10.62941,59.70449]]]},"properties":{"a":150,"v":184,"dh":1.23,"pl":0,"fo":1,"c":307}},{"type":"Feature","geometry":{"type":"Polygon","coordinates":[[[10.62543,59.70495],[10.6255,59.70482],[10.62544,59.70473],[10.62508,59.70467],[10.62511,59.70479],[10.62507,59.70484],[10.62524,59.70493],[10.62543,59.70495]]]},"properties":{"a":535,"v":633,"dh":1.18,"pl":0,"fo":1,"c":308}},{"type":"Feature","geometry":{"type":"Polygon","coordinates":[[[10.6313,59.70492],[10.63147,59.70488],[10.63144,59.70482],[10.63149,59.70477],[10.63129,59.70474],[10.63133,59.70479],[10.63128,59.70484],[10.63133,59.70488],[10.6313,59.70492]]]},"properties":{"a":159,"v":145,"dh":0.91,"pl":0,"sh":1,"c":309}},{"type":"Feature","geometry":{"type":"MultiPolygon","coordinates":[[[[10.62792,59.70608],[10.62794,59.70599],[10.62772,59.70599],[10.62796,59.70609],[10.62792,59.70608]]],[[[10.62796,59.70609],[10.628,59.70611],[10.62803,59.70611],[10.62796,59.70609]]]]},"properties":{"a":108,"v":133,"dh":1.23,"pl":0,"fo":1,"c":310}},{"type":"Feature","geometry":{"type":"Polygon","coordinates":[[[10.63318,59.71281],[10.63335,59.71274],[10.6334,59.71265],[10.63324,59.71264],[10.6331,59.71272],[10.63323,59.71274],[10.6331,59.71277],[10.63318,59.71281]],[[10.63326,59.71274],[10.63324,59.71271],[10.6333,59.71274],[10.63326,59.71274]],[[10.63324,59.71267],[10.63328,59.71266],[10.63328,59.71267],[10.63324,59.71267]]]},"properties":{"a":167,"v":174,"dh":1.04,"pl":0,"fo":1,"c":311}},{"type":"Feature","geometry":{"type":"Polygon","coordinates":[[[10.62408,59.71469],[10.62436,59.71472],[10.62436,59.71463],[10.62416,59.71463],[10.62408,59.71469]]]},"properties":{"a":148,"v":190,"dh":1.29,"pl":0,"fo":1,"c":312}},{"type":"Feature","geometry":{"type":"Polygon","coordinates":[[[10.62356,59.7169],[10.62358,59.71684],[10.62346,59.71677],[10.62331,59.71679],[10.62327,59.71683],[10.62356,59.7169]]]},"properties":{"a":153,"v":201,"dh":1.31,"pl":0,"fo":1,"c":313}},{"type":"Feature","geometry":{"type":"Polygon","coordinates":[[[10.63718,59.69716],[10.63749,59.69712],[10.63705,59.69712],[10.63674,59.69703],[10.63691,59.69713],[10.63718,59.69716]]]},"properties":{"a":157,"v":-203,"dh":1.3,"pl":0,"fo":1,"c":314}},{"type":"Feature","geometry":{"type":"Polygon","coordinates":[[[10.63886,59.69864],[10.63888,59.6986],[10.63902,59.69859],[10.63898,59.69854],[10.63872,59.69859],[10.63886,59.69864]]]},"properties":{"a":100,"v":-114,"dh":1.14,"pl":0,"fo":1,"c":183}},{"type":"Feature","geometry":{"type":"Polygon","coordinates":[[[10.63343,59.71223],[10.63341,59.71218],[10.63332,59.71216],[10.63339,59.71208],[10.63337,59.71204],[10.63328,59.71205],[10.63323,59.7121],[10.63325,59.71222],[10.63343,59.71223]]]},"properties":{"a":150,"v":160,"dh":1.06,"pl":0,"fo":1,"c":311}},{"type":"Feature","geometry":{"type":"Polygon","coordinates":[[[10.63366,59.71256],[10.63391,59.7125],[10.63358,59.71242],[10.63353,59.71238],[10.63352,59.7123],[10.63344,59.7123],[10.63351,59.71239],[10.63346,59.7125],[10.63366,59.71256]]]},"properties":{"a":296,"v":368,"dh":1.24,"pl":0,"fo":1,"c":315}},{"type":"Feature","geometry":{"type":"MultiPolygon","coordinates":[[[[10.63435,59.71274],[10.63436,59.71275],[10.63436,59.71274],[10.63435,59.71274]]],[[[10.63438,59.71282],[10.63464,59.713],[10.63461,59.71304],[10.63467,59.71311],[10.63465,59.71323],[10.63471,59.71328],[10.63472,59.7134],[10.63438,59.71372],[10.63436,59.71379],[10.63419,59.71383],[10.63402,59.71378],[10.63395,59.7137],[10.63386,59.71371],[10.63385,59.71379],[10.63372,59.71373],[10.63354,59.71376],[10.63349,59.71372],[10.63338,59.71377],[10.6334,59.7137],[10.63334,59.71366],[10.63339,59.71362],[10.63323,59.71365],[10.63325,59.71358],[10.63332,59.71358],[10.6333,59.71352],[10.63319,59.71352],[10.63321,59.71357],[10.63309,59.71362],[10.63322,59.71373],[10.63321,59.71379],[10.63337,59.7139],[10.63356,59.71386],[10.63366,59.71394],[10.63376,59.71393],[10.63369,59.71398],[10.63368,59.71407],[10.63361,59.7141],[10.63363,59.71415],[10.63358,59.71417],[10.63365,59.71422],[10.63385,59.7142],[10.634,59.71411],[10.63411,59.71415],[10.63428,59.71404],[10.6342,59.71414],[10.63424,59.71424],[10.63417,59.71428],[10.63413,59.71424],[10.63389,59.71425],[10.63391,59.7143],[10.63401,59.71434],[10.63407,59.71433],[10.63399,59.7143],[10.63401,59.71427],[10.63426,59.71431],[10.63423,59.71435],[10.63427,59.71438],[10.63416,59.71443],[10.63427,59.71439],[10.63434,59.7144],[10.63416,59.71447],[10.63395,59.71447],[10.6339,59.71453],[10.63418,59.71455],[10.63424,59.71454],[10.63422,59.71449],[10.63429,59.71451],[10.63425,59.71448],[10.63431,59.71447],[10.63429,59.71444],[10.63436,59.71444],[10.63436,59.71447],[10.63443,59.71445],[10.63448,59.71433],[10.6344,59.71429],[10.63451,59.71424],[10.63433,59.71418],[10.63434,59.71412],[10.63445,59.7141],[10.63444,59.71405],[10.63437,59.71403],[10.63481,59.71385],[10.6348,59.71377],[10.63487,59.71372],[10.63485,59.71361],[10.63492,59.71353],[10.6349,59.7135],[10.63504,59.71341],[10.63505,59.71333],[10.63517,59.71323],[10.63513,59.71314],[10.63518,59.71301],[10.63468,59.71298],[10.63466,59.71291],[10.63436,59.71275],[10.63438,59.71282]],[[10.63442,59.71433],[10.63444,59.71437],[10.63437,59.71437],[10.63442,59.71433]],[[10.63432,59.71435],[10.63433,59.71429],[10.63439,59.71432],[10.63437,59.71435],[10.63432,59.71435]],[[10.63439,59.71441],[10.63441,59.7144],[10.63441,59.71441],[10.63439,59.71441]],[[10.63441,59.7144],[10.63443,59.71439],[10.63443,59.7144],[10.63441,59.7144]],[[10.63428,59.71434],[10.63426,59.71435],[10.63426,59.71434],[10.63428,59.71434]],[[10.63435,59.71422],[10.63433,59.71423],[10.63433,59.71422],[10.63435,59.71422]],[[10.63426,59.71421],[10.63429,59.71419],[10.63429,59.71421],[10.63426,59.71421]],[[10.63373,59.71389],[10.63379,59.71383],[10.63385,59.7139],[10.63373,59.71389]],[[10.63331,59.7138],[10.63335,59.71378],[10.63335,59.7138],[10.63331,59.7138]],[[10.63328,59.71376],[10.63333,59.71372],[10.63333,59.71377],[10.63328,59.71376]]],[[[10.63445,59.7141],[10.63447,59.7141],[10.63446,59.7141],[10.63445,59.7141]]],[[[10.63465,59.71419],[10.63468,59.71414],[10.63447,59.7141],[10.63445,59.71415],[10.63465,59.71419]],[[10.63452,59.71413],[10.63452,59.71415],[10.63448,59.71413],[10.63452,59.71413]]],[[[10.63434,59.71453],[10.63431,59.71452],[10.63424,59.71455],[10.63431,59.71457],[10.63434,59.71453]]]]},"properties":{"a":5554,"v":10109,"dh":1.82,"pl":0,"c":315}},{"type":"Feature","geometry":{"type":"MultiPolygon","coordinates":[[[[10.63497,59.71417],[10.63484,59.71419],[10.63497,59.71422],[10.63497,59.71417]]],[[[10.63464,59.71432],[10.63472,59.71428],[10.63467,59.71426],[10.6347,59.71424],[10.63461,59.71423],[10.63464,59.71432]]],[[[10.63499,59.71431],[10.63499,59.71422],[10.6347,59.71423],[10.63486,59.71425],[10.63494,59.71432],[10.63499,59.71431]]],[[[10.63462,59.71427],[10.6346,59.71428],[10.63462,59.71428],[10.63462,59.71427]]]]},"properties":{"a":137,"v":123,"dh":0.9,"pl":0,"sh":1,"c":315}},{"type":"Feature","geometry":{"type":"MultiPolygon","coordinates":[[[[10.63444,59.71465],[10.63447,59.71464],[10.63444,59.71464],[10.63444,59.71465]]],[[[10.63437,59.71464],[10.63436,59.71459],[10.63426,59.7146],[10.63415,59.71467],[10.63416,59.71471],[10.63437,59.71472],[10.63435,59.71467],[10.63442,59.71468],[10.63444,59.71463],[10.63437,59.71464]],[[10.63424,59.71469],[10.63424,59.71466],[10.6343,59.71469],[10.63424,59.71469]]]]},"properties":{"a":130,"v":115,"dh":0.88,"pl":0,"sh":1,"c":315}},{"type":"Feature","geometry":{"type":"MultiPolygon","coordinates":[[[[10.63441,59.71489],[10.63441,59.71485],[10.6345,59.71488],[10.63461,59.71482],[10.63443,59.71481],[10.63443,59.71475],[10.63437,59.71473],[10.63436,59.71482],[10.63427,59.71485],[10.63441,59.71489]],[[10.63447,59.71483],[10.63448,59.71484],[10.63447,59.71484],[10.63447,59.71483]]],[[[10.63445,59.71493],[10.6344,59.7149],[10.63438,59.71493],[10.63445,59.71493]]],[[[10.63445,59.71495],[10.63443,59.71494],[10.63444,59.71495],[10.63445,59.71495]]]]},"properties":{"a":143,"v":125,"dh":0.87,"pl":0,"sh":1,"c":315}},{"type":"Feature","geometry":{"type":"Polygon","coordinates":[[[10.63378,59.71503],[10.63401,59.7149],[10.63401,59.71488],[10.63384,59.71485],[10.63379,59.71493],[10.63383,59.71493],[10.63381,59.71498],[10.63375,59.71501],[10.63378,59.71503]]]},"properties":{"a":120,"v":104,"dh":0.87,"pl":0,"sh":1,"c":315}},{"type":"Feature","geometry":{"type":"Polygon","coordinates":[[[10.63427,59.7151],[10.63437,59.71506],[10.63426,59.71498],[10.63394,59.71508],[10.63427,59.7151]]]},"properties":{"a":140,"v":153,"dh":1.1,"pl":0,"fo":1,"c":315}},{"type":"Feature","geometry":{"type":"Polygon","coordinates":[[[10.60796,59.7052],[10.60806,59.70514],[10.60792,59.70508],[10.60786,59.70499],[10.60775,59.70498],[10.60763,59.70507],[10.60765,59.70513],[10.60781,59.70513],[10.60796,59.7052]]]},"properties":{"a":289,"v":498,"dh":1.72,"pl":0,"fo":1,"c":303}},{"type":"Feature","geometry":{"type":"Polygon","coordinates":[[[10.60528,59.70637],[10.60538,59.70631],[10.60511,59.70626],[10.60531,59.70626],[10.60541,59.70619],[10.60505,59.70612],[10.60491,59.70615],[10.60498,59.70623],[10.6049,59.70625],[10.6049,59.70629],[10.60528,59.70637]],[[10.60509,59.70622],[10.60514,59.7062],[10.60514,59.70622],[10.60509,59.70622]]]},"properties":{"a":454,"v":524,"dh":1.15,"pl":0,"fo":1,"c":316}},{"type":"Feature","geometry":{"type":"Polygon","coordinates":[[[10.60761,59.70725],[10.60773,59.70721],[10.60768,59.70716],[10.60769,59.70708],[10.60751,59.70697],[10.60733,59.70702],[10.60734,59.7072],[10.60745,59.70719],[10.60743,59.70713],[10.60746,59.70713],[10.6075,59.70723],[10.60761,59.70725]]]},"properties":{"a":447,"v":589,"dh":1.32,"pl":0,"fo":1,"c":317}},{"type":"Feature","geometry":{"type":"Polygon","coordinates":[[[10.56235,59.7087],[10.56237,59.70867],[10.56231,59.70863],[10.56235,59.70854],[10.56225,59.70847],[10.56224,59.70826],[10.56213,59.70813],[10.56228,59.70862],[10.56223,59.70867],[10.56235,59.7087]]]},"properties":{"a":218,"v":604,"dh":2.77,"pl":0,"sl":1,"c":318}},{"type":"Feature","geometry":{"type":"Polygon","coordinates":[[[10.60171,59.70875],[10.60174,59.70859],[10.6017,59.70855],[10.60163,59.70855],[10.60162,59.70869],[10.60171,59.70875]]]},"properties":{"a":122,"v":147,"dh":1.21,"pl":0,"fo":1,"c":319}},{"type":"Feature","geometry":{"type":"MultiPolygon","coordinates":[[[[10.60501,59.71016],[10.60487,59.71005],[10.6047,59.71002],[10.60491,59.71019],[10.60501,59.71016]]],[[[10.60503,59.71017],[10.60505,59.71017],[10.60503,59.71017],[10.60503,59.71017]]]]},"properties":{"a":129,"v":-194,"dh":1.5,"pl":0,"fo":1,"c":320}},{"type":"Feature","geometry":{"type":"Polygon","coordinates":[[[10.61141,59.71861],[10.61148,59.71858],[10.61148,59.71854],[10.61139,59.71849],[10.61126,59.71856],[10.61141,59.71861]]]},"properties":{"a":100,"v":137,"dh":1.37,"pl":0,"fo":1,"c":321}},{"type":"Feature","geometry":{"type":"Polygon","coordinates":[[[10.58927,59.72296],[10.58922,59.72282],[10.58912,59.72283],[10.58914,59.72295],[10.58927,59.72296]]]},"properties":{"a":102,"v":-104,"dh":1.02,"pl":0,"c":322}},{"type":"Feature","geometry":{"type":"Polygon","coordinates":[[[10.63687,59.71703],[10.63681,59.71696],[10.63647,59.71696],[10.63649,59.717],[10.63687,59.71703]]]},"properties":{"a":107,"v":102,"dh":0.96,"pl":0,"sh":1,"c":323}},{"type":"Feature","geometry":{"type":"Polygon","coordinates":[[[10.63644,59.71735],[10.63678,59.71736],[10.63667,59.71735],[10.63679,59.71731],[10.63677,59.7172],[10.6364,59.7173],[10.63644,59.71735]]]},"properties":{"a":239,"v":233,"dh":0.98,"pl":0,"sh":1,"c":323}},{"type":"Feature","geometry":{"type":"Polygon","coordinates":[[[10.63885,59.71792],[10.63886,59.71787],[10.63879,59.71781],[10.63871,59.71759],[10.63866,59.71766],[10.63869,59.71789],[10.63885,59.71792]]]},"properties":{"a":210,"v":259,"dh":1.23,"pl":0,"c":324}},{"type":"Feature","geometry":{"type":"Polygon","coordinates":[[[10.63848,59.71796],[10.63865,59.7179],[10.63862,59.71766],[10.63855,59.71772],[10.63854,59.71791],[10.63848,59.71796]]]},"properties":{"a":152,"v":-192,"dh":1.26,"pl":0,"c":324}},{"type":"Feature","geometry":{"type":"Polygon","coordinates":[[[10.63864,59.71806],[10.6388,59.71802],[10.63881,59.71798],[10.63865,59.71792],[10.63848,59.71802],[10.63864,59.71806]]]},"properties":{"a":159,"v":230,"dh":1.45,"pl":0,"fo":1,"c":324}},{"type":"Feature","geometry":{"type":"Polygon","coordinates":[[[10.63821,59.7186],[10.63831,59.71848],[10.63835,59.7183],[10.63816,59.71841],[10.63822,59.71854],[10.63815,59.7186],[10.63821,59.7186]]]},"properties":{"a":181,"v":199,"dh":1.1,"pl":0,"c":324}},{"type":"Feature","geometry":{"type":"Polygon","coordinates":[[[10.63692,59.71918],[10.63693,59.71907],[10.63698,59.71906],[10.63694,59.71891],[10.63671,59.71887],[10.63675,59.71893],[10.63683,59.71893],[10.63688,59.71909],[10.63681,59.71915],[10.63692,59.71918]]]},"properties":{"a":228,"v":-269,"dh":1.18,"pl":0,"fo":1,"c":325}},{"type":"Feature","geometry":{"type":"Polygon","coordinates":[[[10.63888,59.72071],[10.63875,59.72062],[10.63875,59.72058],[10.63887,59.72053],[10.63885,59.72049],[10.63862,59.72059],[10.6387,59.72068],[10.63888,59.72071]]]},"properties":{"a":153,"v":-195,"dh":1.27,"pl":0,"fo":1,"c":326}},{"type":"Feature","geometry":{"type":"Polygon","coordinates":[[[10.63675,59.7209],[10.63696,59.72083],[10.63739,59.72076],[10.63744,59.72069],[10.6372,59.72066],[10.63715,59.72057],[10.63704,59.72054],[10.63697,59.72062],[10.63699,59.72075],[10.63696,59.7208],[10.63679,59.72083],[10.63675,59.7209]]]},"properties":{"a":540,"v":949,"dh":1.76,"pl":0,"fo":1,"c":327}},{"type":"Feature","geometry":{"type":"Polygon","coordinates":[[[10.62563,59.71698],[10.62585,59.71692],[10.62559,59.71694],[10.6255,59.71691],[10.62544,59.71682],[10.62537,59.71686],[10.62543,59.71693],[10.62563,59.71698]]]},"properties":{"a":135,"v":160,"dh":1.18,"pl":0,"fo":1,"c":328}},{"type":"Feature","geometry":{"type":"Polygon","coordinates":[[[10.62591,59.71742],[10.62607,59.7173],[10.62603,59.71725],[10.62583,59.7172],[10.62585,59.71724],[10.6258,59.71726],[10.62586,59.71729],[10.62571,59.71729],[10.62572,59.71734],[10.62586,59.71735],[10.62582,59.7174],[10.62591,59.71742]]]},"properties":{"a":261,"v":296,"dh":1.13,"pl":0,"fo":1,"c":328}},{"type":"Feature","geometry":{"type":"Polygon","coordinates":[[[10.62674,59.71752],[10.62686,59.71742],[10.62661,59.71739],[10.62659,59.7175],[10.62674,59.71752]]]},"properties":{"a":140,"v":-156,"dh":1.11,"pl":0,"fo":1,"c":328}},{"type":"Feature","geometry":{"type":"Polygon","coordinates":[[[10.62934,59.71884],[10.62947,59.71877],[10.62946,59.71872],[10.62955,59.71868],[10.6296,59.71858],[10.6297,59.71856],[10.62974,59.7185],[10.62963,59.71851],[10.6293,59.71874],[10.62936,59.71875],[10.62934,59.71884]]]},"properties":{"a":203,"v":247,"dh":1.22,"pl":0,"fo":1,"c":329}},{"type":"Feature","geometry":{"type":"Polygon","coordinates":[[[10.62367,59.71913],[10.62375,59.71903],[10.62391,59.71901],[10.62396,59.71896],[10.62352,59.71897],[10.62351,59.71911],[10.62367,59.71913]]]},"properties":{"a":313,"v":392,"dh":1.25,"pl":1,"pn":"VESTGÅRDSVEIEN","pd":"2008-12-15","fo":1,"c":330}},{"type":"Feature","geometry":{"type":"Polygon","coordinates":[[[10.62784,59.71935],[10.62798,59.71925],[10.62831,59.71924],[10.62831,59.71918],[10.62872,59.71919],[10.62894,59.71933],[10.62888,59.71917],[10.62873,59.71907],[10.62879,59.71905],[10.62873,59.71903],[10.62876,59.71897],[10.62843,59.71907],[10.62816,59.71907],[10.62769,59.71892],[10.62772,59.71898],[10.62761,59.71898],[10.62758,59.71903],[10.62785,59.7191],[10.6279,59.7191],[10.62788,59.71905],[10.62779,59.71902],[10.62795,59.71903],[10.62804,59.71914],[10.62789,59.71921],[10.6279,59.71913],[10.62761,59.7191],[10.62748,59.71919],[10.6277,59.7193],[10.6277,59.71935],[10.62784,59.71935]],[[10.62824,59.71918],[10.62826,59.71918],[10.62826,59.71918],[10.62824,59.71918]],[[10.62828,59.71917],[10.62829,59.71916],[10.62829,59.71917],[10.62828,59.71917]],[[10.62822,59.71915],[10.62811,59.71912],[10.62825,59.71911],[10.62822,59.71915]]]},"properties":{"a":1595,"v":2167,"dh":1.36,"pl":1,"pn":"VESTGÅRDSVEIEN","pd":"2008-12-15","fo":1,"c":330}},{"type":"Feature","geometry":{"type":"Polygon","coordinates":[[[10.62765,59.7194],[10.62764,59.71935],[10.62748,59.7193],[10.62746,59.71924],[10.62736,59.7193],[10.62736,59.71938],[10.62743,59.7194],[10.62765,59.7194]]]},"properties":{"a":172,"v":-263,"dh":1.53,"pl":1,"pn":"VESTGÅRDSVEIEN","pd":"2008-12-15","fo":1,"c":330}},{"type":"Feature","geometry":{"type":"Polygon","coordinates":[[[10.63186,59.7213],[10.63206,59.72129],[10.63211,59.72122],[10.63179,59.72125],[10.63186,59.7213]]]},"properties":{"a":100,"v":96,"dh":0.96,"pl":0,"sh":1,"c":331}},{"type":"Feature","geometry":{"type":"Polygon","coordinates":[[[10.63132,59.72136],[10.63129,59.72125],[10.63113,59.72123],[10.63114,59.72131],[10.63132,59.72136]]]},"properties":{"a":113,"v":162,"dh":1.44,"pl":0,"c":331}},{"type":"Feature","geometry":{"type":"Polygon","coordinates":[[[10.63235,59.72184],[10.63242,59.72178],[10.63284,59.72171],[10.6329,59.72165],[10.63286,59.72163],[10.63287,59.72144],[10.63292,59.7214],[10.63354,59.7213],[10.63364,59.72123],[10.63309,59.72133],[10.6329,59.72132],[10.63271,59.7212],[10.63236,59.72116],[10.63234,59.72122],[10.63192,59.72144],[10.63193,59.72147],[10.63202,59.72147],[10.63256,59.72126],[10.63263,59.72131],[10.63274,59.7213],[10.63277,59.72137],[10.63274,59.72139],[10.63242,59.7214],[10.63223,59.72148],[10.63227,59.72153],[10.63218,59.72164],[10.63235,59.72184]],[[10.63222,59.72163],[10.63225,59.72162],[10.63225,59.72163],[10.63222,59.72163]],[[10.63252,59.72125],[10.63248,59.72122],[10.63254,59.72125],[10.63252,59.72125]]]},"properties":{"a":2409,"v":8307,"dh":3.45,"pl":0,"c":331}},{"type":"Feature","geometry":{"type":"Polygon","coordinates":[[[10.59611,59.72635],[10.59613,59.72626],[10.59605,59.72622],[10.59601,59.72602],[10.59608,59.72599],[10.59608,59.72592],[10.59616,59.72583],[10.59582,59.72585],[10.59579,59.7259],[10.59581,59.72604],[10.59576,59.72607],[10.59584,59.72619],[10.59611,59.72635]]]},"properties":{"a":709,"v":1328,"dh":1.87,"pl":0,"fo":1,"c":332}},{"type":"Feature","geometry":{"type":"Polygon","coordinates":[[[10.59633,59.72639],[10.59634,59.7263],[10.5964,59.72631],[10.59652,59.72622],[10.59643,59.72619],[10.59636,59.72627],[10.59622,59.72625],[10.59624,59.72632],[10.59618,59.72635],[10.59633,59.72639]]]},"properties":{"a":156,"v":-170,"dh":1.09,"pl":0,"fo":1,"c":332}},{"type":"Feature","geometry":{"type":"Polygon","coordinates":[[[10.57594,59.72732],[10.576,59.72724],[10.57597,59.72718],[10.57595,59.72723],[10.57581,59.72725],[10.57581,59.72731],[10.57594,59.72732]]]},"properties":{"a":102,"v":-216,"dh":2.12,"pl":0,"sl":1,"c":333}},{"type":"Feature","geometry":{"type":"Polygon","coordinates":[[[10.5947,59.72767],[10.59473,59.72762],[10.59482,59.72762],[10.59478,59.72753],[10.59453,59.72755],[10.59455,59.72761],[10.5947,59.72767]]]},"properties":{"a":168,"v":169,"dh":1.0,"pl":0,"fo":1,"c":334}},{"type":"Feature","geometry":{"type":"Polygon","coordinates":[[[10.59714,59.72767],[10.59735,59.72763],[10.5974,59.72755],[10.59731,59.7275],[10.59718,59.7275],[10.59704,59.72756],[10.59714,59.72767]]]},"properties":{"a":246,"v":-528,"dh":2.15,"pl":0,"fo":1,"c":335}},{"type":"Feature","geometry":{"type":"Polygon","coordinates":[[[10.5973,59.72778],[10.59719,59.72769],[10.59706,59.72765],[10.59701,59.72754],[10.5969,59.72757],[10.59697,59.72762],[10.59694,59.72766],[10.59702,59.72776],[10.5973,59.72778]]]},"properties":{"a":219,"v":312,"dh":1.42,"pl":0,"fo":1,"c":335}},{"type":"Feature","geometry":{"type":"Polygon","coordinates":[[[10.59419,59.72778],[10.5942,59.72773],[10.59437,59.72777],[10.59442,59.7277],[10.59436,59.72766],[10.59429,59.72767],[10.59428,59.72772],[10.59415,59.72767],[10.59408,59.72769],[10.59412,59.72777],[10.59419,59.72778]]]},"properties":{"a":151,"v":146,"dh":0.97,"pl":0,"sh":1,"c":336}},{"type":"Feature","geometry":{"type":"Polygon","coordinates":[[[10.5995,59.72803],[10.59946,59.7279],[10.59923,59.72794],[10.59936,59.72804],[10.5995,59.72803]]]},"properties":{"a":163,"v":230,"dh":1.41,"pl":0,"fo":1,"c":337}},{"type":"Feature","geometry":{"type":"Polygon","coordinates":[[[10.63088,59.72186],[10.63096,59.72175],[10.63082,59.72169],[10.63078,59.72161],[10.63066,59.72167],[10.63056,59.72159],[10.63049,59.72161],[10.6305,59.72173],[10.63057,59.72181],[10.63088,59.72186]],[[10.63075,59.72172],[10.63078,59.7217],[10.6308,59.7217],[10.6308,59.72173],[10.63075,59.72172]],[[10.63059,59.72173],[10.63064,59.72169],[10.63066,59.72173],[10.63059,59.72173]]]},"properties":{"a":477,"v":-781,"dh":1.64,"pl":0,"c":331}},{"type":"Feature","geometry":{"type":"Polygon","coordinates":[[[10.63191,59.72182],[10.63199,59.72169],[10.63194,59.72165],[10.63172,59.72167],[10.63162,59.72174],[10.63162,59.72179],[10.63191,59.72182]]]},"properties":{"a":291,"v":622,"dh":2.14,"pl":0,"c":331}},{"type":"Feature","geometry":{"type":"MultiPolygon","coordinates":[[[[10.63165,59.72238],[10.63174,59.72232],[10.63202,59.72232],[10.63219,59.72241],[10.63279,59.72248],[10.63287,59.72257],[10.63318,59.72246],[10.63352,59.72242],[10.63352,59.72233],[10.63409,59.72211],[10.63429,59.72215],[10.63425,59.72215],[10.63441,59.7221],[10.63434,59.72207],[10.63431,59.7219],[10.63424,59.72189],[10.63429,59.72183],[10.63417,59.72182],[10.63414,59.72174],[10.63398,59.72175],[10.6339,59.72181],[10.63392,59.72187],[10.63369,59.7219],[10.63365,59.72179],[10.63345,59.72175],[10.63282,59.72187],[10.6328,59.72194],[10.63268,59.72195],[10.63277,59.72201],[10.63267,59.72208],[10.63265,59.72214],[10.63225,59.72219],[10.63202,59.72199],[10.63207,59.7219],[10.63221,59.72187],[10.63221,59.72182],[10.63214,59.72181],[10.63215,59.72176],[10.63198,59.72177],[10.63193,59.7219],[10.63155,59.72188],[10.63143,59.72193],[10.63142,59.72201],[10.63126,59.72201],[10.63113,59.72195],[10.6312,59.72185],[10.63116,59.72181],[10.63123,59.72178],[10.63139,59.72183],[10.63141,59.72176],[10.63121,59.7217],[10.63115,59.72164],[10.63103,59.72163],[10.6309,59.72166],[10.63098,59.72175],[10.63095,59.72184],[10.63084,59.72188],[10.63068,59.72184],[10.63058,59.72188],[10.63044,59.72164],[10.63047,59.72146],[10.63034,59.72141],[10.63024,59.7216],[10.62973,59.72172],[10.62988,59.72181],[10.62996,59.72193],[10.63014,59.72197],[10.63011,59.72207],[10.63016,59.72206],[10.63023,59.72213],[10.63018,59.72221],[10.63031,59.72222],[10.63037,59.72235],[10.63046,59.72231],[10.63048,59.72242],[10.63055,59.72245],[10.63089,59.72248],[10.63094,59.72243],[10.63129,59.72256],[10.63123,59.72249],[10.63128,59.72246],[10.6314,59.72245],[10.63153,59.72237],[10.63165,59.72238]],[[10.63159,59.72232],[10.63161,59.72233],[10.63159,59.72233],[10.63159,59.72232]],[[10.63423,59.72198],[10.63412,59.72194],[10.63422,59.72191],[10.63423,59.72198]]],[[[10.63162,59.72239],[10.63163,59.72241],[10.63163,59.72239],[10.63162,59.72239]]]]},"properties":{"a":14288,"v":38156,"dh":2.67,"pl":0,"c":331}},{"type":"Feature","geometry":{"type":"Polygon","coordinates":[[[10.63015,59.72331],[10.63025,59.72321],[10.63011,59.72322],[10.63008,59.72307],[10.62999,59.72303],[10.63002,59.72313],[10.63007,59.72314],[10.63002,59.72319],[10.63007,59.72318],[10.63009,59.72323],[10.63013,59.72324],[10.63009,59.72329],[10.63015,59.72331]]]},"properties":{"a":108,"v":89,"dh":0.83,"pl":0,"sh":1,"c":338}},{"type":"Feature","geometry":{"type":"MultiPolygon","coordinates":[[[[10.6301,59.72371],[10.6303,59.72378],[10.63034,59.72362],[10.63013,59.72363],[10.63015,59.72368],[10.6301,59.72371]]],[[[10.63008,59.72371],[10.6301,59.72372],[10.6301,59.72371],[10.63008,59.72371]]]]},"properties":{"a":135,"v":122,"dh":0.9,"pl":0,"sh":1,"c":338}},{"type":"Feature","geometry":{"type":"Polygon","coordinates":[[[10.6331,59.72402],[10.63324,59.72396],[10.63345,59.72395],[10.63336,59.72389],[10.63324,59.7239],[10.63311,59.72384],[10.63288,59.72384],[10.6329,59.72391],[10.63285,59.72393],[10.63289,59.724],[10.6331,59.72402]],[[10.63319,59.72396],[10.6332,59.72396],[10.6332,59.72396],[10.63319,59.72396]]]},"properties":{"a":431,"v":436,"dh":1.01,"pl":0,"fo":1,"c":339}},{"type":"Feature","geometry":{"type":"Polygon","coordinates":[[[10.63028,59.72499],[10.63042,59.72483],[10.63045,59.72471],[10.63038,59.7247],[10.63029,59.72484],[10.63015,59.72488],[10.63024,59.7249],[10.63028,59.72496],[10.63025,59.72499],[10.63028,59.72499]]]},"properties":{"a":173,"v":181,"dh":1.05,"pl":0,"fo":1,"c":340}},{"type":"Feature","geometry":{"type":"Polygon","coordinates":[[[10.63384,59.74035],[10.63386,59.7403],[10.63398,59.74027],[10.63398,59.74018],[10.63386,59.74007],[10.63376,59.74007],[10.63375,59.74031],[10.63384,59.74035]]]},"properties":{"a":303,"v":434,"dh":1.43,"pl":0,"c":341}},{"type":"Feature","geometry":{"type":"Polygon","coordinates":[[[10.63458,59.74085],[10.63467,59.7408],[10.63457,59.74071],[10.63462,59.74069],[10.63459,59.74066],[10.6346,59.74052],[10.63443,59.74043],[10.63429,59.74045],[10.63428,59.74055],[10.63434,59.74067],[10.63445,59.74076],[10.63445,59.74082],[10.63458,59.74085]]]},"properties":{"a":617,"v":1021,"dh":1.65,"pl":0,"c":341}},{"type":"Feature","geometry":{"type":"Polygon","coordinates":[[[10.63585,59.72504],[10.63592,59.72498],[10.63589,59.72473],[10.63566,59.72473],[10.63563,59.72478],[10.63572,59.72483],[10.63567,59.72486],[10.63572,59.72496],[10.63569,59.72502],[10.63585,59.72504]]]},"properties":{"a":435,"v":677,"dh":1.56,"pl":0,"fo":1,"c":342}},{"type":"Feature","geometry":{"type":"MultiPolygon","coordinates":[[[[10.63434,59.74003],[10.6343,59.73997],[10.63437,59.73994],[10.63422,59.73997],[10.63427,59.74006],[10.63434,59.74003]]],[[[10.63438,59.74004],[10.63436,59.7401],[10.63452,59.7403],[10.63461,59.74033],[10.63459,59.74027],[10.6346,59.74027],[10.63468,59.74033],[10.63469,59.74058],[10.635,59.74063],[10.63512,59.74057],[10.63515,59.74051],[10.63513,59.74039],[10.63479,59.74037],[10.63466,59.74026],[10.63467,59.74018],[10.63459,59.74009],[10.63447,59.74001],[10.63438,59.74004]]]]},"properties":{"a":1082,"v":1362,"dh":1.26,"pl":0,"fo":1,"c":341}},{"type":"Feature","geometry":{"type":"MultiPolygon","coordinates":[[[[10.63745,59.74033],[10.63744,59.74032],[10.63744,59.74033],[10.63745,59.74033]]],[[[10.63744,59.74035],[10.63675,59.74053],[10.63672,59.74063],[10.63703,59.74067],[10.63716,59.74056],[10.63721,59.74041],[10.63744,59.74035]]]]},"properties":{"a":533,"v":754,"dh":1.41,"pl":0,"c":343}},{"type":"Feature","geometry":{"type":"Polygon","coordinates":[[[10.63631,59.74103],[10.63644,59.74098],[10.63645,59.74091],[10.63634,59.74088],[10.63631,59.74098],[10.63624,59.74098],[10.63631,59.74103]]]},"properties":{"a":101,"v":125,"dh":1.24,"pl":0,"c":343}},{"type":"Feature","geometry":{"type":"Polygon","coordinates":[[[10.63588,59.74162],[10.63604,59.74156],[10.63607,59.74151],[10.63603,59.74143],[10.63612,59.74141],[10.63613,59.74125],[10.63625,59.74122],[10.63618,59.74117],[10.63627,59.74114],[10.63614,59.74113],[10.63608,59.74107],[10.63614,59.74102],[10.63611,59.74093],[10.63616,59.74084],[10.63625,59.74078],[10.63623,59.74073],[10.63628,59.7407],[10.63637,59.74076],[10.63628,59.74063],[10.63607,59.74072],[10.63605,59.7408],[10.63586,59.74084],[10.63578,59.74101],[10.63565,59.741],[10.6356,59.74105],[10.63564,59.74115],[10.63556,59.74118],[10.63555,59.74142],[10.6355,59.74145],[10.6355,59.74151],[10.63588,59.74162]]]},"properties":{"a":2598,"v":3880,"dh":1.49,"pl":0,"c":343}},{"type":"Feature","geometry":{"type":"Polygon","coordinates":[[[10.63649,59.74134],[10.63679,59.74129],[10.63682,59.74126],[10.63659,59.74119],[10.63652,59.74124],[10.63649,59.74134]]]},"properties":{"a":167,"v":-251,"dh":1.5,"pl":0,"c":343}},{"type":"Feature","geometry":{"type":"Polygon","coordinates":[[[10.63747,59.74208],[10.6375,59.74192],[10.6373,59.74189],[10.63732,59.74203],[10.63747,59.74208]]]},"properties":{"a":170,"v":192,"dh":1.13,"pl":0,"c":344}},{"type":"Feature","geometry":{"type":"Polygon","coordinates":[[[10.63958,59.75035],[10.63957,59.75016],[10.63935,59.75026],[10.6394,59.75032],[10.63933,59.75035],[10.63958,59.75035]]]},"properties":{"a":196,"v":282,"dh":1.44,"pl":0,"fo":1,"c":345}},{"type":"Feature","geometry":{"type":"Polygon","coordinates":[[[10.63997,59.75109],[10.64011,59.75101],[10.64052,59.75102],[10.64057,59.75101],[10.64057,59.75093],[10.64046,59.75082],[10.64044,59.75071],[10.63989,59.75085],[10.63975,59.75093],[10.63981,59.75105],[10.63997,59.75109]]]},"properties":{"a":1200,"v":1450,"dh":1.21,"pl":0,"fo":1,"c":346}},{"type":"Feature","geometry":{"type":"Polygon","coordinates":[[[10.66372,59.69002],[10.66361,59.68992],[10.66334,59.68982],[10.66346,59.68996],[10.66372,59.69002]]]},"properties":{"a":135,"v":-156,"dh":1.15,"pl":1,"pn":"STEENSLETTA","pd":"2003-06-16","fo":1,"c":347}},{"type":"Feature","geometry":{"type":"Polygon","coordinates":[[[10.66337,59.69073],[10.66321,59.69039],[10.66306,59.69024],[10.6632,59.69052],[10.66317,59.69056],[10.66322,59.69059],[10.66317,59.69064],[10.66324,59.69063],[10.66326,59.6907],[10.66337,59.69073]]]},"properties":{"a":205,"v":210,"dh":1.02,"pl":1,"pn":"OTTARSRUDGRENDA","pd":"2009-10-26","fo":1,"c":189}},{"type":"Feature","geometry":{"type":"Polygon","coordinates":[[[10.66043,59.69095],[10.66089,59.69087],[10.66125,59.6907],[10.66148,59.69056],[10.66145,59.69045],[10.66152,59.69036],[10.66143,59.69035],[10.66138,59.69042],[10.66093,59.69068],[10.66025,59.69084],[10.66025,59.69093],[10.66043,59.69095]]]},"properties":{"a":1302,"v":-2526,"dh":1.94,"pl":1,"pn":"OTTARSRUDGRENDA","pd":"2009-10-26","fo":1,"c":189}},{"type":"Feature","geometry":{"type":"Polygon","coordinates":[[[10.65936,59.69086],[10.65939,59.6908],[10.65934,59.69077],[10.65918,59.6908],[10.65922,59.69086],[10.65936,59.69086]]]},"properties":{"a":103,"v":89,"dh":0.86,"pl":1,"pn":"Måna Øst - Endring av reguleringsplan","pd":"2017-06-19","sh":1,"c":348}},{"type":"Feature","geometry":{"type":"Polygon","coordinates":[[[10.65947,59.69102],[10.65952,59.69094],[10.65947,59.69095],[10.65931,59.69129],[10.65938,59.69132],[10.65931,59.69134],[10.65931,59.69155],[10.6594,59.69157],[10.6594,59.69162],[10.6593,59.69181],[10.65951,59.69172],[10.65959,59.69164],[10.65964,59.69148],[10.65982,59.69145],[10.65988,59.69137],[10.65989,59.69122],[10.65977,59.69116],[10.65976,59.69103],[10.65963,59.69099],[10.65947,59.69102]],[[10.6595,59.6911],[10.65946,59.69113],[10.65943,59.69113],[10.65948,59.69103],[10.6595,59.6911]]]},"properties":{"a":1756,"v":-2044,"dh":1.16,"pl":1,"pn":"RV 23 - OSLOFJORDFORBINDELSEN-BYGGETRINN 2","pd":"2015-02-09","c":174}},{"type":"Feature","geometry":{"type":"Polygon","coordinates":[[[10.66394,59.69187],[10.66406,59.69182],[10.66402,59.69171],[10.66392,59.69171],[10.66387,59.6918],[10.66394,59.69187]]]},"properties":{"a":134,"v":120,"dh":0.9,"pl":0,"sh":1,"c":349}},{"type":"Feature","geometry":{"type":"Polygon","coordinates":[[[10.66262,59.69395],[10.66295,59.69382],[10.66251,59.69386],[10.66224,59.6938],[10.66243,59.69392],[10.66262,59.69395]]]},"properties":{"a":290,"v":346,"dh":1.19,"pl":0,"fo":1,"c":350}},{"type":"Feature","geometry":{"type":"Polygon","coordinates":[[[10.65949,59.69558],[10.65971,59.6955],[10.65968,59.69549],[10.65969,59.69545],[10.65943,59.69551],[10.65943,59.69555],[10.65954,59.69554],[10.65949,59.69558]]]},"properties":{"a":133,"v":138,"dh":1.03,"pl":1,"pn":"RV 23 - OSLOFJORDFORBINDELSEN-BYGGETRINN 2","pd":"2015-02-09","fo":1,"c":174}},{"type":"Feature","geometry":{"type":"Polygon","coordinates":[[[10.6602,59.69678],[10.66024,59.69674],[10.66021,59.69663],[10.66004,59.6964],[10.66008,59.69637],[10.65999,59.69631],[10.65992,59.69633],[10.66003,59.69658],[10.66012,59.69661],[10.66009,59.69667],[10.66015,59.69669],[10.66013,59.69675],[10.6602,59.69678]]]},"properties":{"a":308,"v":269,"dh":0.87,"pl":1,"pn":"MÅNA SØR, NORD","pd":"2011-11-14","sh":1,"c":351}},{"type":"Feature","geometry":{"type":"Polygon","coordinates":[[[10.66027,59.69731],[10.6602,59.697],[10.65994,59.69656],[10.65994,59.69643],[10.65984,59.69631],[10.65963,59.69625],[10.65962,59.69617],[10.65952,59.69619],[10.65948,59.69625],[10.65959,59.69626],[10.65958,59.69639],[10.65942,59.69648],[10.6593,59.69648],[10.65932,59.69658],[10.65959,59.69688],[10.65966,59.6969],[10.65976,59.69714],[10.6599,59.69719],[10.66019,59.69715],[10.66019,59.6973],[10.66027,59.69731]],[[10.65965,59.6963],[10.65968,59.69631],[10.65968,59.69634],[10.65967,59.69634],[10.65965,59.6963]]]},"properties":{"a":2906,"v":-11728,"dh":4.04,"pl":1,"pn":"MÅNA SØR, NORD","pd":"2011-11-14","c":351}},{"type":"Feature","geometry":{"type":"Polygon","coordinates":[[[10.65592,59.6945],[10.65599,59.69449],[10.65589,59.69442],[10.65589,59.69436],[10.65601,59.69431],[10.65601,59.69426],[10.65571,59.69428],[10.65572,59.6944],[10.65592,59.6945]]]},"properties":{"a":303,"v":-432,"dh":1.42,"pl":1,"pn":"RV 23 - OSLOFJORDFORBINDELSEN-BYGGETRINN 2","pd":"2015-02-09","fo":1,"c":174}},{"type":"Feature","geometry":{"type":"Polygon","coordinates":[[[10.65669,59.69476],[10.6568,59.69471],[10.65683,59.6946],[10.65674,59.69462],[10.65669,59.69472],[10.65642,59.69472],[10.65646,59.69476],[10.65669,59.69476]]]},"properties":{"a":146,"v":181,"dh":1.24,"pl":1,"pn":"RV 23 - OSLOFJORDFORBINDELSEN-BYGGETRINN 2","pd":"2015-02-09","c":174}},{"type":"Feature","geometry":{"type":"Polygon","coordinates":[[[10.6577,59.69541],[10.65793,59.69538],[10.65795,59.69533],[10.65786,59.69528],[10.6577,59.69541]]]},"properties":{"a":105,"v":-125,"dh":1.19,"pl":1,"pn":"RV 23 - OSLOFJORDFORBINDELSEN-BYGGETRINN 2","pd":"2015-02-09","fo":1,"c":174}},{"type":"Feature","geometry":{"type":"Polygon","coordinates":[[[10.65593,59.6956],[10.65617,59.69565],[10.65609,59.69554],[10.6559,59.69553],[10.65593,59.6956]]]},"properties":{"a":150,"v":-194,"dh":1.29,"pl":1,"pn":"MÅNA SØR, NORD","pd":"2011-11-14","fo":1,"c":351}},{"type":"Feature","geometry":{"type":"Polygon","coordinates":[[[10.65941,59.69646],[10.65942,59.69639],[10.65931,59.69633],[10.65929,59.69621],[10.65944,59.69613],[10.65942,59.69609],[10.65971,59.69609],[10.6595,59.69588],[10.65947,59.6956],[10.65943,59.69558],[10.65936,59.69561],[10.65946,59.69565],[10.6593,59.69573],[10.65914,59.69565],[10.65903,59.6957],[10.65912,59.69572],[10.65907,59.69581],[10.65915,59.69587],[10.65902,59.69593],[10.65901,59.69601],[10.65892,59.69603],[10.65893,59.69612],[10.65904,59.69622],[10.65895,59.69627],[10.65912,59.69639],[10.65917,59.69639],[10.6592,59.69633],[10.6593,59.69644],[10.65941,59.69646]],[[10.65928,59.69609],[10.65917,59.69604],[10.65928,59.696],[10.65928,59.69609]],[[10.65938,59.69598],[10.65927,59.69594],[10.65929,59.69585],[10.65938,59.69589],[10.65938,59.69598]]]},"properties":{"a":1826,"v":2592,"dh":1.42,"pl":1,"pn":"RV 23 - OSLOFJORDFORBINDELSEN-BYGGETRINN 2","pd":"2015-02-09","fo":1,"c":174}},{"type":"Feature","geometry":{"type":"Polygon","coordinates":[[[10.65853,59.69624],[10.65866,59.69618],[10.65862,59.69608],[10.65855,59.69599],[10.65848,59.69598],[10.65853,59.69624]]]},"properties":{"a":184,"v":278,"dh":1.51,"pl":1,"pn":"MÅNA SØR, NORD","pd":"2011-11-14","fo":1,"c":351}},{"type":"Feature","geometry":{"type":"MultiPolygon","coordinates":[[[[10.65734,59.69824],[10.65741,59.69814],[10.6578,59.69821],[10.65781,59.69828],[10.65793,59.69833],[10.65794,59.69849],[10.65803,59.69846],[10.65819,59.69849],[10.65826,59.69842],[10.65833,59.69842],[10.65823,59.69848],[10.65828,59.69854],[10.65816,59.69858],[10.65816,59.69865],[10.65825,59.69868],[10.65839,59.69864],[10.65833,59.69871],[10.6584,59.69876],[10.65872,59.69877],[10.65878,59.69885],[10.65871,59.69886],[10.65873,59.69891],[10.65866,59.69895],[10.65885,59.69893],[10.65886,59.699],[10.65877,59.69903],[10.65886,59.69909],[10.65895,59.69905],[10.65891,59.699],[10.65919,59.69897],[10.65912,59.69892],[10.6591,59.69884],[10.65903,59.69884],[10.65879,59.6987],[10.65886,59.69866],[10.65878,59.69855],[10.65883,59.69848],[10.65856,59.69844],[10.65869,59.69842],[10.65865,59.69838],[10.65842,59.6984],[10.65842,59.69836],[10.65821,59.69822],[10.65839,59.69822],[10.65839,59.69818],[10.65804,59.69788],[10.65805,59.69784],[10.65838,59.6979],[10.6584,59.698],[10.65851,59.69805],[10.65852,59.698],[10.65861,59.69799],[10.65848,59.6979],[10.65836,59.69759],[10.65829,59.69757],[10.65826,59.69764],[10.65813,59.6976],[10.6581,59.69767],[10.65803,59.69767],[10.65783,59.69755],[10.65784,59.6975],[10.65802,59.69748],[10.65802,59.69744],[10.65798,59.69737],[10.65789,59.69738],[10.65783,59.69734],[10.65787,59.69729],[10.65792,59.69731],[10.65796,59.6973],[10.65786,59.69712],[10.65789,59.69704],[10.65783,59.69698],[10.65785,59.69688],[10.65772,59.69678],[10.65777,59.69675],[10.65778,59.69663],[10.65759,59.6964],[10.65755,59.69601],[10.6575,59.69596],[10.65757,59.69592],[10.65753,59.6958],[10.65775,59.69563],[10.65766,59.69556],[10.65792,59.69543],[10.6576,59.69547],[10.65782,59.69524],[10.65711,59.69538],[10.65665,59.69543],[10.6564,59.69539],[10.65635,59.69545],[10.65602,59.69546],[10.65618,59.69554],[10.6562,59.69561],[10.6564,59.6957],[10.65653,59.69583],[10.65656,59.69603],[10.65651,59.69603],[10.65641,59.69581],[10.65603,59.6957],[10.65584,59.69557],[10.65582,59.69552],[10.65595,59.69548],[10.65578,59.6953],[10.65582,59.69499],[10.65576,59.69497],[10.65575,59.69507],[10.65571,59.69505],[10.65563,59.6948],[10.65569,59.69455],[10.65576,59.69461],[10.65581,59.69454],[10.65574,59.69446],[10.65569,59.69452],[10.65566,59.69429],[10.65572,59.69421],[10.65558,59.69414],[10.65557,59.69405],[10.6555,59.69397],[10.65536,59.69395],[10.65532,59.69403],[10.65537,59.69426],[10.65529,59.69444],[10.65533,59.69526],[10.65526,59.69535],[10.65527,59.69548],[10.65515,59.69552],[10.65508,59.69562],[10.65508,59.69566],[10.65519,59.69568],[10.6552,59.69577],[10.65505,59.69603],[10.65504,59.69614],[10.65498,59.69615],[10.65501,59.69623],[10.65492,59.69625],[10.65501,59.69627],[10.655,59.69678],[10.65519,59.69745],[10.65525,59.69753],[10.65583,59.69778],[10.65567,59.6978],[10.65596,59.69788],[10.656,59.698],[10.65608,59.69792],[10.65624,59.69791],[10.65622,59.69785],[10.65662,59.69793],[10.65652,59.69806],[10.65652,59.69816],[10.65647,59.69818],[10.65655,59.69841],[10.65661,59.69841],[10.65674,59.69827],[10.6567,59.69823],[10.65677,59.69816],[10.65678,59.69827],[10.6569,59.69827],[10.6569,59.69833],[10.65697,59.69831],[10.65687,59.69841],[10.65691,59.69849],[10.65738,59.69833],[10.6574,59.69829],[10.65734,59.69824]],[[10.65821,59.69817],[10.65818,59.69819],[10.65816,59.69816],[10.65821,59.69817]],[[10.65525,59.6955],[10.65528,59.69558],[10.65523,59.69565],[10.65514,59.69564],[10.65517,59.69555],[10.65525,59.6955]],[[10.65859,59.69869],[10.65852,59.69865],[10.65845,59.6986],[10.65854,59.69861],[10.65859,59.69869]],[[10.65722,59.69824],[10.65726,59.69825],[10.65722,59.69825],[10.65722,59.69824]],[[10.65708,59.69821],[10.65709,59.69818],[10.65714,59.69816],[10.65708,59.69821]],[[10.65681,59.69794],[10.6569,59.69792],[10.6569,59.69794],[10.65681,59.69794]],[[10.65634,59.69775],[10.6564,59.69776],[10.65634,59.69776],[10.65634,59.69775]],[[10.65684,59.69775],[10.65684,59.69771],[10.65693,59.6977],[10.65693,59.69776],[10.65684,59.69775]],[[10.65772,59.69758],[10.65757,59.69748],[10.65759,59.69742],[10.65774,59.69755],[10.65772,59.69758]],[[10.65543,59.69399],[10.65541,59.69398],[10.65543,59.69398],[10.65543,59.69399]],[[10.65543,59.69398],[10.65545,59.69398],[10.65545,59.69398],[10.65543,59.69398]]],[[[10.65738,59.69825],[10.65743,59.69823],[10.65738,59.69823],[10.65738,59.69825]]]]},"properties":{"a":50714,"v":177571,"dh":3.5,"pl":1,"pn":"MÅNA SØR, NORD","pd":"2011-11-14","c":351}},{"type":"Feature","geometry":{"type":"MultiPolygon","coordinates":[[[[10.65808,59.69692],[10.65824,59.69704],[10.65827,59.69713],[10.65822,59.69719],[10.65827,59.69722],[10.65838,59.69753],[10.65858,59.69763],[10.65873,59.69789],[10.65884,59.69795],[10.659,59.69793],[10.659,59.69786],[10.65905,59.69784],[10.65901,59.69776],[10.65905,59.69757],[10.65903,59.69742],[10.65879,59.69702],[10.65855,59.69671],[10.65851,59.6964],[10.65848,59.69638],[10.65867,59.69633],[10.65869,59.69626],[10.65849,59.6963],[10.65844,59.69596],[10.65856,59.69593],[10.65858,59.69602],[10.65875,59.69605],[10.65878,59.69605],[10.65876,59.69596],[10.65899,59.69598],[10.65911,59.69585],[10.65904,59.69579],[10.65901,59.69569],[10.65917,59.69561],[10.65915,59.69554],[10.6588,59.69538],[10.65864,59.69536],[10.6584,59.69544],[10.65837,59.69555],[10.65813,59.69552],[10.65794,59.69557],[10.65761,59.69578],[10.6576,59.69593],[10.65753,59.69596],[10.65759,59.69601],[10.65756,59.69616],[10.65761,59.69634],[10.6577,59.69638],[10.6577,59.6965],[10.65776,59.69651],[10.65785,59.69669],[10.65779,59.69681],[10.65786,59.69686],[10.65797,59.69681],[10.65807,59.69682],[10.65801,59.69688],[10.65808,59.69688],[10.65808,59.69692]]],[[[10.65799,59.69688],[10.65803,59.69696],[10.65801,59.69688],[10.65799,59.69688]]]]},"properties":{"a":12567,"v":-43115,"dh":3.43,"pl":1,"pn":"MÅNA SØR, NORD","pd":"2011-11-14","c":351}},{"type":"Feature","geometry":{"type":"Polygon","coordinates":[[[10.65917,59.69675],[10.65917,59.69668],[10.65929,59.69661],[10.65923,59.69655],[10.65906,59.6966],[10.65913,59.69663],[10.65902,59.69664],[10.65913,59.6967],[10.65912,59.69675],[10.65917,59.69675]]]},"properties":{"a":146,"v":127,"dh":0.87,"pl":1,"pn":"MÅNA SØR, NORD","pd":"2011-11-14","sh":1,"c":351}},{"type":"Feature","geometry":{"type":"MultiPolygon","coordinates":[[[[10.65889,59.69676],[10.65896,59.69674],[10.65897,59.6967],[10.65883,59.69671],[10.65889,59.69676]]],[[[10.65874,59.69654],[10.6588,59.6965],[10.65909,59.69652],[10.65909,59.69645],[10.659,59.69642],[10.65905,59.69638],[10.65876,59.69641],[10.65876,59.69635],[10.65881,59.69631],[10.65858,59.69637],[10.65864,59.69645],[10.65877,59.69644],[10.65868,59.69647],[10.65864,59.69683],[10.65881,59.69701],[10.65892,59.69707],[10.65908,59.69738],[10.65924,59.69735],[10.65925,59.69727],[10.65918,59.69723],[10.65923,59.69718],[10.65912,59.69715],[10.65912,59.6971],[10.65919,59.69709],[10.65917,59.69702],[10.65898,59.6968],[10.65878,59.69674],[10.65879,59.69665],[10.6587,59.69664],[10.65874,59.69654]],[[10.65872,59.69655],[10.6587,59.69654],[10.65872,59.69654],[10.65872,59.69655]]]]},"properties":{"a":1538,"v":2180,"dh":1.42,"pl":1,"pn":"MÅNA SØR, NORD","pd":"2011-11-14","fo":1,"c":351}},{"type":"Feature","geometry":{"type":"Polygon","coordinates":[[[10.65964,59.69726],[10.65952,59.69703],[10.65942,59.69703],[10.65944,59.69717],[10.65964,59.69726]]]},"properties":{"a":159,"v":163,"dh":1.02,"pl":1,"pn":"MÅNA SØR, NORD","pd":"2011-11-14","fo":1,"c":351}},{"type":"Feature","geometry":{"type":"Polygon","coordinates":[[[10.65925,59.69765],[10.6595,59.69772],[10.65947,59.69766],[10.6596,59.69756],[10.65969,59.69759],[10.6597,59.69766],[10.65991,59.69762],[10.65987,59.69752],[10.65994,59.6975],[10.65992,59.69741],[10.65961,59.69733],[10.65949,59.69737],[10.65959,59.69725],[10.65943,59.6972],[10.65938,59.69708],[10.65933,59.69706],[10.6593,59.69689],[10.65939,59.69684],[10.65898,59.69674],[10.65894,59.69679],[10.65905,59.69685],[10.65922,59.69706],[10.65919,59.69714],[10.65939,59.69719],[10.65936,59.69725],[10.65943,59.69736],[10.65938,59.69737],[10.65938,59.69744],[10.6593,59.69747],[10.65933,59.69752],[10.65926,59.69754],[10.65925,59.69765]]]},"properties":{"a":1756,"v":-2724,"dh":1.55,"pl":1,"pn":"MÅNA SØR, NORD","pd":"2011-11-14","fo":1,"c":351}},{"type":"Feature","geometry":{"type":"MultiPolygon","coordinates":[[[[10.65992,59.69789],[10.65942,59.69783],[10.65934,59.69772],[10.65924,59.6977],[10.6592,59.69761],[10.65914,59.69763],[10.65913,59.69777],[10.65936,59.69796],[10.65945,59.69797],[10.6594,59.6981],[10.65925,59.69806],[10.65931,59.69809],[10.65924,59.69811],[10.65933,59.69819],[10.6593,59.69824],[10.65934,59.69826],[10.65941,59.69828],[10.65948,59.69821],[10.65956,59.69821],[10.65958,59.69815],[10.65949,59.69806],[10.65961,59.69805],[10.65954,59.69802],[10.65961,59.69796],[10.65973,59.69799],[10.65972,59.69808],[10.65977,59.69811],[10.65995,59.69807],[10.65992,59.69789]],[[10.65962,59.69793],[10.65957,59.69794],[10.65958,59.69787],[10.65962,59.69787],[10.65962,59.69793]]],[[[10.65995,59.69808],[10.65997,59.69807],[10.65995,59.69807],[10.65995,59.69808]]]]},"properties":{"a":1148,"v":1267,"dh":1.1,"pl":1,"pn":"MÅNA SØR, NORD","pd":"2011-11-14","fo":1,"c":351}},{"type":"Feature","geometry":{"type":"Polygon","coordinates":[[[10.65857,59.69819],[10.65846,59.69813],[10.65849,59.6981],[10.65845,59.69803],[10.6582,59.69796],[10.65826,59.69798],[10.65826,59.69804],[10.65839,59.69809],[10.65848,59.69819],[10.65857,59.69819]]]},"properties":{"a":155,"v":-183,"dh":1.18,"pl":1,"pn":"HOLT PARK OG FV78","pd":"2010-12-13","fo":1,"c":260}},{"type":"Feature","geometry":{"type":"Polygon","coordinates":[[[10.65868,59.69836],[10.65866,59.69821],[10.6585,59.69829],[10.65854,59.69836],[10.65868,59.69836]]]},"properties":{"a":119,"v":91,"dh":0.76,"pl":1,"pn":"HOLT PARK OG FV78","pd":"2010-12-13","sh":1,"c":260}},{"type":"Feature","geometry":{"type":"Polygon","coordinates":[[[10.65647,59.69861],[10.65654,59.69856],[10.65655,59.69843],[10.6565,59.69849],[10.65631,59.69853],[10.65633,59.6986],[10.65647,59.69861]]]},"properties":{"a":166,"v":320,"dh":1.93,"pl":0,"c":352}},{"type":"Feature","geometry":{"type":"Polygon","coordinates":[[[10.65867,59.69908],[10.65859,59.69899],[10.65846,59.69896],[10.65839,59.69885],[10.65823,59.69881],[10.65836,59.69901],[10.65867,59.69908]]]},"properties":{"a":250,"v":358,"dh":1.43,"pl":0,"c":352}},{"type":"Feature","geometry":{"type":"Polygon","coordinates":[[[10.65647,59.69921],[10.65655,59.69913],[10.65644,59.69906],[10.65638,59.69913],[10.65636,59.69922],[10.65647,59.69921]]]},"properties":{"a":112,"v":101,"dh":0.9,"pl":0,"sh":1,"c":352}},{"type":"Feature","geometry":{"type":"Polygon","coordinates":[[[10.65975,59.69946],[10.65973,59.69933],[10.65976,59.6993],[10.65969,59.69932],[10.65945,59.6992],[10.65938,59.69922],[10.65975,59.69946]]]},"properties":{"a":225,"v":325,"dh":1.44,"pl":0,"c":352}},{"type":"Feature","geometry":{"type":"MultiPolygon","coordinates":[[[[10.65675,59.69886],[10.6578,59.69882],[10.65778,59.69852],[10.65766,59.69843],[10.65744,59.69848],[10.65728,59.69842],[10.65716,59.69844],[10.65718,59.69849],[10.65704,59.69853],[10.65683,59.69869],[10.65685,59.69873],[10.65677,59.69875],[10.65681,59.69883],[10.65675,59.69886]]],[[[10.65677,59.70002],[10.65685,59.70009],[10.65639,59.70012],[10.65632,59.70018],[10.65657,59.70021],[10.65683,59.70044],[10.65766,59.7003],[10.65765,59.7001],[10.65777,59.70005],[10.65773,59.69994],[10.65757,59.69993],[10.65767,59.69987],[10.65767,59.69977],[10.65784,59.69966],[10.65789,59.69954],[10.65794,59.69953],[10.65796,59.69962],[10.658,59.6996],[10.65795,59.69933],[10.65798,59.69922],[10.65794,59.69919],[10.65793,59.69859],[10.65789,59.69849],[10.65786,59.69858],[10.6579,59.69865],[10.6579,59.69896],[10.65784,59.69896],[10.65784,59.69886],[10.65672,59.69886],[10.65674,59.69902],[10.65684,59.69915],[10.65679,59.69928],[10.65665,59.69931],[10.6567,59.69924],[10.65654,59.69923],[10.65662,59.69932],[10.65657,59.69948],[10.65644,59.69944],[10.65644,59.69939],[10.65632,59.69937],[10.65631,59.69932],[10.65626,59.69934],[10.65626,59.6994],[10.65637,59.69941],[10.65636,59.6995],[10.6563,59.69942],[10.65623,59.69948],[10.65631,59.70001],[10.6564,59.70004],[10.65677,59.70002]],[[10.65679,59.70001],[10.65683,59.7],[10.65683,59.70001],[10.65679,59.70001]],[[10.65761,59.70001],[10.65768,59.69999],[10.65768,59.70003],[10.65765,59.70003],[10.65761,59.70001]],[[10.6577,59.69996],[10.65771,59.69997],[10.6577,59.69997],[10.6577,59.69996]],[[10.65766,59.69955],[10.65762,59.6995],[10.65769,59.69947],[10.65773,59.69951],[10.65769,59.69953],[10.65775,59.69956],[10.65766,59.69955]],[[10.65792,59.69948],[10.65796,59.69949],[10.65792,59.69951],[10.65792,59.69948]],[[10.65765,59.69945],[10.65769,59.69943],[10.65769,59.69945],[10.65765,59.69945]],[[10.65789,59.69931],[10.65793,59.69933],[10.6579,59.69933],[10.65789,59.69931]],[[10.65789,59.69923],[10.65791,59.69927],[10.65789,59.69927],[10.65789,59.69923]],[[10.65789,59.69921],[10.65791,59.69922],[10.65789,59.69922],[10.65789,59.69921]],[[10.65787,59.69911],[10.6579,59.69909],[10.65791,59.69917],[10.65789,59.69917],[10.65787,59.69911]],[[10.65788,59.69899],[10.65792,59.69902],[10.6579,59.69905],[10.65786,59.69906],[10.65788,59.69899]]]]},"properties":{"a":14367,"v":26465,"dh":1.84,"pl":0,"c":352}},{"type":"Feature","geometry":{"type":"MultiPolygon","coordinates":[[[[10.66031,59.69706],[10.66033,59.69687],[10.6603,59.69683],[10.66017,59.69685],[10.66024,59.69707],[10.66031,59.69706]]],[[[10.66027,59.69708],[10.66032,59.69724],[10.66039,59.69724],[10.66033,59.69709],[10.66027,59.69708]]]]},"properties":{"a":228,"v":231,"dh":1.01,"pl":1,"pn":"MÅNA SØR, NORD","pd":"2011-11-14","fo":1,"c":351}},{"type":"Feature","geometry":{"type":"Polygon","coordinates":[[[10.66119,59.69736],[10.66124,59.69723],[10.66131,59.69719],[10.66129,59.69712],[10.66146,59.69698],[10.66147,59.69688],[10.66138,59.69689],[10.66127,59.69705],[10.66116,59.69711],[10.66117,59.69728],[10.66112,59.69734],[10.66119,59.69736]]]},"properties":{"a":327,"v":-341,"dh":1.04,"pl":1,"pn":"MÅNA SØR, NORD","pd":"2011-11-14","fo":1,"c":351}},{"type":"Feature","geometry":{"type":"Polygon","coordinates":[[[10.66144,59.69733],[10.66148,59.69715],[10.66139,59.69714],[10.66137,59.69732],[10.66144,59.69733]]]},"properties":{"a":118,"v":179,"dh":1.52,"pl":1,"pn":"MÅNA SØR, NORD","pd":"2011-11-14","fo":1,"c":353}},{"type":"Feature","geometry":{"type":"MultiPolygon","coordinates":[[[[10.65972,59.69776],[10.65992,59.69779],[10.66002,59.69778],[10.65991,59.69772],[10.65979,59.69776],[10.65968,59.6977],[10.65972,59.69776]]],[[[10.65979,59.69779],[10.6597,59.69779],[10.65974,59.69783],[10.65979,59.69784],[10.65979,59.69779]]]]},"properties":{"a":110,"v":-97,"dh":0.88,"pl":1,"pn":"MÅNA SØR, NORD","pd":"2011-11-14","sh":1,"c":351}},{"type":"Feature","geometry":{"type":"MultiPolygon","coordinates":[[[[10.66037,59.69866],[10.66031,59.69861],[10.66031,59.69866],[10.66037,59.69866]]],[[[10.66031,59.69866],[10.66016,59.69868],[10.65982,59.6988],[10.65999,59.69884],[10.66014,59.6988],[10.66007,59.69877],[10.66034,59.69872],[10.66031,59.69866]],[[10.66023,59.6987],[10.66019,59.69871],[10.66019,59.6987],[10.66023,59.6987]]]]},"properties":{"a":188,"v":-147,"dh":0.78,"pl":1,"pn":"MÅNA SØR, NORD","pd":"2011-11-14","sh":1,"c":351}},{"type":"Feature","geometry":{"type":"Polygon","coordinates":[[[10.6601,59.69975],[10.6601,59.69969],[10.65991,59.69953],[10.65986,59.69955],[10.65998,59.6997],[10.6601,59.69975]]]},"properties":{"a":113,"v":159,"dh":1.41,"pl":0,"c":352}},{"type":"Feature","geometry":{"type":"Polygon","coordinates":[[[10.66381,59.69971],[10.66402,59.69962],[10.66404,59.69957],[10.66397,59.69955],[10.66385,59.69962],[10.66381,59.69971]]]},"properties":{"a":119,"v":198,"dh":1.67,"pl":1,"pn":"MÅNA SØR, NORD","pd":"2011-11-14","fo":1,"c":354}},{"type":"Feature","geometry":{"type":"MultiPolygon","coordinates":[[[[10.6588,59.69827],[10.65882,59.6983],[10.65884,59.6983],[10.65884,59.69827],[10.6588,59.69827]]],[[[10.66059,59.69996],[10.661,59.70023],[10.66122,59.70048],[10.66148,59.70066],[10.66147,59.70073],[10.66138,59.70074],[10.66149,59.70083],[10.66142,59.70088],[10.66144,59.70093],[10.66164,59.70108],[10.66175,59.70107],[10.66167,59.70094],[10.66183,59.7009],[10.66157,59.7007],[10.66159,59.70066],[10.66134,59.70044],[10.66132,59.70036],[10.66123,59.70033],[10.66103,59.70008],[10.66093,59.70004],[10.66085,59.69987],[10.66078,59.69987],[10.6606,59.69969],[10.66046,59.69953],[10.66053,59.6995],[10.66048,59.6994],[10.66029,59.69924],[10.66015,59.69925],[10.66015,59.6992],[10.66006,59.69917],[10.66005,59.69911],[10.65983,59.69897],[10.65985,59.6989],[10.65966,59.69874],[10.65957,59.69873],[10.65938,59.69852],[10.65884,59.6983],[10.6589,59.69841],[10.65915,59.69855],[10.65923,59.69872],[10.65931,59.69875],[10.65925,59.69879],[10.65944,59.69894],[10.65946,59.69903],[10.65957,59.69902],[10.66047,59.69991],[10.6606,59.70002],[10.66059,59.69996]],[[10.66059,59.69996],[10.66057,59.69995],[10.66059,59.69995],[10.66059,59.69996]],[[10.6595,59.69901],[10.65948,59.69903],[10.65948,59.69901],[10.6595,59.69901]]],[[[10.66063,59.70003],[10.66061,59.70002],[10.66061,59.70004],[10.66063,59.70003]]]]},"properties":{"a":5174,"v":-13242,"dh":2.56,"pl":1,"pn":"HOLT PARK OG FV78","pd":"2010-12-13","c":260}},{"type":"Feature","geometry":{"type":"Polygon","coordinates":[[[10.65972,59.69995],[10.65977,59.69988],[10.65993,59.69994],[10.66006,59.69991],[10.66007,59.69983],[10.65994,59.69979],[10.65998,59.69977],[10.65994,59.69972],[10.65987,59.69972],[10.65989,59.69977],[10.65977,59.69976],[10.65976,59.69972],[10.65946,59.69975],[10.65952,59.69987],[10.65972,59.69995]]]},"properties":{"a":548,"v":626,"dh":1.14,"pl":0,"c":352}},{"type":"Feature","geometry":{"type":"Polygon","coordinates":[[[10.66034,59.70131],[10.6612,59.70117],[10.66158,59.70118],[10.66159,59.70114],[10.66152,59.70111],[10.66154,59.70105],[10.66133,59.70084],[10.66117,59.7008],[10.66116,59.70074],[10.66109,59.70073],[10.66111,59.70069],[10.66098,59.7007],[10.66076,59.70054],[10.66076,59.70048],[10.66086,59.70044],[10.66086,59.70039],[10.66072,59.70032],[10.66054,59.70033],[10.6604,59.70045],[10.66035,59.70038],[10.66028,59.70038],[10.66029,59.70033],[10.66008,59.70032],[10.66,59.70046],[10.66,59.7006],[10.66018,59.70059],[10.6602,59.70062],[10.65997,59.70071],[10.66003,59.70074],[10.65999,59.70077],[10.66002,59.70088],[10.66005,59.70088],[10.66005,59.70079],[10.66015,59.70076],[10.66021,59.70085],[10.6601,59.70088],[10.66016,59.7009],[10.66057,59.70087],[10.66055,59.70082],[10.66058,59.70082],[10.66078,59.7009],[10.66078,59.70086],[10.66063,59.70079],[10.66068,59.70073],[10.66089,59.70088],[10.66078,59.70092],[10.66084,59.70096],[10.66077,59.70099],[10.66079,59.70108],[10.66088,59.70114],[10.66023,59.70123],[10.65978,59.70113],[10.6596,59.70113],[10.66034,59.70131]],[[10.66132,59.70098],[10.66134,59.70099],[10.66132,59.70099],[10.66132,59.70098]],[[10.66132,59.70098],[10.6613,59.70095],[10.66132,59.70095],[10.66132,59.70098]],[[10.66126,59.70093],[10.6613,59.70091],[10.6613,59.70092],[10.66126,59.70093]],[[10.66037,59.70087],[10.6603,59.70085],[10.66042,59.7008],[10.66051,59.70083],[10.66037,59.70087]]]},"properties":{"a":4632,"v":6105,"dh":1.32,"pl":0,"c":352}},{"type":"Feature","geometry":{"type":"Polygon","coordinates":[[[10.65981,59.69965],[10.65979,59.69959],[10.65944,59.69939],[10.65941,59.6993],[10.6593,59.69931],[10.65943,59.69945],[10.65981,59.69965]]]},"properties":{"a":197,"v":214,"dh":1.08,"pl":0,"c":352}},{"type":"Feature","geometry":{"type":"Polygon","coordinates":[[[10.65926,59.69987],[10.65917,59.69956],[10.65904,59.69948],[10.65918,59.69985],[10.65926,59.69987]]]},"properties":{"a":166,"v":205,"dh":1.24,"pl":0,"c":352}},{"type":"Feature","geometry":{"type":"MultiPolygon","coordinates":[[[[10.6567,59.70039],[10.65654,59.70024],[10.65634,59.70021],[10.6564,59.70033],[10.65656,59.70044],[10.65667,59.70044],[10.6567,59.70039]]],[[[10.65667,59.70044],[10.65669,59.70044],[10.65667,59.70044],[10.65667,59.70044]]]]},"properties":{"a":251,"v":208,"dh":0.83,"pl":0,"sh":1,"c":352}},{"type":"Feature","geometry":{"type":"Polygon","coordinates":[[[10.65968,59.70062],[10.65974,59.70042],[10.65988,59.70031],[10.65988,59.70024],[10.65977,59.70014],[10.65973,59.70015],[10.65981,59.70031],[10.65967,59.70039],[10.65964,59.70054],[10.65959,59.70057],[10.65961,59.70062],[10.65968,59.70062]]]},"properties":{"a":259,"v":363,"dh":1.4,"pl":0,"c":352}},{"type":"Feature","geometry":{"type":"Polygon","coordinates":[[[10.65719,59.70078],[10.65713,59.70065],[10.65731,59.70071],[10.65732,59.70062],[10.65739,59.70061],[10.65739,59.70055],[10.65759,59.70064],[10.65778,59.70057],[10.65781,59.70052],[10.65768,59.70038],[10.65724,59.70042],[10.65696,59.70051],[10.65695,59.70067],[10.65719,59.70078]]]},"properties":{"a":1152,"v":1401,"dh":1.22,"pl":0,"c":352}},{"type":"Feature","geometry":{"type":"MultiPolygon","coordinates":[[[[10.65989,59.70094],[10.65973,59.70085],[10.65987,59.70083],[10.65976,59.70075],[10.65981,59.70068],[10.65949,59.70068],[10.65947,59.70063],[10.65924,59.70058],[10.65919,59.70065],[10.65922,59.70097],[10.65931,59.70105],[10.65965,59.70106],[10.65974,59.70111],[10.65981,59.70103],[10.65992,59.70104],[10.65989,59.70094]]],[[[10.65992,59.70105],[10.65994,59.70104],[10.65992,59.70104],[10.65992,59.70105]]]]},"properties":{"a":1629,"v":3815,"dh":2.34,"pl":0,"c":352}},{"type":"Feature","geometry":{"type":"Polygon","coordinates":[[[10.65965,59.7014],[10.65987,59.70126],[10.65962,59.70123],[10.6594,59.70131],[10.65954,59.7014],[10.65965,59.7014]]]},"properties":{"a":324,"v":475,"dh":1.47,"pl":0,"c":352}},{"type":"Feature","geometry":{"type":"Polygon","coordinates":[[[10.65943,59.70167],[10.6595,59.70164],[10.6596,59.70152],[10.65944,59.70146],[10.65939,59.70151],[10.65939,59.7016],[10.65947,59.70163],[10.65936,59.70163],[10.65943,59.70167]]]},"properties":{"a":163,"v":181,"dh":1.11,"pl":0,"c":352}},{"type":"Feature","geometry":{"type":"Polygon","coordinates":[[[10.65961,59.70173],[10.65996,59.70155],[10.65996,59.70153],[10.65982,59.70154],[10.65959,59.70168],[10.65961,59.70173]]]},"properties":{"a":156,"v":-242,"dh":1.55,"pl":0,"c":352}},{"type":"Feature","geometry":{"type":"MultiPolygon","coordinates":[[[[10.65903,59.70184],[10.659,59.70182],[10.659,59.70184],[10.65903,59.70184]]],[[[10.65903,59.70184],[10.65905,59.70185],[10.65905,59.70184],[10.65903,59.70184]]],[[[10.65907,59.70188],[10.65896,59.70188],[10.65899,59.70199],[10.65926,59.70209],[10.65914,59.70189],[10.65905,59.70185],[10.65907,59.70188]]]]},"properties":{"a":231,"v":205,"dh":0.89,"pl":0,"sh":1,"c":352}},{"type":"Feature","geometry":{"type":"MultiPolygon","coordinates":[[[[10.66247,59.70092],[10.66236,59.70082],[10.66213,59.70082],[10.66217,59.70091],[10.66247,59.70092]]],[[[10.66247,59.70093],[10.66249,59.70092],[10.66247,59.70092],[10.66247,59.70093]]]]},"properties":{"a":162,"v":-187,"dh":1.15,"pl":0,"fo":1,"c":352}},{"type":"Feature","geometry":{"type":"Polygon","coordinates":[[[10.6627,59.70156],[10.66271,59.70135],[10.66267,59.70128],[10.6627,59.70125],[10.66251,59.70101],[10.66244,59.70098],[10.6621,59.70097],[10.66212,59.701],[10.66184,59.70105],[10.66183,59.70121],[10.66172,59.70119],[10.66165,59.70127],[10.66171,59.70133],[10.66178,59.70133],[10.66185,59.7013],[10.66185,59.70125],[10.66206,59.70125],[10.66205,59.7011],[10.6623,59.70103],[10.66263,59.70127],[10.66263,59.70135],[10.66244,59.70129],[10.6623,59.70136],[10.66248,59.70138],[10.66255,59.70142],[10.66254,59.70151],[10.6627,59.70156]]]},"properties":{"a":1155,"v":1417,"dh":1.23,"pl":1,"pn":"HOLT PARK OG FV78","pd":"2010-12-13","c":260}},{"type":"Feature","geometry":{"type":"Polygon","coordinates":[[[10.66134,59.70136],[10.66132,59.70133],[10.66149,59.7013],[10.66153,59.70125],[10.6614,59.70121],[10.66119,59.70125],[10.66123,59.70136],[10.66134,59.70136]]]},"properties":{"a":204,"v":-164,"dh":0.8,"pl":0,"sh":1,"c":352}},{"type":"Feature","geometry":{"type":"Polygon","coordinates":[[[10.66236,59.70189],[10.66225,59.70178],[10.66226,59.70172],[10.66206,59.7016],[10.66187,59.70136],[10.66166,59.70136],[10.66193,59.70155],[10.6621,59.70177],[10.66221,59.70178],[10.6622,59.70186],[10.66236,59.70189]]]},"properties":{"a":500,"v":774,"dh":1.55,"pl":0,"fo":1,"c":352}},{"type":"Feature","geometry":{"type":"MultiPolygon","coordinates":[[[[10.66297,59.70243],[10.66284,59.70237],[10.66277,59.70225],[10.6627,59.70225],[10.66265,59.70207],[10.66254,59.70199],[10.66243,59.70198],[10.6623,59.70204],[10.66217,59.70194],[10.66218,59.70186],[10.66185,59.70193],[10.6617,59.70184],[10.66142,59.7016],[10.66141,59.70143],[10.66124,59.70151],[10.6611,59.7015],[10.66124,59.70162],[10.66106,59.70157],[10.66082,59.70167],[10.66075,59.70167],[10.6608,59.70161],[10.66076,59.70158],[10.66025,59.70156],[10.66043,59.70172],[10.66121,59.70212],[10.66164,59.7021],[10.66206,59.70228],[10.66215,59.70228],[10.66219,59.7024],[10.66237,59.70248],[10.66241,59.70247],[10.66231,59.70241],[10.6626,59.70241],[10.66249,59.70234],[10.66255,59.70224],[10.66266,59.70225],[10.66263,59.70233],[10.66272,59.70236],[10.66276,59.70243],[10.66298,59.7025],[10.66297,59.70243]],[[10.66228,59.70239],[10.66229,59.70239],[10.66228,59.70239],[10.66228,59.70239]],[[10.66229,59.7022],[10.66227,59.70221],[10.66227,59.7022],[10.66229,59.7022]],[[10.66227,59.7022],[10.66225,59.70219],[10.66227,59.70219],[10.66227,59.7022]],[[10.66244,59.70216],[10.66226,59.70213],[10.66231,59.70205],[10.66251,59.7021],[10.66242,59.70213],[10.66244,59.70216]],[[10.66173,59.7021],[10.66159,59.70206],[10.66153,59.70203],[10.66176,59.70204],[10.66173,59.7021]],[[10.6614,59.702],[10.66151,59.70204],[10.66119,59.702],[10.66088,59.70181],[10.66084,59.70174],[10.66126,59.70191],[10.66122,59.70196],[10.6614,59.702]]],[[[10.66133,59.70199],[10.66137,59.702],[10.66137,59.70199],[10.66133,59.70199]]]]},"properties":{"a":5140,"v":6901,"dh":1.34,"pl":0,"c":352}},{"type":"Feature","geometry":{"type":"Polygon","coordinates":[[[10.66403,59.70406],[10.66433,59.70403],[10.66438,59.70385],[10.66443,59.70383],[10.66439,59.70372],[10.66442,59.7037],[10.66435,59.7036],[10.66436,59.70348],[10.66432,59.70346],[10.66437,59.70337],[10.6642,59.70324],[10.66389,59.70272],[10.66312,59.70218],[10.66278,59.7018],[10.66239,59.70149],[10.66235,59.7014],[10.66221,59.70134],[10.66223,59.70148],[10.66218,59.70148],[10.66203,59.70136],[10.66192,59.70135],[10.66237,59.70185],[10.66245,59.70187],[10.66253,59.70183],[10.66257,59.70186],[10.66259,59.70182],[10.66248,59.70181],[10.66235,59.70165],[10.66249,59.70168],[10.66251,59.70176],[10.66277,59.70196],[10.66281,59.70207],[10.66288,59.70211],[10.66287,59.70217],[10.66298,59.70224],[10.66291,59.70235],[10.66312,59.70252],[10.6631,59.70258],[10.66321,59.70259],[10.66338,59.70271],[10.6634,59.70279],[10.66353,59.70285],[10.66355,59.70297],[10.66366,59.70299],[10.66352,59.70304],[10.66361,59.70313],[10.66377,59.70318],[10.66378,59.70325],[10.66391,59.7034],[10.66393,59.70357],[10.66388,59.70362],[10.66392,59.70371],[10.66389,59.70378],[10.66397,59.70382],[10.66397,59.70391],[10.66388,59.70394],[10.66403,59.70406]],[[10.66233,59.70163],[10.66226,59.7016],[10.6622,59.70154],[10.66231,59.70158],[10.66233,59.70163]],[[10.66218,59.70152],[10.6622,59.7015],[10.6622,59.70152],[10.66218,59.70152]]]},"properties":{"a":6658,"v":-19063,"dh":2.86,"pl":1,"pn":"HOLT PARK OG FV78","pd":"2010-12-13","c":260}},{"type":"Feature","geometry":{"type":"Polygon","coordinates":[[[10.66412,59.70295],[10.66417,59.70285],[10.66405,59.7027],[10.66398,59.70269],[10.66395,59.70281],[10.66412,59.70295]]]},"properties":{"a":183,"v":246,"dh":1.35,"pl":0,"fo":1,"c":355}},{"type":"Feature","geometry":{"type":"Polygon","coordinates":[[[10.66415,59.70465],[10.66428,59.70413],[10.66401,59.70407],[10.66394,59.7041],[10.66385,59.70428],[10.66382,59.70456],[10.66395,59.70457],[10.66397,59.70465],[10.66415,59.70465]]]},"properties":{"a":1216,"v":-2713,"dh":2.23,"pl":1,"pn":"HOLT PARK OG FV78","pd":"2010-12-13","fo":1,"c":260}},{"type":"Feature","geometry":{"type":"Polygon","coordinates":[[[10.66371,59.70481],[10.66381,59.70458],[10.66379,59.7043],[10.66391,59.70411],[10.6639,59.70404],[10.6638,59.70407],[10.66374,59.70422],[10.66375,59.70456],[10.66366,59.70477],[10.66366,59.70481],[10.66371,59.70481]]]},"properties":{"a":322,"v":389,"dh":1.21,"pl":0,"fo":1,"c":356}},{"type":"Feature","geometry":{"type":"Polygon","coordinates":[[[10.65438,59.69257],[10.65486,59.69255],[10.65491,59.69247],[10.6548,59.69242],[10.65445,59.69248],[10.65438,59.69257]]]},"properties":{"a":305,"v":338,"dh":1.11,"pl":1,"pn":"RV 23 - OSLOFJORDFORBINDELSEN-BYGGETRINN 2","pd":"2015-02-09","fo":1,"c":174}},{"type":"Feature","geometry":{"type":"Polygon","coordinates":[[[10.6552,59.69366],[10.65527,59.69359],[10.65543,59.69356],[10.65547,59.69349],[10.65509,59.69358],[10.65511,59.69365],[10.6552,59.69366]]]},"properties":{"a":150,"v":159,"dh":1.06,"pl":1,"pn":"RV 23 - OSLOFJORDFORBINDELSEN-BYGGETRINN 2","pd":"2015-02-09","fo":1,"c":174}},{"type":"Feature","geometry":{"type":"Polygon","coordinates":[[[10.64778,59.70477],[10.64784,59.70473],[10.64785,59.70461],[10.6477,59.70458],[10.64769,59.70471],[10.64778,59.70477]]]},"properties":{"a":137,"v":-175,"dh":1.28,"pl":0,"c":357}},{"type":"Feature","geometry":{"type":"MultiPolygon","coordinates":[[[[10.65289,59.71607],[10.65311,59.71609],[10.65307,59.71602],[10.653,59.716],[10.65321,59.71603],[10.65311,59.71588],[10.65293,59.71585],[10.65264,59.7157],[10.65225,59.71564],[10.65231,59.71575],[10.65251,59.7158],[10.65289,59.71607]],[[10.65299,59.71595],[10.65301,59.71592],[10.65303,59.71595],[10.65299,59.71595]]],[[[10.65302,59.71609],[10.65295,59.71612],[10.65302,59.71614],[10.65302,59.71609]]]]},"properties":{"a":1015,"v":2343,"dh":2.31,"pl":0,"fo":1,"c":358}},{"type":"Feature","geometry":{"type":"Polygon","coordinates":[[[10.6568,59.72239],[10.65688,59.72237],[10.65686,59.72229],[10.65658,59.72227],[10.65658,59.72231],[10.6568,59.72239]]]},"properties":{"a":158,"v":214,"dh":1.35,"pl":0,"fo":1,"c":359}},{"type":"Feature","geometry":{"type":"Polygon","coordinates":[[[10.6484,59.73902],[10.64854,59.73892],[10.6486,59.73878],[10.64855,59.73874],[10.64846,59.73879],[10.64835,59.73877],[10.64827,59.73883],[10.64827,59.73894],[10.6484,59.73902]]]},"properties":{"a":378,"v":466,"dh":1.23,"pl":0,"fo":1,"c":360}},{"type":"Feature","geometry":{"type":"Polygon","coordinates":[[[10.65062,59.75036],[10.65078,59.75034],[10.65075,59.75026],[10.65059,59.75026],[10.65062,59.75036]]]},"properties":{"a":112,"v":125,"dh":1.11,"pl":0,"c":361}},{"type":"Feature","geometry":{"type":"Polygon","coordinates":[[[10.6553,59.75787],[10.6549,59.75789],[10.65489,59.75792],[10.65498,59.75795],[10.65493,59.75796],[10.65496,59.75799],[10.65475,59.75803],[10.65475,59.75808],[10.65495,59.75808],[10.655,59.75802],[10.65527,59.75807],[10.65518,59.75808],[10.65522,59.75811],[10.65531,59.7581],[10.65531,59.75807],[10.65533,59.75811],[10.65538,59.75809],[10.6553,59.75804],[10.65537,59.758],[10.65527,59.75799],[10.65532,59.75796],[10.6553,59.75787]],[[10.65519,59.75789],[10.65519,59.75795],[10.65517,59.75795],[10.65514,59.75791],[10.65519,59.75789]],[[10.65523,59.75803],[10.65527,59.75801],[10.65529,59.75802],[10.65523,59.75803]],[[10.65514,59.75801],[10.65523,59.75798],[10.65523,59.758],[10.65514,59.75801]],[[10.65507,59.758],[10.65511,59.75799],[10.65511,59.758],[10.65507,59.758]],[[10.65503,59.75796],[10.65505,59.75796],[10.65505,59.75796],[10.65503,59.75796]]]},"properties":{"a":508,"v":-891,"dh":1.75,"pl":0,"fo":1,"c":362}},{"type":"Feature","geometry":{"type":"Polygon","coordinates":[[[10.64457,59.69872],[10.64468,59.69866],[10.64444,59.69854],[10.64445,59.6987],[10.64457,59.69872]]]},"properties":{"a":173,"v":201,"dh":1.16,"pl":0,"fo":1,"c":363}},{"type":"Feature","geometry":{"type":"Polygon","coordinates":[[[10.64322,59.70051],[10.64334,59.70047],[10.64334,59.70042],[10.64316,59.70033],[10.64304,59.70035],[10.64308,59.70043],[10.64322,59.70051]]]},"properties":{"a":193,"v":257,"dh":1.33,"pl":0,"fo":1,"c":364}},{"type":"Feature","geometry":{"type":"Polygon","coordinates":[[[10.64174,59.70447],[10.6418,59.70442],[10.64159,59.70427],[10.64155,59.70415],[10.64145,59.70417],[10.64163,59.70436],[10.64165,59.70444],[10.64174,59.70447]]]},"properties":{"a":173,"v":-209,"dh":1.21,"pl":0,"fo":1,"c":365}},{"type":"Feature","geometry":{"type":"Polygon","coordinates":[[[10.64249,59.70779],[10.64267,59.70781],[10.64263,59.70773],[10.64252,59.70763],[10.64245,59.70764],[10.64245,59.70771],[10.64253,59.70774],[10.64249,59.70779]]]},"properties":{"a":137,"v":850,"dh":6.2,"pl":0,"sl":1,"c":366}},{"type":"Feature","geometry":{"type":"Polygon","coordinates":[[[10.64301,59.7277],[10.64353,59.72779],[10.64358,59.72774],[10.64349,59.72773],[10.64347,59.72768],[10.64354,59.72768],[10.6435,59.72764],[10.64333,59.72765],[10.64332,59.72754],[10.64322,59.72769],[10.64301,59.7277]],[[10.64347,59.72773],[10.64351,59.72773],[10.64349,59.72775],[10.64347,59.72773]],[[10.64335,59.72774],[10.64338,59.72773],[10.64338,59.72774],[10.64335,59.72774]],[[10.6434,59.7277],[10.64342,59.72768],[10.64342,59.7277],[10.6434,59.7277]]]},"properties":{"a":295,"v":284,"dh":0.96,"pl":0,"sh":1,"c":367}},{"type":"Feature","geometry":{"type":"Polygon","coordinates":[[[10.64733,59.74931],[10.64752,59.74929],[10.64749,59.74905],[10.6471,59.74904],[10.64709,59.74914],[10.6473,59.74918],[10.64733,59.74931]]]},"properties":{"a":513,"v":772,"dh":1.5,"pl":0,"fo":1,"c":368}},{"type":"Feature","geometry":{"type":"Polygon","coordinates":[[[10.64391,59.75179],[10.64397,59.75169],[10.64388,59.75167],[10.64388,59.75164],[10.64397,59.75159],[10.64389,59.75157],[10.64377,59.7516],[10.64374,59.75164],[10.64378,59.75167],[10.64376,59.75176],[10.64391,59.75179]]]},"properties":{"a":200,"v":281,"dh":1.41,"pl":0,"fo":1,"c":369}},{"type":"Feature","geometry":{"type":"Polygon","coordinates":[[[10.64651,59.75218],[10.64655,59.75203],[10.64621,59.75199],[10.64602,59.75202],[10.64606,59.7521],[10.64631,59.75211],[10.64651,59.75218]]]},"properties":{"a":382,"v":568,"dh":1.49,"pl":0,"c":370}},{"type":"Feature","geometry":{"type":"Polygon","coordinates":[[[10.64777,59.75467],[10.64791,59.75461],[10.64782,59.75437],[10.64768,59.75428],[10.64761,59.75405],[10.64738,59.75398],[10.64733,59.75401],[10.64711,59.75389],[10.64695,59.75391],[10.64706,59.754],[10.64733,59.75404],[10.64731,59.75415],[10.64716,59.75417],[10.64704,59.75405],[10.6469,59.75399],[10.6469,59.75409],[10.64716,59.75426],[10.6472,59.75438],[10.64747,59.75444],[10.64768,59.75464],[10.64777,59.75467]]]},"properties":{"a":1952,"v":3235,"dh":1.66,"pl":0,"c":371}},{"type":"Feature","geometry":{"type":"MultiPolygon","coordinates":[[[[10.65934,59.71338],[10.65935,59.71337],[10.65934,59.71337],[10.65934,59.71338]]],[[[10.65941,59.71334],[10.65935,59.71332],[10.6594,59.71324],[10.65907,59.71333],[10.65922,59.71353],[10.65927,59.71351],[10.65928,59.71338],[10.65941,59.71334]]]]},"properties":{"a":283,"v":320,"dh":1.13,"pl":0,"fo":1,"c":372}},{"type":"Feature","geometry":{"type":"Polygon","coordinates":[[[10.65862,59.71684],[10.65865,59.71678],[10.65881,59.71676],[10.65865,59.71672],[10.65842,59.7168],[10.65862,59.71684]]]},"properties":{"a":129,"v":137,"dh":1.06,"pl":0,"fo":1,"c":373}},{"type":"Feature","geometry":{"type":"Polygon","coordinates":[[[10.65899,59.71713],[10.65919,59.71714],[10.6592,59.7171],[10.65915,59.71706],[10.65921,59.71701],[10.65903,59.71693],[10.65895,59.71695],[10.65893,59.717],[10.65902,59.71706],[10.65899,59.71713]]]},"properties":{"a":226,"v":293,"dh":1.3,"pl":0,"fo":1,"c":373}},{"type":"Feature","geometry":{"type":"Polygon","coordinates":[[[10.65789,59.71791],[10.65805,59.71788],[10.65773,59.71781],[10.6576,59.71786],[10.65789,59.71791]]]},"properties":{"a":154,"v":130,"dh":0.85,"pl":0,"sh":1,"c":374}},{"type":"Feature","geometry":{"type":"Polygon","coordinates":[[[10.66042,59.72475],[10.66066,59.72463],[10.66085,59.72444],[10.66074,59.72448],[10.66059,59.72463],[10.66043,59.72466],[10.66042,59.72475]]]},"properties":{"a":150,"v":129,"dh":0.86,"pl":0,"sh":1,"c":375}},{"type":"Feature","geometry":{"type":"Polygon","coordinates":[[[10.66089,59.75159],[10.66108,59.75149],[10.66088,59.75141],[10.66069,59.7514],[10.66069,59.75145],[10.66089,59.75159]]]},"properties":{"a":256,"v":231,"dh":0.9,"pl":1,"pn":"KAI-SLOTTET - DETALJREGULERING","pd":"2011-06-20","sh":1,"c":376}},{"type":"Feature","geometry":{"type":"MultiPolygon","coordinates":[[[[10.66074,59.75418],[10.6608,59.75431],[10.66109,59.75447],[10.66097,59.75452],[10.66092,59.75462],[10.66094,59.7547],[10.66126,59.75474],[10.6614,59.7547],[10.66151,59.75461],[10.66152,59.75442],[10.66133,59.75436],[10.66126,59.75428],[10.66127,59.75419],[10.66112,59.75406],[10.66115,59.75397],[10.6611,59.75395],[10.6611,59.7539],[10.66118,59.75384],[10.66109,59.75377],[10.6611,59.75366],[10.66105,59.75362],[10.66108,59.75357],[10.66104,59.75352],[10.66076,59.75355],[10.66064,59.75365],[10.66064,59.75391],[10.66082,59.75402],[10.6608,59.75407],[10.66068,59.75407],[10.6607,59.75415],[10.66081,59.75416],[10.66083,59.75425],[10.66074,59.75418]]],[[[10.66074,59.75417],[10.66072,59.75418],[10.66074,59.75418],[10.66074,59.75417]]]]},"properties":{"a":3394,"v":7681,"dh":2.26,"pl":1,"pn":"KAI-SLOTTET - DETALJREGULERING","pd":"2011-06-20","c":377}},{"type":"Feature","geometry":{"type":"Polygon","coordinates":[[[10.66231,59.75472],[10.66249,59.75461],[10.6623,59.75453],[10.66213,59.75456],[10.66222,59.75457],[10.66219,59.75466],[10.66231,59.75472]]]},"properties":{"a":235,"v":280,"dh":1.19,"pl":1,"pn":"KAI-SLOTTET - DETALJREGULERING","pd":"2011-06-20","fo":1,"c":377}},{"type":"Feature","geometry":{"type":"Polygon","coordinates":[[[10.65963,59.75769],[10.65961,59.75763],[10.65964,59.75759],[10.65961,59.7573],[10.65956,59.75735],[10.65957,59.75764],[10.65963,59.75769]]]},"properties":{"a":124,"v":108,"dh":0.87,"pl":1,"pn":"SKAUG NORDRE GLATTKJØRINGSBANE","pd":"1981-11-20","sh":1,"c":378}},{"type":"Feature","geometry":{"type":"Polygon","coordinates":[[[10.66459,59.71668],[10.66482,59.71667],[10.66481,59.71657],[10.66458,59.71663],[10.66459,59.71668]]]},"properties":{"a":112,"v":105,"dh":0.93,"pl":0,"sh":1,"c":379}},{"type":"Feature","geometry":{"type":"Polygon","coordinates":[[[10.66191,59.71688],[10.66193,59.71681],[10.66181,59.71666],[10.66169,59.71667],[10.66175,59.71684],[10.66191,59.71688]]]},"properties":{"a":198,"v":-290,"dh":1.46,"pl":0,"fo":1,"c":380}},{"type":"Feature","geometry":{"type":"Polygon","coordinates":[[[10.66553,59.72287],[10.66562,59.72278],[10.66544,59.72275],[10.66539,59.72281],[10.66553,59.72287]]]},"properties":{"a":105,"v":175,"dh":1.67,"pl":0,"sl":1,"c":381}},{"type":"Feature","geometry":{"type":"Polygon","coordinates":[[[10.66267,59.75429],[10.66316,59.75422],[10.66314,59.75415],[10.66307,59.75415],[10.66303,59.75409],[10.66323,59.75411],[10.66327,59.7542],[10.66335,59.75414],[10.66322,59.75405],[10.66305,59.75406],[10.66279,59.75398],[10.66278,59.75409],[10.6629,59.75406],[10.66294,59.7541],[10.66286,59.75418],[10.66298,59.75419],[10.66267,59.75429]]]},"properties":{"a":479,"v":572,"dh":1.19,"pl":1,"pn":"KAI-SLOTTET - DETALJREGULERING","pd":"2011-06-20","c":377}},{"type":"Feature","geometry":{"type":"Polygon","coordinates":[[[10.66231,59.7544],[10.66258,59.75433],[10.66237,59.75411],[10.66228,59.75415],[10.66243,59.75421],[10.66249,59.75429],[10.66231,59.7544]]]},"properties":{"a":159,"v":152,"dh":0.96,"pl":1,"pn":"KAI-SLOTTET - DETALJREGULERING","pd":"2011-06-20","sh":1,"c":377}},{"type":"Feature","geometry":{"type":"Polygon","coordinates":[[[10.66381,59.75433],[10.66407,59.75427],[10.66378,59.7542],[10.66368,59.75423],[10.66357,59.75415],[10.66364,59.75421],[10.66361,59.7543],[10.66381,59.75433]]]},"properties":{"a":251,"v":238,"dh":0.95,"pl":0,"sh":1,"c":382}},{"type":"Feature","geometry":{"type":"Polygon","coordinates":[[[10.66419,59.75461],[10.66426,59.75455],[10.66426,59.75448],[10.66401,59.75442],[10.66399,59.75447],[10.66414,59.75453],[10.66412,59.75457],[10.66419,59.75461]]]},"properties":{"a":177,"v":295,"dh":1.67,"pl":0,"c":382}},{"type":"Feature","geometry":{"type":"Polygon","coordinates":[[[10.66369,59.75511],[10.66386,59.75507],[10.66386,59.75502],[10.66371,59.75485],[10.66363,59.75466],[10.66354,59.75465],[10.6635,59.75469],[10.66356,59.75474],[10.66351,59.75475],[10.66346,59.75485],[10.66366,59.75489],[10.66366,59.75495],[10.66359,59.755],[10.66369,59.75511]]]},"properties":{"a":461,"v":549,"dh":1.19,"pl":1,"pn":"Slottet","pd":"2008-09-15","fo":1,"c":383}},{"type":"Feature","geometry":{"type":"MultiPolygon","coordinates":[[[[10.66321,59.75522],[10.66319,59.75518],[10.66315,59.75517],[10.66316,59.75521],[10.66321,59.75522]]],[[[10.66321,59.75522],[10.66318,59.75531],[10.66332,59.75528],[10.66338,59.75546],[10.66347,59.75549],[10.66347,59.75553],[10.66365,59.75542],[10.66366,59.75532],[10.66362,59.7553],[10.66341,59.75531],[10.66336,59.75527],[10.66344,59.7552],[10.66338,59.75515],[10.66333,59.75515],[10.6633,59.75521],[10.66324,59.7552],[10.66325,59.75522],[10.66321,59.75522]]]]},"properties":{"a":476,"v":601,"dh":1.26,"pl":1,"pn":"KAI-SLOTTET - DETALJREGULERING","pd":"2011-06-20","fo":1,"c":383}},{"type":"Feature","geometry":{"type":"MultiPolygon","coordinates":[[[[10.6948,59.7259],[10.69482,59.72589],[10.6948,59.72589],[10.6948,59.7259]]],[[[10.69478,59.72587],[10.69462,59.72586],[10.69459,59.72593],[10.69446,59.72592],[10.69445,59.72598],[10.69431,59.72602],[10.69449,59.72604],[10.69456,59.72601],[10.69458,59.72606],[10.69447,59.72608],[10.69449,59.72613],[10.69484,59.72605],[10.69499,59.72609],[10.69504,59.72606],[10.69491,59.72601],[10.69491,59.72596],[10.69478,59.72591],[10.69478,59.72587]]]]},"properties":{"a":579,"v":743,"dh":1.28,"pl":0,"fo":1,"c":384}},{"type":"Feature","geometry":{"type":"Polygon","coordinates":[[[10.69536,59.72645],[10.69552,59.72639],[10.69554,59.72622],[10.69529,59.72607],[10.69563,59.72616],[10.69563,59.72625],[10.69578,59.72634],[10.69591,59.72632],[10.69592,59.72627],[10.6958,59.72609],[10.69511,59.72599],[10.69522,59.72607],[10.6952,59.72612],[10.69535,59.72619],[10.69533,59.72624],[10.69521,59.72627],[10.69526,59.72629],[10.69519,59.7263],[10.69519,59.72634],[10.69537,59.72635],[10.69536,59.72645]]]},"properties":{"a":964,"v":1120,"dh":1.16,"pl":0,"c":384}},{"type":"Feature","geometry":{"type":"Polygon","coordinates":[[[10.69512,59.72632],[10.69519,59.72621],[10.69503,59.72619],[10.69496,59.72624],[10.69512,59.72632]]]},"properties":{"a":106,"v":94,"dh":0.89,"pl":0,"sh":1,"c":384}},{"type":"Feature","geometry":{"type":"Polygon","coordinates":[[[10.68569,59.72687],[10.68565,59.7268],[10.6853,59.72658],[10.68318,59.7258],[10.68285,59.72564],[10.68311,59.7258],[10.68539,59.72669],[10.68571,59.72688],[10.68605,59.72726],[10.68683,59.7279],[10.68688,59.72789],[10.6863,59.72736],[10.68615,59.72717],[10.68613,59.72707],[10.68569,59.72687]]]},"properties":{"a":1549,"v":-1979,"dh":1.28,"pl":1,"pn":"FV82 HOLTBRÅTEN-TUSSE","pd":"2014-06-16","fo":1,"c":273}},{"type":"Feature","geometry":{"type":"Polygon","coordinates":[[[10.68874,59.72682],[10.68874,59.72669],[10.68854,59.72669],[10.6886,59.72678],[10.68874,59.72682]]]},"properties":{"a":130,"v":141,"dh":1.09,"pl":0,"c":385}},{"type":"Feature","geometry":{"type":"Polygon","coordinates":[[[10.68574,59.72716],[10.68568,59.72704],[10.68544,59.72691],[10.68559,59.72708],[10.68574,59.72716]]]},"properties":{"a":112,"v":92,"dh":0.82,"pl":2,"pn":"Fv 156 Bråtan - Tusse","pd":"2024-02-05","sh":1,"c":273}},{"type":"Feature","geometry":{"type":"Polygon","coordinates":[[[10.68931,59.7275],[10.68946,59.72725],[10.68947,59.7271],[10.68937,59.72719],[10.68924,59.72744],[10.68924,59.72749],[10.68931,59.7275]]]},"properties":{"a":229,"v":345,"dh":1.51,"pl":0,"c":385}},{"type":"Feature","geometry":{"type":"Polygon","coordinates":[[[10.68913,59.72773],[10.68923,59.72766],[10.68934,59.72761],[10.68917,59.72758],[10.68904,59.72773],[10.68913,59.72773]]]},"properties":{"a":129,"v":197,"dh":1.53,"pl":0,"fo":1,"c":385}},{"type":"Feature","geometry":{"type":"Polygon","coordinates":[[[10.68649,59.72795],[10.6865,59.72784],[10.68629,59.72781],[10.68638,59.72793],[10.68649,59.72795]]]},"properties":{"a":103,"v":-96,"dh":0.93,"pl":2,"pn":"Fv 156 Bråtan - Tusse","pd":"2024-02-05","sh":1,"c":273}},{"type":"Feature","geometry":{"type":"Polygon","coordinates":[[[10.68686,59.72825],[10.68687,59.72818],[10.68667,59.72806],[10.68675,59.72822],[10.68686,59.72825]]]},"properties":{"a":107,"v":103,"dh":0.96,"pl":2,"pn":"Fv 156 Bråtan - Tusse","pd":"2024-02-05","sh":1,"c":273}},{"type":"Feature","geometry":{"type":"Polygon","coordinates":[[[10.68887,59.72833],[10.68899,59.72818],[10.68906,59.72804],[10.68882,59.72825],[10.68882,59.72832],[10.68887,59.72833]]]},"properties":{"a":118,"v":-126,"dh":1.07,"pl":1,"pn":"FV82 HOLTBRÅTEN-TUSSE","pd":"2014-06-16","fo":1,"c":273}},{"type":"Feature","geometry":{"type":"Polygon","coordinates":[[[10.68821,59.72899],[10.68805,59.72888],[10.6881,59.72884],[10.68804,59.72878],[10.68796,59.72881],[10.68801,59.72875],[10.68793,59.72866],[10.68769,59.72853],[10.68754,59.72834],[10.68712,59.72803],[10.68718,59.72798],[10.68692,59.72796],[10.68757,59.7286],[10.68809,59.72896],[10.68821,59.72899]]]},"properties":{"a":1157,"v":-2117,"dh":1.83,"pl":2,"pn":"Fv 156 Bråtan - Tusse","pd":"2024-02-05","fo":1,"c":273}},{"type":"Feature","geometry":{"type":"Polygon","coordinates":[[[10.68734,59.72888],[10.68737,59.72879],[10.68751,59.72881],[10.68745,59.72874],[10.68747,59.72869],[10.68738,59.72861],[10.68734,59.72863],[10.68742,59.72875],[10.68729,59.72869],[10.68734,59.72888]]]},"properties":{"a":152,"v":148,"dh":0.97,"pl":2,"pn":"Fv 156 Bråtan - Tusse","pd":"2024-02-05","sh":1,"c":273}},{"type":"Feature","geometry":{"type":"Polygon","coordinates":[[[10.68906,59.72927],[10.68912,59.72923],[10.68909,59.72901],[10.68888,59.72851],[10.68868,59.72873],[10.68886,59.72867],[10.68888,59.72872],[10.68888,59.72905],[10.68876,59.72919],[10.68906,59.72927]]]},"properties":{"a":873,"v":1314,"dh":1.51,"pl":1,"pn":"FV82 HOLTBRÅTEN-TUSSE","pd":"2014-06-16","fo":1,"c":273}},{"type":"Feature","geometry":{"type":"Polygon","coordinates":[[[10.6892,59.72976],[10.68915,59.7295],[10.689,59.72947],[10.68771,59.72883],[10.68753,59.72881],[10.68756,59.72902],[10.6877,59.72898],[10.68781,59.72905],[10.68796,59.72919],[10.68798,59.72928],[10.68795,59.72932],[10.6881,59.72946],[10.68827,59.72945],[10.68828,59.72957],[10.68844,59.72966],[10.68859,59.72968],[10.68899,59.72964],[10.68903,59.7297],[10.6891,59.72968],[10.6892,59.72976]]]},"properties":{"a":3122,"v":9788,"dh":3.14,"pl":2,"pn":"Fv 156 Bråtan - Tusse","pd":"2024-02-05","c":273}},{"type":"Feature","geometry":{"type":"Polygon","coordinates":[[[10.69276,59.73581],[10.69293,59.73567],[10.69291,59.73541],[10.69266,59.7353],[10.69259,59.73539],[10.69261,59.73544],[10.69251,59.73548],[10.69251,59.73559],[10.69265,59.73578],[10.69276,59.73581]]]},"properties":{"a":950,"v":1591,"dh":1.67,"pl":0,"fo":1,"c":386}},{"type":"Feature","geometry":{"type":"Polygon","coordinates":[[[10.68049,59.73747],[10.68135,59.73724],[10.68234,59.73709],[10.68269,59.73696],[10.68288,59.73679],[10.68279,59.73672],[10.68224,59.73656],[10.68136,59.7364],[10.68133,59.73645],[10.68155,59.7366],[10.68134,59.73668],[10.68086,59.73665],[10.68077,59.73667],[10.68081,59.7367],[10.68078,59.73672],[10.68087,59.73673],[10.68074,59.73673],[10.68067,59.7367],[10.68058,59.73674],[10.68069,59.73679],[10.68066,59.73683],[10.68018,59.73692],[10.68025,59.73694],[10.68013,59.737],[10.68015,59.73705],[10.68022,59.737],[10.6804,59.73701],[10.6804,59.73707],[10.6803,59.73717],[10.68044,59.73722],[10.68039,59.73725],[10.68048,59.7373],[10.68031,59.73745],[10.68049,59.73747]],[[10.68055,59.73723],[10.68059,59.73722],[10.68059,59.73723],[10.68055,59.73723]],[[10.68046,59.73722],[10.6805,59.73719],[10.68052,59.7372],[10.68046,59.73722]],[[10.68079,59.73702],[10.68086,59.73699],[10.68086,59.73701],[10.68079,59.73702]],[[10.68075,59.73701],[10.68068,59.73697],[10.68075,59.73698],[10.68075,59.73701]],[[10.68068,59.73691],[10.68064,59.73693],[10.68064,59.73691],[10.68068,59.73691]],[[10.68077,59.7369],[10.68064,59.73687],[10.68077,59.73687],[10.68077,59.7369]],[[10.68057,59.73687],[10.68059,59.73687],[10.68059,59.73687],[10.68057,59.73687]],[[10.68075,59.73682],[10.68076,59.7368],[10.68076,59.73682],[10.68075,59.73682]],[[10.68191,59.7367],[10.68181,59.73669],[10.68179,59.73666],[10.68191,59.7367]]]},"properties":{"a":9195,"v":19091,"dh":2.08,"pl":0,"c":387}},{"type":"Feature","geometry":{"type":"Polygon","coordinates":[[[10.6963,59.74574],[10.69599,59.74525],[10.69602,59.74519],[10.69594,59.74522],[10.69617,59.74563],[10.6963,59.74574]]]},"properties":{"a":189,"v":482,"dh":2.55,"pl":0,"sl":1,"c":388}},{"type":"Feature","geometry":{"type":"Polygon","coordinates":[[[10.69786,59.74633],[10.69803,59.74622],[10.69785,59.74617],[10.69794,59.74615],[10.69772,59.74606],[10.69762,59.74586],[10.69747,59.74593],[10.69733,59.74592],[10.69717,59.74605],[10.69739,59.74617],[10.69786,59.74633]]]},"properties":{"a":1142,"v":1775,"dh":1.55,"pl":1,"pn":"REGULERINGSPLAN DALSBAKKENE","pd":"2000-02-14","c":389}},{"type":"Feature","geometry":{"type":"Polygon","coordinates":[[[10.69724,59.74663],[10.69784,59.74664],[10.69789,59.74658],[10.69799,59.74665],[10.69816,59.74664],[10.69764,59.74643],[10.69705,59.74653],[10.69706,59.74657],[10.69724,59.74663]],[[10.69779,59.74661],[10.69782,59.7466],[10.69782,59.7466],[10.69779,59.74661]]]},"properties":{"a":921,"v":992,"dh":1.08,"pl":1,"pn":"Nesoddveien 221","pd":"2010-06-14","fo":1,"c":404}},{"type":"Feature","geometry":{"type":"Polygon","coordinates":[[[10.70638,59.7292],[10.70644,59.72913],[10.70641,59.72908],[10.70648,59.72905],[10.70625,59.72902],[10.70631,59.72906],[10.70631,59.72917],[10.70638,59.7292]]]},"properties":{"a":140,"v":178,"dh":1.27,"pl":0,"fo":1,"c":390}},{"type":"Feature","geometry":{"type":"Polygon","coordinates":[[[10.70824,59.72923],[10.70856,59.72927],[10.70861,59.72919],[10.70854,59.72919],[10.70848,59.72913],[10.70824,59.72923]]]},"properties":{"a":167,"v":204,"dh":1.22,"pl":0,"fo":1,"c":391}},{"type":"Feature","geometry":{"type":"MultiPolygon","coordinates":[[[[10.70814,59.72936],[10.70812,59.72937],[10.70814,59.72937],[10.70814,59.72936]]],[[[10.70819,59.72936],[10.70805,59.72942],[10.70818,59.72946],[10.708,59.72947],[10.70794,59.72942],[10.70795,59.7295],[10.70841,59.72957],[10.70866,59.72952],[10.7088,59.72955],[10.70891,59.72949],[10.70876,59.72941],[10.70845,59.72948],[10.70841,59.72947],[10.70842,59.72938],[10.70828,59.72942],[10.70819,59.72936]]]]},"properties":{"a":615,"v":852,"dh":1.39,"pl":0,"fo":1,"c":391}},{"type":"Feature","geometry":{"type":"Polygon","coordinates":[[[10.70212,59.73036],[10.70219,59.73033],[10.70212,59.73025],[10.70194,59.73029],[10.70212,59.73036]]]},"properties":{"a":110,"v":-110,"dh":1.0,"pl":0,"sh":1,"c":392}},{"type":"Feature","geometry":{"type":"Polygon","coordinates":[[[10.70143,59.73043],[10.70168,59.73038],[10.70168,59.73034],[10.70157,59.73037],[10.70153,59.73032],[10.70144,59.73032],[10.70143,59.73043]]]},"properties":{"a":113,"v":166,"dh":1.47,"pl":0,"fo":1,"c":393}},{"type":"Feature","geometry":{"type":"MultiPolygon","coordinates":[[[[10.72428,59.73094],[10.72413,59.73081],[10.72408,59.7308],[10.72414,59.731],[10.72421,59.73103],[10.72423,59.73096],[10.72428,59.73094]]],[[[10.72426,59.73096],[10.72428,59.73096],[10.72426,59.73096],[10.72426,59.73096]]]]},"properties":{"a":139,"v":156,"dh":1.12,"pl":0,"fo":1,"c":394}},{"type":"Feature","geometry":{"type":"Polygon","coordinates":[[[10.7019,59.73273],[10.70202,59.73259],[10.70216,59.73256],[10.70205,59.7325],[10.70201,59.7324],[10.70191,59.73241],[10.70196,59.73248],[10.70184,59.73246],[10.7019,59.73273]]]},"properties":{"a":308,"v":479,"dh":1.55,"pl":0,"fo":1,"c":395}},{"type":"Feature","geometry":{"type":"Polygon","coordinates":[[[10.71976,59.74478],[10.71983,59.74476],[10.71981,59.74465],[10.71956,59.74462],[10.71958,59.74474],[10.71976,59.74478]]]},"properties":{"a":211,"v":256,"dh":1.21,"pl":0,"c":396}},{"type":"Feature","geometry":{"type":"Polygon","coordinates":[[[10.71816,59.74753],[10.71827,59.74734],[10.71831,59.7471],[10.71819,59.74718],[10.71818,59.74735],[10.7181,59.74751],[10.71816,59.74753]]]},"properties":{"a":191,"v":757,"dh":3.96,"pl":0,"sl":1,"c":397}},{"type":"Feature","geometry":{"type":"Polygon","coordinates":[[[10.71764,59.74792],[10.71771,59.74779],[10.71768,59.74765],[10.71761,59.74769],[10.71761,59.74791],[10.71764,59.74792]]]},"properties":{"a":104,"v":293,"dh":2.82,"pl":0,"sl":1,"c":397}},{"type":"Feature","geometry":{"type":"Polygon","coordinates":[[[10.67964,59.72508],[10.6798,59.72502],[10.67985,59.72492],[10.68007,59.72485],[10.67995,59.72478],[10.6798,59.72481],[10.67982,59.72486],[10.67965,59.72483],[10.67939,59.72498],[10.67941,59.72504],[10.67964,59.72508]],[[10.67984,59.72488],[10.67986,59.72487],[10.67986,59.72488],[10.67984,59.72488]]]},"properties":{"a":599,"v":-1206,"dh":2.01,"pl":0,"fo":1,"c":398}},{"type":"Feature","geometry":{"type":"Polygon","coordinates":[[[10.67116,59.73157],[10.67137,59.73154],[10.67133,59.73147],[10.67112,59.73149],[10.67116,59.73157]]]},"properties":{"a":124,"v":-158,"dh":1.27,"pl":0,"c":399}},{"type":"Feature","geometry":{"type":"Polygon","coordinates":[[[10.67368,59.73315],[10.67378,59.73309],[10.67373,59.73306],[10.6739,59.73305],[10.67383,59.73292],[10.67376,59.73297],[10.67376,59.73303],[10.67356,59.73305],[10.67368,59.73315]]]},"properties":{"a":173,"v":-195,"dh":1.13,"pl":0,"fo":1,"c":400}},{"type":"Feature","geometry":{"type":"Polygon","coordinates":[[[10.67967,59.73696],[10.67988,59.7369],[10.67986,59.73681],[10.67978,59.7368],[10.67987,59.73672],[10.67986,59.73665],[10.67931,59.73661],[10.67899,59.73652],[10.67886,59.73656],[10.67885,59.73662],[10.67917,59.73665],[10.6793,59.73675],[10.67954,59.73682],[10.67958,59.73693],[10.67967,59.73696]]]},"properties":{"a":1080,"v":2062,"dh":1.91,"pl":0,"c":387}},{"type":"Feature","geometry":{"type":"Polygon","coordinates":[[[10.68001,59.73747],[10.67999,59.73737],[10.67986,59.73727],[10.67987,59.73741],[10.68001,59.73747]]]},"properties":{"a":100,"v":145,"dh":1.45,"pl":0,"c":387}},{"type":"Feature","geometry":{"type":"Polygon","coordinates":[[[10.6791,59.73745],[10.67944,59.73746],[10.67944,59.73737],[10.67938,59.73734],[10.67908,59.7374],[10.6791,59.73745]]]},"properties":{"a":216,"v":260,"dh":1.2,"pl":0,"c":387}},{"type":"Feature","geometry":{"type":"Polygon","coordinates":[[[10.68025,59.73749],[10.6803,59.73745],[10.68021,59.73743],[10.68036,59.73736],[10.68036,59.73732],[10.68013,59.73733],[10.68015,59.73738],[10.68005,59.73742],[10.68005,59.73747],[10.68025,59.73749]]]},"properties":{"a":184,"v":201,"dh":1.09,"pl":0,"c":387}},{"type":"Feature","geometry":{"type":"Polygon","coordinates":[[[10.67362,59.74404],[10.67376,59.74402],[10.67368,59.7439],[10.67361,59.74391],[10.67361,59.74396],[10.67354,59.74393],[10.67358,59.744],[10.67365,59.74398],[10.67362,59.74404]]]},"properties":{"a":110,"v":-210,"dh":1.91,"pl":0,"sl":1,"c":401}},{"type":"Feature","geometry":{"type":"Polygon","coordinates":[[[10.67779,59.75986],[10.67784,59.75979],[10.67775,59.75975],[10.67763,59.75978],[10.67772,59.75986],[10.67779,59.75986]]]},"properties":{"a":100,"v":95,"dh":0.95,"pl":1,"pn":"KAI-SLOTTET - DETALJREGULERING","pd":"2011-06-20","sh":1,"c":402}},{"type":"Feature","geometry":{"type":"Polygon","coordinates":[[[10.69655,59.74685],[10.69646,59.74681],[10.69623,59.74652],[10.69593,59.74644],[10.69624,59.74657],[10.69622,59.74664],[10.69639,59.74676],[10.69641,59.74683],[10.69655,59.74685]]]},"properties":{"a":224,"v":790,"dh":3.53,"pl":1,"pn":"REGULERINGSPLAN DALSBAKKENE","pd":"2000-02-14","sl":1,"c":403}},{"type":"Feature","geometry":{"type":"Polygon","coordinates":[[[10.69794,59.74688],[10.69789,59.74686],[10.69792,59.74679],[10.69783,59.74673],[10.69755,59.74676],[10.69759,59.74685],[10.6977,59.7469],[10.69794,59.74688]],[[10.69789,59.74688],[10.69787,59.74687],[10.69789,59.74687],[10.69789,59.74688]],[[10.69778,59.74688],[10.6978,59.74687],[10.6978,59.74688],[10.69778,59.74688]]]},"properties":{"a":322,"v":-353,"dh":1.1,"pl":1,"pn":"Nesoddveien 221","pd":"2010-06-14","c":404}},{"type":"Feature","geometry":{"type":"Polygon","coordinates":[[[10.69778,59.74718],[10.69781,59.74706],[10.69855,59.74699],[10.69859,59.74693],[10.69812,59.74686],[10.69798,59.74688],[10.69779,59.74698],[10.69766,59.74698],[10.69767,59.74715],[10.69778,59.74718]],[[10.69825,59.74698],[10.69821,59.74694],[10.69827,59.74696],[10.69825,59.74698]],[[10.69795,59.74697],[10.69791,59.74694],[10.69797,59.74697],[10.69795,59.74697]]]},"properties":{"a":677,"v":851,"dh":1.26,"pl":1,"pn":"Nesoddveien 221","pd":"2010-06-14","c":404}},{"type":"Feature","geometry":{"type":"MultiPolygon","coordinates":[[[[10.70077,59.75107],[10.70077,59.75095],[10.70071,59.75095],[10.70072,59.75106],[10.70077,59.75107]]],[[[10.70077,59.75107],[10.70093,59.75108],[10.70123,59.75123],[10.70106,59.75108],[10.70095,59.75106],[10.70077,59.75107]]]]},"properties":{"a":136,"v":276,"dh":2.03,"pl":0,"sl":1,"c":405}},{"type":"Feature","geometry":{"type":"MultiPolygon","coordinates":[[[[10.70001,59.75122],[10.70005,59.75118],[10.7,59.75118],[10.70001,59.75122]]],[[[10.70009,59.75122],[10.70011,59.75129],[10.69992,59.75119],[10.69982,59.75126],[10.69992,59.75145],[10.70019,59.75153],[10.70023,59.75159],[10.7004,59.7515],[10.70056,59.75151],[10.70056,59.75146],[10.70049,59.75143],[10.70052,59.75137],[10.70027,59.75133],[10.70009,59.75122]]]]},"properties":{"a":927,"v":1724,"dh":1.86,"pl":1,"pn":"G/S-VEI DALSBAKKEN-GLENNE","pd":"2012-05-29","fo":1,"c":406}},{"type":"Feature","geometry":{"type":"Polygon","coordinates":[[[10.70243,59.75207],[10.70244,59.752],[10.70216,59.75178],[10.70232,59.75203],[10.70243,59.75207]]]},"properties":{"a":144,"v":410,"dh":2.85,"pl":0,"sl":1,"c":407}},{"type":"Feature","geometry":{"type":"Polygon","coordinates":[[[10.70041,59.75241],[10.70023,59.75229],[10.70024,59.75222],[10.70033,59.75221],[10.70036,59.75208],[10.70018,59.75198],[10.70017,59.75223],[10.70011,59.75234],[10.70041,59.75241]]]},"properties":{"a":387,"v":511,"dh":1.32,"pl":1,"pn":"G/S-VEI DALSBAKKEN-GLENNE","pd":"2012-05-29","fo":1,"c":406}},{"type":"Feature","geometry":{"type":"Polygon","coordinates":[[[10.70036,59.75281],[10.70039,59.75273],[10.70028,59.75251],[10.70019,59.75265],[10.70036,59.75281]]]},"properties":{"a":166,"v":-176,"dh":1.06,"pl":1,"pn":"G/S-VEI DALSBAKKEN-GLENNE","pd":"2012-05-29","fo":1,"c":406}},{"type":"Feature","geometry":{"type":"Polygon","coordinates":[[[10.70061,59.7531],[10.70064,59.75302],[10.70054,59.75286],[10.70045,59.75284],[10.70046,59.75289],[10.70035,59.7529],[10.70041,59.75305],[10.70061,59.7531]]]},"properties":{"a":288,"v":454,"dh":1.58,"pl":1,"pn":"G/S-VEI DALSBAKKEN-GLENNE","pd":"2012-05-29","fo":1,"c":406}},{"type":"Feature","geometry":{"type":"Polygon","coordinates":[[[10.69501,59.75391],[10.69509,59.75388],[10.69506,59.75383],[10.69517,59.75371],[10.69503,59.75371],[10.69497,59.75378],[10.69502,59.75384],[10.69501,59.75391]],[[10.69509,59.75374],[10.69511,59.75374],[10.69511,59.75374],[10.69509,59.75374]]]},"properties":{"a":134,"v":128,"dh":0.96,"pl":0,"sh":1,"c":408}},{"type":"Feature","geometry":{"type":"Polygon","coordinates":[[[10.71296,59.75314],[10.71272,59.75299],[10.71262,59.75299],[10.71277,59.75311],[10.71296,59.75314]]]},"properties":{"a":101,"v":284,"dh":2.82,"pl":0,"sl":1,"c":409}},{"type":"Feature","geometry":{"type":"Polygon","coordinates":[[[10.70688,59.75387],[10.70712,59.75377],[10.70712,59.75372],[10.70705,59.7537],[10.70689,59.75374],[10.70688,59.75387]]]},"properties":{"a":133,"v":-272,"dh":2.05,"pl":0,"fo":1,"c":410}},{"type":"Feature","geometry":{"type":"Polygon","coordinates":[[[10.7067,59.75394],[10.70677,59.75388],[10.70684,59.75389],[10.70685,59.75372],[10.70675,59.75373],[10.70679,59.75382],[10.70675,59.75385],[10.70668,59.75377],[10.70659,59.75381],[10.70661,59.75392],[10.7067,59.75394]]]},"properties":{"a":211,"v":209,"dh":0.99,"pl":0,"sh":1,"c":411}},{"type":"Feature","geometry":{"type":"Polygon","coordinates":[[[10.70703,59.75407],[10.70723,59.75406],[10.70717,59.75394],[10.70708,59.754],[10.70702,59.75395],[10.70703,59.75407]]]},"properties":{"a":118,"v":118,"dh":1.0,"pl":0,"fo":1,"c":410}},{"type":"Feature","geometry":{"type":"Polygon","coordinates":[[[10.7067,59.75422],[10.70679,59.75416],[10.70671,59.75414],[10.70674,59.75403],[10.70663,59.75397],[10.70657,59.75417],[10.70663,59.75418],[10.70665,59.75429],[10.70672,59.75434],[10.70679,59.75433],[10.7067,59.75422]],[[10.70672,59.75419],[10.70666,59.75417],[10.70671,59.75416],[10.70672,59.75419]]]},"properties":{"a":247,"v":261,"dh":1.06,"pl":0,"fo":1,"c":410}},{"type":"Feature","geometry":{"type":"Polygon","coordinates":[[[10.7133,59.75422],[10.71355,59.75415],[10.71348,59.7541],[10.71354,59.75403],[10.71335,59.75408],[10.7133,59.75422]]]},"properties":{"a":169,"v":195,"dh":1.15,"pl":0,"c":412}},{"type":"Feature","geometry":{"type":"Polygon","coordinates":[[[10.70689,59.75451],[10.70727,59.75465],[10.70727,59.75461],[10.70709,59.75456],[10.70691,59.75441],[10.70685,59.75442],[10.70689,59.75451]]]},"properties":{"a":138,"v":152,"dh":1.1,"pl":0,"fo":1,"c":410}},{"type":"Feature","geometry":{"type":"Polygon","coordinates":[[[10.71239,59.75515],[10.71255,59.7551],[10.71256,59.755],[10.71237,59.75509],[10.71239,59.75515]]]},"properties":{"a":109,"v":134,"dh":1.23,"pl":0,"fo":1,"c":413}},{"type":"Feature","geometry":{"type":"Polygon","coordinates":[[[10.70523,59.75757],[10.70522,59.75739],[10.70508,59.75744],[10.70507,59.7575],[10.70496,59.75747],[10.70496,59.75753],[10.70502,59.75756],[10.70523,59.75757]]]},"properties":{"a":205,"v":287,"dh":1.4,"pl":0,"fo":1,"c":414}},{"type":"Feature","geometry":{"type":"Polygon","coordinates":[[[10.70315,59.758],[10.70328,59.75795],[10.70318,59.75787],[10.70312,59.75764],[10.70303,59.75767],[10.70303,59.75763],[10.70294,59.75761],[10.70295,59.75775],[10.70289,59.75778],[10.7027,59.75776],[10.7026,59.75767],[10.70236,59.75773],[10.70234,59.75777],[10.70221,59.7577],[10.70216,59.75776],[10.70219,59.75785],[10.70224,59.75786],[10.70222,59.7579],[10.7023,59.75793],[10.70237,59.75792],[10.7024,59.75783],[10.70268,59.75782],[10.70283,59.75787],[10.70278,59.75797],[10.70308,59.75793],[10.70315,59.758]],[[10.7031,59.75793],[10.70304,59.75791],[10.703,59.75785],[10.70307,59.75783],[10.7031,59.75793]],[[10.70272,59.7578],[10.70275,59.75779],[10.70275,59.7578],[10.70272,59.7578]]]},"properties":{"a":1108,"v":1441,"dh":1.3,"pl":0,"fo":1,"c":415}},{"type":"Feature","geometry":{"type":"Polygon","coordinates":[[[10.7004,59.75466],[10.70047,59.75464],[10.70052,59.75455],[10.70046,59.75435],[10.70045,59.75421],[10.7005,59.75413],[10.70039,59.75411],[10.70038,59.75377],[10.70044,59.75368],[10.70047,59.75343],[10.70042,59.75332],[10.70023,59.75379],[10.70026,59.75422],[10.70035,59.75462],[10.7004,59.75466]]]},"properties":{"a":1244,"v":1751,"dh":1.41,"pl":1,"pn":"G/S-VEI DALSBAKKEN-GLENNE","pd":"2012-05-29","fo":1,"c":406}},{"type":"Feature","geometry":{"type":"Polygon","coordinates":[[[10.70064,59.7555],[10.70071,59.75543],[10.70065,59.75538],[10.70063,59.75524],[10.70068,59.75515],[10.70062,59.75506],[10.70069,59.75502],[10.70056,59.75497],[10.70054,59.75482],[10.70042,59.75473],[10.70039,59.75483],[10.70045,59.75514],[10.70055,59.75548],[10.70064,59.7555]]]},"properties":{"a":704,"v":1077,"dh":1.53,"pl":1,"pn":"G/S-VEI DALSBAKKEN-GLENNE","pd":"2012-05-29","fo":1,"c":406}},{"type":"Feature","geometry":{"type":"Polygon","coordinates":[[[10.70076,59.75579],[10.7008,59.75574],[10.70076,59.75567],[10.70069,59.75567],[10.7007,59.75555],[10.70059,59.75556],[10.70062,59.75573],[10.70076,59.75579]]]},"properties":{"a":177,"v":174,"dh":0.98,"pl":1,"pn":"G/S-VEI DALSBAKKEN-GLENNE","pd":"2012-05-29","sh":1,"c":406}},{"type":"Feature","geometry":{"type":"Polygon","coordinates":[[[10.69992,59.75611],[10.70022,59.75587],[10.70026,59.75573],[10.70012,59.75579],[10.70001,59.75595],[10.69983,59.75607],[10.69992,59.75611]]]},"properties":{"a":273,"v":-307,"dh":1.13,"pl":1,"pn":"G/S-VEI DALSBAKKEN-GLENNE","pd":"2012-05-29","fo":1,"c":406}},{"type":"Feature","geometry":{"type":"Polygon","coordinates":[[[10.70058,59.75613],[10.70072,59.75605],[10.70067,59.75597],[10.70056,59.75604],[10.70058,59.75613]]]},"properties":{"a":101,"v":82,"dh":0.81,"pl":1,"pn":"G/S-VEI DALSBAKKEN-GLENNE","pd":"2012-05-29","sh":1,"c":406}},{"type":"Feature","geometry":{"type":"Polygon","coordinates":[[[10.70043,59.7563],[10.70054,59.75625],[10.70051,59.75615],[10.70043,59.75619],[10.70034,59.75614],[10.70025,59.7562],[10.70043,59.7563]]]},"properties":{"a":187,"v":-189,"dh":1.01,"pl":1,"pn":"G/S-VEI DALSBAKKEN-GLENNE","pd":"2012-05-29","c":406}},{"type":"Feature","geometry":{"type":"Polygon","coordinates":[[[10.69914,59.75644],[10.69968,59.75624],[10.69977,59.75619],[10.69978,59.75613],[10.69962,59.75613],[10.69928,59.75629],[10.69914,59.75644]]]},"properties":{"a":376,"v":446,"dh":1.19,"pl":1,"pn":"G/S-VEI DALSBAKKEN-GLENNE","pd":"2012-05-29","c":406}},{"type":"Feature","geometry":{"type":"Polygon","coordinates":[[[10.68683,59.75689],[10.68708,59.75687],[10.68698,59.7567],[10.68691,59.75673],[10.68691,59.7568],[10.68682,59.75681],[10.68683,59.75689]]]},"properties":{"a":199,"v":-261,"dh":1.31,"pl":0,"c":416}},{"type":"Feature","geometry":{"type":"Polygon","coordinates":[[[10.68695,59.75722],[10.68704,59.75714],[10.68722,59.75718],[10.68732,59.75715],[10.68732,59.75706],[10.68716,59.75707],[10.68706,59.757],[10.68685,59.75699],[10.6869,59.75701],[10.68685,59.75707],[10.68693,59.75709],[10.68693,59.75714],[10.68684,59.75715],[10.68684,59.7572],[10.68695,59.75722]]]},"properties":{"a":382,"v":383,"dh":1.0,"pl":0,"c":416}},{"type":"Feature","geometry":{"type":"Polygon","coordinates":[[[10.70237,59.75824],[10.70256,59.75819],[10.70256,59.75816],[10.70238,59.75812],[10.70229,59.7582],[10.70224,59.7582],[10.70237,59.75824]]]},"properties":{"a":109,"v":95,"dh":0.87,"pl":0,"sh":1,"c":417}},{"type":"Feature","geometry":{"type":"Polygon","coordinates":[[[10.70315,59.75924],[10.70303,59.7591],[10.70293,59.75912],[10.70296,59.75906],[10.70285,59.75894],[10.70293,59.75893],[10.70286,59.75886],[10.70279,59.75883],[10.70252,59.75886],[10.70264,59.75904],[10.70271,59.75906],[10.70274,59.759],[10.70285,59.75897],[10.70284,59.75912],[10.70315,59.75924]]]},"properties":{"a":470,"v":542,"dh":1.15,"pl":0,"fo":1,"c":418}},{"type":"Feature","geometry":{"type":"Polygon","coordinates":[[[10.70677,59.75981],[10.70652,59.75968],[10.70632,59.75971],[10.70636,59.7598],[10.70677,59.75981]]]},"properties":{"a":241,"v":322,"dh":1.34,"pl":0,"c":419}},{"type":"Feature","geometry":{"type":"Polygon","coordinates":[[[10.70334,59.75996],[10.7034,59.75993],[10.70315,59.75975],[10.70307,59.7598],[10.70327,59.75988],[10.70334,59.75996]]]},"properties":{"a":108,"v":86,"dh":0.8,"pl":0,"sh":1,"c":420}},{"type":"Feature","geometry":{"type":"Polygon","coordinates":[[[10.70954,59.76038],[10.70948,59.76029],[10.70953,59.7601],[10.70942,59.76003],[10.70941,59.7602],[10.70947,59.76034],[10.70954,59.76038]]]},"properties":{"a":134,"v":123,"dh":0.92,"pl":1,"pn":"GNR 50 BNR 1, GLENNE NEDRE","pd":"2016-10-31","sh":1,"c":421}},{"type":"Feature","geometry":{"type":"Polygon","coordinates":[[[10.71241,59.76174],[10.71244,59.76169],[10.7124,59.7616],[10.71214,59.76164],[10.71221,59.76173],[10.71241,59.76174]]]},"properties":{"a":172,"v":-279,"dh":1.62,"pl":0,"fo":1,"c":422}},{"type":"Feature","geometry":{"type":"Polygon","coordinates":[[[10.70843,59.76294],[10.70839,59.76288],[10.70859,59.7629],[10.70858,59.76283],[10.70863,59.76279],[10.70865,59.76271],[10.70858,59.76277],[10.70852,59.76273],[10.70853,59.76258],[10.70843,59.76263],[10.70844,59.7628],[10.70834,59.76289],[10.70843,59.76294]]]},"properties":{"a":284,"v":299,"dh":1.05,"pl":1,"pn":"GNR 50 BNR 1, GLENNE NEDRE","pd":"2016-10-31","fo":1,"c":423}},{"type":"Feature","geometry":{"type":"Polygon","coordinates":[[[10.70898,59.76291],[10.70919,59.76293],[10.70914,59.76291],[10.70919,59.76286],[10.70904,59.7628],[10.70898,59.76291]]]},"properties":{"a":108,"v":-93,"dh":0.86,"pl":1,"pn":"GNR 50 BNR 1, GLENNE NEDRE","pd":"2016-10-31","sh":1,"c":424}},{"type":"Feature","geometry":{"type":"Polygon","coordinates":[[[10.70842,59.7632],[10.70845,59.76313],[10.70843,59.76298],[10.70839,59.76298],[10.70832,59.763],[10.70833,59.76318],[10.70842,59.7632]]]},"properties":{"a":141,"v":158,"dh":1.12,"pl":0,"fo":1,"c":425}},{"type":"Feature","geometry":{"type":"Polygon","coordinates":[[[10.70873,59.76337],[10.70868,59.76327],[10.70906,59.76321],[10.70901,59.76314],[10.70888,59.76316],[10.70887,59.76293],[10.70873,59.76294],[10.70879,59.76314],[10.70886,59.76312],[10.70887,59.76317],[10.70865,59.7632],[10.7086,59.76329],[10.70866,59.76336],[10.70873,59.76337]],[[10.70883,59.76323],[10.70885,59.76321],[10.70885,59.76323],[10.70883,59.76323]]]},"properties":{"a":386,"v":416,"dh":1.08,"pl":1,"pn":"GNR 50 BNR 1, GLENNE NEDRE","pd":"2016-10-31","fo":1,"c":423}},{"type":"Feature","geometry":{"type":"Polygon","coordinates":[[[10.70908,59.76348],[10.70936,59.76344],[10.70941,59.76338],[10.7094,59.76326],[10.70933,59.76326],[10.70925,59.7634],[10.70914,59.76338],[10.7091,59.76329],[10.70903,59.76328],[10.709,59.76342],[10.70908,59.76348]]]},"properties":{"a":297,"v":319,"dh":1.07,"pl":1,"pn":"GNR 50 BNR 1, GLENNE NEDRE","pd":"2016-10-31","fo":1,"c":423}},{"type":"Feature","geometry":{"type":"MultiPolygon","coordinates":[[[[10.70204,59.7585],[10.70208,59.75851],[10.70209,59.75849],[10.70204,59.7585]]],[[[10.70202,59.75851],[10.70189,59.7586],[10.70193,59.75851],[10.70188,59.75848],[10.70186,59.75855],[10.70171,59.75857],[10.70173,59.75863],[10.70166,59.75869],[10.70177,59.75879],[10.70209,59.75884],[10.70207,59.75879],[10.70216,59.75876],[10.70223,59.75867],[10.70202,59.75851]]]]},"properties":{"a":689,"v":803,"dh":1.17,"pl":0,"fo":1,"c":418}},{"type":"Feature","geometry":{"type":"Polygon","coordinates":[[[10.7025,59.76021],[10.70228,59.76015],[10.70216,59.76006],[10.70205,59.76008],[10.70214,59.76018],[10.7025,59.76021]]]},"properties":{"a":178,"v":192,"dh":1.08,"pl":0,"fo":1,"c":426}},{"type":"Feature","geometry":{"type":"Polygon","coordinates":[[[10.69782,59.7613],[10.69803,59.76123],[10.69808,59.76117],[10.69833,59.76112],[10.69844,59.76088],[10.6984,59.76083],[10.6981,59.76078],[10.69807,59.7606],[10.69787,59.76043],[10.69766,59.76049],[10.69768,59.76068],[10.69754,59.76077],[10.69753,59.76089],[10.69746,59.76094],[10.69757,59.76099],[10.69756,59.76108],[10.69747,59.76112],[10.69751,59.76118],[10.69783,59.76115],[10.6979,59.76119],[10.69782,59.7613]],[[10.69763,59.76104],[10.6977,59.76106],[10.69769,59.76109],[10.69763,59.7611],[10.69763,59.76104]],[[10.69766,59.76102],[10.69768,59.76101],[10.69768,59.76102],[10.69766,59.76102]],[[10.69775,59.7609],[10.69776,59.76088],[10.69776,59.7609],[10.69775,59.7609]]]},"properties":{"a":2869,"v":6258,"dh":2.18,"pl":0,"c":427}},{"type":"Feature","geometry":{"type":"Polygon","coordinates":[[[10.69896,59.76892],[10.69888,59.76886],[10.69888,59.76878],[10.69877,59.76876],[10.69865,59.76884],[10.69889,59.76894],[10.69896,59.76892]]]},"properties":{"a":155,"v":171,"dh":1.1,"pl":0,"fo":1,"c":428}},{"type":"Feature","geometry":{"type":"Polygon","coordinates":[[[10.70132,59.76952],[10.70141,59.76946],[10.70128,59.76947],[10.70135,59.76936],[10.70128,59.76936],[10.70119,59.76949],[10.70132,59.76952]]]},"properties":{"a":100,"v":93,"dh":0.93,"pl":0,"sh":1,"c":429}},{"type":"Feature","geometry":{"type":"Polygon","coordinates":[[[10.70101,59.77263],[10.70097,59.77239],[10.70063,59.77242],[10.7007,59.77244],[10.70072,59.7725],[10.70067,59.77252],[10.70075,59.77261],[10.70101,59.77263]]]},"properties":{"a":413,"v":710,"dh":1.72,"pl":0,"fo":1,"c":430}},{"type":"Feature","geometry":{"type":"Polygon","coordinates":[[[10.70077,59.77307],[10.70096,59.77306],[10.70098,59.77301],[10.70085,59.77285],[10.70074,59.77287],[10.70065,59.77283],[10.7007,59.77276],[10.70059,59.77272],[10.70051,59.77253],[10.7004,59.77255],[10.70062,59.77299],[10.70077,59.77307]]]},"properties":{"a":627,"v":-1042,"dh":1.66,"pl":0,"fo":1,"c":430}},{"type":"Feature","geometry":{"type":"Polygon","coordinates":[[[10.70114,59.77304],[10.70135,59.77301],[10.70138,59.7728],[10.70101,59.77281],[10.7011,59.77298],[10.70116,59.77299],[10.70114,59.77304]]]},"properties":{"a":415,"v":527,"dh":1.27,"pl":0,"fo":1,"c":430}},{"type":"Feature","geometry":{"type":"Polygon","coordinates":[[[10.70263,59.77498],[10.70264,59.77486],[10.70246,59.77486],[10.70241,59.77492],[10.70247,59.77497],[10.70263,59.77498]]]},"properties":{"a":144,"v":186,"dh":1.29,"pl":0,"fo":1,"c":431}},{"type":"Feature","geometry":{"type":"Polygon","coordinates":[[[10.70861,59.77073],[10.70857,59.77063],[10.70861,59.77043],[10.70858,59.77043],[10.70858,59.77051],[10.70844,59.7706],[10.70861,59.77073]]]},"properties":{"a":131,"v":-341,"dh":2.61,"pl":0,"sl":1,"c":432}},{"type":"Feature","geometry":{"type":"Polygon","coordinates":[[[10.70663,59.77404],[10.7068,59.77403],[10.70687,59.77395],[10.70678,59.77391],[10.70653,59.77399],[10.70663,59.77404]]]},"properties":{"a":162,"v":147,"dh":0.91,"pl":0,"sh":1,"c":433}}]}