{"type":"FeatureCollection","features":[{"type":"Feature","geometry":{"type":"Polygon","coordinates":[[[10.85552,59.59504],[10.85607,59.59499],[10.85614,59.59495],[10.85613,59.59489],[10.85601,59.59483],[10.85548,59.59494],[10.85552,59.59504]]]},"properties":{"a":554,"v":1351,"dh":2.44,"pl":0,"c":0}},{"type":"Feature","geometry":{"type":"Polygon","coordinates":[[[10.85544,59.59508],[10.85547,59.595],[10.85541,59.59496],[10.85516,59.59499],[10.85519,59.59504],[10.85544,59.59508]]]},"properties":{"a":170,"v":262,"dh":1.54,"pl":0,"c":0}},{"type":"Feature","geometry":{"type":"Polygon","coordinates":[[[10.85595,59.5955],[10.85643,59.59538],[10.85642,59.59529],[10.85637,59.59524],[10.85598,59.59536],[10.85572,59.59537],[10.85576,59.59546],[10.85595,59.5955]]]},"properties":{"a":561,"v":-932,"dh":1.66,"pl":0,"c":0}},{"type":"Feature","geometry":{"type":"Polygon","coordinates":[[[10.84115,59.60596],[10.84113,59.60589],[10.84119,59.60579],[10.84117,59.60566],[10.84122,59.60566],[10.84118,59.60561],[10.84137,59.60552],[10.84127,59.60551],[10.84115,59.60562],[10.84109,59.60589],[10.84115,59.60596]]]},"properties":{"a":145,"v":174,"dh":1.2,"pl":0,"sl":1,"c":1}},{"type":"Feature","geometry":{"type":"Polygon","coordinates":[[[10.86912,59.60797],[10.87011,59.60768],[10.87048,59.60755],[10.87053,59.60746],[10.87046,59.60745],[10.86981,59.60763],[10.86942,59.60768],[10.86887,59.60788],[10.86912,59.60797]]]},"properties":{"a":1499,"v":-3828,"dh":2.55,"pl":1,"pn":"Reguleringsplan for Ålerudmyra skytebane","pd":"2014-03-24","c":2}},{"type":"Feature","geometry":{"type":"Polygon","coordinates":[[[10.87108,59.60813],[10.87122,59.60805],[10.87094,59.60794],[10.8708,59.60797],[10.87092,59.60809],[10.87108,59.60813]]]},"properties":{"a":291,"v":-678,"dh":2.33,"pl":1,"pn":"Reguleringsplan for Ålerudmyra skytebane","pd":"2014-03-24","c":2}},{"type":"Feature","geometry":{"type":"Polygon","coordinates":[[[10.87071,59.60825],[10.87073,59.60818],[10.87065,59.60808],[10.8707,59.60795],[10.87059,59.60796],[10.87059,59.60803],[10.87051,59.60803],[10.87047,59.60808],[10.87066,59.60825],[10.87071,59.60825]]]},"properties":{"a":232,"v":-282,"dh":1.21,"pl":1,"pn":"Reguleringsplan for Ålerudmyra skytebane","pd":"2014-03-24","c":2}},{"type":"Feature","geometry":{"type":"MultiPolygon","coordinates":[[[[10.8796,59.60808],[10.87962,59.60809],[10.87962,59.60808],[10.8796,59.60808]]],[[[10.88008,59.60819],[10.8801,59.6082],[10.8801,59.60819],[10.88008,59.60819]]],[[[10.8801,59.60817],[10.8803,59.60829],[10.88043,59.60843],[10.88042,59.60847],[10.88049,59.60849],[10.88052,59.6086],[10.88074,59.60889],[10.88089,59.60895],[10.88114,59.60896],[10.88142,59.60916],[10.88157,59.60933],[10.88155,59.60937],[10.88166,59.60942],[10.88176,59.60953],[10.88176,59.6096],[10.88193,59.60974],[10.88195,59.60992],[10.88215,59.61001],[10.8822,59.61023],[10.88274,59.6104],[10.88274,59.6103],[10.88282,59.61016],[10.88246,59.60986],[10.88239,59.60949],[10.88228,59.60939],[10.88227,59.60916],[10.88217,59.60901],[10.88198,59.60885],[10.88207,59.60873],[10.88199,59.60843],[10.8821,59.60836],[10.88211,59.60828],[10.88199,59.60807],[10.88184,59.60797],[10.88186,59.60788],[10.88174,59.60775],[10.88172,59.60764],[10.88165,59.6076],[10.88166,59.60751],[10.88161,59.6075],[10.88163,59.60727],[10.88157,59.60724],[10.88169,59.60718],[10.88169,59.6071],[10.88158,59.60705],[10.88147,59.60689],[10.88125,59.6069],[10.88122,59.60699],[10.88111,59.60691],[10.88105,59.60667],[10.88108,59.6066],[10.88104,59.60648],[10.8811,59.60636],[10.88105,59.60611],[10.88091,59.60619],[10.88087,59.60614],[10.88077,59.60612],[10.88048,59.60614],[10.88036,59.60622],[10.88038,59.60625],[10.88019,59.60633],[10.87952,59.60632],[10.87933,59.60642],[10.87924,59.60641],[10.87922,59.60658],[10.87915,59.60664],[10.87918,59.60684],[10.87904,59.60692],[10.87871,59.607],[10.87867,59.60705],[10.87873,59.60708],[10.87842,59.60722],[10.87839,59.60727],[10.87841,59.60738],[10.87859,59.60747],[10.87874,59.60767],[10.87873,59.6078],[10.87883,59.60789],[10.87912,59.608],[10.87949,59.60804],[10.87974,59.60811],[10.87978,59.60817],[10.8801,59.60817]]]]},"properties":{"a":44149,"v":170688,"dh":3.87,"pl":1,"pn":"Detaljreguleringsplan for massemottak på Aalerud gård","pd":"2017-03-15","c":3}},{"type":"Feature","geometry":{"type":"MultiPolygon","coordinates":[[[[10.87313,59.60736],[10.87311,59.60737],[10.87313,59.60737],[10.87313,59.60736]]],[[[10.87155,59.60807],[10.87154,59.60809],[10.87155,59.60809],[10.87155,59.60807]]],[[[10.87159,59.6081],[10.87156,59.60812],[10.87159,59.60813],[10.87159,59.6081]]],[[[10.87159,59.60815],[10.87161,59.60813],[10.87159,59.60813],[10.87159,59.60815]]],[[[10.87078,59.61011],[10.87097,59.60998],[10.87095,59.60988],[10.87141,59.60999],[10.87189,59.60999],[10.87249,59.60991],[10.87262,59.6098],[10.87245,59.60956],[10.87222,59.6095],[10.87233,59.60927],[10.87222,59.60922],[10.8728,59.6091],[10.87283,59.60904],[10.87302,59.60896],[10.87312,59.60883],[10.87312,59.60876],[10.87294,59.60873],[10.8729,59.60867],[10.87347,59.60867],[10.87339,59.60863],[10.87337,59.60854],[10.8733,59.60858],[10.87316,59.60855],[10.87315,59.60848],[10.87333,59.60851],[10.87338,59.60845],[10.87286,59.60761],[10.87311,59.60737],[10.87295,59.6074],[10.87297,59.60733],[10.87287,59.60723],[10.87243,59.60703],[10.87233,59.6071],[10.8714,59.60717],[10.87079,59.60733],[10.8707,59.60742],[10.87074,59.60745],[10.87071,59.60748],[10.87008,59.60772],[10.86935,59.60792],[10.86921,59.608],[10.86898,59.60796],[10.86882,59.60801],[10.86873,59.60789],[10.86838,59.6078],[10.86836,59.60771],[10.86827,59.60764],[10.86815,59.60767],[10.86815,59.60771],[10.86795,59.60763],[10.86787,59.60753],[10.86763,59.60739],[10.86763,59.60732],[10.86756,59.60731],[10.86763,59.6074],[10.86762,59.60746],[10.86767,59.60749],[10.86763,59.60756],[10.86786,59.60764],[10.86812,59.60791],[10.86811,59.60802],[10.86804,59.60802],[10.86808,59.60806],[10.86745,59.60814],[10.86743,59.60821],[10.86749,59.60824],[10.86745,59.60827],[10.8672,59.60827],[10.86719,59.60835],[10.86731,59.60852],[10.86815,59.60895],[10.86827,59.60898],[10.86838,59.60909],[10.86907,59.60939],[10.86942,59.60962],[10.86978,59.60971],[10.8698,59.60977],[10.86989,59.60974],[10.86988,59.60977],[10.86998,59.6098],[10.87004,59.60989],[10.8703,59.61],[10.87068,59.61013],[10.87078,59.61011]],[[10.87185,59.60957],[10.87149,59.60954],[10.87147,59.60946],[10.8716,59.60948],[10.87159,59.6094],[10.87148,59.60936],[10.87157,59.60933],[10.87155,59.60927],[10.87163,59.60922],[10.87174,59.60922],[10.87189,59.60941],[10.87196,59.60941],[10.87197,59.60949],[10.87192,59.60951],[10.87197,59.60953],[10.87185,59.60957]],[[10.87209,59.60908],[10.8722,59.6091],[10.87207,59.60911],[10.87209,59.60908]],[[10.87216,59.60874],[10.87215,59.60868],[10.87224,59.6087],[10.87223,59.60876],[10.87216,59.60874]],[[10.87072,59.60835],[10.87075,59.60837],[10.8707,59.60837],[10.87072,59.60835]],[[10.87163,59.6082],[10.87156,59.60824],[10.8713,59.60823],[10.87128,59.6082],[10.87121,59.60822],[10.87118,59.60814],[10.8711,59.60813],[10.87106,59.60821],[10.87096,59.60822],[10.87092,59.60812],[10.87075,59.60797],[10.8707,59.60806],[10.87074,59.6082],[10.87082,59.60826],[10.87093,59.60826],[10.87068,59.60831],[10.87059,59.60819],[10.87042,59.60808],[10.87047,59.60799],[10.87043,59.60793],[10.87073,59.6079],[10.8711,59.60794],[10.87198,59.60777],[10.87209,59.60781],[10.87209,59.60785],[10.87227,59.60785],[10.87233,59.60793],[10.87231,59.60801],[10.87217,59.60802],[10.87218,59.6081],[10.87174,59.60819],[10.87161,59.60815],[10.87163,59.6082]]]]},"properties":{"a":66307,"v":539214,"dh":8.13,"pl":1,"pn":"Reguleringsplan for Ålerudmyra skytebane","pd":"2014-03-24","c":2}},{"type":"Feature","geometry":{"type":"Polygon","coordinates":[[[10.87513,59.60893],[10.87546,59.60889],[10.87558,59.60879],[10.87547,59.60878],[10.87513,59.60893]]]},"properties":{"a":141,"v":131,"dh":0.93,"pl":1,"pn":"Detaljreguleringsplan for massemottak på Aalerud gård","pd":"2017-03-15","sh":1,"c":4}},{"type":"Feature","geometry":{"type":"Polygon","coordinates":[[[10.83895,59.60952],[10.83898,59.6095],[10.83895,59.60946],[10.83896,59.60934],[10.83888,59.60924],[10.83889,59.6094],[10.83886,59.60943],[10.83895,59.60952]]]},"properties":{"a":105,"v":-157,"dh":1.49,"pl":0,"sl":1,"c":5}},{"type":"Feature","geometry":{"type":"Polygon","coordinates":[[[10.87304,59.60907],[10.87338,59.60906],[10.87344,59.60887],[10.87353,59.60882],[10.8735,59.60873],[10.87315,59.60878],[10.87304,59.60907]]]},"properties":{"a":713,"v":-1235,"dh":1.73,"pl":1,"pn":"Reguleringsplan for Ålerudmyra skytebane","pd":"2014-03-24","c":2}},{"type":"Feature","geometry":{"type":"Polygon","coordinates":[[[10.8822,59.609],[10.8822,59.60895],[10.88225,59.60892],[10.8821,59.60874],[10.88209,59.60889],[10.8822,59.609]]]},"properties":{"a":113,"v":-118,"dh":1.04,"pl":1,"pn":"Detaljreguleringsplan for massemottak på Aalerud gård","pd":"2017-03-15","fo":1,"c":3}},{"type":"Feature","geometry":{"type":"Polygon","coordinates":[[[10.8747,59.60914],[10.87494,59.60909],[10.87506,59.60897],[10.87472,59.60897],[10.8747,59.60914]]]},"properties":{"a":277,"v":408,"dh":1.47,"pl":1,"pn":"Detaljreguleringsplan for massemottak på Aalerud gård","pd":"2017-03-15","fo":1,"c":6}},{"type":"Feature","geometry":{"type":"Polygon","coordinates":[[[10.87229,59.60921],[10.8727,59.60921],[10.87277,59.60916],[10.87229,59.60921]]]},"properties":{"a":153,"v":-284,"dh":1.86,"pl":0,"c":7}},{"type":"Feature","geometry":{"type":"Polygon","coordinates":[[[10.87338,59.60935],[10.87334,59.60927],[10.87312,59.60917],[10.87305,59.6092],[10.87305,59.60924],[10.87312,59.60922],[10.87338,59.60935]]]},"properties":{"a":122,"v":106,"dh":0.87,"pl":1,"pn":"Detaljreguleringsplan for massemottak på Aalerud gård","pd":"2017-03-15","sh":1,"c":4}},{"type":"Feature","geometry":{"type":"Polygon","coordinates":[[[10.87365,59.60942],[10.87406,59.60945],[10.87404,59.60935],[10.87419,59.60926],[10.87388,59.6092],[10.87355,59.6093],[10.87365,59.60942]]]},"properties":{"a":654,"v":1380,"dh":2.11,"pl":1,"pn":"Detaljreguleringsplan for massemottak på Aalerud gård","pd":"2017-03-15","fo":1,"c":6}},{"type":"Feature","geometry":{"type":"MultiPolygon","coordinates":[[[[10.87319,59.60971],[10.87317,59.60972],[10.87319,59.60972],[10.87319,59.60971]]],[[[10.87321,59.60973],[10.87358,59.61001],[10.87376,59.61021],[10.87357,59.60997],[10.87321,59.60973]]]]},"properties":{"a":139,"v":111,"dh":0.8,"pl":0,"sh":1,"c":8}},{"type":"Feature","geometry":{"type":"Polygon","coordinates":[[[10.8738,59.61093],[10.87372,59.61078],[10.87373,59.61047],[10.87364,59.61027],[10.8734,59.61001],[10.87299,59.60971],[10.87295,59.60958],[10.87289,59.60957],[10.87293,59.60953],[10.87287,59.60952],[10.87291,59.60948],[10.87285,59.60943],[10.8729,59.6094],[10.87283,59.60936],[10.87284,59.60927],[10.87267,59.60936],[10.87272,59.60956],[10.87284,59.60962],[10.87296,59.6098],[10.87322,59.60991],[10.87349,59.61014],[10.87361,59.61033],[10.87373,59.61087],[10.8738,59.61093]],[[10.87273,59.60943],[10.87282,59.60941],[10.87284,59.60945],[10.87276,59.60946],[10.87273,59.60943]]]},"properties":{"a":847,"v":986,"dh":1.16,"pl":1,"pn":"Reguleringsplan for Ålerudmyra skytebane","pd":"2014-03-24","fo":1,"c":2}},{"type":"Feature","geometry":{"type":"Polygon","coordinates":[[[10.87274,59.61063],[10.87276,59.6106],[10.87271,59.61062],[10.87256,59.61047],[10.87238,59.61042],[10.87244,59.6104],[10.87241,59.61037],[10.87225,59.6104],[10.87217,59.61032],[10.87198,59.61036],[10.87214,59.61037],[10.87216,59.61039],[10.87211,59.6104],[10.87225,59.61044],[10.87231,59.61051],[10.87231,59.61046],[10.87254,59.6105],[10.87259,59.61052],[10.87262,59.61062],[10.87274,59.61063]],[[10.87263,59.61061],[10.87267,59.6106],[10.87267,59.61061],[10.87263,59.61061]]]},"properties":{"a":258,"v":-455,"dh":1.76,"pl":0,"sl":1,"c":9}},{"type":"Feature","geometry":{"type":"Polygon","coordinates":[[[10.88722,59.61121],[10.88729,59.61112],[10.88706,59.61111],[10.88706,59.61121],[10.88722,59.61121]]]},"properties":{"a":129,"v":-348,"dh":2.7,"pl":0,"c":10}},{"type":"Feature","geometry":{"type":"Polygon","coordinates":[[[10.82759,59.61214],[10.82769,59.6121],[10.82762,59.612],[10.82763,59.61193],[10.82752,59.61193],[10.82759,59.61214]]]},"properties":{"a":125,"v":153,"dh":1.22,"pl":0,"fo":1,"c":11}},{"type":"Feature","geometry":{"type":"Polygon","coordinates":[[[10.83899,59.61251],[10.83886,59.61239],[10.8387,59.6124],[10.83878,59.61249],[10.83899,59.61251]],[[10.83886,59.61245],[10.83888,59.61244],[10.83888,59.61245],[10.83886,59.61245]]]},"properties":{"a":103,"v":-80,"dh":0.78,"pl":0,"sh":1,"c":12}},{"type":"Feature","geometry":{"type":"Polygon","coordinates":[[[10.87625,59.61217],[10.87632,59.61213],[10.87592,59.61192],[10.876,59.61211],[10.87625,59.61217]]]},"properties":{"a":227,"v":-214,"dh":0.94,"pl":0,"sh":1,"c":13}},{"type":"Feature","geometry":{"type":"Polygon","coordinates":[[[10.83527,59.61292],[10.83525,59.61283],[10.8353,59.61279],[10.83528,59.61269],[10.83517,59.61275],[10.83518,59.61285],[10.83527,59.61292]]]},"properties":{"a":101,"v":97,"dh":0.96,"pl":0,"sh":1,"c":14}},{"type":"Feature","geometry":{"type":"Polygon","coordinates":[[[10.87692,59.61246],[10.87692,59.61237],[10.87682,59.61229],[10.87665,59.6123],[10.87692,59.61246]]]},"properties":{"a":109,"v":-92,"dh":0.85,"pl":0,"sh":1,"c":13}},{"type":"Feature","geometry":{"type":"Polygon","coordinates":[[[10.87774,59.61293],[10.87774,59.61286],[10.87786,59.6128],[10.87757,59.61273],[10.87761,59.61271],[10.8775,59.61262],[10.8772,59.61262],[10.87716,59.61254],[10.87701,59.61246],[10.87685,59.61247],[10.87695,59.61266],[10.87742,59.61277],[10.8774,59.61281],[10.87754,59.61281],[10.87762,59.61289],[10.87774,59.61293]]]},"properties":{"a":955,"v":-1231,"dh":1.29,"pl":0,"c":13}},{"type":"Feature","geometry":{"type":"Polygon","coordinates":[[[10.83549,59.6137],[10.83553,59.61339],[10.83536,59.61329],[10.83531,59.61333],[10.83531,59.61354],[10.83542,59.61368],[10.83549,59.6137]]]},"properties":{"a":435,"v":640,"dh":1.47,"pl":0,"c":14}},{"type":"Feature","geometry":{"type":"MultiPolygon","coordinates":[[[[10.83341,59.61383],[10.83356,59.6138],[10.83358,59.61374],[10.8334,59.61369],[10.83341,59.61383]]],[[[10.83339,59.61383],[10.83341,59.61384],[10.83341,59.61383],[10.83339,59.61383]]]]},"properties":{"a":119,"v":154,"dh":1.29,"pl":0,"c":15}},{"type":"Feature","geometry":{"type":"Polygon","coordinates":[[[10.87826,59.61324],[10.87808,59.61315],[10.87809,59.6131],[10.87818,59.61309],[10.87816,59.61307],[10.87791,59.6131],[10.87812,59.61324],[10.87826,59.61324]]]},"properties":{"a":155,"v":-135,"dh":0.87,"pl":0,"sh":1,"c":13}},{"type":"Feature","geometry":{"type":"Polygon","coordinates":[[[10.83367,59.61441],[10.83396,59.61426],[10.83401,59.61418],[10.83399,59.61407],[10.83377,59.61398],[10.83381,59.61404],[10.83376,59.61413],[10.83381,59.61414],[10.83347,59.61433],[10.83351,59.61442],[10.83367,59.61441]]]},"properties":{"a":699,"v":857,"dh":1.23,"pl":0,"c":15}},{"type":"Feature","geometry":{"type":"Polygon","coordinates":[[[10.83058,59.61439],[10.83058,59.6143],[10.8304,59.61427],[10.83033,59.61431],[10.83039,59.61439],[10.83058,59.61439]]]},"properties":{"a":145,"v":-205,"dh":1.42,"pl":0,"fo":1,"c":16}},{"type":"Feature","geometry":{"type":"Polygon","coordinates":[[[10.83334,59.61455],[10.83335,59.61437],[10.8334,59.61435],[10.83338,59.61427],[10.83343,59.61423],[10.83338,59.61406],[10.83326,59.61409],[10.8332,59.61431],[10.83323,59.61448],[10.83334,59.61455]]]},"properties":{"a":423,"v":-600,"dh":1.42,"pl":0,"c":15}},{"type":"Feature","geometry":{"type":"Polygon","coordinates":[[[10.83383,59.61447],[10.8339,59.61443],[10.834,59.61428],[10.83376,59.61442],[10.83364,59.61444],[10.83383,59.61447]]]},"properties":{"a":112,"v":-112,"dh":1.0,"pl":0,"c":15}},{"type":"Feature","geometry":{"type":"Polygon","coordinates":[[[10.86372,59.61668],[10.86368,59.61656],[10.86382,59.61652],[10.86376,59.61642],[10.86352,59.61638],[10.86342,59.61643],[10.86341,59.61653],[10.8635,59.61661],[10.86372,59.61668]]]},"properties":{"a":465,"v":976,"dh":2.1,"pl":0,"fo":1,"c":17}},{"type":"Feature","geometry":{"type":"Polygon","coordinates":[[[10.87459,59.62114],[10.87451,59.62099],[10.8744,59.62093],[10.87396,59.62097],[10.87436,59.621],[10.87459,59.62114]]]},"properties":{"a":239,"v":306,"dh":1.28,"pl":0,"c":18}},{"type":"Feature","geometry":{"type":"MultiPolygon","coordinates":[[[[10.81143,59.62538],[10.81141,59.62539],[10.81143,59.62539],[10.81143,59.62538]]],[[[10.81146,59.62539],[10.81134,59.62546],[10.81137,59.62555],[10.81165,59.62552],[10.81145,59.62542],[10.81146,59.62539]]]]},"properties":{"a":196,"v":-251,"dh":1.28,"pl":0,"c":19}},{"type":"Feature","geometry":{"type":"Polygon","coordinates":[[[10.81722,59.62558],[10.81714,59.62545],[10.81715,59.62534],[10.81712,59.62533],[10.81714,59.62538],[10.81707,59.62539],[10.81705,59.6255],[10.81711,59.62553],[10.81709,59.62557],[10.81722,59.62558]]]},"properties":{"a":111,"v":145,"dh":1.31,"pl":1,"pn":"Follo Golfpark Vestre Bråte","pd":"2007-08-23","c":20}},{"type":"Feature","geometry":{"type":"Polygon","coordinates":[[[10.81272,59.6261],[10.81285,59.62608],[10.81283,59.62603],[10.81296,59.62588],[10.81285,59.62588],[10.81274,59.62601],[10.81272,59.6261]]]},"properties":{"a":155,"v":151,"dh":0.98,"pl":0,"sh":1,"c":21}},{"type":"Feature","geometry":{"type":"Polygon","coordinates":[[[10.81193,59.62751],[10.81216,59.6275],[10.81209,59.6274],[10.81195,59.62745],[10.81193,59.62751]]]},"properties":{"a":111,"v":117,"dh":1.06,"pl":0,"c":22}},{"type":"Feature","geometry":{"type":"Polygon","coordinates":[[[10.86755,59.62702],[10.86732,59.62693],[10.86724,59.62683],[10.86695,59.62674],[10.86705,59.62685],[10.86719,59.62686],[10.86739,59.627],[10.86755,59.62702]]]},"properties":{"a":175,"v":-322,"dh":1.84,"pl":0,"sl":1,"c":23}},{"type":"Feature","geometry":{"type":"Polygon","coordinates":[[[10.84887,59.62747],[10.84885,59.62741],[10.84869,59.62738],[10.84867,59.62733],[10.8487,59.62731],[10.84864,59.62723],[10.84855,59.62722],[10.84856,59.62727],[10.84849,59.62728],[10.84865,59.62743],[10.84887,59.62747]]]},"properties":{"a":207,"v":-268,"dh":1.3,"pl":0,"fo":1,"c":24}},{"type":"Feature","geometry":{"type":"MultiPolygon","coordinates":[[[[10.87718,59.62703],[10.8772,59.62705],[10.8772,59.62703],[10.87718,59.62703]]],[[[10.87722,59.62704],[10.87721,59.62713],[10.87731,59.62715],[10.87735,59.62722],[10.87732,59.62727],[10.87736,59.62732],[10.87741,59.62731],[10.87739,59.62719],[10.87733,59.62715],[10.87736,59.62708],[10.87713,59.62698],[10.87722,59.62704]]]]},"properties":{"a":148,"v":-167,"dh":1.13,"pl":0,"sl":1,"c":25}},{"type":"Feature","geometry":{"type":"Polygon","coordinates":[[[10.84544,59.62995],[10.84553,59.6299],[10.84538,59.62986],[10.8454,59.62977],[10.84531,59.62976],[10.8453,59.6299],[10.84544,59.62995]]]},"properties":{"a":138,"v":172,"dh":1.25,"pl":0,"fo":1,"c":26}},{"type":"Feature","geometry":{"type":"MultiPolygon","coordinates":[[[[10.84535,59.63514],[10.8453,59.63512],[10.84523,59.63518],[10.84535,59.63514]]],[[[10.84535,59.63514],[10.84539,59.63515],[10.84539,59.63514],[10.84535,59.63514]]],[[[10.84548,59.63515],[10.84532,59.63524],[10.84518,59.63525],[10.84529,59.63531],[10.84556,59.63526],[10.84548,59.63515]]]]},"properties":{"a":223,"v":292,"dh":1.31,"pl":0,"c":27}},{"type":"Feature","geometry":{"type":"Polygon","coordinates":[[[10.82819,59.63655],[10.82833,59.63651],[10.82825,59.63641],[10.82832,59.63627],[10.82826,59.63628],[10.82806,59.63653],[10.82819,59.63655]],[[10.82819,59.63649],[10.8282,59.63648],[10.8282,59.63649],[10.82819,59.63649]],[[10.82822,59.63644],[10.82824,59.63643],[10.82824,59.63644],[10.82822,59.63644]],[[10.82824,59.63642],[10.82825,59.63642],[10.82825,59.63642],[10.82824,59.63642]]]},"properties":{"a":198,"v":189,"dh":0.95,"pl":0,"sh":1,"c":28}},{"type":"Feature","geometry":{"type":"Polygon","coordinates":[[[10.82985,59.63943],[10.82987,59.63938],[10.82994,59.63937],[10.8299,59.63927],[10.82974,59.63931],[10.82974,59.63939],[10.82985,59.63943]],[[10.82987,59.63936],[10.82988,59.63935],[10.82989,59.63936],[10.82987,59.63936]]]},"properties":{"a":138,"v":-141,"dh":1.02,"pl":2,"pn":"Områderegulering for frittliggende småhusbebyggelse","pd":"2023-10-25","c":29}},{"type":"Feature","geometry":{"type":"Polygon","coordinates":[[[10.82814,59.63986],[10.82838,59.63977],[10.8284,59.63973],[10.82797,59.63978],[10.82801,59.63984],[10.82814,59.63986]]]},"properties":{"a":176,"v":-208,"dh":1.18,"pl":2,"pn":"Områderegulering for frittliggende småhusbebyggelse","pd":"2023-10-25","fo":1,"c":30}},{"type":"Feature","geometry":{"type":"Polygon","coordinates":[[[10.82799,59.64035],[10.8283,59.64021],[10.82821,59.64019],[10.82804,59.64025],[10.82785,59.64009],[10.82773,59.64011],[10.82773,59.64018],[10.82768,59.64017],[10.8277,59.64021],[10.8278,59.64022],[10.82779,59.64027],[10.82786,59.64033],[10.82799,59.64035]]]},"properties":{"a":418,"v":433,"dh":1.03,"pl":2,"pn":"Områderegulering for frittliggende småhusbebyggelse","pd":"2023-10-25","fo":1,"c":30}},{"type":"Feature","geometry":{"type":"Polygon","coordinates":[[[10.81099,59.62639],[10.81107,59.62635],[10.81105,59.62626],[10.81072,59.62612],[10.81063,59.62612],[10.8105,59.62622],[10.81085,59.62626],[10.81086,59.62629],[10.81073,59.6263],[10.81072,59.62637],[10.81099,59.62639]]]},"properties":{"a":438,"v":708,"dh":1.62,"pl":0,"c":31}},{"type":"Feature","geometry":{"type":"Polygon","coordinates":[[[10.81025,59.62666],[10.81031,59.62661],[10.8103,59.62657],[10.81025,59.62658],[10.81025,59.62651],[10.81031,59.62645],[10.81021,59.62644],[10.81031,59.62643],[10.81028,59.62639],[10.81014,59.62647],[10.81017,59.62664],[10.81025,59.62666]],[[10.81017,59.62649],[10.81019,59.62648],[10.81019,59.62649],[10.81017,59.62649]]]},"properties":{"a":169,"v":178,"dh":1.05,"pl":0,"fo":1,"c":31}},{"type":"Feature","geometry":{"type":"Polygon","coordinates":[[[10.81132,59.62661],[10.81133,59.62658],[10.81123,59.62658],[10.81129,59.62653],[10.81127,59.62646],[10.8112,59.62645],[10.8112,59.62649],[10.8111,59.62657],[10.81132,59.62661]]]},"properties":{"a":107,"v":-137,"dh":1.28,"pl":0,"c":31}},{"type":"Feature","geometry":{"type":"MultiPolygon","coordinates":[[[[10.8101,59.62702],[10.80995,59.62693],[10.80976,59.62708],[10.81015,59.62709],[10.81006,59.62705],[10.8101,59.62702]]],[[[10.81012,59.62704],[10.81013,59.62703],[10.81012,59.62703],[10.81012,59.62704]]]]},"properties":{"a":209,"v":-403,"dh":1.93,"pl":0,"c":32}},{"type":"Feature","geometry":{"type":"Polygon","coordinates":[[[10.81093,59.62776],[10.81102,59.62769],[10.81065,59.62769],[10.8107,59.62775],[10.81093,59.62776]]]},"properties":{"a":134,"v":-137,"dh":1.02,"pl":0,"c":33}},{"type":"Feature","geometry":{"type":"Polygon","coordinates":[[[10.81068,59.62798],[10.81091,59.62799],[10.8109,59.62786],[10.81085,59.62785],[10.81087,59.62791],[10.81068,59.62798]]]},"properties":{"a":105,"v":166,"dh":1.58,"pl":0,"c":33}},{"type":"Feature","geometry":{"type":"Polygon","coordinates":[[[10.79859,59.63969],[10.7987,59.63964],[10.79869,59.63959],[10.7985,59.63954],[10.79853,59.63962],[10.79848,59.63965],[10.79859,59.63969]]]},"properties":{"a":119,"v":124,"dh":1.04,"pl":0,"c":34}},{"type":"Feature","geometry":{"type":"Polygon","coordinates":[[[10.79761,59.64452],[10.79798,59.64443],[10.79816,59.6443],[10.79761,59.64452]]]},"properties":{"a":133,"v":148,"dh":1.11,"pl":0,"c":35}},{"type":"Feature","geometry":{"type":"Polygon","coordinates":[[[10.79805,59.64449],[10.79835,59.64448],[10.7984,59.64444],[10.79826,59.64434],[10.79803,59.64441],[10.79805,59.64449]],[[10.79821,59.64445],[10.79822,59.64444],[10.79823,59.64445],[10.79821,59.64445]],[[10.7982,59.64438],[10.79817,59.64439],[10.79817,59.64438],[10.7982,59.64438]]]},"properties":{"a":260,"v":-300,"dh":1.15,"pl":0,"c":35}},{"type":"Feature","geometry":{"type":"Polygon","coordinates":[[[10.79802,59.64462],[10.79809,59.64459],[10.79809,59.64455],[10.798,59.64449],[10.79782,59.64457],[10.79802,59.64462]]]},"properties":{"a":147,"v":219,"dh":1.49,"pl":0,"c":35}},{"type":"Feature","geometry":{"type":"MultiPolygon","coordinates":[[[[10.78775,59.6347],[10.78768,59.63463],[10.78755,59.6346],[10.78756,59.63466],[10.7877,59.63468],[10.78765,59.63472],[10.78771,59.6348],[10.7878,59.63484],[10.78774,59.6348],[10.78775,59.6347]],[[10.78768,59.63467],[10.78766,59.63468],[10.78766,59.63467],[10.78768,59.63467]],[[10.78766,59.63467],[10.78763,59.63466],[10.78766,59.63466],[10.78766,59.63467]]],[[[10.78777,59.63474],[10.78779,59.6348],[10.78785,59.63481],[10.78777,59.63474]]]]},"properties":{"a":116,"v":-120,"dh":1.03,"pl":1,"pn":"Østfoldbanen Ås stasjon - Vestby grense","pd":"1991-05-22","sl":1,"c":36}},{"type":"Feature","geometry":{"type":"Polygon","coordinates":[[[10.78791,59.63674],[10.78791,59.63666],[10.78783,59.63657],[10.78767,59.63652],[10.78782,59.63661],[10.78775,59.63662],[10.78775,59.63666],[10.78791,59.63674]]]},"properties":{"a":115,"v":-141,"dh":1.23,"pl":0,"sl":1,"c":37}},{"type":"Feature","geometry":{"type":"MultiPolygon","coordinates":[[[[10.78883,59.63767],[10.78876,59.63755],[10.7885,59.63748],[10.78865,59.63756],[10.78875,59.63772],[10.78883,59.63767]],[[10.78874,59.63758],[10.78872,59.63759],[10.78872,59.63758],[10.78874,59.63758]],[[10.78872,59.63758],[10.7887,59.63757],[10.78872,59.63757],[10.78872,59.63758]]],[[[10.78887,59.63769],[10.7888,59.63773],[10.78893,59.63778],[10.78887,59.63769]]]]},"properties":{"a":158,"v":-155,"dh":0.98,"pl":0,"sl":1,"c":38}},{"type":"Feature","geometry":{"type":"Polygon","coordinates":[[[10.78974,59.63932],[10.7897,59.63926],[10.78975,59.63924],[10.78955,59.63921],[10.7895,59.63912],[10.78944,59.63912],[10.78948,59.63921],[10.78974,59.63932]]]},"properties":{"a":113,"v":-124,"dh":1.1,"pl":0,"sl":1,"c":39}},{"type":"Feature","geometry":{"type":"Polygon","coordinates":[[[10.78927,59.64651],[10.78945,59.64651],[10.78939,59.64642],[10.78942,59.64638],[10.78927,59.64646],[10.78927,59.64651]]]},"properties":{"a":100,"v":103,"dh":1.03,"pl":0,"c":40}},{"type":"Feature","geometry":{"type":"Polygon","coordinates":[[[10.78694,59.64703],[10.78697,59.64695],[10.78707,59.6469],[10.78714,59.64693],[10.78725,59.64686],[10.78712,59.64688],[10.78714,59.64684],[10.78707,59.64683],[10.78689,59.64688],[10.78683,59.64703],[10.78694,59.64703]]]},"properties":{"a":200,"v":239,"dh":1.19,"pl":2,"pn":"Områderegulering for frittliggende småhusbebyggelse","pd":"2023-10-25","fo":1,"c":41}},{"type":"Feature","geometry":{"type":"Polygon","coordinates":[[[10.78683,59.64743],[10.7869,59.64732],[10.78688,59.64726],[10.78706,59.64728],[10.78694,59.64708],[10.78685,59.64708],[10.78677,59.64716],[10.7868,59.64718],[10.78671,59.64719],[10.78676,59.6474],[10.78683,59.64743]]]},"properties":{"a":401,"v":440,"dh":1.1,"pl":2,"pn":"Områderegulering for frittliggende småhusbebyggelse","pd":"2023-10-25","fo":1,"c":41}},{"type":"Feature","geometry":{"type":"Polygon","coordinates":[[[10.79192,59.64838],[10.79222,59.64831],[10.79231,59.64823],[10.7919,59.6483],[10.79187,59.64834],[10.79192,59.64838]]]},"properties":{"a":152,"v":187,"dh":1.23,"pl":0,"fo":1,"c":42}},{"type":"Feature","geometry":{"type":"Polygon","coordinates":[[[10.78736,59.64859],[10.78744,59.64856],[10.78744,59.6485],[10.78724,59.64841],[10.78707,59.64844],[10.78703,59.64852],[10.78705,59.64855],[10.78736,59.64859]]]},"properties":{"a":346,"v":-366,"dh":1.06,"pl":2,"pn":"Detaljregulering for Brekkeveien 61","pd":"2021-02-10","c":43}},{"type":"Feature","geometry":{"type":"Polygon","coordinates":[[[10.79191,59.64945],[10.7921,59.64943],[10.79214,59.64937],[10.79192,59.64937],[10.79185,59.6494],[10.79191,59.64945]]]},"properties":{"a":110,"v":125,"dh":1.14,"pl":0,"c":44}},{"type":"Feature","geometry":{"type":"Polygon","coordinates":[[[10.80735,59.64858],[10.80737,59.64853],[10.80731,59.64849],[10.80698,59.64849],[10.80702,59.64854],[10.80735,59.64858]]]},"properties":{"a":167,"v":341,"dh":2.04,"pl":1,"pn":"Områdereguleringsplan for Dyster Eldor II","pd":"2017-06-21","fo":1,"c":45}},{"type":"Feature","geometry":{"type":"Polygon","coordinates":[[[10.80793,59.64874],[10.80768,59.64865],[10.80762,59.64855],[10.80748,59.64856],[10.80754,59.64867],[10.80793,59.64874]]]},"properties":{"a":197,"v":327,"dh":1.66,"pl":1,"pn":"Områdereguleringsplan for Dyster Eldor II","pd":"2017-06-21","fo":1,"c":45}},{"type":"Feature","geometry":{"type":"Polygon","coordinates":[[[10.80717,59.64878],[10.80762,59.64883],[10.80761,59.64878],[10.80756,59.64877],[10.80759,59.64873],[10.80746,59.64865],[10.80744,59.64856],[10.80732,59.6486],[10.80734,59.64862],[10.80711,59.64857],[10.80702,59.64863],[10.80709,59.64865],[10.80717,59.64878]],[[10.80738,59.64878],[10.80736,59.64875],[10.80742,59.64877],[10.80738,59.64878]],[[10.80738,59.64872],[10.8074,59.64871],[10.8074,59.64872],[10.80738,59.64872]],[[10.80733,59.6487],[10.80731,59.64871],[10.80731,59.6487],[10.80733,59.6487]],[[10.80733,59.6487],[10.80734,59.64869],[10.80734,59.6487],[10.80733,59.6487]],[[10.80734,59.64869],[10.80736,59.64867],[10.80736,59.64869],[10.80734,59.64869]]]},"properties":{"a":582,"v":-679,"dh":1.17,"pl":1,"pn":"Områdereguleringsplan for Dyster Eldor II","pd":"2017-06-21","fo":1,"c":45}},{"type":"Feature","geometry":{"type":"Polygon","coordinates":[[[10.80833,59.64888],[10.80836,59.64884],[10.80816,59.64876],[10.80804,59.64876],[10.80833,59.64888]]]},"properties":{"a":109,"v":175,"dh":1.61,"pl":1,"pn":"Områdereguleringsplan for Dyster Eldor II","pd":"2017-06-21","fo":1,"c":45}},{"type":"Feature","geometry":{"type":"Polygon","coordinates":[[[10.80861,59.64958],[10.80859,59.64945],[10.80862,59.64943],[10.8085,59.64941],[10.80846,59.64936],[10.80853,59.64935],[10.80844,59.64934],[10.80843,59.64941],[10.80853,59.64956],[10.80861,59.64958]]]},"properties":{"a":126,"v":-102,"dh":0.81,"pl":1,"pn":"Områdereguleringsplan for Dyster Eldor II","pd":"2017-06-21","sh":1,"c":103}},{"type":"Feature","geometry":{"type":"Polygon","coordinates":[[[10.79806,59.64999],[10.79834,59.64997],[10.79834,59.64984],[10.79828,59.64983],[10.79831,59.64976],[10.79824,59.64975],[10.79829,59.64972],[10.79827,59.6496],[10.79811,59.64961],[10.79818,59.64966],[10.79819,59.64973],[10.79811,59.64989],[10.79806,59.64991],[10.79806,59.64999]]]},"properties":{"a":444,"v":455,"dh":1.02,"pl":1,"pn":"Østfoldbanen Ås stasjon - Vestby grense","pd":"1991-05-22","c":36}},{"type":"Feature","geometry":{"type":"Polygon","coordinates":[[[10.80888,59.64988],[10.80902,59.64981],[10.8088,59.64975],[10.8088,59.64965],[10.80867,59.64962],[10.80871,59.64973],[10.80866,59.64975],[10.80868,59.64985],[10.80888,59.64988]],[[10.80879,59.64984],[10.80875,59.64978],[10.80887,59.64978],[10.8088,59.6498],[10.80879,59.64984]],[[10.8087,59.64976],[10.80871,59.64976],[10.80871,59.64976],[10.8087,59.64976]],[[10.80875,59.64975],[10.80877,59.64975],[10.80877,59.64975],[10.80875,59.64975]],[[10.80873,59.64966],[10.80876,59.64965],[10.80876,59.64966],[10.80873,59.64966]]]},"properties":{"a":238,"v":-192,"dh":0.81,"pl":1,"pn":"Områdereguleringsplan for Dyster Eldor II","pd":"2017-06-21","sh":1,"c":103}},{"type":"Feature","geometry":{"type":"Polygon","coordinates":[[[10.79799,59.64996],[10.79795,59.64988],[10.79772,59.64988],[10.79774,59.65004],[10.79792,59.65004],[10.79799,59.64996]],[[10.79795,59.64997],[10.79792,59.64996],[10.79795,59.64996],[10.79795,59.64997]]]},"properties":{"a":250,"v":-410,"dh":1.64,"pl":2,"pn":"Områderegulering for frittliggende småhusbebyggelse","pd":"2023-10-25","c":46}},{"type":"Feature","geometry":{"type":"Polygon","coordinates":[[[10.80873,59.65003],[10.80883,59.65001],[10.80872,59.64996],[10.80863,59.64984],[10.80858,59.64995],[10.80873,59.65003]]]},"properties":{"a":125,"v":-103,"dh":0.82,"pl":1,"pn":"Områdereguleringsplan for Dyster Eldor II","pd":"2017-06-21","sh":1,"c":103}},{"type":"Feature","geometry":{"type":"MultiPolygon","coordinates":[[[[10.83265,59.64258],[10.83263,59.6426],[10.83265,59.6426],[10.83265,59.64258]]],[[[10.83265,59.6426],[10.83276,59.64269],[10.83294,59.64265],[10.83281,59.64263],[10.83281,59.64257],[10.83265,59.6426]]]]},"properties":{"a":112,"v":108,"dh":0.96,"pl":0,"sh":1,"c":47}},{"type":"Feature","geometry":{"type":"Polygon","coordinates":[[[10.86095,59.64347],[10.86107,59.64342],[10.86104,59.64334],[10.86076,59.64334],[10.86082,59.64343],[10.86095,59.64347]]]},"properties":{"a":201,"v":-250,"dh":1.25,"pl":0,"c":48}},{"type":"Feature","geometry":{"type":"Polygon","coordinates":[[[10.86048,59.64438],[10.86062,59.64434],[10.86067,59.64428],[10.86056,59.64422],[10.86037,59.64431],[10.86048,59.64438]]]},"properties":{"a":166,"v":-172,"dh":1.04,"pl":0,"c":49}},{"type":"Feature","geometry":{"type":"Polygon","coordinates":[[[10.84346,59.64588],[10.84345,59.64575],[10.84323,59.64566],[10.84327,59.64574],[10.84338,59.6458],[10.84339,59.64588],[10.84346,59.64588]]]},"properties":{"a":102,"v":-143,"dh":1.41,"pl":0,"fo":1,"c":50}},{"type":"Feature","geometry":{"type":"Polygon","coordinates":[[[10.83748,59.64613],[10.83767,59.64607],[10.83773,59.64588],[10.83748,59.64585],[10.83743,59.64598],[10.83751,59.64609],[10.83724,59.64609],[10.83724,59.64613],[10.83748,59.64613]]]},"properties":{"a":425,"v":-444,"dh":1.04,"pl":0,"c":51}},{"type":"Feature","geometry":{"type":"Polygon","coordinates":[[[10.83692,59.64759],[10.83752,59.6475],[10.83748,59.64747],[10.83763,59.64741],[10.83763,59.64737],[10.83745,59.64733],[10.83724,59.64736],[10.83718,59.64746],[10.83697,59.64751],[10.83684,59.64751],[10.83686,59.64747],[10.8368,59.64745],[10.83677,59.64751],[10.83661,59.64752],[10.83652,59.64749],[10.83657,59.64747],[10.83654,59.64746],[10.8364,59.6475],[10.83649,59.64757],[10.83663,59.64754],[10.83692,59.64759]]]},"properties":{"a":723,"v":1276,"dh":1.77,"pl":0,"fo":1,"c":52}},{"type":"Feature","geometry":{"type":"Polygon","coordinates":[[[10.8309,59.65116],[10.83093,59.65107],[10.83084,59.65099],[10.83076,59.65111],[10.8309,59.65116]]]},"properties":{"a":124,"v":-161,"dh":1.3,"pl":2,"pn":"Områderegulering for frittliggende småhusbebyggelse","pd":"2023-10-25","c":53}},{"type":"Feature","geometry":{"type":"Polygon","coordinates":[[[10.83963,59.6537],[10.8397,59.65366],[10.83964,59.65363],[10.83964,59.65355],[10.83976,59.65352],[10.83976,59.65326],[10.83957,59.65332],[10.83955,59.65352],[10.83963,59.6537]]]},"properties":{"a":394,"v":582,"dh":1.48,"pl":0,"fo":1,"c":54}},{"type":"Feature","geometry":{"type":"Polygon","coordinates":[[[10.83278,59.65433],[10.833,59.65421],[10.83303,59.65411],[10.83292,59.65406],[10.83289,59.65416],[10.83272,59.6542],[10.83267,59.65426],[10.83269,59.65431],[10.83278,59.65433]]]},"properties":{"a":278,"v":520,"dh":1.87,"pl":0,"c":55}},{"type":"Feature","geometry":{"type":"Polygon","coordinates":[[[10.82737,59.65571],[10.82756,59.65568],[10.82754,59.65562],[10.82768,59.65558],[10.82768,59.65554],[10.82752,59.65557],[10.82749,59.65563],[10.82723,59.65575],[10.82716,59.65574],[10.82714,59.65579],[10.82728,59.65579],[10.82737,59.65571]],[[10.82735,59.65571],[10.82733,59.6557],[10.82735,59.6557],[10.82735,59.65571]]]},"properties":{"a":202,"v":174,"dh":0.86,"pl":0,"sh":1,"c":56}},{"type":"Feature","geometry":{"type":"MultiPolygon","coordinates":[[[[10.7881,59.6498],[10.7879,59.64973],[10.78784,59.64961],[10.78771,59.64957],[10.78769,59.64951],[10.7876,59.64951],[10.7876,59.64948],[10.78753,59.64951],[10.78777,59.64968],[10.78783,59.64978],[10.7881,59.6498]]],[[[10.7881,59.6498],[10.78811,59.6498],[10.7881,59.6498],[10.7881,59.6498]]]]},"properties":{"a":271,"v":385,"dh":1.42,"pl":0,"fo":1,"c":57}},{"type":"Feature","geometry":{"type":"Polygon","coordinates":[[[10.78979,59.6509],[10.78989,59.65078],[10.78974,59.65075],[10.78964,59.65081],[10.78964,59.65086],[10.78979,59.6509]]]},"properties":{"a":147,"v":203,"dh":1.38,"pl":2,"pn":"Områderegulering for frittliggende småhusbebyggelse","pd":"2023-10-25","c":58}},{"type":"Feature","geometry":{"type":"Polygon","coordinates":[[[10.78768,59.65197],[10.78776,59.6519],[10.78777,59.65176],[10.78788,59.65174],[10.78779,59.65165],[10.78784,59.65164],[10.78784,59.6516],[10.78774,59.65153],[10.78757,59.65164],[10.78756,59.65173],[10.78761,59.65175],[10.78755,59.65183],[10.78758,59.65188],[10.7875,59.65195],[10.78768,59.65197]]]},"properties":{"a":568,"v":-803,"dh":1.41,"pl":2,"pn":"Områderegulering for frittliggende småhusbebyggelse","pd":"2023-10-25","c":58}},{"type":"Feature","geometry":{"type":"Polygon","coordinates":[[[10.79342,59.65253],[10.79362,59.65248],[10.79378,59.65251],[10.79383,59.6525],[10.79363,59.65243],[10.79342,59.65253]]]},"properties":{"a":101,"v":-130,"dh":1.28,"pl":1,"pn":"Reguleringsplan for Søndre Moer gård","pd":"2003-11-19","c":59}},{"type":"Feature","geometry":{"type":"Polygon","coordinates":[[[10.7978,59.65282],[10.79782,59.65252],[10.79775,59.6525],[10.79776,59.65261],[10.79767,59.65263],[10.79776,59.65265],[10.79769,59.65271],[10.79775,59.65274],[10.7977,59.65281],[10.7978,59.65282]]]},"properties":{"a":165,"v":178,"dh":1.08,"pl":1,"pn":"Reguleringsplan for Søndre Moer gård","pd":"2003-11-19","c":59}},{"type":"Feature","geometry":{"type":"MultiPolygon","coordinates":[[[[10.79492,59.65328],[10.79506,59.65333],[10.79517,59.65329],[10.79498,59.65319],[10.79491,59.65318],[10.79499,59.65322],[10.79492,59.65328]]],[[[10.79492,59.6533],[10.79487,59.65329],[10.79487,59.6533],[10.79492,59.6533]]]]},"properties":{"a":109,"v":82,"dh":0.75,"pl":1,"pn":"Reguleringsplan for Søndre Moer gård","pd":"2003-11-19","sh":1,"c":59}},{"type":"Feature","geometry":{"type":"Polygon","coordinates":[[[10.79495,59.65359],[10.79506,59.65354],[10.79507,59.65346],[10.79526,59.65338],[10.79517,59.65334],[10.79496,59.6534],[10.79478,59.65329],[10.7946,59.6533],[10.79456,59.65325],[10.79468,59.65324],[10.7945,59.65316],[10.7948,59.65312],[10.79484,59.65307],[10.79477,59.65308],[10.79475,59.65304],[10.79446,59.65292],[10.79448,59.653],[10.79443,59.65306],[10.79447,59.65311],[10.79434,59.65306],[10.79425,59.65306],[10.79427,59.65312],[10.79423,59.65312],[10.79412,59.65305],[10.79407,59.65306],[10.79413,59.6531],[10.79412,59.6532],[10.79495,59.65359]],[[10.79445,59.65324],[10.79449,59.65322],[10.79449,59.65324],[10.79445,59.65324]],[[10.79466,59.65308],[10.79469,59.65307],[10.79469,59.65308],[10.79466,59.65308]]]},"properties":{"a":1582,"v":1604,"dh":1.01,"pl":1,"pn":"Reguleringsplan for Søndre Moer gård","pd":"2003-11-19","c":59}},{"type":"Feature","geometry":{"type":"Polygon","coordinates":[[[10.79765,59.65351],[10.79788,59.65359],[10.79784,59.65346],[10.79791,59.65346],[10.79792,59.6534],[10.79778,59.65338],[10.7978,59.65334],[10.79774,59.65331],[10.79769,59.65333],[10.79773,59.65339],[10.79755,59.65332],[10.79765,59.65351]]]},"properties":{"a":353,"v":448,"dh":1.27,"pl":1,"pn":"Reguleringsplan for Søndre Moer gård","pd":"2003-11-19","c":59}},{"type":"Feature","geometry":{"type":"Polygon","coordinates":[[[10.79188,59.65383],[10.79184,59.65371],[10.79168,59.65375],[10.7917,59.65381],[10.79188,59.65383]]]},"properties":{"a":122,"v":137,"dh":1.12,"pl":2,"pn":"Områderegulering for frittliggende småhusbebyggelse","pd":"2023-10-25","c":60}},{"type":"Feature","geometry":{"type":"Polygon","coordinates":[[[10.79603,59.65414],[10.79628,59.6541],[10.79636,59.65395],[10.79644,59.65394],[10.79642,59.65387],[10.79647,59.65385],[10.79644,59.65378],[10.79621,59.65383],[10.7962,59.65375],[10.79591,59.6536],[10.7957,59.65361],[10.79571,59.65354],[10.79552,59.65362],[10.79545,59.65357],[10.79552,59.65353],[10.79548,59.65348],[10.7953,59.65351],[10.79534,59.65356],[10.79518,59.65357],[10.79522,59.65361],[10.79515,59.65366],[10.79537,59.65374],[10.79537,59.65381],[10.79588,59.65406],[10.79604,59.65405],[10.79603,59.65414]],[[10.79595,59.65399],[10.79597,59.654],[10.79595,59.654],[10.79595,59.65399]],[[10.79595,59.65399],[10.79593,59.65398],[10.79595,59.65398],[10.79595,59.65399]],[[10.79593,59.65398],[10.79591,59.65397],[10.79593,59.65397],[10.79593,59.65398]],[[10.79578,59.65383],[10.79551,59.65377],[10.79544,59.65371],[10.79551,59.6537],[10.79578,59.65383]],[[10.79538,59.65368],[10.79542,59.65366],[10.79542,59.65368],[10.79538,59.65368]],[[10.79551,59.65366],[10.79554,59.65365],[10.79554,59.65366],[10.79551,59.65366]]]},"properties":{"a":2447,"v":3557,"dh":1.45,"pl":1,"pn":"Reguleringsplan for Søndre Moer gård","pd":"2003-11-19","c":59}},{"type":"Feature","geometry":{"type":"MultiPolygon","coordinates":[[[[10.78275,59.63203],[10.78244,59.63185],[10.78235,59.63187],[10.78253,59.63192],[10.78254,59.63198],[10.78268,59.63205],[10.78275,59.63203]]],[[[10.78277,59.63205],[10.78277,59.63213],[10.78285,59.63212],[10.78285,59.63219],[10.78294,59.63223],[10.78288,59.63212],[10.78277,59.63205]]]]},"properties":{"a":181,"v":-270,"dh":1.49,"pl":0,"sl":1,"c":61}},{"type":"Feature","geometry":{"type":"MultiPolygon","coordinates":[[[[10.78375,59.63383],[10.78373,59.63379],[10.78368,59.63378],[10.78375,59.63383]]],[[[10.78377,59.6339],[10.78392,59.63395],[10.78392,59.634],[10.78403,59.63405],[10.78403,59.6341],[10.78412,59.6341],[10.78386,59.63385],[10.7838,59.63383],[10.78375,59.63383],[10.78377,59.6339]]]]},"properties":{"a":171,"v":-244,"dh":1.42,"pl":0,"sl":1,"c":62}},{"type":"Feature","geometry":{"type":"Polygon","coordinates":[[[10.78277,59.6545],[10.78302,59.65454],[10.78305,59.65437],[10.7831,59.65436],[10.78308,59.6543],[10.78313,59.65429],[10.7831,59.65424],[10.78286,59.6542],[10.783,59.65416],[10.78275,59.65413],[10.78217,59.65417],[10.78226,59.6542],[10.78284,59.65419],[10.78276,59.65425],[10.78277,59.6545]]]},"properties":{"a":775,"v":873,"dh":1.13,"pl":1,"pn":"Detaljregulering for Burumskogen","pd":"2014-06-06","c":63}},{"type":"Feature","geometry":{"type":"Polygon","coordinates":[[[10.78249,59.65446],[10.7825,59.65442],[10.78239,59.65436],[10.78235,59.65427],[10.78224,59.65425],[10.78224,59.6544],[10.78249,59.65446]]]},"properties":{"a":169,"v":166,"dh":0.98,"pl":1,"pn":"Detaljregulering for Burumskogen","pd":"2014-06-06","sh":1,"c":63}},{"type":"Feature","geometry":{"type":"Polygon","coordinates":[[[10.78174,59.65447],[10.78177,59.65438],[10.78166,59.65431],[10.78163,59.65436],[10.78165,59.65447],[10.78174,59.65447]]]},"properties":{"a":100,"v":99,"dh":0.99,"pl":1,"pn":"Detaljregulering for Burumskogen","pd":"2014-06-06","sh":1,"c":63}},{"type":"Feature","geometry":{"type":"MultiPolygon","coordinates":[[[[10.78518,59.65432],[10.78519,59.65431],[10.78518,59.65431],[10.78518,59.65432]]],[[[10.78518,59.65431],[10.7851,59.65416],[10.78482,59.65404],[10.78435,59.65405],[10.78438,59.65403],[10.78434,59.65401],[10.78412,59.65412],[10.78424,59.65412],[10.78407,59.65422],[10.78406,59.65427],[10.78395,59.65429],[10.78395,59.65433],[10.78386,59.65428],[10.78385,59.65432],[10.7839,59.65432],[10.78386,59.65434],[10.78389,59.65442],[10.78398,59.65441],[10.78407,59.65451],[10.78395,59.65455],[10.78395,59.65459],[10.78402,59.65457],[10.78402,59.65463],[10.78416,59.65464],[10.7842,59.65467],[10.78406,59.65466],[10.78404,59.65469],[10.78413,59.6547],[10.78408,59.65474],[10.78409,59.65483],[10.78427,59.6549],[10.78425,59.65497],[10.78451,59.65504],[10.78469,59.65482],[10.78454,59.65478],[10.78444,59.65488],[10.78428,59.65488],[10.78447,59.65473],[10.78499,59.6545],[10.785,59.65438],[10.78505,59.65435],[10.785,59.65427],[10.78518,59.65431]],[[10.78436,59.65494],[10.78432,59.65491],[10.78437,59.6549],[10.78436,59.65494]],[[10.78467,59.65412],[10.78471,59.65413],[10.78467,59.65413],[10.78467,59.65412]],[[10.78454,59.6541],[10.78456,59.65411],[10.78454,59.65411],[10.78454,59.6541]]]]},"properties":{"a":4431,"v":5641,"dh":1.27,"pl":1,"pn":"Detaljregulering for Burumskogen","pd":"2014-06-06","c":63}},{"type":"Feature","geometry":{"type":"Polygon","coordinates":[[[10.78177,59.65466],[10.78202,59.65467],[10.78203,59.65453],[10.78176,59.6545],[10.78173,59.65454],[10.78177,59.65466]]]},"properties":{"a":271,"v":-500,"dh":1.85,"pl":1,"pn":"Detaljregulering for Burumskogen","pd":"2014-06-06","c":63}},{"type":"Feature","geometry":{"type":"Polygon","coordinates":[[[10.78363,59.65463],[10.7837,59.65458],[10.7838,59.65455],[10.78357,59.6545],[10.78357,59.65454],[10.78349,59.65456],[10.78351,59.65462],[10.78363,59.65463]]]},"properties":{"a":136,"v":-162,"dh":1.19,"pl":1,"pn":"Detaljregulering for Burumskogen","pd":"2014-06-06","c":63}},{"type":"Feature","geometry":{"type":"Polygon","coordinates":[[[10.78347,59.65485],[10.78357,59.6548],[10.78355,59.65471],[10.78335,59.65458],[10.78322,59.65459],[10.78331,59.65465],[10.78325,59.65476],[10.78327,59.65481],[10.78347,59.65485]]]},"properties":{"a":358,"v":343,"dh":0.96,"pl":1,"pn":"Detaljregulering for Burumskogen","pd":"2014-06-06","sh":1,"c":63}},{"type":"Feature","geometry":{"type":"Polygon","coordinates":[[[10.78499,59.65475],[10.78516,59.65472],[10.7851,59.65463],[10.785,59.65464],[10.78499,59.65475]]]},"properties":{"a":105,"v":115,"dh":1.09,"pl":2,"pn":"Områderegulering for frittliggende småhusbebyggelse","pd":"2023-10-25","c":64}},{"type":"Feature","geometry":{"type":"Polygon","coordinates":[[[10.77423,59.63788],[10.77448,59.63756],[10.77465,59.63722],[10.7745,59.63729],[10.77457,59.63731],[10.77448,59.63736],[10.7745,59.63741],[10.77443,59.63743],[10.77444,59.63748],[10.77438,59.63748],[10.77441,59.63759],[10.77432,59.63763],[10.77417,59.63785],[10.77423,59.63788]]]},"properties":{"a":262,"v":221,"dh":0.84,"pl":0,"sh":1,"c":65}},{"type":"Feature","geometry":{"type":"Polygon","coordinates":[[[10.77317,59.64377],[10.77319,59.64371],[10.7731,59.6437],[10.7731,59.64365],[10.7728,59.64369],[10.77282,59.64373],[10.77306,59.64373],[10.77317,59.64377]]]},"properties":{"a":161,"v":172,"dh":1.07,"pl":0,"c":66}},{"type":"Feature","geometry":{"type":"Polygon","coordinates":[[[10.77378,59.6442],[10.7739,59.64416],[10.77389,59.64395],[10.77381,59.64402],[10.77378,59.64414],[10.77378,59.6442]]]},"properties":{"a":130,"v":-140,"dh":1.08,"pl":0,"c":66}},{"type":"Feature","geometry":{"type":"Polygon","coordinates":[[[10.77375,59.64502],[10.77396,59.64482],[10.77382,59.64466],[10.77396,59.64462],[10.77398,59.64453],[10.77375,59.64437],[10.77356,59.64437],[10.77348,59.6443],[10.77334,59.64429],[10.77369,59.64477],[10.77373,59.64493],[10.7737,59.64502],[10.77375,59.64502]]]},"properties":{"a":1200,"v":1786,"dh":1.49,"pl":0,"c":66}},{"type":"Feature","geometry":{"type":"Polygon","coordinates":[[[10.77433,59.64695],[10.77458,59.64691],[10.77464,59.64677],[10.77484,59.64672],[10.77485,59.64668],[10.7748,59.64663],[10.77487,59.64663],[10.77485,59.64656],[10.775,59.6464],[10.775,59.64636],[10.77478,59.64634],[10.77478,59.64629],[10.77463,59.64621],[10.77463,59.64613],[10.77475,59.64605],[10.77464,59.64602],[10.77462,59.6459],[10.77444,59.64596],[10.77415,59.64622],[10.77421,59.64636],[10.77414,59.64638],[10.77413,59.64648],[10.77397,59.64652],[10.77403,59.64656],[10.77378,59.64653],[10.77378,59.64658],[10.77369,59.64661],[10.77343,59.64659],[10.77352,59.64673],[10.77372,59.64684],[10.77433,59.64695]],[[10.77392,59.64659],[10.77396,59.64658],[10.77396,59.64659],[10.77392,59.64659]]]},"properties":{"a":4698,"v":9548,"dh":2.03,"pl":0,"c":67}},{"type":"Feature","geometry":{"type":"Polygon","coordinates":[[[10.77793,59.65352],[10.77798,59.65341],[10.7778,59.65339],[10.77782,59.65351],[10.77793,59.65352]]]},"properties":{"a":108,"v":106,"dh":0.98,"pl":0,"sh":1,"c":68}},{"type":"Feature","geometry":{"type":"Polygon","coordinates":[[[10.77477,59.65788],[10.77457,59.65781],[10.77457,59.65773],[10.77438,59.65781],[10.77452,59.65788],[10.77477,59.65788]]]},"properties":{"a":158,"v":-143,"dh":0.9,"pl":2,"pn":"Områderegulering for frittliggende småhusbebyggelse","pd":"2023-10-25","sh":1,"c":69}},{"type":"Feature","geometry":{"type":"Polygon","coordinates":[[[10.77043,59.64097],[10.77066,59.64085],[10.77067,59.64079],[10.77046,59.64079],[10.77043,59.64097]]]},"properties":{"a":171,"v":201,"dh":1.18,"pl":0,"fo":1,"c":70}},{"type":"Feature","geometry":{"type":"Polygon","coordinates":[[[10.77115,59.64406],[10.77125,59.64403],[10.77159,59.64397],[10.77125,59.64401],[10.77134,59.64375],[10.77122,59.64376],[10.77115,59.64403],[10.77115,59.64406]]]},"properties":{"a":231,"v":281,"dh":1.21,"pl":0,"c":71}},{"type":"Feature","geometry":{"type":"Polygon","coordinates":[[[10.77168,59.64406],[10.7721,59.64401],[10.77219,59.64394],[10.77238,59.64389],[10.77247,59.64385],[10.77244,59.64373],[10.77168,59.64406]]]},"properties":{"a":408,"v":461,"dh":1.13,"pl":0,"fo":1,"c":71}},{"type":"Feature","geometry":{"type":"Polygon","coordinates":[[[10.7709,59.6444],[10.77115,59.6444],[10.77109,59.64437],[10.77108,59.64421],[10.77113,59.64408],[10.77106,59.64406],[10.77078,59.64417],[10.77079,59.64426],[10.7709,59.64432],[10.7709,59.6444]]]},"properties":{"a":546,"v":935,"dh":1.71,"pl":0,"fo":1,"c":71}},{"type":"Feature","geometry":{"type":"Polygon","coordinates":[[[10.77201,59.64601],[10.77213,59.64589],[10.77202,59.64586],[10.77207,59.64575],[10.77193,59.64573],[10.7718,59.64593],[10.77201,59.64601]]]},"properties":{"a":346,"v":508,"dh":1.47,"pl":0,"fo":1,"c":72}},{"type":"Feature","geometry":{"type":"Polygon","coordinates":[[[10.77238,59.64657],[10.77266,59.64642],[10.77265,59.64633],[10.77274,59.64625],[10.77244,59.6463],[10.77243,59.64623],[10.7723,59.64615],[10.77236,59.64613],[10.7723,59.646],[10.77222,59.64598],[10.77192,59.64629],[10.77184,59.64646],[10.77195,59.64652],[10.77238,59.64657]]]},"properties":{"a":1685,"v":3055,"dh":1.81,"pl":0,"fo":1,"c":67}},{"type":"Feature","geometry":{"type":"Polygon","coordinates":[[[10.7726,59.64872],[10.77277,59.64867],[10.77281,59.64859],[10.77275,59.64858],[10.77289,59.64854],[10.77254,59.64852],[10.77259,59.64847],[10.77224,59.64854],[10.77223,59.64849],[10.77213,59.64848],[10.77199,59.64833],[10.77192,59.64831],[10.7719,59.64825],[10.77157,59.64809],[10.77146,59.64794],[10.77137,59.64791],[10.77084,59.64791],[10.77072,59.64802],[10.77067,59.64817],[10.77053,59.64826],[10.77015,59.64831],[10.77015,59.64836],[10.77004,59.64835],[10.7699,59.64843],[10.76971,59.64838],[10.76975,59.64845],[10.76994,59.64847],[10.76993,59.64852],[10.77002,59.64859],[10.77034,59.64868],[10.77088,59.6487],[10.77128,59.64865],[10.7726,59.64872]]]},"properties":{"a":8098,"v":15040,"dh":1.86,"pl":0,"c":73}},{"type":"Feature","geometry":{"type":"Polygon","coordinates":[[[10.77194,59.65068],[10.77202,59.65056],[10.77203,59.65043],[10.77195,59.65044],[10.772,59.65051],[10.77191,59.65053],[10.77187,59.6506],[10.77189,59.65068],[10.77194,59.65068]]]},"properties":{"a":133,"v":150,"dh":1.13,"pl":0,"c":74}},{"type":"Feature","geometry":{"type":"Polygon","coordinates":[[[10.773,59.65827],[10.77307,59.65824],[10.77302,59.65811],[10.77273,59.6582],[10.773,59.65827]]]},"properties":{"a":213,"v":-282,"dh":1.32,"pl":2,"pn":"Områderegulering for frittliggende småhusbebyggelse","pd":"2023-10-25","c":75}},{"type":"Feature","geometry":{"type":"Polygon","coordinates":[[[10.77327,59.6587],[10.77352,59.65871],[10.77346,59.65859],[10.77324,59.65858],[10.77327,59.6587]]]},"properties":{"a":197,"v":175,"dh":0.89,"pl":2,"pn":"Områderegulering for frittliggende småhusbebyggelse","pd":"2023-10-25","sh":1,"c":75}},{"type":"Feature","geometry":{"type":"Polygon","coordinates":[[[10.7818,59.6549],[10.78185,59.65486],[10.78169,59.6548],[10.78169,59.65475],[10.78163,59.65473],[10.78166,59.65489],[10.7818,59.6549]]]},"properties":{"a":121,"v":104,"dh":0.86,"pl":1,"pn":"Detaljregulering for Burumskogen","pd":"2014-06-06","sh":1,"c":63}},{"type":"Feature","geometry":{"type":"Polygon","coordinates":[[[10.783,59.65503],[10.78304,59.65494],[10.78313,59.6549],[10.78311,59.65485],[10.78299,59.65483],[10.78313,59.6548],[10.78309,59.65473],[10.78296,59.65474],[10.7829,59.65464],[10.78285,59.65465],[10.78279,59.65475],[10.78279,59.6548],[10.78284,59.65481],[10.78283,59.65499],[10.783,59.65503]]]},"properties":{"a":512,"v":650,"dh":1.27,"pl":1,"pn":"Detaljregulering for Burumskogen","pd":"2014-06-06","c":63}},{"type":"Feature","geometry":{"type":"Polygon","coordinates":[[[10.78389,59.65515],[10.78401,59.65504],[10.78365,59.6549],[10.78359,59.65492],[10.78373,59.65509],[10.78389,59.65515]],[[10.78389,59.65508],[10.78392,59.65508],[10.7839,59.6551],[10.78389,59.65508]]]},"properties":{"a":278,"v":-302,"dh":1.09,"pl":1,"pn":"Detaljregulering for Burumskogen","pd":"2014-06-06","c":63}},{"type":"Feature","geometry":{"type":"MultiPolygon","coordinates":[[[[10.78259,59.65504],[10.78262,59.65497],[10.78255,59.65496],[10.78256,59.65486],[10.78227,59.65481],[10.78232,59.65497],[10.78259,59.65504]]],[[[10.78252,59.65505],[10.78249,59.65511],[10.7823,59.65503],[10.78223,59.65494],[10.78201,59.65493],[10.78212,59.65489],[10.78212,59.65484],[10.78208,59.65477],[10.78197,59.65475],[10.78196,59.65486],[10.78201,59.65489],[10.78193,59.65495],[10.78216,59.65504],[10.78192,59.65522],[10.78234,59.65531],[10.78226,59.65545],[10.78259,59.65534],[10.78266,59.65514],[10.78256,59.65508],[10.78274,59.65513],[10.78271,59.65508],[10.78252,59.65505]],[[10.78239,59.65525],[10.78242,59.65526],[10.78239,59.65526],[10.78239,59.65525]],[[10.78214,59.65501],[10.78216,59.65502],[10.78214,59.65502],[10.78214,59.65501]],[[10.7822,59.65501],[10.78223,59.65502],[10.7822,59.65502],[10.7822,59.65501]]]]},"properties":{"a":1654,"v":1850,"dh":1.12,"pl":1,"pn":"Detaljregulering for Burumskogen","pd":"2014-06-06","c":63}},{"type":"Feature","geometry":{"type":"MultiPolygon","coordinates":[[[[10.78347,59.655],[10.78349,59.65497],[10.7834,59.655],[10.78347,59.655]]],[[[10.78342,59.65506],[10.78338,59.65494],[10.78329,59.65494],[10.7833,59.65504],[10.78355,59.65513],[10.78359,59.65521],[10.78366,59.65524],[10.78361,59.65527],[10.78374,59.65527],[10.78382,59.65521],[10.78377,59.65515],[10.78342,59.65506]]]]},"properties":{"a":285,"v":-301,"dh":1.06,"pl":1,"pn":"Detaljregulering for Burumskogen","pd":"2014-06-06","c":63}},{"type":"Feature","geometry":{"type":"Polygon","coordinates":[[[10.78425,59.65526],[10.78458,59.65509],[10.78458,59.65506],[10.78449,59.6551],[10.7844,59.65505],[10.78413,59.65505],[10.78417,59.65509],[10.78409,59.65519],[10.78423,59.65522],[10.78418,59.65525],[10.78425,59.65526]]]},"properties":{"a":356,"v":315,"dh":0.88,"pl":2,"pn":"Områderegulering for frittliggende småhusbebyggelse","pd":"2023-10-25","sh":1,"c":64}},{"type":"Feature","geometry":{"type":"Polygon","coordinates":[[[10.78353,59.65542],[10.78365,59.65533],[10.78352,59.65526],[10.78338,59.65528],[10.78344,59.65532],[10.78341,59.6554],[10.78355,59.65537],[10.78353,59.65542]]]},"properties":{"a":144,"v":-124,"dh":0.86,"pl":1,"pn":"Detaljregulering for Burumskogen","pd":"2014-06-06","sh":1,"c":63}},{"type":"Feature","geometry":{"type":"Polygon","coordinates":[[[10.78322,59.6555],[10.78317,59.65521],[10.78304,59.65524],[10.78291,59.6554],[10.78298,59.65546],[10.78322,59.6555]]]},"properties":{"a":361,"v":363,"dh":1.01,"pl":1,"pn":"Detaljregulering for Burumskogen","pd":"2014-06-06","c":63}},{"type":"Feature","geometry":{"type":"Polygon","coordinates":[[[10.78297,59.65657],[10.78298,59.65644],[10.78293,59.65641],[10.78279,59.65653],[10.78297,59.65657]]]},"properties":{"a":113,"v":97,"dh":0.86,"pl":2,"pn":"Områderegulering for frittliggende småhusbebyggelse","pd":"2023-10-25","sh":1,"c":76}},{"type":"Feature","geometry":{"type":"Polygon","coordinates":[[[10.78376,59.6647],[10.78386,59.66467],[10.78387,59.66456],[10.78378,59.6645],[10.78362,59.66448],[10.78375,59.66451],[10.78377,59.66454],[10.78359,59.66455],[10.78363,59.66464],[10.78358,59.66466],[10.78376,59.6647]],[[10.78379,59.66457],[10.78384,59.66456],[10.78384,59.66457],[10.78379,59.66457]]]},"properties":{"a":267,"v":413,"dh":1.55,"pl":1,"pn":"Reguleringsplan for Vestre del av Kajaområdet","pd":"1995-11-22","c":77}},{"type":"Feature","geometry":{"type":"Polygon","coordinates":[[[10.77271,59.66485],[10.77279,59.66481],[10.77277,59.66473],[10.77259,59.6647],[10.77249,59.66475],[10.77249,59.66482],[10.77255,59.66484],[10.77271,59.66485]]]},"properties":{"a":236,"v":293,"dh":1.24,"pl":1,"pn":"Campus ÅS","pd":"2012-06-20","c":78}},{"type":"Feature","geometry":{"type":"Polygon","coordinates":[[[10.77069,59.66497],[10.77113,59.66498],[10.77111,59.66494],[10.77124,59.66497],[10.77122,59.66494],[10.77143,59.66494],[10.77147,59.6649],[10.77079,59.66492],[10.77061,59.66488],[10.77062,59.66493],[10.77069,59.66497]]]},"properties":{"a":363,"v":291,"dh":0.8,"pl":1,"pn":"Campus ÅS","pd":"2012-06-20","sh":1,"c":78}},{"type":"Feature","geometry":{"type":"Polygon","coordinates":[[[10.77115,59.66556],[10.77123,59.66549],[10.77119,59.66545],[10.77133,59.66532],[10.7711,59.66532],[10.77096,59.66541],[10.77098,59.66551],[10.77115,59.66556]]]},"properties":{"a":367,"v":-528,"dh":1.44,"pl":1,"pn":"Campus ÅS","pd":"2012-06-20","c":78}},{"type":"Feature","geometry":{"type":"Polygon","coordinates":[[[10.77281,59.66786],[10.77277,59.6678],[10.77265,59.6678],[10.77266,59.66769],[10.77291,59.66768],[10.77302,59.66774],[10.77302,59.6677],[10.77346,59.66766],[10.77285,59.66762],[10.7728,59.66757],[10.77278,59.66764],[10.77267,59.66762],[10.77262,59.66767],[10.77258,59.66783],[10.77274,59.66782],[10.77274,59.66787],[10.77281,59.66786]]]},"properties":{"a":363,"v":376,"dh":1.04,"pl":1,"pn":"Campus ÅS","pd":"2012-06-20","c":78}},{"type":"Feature","geometry":{"type":"Polygon","coordinates":[[[10.77344,59.66799],[10.77342,59.66787],[10.77333,59.66794],[10.77278,59.66795],[10.77291,59.66799],[10.77344,59.66799]]]},"properties":{"a":204,"v":199,"dh":0.97,"pl":1,"pn":"Campus ÅS","pd":"2012-06-20","sh":1,"c":78}},{"type":"Feature","geometry":{"type":"MultiPolygon","coordinates":[[[[10.77189,59.6696],[10.77214,59.66959],[10.77216,59.66956],[10.77212,59.66949],[10.77206,59.66949],[10.77199,59.66953],[10.77203,59.66958],[10.77189,59.6696]]],[[[10.77187,59.66962],[10.77182,59.66965],[10.77181,59.66971],[10.77188,59.66968],[10.77187,59.66962]]]]},"properties":{"a":112,"v":-85,"dh":0.76,"pl":1,"pn":"Campus ÅS","pd":"2012-06-20","sh":1,"c":79}},{"type":"Feature","geometry":{"type":"Polygon","coordinates":[[[10.77232,59.6699],[10.77228,59.66985],[10.77238,59.66982],[10.77235,59.66986],[10.77244,59.66987],[10.77245,59.66982],[10.77233,59.66981],[10.77206,59.66984],[10.77232,59.6699]]]},"properties":{"a":123,"v":94,"dh":0.76,"pl":1,"pn":"Campus ÅS","pd":"2012-06-20","sh":1,"c":79}},{"type":"Feature","geometry":{"type":"Polygon","coordinates":[[[10.7708,59.67421],[10.7711,59.67407],[10.77109,59.67402],[10.77092,59.67401],[10.77068,59.67417],[10.7708,59.67421]]]},"properties":{"a":265,"v":-438,"dh":1.65,"pl":0,"c":80}},{"type":"Feature","geometry":{"type":"Polygon","coordinates":[[[10.77179,59.6744],[10.77194,59.67429],[10.77177,59.67407],[10.77156,59.67408],[10.77141,59.67419],[10.77128,59.6742],[10.7715,59.6743],[10.77164,59.67428],[10.77168,59.67438],[10.77179,59.6744]]]},"properties":{"a":705,"v":-1084,"dh":1.54,"pl":0,"c":80}},{"type":"Feature","geometry":{"type":"Polygon","coordinates":[[[10.77145,59.67438],[10.77154,59.67433],[10.77102,59.67426],[10.77113,59.67433],[10.7713,59.6743],[10.77131,59.67436],[10.77145,59.67438]]]},"properties":{"a":145,"v":126,"dh":0.87,"pl":0,"sh":1,"c":80}},{"type":"Feature","geometry":{"type":"Polygon","coordinates":[[[10.77489,59.66357],[10.7753,59.66359],[10.77526,59.66353],[10.77489,59.66357]]]},"properties":{"a":145,"v":239,"dh":1.65,"pl":1,"pn":"Reguleringsplan med reguleringsbestemmelser for Damstykket - NLH","pd":"1980-01-28","c":81}},{"type":"Feature","geometry":{"type":"Polygon","coordinates":[[[10.77661,59.66377],[10.77658,59.66351],[10.77654,59.66351],[10.77649,59.66355],[10.77651,59.66365],[10.77648,59.66369],[10.77654,59.66377],[10.77661,59.66377]]]},"properties":{"a":120,"v":121,"dh":1.01,"pl":1,"pn":"Reguleringsplan med reguleringsbestemmelser for Damstykket - NLH","pd":"1980-01-28","c":81}},{"type":"Feature","geometry":{"type":"Polygon","coordinates":[[[10.7739,59.66387],[10.77395,59.66383],[10.77391,59.66374],[10.77364,59.66372],[10.77368,59.66384],[10.7739,59.66387]]]},"properties":{"a":242,"v":385,"dh":1.59,"pl":1,"pn":"Reguleringsplan med reguleringsbestemmelser for Damstykket - NLH","pd":"1980-01-28","c":81}},{"type":"Feature","geometry":{"type":"Polygon","coordinates":[[[10.7788,59.66456],[10.77894,59.66449],[10.77893,59.66443],[10.7788,59.66435],[10.77852,59.66431],[10.77845,59.66441],[10.77849,59.66449],[10.7786,59.66455],[10.7788,59.66456]]]},"properties":{"a":558,"v":-680,"dh":1.22,"pl":1,"pn":"Reguleringsplan med reguleringsbestemmelser for Damstykket - NLH","pd":"1980-01-28","c":81}},{"type":"Feature","geometry":{"type":"Polygon","coordinates":[[[10.77441,59.66745],[10.77462,59.66741],[10.77461,59.66734],[10.77449,59.66733],[10.77438,59.6674],[10.77441,59.66745]]]},"properties":{"a":139,"v":-172,"dh":1.24,"pl":1,"pn":"Campus ÅS","pd":"2012-06-20","c":78}},{"type":"Feature","geometry":{"type":"Polygon","coordinates":[[[10.77392,59.66771],[10.77437,59.66769],[10.77436,59.66765],[10.77388,59.66767],[10.77392,59.66771]]]},"properties":{"a":159,"v":139,"dh":0.87,"pl":1,"pn":"Reguleringsplan for Kommandanten","pd":"1999-09-22","sh":1,"c":82}},{"type":"Feature","geometry":{"type":"Polygon","coordinates":[[[10.77831,59.68118],[10.77839,59.68103],[10.77821,59.68099],[10.77813,59.68106],[10.77811,59.68115],[10.77831,59.68118]]]},"properties":{"a":239,"v":-312,"dh":1.31,"pl":0,"fo":1,"c":83}},{"type":"Feature","geometry":{"type":"Polygon","coordinates":[[[10.7782,59.68771],[10.77837,59.68773],[10.77856,59.68759],[10.77938,59.68729],[10.77947,59.68703],[10.77935,59.68664],[10.77941,59.68625],[10.7795,59.68622],[10.77967,59.68602],[10.78008,59.6858],[10.78091,59.68562],[10.78092,59.68554],[10.78097,59.68552],[10.78121,59.68554],[10.78138,59.68544],[10.7813,59.68532],[10.78146,59.68538],[10.78161,59.68536],[10.78165,59.68523],[10.78151,59.68516],[10.78131,59.68519],[10.78057,59.68551],[10.78044,59.68549],[10.78016,59.68563],[10.78002,59.68564],[10.77992,59.68571],[10.77964,59.68578],[10.77926,59.68608],[10.7792,59.68615],[10.77922,59.68619],[10.77911,59.6862],[10.77922,59.68621],[10.77929,59.68632],[10.77914,59.6865],[10.77888,59.68651],[10.7788,59.68647],[10.77838,59.68644],[10.77807,59.68634],[10.77788,59.6864],[10.77774,59.68652],[10.77773,59.6866],[10.77762,59.68666],[10.77766,59.68673],[10.77758,59.68679],[10.77755,59.68688],[10.77758,59.68691],[10.7775,59.68692],[10.77753,59.68695],[10.77752,59.68705],[10.77774,59.68722],[10.77808,59.6873],[10.7787,59.68723],[10.77915,59.68725],[10.77903,59.68735],[10.77854,59.68746],[10.77856,59.6875],[10.77842,59.68761],[10.7782,59.68771]],[[10.77828,59.68772],[10.77832,59.68771],[10.77832,59.68772],[10.77828,59.68772]],[[10.7788,59.68696],[10.77894,59.68693],[10.77894,59.68695],[10.7788,59.68696]]]},"properties":{"a":13358,"v":26516,"dh":1.99,"pl":0,"c":84}},{"type":"Feature","geometry":{"type":"Polygon","coordinates":[[[10.78182,59.68734],[10.78185,59.68731],[10.78183,59.68724],[10.78158,59.68723],[10.78162,59.68733],[10.78171,59.68731],[10.78169,59.68725],[10.78171,59.68725],[10.78182,59.68734]]]},"properties":{"a":140,"v":157,"dh":1.12,"pl":0,"sl":1,"c":85}},{"type":"Feature","geometry":{"type":"Polygon","coordinates":[[[10.77711,59.68805],[10.77782,59.68794],[10.77792,59.68787],[10.77808,59.68786],[10.77809,59.68779],[10.77806,59.68778],[10.77816,59.68776],[10.77793,59.68776],[10.77758,59.68785],[10.77687,59.68791],[10.77695,59.68798],[10.77686,59.68799],[10.77686,59.68804],[10.77711,59.68805]]]},"properties":{"a":1098,"v":1309,"dh":1.19,"pl":0,"fo":1,"c":84}},{"type":"Feature","geometry":{"type":"Polygon","coordinates":[[[10.78256,59.66751],[10.7825,59.66745],[10.78262,59.6674],[10.7825,59.66737],[10.78241,59.66742],[10.78245,59.6675],[10.78256,59.66751]]]},"properties":{"a":105,"v":112,"dh":1.07,"pl":1,"pn":"Detalreguleringsplan for del av Skogveien","pd":"2018-06-20","c":86}},{"type":"Feature","geometry":{"type":"Polygon","coordinates":[[[10.78535,59.66754],[10.78545,59.66749],[10.78547,59.66744],[10.78534,59.66739],[10.78525,59.66746],[10.78531,59.66749],[10.78522,59.6675],[10.78535,59.66754]],[[10.78538,59.66746],[10.78541,59.66745],[10.78541,59.66746],[10.78538,59.66746]],[[10.78538,59.66744],[10.78541,59.66742],[10.78541,59.66744],[10.78538,59.66744]]]},"properties":{"a":125,"v":102,"dh":0.81,"pl":1,"pn":"Detalreguleringsplan for del av Skogveien","pd":"2018-06-20","sh":1,"c":87}},{"type":"Feature","geometry":{"type":"Polygon","coordinates":[[[10.78259,59.66779],[10.78262,59.66773],[10.78271,59.6677],[10.78261,59.66756],[10.78241,59.66775],[10.78259,59.66779]]]},"properties":{"a":205,"v":178,"dh":0.87,"pl":1,"pn":"Detalreguleringsplan for del av Skogveien","pd":"2018-06-20","sh":1,"c":86}},{"type":"Feature","geometry":{"type":"Polygon","coordinates":[[[10.78462,59.66798],[10.78482,59.66796],[10.78485,59.66794],[10.78483,59.66788],[10.78504,59.66785],[10.78511,59.66778],[10.78495,59.66775],[10.78491,59.66766],[10.7847,59.66771],[10.78463,59.66783],[10.78448,59.66793],[10.78462,59.66798]],[[10.78465,59.66783],[10.78469,59.66782],[10.78469,59.66783],[10.78465,59.66783]]]},"properties":{"a":596,"v":-618,"dh":1.04,"pl":1,"pn":"Detalreguleringsplan for del av Skogveien","pd":"2018-06-20","fo":1,"c":88}},{"type":"Feature","geometry":{"type":"Polygon","coordinates":[[[10.78395,59.66839],[10.78416,59.66832],[10.78421,59.66828],[10.78418,59.66823],[10.78407,59.66825],[10.78395,59.66839]]]},"properties":{"a":100,"v":-88,"dh":0.88,"pl":1,"pn":"Detalreguleringsplan for del av Skogveien","pd":"2018-06-20","sh":1,"c":86}},{"type":"Feature","geometry":{"type":"MultiPolygon","coordinates":[[[[10.78461,59.66832],[10.78457,59.66833],[10.78461,59.66833],[10.78461,59.66832]]],[[[10.78477,59.66833],[10.78456,59.66836],[10.78454,59.66831],[10.78442,59.66845],[10.78421,59.66849],[10.78418,59.66857],[10.78426,59.66854],[10.78468,59.66862],[10.78495,59.66849],[10.78477,59.66833]],[[10.78488,59.66844],[10.78486,59.66845],[10.78486,59.66844],[10.78488,59.66844]]]]},"properties":{"a":848,"v":932,"dh":1.1,"pl":1,"pn":"Detalreguleringsplan for del av Skogveien","pd":"2018-06-20","fo":1,"c":86}},{"type":"Feature","geometry":{"type":"MultiPolygon","coordinates":[[[[10.78412,59.66858],[10.78412,59.66848],[10.78396,59.66845],[10.7838,59.66849],[10.78371,59.66856],[10.78391,59.66848],[10.78391,59.66857],[10.78377,59.6686],[10.78379,59.66864],[10.78407,59.66862],[10.78412,59.66858]]],[[[10.78416,59.66859],[10.78414,59.66858],[10.78414,59.66859],[10.78416,59.66859]]]]},"properties":{"a":282,"v":301,"dh":1.07,"pl":1,"pn":"Detalreguleringsplan for del av Skogveien","pd":"2018-06-20","fo":1,"c":86}},{"type":"Feature","geometry":{"type":"Polygon","coordinates":[[[10.78234,59.66877],[10.78271,59.66869],[10.78314,59.66873],[10.78331,59.66863],[10.78298,59.66847],[10.78279,59.66844],[10.78256,59.66857],[10.78224,59.66856],[10.78223,59.66867],[10.78214,59.66871],[10.78234,59.66877]]]},"properties":{"a":1339,"v":-2162,"dh":1.61,"pl":1,"pn":"Detalreguleringsplan for del av Skogveien","pd":"2018-06-20","c":86}},{"type":"Feature","geometry":{"type":"MultiPolygon","coordinates":[[[[10.78369,59.66868],[10.78367,59.66867],[10.78367,59.66868],[10.78369,59.66868]]],[[[10.78367,59.66868],[10.78316,59.66876],[10.78314,59.66878],[10.78341,59.66884],[10.78367,59.66868]]]]},"properties":{"a":218,"v":248,"dh":1.14,"pl":1,"pn":"Detalreguleringsplan for del av Skogveien","pd":"2018-06-20","fo":1,"c":86}},{"type":"Feature","geometry":{"type":"Polygon","coordinates":[[[10.78636,59.68449],[10.78653,59.68447],[10.78657,59.68442],[10.78633,59.68441],[10.78636,59.68449]]]},"properties":{"a":100,"v":-137,"dh":1.37,"pl":0,"fo":1,"c":89}},{"type":"Feature","geometry":{"type":"Polygon","coordinates":[[[10.77009,59.67449],[10.77021,59.67442],[10.77022,59.67434],[10.77048,59.67441],[10.77065,59.67438],[10.77079,59.67428],[10.77027,59.67429],[10.76993,59.67443],[10.76996,59.67448],[10.77009,59.67449]]]},"properties":{"a":521,"v":-621,"dh":1.19,"pl":0,"c":80}},{"type":"Feature","geometry":{"type":"Polygon","coordinates":[[[10.77174,59.67472],[10.77189,59.67462],[10.77192,59.67454],[10.77203,59.67451],[10.77207,59.67441],[10.77207,59.67434],[10.77202,59.67433],[10.77205,59.67426],[10.772,59.67427],[10.77197,59.67436],[10.77181,59.67442],[10.7717,59.67442],[10.77161,59.67434],[10.77154,59.67434],[10.77163,59.6747],[10.77174,59.67472]],[[10.77194,59.67448],[10.77197,59.67445],[10.77197,59.67447],[10.77194,59.67448]]]},"properties":{"a":709,"v":636,"dh":0.9,"pl":0,"c":80}},{"type":"Feature","geometry":{"type":"MultiPolygon","coordinates":[[[[10.77072,59.6744],[10.77071,59.67439],[10.77071,59.6744],[10.77072,59.6744]]],[[[10.77071,59.6744],[10.77021,59.67445],[10.77011,59.67451],[10.77004,59.67459],[10.77006,59.67467],[10.76998,59.67472],[10.77032,59.67475],[10.7704,59.67464],[10.77071,59.6744]]]]},"properties":{"a":799,"v":952,"dh":1.19,"pl":0,"c":80}},{"type":"Feature","geometry":{"type":"Polygon","coordinates":[[[10.77198,59.67463],[10.77217,59.67461],[10.77222,59.6745],[10.77204,59.67452],[10.77196,59.67457],[10.77198,59.67463]]]},"properties":{"a":166,"v":-307,"dh":1.85,"pl":0,"c":80}},{"type":"Feature","geometry":{"type":"Polygon","coordinates":[[[10.77044,59.67477],[10.77055,59.67472],[10.77052,59.67466],[10.77061,59.6746],[10.77061,59.67454],[10.77076,59.67443],[10.77062,59.6745],[10.77042,59.67467],[10.77037,59.67474],[10.77044,59.67477]]]},"properties":{"a":162,"v":-204,"dh":1.26,"pl":0,"c":80}},{"type":"Feature","geometry":{"type":"MultiPolygon","coordinates":[[[[10.7714,59.68192],[10.77135,59.6819],[10.77135,59.68192],[10.7714,59.68192]]],[[[10.77137,59.68193],[10.77121,59.68193],[10.77122,59.68208],[10.77136,59.68202],[10.77137,59.68193]]]]},"properties":{"a":136,"v":227,"dh":1.67,"pl":0,"c":90}},{"type":"Feature","geometry":{"type":"Polygon","coordinates":[[[10.77447,59.68538],[10.77467,59.6853],[10.77467,59.68525],[10.77451,59.68527],[10.77438,59.68536],[10.77447,59.68538]]]},"properties":{"a":119,"v":142,"dh":1.2,"pl":0,"fo":1,"c":91}},{"type":"Feature","geometry":{"type":"MultiPolygon","coordinates":[[[[10.77049,59.6895],[10.77084,59.68945],[10.77093,59.68941],[10.77113,59.68941],[10.77109,59.68944],[10.77118,59.68946],[10.77132,59.68944],[10.7712,59.68942],[10.77129,59.68941],[10.77125,59.68938],[10.771,59.68938],[10.77049,59.6895]],[[10.77084,59.68942],[10.77086,59.68943],[10.77084,59.68943],[10.77084,59.68942]]],[[[10.77047,59.6895],[10.77049,59.68951],[10.77049,59.6895],[10.77047,59.6895]]]]},"properties":{"a":147,"v":133,"dh":0.91,"pl":0,"sl":1,"c":92}},{"type":"Feature","geometry":{"type":"Polygon","coordinates":[[[10.77164,59.69108],[10.77185,59.69106],[10.77183,59.69091],[10.77159,59.69089],[10.77165,59.69096],[10.77164,59.69108]]]},"properties":{"a":236,"v":-498,"dh":2.11,"pl":1,"pn":"Reguleringsplan med reguleringsbestemmelser for Bølstad søppelfylling","pd":"1992-03-25","c":93}},{"type":"Feature","geometry":{"type":"Polygon","coordinates":[[[10.77145,59.69109],[10.77151,59.69102],[10.77162,59.69104],[10.77162,59.69098],[10.77155,59.69098],[10.77156,59.6909],[10.77144,59.69091],[10.77137,59.69097],[10.77141,59.69104],[10.77137,59.69107],[10.77145,59.69109]],[[10.77151,59.691],[10.77155,59.69099],[10.77155,59.691],[10.77151,59.691]]]},"properties":{"a":172,"v":252,"dh":1.46,"pl":1,"pn":"Reguleringsplan med reguleringsbestemmelser for Bølstad søppelfylling","pd":"1992-03-25","c":93}},{"type":"Feature","geometry":{"type":"Polygon","coordinates":[[[10.77866,59.68916],[10.77941,59.68912],[10.77941,59.68909],[10.77866,59.68916]]]},"properties":{"a":120,"v":-103,"dh":0.86,"pl":0,"sl":1,"c":94}},{"type":"Feature","geometry":{"type":"MultiPolygon","coordinates":[[[[10.77584,59.68926],[10.77602,59.68926],[10.77602,59.68924],[10.77593,59.6892],[10.77586,59.6892],[10.77584,59.68926]],[[10.77588,59.68921],[10.77591,59.68922],[10.77588,59.68922],[10.77588,59.68921]]],[[[10.77583,59.68927],[10.77574,59.68923],[10.77538,59.6893],[10.77531,59.68926],[10.77513,59.68929],[10.77544,59.68931],[10.77583,59.68927]]]]},"properties":{"a":165,"v":-152,"dh":0.92,"pl":0,"sl":1,"c":95}},{"type":"Feature","geometry":{"type":"Polygon","coordinates":[[[10.77883,59.69127],[10.77897,59.69119],[10.77929,59.69118],[10.77943,59.69123],[10.77953,59.69116],[10.77955,59.69107],[10.77936,59.69093],[10.77902,59.69087],[10.77857,59.69101],[10.77845,59.69109],[10.7785,59.69113],[10.77849,59.6912],[10.77883,59.69127]]]},"properties":{"a":1818,"v":4717,"dh":2.59,"pl":0,"fo":1,"c":96}},{"type":"Feature","geometry":{"type":"MultiPolygon","coordinates":[[[[10.77783,59.69193],[10.77798,59.69175],[10.77775,59.69167],[10.77759,59.69174],[10.77755,59.69161],[10.77751,59.69162],[10.77748,59.69168],[10.77752,59.692],[10.77783,59.69193]],[[10.7777,59.69177],[10.77774,59.69178],[10.7777,59.69178],[10.7777,59.69177]]],[[[10.7779,59.69194],[10.77794,59.69192],[10.77794,59.6919],[10.77788,59.6919],[10.7779,59.69194]]]]},"properties":{"a":727,"v":1652,"dh":2.27,"pl":0,"fo":1,"c":97}},{"type":"Feature","geometry":{"type":"Polygon","coordinates":[[[10.77892,59.69471],[10.77905,59.69448],[10.77898,59.69439],[10.77883,59.69434],[10.77855,59.69431],[10.77841,59.69436],[10.77837,59.69443],[10.77829,59.69443],[10.77825,59.69437],[10.7781,59.69433],[10.77794,59.69437],[10.77755,59.69435],[10.77747,59.69442],[10.77758,59.69452],[10.77779,59.69455],[10.77793,59.69451],[10.77796,59.69458],[10.77824,59.69462],[10.7784,59.69452],[10.7784,59.69457],[10.77858,59.69463],[10.77854,59.69457],[10.77866,59.69449],[10.7788,59.6947],[10.77892,59.69471]],[[10.7784,59.69451],[10.77841,59.69449],[10.77841,59.69451],[10.7784,59.69451]]]},"properties":{"a":2134,"v":5906,"dh":2.77,"pl":0,"c":98}},{"type":"Feature","geometry":{"type":"Polygon","coordinates":[[[10.77801,59.69499],[10.77799,59.69497],[10.77808,59.69494],[10.7781,59.69489],[10.77805,59.69476],[10.77796,59.69471],[10.7778,59.69475],[10.77777,59.69484],[10.77781,59.69492],[10.77801,59.69499]]]},"properties":{"a":387,"v":1061,"dh":2.74,"pl":0,"c":98}},{"type":"Feature","geometry":{"type":"Polygon","coordinates":[[[10.77837,59.69509],[10.77844,59.69504],[10.77835,59.69499],[10.77826,59.69498],[10.77821,59.69503],[10.77823,59.69507],[10.77837,59.69509]]]},"properties":{"a":102,"v":163,"dh":1.6,"pl":0,"c":98}},{"type":"Feature","geometry":{"type":"Polygon","coordinates":[[[10.77913,59.69756],[10.77943,59.69751],[10.77921,59.69739],[10.77929,59.69732],[10.77927,59.69729],[10.77906,59.69732],[10.7789,59.69741],[10.77898,59.69747],[10.7791,59.69749],[10.77913,59.69756]],[[10.77923,59.6975],[10.77925,59.69749],[10.77925,59.6975],[10.77923,59.6975]],[[10.77912,59.69745],[10.77915,59.6974],[10.77924,59.69745],[10.77916,59.69749],[10.77912,59.69745]]]},"properties":{"a":401,"v":561,"dh":1.4,"pl":0,"c":99}},{"type":"Feature","geometry":{"type":"Polygon","coordinates":[[[10.77894,59.69771],[10.77919,59.69767],[10.77922,59.69758],[10.77899,59.69759],[10.77883,59.69764],[10.77894,59.69771]]]},"properties":{"a":237,"v":473,"dh":2.0,"pl":0,"c":99}},{"type":"Feature","geometry":{"type":"Polygon","coordinates":[[[10.77878,59.70945],[10.77892,59.70941],[10.77892,59.70936],[10.77868,59.70934],[10.77863,59.70938],[10.77864,59.70943],[10.77878,59.70945]]]},"properties":{"a":151,"v":176,"dh":1.17,"pl":0,"c":100}},{"type":"Feature","geometry":{"type":"Polygon","coordinates":[[[10.77367,59.69116],[10.7737,59.69111],[10.77328,59.69109],[10.77328,59.69114],[10.77335,59.69116],[10.77367,59.69116]]]},"properties":{"a":174,"v":195,"dh":1.12,"pl":1,"pn":"Reguleringsplan med reguleringsbestemmelser for Bølstad søppelfylling","pd":"1992-03-25","c":93}},{"type":"Feature","geometry":{"type":"Polygon","coordinates":[[[10.77333,59.69142],[10.7734,59.69137],[10.7735,59.69137],[10.77357,59.69123],[10.7733,59.69125],[10.77336,59.69133],[10.77333,59.69142]]]},"properties":{"a":167,"v":208,"dh":1.24,"pl":1,"pn":"Reguleringsplan med reguleringsbestemmelser for Bølstad søppelfylling","pd":"1992-03-25","c":93}},{"type":"Feature","geometry":{"type":"Polygon","coordinates":[[[10.77301,59.69144],[10.77328,59.69145],[10.77331,59.69134],[10.77316,59.69131],[10.7732,59.69126],[10.77295,59.69131],[10.77301,59.69144]]]},"properties":{"a":287,"v":-454,"dh":1.58,"pl":1,"pn":"Reguleringsplan med reguleringsbestemmelser for Bølstad søppelfylling","pd":"1992-03-25","c":93}},{"type":"Feature","geometry":{"type":"Polygon","coordinates":[[[10.77206,59.69169],[10.7717,59.6916],[10.77142,59.69163],[10.77144,59.69165],[10.77206,59.69169]]]},"properties":{"a":159,"v":-185,"dh":1.16,"pl":1,"pn":"Reguleringsplan med reguleringsbestemmelser for Bølstad søppelfylling","pd":"1992-03-25","c":93}},{"type":"Feature","geometry":{"type":"Polygon","coordinates":[[[10.77267,59.692],[10.77312,59.69193],[10.77324,59.69183],[10.77329,59.69169],[10.77318,59.69164],[10.77316,59.69155],[10.77307,59.69155],[10.77305,59.69161],[10.77277,59.69157],[10.77247,59.69172],[10.77238,59.69166],[10.77247,59.69159],[10.77266,59.69157],[10.77271,59.69155],[10.77271,59.69149],[10.77228,59.69138],[10.7722,59.69132],[10.77151,59.69134],[10.77139,59.69138],[10.77148,59.69145],[10.77143,59.69146],[10.77143,59.69152],[10.7715,59.69151],[10.7715,59.69145],[10.77211,59.6915],[10.77213,59.69153],[10.77186,59.6915],[10.77188,59.69153],[10.77213,59.69155],[10.77222,59.6916],[10.77191,59.69155],[10.77144,59.69158],[10.77202,59.69164],[10.77241,59.69177],[10.77243,59.6919],[10.77257,59.69191],[10.77268,59.69197],[10.77267,59.692]],[[10.77246,59.69186],[10.7725,59.6918],[10.77256,59.69175],[10.77252,59.69185],[10.77246,59.69186]]]},"properties":{"a":3564,"v":8877,"dh":2.49,"pl":1,"pn":"Reguleringsplan med reguleringsbestemmelser for Bølstad søppelfylling","pd":"1992-03-25","c":93}},{"type":"Feature","geometry":{"type":"Polygon","coordinates":[[[10.77225,59.69186],[10.77225,59.69179],[10.77201,59.69171],[10.7714,59.69167],[10.77225,59.69186]]]},"properties":{"a":330,"v":701,"dh":2.12,"pl":1,"pn":"Reguleringsplan med reguleringsbestemmelser for Bølstad søppelfylling","pd":"1992-03-25","c":93}},{"type":"Feature","geometry":{"type":"Polygon","coordinates":[[[10.77226,59.69275],[10.77271,59.69259],[10.77288,59.69259],[10.77298,59.69248],[10.77319,59.69246],[10.7735,59.69232],[10.77365,59.69211],[10.77359,59.69202],[10.77365,59.69183],[10.77372,59.69172],[10.77382,59.69169],[10.7739,59.69148],[10.77374,59.69139],[10.77363,59.69139],[10.7736,59.69145],[10.77369,59.69151],[10.77371,59.69161],[10.7735,59.69171],[10.77352,59.69176],[10.77363,59.69177],[10.77356,59.69182],[10.77357,59.69188],[10.77334,59.69193],[10.77339,59.69198],[10.7732,59.69208],[10.7728,59.6922],[10.77255,59.69216],[10.77256,59.6921],[10.77249,59.69203],[10.77229,59.69201],[10.77214,59.69189],[10.77191,59.6919],[10.77164,59.69182],[10.77132,59.69182],[10.77147,59.69189],[10.77142,59.69193],[10.77135,59.6919],[10.77137,59.69194],[10.77123,59.69198],[10.77123,59.69202],[10.77139,59.69209],[10.77149,59.69219],[10.77149,59.69233],[10.7716,59.69239],[10.77174,59.69263],[10.77198,59.69274],[10.77226,59.69275]],[[10.77252,59.69232],[10.77256,59.6923],[10.77259,59.69232],[10.77252,59.69232]],[[10.77179,59.69197],[10.7717,59.69191],[10.77185,59.69194],[10.77179,59.69197]],[[10.77149,59.69194],[10.77153,59.69193],[10.77153,59.69194],[10.77149,59.69194]],[[10.7716,59.69194],[10.77158,59.6919],[10.77167,59.69192],[10.7716,59.69194]],[[10.77145,59.69193],[10.77147,59.69192],[10.77147,59.69193],[10.77145,59.69193]]]},"properties":{"a":8349,"v":24080,"dh":2.88,"pl":1,"pn":"Reguleringsplan med reguleringsbestemmelser for Bølstad søppelfylling","pd":"1992-03-25","c":93}},{"type":"Feature","geometry":{"type":"Polygon","coordinates":[[[10.77402,59.69847],[10.77493,59.69846],[10.77494,59.69812],[10.77489,59.69806],[10.77483,59.6977],[10.77476,59.69766],[10.77468,59.69744],[10.77455,59.69744],[10.77462,59.69768],[10.7746,59.69791],[10.77471,59.69801],[10.77471,59.69808],[10.77466,59.69808],[10.7747,59.69811],[10.77445,59.69818],[10.77447,59.6982],[10.77437,59.69828],[10.7743,59.69828],[10.77426,59.69837],[10.77416,59.69837],[10.77415,59.69832],[10.77408,59.69827],[10.77413,59.69822],[10.77403,59.69822],[10.77405,59.6984],[10.77414,59.69843],[10.77404,59.69841],[10.77402,59.69847]]]},"properties":{"a":2318,"v":3869,"dh":1.67,"pl":0,"c":101}},{"type":"Feature","geometry":{"type":"Polygon","coordinates":[[[10.77408,59.69957],[10.77409,59.69951],[10.77416,59.6995],[10.77414,59.69943],[10.77404,59.69943],[10.77402,59.69939],[10.77435,59.69938],[10.77433,59.69935],[10.77439,59.69934],[10.77436,59.69918],[10.77423,59.69904],[10.7742,59.69886],[10.77367,59.69889],[10.77384,59.69915],[10.77394,59.69938],[10.77393,59.69947],[10.77399,59.69955],[10.77408,59.69957]]]},"properties":{"a":1759,"v":1787,"dh":1.02,"pl":0,"c":101}},{"type":"Feature","geometry":{"type":"Polygon","coordinates":[[[10.7757,59.71046],[10.77583,59.71044],[10.77578,59.71023],[10.77569,59.71017],[10.77551,59.71021],[10.77548,59.7103],[10.77554,59.71039],[10.77559,59.71038],[10.77555,59.71026],[10.77566,59.71023],[10.77564,59.71033],[10.77572,59.71039],[10.7757,59.71046]]]},"properties":{"a":316,"v":386,"dh":1.22,"pl":0,"c":102}},{"type":"Feature","geometry":{"type":"Polygon","coordinates":[[[10.80899,59.65002],[10.80908,59.6499],[10.80906,59.64986],[10.80895,59.64986],[10.8089,59.64993],[10.8089,59.65001],[10.80899,59.65002]]]},"properties":{"a":128,"v":218,"dh":1.7,"pl":2,"pn":"Detaljregulering for Dyster Eldor 2, felt B2","pd":"2021-02-10","fo":1,"c":103}},{"type":"Feature","geometry":{"type":"MultiPolygon","coordinates":[[[[10.80677,59.64995],[10.80672,59.64998],[10.80677,59.65],[10.80677,59.64995]]],[[[10.80679,59.65002],[10.80683,59.65006],[10.80694,59.65009],[10.80726,59.65011],[10.80735,59.65021],[10.80744,59.65024],[10.8074,59.6501],[10.80749,59.6501],[10.80746,59.65017],[10.80748,59.65019],[10.80818,59.65],[10.80782,59.64971],[10.80689,59.64989],[10.80685,59.65001],[10.80679,59.65002]],[[10.80743,59.65007],[10.80745,59.65008],[10.80744,59.65008],[10.80743,59.65007]],[[10.8077,59.65007],[10.80772,59.65007],[10.8077,59.65007],[10.8077,59.65007]],[[10.80773,59.65004],[10.80775,59.65005],[10.80774,59.65005],[10.80773,59.65004]],[[10.80685,59.65003],[10.80687,59.65004],[10.80685,59.65004],[10.80685,59.65003]],[[10.80771,59.64998],[10.80773,59.65],[10.80771,59.65],[10.80771,59.64998]],[[10.80748,59.64984],[10.80749,59.64985],[10.80748,59.64985],[10.80748,59.64984]]]]},"properties":{"a":2323,"v":4271,"dh":1.84,"pl":1,"pn":"Områdereguleringsplan for Dyster Eldor II","pd":"2017-06-21","c":103}},{"type":"Feature","geometry":{"type":"Polygon","coordinates":[[[10.80653,59.65049],[10.80676,59.65038],[10.80718,59.65037],[10.80725,59.6503],[10.80718,59.65029],[10.80714,59.65022],[10.80699,59.65014],[10.80687,59.65012],[10.80682,59.65019],[10.80666,59.64995],[10.80656,59.64993],[10.80649,59.64998],[10.80662,59.65006],[10.80662,59.65011],[10.80634,59.65018],[10.80636,59.65025],[10.80643,59.65029],[10.8065,59.65023],[10.80673,59.65021],[10.80666,59.65026],[10.80672,59.65035],[10.80642,59.6503],[10.80649,59.65036],[10.80643,59.65046],[10.80653,59.65049]]]},"properties":{"a":1361,"v":2029,"dh":1.49,"pl":1,"pn":"Områdereguleringsplan for Dyster Eldor II","pd":"2017-06-21","fo":1,"c":103}},{"type":"Feature","geometry":{"type":"Polygon","coordinates":[[[10.80804,59.65039],[10.80812,59.65033],[10.8083,59.65034],[10.80835,59.6503],[10.80825,59.65031],[10.8083,59.65028],[10.80828,59.65022],[10.80821,59.65023],[10.80815,59.65017],[10.80812,59.6502],[10.80819,59.65027],[10.80818,59.65032],[10.80807,59.65031],[10.80803,59.65021],[10.80794,59.65027],[10.80789,59.65026],[10.80789,59.6502],[10.80771,59.65025],[10.8078,59.65035],[10.80804,59.65039]]]},"properties":{"a":418,"v":-384,"dh":0.92,"pl":1,"pn":"Områdereguleringsplan for Dyster Eldor II","pd":"2017-06-21","sh":1,"c":103}},{"type":"Feature","geometry":{"type":"Polygon","coordinates":[[[10.80848,59.65038],[10.8086,59.65032],[10.8087,59.65021],[10.80835,59.65033],[10.80848,59.65038]]]},"properties":{"a":140,"v":260,"dh":1.86,"pl":2,"pn":"Detaljregulering for Dyster Eldor 2, felt B2","pd":"2021-02-10","fo":1,"c":103}},{"type":"Feature","geometry":{"type":"MultiPolygon","coordinates":[[[[10.80711,59.65056],[10.80709,59.65057],[10.80711,59.65057],[10.80711,59.65056]]],[[[10.80707,59.65059],[10.80709,59.65057],[10.80707,59.65057],[10.80707,59.65059]]],[[[10.80707,59.65059],[10.80705,59.6506],[10.80707,59.6506],[10.80707,59.65059]]],[[[10.80702,59.65061],[10.80712,59.65074],[10.80703,59.65073],[10.80703,59.65079],[10.80726,59.65073],[10.80715,59.6507],[10.80713,59.65062],[10.80702,59.65061]]]]},"properties":{"a":130,"v":-105,"dh":0.81,"pl":1,"pn":"Områdereguleringsplan for Dyster Eldor II","pd":"2017-06-21","sh":1,"c":103}},{"type":"Feature","geometry":{"type":"Polygon","coordinates":[[[10.80654,59.65754],[10.80655,59.65746],[10.80652,59.65744],[10.80634,59.65748],[10.8064,59.65754],[10.80654,59.65754]]]},"properties":{"a":113,"v":199,"dh":1.76,"pl":0,"fo":1,"c":104}},{"type":"Feature","geometry":{"type":"Polygon","coordinates":[[[10.80845,59.65773],[10.80838,59.65766],[10.80802,59.65756],[10.80787,59.65747],[10.8076,59.65745],[10.8076,59.6575],[10.80777,59.65758],[10.80845,59.65773]]]},"properties":{"a":445,"v":693,"dh":1.56,"pl":0,"fo":1,"c":104}},{"type":"Feature","geometry":{"type":"Polygon","coordinates":[[[10.8071,59.65797],[10.8073,59.65781],[10.80737,59.6577],[10.80711,59.65765],[10.80708,59.65774],[10.80695,59.65788],[10.80701,59.65797],[10.8071,59.65797]]]},"properties":{"a":452,"v":754,"dh":1.67,"pl":0,"fo":1,"c":104}},{"type":"Feature","geometry":{"type":"Polygon","coordinates":[[[10.81331,59.6596],[10.8138,59.65958],[10.81382,59.65953],[10.81335,59.65941],[10.81337,59.65934],[10.81325,59.65925],[10.8129,59.65925],[10.81278,59.65935],[10.81279,59.65947],[10.81325,59.65948],[10.81331,59.6596]]]},"properties":{"a":1232,"v":3952,"dh":3.21,"pl":0,"fo":1,"c":116}},{"type":"Feature","geometry":{"type":"Polygon","coordinates":[[[10.79738,59.65386],[10.79754,59.65387],[10.79752,59.65378],[10.79741,59.65376],[10.79744,59.65371],[10.79737,59.65371],[10.79741,59.65379],[10.79738,59.65386]]]},"properties":{"a":102,"v":-104,"dh":1.02,"pl":1,"pn":"Reguleringsplan for Søndre Moer gård","pd":"2003-11-19","c":59}},{"type":"Feature","geometry":{"type":"Polygon","coordinates":[[[10.79796,59.65408],[10.79798,59.65382],[10.79791,59.6538],[10.79777,59.65386],[10.79774,59.65395],[10.7976,59.65393],[10.7976,59.65398],[10.7975,59.65403],[10.79781,59.65401],[10.79796,59.65408]]]},"properties":{"a":421,"v":461,"dh":1.1,"pl":1,"pn":"Reguleringsplan for Søndre Moer gård","pd":"2003-11-19","c":59}},{"type":"Feature","geometry":{"type":"Polygon","coordinates":[[[10.79095,59.65517],[10.7914,59.65518],[10.79131,59.65512],[10.79132,59.65507],[10.79125,59.65505],[10.79111,59.65512],[10.7909,59.6551],[10.79095,59.65517]]]},"properties":{"a":248,"v":201,"dh":0.81,"pl":1,"pn":"Reguleringsplan for del av Nordre Moer","pd":"2000-03-29","sh":1,"c":105}},{"type":"Feature","geometry":{"type":"Polygon","coordinates":[[[10.79486,59.65585],[10.79507,59.65578],[10.79499,59.6557],[10.79448,59.65567],[10.7945,59.65571],[10.79466,59.65569],[10.79486,59.65585]]]},"properties":{"a":325,"v":-447,"dh":1.37,"pl":1,"pn":"Reguleringsplan med tilhørende bestemmelser for Moer Nordre. Gnr. 54, Bnr. 3, Ås kommune","pd":"2004-06-22","c":106}},{"type":"Feature","geometry":{"type":"Polygon","coordinates":[[[10.79333,59.6567],[10.79336,59.65662],[10.79343,59.65662],[10.79346,59.65653],[10.7933,59.65652],[10.79337,59.6566],[10.79325,59.65661],[10.79325,59.65669],[10.79333,59.6567]]]},"properties":{"a":117,"v":-93,"dh":0.8,"pl":1,"pn":"Reguleringsplan med tilhørende bestemmelser for Moer Nordre. Gnr. 54, Bnr. 3, Ås kommune","pd":"2004-06-22","sh":1,"c":106}},{"type":"Feature","geometry":{"type":"Polygon","coordinates":[[[10.79033,59.6568],[10.79051,59.6568],[10.79047,59.6567],[10.79031,59.65674],[10.79033,59.6568]]]},"properties":{"a":111,"v":-140,"dh":1.26,"pl":1,"pn":"Detaljreguleringsplan for Brekkeveien 19 m.m.","pd":"2019-10-23","c":107}},{"type":"Feature","geometry":{"type":"Polygon","coordinates":[[[10.79257,59.65712],[10.79267,59.65705],[10.79268,59.65695],[10.79254,59.65691],[10.79254,59.65686],[10.7926,59.65682],[10.79261,59.6569],[10.7927,59.65689],[10.79271,59.65686],[10.79264,59.6568],[10.79276,59.65681],[10.79269,59.65669],[10.7926,59.65669],[10.79249,59.65676],[10.79232,59.65705],[10.79237,59.65711],[10.79257,59.65712]]]},"properties":{"a":654,"v":-670,"dh":1.03,"pl":1,"pn":"Reguleringsplan med tilhørende bestemmelser for Moer Nordre. Gnr. 54, Bnr. 3, Ås kommune","pd":"2004-06-22","c":106}},{"type":"Feature","geometry":{"type":"Polygon","coordinates":[[[10.79291,59.65716],[10.79311,59.65707],[10.79311,59.65699],[10.79322,59.65702],[10.79327,59.65696],[10.79333,59.65683],[10.79326,59.65673],[10.793,59.65665],[10.79287,59.65677],[10.79287,59.65682],[10.79278,59.65685],[10.79283,59.65702],[10.79299,59.65708],[10.79291,59.65716]],[[10.7931,59.65681],[10.79317,59.65678],[10.79314,59.65688],[10.7931,59.65688],[10.7931,59.65681]],[[10.79306,59.65668],[10.79311,59.65669],[10.7931,59.65673],[10.79306,59.65673],[10.79306,59.65668]]]},"properties":{"a":947,"v":1075,"dh":1.14,"pl":1,"pn":"Reguleringsplan med tilhørende bestemmelser for Moer Nordre. Gnr. 54, Bnr. 3, Ås kommune","pd":"2004-06-22","c":106}},{"type":"Feature","geometry":{"type":"Polygon","coordinates":[[[10.79401,59.65792],[10.79408,59.65782],[10.79399,59.65779],[10.79383,59.65789],[10.79401,59.65792]]]},"properties":{"a":121,"v":99,"dh":0.82,"pl":1,"pn":"Reguleringsplan med tilhørende bestemmelser for Moer Nordre. Gnr. 54, Bnr. 3, Ås kommune","pd":"2004-06-22","sh":1,"c":108}},{"type":"Feature","geometry":{"type":"Polygon","coordinates":[[[10.79413,59.65817],[10.79422,59.65815],[10.7942,59.65808],[10.79393,59.65813],[10.79413,59.65817]]]},"properties":{"a":105,"v":113,"dh":1.08,"pl":1,"pn":"Områdereguleringsplan for Ås sentralområde","pd":"2019-10-23","c":109}},{"type":"Feature","geometry":{"type":"Polygon","coordinates":[[[10.79039,59.65862],[10.79066,59.65859],[10.79057,59.65852],[10.79058,59.65848],[10.79049,59.65847],[10.7905,59.65855],[10.79035,59.65857],[10.79039,59.65862]]]},"properties":{"a":149,"v":-147,"dh":0.99,"pl":2,"pn":"Områderegulering for frittliggende småhusbebyggelse","pd":"2023-10-25","sh":1,"c":110}},{"type":"Feature","geometry":{"type":"Polygon","coordinates":[[[10.79372,59.65943],[10.7939,59.65941],[10.79389,59.6593],[10.79373,59.65926],[10.79366,59.65937],[10.79372,59.65943]]]},"properties":{"a":187,"v":163,"dh":0.87,"pl":1,"pn":"Områdereguleringsplan for Ås sentralområde","pd":"2019-10-23","sh":1,"c":111}},{"type":"Feature","geometry":{"type":"Polygon","coordinates":[[[10.79395,59.66138],[10.79407,59.66134],[10.79408,59.66126],[10.79397,59.66115],[10.79363,59.66114],[10.79352,59.66127],[10.79357,59.66134],[10.79395,59.66138]]]},"properties":{"a":699,"v":-960,"dh":1.37,"pl":1,"pn":"Moerveien 14","pd":"2004-05-26","c":112}},{"type":"Feature","geometry":{"type":"Polygon","coordinates":[[[10.79647,59.66395],[10.79634,59.66387],[10.79614,59.6639],[10.79625,59.66395],[10.79647,59.66395]]]},"properties":{"a":100,"v":-106,"dh":1.06,"pl":1,"pn":"Reguleringsplan med reguleringsbestemmelser for Ås videregående skole","pd":"2008-05-07","c":113}},{"type":"Feature","geometry":{"type":"Polygon","coordinates":[[[10.79636,59.6644],[10.79704,59.66443],[10.797,59.66439],[10.7967,59.66433],[10.79676,59.66416],[10.79688,59.66404],[10.79686,59.66398],[10.79671,59.66397],[10.79684,59.66394],[10.7965,59.66394],[10.79663,59.664],[10.79643,59.66399],[10.79616,59.66425],[10.79616,59.66431],[10.79636,59.6644]]]},"properties":{"a":1510,"v":-2261,"dh":1.5,"pl":1,"pn":"Reguleringsplan med reguleringsbestemmelser for Ås videregående skole","pd":"2008-05-07","c":113}},{"type":"Feature","geometry":{"type":"Polygon","coordinates":[[[10.7968,59.66428],[10.79723,59.6643],[10.79721,59.66419],[10.79726,59.66416],[10.79722,59.6641],[10.79704,59.66404],[10.79686,59.66409],[10.79687,59.6642],[10.7968,59.66424],[10.7968,59.66428]]]},"properties":{"a":597,"v":707,"dh":1.18,"pl":1,"pn":"Reguleringsplan med reguleringsbestemmelser for Ås videregående skole","pd":"2008-05-07","c":113}},{"type":"Feature","geometry":{"type":"Polygon","coordinates":[[[10.78995,59.66496],[10.79023,59.66493],[10.79024,59.66481],[10.79006,59.66477],[10.78996,59.66482],[10.78995,59.66496]]]},"properties":{"a":299,"v":378,"dh":1.27,"pl":1,"pn":"Endret reguleringsplan for Sentrum Nord","pd":"2009-06-17","c":114}},{"type":"Feature","geometry":{"type":"Polygon","coordinates":[[[10.79118,59.6651],[10.79133,59.66494],[10.79133,59.66485],[10.79125,59.66478],[10.79113,59.66481],[10.79109,59.66497],[10.79109,59.6651],[10.79118,59.6651]]]},"properties":{"a":379,"v":546,"dh":1.44,"pl":1,"pn":"Endret reguleringsplan for Sentrum Nord","pd":"2009-06-17","c":114}},{"type":"Feature","geometry":{"type":"Polygon","coordinates":[[[10.78939,59.66518],[10.79012,59.66519],[10.79024,59.66509],[10.78939,59.66506],[10.78946,59.66513],[10.78939,59.66518]]]},"properties":{"a":560,"v":-842,"dh":1.5,"pl":1,"pn":"Endret reguleringsplan for del av sentrum nord - Åstorget","pd":"2012-09-12","c":115}},{"type":"Feature","geometry":{"type":"Polygon","coordinates":[[[10.79068,59.66561],[10.79106,59.66555],[10.79109,59.66544],[10.79125,59.66536],[10.79126,59.6653],[10.79114,59.66524],[10.79083,59.66523],[10.7907,59.6651],[10.79045,59.6651],[10.79029,59.6654],[10.79017,59.6654],[10.79012,59.66545],[10.78999,59.66543],[10.79039,59.66559],[10.79068,59.66561]]]},"properties":{"a":2297,"v":6395,"dh":2.78,"pl":1,"pn":"Endret reguleringsplan for del av sentrum nord - Åstorget","pd":"2012-09-12","c":115}},{"type":"Feature","geometry":{"type":"Polygon","coordinates":[[[10.81301,59.65966],[10.81318,59.65961],[10.81316,59.65953],[10.8129,59.65958],[10.81301,59.65966]]]},"properties":{"a":135,"v":-114,"dh":0.84,"pl":0,"sh":1,"c":116}},{"type":"Feature","geometry":{"type":"Polygon","coordinates":[[[10.81106,59.66],[10.81167,59.65978],[10.81213,59.65956],[10.81213,59.65953],[10.81099,59.65998],[10.81106,59.66]]]},"properties":{"a":419,"v":625,"dh":1.49,"pl":0,"c":116}},{"type":"Feature","geometry":{"type":"Polygon","coordinates":[[[10.81157,59.66005],[10.81185,59.65997],[10.8121,59.65986],[10.81195,59.65978],[10.81177,59.65978],[10.8116,59.65987],[10.8116,59.65994],[10.81147,59.65998],[10.81147,59.66002],[10.81157,59.66005]]]},"properties":{"a":551,"v":1381,"dh":2.51,"pl":1,"pn":"Detaljreguleringsplan for Sørbråtan","pd":"2019-02-13","c":117}},{"type":"Feature","geometry":{"type":"Polygon","coordinates":[[[10.81107,59.6603],[10.81132,59.66026],[10.81135,59.66024],[10.81131,59.66015],[10.81153,59.66011],[10.81158,59.66013],[10.81149,59.66018],[10.81151,59.66022],[10.81164,59.6602],[10.81176,59.6601],[10.81238,59.66016],[10.81281,59.66014],[10.81282,59.6601],[10.81271,59.66005],[10.81269,59.65996],[10.81242,59.65997],[10.81237,59.65993],[10.81223,59.65994],[10.81211,59.66],[10.81213,59.66006],[10.81202,59.66009],[10.81184,59.66005],[10.81217,59.6599],[10.81217,59.65986],[10.81268,59.65972],[10.81267,59.65965],[10.8126,59.65963],[10.81258,59.65956],[10.81242,59.65952],[10.81218,59.65967],[10.8122,59.65977],[10.812,59.65974],[10.81198,59.65968],[10.81182,59.65973],[10.81206,59.65978],[10.81213,59.65981],[10.81213,59.65987],[10.8117,59.66004],[10.81179,59.66007],[10.8116,59.66011],[10.81161,59.66008],[10.81127,59.66007],[10.81157,59.65991],[10.8116,59.65983],[10.8112,59.65998],[10.81113,59.66009],[10.81094,59.66013],[10.81094,59.66021],[10.81107,59.6603]]]},"properties":{"a":2646,"v":-3919,"dh":1.48,"pl":1,"pn":"Detaljreguleringsplan for Sørbråtan","pd":"2019-02-13","c":117}},{"type":"Feature","geometry":{"type":"Polygon","coordinates":[[[10.80485,59.66316],[10.80503,59.66311],[10.8049,59.66303],[10.80488,59.6629],[10.80477,59.66293],[10.80481,59.66303],[10.80476,59.66312],[10.80485,59.66316]]]},"properties":{"a":225,"v":204,"dh":0.91,"pl":1,"pn":"Endret reguleringsplan for Åslund","pd":"2009-03-04","sh":1,"c":118}},{"type":"Feature","geometry":{"type":"Polygon","coordinates":[[[10.80679,59.66309],[10.80689,59.66299],[10.80662,59.66301],[10.80664,59.66308],[10.80679,59.66309]]]},"properties":{"a":144,"v":-156,"dh":1.09,"pl":0,"c":119}},{"type":"Feature","geometry":{"type":"Polygon","coordinates":[[[10.81112,59.66518],[10.81185,59.6651],[10.81186,59.66507],[10.81102,59.66515],[10.81112,59.66518]]]},"properties":{"a":148,"v":-165,"dh":1.11,"pl":1,"pn":"Detaljreguleringsplan for Rustad skole","pd":"2016-10-12","c":120}},{"type":"Feature","geometry":{"type":"Polygon","coordinates":[[[10.80221,59.66547],[10.80231,59.66535],[10.80232,59.66526],[10.80223,59.66525],[10.80216,59.66545],[10.80221,59.66547]]]},"properties":{"a":112,"v":-108,"dh":0.97,"pl":2,"pn":"Områderegulering for frittliggende småhusbebyggelse","pd":"2023-10-25","sh":1,"c":121}},{"type":"Feature","geometry":{"type":"Polygon","coordinates":[[[10.81047,59.66587],[10.81054,59.66579],[10.8105,59.6657],[10.81058,59.66562],[10.81049,59.66562],[10.81043,59.66556],[10.81077,59.6656],[10.81088,59.66555],[10.81087,59.66549],[10.81093,59.66547],[10.81076,59.66536],[10.81078,59.6653],[10.81058,59.66533],[10.81048,59.66544],[10.81034,59.66547],[10.81033,59.66557],[10.81025,59.66552],[10.80997,59.66553],[10.80993,59.66547],[10.80978,59.66554],[10.80984,59.66568],[10.80978,59.66569],[10.81,59.66579],[10.81004,59.66585],[10.81022,59.66579],[10.81047,59.66587]],[[10.81046,59.66575],[10.81048,59.66574],[10.81048,59.66575],[10.81046,59.66575]]]},"properties":{"a":1896,"v":-1945,"dh":1.03,"pl":1,"pn":"Detaljreguleringsplan for Rustad skole","pd":"2016-10-12","fo":1,"c":120}},{"type":"Feature","geometry":{"type":"Polygon","coordinates":[[[10.8,59.66594],[10.80019,59.66591],[10.80014,59.66589],[10.80017,59.66582],[10.79999,59.66583],[10.8,59.66594]]]},"properties":{"a":136,"v":107,"dh":0.79,"pl":1,"pn":"Områdereguleringsplan for Ås sentralområde","pd":"2019-10-23","sh":1,"c":122}},{"type":"Feature","geometry":{"type":"Polygon","coordinates":[[[10.81239,59.66595],[10.81282,59.66604],[10.8128,59.66598],[10.81255,59.66593],[10.81239,59.66595]]]},"properties":{"a":162,"v":-178,"dh":1.1,"pl":1,"pn":"Detaljreguleringsplan for Rustad skole","pd":"2016-10-12","fo":1,"c":123}},{"type":"Feature","geometry":{"type":"Polygon","coordinates":[[[10.81075,59.66652],[10.81077,59.66649],[10.81043,59.66641],[10.81023,59.66641],[10.81075,59.66652]]]},"properties":{"a":160,"v":-135,"dh":0.84,"pl":1,"pn":"Detaljreguleringsplan for Rustad skole","pd":"2016-10-12","sh":1,"c":124}},{"type":"Feature","geometry":{"type":"Polygon","coordinates":[[[10.80359,59.66671],[10.80369,59.66667],[10.80362,59.66666],[10.80358,59.66657],[10.80346,59.66659],[10.80345,59.66669],[10.80359,59.66671]]]},"properties":{"a":150,"v":153,"dh":1.02,"pl":2,"pn":"Områderegulering for frittliggende småhusbebyggelse","pd":"2023-10-25","c":125}},{"type":"Feature","geometry":{"type":"Polygon","coordinates":[[[10.81282,59.66699],[10.81317,59.66689],[10.81329,59.66679],[10.81341,59.66643],[10.81342,59.66621],[10.81333,59.66627],[10.81328,59.66625],[10.81312,59.66631],[10.81328,59.66637],[10.81331,59.6665],[10.8132,59.66654],[10.8132,59.66677],[10.8129,59.66677],[10.81295,59.66685],[10.81303,59.66686],[10.81283,59.66691],[10.81282,59.66699]]]},"properties":{"a":840,"v":838,"dh":1.0,"pl":1,"pn":"Detaljreguleringsplan for Rustad skole","pd":"2016-10-12","fo":1,"c":123}},{"type":"Feature","geometry":{"type":"Polygon","coordinates":[[[10.80014,59.66692],[10.80026,59.66687],[10.80029,59.66678],[10.80022,59.66678],[10.80022,59.6667],[10.80027,59.66668],[10.80013,59.66667],[10.80004,59.66672],[10.80006,59.66676],[10.79992,59.66679],[10.79994,59.6669],[10.80014,59.66692]]]},"properties":{"a":387,"v":-661,"dh":1.71,"pl":1,"pn":"Reguleringsplan for Ås stadion","pd":"2007-08-23","c":126}},{"type":"Feature","geometry":{"type":"Polygon","coordinates":[[[10.80341,59.66856],[10.8035,59.66838],[10.80327,59.6684],[10.80326,59.66845],[10.80313,59.66847],[10.80323,59.66854],[10.80341,59.66856]],[[10.80326,59.66849],[10.80333,59.66844],[10.80336,59.66845],[10.80326,59.66849]]]},"properties":{"a":225,"v":-205,"dh":0.91,"pl":2,"pn":"Områderegulering for frittliggende småhusbebyggelse","pd":"2023-10-25","sh":1,"c":125}},{"type":"Feature","geometry":{"type":"Polygon","coordinates":[[[10.80089,59.66861],[10.80104,59.66856],[10.80102,59.6685],[10.80107,59.66847],[10.80093,59.66845],[10.80072,59.66848],[10.80071,59.66856],[10.80089,59.66861]]]},"properties":{"a":265,"v":323,"dh":1.22,"pl":2,"pn":"Områderegulering for frittliggende småhusbebyggelse","pd":"2023-10-25","c":125}},{"type":"Feature","geometry":{"type":"Polygon","coordinates":[[[10.80179,59.66862],[10.80185,59.6686],[10.80179,59.66854],[10.8018,59.6685],[10.80166,59.66845],[10.80154,59.66847],[10.80179,59.66862]]]},"properties":{"a":148,"v":-175,"dh":1.18,"pl":2,"pn":"Områderegulering for frittliggende småhusbebyggelse","pd":"2023-10-25","c":125}},{"type":"Feature","geometry":{"type":"Polygon","coordinates":[[[10.8019,59.66893],[10.80195,59.66891],[10.80189,59.66879],[10.80164,59.66878],[10.8019,59.66893]]]},"properties":{"a":154,"v":-177,"dh":1.15,"pl":2,"pn":"Områderegulering for frittliggende småhusbebyggelse","pd":"2023-10-25","c":125}},{"type":"Feature","geometry":{"type":"Polygon","coordinates":[[[10.80334,59.66896],[10.80337,59.66893],[10.80335,59.66884],[10.8031,59.66887],[10.80334,59.66896]]]},"properties":{"a":129,"v":-144,"dh":1.12,"pl":2,"pn":"Områderegulering for frittliggende småhusbebyggelse","pd":"2023-10-25","c":125}},{"type":"Feature","geometry":{"type":"Polygon","coordinates":[[[10.82766,59.65578],[10.82808,59.65576],[10.82813,59.6557],[10.82779,59.6556],[10.82788,59.65567],[10.8278,59.65575],[10.82766,59.65578]]]},"properties":{"a":228,"v":200,"dh":0.88,"pl":0,"sh":1,"c":56}},{"type":"Feature","geometry":{"type":"Polygon","coordinates":[[[10.83024,59.65719],[10.83024,59.65699],[10.8302,59.65687],[10.83015,59.65691],[10.83019,59.65698],[10.83014,59.65701],[10.83013,59.65716],[10.83024,59.65719]]]},"properties":{"a":152,"v":135,"dh":0.89,"pl":0,"sh":1,"c":127}},{"type":"Feature","geometry":{"type":"Polygon","coordinates":[[[10.82158,59.65802],[10.82176,59.65795],[10.82184,59.65789],[10.82172,59.65789],[10.82151,59.65799],[10.82158,59.65802]]]},"properties":{"a":103,"v":-85,"dh":0.82,"pl":2,"pn":"Områderegulering for frittliggende småhusbebyggelse","pd":"2023-10-25","sh":1,"c":128}},{"type":"Feature","geometry":{"type":"Polygon","coordinates":[[[10.81387,59.65956],[10.81412,59.65959],[10.81412,59.65955],[10.81407,59.65956],[10.81412,59.65952],[10.81408,59.65947],[10.81411,59.6593],[10.81395,59.65929],[10.81387,59.65956]]]},"properties":{"a":364,"v":461,"dh":1.27,"pl":0,"fo":1,"c":129}},{"type":"Feature","geometry":{"type":"MultiPolygon","coordinates":[[[[10.81504,59.67289],[10.81506,59.6729],[10.81506,59.67289],[10.81504,59.67289]]],[[[10.81556,59.673],[10.81544,59.67285],[10.81518,59.67284],[10.81506,59.67288],[10.81541,59.67288],[10.81556,59.673]]],[[[10.81558,59.673],[10.81556,59.673],[10.81556,59.673],[10.81558,59.673],[10.81558,59.673]]]]},"properties":{"a":106,"v":109,"dh":1.03,"pl":0,"fo":1,"c":130}},{"type":"Feature","geometry":{"type":"Polygon","coordinates":[[[10.81631,59.67348],[10.81641,59.67337],[10.81639,59.67327],[10.81646,59.67319],[10.81635,59.67318],[10.81627,59.67329],[10.81626,59.67347],[10.81631,59.67348]]]},"properties":{"a":209,"v":340,"dh":1.62,"pl":0,"c":130}},{"type":"Feature","geometry":{"type":"Polygon","coordinates":[[[10.82171,59.67477],[10.82208,59.67476],[10.82228,59.67471],[10.82202,59.67465],[10.82165,59.67468],[10.82171,59.67477]]]},"properties":{"a":327,"v":469,"dh":1.44,"pl":0,"c":131}},{"type":"Feature","geometry":{"type":"Polygon","coordinates":[[[10.82681,59.67932],[10.82682,59.67918],[10.82666,59.67917],[10.82665,59.67929],[10.82681,59.67932]]]},"properties":{"a":149,"v":139,"dh":0.93,"pl":0,"sh":1,"c":132}},{"type":"Feature","geometry":{"type":"Polygon","coordinates":[[[10.81859,59.68016],[10.81903,59.68009],[10.81907,59.68004],[10.81856,59.68011],[10.81859,59.68016]]]},"properties":{"a":116,"v":139,"dh":1.2,"pl":1,"pn":"Reguleringsplan for E18 Retvet-Vinterbro","pd":"2016-10-12","c":133}},{"type":"Feature","geometry":{"type":"Polygon","coordinates":[[[10.82011,59.68067],[10.82004,59.68023],[10.81996,59.6802],[10.82006,59.68067],[10.82011,59.68067]]]},"properties":{"a":146,"v":161,"dh":1.1,"pl":0,"c":134}},{"type":"Feature","geometry":{"type":"Polygon","coordinates":[[[10.79306,59.66607],[10.79324,59.66603],[10.79325,59.66596],[10.79314,59.66593],[10.79285,59.66598],[10.79308,59.66597],[10.79306,59.66607]]]},"properties":{"a":140,"v":-299,"dh":2.14,"pl":1,"pn":"Områdereguleringsplan for Ås sentralområde","pd":"2019-10-23","c":135}},{"type":"Feature","geometry":{"type":"Polygon","coordinates":[[[10.79475,59.66711],[10.79493,59.66711],[10.79487,59.66696],[10.79475,59.66703],[10.79475,59.66711]]]},"properties":{"a":131,"v":123,"dh":0.94,"pl":1,"pn":"Områdereguleringsplan for Ås sentralområde","pd":"2019-10-23","sh":1,"c":136}},{"type":"Feature","geometry":{"type":"Polygon","coordinates":[[[10.79718,59.66761],[10.79714,59.66756],[10.79666,59.66757],[10.79666,59.6676],[10.79718,59.66761]]]},"properties":{"a":118,"v":-122,"dh":1.03,"pl":1,"pn":"Reguleringsplan for Ås stadion","pd":"2007-08-23","c":126}},{"type":"Feature","geometry":{"type":"Polygon","coordinates":[[[10.79617,59.66803],[10.79625,59.66798],[10.79615,59.66797],[10.79601,59.66779],[10.79591,59.66779],[10.79598,59.66787],[10.79591,59.6679],[10.79602,59.66789],[10.79617,59.66803]]]},"properties":{"a":139,"v":-175,"dh":1.26,"pl":1,"pn":"Langbakken 9 - Krisesenteret","pd":"1999-09-22","c":137}},{"type":"Feature","geometry":{"type":"Polygon","coordinates":[[[10.79781,59.66845],[10.79789,59.66834],[10.79786,59.66815],[10.7978,59.66829],[10.79781,59.66845]]]},"properties":{"a":111,"v":-95,"dh":0.86,"pl":1,"pn":"Reguleringsplan for Ås stadion","pd":"2007-08-23","sh":1,"c":126}},{"type":"Feature","geometry":{"type":"Polygon","coordinates":[[[10.79684,59.6687],[10.79713,59.66869],[10.79727,59.66862],[10.79679,59.66863],[10.79684,59.6687]]]},"properties":{"a":222,"v":272,"dh":1.23,"pl":1,"pn":"Reguleringsplan for Ås stadion","pd":"2007-08-23","c":126}},{"type":"Feature","geometry":{"type":"Polygon","coordinates":[[[10.79902,59.68613],[10.7993,59.68614],[10.79944,59.68604],[10.79937,59.686],[10.79917,59.68602],[10.79902,59.68609],[10.79902,59.68613]]]},"properties":{"a":226,"v":-377,"dh":1.67,"pl":0,"c":138}},{"type":"Feature","geometry":{"type":"Polygon","coordinates":[[[10.79931,59.68649],[10.79932,59.68643],[10.79916,59.68634],[10.79886,59.68641],[10.79891,59.68645],[10.7989,59.68648],[10.79914,59.68644],[10.79931,59.68649]]]},"properties":{"a":279,"v":-477,"dh":1.71,"pl":0,"c":138}},{"type":"Feature","geometry":{"type":"Polygon","coordinates":[[[10.79917,59.68659],[10.79931,59.68654],[10.79918,59.68648],[10.79895,59.68652],[10.79917,59.68659]]]},"properties":{"a":126,"v":203,"dh":1.61,"pl":0,"c":138}},{"type":"Feature","geometry":{"type":"Polygon","coordinates":[[[10.79061,59.68696],[10.79062,59.68687],[10.79046,59.6868],[10.7903,59.68682],[10.79032,59.68689],[10.79061,59.68696]]]},"properties":{"a":204,"v":247,"dh":1.21,"pl":0,"fo":1,"c":139}},{"type":"Feature","geometry":{"type":"Polygon","coordinates":[[[10.80214,59.67211],[10.80212,59.67204],[10.80192,59.67203],[10.80194,59.67211],[10.80214,59.67211]]]},"properties":{"a":110,"v":-175,"dh":1.59,"pl":2,"pn":"Områderegulering for frittliggende småhusbebyggelse","pd":"2023-10-25","c":140}},{"type":"Feature","geometry":{"type":"Polygon","coordinates":[[[10.80071,59.67291],[10.80085,59.67288],[10.80088,59.67277],[10.80075,59.67271],[10.8007,59.67276],[10.8008,59.67286],[10.80071,59.67291]]]},"properties":{"a":143,"v":-153,"dh":1.07,"pl":1,"pn":"Reguleringsplan med reguleringsbestemmelser for industri- og boligområde, Aschjemskogen III/Langbakken","pd":"1976-10-06","c":141}},{"type":"Feature","geometry":{"type":"Polygon","coordinates":[[[10.81302,59.67299],[10.81307,59.673],[10.81303,59.67248],[10.81299,59.67249],[10.81302,59.67299]]]},"properties":{"a":148,"v":-134,"dh":0.9,"pl":0,"sh":1,"c":142}},{"type":"Feature","geometry":{"type":"Polygon","coordinates":[[[10.80681,59.67768],[10.807,59.67763],[10.80696,59.67755],[10.80708,59.67752],[10.80684,59.67732],[10.80656,59.67728],[10.80633,59.67739],[10.80674,59.67748],[10.80666,59.67753],[10.80663,59.67758],[10.80681,59.67768]],[[10.80668,59.67755],[10.80669,59.67754],[10.80669,59.67755],[10.80668,59.67755]]]},"properties":{"a":898,"v":881,"dh":0.98,"pl":0,"fo":1,"c":143}},{"type":"Feature","geometry":{"type":"Polygon","coordinates":[[[10.8074,59.6782],[10.8076,59.67817],[10.80751,59.67812],[10.80729,59.67809],[10.80728,59.67815],[10.8074,59.6782]]]},"properties":{"a":131,"v":141,"dh":1.07,"pl":0,"fo":1,"c":144}},{"type":"Feature","geometry":{"type":"Polygon","coordinates":[[[10.81444,59.68024],[10.81454,59.68018],[10.81445,59.68012],[10.81428,59.68014],[10.81428,59.68021],[10.81444,59.68024]]]},"properties":{"a":161,"v":199,"dh":1.24,"pl":0,"c":145}},{"type":"Feature","geometry":{"type":"Polygon","coordinates":[[[10.80525,59.68077],[10.80521,59.68067],[10.80506,59.68057],[10.80483,59.68062],[10.80498,59.68074],[10.80525,59.68077]]]},"properties":{"a":299,"v":423,"dh":1.42,"pl":0,"fo":1,"c":146}},{"type":"Feature","geometry":{"type":"Polygon","coordinates":[[[10.80492,59.68093],[10.80499,59.68085],[10.8048,59.68071],[10.80459,59.68075],[10.80461,59.68082],[10.80475,59.68077],[10.80479,59.68081],[10.80476,59.68082],[10.80476,59.68088],[10.80492,59.68093]]]},"properties":{"a":262,"v":-251,"dh":0.96,"pl":0,"sh":1,"c":147}},{"type":"Feature","geometry":{"type":"Polygon","coordinates":[[[10.80428,59.68282],[10.80467,59.68281],[10.80454,59.68264],[10.80422,59.68269],[10.80417,59.68275],[10.80428,59.68282]]]},"properties":{"a":419,"v":417,"dh":0.99,"pl":0,"sh":1,"c":148}},{"type":"Feature","geometry":{"type":"Polygon","coordinates":[[[10.80537,59.68421],[10.80554,59.68419],[10.80546,59.68405],[10.80524,59.68415],[10.80537,59.68421]],[[10.8054,59.68415],[10.80543,59.68413],[10.80545,59.68415],[10.8054,59.68415]],[[10.80547,59.68411],[10.8054,59.68411],[10.8054,59.6841],[10.80547,59.68411]]]},"properties":{"a":168,"v":154,"dh":0.92,"pl":2,"pn":"Områderegulering for frittliggende småhusbebyggelse","pd":"2023-10-25","sh":1,"c":149}},{"type":"Feature","geometry":{"type":"Polygon","coordinates":[[[10.81687,59.68641],[10.81683,59.68625],[10.81688,59.68624],[10.81688,59.68617],[10.81675,59.68616],[10.81676,59.68632],[10.8168,59.6864],[10.81687,59.68641]]]},"properties":{"a":134,"v":-161,"dh":1.2,"pl":0,"c":150}},{"type":"Feature","geometry":{"type":"Polygon","coordinates":[[[10.84769,59.68626],[10.84777,59.6862],[10.84773,59.68615],[10.84764,59.68614],[10.84752,59.68619],[10.84754,59.68626],[10.84769,59.68626]]]},"properties":{"a":132,"v":-147,"dh":1.11,"pl":0,"c":151}},{"type":"Feature","geometry":{"type":"Polygon","coordinates":[[[10.81697,59.69012],[10.81705,59.69002],[10.81685,59.68999],[10.81689,59.6901],[10.81697,59.69012]]]},"properties":{"a":100,"v":135,"dh":1.35,"pl":1,"pn":"Endret reguleringsplan for Felleskjøper Holstad","pd":"2007-05-09","c":152}},{"type":"Feature","geometry":{"type":"Polygon","coordinates":[[[10.84371,59.6899],[10.84371,59.68985],[10.84362,59.68982],[10.84337,59.68984],[10.84371,59.6899]]]},"properties":{"a":114,"v":159,"dh":1.39,"pl":0,"c":153}},{"type":"Feature","geometry":{"type":"Polygon","coordinates":[[[10.82755,59.69061],[10.82735,59.69036],[10.82721,59.69024],[10.82717,59.69024],[10.82755,59.69061]]]},"properties":{"a":102,"v":-79,"dh":0.78,"pl":0,"sh":1,"c":154}},{"type":"Feature","geometry":{"type":"Polygon","coordinates":[[[10.81992,59.6912],[10.82,59.69111],[10.82002,59.69102],[10.8196,59.69082],[10.81942,59.69081],[10.81946,59.69091],[10.81936,59.69108],[10.81992,59.6912]]]},"properties":{"a":974,"v":998,"dh":1.02,"pl":1,"pn":"Endret reguleringsplan for Felleskjøper Holstad","pd":"2007-05-09","c":152}},{"type":"Feature","geometry":{"type":"Polygon","coordinates":[[[10.82525,59.69119],[10.82541,59.69113],[10.82537,59.69112],[10.8254,59.69105],[10.82528,59.69104],[10.8253,59.69109],[10.82523,59.6911],[10.82528,59.69116],[10.82525,59.69119]]]},"properties":{"a":108,"v":79,"dh":0.73,"pl":0,"sh":1,"c":155}},{"type":"Feature","geometry":{"type":"Polygon","coordinates":[[[10.82835,59.69208],[10.82829,59.69187],[10.82804,59.69148],[10.82783,59.69101],[10.8277,59.69086],[10.82788,59.69128],[10.82835,59.69208]]]},"properties":{"a":352,"v":-293,"dh":0.83,"pl":0,"sh":1,"c":154}},{"type":"Feature","geometry":{"type":"Polygon","coordinates":[[[10.80901,59.68463],[10.80904,59.68443],[10.80896,59.68434],[10.80886,59.68441],[10.80866,59.6844],[10.80863,59.68442],[10.80865,59.68447],[10.8086,59.68449],[10.80863,59.68453],[10.80883,59.68451],[10.80887,59.68461],[10.80901,59.68463]]]},"properties":{"a":447,"v":904,"dh":2.02,"pl":0,"c":156}},{"type":"Feature","geometry":{"type":"Polygon","coordinates":[[[10.80857,59.68474],[10.80904,59.68475],[10.809,59.68465],[10.80873,59.68462],[10.80875,59.68467],[10.80866,59.68468],[10.80855,59.68463],[10.80855,59.68456],[10.8086,59.68454],[10.80856,59.68451],[10.80846,59.68458],[10.80839,59.68456],[10.80836,59.68448],[10.80841,59.68439],[10.80853,59.68434],[10.80875,59.68434],[10.80871,59.68429],[10.8086,59.68425],[10.80837,59.68428],[10.8082,59.68432],[10.80809,59.6844],[10.80819,59.68454],[10.80841,59.68465],[10.80853,59.68465],[10.80857,59.68474]]]},"properties":{"a":1034,"v":-1949,"dh":1.89,"pl":0,"c":156}},{"type":"Feature","geometry":{"type":"Polygon","coordinates":[[[10.80336,59.68559],[10.80336,59.68554],[10.80343,59.6855],[10.80342,59.68543],[10.8033,59.68543],[10.80327,59.68551],[10.80336,59.68559]]]},"properties":{"a":110,"v":177,"dh":1.61,"pl":0,"c":157}},{"type":"Feature","geometry":{"type":"Polygon","coordinates":[[[10.81062,59.6894],[10.81106,59.68933],[10.81115,59.68938],[10.81121,59.68921],[10.81112,59.68917],[10.81098,59.6892],[10.81105,59.68917],[10.81103,59.68915],[10.81058,59.68934],[10.81062,59.6894]]]},"properties":{"a":548,"v":765,"dh":1.4,"pl":0,"c":158}},{"type":"Feature","geometry":{"type":"Polygon","coordinates":[[[10.80411,59.69127],[10.80401,59.69107],[10.80389,59.69111],[10.80383,59.69105],[10.80395,59.69121],[10.80411,59.69127]]]},"properties":{"a":154,"v":-216,"dh":1.41,"pl":1,"pn":"Reguleringsplan med reguleringsbestemmelser for Østfoldbanen på strekningen Skigrense - Ås stasjon","pd":"1991-01-29","c":159}},{"type":"Feature","geometry":{"type":"Polygon","coordinates":[[[10.80377,59.69155],[10.80374,59.69138],[10.80351,59.69134],[10.80358,59.69138],[10.80356,59.69152],[10.80377,59.69155]]]},"properties":{"a":222,"v":227,"dh":1.02,"pl":1,"pn":"Reguleringsplan med reguleringsbestemmelser for Østfoldbanen på strekningen Skigrense - Ås stasjon","pd":"1991-01-29","c":159}},{"type":"Feature","geometry":{"type":"Polygon","coordinates":[[[10.80373,59.69171],[10.8037,59.69164],[10.8036,59.69161],[10.80358,59.69155],[10.80339,59.69149],[10.8036,59.69167],[10.80373,59.69171]]]},"properties":{"a":106,"v":101,"dh":0.95,"pl":1,"pn":"Reguleringsplan for E18 Retvet-Vinterbro","pd":"2016-10-12","sl":1,"c":133}},{"type":"Feature","geometry":{"type":"MultiPolygon","coordinates":[[[[10.80575,59.69437],[10.80579,59.69434],[10.80573,59.69436],[10.80575,59.69437]]],[[[10.80594,59.69446],[10.8059,59.69438],[10.80581,59.69436],[10.80594,59.69446]]],[[[10.80556,59.69447],[10.8056,59.69449],[10.8056,59.69447],[10.80556,59.69447]]],[[[10.80587,59.69461],[10.80614,59.69459],[10.80608,59.69457],[10.80614,59.69455],[10.80608,59.69454],[10.80613,59.69449],[10.80604,59.69451],[10.80611,59.69443],[10.80573,59.69457],[10.80571,59.69453],[10.80587,59.69449],[10.80586,59.69444],[10.80581,59.69438],[10.80565,59.69437],[10.80575,59.69441],[10.8056,59.69446],[10.80565,59.69446],[10.80565,59.69448],[10.80558,59.6945],[10.80565,59.69452],[10.80562,59.69456],[10.80587,59.69461]],[[10.80596,59.6946],[10.80594,59.69458],[10.80596,59.69458],[10.80596,59.6946]],[[10.80602,59.69448],[10.80601,59.69449],[10.80601,59.69448],[10.80602,59.69448]],[[10.80592,59.69456],[10.80603,59.69451],[10.80601,59.69459],[10.80592,59.69456]],[[10.80585,59.69459],[10.80589,59.69457],[10.80589,59.69459],[10.80585,59.69459]],[[10.80585,59.69454],[10.80583,59.69456],[10.80583,59.69454],[10.80585,59.69454]],[[10.80569,59.69454],[10.80567,59.69455],[10.80567,59.69455],[10.80569,59.69454]],[[10.80567,59.69448],[10.80574,59.69451],[10.80567,59.69452],[10.80567,59.69448]],[[10.80579,59.69445],[10.80581,59.69448],[10.80578,59.69448],[10.80579,59.69445]],[[10.80579,59.69445],[10.80577,59.69444],[10.80579,59.69444],[10.80579,59.69445]]],[[[10.80615,59.69456],[10.80617,59.69457],[10.80617,59.69456],[10.80615,59.69456]]],[[[10.80615,59.69457],[10.80614,59.69457],[10.80614,59.69457],[10.80615,59.69457]]]]},"properties":{"a":433,"v":-354,"dh":0.82,"pl":0,"sh":1,"c":160}},{"type":"Feature","geometry":{"type":"Polygon","coordinates":[[[10.80659,59.69471],[10.80675,59.69466],[10.80676,59.69461],[10.80665,59.69456],[10.80667,59.6945],[10.80661,59.69448],[10.80643,59.69445],[10.80612,59.69461],[10.80616,59.69465],[10.80642,59.69462],[10.80654,59.69453],[10.80658,59.6946],[10.80651,59.6946],[10.80641,59.69468],[10.80659,59.69471]]]},"properties":{"a":484,"v":640,"dh":1.32,"pl":0,"c":160}},{"type":"Feature","geometry":{"type":"Polygon","coordinates":[[[10.80568,59.69497],[10.80571,59.69489],[10.80578,59.69488],[10.80569,59.69481],[10.80586,59.69477],[10.80565,59.69477],[10.8055,59.69488],[10.80552,59.69496],[10.80562,59.69493],[10.80568,59.69497]]]},"properties":{"a":234,"v":307,"dh":1.31,"pl":0,"c":160}},{"type":"Feature","geometry":{"type":"Polygon","coordinates":[[[10.78234,59.68518],[10.78252,59.68517],[10.78252,59.68512],[10.78228,59.68498],[10.78205,59.68496],[10.78205,59.68501],[10.78196,59.68504],[10.78202,59.6851],[10.7822,59.68511],[10.78234,59.68518]]]},"properties":{"a":410,"v":439,"dh":1.07,"pl":0,"fo":1,"c":161}},{"type":"Feature","geometry":{"type":"Polygon","coordinates":[[[10.78264,59.68536],[10.78269,59.6853],[10.78254,59.68531],[10.78254,59.68521],[10.78242,59.68526],[10.78246,59.68534],[10.78264,59.68536]]]},"properties":{"a":128,"v":151,"dh":1.18,"pl":0,"fo":1,"c":161}},{"type":"Feature","geometry":{"type":"MultiPolygon","coordinates":[[[[10.78271,59.68538],[10.78276,59.68536],[10.78271,59.68536],[10.78271,59.68538]]],[[[10.78338,59.68593],[10.78334,59.68592],[10.78334,59.68593],[10.78338,59.68593]]],[[[10.78331,59.68574],[10.78305,59.68554],[10.78305,59.68548],[10.78296,59.68544],[10.78296,59.6854],[10.78269,59.6854],[10.78256,59.68552],[10.78258,59.68571],[10.78253,59.68576],[10.78264,59.68581],[10.78263,59.68589],[10.78272,59.68598],[10.78271,59.68604],[10.78276,59.68606],[10.78269,59.68611],[10.7828,59.6862],[10.78279,59.68626],[10.78286,59.68632],[10.78297,59.68656],[10.78286,59.68661],[10.78276,59.68677],[10.78259,59.68686],[10.78258,59.68696],[10.78262,59.68699],[10.78288,59.6869],[10.78378,59.68679],[10.78376,59.68654],[10.78356,59.68632],[10.7835,59.68618],[10.78353,59.68611],[10.78347,59.68609],[10.78343,59.68598],[10.78327,59.68597],[10.78334,59.68592],[10.78331,59.68574]],[[10.78313,59.68602],[10.7831,59.68604],[10.7831,59.68602],[10.78313,59.68602]]]]},"properties":{"a":6872,"v":13590,"dh":1.98,"pl":0,"c":161}},{"type":"Feature","geometry":{"type":"Polygon","coordinates":[[[10.78412,59.70567],[10.78414,59.70558],[10.78423,59.70555],[10.78414,59.70538],[10.78416,59.70529],[10.78424,59.70525],[10.78424,59.70519],[10.78479,59.7051],[10.78437,59.70499],[10.7843,59.70492],[10.78417,59.70493],[10.78399,59.70515],[10.78396,59.70531],[10.78403,59.70547],[10.78402,59.70563],[10.78412,59.70567]]]},"properties":{"a":1228,"v":1510,"dh":1.23,"pl":0,"c":162}},{"type":"Feature","geometry":{"type":"Polygon","coordinates":[[[10.78438,59.70543],[10.78445,59.70536],[10.78444,59.7053],[10.78426,59.70528],[10.78425,59.7054],[10.78438,59.70543]]]},"properties":{"a":149,"v":-146,"dh":0.98,"pl":0,"sh":1,"c":162}},{"type":"Feature","geometry":{"type":"Polygon","coordinates":[[[10.78667,59.70766],[10.78709,59.70761],[10.78714,59.70755],[10.78657,59.70761],[10.78667,59.70766]]]},"properties":{"a":232,"v":199,"dh":0.86,"pl":1,"pn":"Reguleringsplan for Sneissletta - Nygård","pd":"1982-02-09","sh":1,"c":163}},{"type":"Feature","geometry":{"type":"Polygon","coordinates":[[[10.78572,59.71662],[10.78593,59.71661],[10.78591,59.71651],[10.78571,59.71648],[10.78572,59.71662]]]},"properties":{"a":192,"v":-179,"dh":0.93,"pl":2,"pn":"Områderegulering for frittliggende småhusbebyggelse","pd":"2023-10-25","sh":1,"c":164}},{"type":"Feature","geometry":{"type":"Polygon","coordinates":[[[10.78372,59.71674],[10.78375,59.71659],[10.78369,59.71648],[10.78362,59.71647],[10.78367,59.71657],[10.78368,59.71674],[10.78372,59.71674]]]},"properties":{"a":109,"v":-118,"dh":1.08,"pl":1,"pn":"Reguleringsplan for E18 Retvet-Vinterbro","pd":"2016-10-12","c":133}},{"type":"Feature","geometry":{"type":"Polygon","coordinates":[[[10.78858,59.71886],[10.78859,59.71881],[10.7887,59.71877],[10.78871,59.7187],[10.78864,59.71869],[10.78866,59.71872],[10.78849,59.71877],[10.78847,59.71885],[10.78858,59.71886]]]},"properties":{"a":129,"v":-119,"dh":0.92,"pl":2,"pn":"Områderegulering for frittliggende småhusbebyggelse","pd":"2023-10-25","sh":1,"c":165}},{"type":"Feature","geometry":{"type":"Polygon","coordinates":[[[10.78899,59.71997],[10.78931,59.71995],[10.78939,59.71976],[10.78886,59.7197],[10.78859,59.71974],[10.78843,59.71965],[10.78827,59.71973],[10.78829,59.71978],[10.78861,59.71982],[10.78872,59.71985],[10.78874,59.71992],[10.78899,59.71997]]]},"properties":{"a":1205,"v":-1866,"dh":1.55,"pl":1,"pn":"Detaljregulering med tilhørende bestemmelser for Nordbyveien 122 GBNR 103/5 Ås kommune","pd":"2014-09-10","c":166}},{"type":"Feature","geometry":{"type":"Polygon","coordinates":[[[10.77509,59.71067],[10.77545,59.71064],[10.77551,59.71057],[10.77509,59.71067]]]},"properties":{"a":121,"v":154,"dh":1.27,"pl":0,"c":102}},{"type":"Feature","geometry":{"type":"Polygon","coordinates":[[[10.77384,59.71077],[10.77398,59.71074],[10.77406,59.7107],[10.7739,59.7106],[10.77372,59.71064],[10.77369,59.71071],[10.77384,59.71077]]]},"properties":{"a":261,"v":-602,"dh":2.31,"pl":0,"fo":1,"c":102}},{"type":"Feature","geometry":{"type":"Polygon","coordinates":[[[10.77466,59.71087],[10.77476,59.71082],[10.77478,59.71075],[10.77456,59.71071],[10.77448,59.71076],[10.77453,59.71085],[10.77466,59.71087]]]},"properties":{"a":223,"v":418,"dh":1.87,"pl":0,"c":102}},{"type":"Feature","geometry":{"type":"Polygon","coordinates":[[[10.7743,59.71119],[10.77423,59.7111],[10.77433,59.71107],[10.77436,59.71093],[10.77425,59.71084],[10.77405,59.71083],[10.77406,59.71095],[10.77417,59.71111],[10.77416,59.71114],[10.77425,59.71116],[10.77421,59.7112],[10.7743,59.71119]]]},"properties":{"a":449,"v":1092,"dh":2.43,"pl":0,"c":102}},{"type":"Feature","geometry":{"type":"Polygon","coordinates":[[[10.77434,59.71461],[10.7742,59.7143],[10.77405,59.71412],[10.77398,59.7141],[10.77404,59.71427],[10.77434,59.71461]]]},"properties":{"a":254,"v":252,"dh":0.99,"pl":0,"sh":1,"c":167}},{"type":"Feature","geometry":{"type":"Polygon","coordinates":[[[10.7747,59.71465],[10.77512,59.71451],[10.77512,59.71449],[10.77445,59.71454],[10.77452,59.71462],[10.7747,59.71465]]]},"properties":{"a":344,"v":415,"dh":1.21,"pl":0,"fo":1,"c":168}},{"type":"Feature","geometry":{"type":"Polygon","coordinates":[[[10.77551,59.71554],[10.77588,59.71554],[10.77592,59.71546],[10.7757,59.71543],[10.77551,59.71554]]]},"properties":{"a":184,"v":341,"dh":1.85,"pl":0,"c":169}},{"type":"Feature","geometry":{"type":"Polygon","coordinates":[[[10.77322,59.72132],[10.77315,59.72123],[10.77293,59.72127],[10.77304,59.72131],[10.77322,59.72132]]]},"properties":{"a":103,"v":143,"dh":1.39,"pl":0,"c":170}},{"type":"Feature","geometry":{"type":"Polygon","coordinates":[[[10.7751,59.72891],[10.77544,59.72892],[10.77561,59.72885],[10.77554,59.72882],[10.77504,59.72886],[10.7751,59.72891]]]},"properties":{"a":257,"v":-476,"dh":1.85,"pl":1,"pn":"Detaljregulering for utvidelse av Vinterbro næringspark","pd":"2018-04-26","c":171}},{"type":"Feature","geometry":{"type":"Polygon","coordinates":[[[10.77467,59.72952],[10.775,59.72936],[10.775,59.72932],[10.77485,59.72927],[10.77457,59.72937],[10.77454,59.72949],[10.77467,59.72952]],[[10.77484,59.72936],[10.77486,59.72935],[10.77486,59.72936],[10.77484,59.72936]]]},"properties":{"a":394,"v":-790,"dh":2.01,"pl":1,"pn":"Detaljregulering for utvidelse av Vinterbro næringspark","pd":"2018-04-26","c":171}},{"type":"Feature","geometry":{"type":"Polygon","coordinates":[[[10.78926,59.72098],[10.78938,59.72085],[10.78932,59.72076],[10.78921,59.72071],[10.78918,59.72071],[10.78918,59.72076],[10.789,59.72077],[10.78913,59.72085],[10.78908,59.72086],[10.78911,59.72089],[10.78906,59.72096],[10.78896,59.72097],[10.78926,59.72098]]]},"properties":{"a":401,"v":378,"dh":0.94,"pl":1,"pn":"Nordvangjordet","pd":"1996-09-11","sh":1,"c":172}},{"type":"Feature","geometry":{"type":"Polygon","coordinates":[[[10.78846,59.72095],[10.78857,59.72093],[10.78858,59.72084],[10.78848,59.72075],[10.78844,59.72086],[10.78846,59.72095]]]},"properties":{"a":118,"v":105,"dh":0.89,"pl":1,"pn":"Nordvangjordet","pd":"1996-09-11","sh":1,"c":172}},{"type":"Feature","geometry":{"type":"Polygon","coordinates":[[[10.78799,59.72122],[10.78794,59.72091],[10.7879,59.72087],[10.78778,59.72091],[10.78773,59.721],[10.78776,59.7211],[10.78799,59.72122]]]},"properties":{"a":374,"v":363,"dh":0.97,"pl":1,"pn":"Nygård-Nordvang","pd":"2001-09-26","sh":1,"c":173}},{"type":"Feature","geometry":{"type":"Polygon","coordinates":[[[10.78866,59.72242],[10.7888,59.72228],[10.78882,59.72208],[10.78877,59.72202],[10.78837,59.72186],[10.78818,59.72165],[10.78819,59.72151],[10.78811,59.72147],[10.78811,59.72165],[10.78826,59.72181],[10.7881,59.72179],[10.78805,59.72189],[10.78826,59.7219],[10.78866,59.72206],[10.78859,59.72212],[10.78862,59.72221],[10.78858,59.72221],[10.78867,59.7223],[10.78863,59.72239],[10.78866,59.72242]]]},"properties":{"a":887,"v":-2473,"dh":2.79,"pl":1,"pn":"Nygård-Nordvang","pd":"2001-09-26","c":173}},{"type":"Feature","geometry":{"type":"MultiPolygon","coordinates":[[[[10.78773,59.72219],[10.78764,59.72225],[10.78777,59.72227],[10.78784,59.72242],[10.78792,59.72245],[10.78792,59.72251],[10.78804,59.7225],[10.7877,59.72213],[10.78762,59.72213],[10.78764,59.72218],[10.78773,59.72219]],[[10.78765,59.72216],[10.78767,59.72217],[10.78765,59.72217],[10.78765,59.72216]],[[10.78771,59.72225],[10.78773,59.72224],[10.78776,59.72226],[10.78771,59.72225]]],[[[10.78805,59.72251],[10.78813,59.72249],[10.78804,59.7225],[10.78805,59.72251]]]]},"properties":{"a":229,"v":-196,"dh":0.86,"pl":1,"pn":"Nygård-Nordvang","pd":"2001-09-26","sl":1,"c":173}},{"type":"Feature","geometry":{"type":"Polygon","coordinates":[[[10.78893,59.7227],[10.78887,59.72267],[10.78896,59.72265],[10.78884,59.72266],[10.78865,59.72256],[10.78864,59.72263],[10.78871,59.72263],[10.78873,59.72267],[10.78866,59.72268],[10.78893,59.7227]],[[10.78884,59.72268],[10.78885,59.72267],[10.78885,59.72268],[10.78884,59.72268]],[[10.78867,59.72261],[10.78869,59.7226],[10.78869,59.72261],[10.78867,59.72261]]]},"properties":{"a":111,"v":-91,"dh":0.82,"pl":2,"pn":"Områderegulering for frittliggende småhusbebyggelse","pd":"2023-10-25","sl":1,"c":174}},{"type":"Feature","geometry":{"type":"Polygon","coordinates":[[[10.78466,59.7231],[10.78469,59.72271],[10.78455,59.72267],[10.78481,59.72258],[10.78481,59.72251],[10.78381,59.72253],[10.78366,59.7226],[10.78366,59.72272],[10.78435,59.72283],[10.78466,59.7231]]]},"properties":{"a":1973,"v":2182,"dh":1.11,"pl":1,"pn":"Reguleringsplan for E18 Retvet-Vinterbro","pd":"2016-10-12","c":133}},{"type":"Feature","geometry":{"type":"Polygon","coordinates":[[[10.79009,59.72285],[10.79011,59.7228],[10.79003,59.72274],[10.78974,59.72262],[10.7897,59.72262],[10.78962,59.72273],[10.79009,59.72285]]]},"properties":{"a":316,"v":486,"dh":1.54,"pl":1,"pn":"Reguleringsplan for et område mellom Haugenveien og Søndre Tverrvei","pd":"1995-05-23","c":175}},{"type":"Feature","geometry":{"type":"Polygon","coordinates":[[[10.78944,59.72304],[10.78978,59.72303],[10.78957,59.72301],[10.78956,59.72292],[10.78979,59.72295],[10.78988,59.72285],[10.78998,59.72285],[10.78961,59.72276],[10.78965,59.72264],[10.78948,59.72275],[10.78947,59.7228],[10.78958,59.72286],[10.78943,59.72286],[10.78949,59.72296],[10.7894,59.723],[10.78944,59.72304]]]},"properties":{"a":584,"v":-964,"dh":1.65,"pl":1,"pn":"Reguleringsplan for et område mellom Haugenveien og Søndre Tverrvei","pd":"1995-05-23","c":175}},{"type":"Feature","geometry":{"type":"Polygon","coordinates":[[[10.78822,59.72315],[10.78823,59.72296],[10.78805,59.72293],[10.78811,59.72311],[10.78822,59.72315]]]},"properties":{"a":175,"v":-220,"dh":1.25,"pl":1,"pn":"Nygård-Nordvang","pd":"2001-09-26","fo":1,"c":173}},{"type":"Feature","geometry":{"type":"Polygon","coordinates":[[[10.78145,59.7242],[10.78163,59.72421],[10.78164,59.72413],[10.78158,59.72409],[10.78143,59.72416],[10.78145,59.7242]]]},"properties":{"a":109,"v":105,"dh":0.97,"pl":0,"sh":1,"c":176}},{"type":"Feature","geometry":{"type":"Polygon","coordinates":[[[10.77796,59.72457],[10.77814,59.72457],[10.7783,59.72449],[10.77812,59.72446],[10.77793,59.72452],[10.77796,59.72457]]]},"properties":{"a":166,"v":147,"dh":0.89,"pl":1,"pn":"Nygård næringspark","pd":"2012-10-18","sh":1,"c":177}},{"type":"Feature","geometry":{"type":"Polygon","coordinates":[[[10.77807,59.72485],[10.77814,59.72482],[10.77813,59.72474],[10.7783,59.72457],[10.77821,59.72455],[10.77809,59.72462],[10.77797,59.72459],[10.77787,59.72451],[10.77764,59.72451],[10.77807,59.72485]]]},"properties":{"a":604,"v":-825,"dh":1.37,"pl":1,"pn":"Nygård næringspark","pd":"2012-10-18","c":177}},{"type":"Feature","geometry":{"type":"Polygon","coordinates":[[[10.77823,59.72497],[10.77839,59.72457],[10.7782,59.72469],[10.77817,59.72484],[10.77805,59.72489],[10.77778,59.72471],[10.77802,59.72493],[10.77816,59.72499],[10.77823,59.72497]]]},"properties":{"a":367,"v":351,"dh":0.96,"pl":1,"pn":"Nygård næringspark","pd":"2012-10-18","sh":1,"c":177}},{"type":"Feature","geometry":{"type":"MultiPolygon","coordinates":[[[[10.7817,59.72599],[10.78172,59.72591],[10.78161,59.72588],[10.78171,59.72587],[10.78183,59.72569],[10.78183,59.72565],[10.78174,59.72564],[10.78176,59.72546],[10.78205,59.72544],[10.7821,59.7254],[10.78185,59.72542],[10.78187,59.72537],[10.78181,59.72536],[10.78101,59.72534],[10.78097,59.72584],[10.78101,59.72607],[10.78097,59.72617],[10.78177,59.72619],[10.78189,59.72612],[10.78203,59.7261],[10.78252,59.72596],[10.78259,59.72592],[10.78259,59.72586],[10.78248,59.72582],[10.78247,59.72573],[10.7824,59.72563],[10.78227,59.72556],[10.7822,59.72561],[10.78231,59.72562],[10.78239,59.72578],[10.78226,59.72579],[10.78229,59.72592],[10.78225,59.72589],[10.78211,59.72592],[10.78215,59.72601],[10.78181,59.72606],[10.78175,59.72613],[10.78167,59.72607],[10.78178,59.72602],[10.7817,59.72599]],[[10.78201,59.72609],[10.78189,59.7261],[10.78187,59.72608],[10.78199,59.72605],[10.78201,59.72609]],[[10.78222,59.72598],[10.78225,59.72596],[10.78225,59.72598],[10.78222,59.72598]],[[10.78229,59.72593],[10.78231,59.72594],[10.78229,59.72594],[10.78229,59.72593]],[[10.78176,59.72542],[10.7818,59.7254],[10.7818,59.72542],[10.78176,59.72542]]],[[[10.78179,59.72602],[10.78178,59.72601],[10.78178,59.72602],[10.78179,59.72602]]]]},"properties":{"a":4863,"v":13920,"dh":2.86,"pl":1,"pn":"Nygård næringspark","pd":"2012-10-18","c":177}},{"type":"Feature","geometry":{"type":"Polygon","coordinates":[[[10.7837,59.7274],[10.78386,59.72732],[10.78373,59.72702],[10.78385,59.72697],[10.78385,59.72692],[10.78371,59.72689],[10.78369,59.72684],[10.78372,59.72678],[10.78388,59.72673],[10.78373,59.72662],[10.78369,59.72662],[10.78371,59.72669],[10.78366,59.72668],[10.78347,59.72645],[10.78347,59.72641],[10.7836,59.72645],[10.78342,59.72621],[10.78324,59.72617],[10.7832,59.72607],[10.78311,59.72603],[10.78311,59.72596],[10.78304,59.72595],[10.78292,59.72583],[10.78287,59.72584],[10.78298,59.72593],[10.78297,59.72597],[10.7817,59.72631],[10.78155,59.72639],[10.78192,59.72636],[10.78192,59.7264],[10.78183,59.72641],[10.78185,59.72647],[10.78214,59.72648],[10.78228,59.72654],[10.78248,59.72664],[10.78251,59.72672],[10.78271,59.72686],[10.78282,59.72687],[10.78311,59.72705],[10.78335,59.7271],[10.78319,59.72712],[10.78335,59.72719],[10.78332,59.72736],[10.7837,59.7274]]]},"properties":{"a":8862,"v":-20739,"dh":2.34,"pl":1,"pn":"Nygård næringspark","pd":"2012-10-18","c":177}},{"type":"Feature","geometry":{"type":"Polygon","coordinates":[[[10.78066,59.72803],[10.78089,59.728],[10.78106,59.7279],[10.78104,59.72784],[10.78113,59.72783],[10.78165,59.72795],[10.78182,59.72789],[10.78171,59.72784],[10.78171,59.72776],[10.78188,59.72769],[10.78186,59.72765],[10.78209,59.72749],[10.78286,59.72728],[10.7832,59.7273],[10.78323,59.7272],[10.78314,59.72718],[10.78308,59.72709],[10.78292,59.72708],[10.78252,59.72696],[10.78243,59.72688],[10.78214,59.72684],[10.78206,59.72667],[10.78191,59.72658],[10.78141,59.72656],[10.78139,59.72652],[10.78152,59.72646],[10.78147,59.72631],[10.78083,59.72635],[10.78085,59.72641],[10.78102,59.72643],[10.78095,59.72648],[10.78094,59.7266],[10.78102,59.72684],[10.78099,59.72691],[10.78102,59.72726],[10.78095,59.7273],[10.78101,59.72732],[10.78098,59.72739],[10.78105,59.7274],[10.78105,59.72746],[10.78095,59.72749],[10.78089,59.72746],[10.78093,59.72742],[10.78077,59.72744],[10.78075,59.72753],[10.78092,59.72758],[10.78047,59.7278],[10.78047,59.72785],[10.7804,59.72791],[10.78042,59.728],[10.78066,59.72803]],[[10.78125,59.72725],[10.78123,59.72717],[10.78134,59.72722],[10.78131,59.72726],[10.78125,59.72725]]]},"properties":{"a":13207,"v":33830,"dh":2.56,"pl":1,"pn":"Nygård næringspark","pd":"2012-10-18","c":177}},{"type":"Feature","geometry":{"type":"Polygon","coordinates":[[[10.78344,59.72881],[10.78363,59.72876],[10.78366,59.72868],[10.78344,59.72862],[10.78344,59.72881]]]},"properties":{"a":198,"v":324,"dh":1.63,"pl":0,"c":178}},{"type":"Feature","geometry":{"type":"MultiPolygon","coordinates":[[[[10.78071,59.72935],[10.78075,59.72938],[10.78076,59.72934],[10.78071,59.72935]]],[[[10.78071,59.7294],[10.78045,59.72948],[10.78046,59.72962],[10.78041,59.7297],[10.78051,59.72965],[10.78071,59.7294]]]]},"properties":{"a":220,"v":202,"dh":0.92,"pl":1,"pn":"Vintrebro næringspark del av gnr/bnr 104/1","pd":"2006-09-27","sh":1,"c":179}},{"type":"Feature","geometry":{"type":"Polygon","coordinates":[[[10.78305,59.7299],[10.78338,59.72982],[10.78347,59.72975],[10.78346,59.72964],[10.78339,59.72963],[10.78341,59.72969],[10.78329,59.72977],[10.78299,59.72979],[10.78297,59.72983],[10.78306,59.72984],[10.78305,59.7299]]]},"properties":{"a":300,"v":384,"dh":1.28,"pl":1,"pn":"Vintrebro næringspark del av gnr/bnr 104/1","pd":"2006-09-27","c":180}},{"type":"Feature","geometry":{"type":"Polygon","coordinates":[[[10.78724,59.7234],[10.78795,59.7234],[10.78803,59.72329],[10.78796,59.72319],[10.78797,59.72311],[10.78791,59.72304],[10.78779,59.72297],[10.78766,59.72298],[10.7876,59.72291],[10.7876,59.72286],[10.78773,59.72287],[10.78776,59.72282],[10.78721,59.72279],[10.78721,59.72289],[10.78741,59.72297],[10.78745,59.72309],[10.78732,59.7233],[10.78727,59.72331],[10.78729,59.72335],[10.78724,59.7234]]]},"properties":{"a":2067,"v":1772,"dh":0.86,"pl":1,"pn":"Nygård-Nordvang","pd":"2001-09-26","c":173}},{"type":"Feature","geometry":{"type":"Polygon","coordinates":[[[10.78702,59.72364],[10.78808,59.72357],[10.7882,59.72346],[10.78821,59.72327],[10.78837,59.72318],[10.78836,59.72315],[10.78814,59.72325],[10.78814,59.72334],[10.78809,59.72333],[10.78809,59.72344],[10.78803,59.7235],[10.78742,59.72355],[10.78701,59.72345],[10.78685,59.72346],[10.78687,59.72358],[10.78702,59.72364]]]},"properties":{"a":976,"v":1287,"dh":1.32,"pl":1,"pn":"Nygård-Nordvang","pd":"2001-09-26","fo":1,"c":173}},{"type":"Feature","geometry":{"type":"Polygon","coordinates":[[[10.78477,59.72416],[10.78473,59.72398],[10.78472,59.72349],[10.78468,59.72342],[10.78455,59.72339],[10.78442,59.72348],[10.78408,59.72354],[10.78408,59.72358],[10.78436,59.7237],[10.78436,59.72377],[10.78431,59.72381],[10.78412,59.72389],[10.78421,59.72398],[10.78399,59.72392],[10.78399,59.72354],[10.78394,59.7235],[10.78396,59.72397],[10.78477,59.72416]]]},"properties":{"a":2283,"v":2147,"dh":0.94,"pl":1,"pn":"Reguleringsplan for E18 Retvet-Vinterbro","pd":"2016-10-12","c":133}},{"type":"Feature","geometry":{"type":"Polygon","coordinates":[[[10.79047,59.7253],[10.79064,59.72516],[10.79042,59.72504],[10.79009,59.72515],[10.78987,59.72511],[10.79009,59.72522],[10.79047,59.7253]]]},"properties":{"a":597,"v":1019,"dh":1.71,"pl":0,"fo":1,"c":181}},{"type":"Feature","geometry":{"type":"Polygon","coordinates":[[[10.78952,59.72847],[10.78961,59.72844],[10.78955,59.72843],[10.7896,59.72829],[10.78949,59.72833],[10.78953,59.72836],[10.78938,59.7285],[10.78939,59.72862],[10.78931,59.72864],[10.78927,59.72875],[10.78937,59.72869],[10.78937,59.72864],[10.78944,59.72861],[10.78952,59.72847]],[[10.7895,59.72847],[10.78948,59.72846],[10.7895,59.72846],[10.7895,59.72847]]]},"properties":{"a":215,"v":-228,"dh":1.06,"pl":0,"sl":1,"c":182}},{"type":"Feature","geometry":{"type":"MultiPolygon","coordinates":[[[[10.78632,59.73428],[10.78629,59.73426],[10.78629,59.73428],[10.78632,59.73428]]],[[[10.78637,59.7344],[10.7864,59.73437],[10.78637,59.73437],[10.78637,59.7344]]],[[[10.78632,59.73448],[10.78638,59.73427],[10.78631,59.73429],[10.78631,59.73437],[10.78622,59.73456],[10.78624,59.73466],[10.78621,59.73471],[10.78624,59.73473],[10.78615,59.73472],[10.78619,59.73479],[10.78614,59.73486],[10.7862,59.73484],[10.78618,59.73482],[10.78628,59.73484],[10.78625,59.73481],[10.78633,59.73472],[10.78631,59.73459],[10.78636,59.73459],[10.78632,59.73448]],[[10.78634,59.73458],[10.78629,59.73456],[10.78634,59.73456],[10.78634,59.73458]]]]},"properties":{"a":336,"v":-362,"dh":1.08,"pl":0,"sl":1,"c":183}},{"type":"Feature","geometry":{"type":"Polygon","coordinates":[[[10.78661,59.73725],[10.78667,59.73706],[10.78658,59.73703],[10.78659,59.73698],[10.78656,59.73692],[10.78652,59.73692],[10.78654,59.73704],[10.78662,59.73708],[10.78655,59.73721],[10.78661,59.73725]]]},"properties":{"a":101,"v":-92,"dh":0.91,"pl":0,"sl":1,"c":184}},{"type":"Feature","geometry":{"type":"Polygon","coordinates":[[[10.78715,59.73737],[10.78738,59.73732],[10.78741,59.73725],[10.78722,59.73729],[10.78715,59.73737]]]},"properties":{"a":109,"v":-197,"dh":1.81,"pl":0,"fo":1,"c":185}},{"type":"Feature","geometry":{"type":"MultiPolygon","coordinates":[[[[10.78661,59.738],[10.78665,59.73799],[10.78661,59.73799],[10.78661,59.738]]],[[[10.78662,59.73808],[10.78669,59.73803],[10.78656,59.73802],[10.78656,59.73798],[10.78661,59.73799],[10.78657,59.73796],[10.78661,59.73792],[10.78647,59.73796],[10.78649,59.73804],[10.78662,59.73808]]],[[[10.78661,59.738],[10.7866,59.73801],[10.78661,59.73801],[10.78661,59.738]]]]},"properties":{"a":103,"v":-140,"dh":1.36,"pl":0,"sl":1,"c":186}},{"type":"Feature","geometry":{"type":"Polygon","coordinates":[[[10.78689,59.74179],[10.78677,59.74165],[10.7867,59.74169],[10.78659,59.7416],[10.78654,59.7416],[10.78661,59.74171],[10.78674,59.74171],[10.7868,59.74178],[10.78689,59.74179]],[[10.78676,59.74171],[10.78677,59.7417],[10.78677,59.74171],[10.78676,59.74171]]]},"properties":{"a":121,"v":-104,"dh":0.86,"pl":0,"sl":1,"c":187}},{"type":"Feature","geometry":{"type":"Polygon","coordinates":[[[10.7764,59.72996],[10.77643,59.72991],[10.77656,59.72993],[10.77652,59.72981],[10.77628,59.7298],[10.77625,59.72977],[10.7763,59.72969],[10.77619,59.72966],[10.77612,59.72979],[10.77618,59.72982],[10.77618,59.7299],[10.7764,59.72996]]]},"properties":{"a":386,"v":-563,"dh":1.46,"pl":1,"pn":"Detaljregulering for utvidelse av Vinterbro næringspark","pd":"2018-04-26","c":171}},{"type":"Feature","geometry":{"type":"Polygon","coordinates":[[[10.77466,59.73007],[10.77491,59.73007],[10.77487,59.73002],[10.77503,59.73001],[10.77501,59.72995],[10.77517,59.72986],[10.77497,59.72985],[10.77496,59.72991],[10.77482,59.72996],[10.77483,59.72987],[10.77472,59.72984],[10.7746,59.72996],[10.77466,59.73007]],[[10.77477,59.73004],[10.77473,59.73003],[10.77473,59.73001],[10.77477,59.73004]]]},"properties":{"a":442,"v":-536,"dh":1.21,"pl":1,"pn":"Detaljregulering for utvidelse av Vinterbro næringspark","pd":"2018-04-26","c":171}},{"type":"Feature","geometry":{"type":"Polygon","coordinates":[[[10.77571,59.7306],[10.77579,59.73057],[10.77592,59.73057],[10.77593,59.73046],[10.77604,59.73049],[10.77607,59.73044],[10.77614,59.73048],[10.77632,59.73044],[10.77633,59.73056],[10.77643,59.73053],[10.77644,59.73046],[10.77604,59.73025],[10.77586,59.73041],[10.77566,59.73044],[10.77563,59.73051],[10.7757,59.73055],[10.77571,59.7306]]]},"properties":{"a":697,"v":-1290,"dh":1.85,"pl":1,"pn":"Detaljregulering for utvidelse av Vinterbro næringspark","pd":"2018-04-26","c":171}},{"type":"Feature","geometry":{"type":"Polygon","coordinates":[[[10.77057,59.73297],[10.77074,59.73284],[10.77072,59.73278],[10.77101,59.73262],[10.77104,59.73252],[10.77123,59.73233],[10.77124,59.73224],[10.77141,59.73207],[10.77146,59.73207],[10.77149,59.73195],[10.77168,59.7318],[10.77174,59.73164],[10.77203,59.7315],[10.77217,59.73136],[10.77217,59.73127],[10.77231,59.73103],[10.77266,59.7308],[10.7727,59.73066],[10.77279,59.73059],[10.77286,59.73034],[10.7731,59.7302],[10.77339,59.73018],[10.77373,59.73022],[10.77394,59.73028],[10.77415,59.7304],[10.77438,59.73045],[10.77447,59.73053],[10.77482,59.7306],[10.77545,59.73058],[10.77555,59.73065],[10.77552,59.73076],[10.77557,59.73078],[10.77575,59.7307],[10.77565,59.73065],[10.77569,59.73064],[10.77568,59.73055],[10.77561,59.73051],[10.77562,59.73042],[10.77569,59.73041],[10.77558,59.73033],[10.77592,59.73034],[10.77604,59.7302],[10.77622,59.73023],[10.77626,59.73036],[10.77648,59.7304],[10.77648,59.73055],[10.77629,59.73058],[10.77629,59.73048],[10.77616,59.73054],[10.77609,59.73051],[10.77587,59.73068],[10.77586,59.73078],[10.77591,59.73083],[10.77634,59.7309],[10.77662,59.73099],[10.77683,59.73095],[10.77733,59.73105],[10.77753,59.73105],[10.77765,59.73096],[10.77782,59.73063],[10.77782,59.73054],[10.77787,59.73052],[10.77787,59.73045],[10.77779,59.73035],[10.77778,59.73022],[10.77769,59.73021],[10.77771,59.73017],[10.77762,59.73013],[10.77742,59.73016],[10.77755,59.73018],[10.77755,59.73022],[10.77734,59.73024],[10.77719,59.73017],[10.77721,59.73012],[10.77687,59.73007],[10.77692,59.73004],[10.77683,59.72998],[10.7769,59.72991],[10.77681,59.72989],[10.7768,59.72984],[10.77691,59.7298],[10.77678,59.72973],[10.77667,59.72933],[10.7765,59.72909],[10.77649,59.72892],[10.77638,59.72888],[10.77641,59.72882],[10.77634,59.72877],[10.77631,59.72865],[10.7754,59.72855],[10.77487,59.72861],[10.77475,59.72868],[10.77466,59.72876],[10.77467,59.72882],[10.77456,59.72888],[10.77462,59.72895],[10.77452,59.72898],[10.77444,59.72921],[10.77437,59.72926],[10.77445,59.72932],[10.77427,59.72936],[10.77409,59.72964],[10.77385,59.72974],[10.77369,59.7299],[10.77334,59.72995],[10.77312,59.72987],[10.77262,59.72985],[10.77201,59.72994],[10.77189,59.73002],[10.77188,59.73018],[10.77183,59.73024],[10.77188,59.7303],[10.77175,59.73048],[10.77156,59.73055],[10.77112,59.73062],[10.77093,59.73073],[10.77078,59.73123],[10.77093,59.73106],[10.77094,59.73089],[10.771,59.73078],[10.77117,59.73069],[10.77162,59.73074],[10.77164,59.73085],[10.77158,59.73091],[10.77165,59.73091],[10.77163,59.731],[10.77149,59.73104],[10.77135,59.73126],[10.77109,59.73142],[10.771,59.73152],[10.77104,59.73161],[10.77089,59.73162],[10.77091,59.73169],[10.77098,59.73165],[10.77098,59.73178],[10.77086,59.73177],[10.77079,59.73182],[10.77078,59.73197],[10.77062,59.73208],[10.77068,59.73211],[10.77068,59.73218],[10.77041,59.7323],[10.77041,59.73237],[10.77026,59.73253],[10.77026,59.73258],[10.77031,59.7326],[10.77021,59.7326],[10.77014,59.73267],[10.7701,59.73293],[10.76998,59.73304],[10.77021,59.73336],[10.77022,59.73346],[10.77029,59.73351],[10.77026,59.73364],[10.77044,59.73388],[10.77051,59.73388],[10.77041,59.73399],[10.7705,59.73401],[10.7705,59.73406],[10.77057,59.73404],[10.7706,59.73429],[10.77067,59.73432],[10.77067,59.73436],[10.77078,59.73433],[10.77084,59.73438],[10.77094,59.73471],[10.77113,59.73489],[10.77138,59.73487],[10.77143,59.73492],[10.77243,59.73485],[10.77287,59.73487],[10.77321,59.73479],[10.77302,59.73467],[10.77305,59.7346],[10.77301,59.73442],[10.77311,59.73429],[10.77305,59.73425],[10.77308,59.73417],[10.77319,59.73416],[10.77324,59.7341],[10.77331,59.73413],[10.77336,59.73405],[10.77322,59.73365],[10.77323,59.73355],[10.7733,59.7335],[10.77327,59.73339],[10.77316,59.73335],[10.77303,59.73341],[10.77288,59.73339],[10.77288,59.73334],[10.77277,59.7333],[10.77282,59.73325],[10.77266,59.73322],[10.77266,59.73326],[10.77257,59.73326],[10.77252,59.73322],[10.77247,59.73305],[10.77246,59.73318],[10.77239,59.7332],[10.77241,59.73323],[10.77236,59.73327],[10.7724,59.73336],[10.77228,59.73345],[10.77229,59.7336],[10.77213,59.7337],[10.77195,59.73366],[10.77195,59.73385],[10.77179,59.73393],[10.77174,59.73402],[10.77163,59.73402],[10.77166,59.73412],[10.77154,59.73419],[10.77151,59.73426],[10.7714,59.73426],[10.77137,59.73431],[10.77123,59.73419],[10.77117,59.73423],[10.77118,59.73418],[10.77107,59.73413],[10.77097,59.73391],[10.77088,59.73384],[10.77089,59.73378],[10.7708,59.73372],[10.77077,59.73355],[10.7707,59.73345],[10.77062,59.73343],[10.7705,59.73309],[10.77057,59.73297]],[[10.77713,59.73097],[10.77715,59.73098],[10.77713,59.73098],[10.77713,59.73097]],[[10.77179,59.73054],[10.77181,59.73056],[10.77179,59.73056],[10.77179,59.73054]],[[10.77467,59.73051],[10.77465,59.73052],[10.77465,59.73051],[10.77467,59.73051]],[[10.77465,59.73051],[10.77463,59.73046],[10.77467,59.73047],[10.77465,59.73051]],[[10.77194,59.73046],[10.77189,59.73051],[10.77186,59.73052],[10.77194,59.73046]],[[10.77194,59.73046],[10.77198,59.73045],[10.77198,59.73046],[10.77194,59.73046]],[[10.77473,59.73041],[10.77463,59.73037],[10.77465,59.73024],[10.77451,59.73018],[10.77463,59.73009],[10.77457,59.72997],[10.77467,59.72984],[10.77479,59.72979],[10.77486,59.72984],[10.77522,59.72984],[10.77522,59.72987],[10.77505,59.72995],[10.77511,59.73003],[10.77479,59.73019],[10.77467,59.73019],[10.77473,59.73025],[10.77473,59.73041]],[[10.77537,59.72995],[10.77535,59.72999],[10.7753,59.73],[10.7753,59.72996],[10.77537,59.72995]],[[10.77631,59.72997],[10.77615,59.72991],[10.77616,59.72983],[10.77609,59.72981],[10.7761,59.72972],[10.77617,59.72969],[10.77612,59.72962],[10.77613,59.72955],[10.77631,59.72956],[10.77631,59.72962],[10.77644,59.72964],[10.77635,59.7297],[10.77647,59.72969],[10.77642,59.72973],[10.77673,59.72988],[10.7767,59.72996],[10.77631,59.72997]],[[10.77475,59.72975],[10.77484,59.72973],[10.77478,59.72964],[10.77494,59.72961],[10.77509,59.72973],[10.77475,59.72975]],[[10.77478,59.72951],[10.77453,59.7295],[10.77456,59.72939],[10.77445,59.72937],[10.77448,59.72932],[10.77461,59.72934],[10.7749,59.72925],[10.77501,59.72931],[10.77504,59.72938],[10.77495,59.72939],[10.77478,59.72951]],[[10.77591,59.72944],[10.7758,59.72932],[10.77594,59.72927],[10.77605,59.72946],[10.77591,59.72944]],[[10.77521,59.7293],[10.77526,59.72931],[10.77521,59.72931],[10.77521,59.7293]],[[10.77475,59.72907],[10.77471,59.72904],[10.77477,59.72898],[10.77485,59.72895],[10.77496,59.72899],[10.7749,59.72892],[10.77505,59.72892],[10.77499,59.72885],[10.77515,59.7288],[10.77502,59.72875],[10.77509,59.72869],[10.7753,59.72876],[10.77539,59.72872],[10.77541,59.72866],[10.77562,59.72865],[10.77579,59.72877],[10.77572,59.72882],[10.7757,59.72891],[10.77517,59.72892],[10.77503,59.72901],[10.77493,59.72901],[10.77495,59.72906],[10.77475,59.72907]],[[10.77558,59.72862],[10.77551,59.72858],[10.7756,59.72858],[10.77558,59.72862]],[[10.77576,59.7286],[10.7758,59.72861],[10.77576,59.72861],[10.77576,59.7286]],[[10.77095,59.73446],[10.77098,59.7345],[10.77095,59.73453],[10.77095,59.73446]],[[10.77193,59.73417],[10.77196,59.73415],[10.77196,59.73417],[10.77193,59.73417]],[[10.77296,59.73392],[10.77317,59.73385],[10.77312,59.73388],[10.77316,59.73399],[10.77297,59.73402],[10.77296,59.73392]],[[10.77301,59.73385],[10.77303,59.73379],[10.7731,59.7338],[10.77308,59.73384],[10.77301,59.73385]],[[10.77221,59.73375],[10.77229,59.73364],[10.77233,59.73364],[10.77231,59.73372],[10.77221,59.73375]],[[10.77265,59.73363],[10.77261,59.73361],[10.77264,59.73361],[10.77265,59.73363]],[[10.77266,59.73359],[10.77254,59.73357],[10.77262,59.73339],[10.77258,59.7333],[10.77273,59.73328],[10.77268,59.73336],[10.77272,59.73345],[10.77267,59.73347],[10.77273,59.73353],[10.77264,59.73356],[10.77266,59.73359]],[[10.77299,59.73344],[10.77304,59.73342],[10.77304,59.73344],[10.77299,59.73344]]]},"properties":{"a":70874,"v":273249,"dh":3.86,"pl":1,"pn":"Detaljregulering for utvidelse av Vinterbro næringspark","pd":"2018-04-26","c":171}},{"type":"Feature","geometry":{"type":"MultiPolygon","coordinates":[[[[10.77808,59.73012],[10.7781,59.73013],[10.7781,59.73012],[10.77808,59.73012]]],[[[10.7742,59.73043],[10.77422,59.73044],[10.77422,59.73043],[10.7742,59.73043]]],[[[10.77828,59.73086],[10.77833,59.73077],[10.77828,59.73081],[10.77828,59.73086]]],[[[10.77828,59.73087],[10.77826,59.73086],[10.77826,59.73087],[10.77828,59.73087]]],[[[10.77782,59.73163],[10.77818,59.73105],[10.77808,59.73112],[10.77794,59.73144],[10.77789,59.73147],[10.77786,59.73136],[10.77798,59.73127],[10.77799,59.73112],[10.77808,59.73111],[10.77806,59.73105],[10.77815,59.73099],[10.7782,59.73104],[10.77827,59.73092],[10.77825,59.73087],[10.77821,59.73095],[10.77816,59.73096],[10.77817,59.73084],[10.77824,59.73082],[10.77824,59.7307],[10.77832,59.73067],[10.77835,59.73075],[10.77845,59.73062],[10.77844,59.73056],[10.77835,59.73054],[10.77835,59.73048],[10.7784,59.73047],[10.77833,59.73041],[10.77836,59.73033],[10.77812,59.73013],[10.77801,59.73017],[10.77802,59.73022],[10.77786,59.73026],[10.77791,59.73055],[10.77771,59.73088],[10.77772,59.73094],[10.77753,59.73114],[10.77724,59.73111],[10.77713,59.73102],[10.77694,59.73104],[10.77683,59.73097],[10.77629,59.73098],[10.77577,59.73082],[10.77532,59.73076],[10.77516,59.73065],[10.7746,59.73061],[10.7743,59.73051],[10.77398,59.73031],[10.77376,59.73024],[10.77316,59.73021],[10.77288,59.73036],[10.77286,59.73056],[10.77271,59.73074],[10.77274,59.7308],[10.77268,59.73082],[10.77259,59.73095],[10.77254,59.73092],[10.77237,59.73102],[10.77225,59.73118],[10.77222,59.73135],[10.77199,59.73157],[10.77179,59.73164],[10.77171,59.7318],[10.77175,59.73187],[10.77151,59.73205],[10.77153,59.73212],[10.77131,59.73224],[10.7713,59.73236],[10.77108,59.73253],[10.77108,59.73261],[10.77084,59.73274],[10.77081,59.73285],[10.77074,59.73289],[10.77076,59.73296],[10.77056,59.73314],[10.77069,59.73328],[10.77071,59.73341],[10.77083,59.73354],[10.77085,59.73371],[10.77098,59.73381],[10.77106,59.734],[10.77123,59.73415],[10.77125,59.73409],[10.77134,59.73413],[10.77144,59.73404],[10.77164,59.73408],[10.7716,59.73402],[10.77176,59.73396],[10.7718,59.73383],[10.77187,59.73381],[10.77182,59.73352],[10.77194,59.73345],[10.77194,59.73333],[10.77199,59.73333],[10.77196,59.73343],[10.77205,59.73349],[10.77204,59.73361],[10.77213,59.73364],[10.77214,59.73347],[10.7722,59.73334],[10.77218,59.73327],[10.77211,59.73325],[10.77225,59.73322],[10.77221,59.73311],[10.77229,59.73301],[10.7723,59.73289],[10.77234,59.73289],[10.77235,59.73266],[10.7725,59.73261],[10.77254,59.73268],[10.77259,59.73267],[10.77283,59.73281],[10.7728,59.73293],[10.77297,59.73303],[10.77304,59.73301],[10.77305,59.73295],[10.77327,59.73295],[10.77334,59.73301],[10.77343,59.73301],[10.77347,59.733],[10.77343,59.73297],[10.77346,59.73281],[10.77351,59.73274],[10.77375,59.73271],[10.77382,59.73266],[10.77407,59.73265],[10.77427,59.73273],[10.77431,59.73288],[10.77441,59.73294],[10.77489,59.73307],[10.77518,59.73306],[10.77516,59.73309],[10.77536,59.73311],[10.77544,59.73306],[10.77547,59.73297],[10.77555,59.73297],[10.77553,59.733],[10.77555,59.733],[10.77565,59.73296],[10.77569,59.73297],[10.77568,59.73307],[10.77583,59.73302],[10.77584,59.73306],[10.77589,59.73307],[10.77612,59.73303],[10.77692,59.73309],[10.77704,59.73305],[10.77704,59.73296],[10.7768,59.73286],[10.7767,59.73287],[10.77666,59.73282],[10.77695,59.73261],[10.77722,59.73228],[10.7773,59.73225],[10.77767,59.73178],[10.77773,59.73161],[10.77779,59.7316],[10.77771,59.73187],[10.77758,59.732],[10.77763,59.732],[10.77778,59.73182],[10.77782,59.73163]],[[10.77789,59.73151],[10.77785,59.73153],[10.77785,59.73151],[10.77789,59.73151]],[[10.77278,59.73273],[10.77278,59.73275],[10.77274,59.73274],[10.77278,59.73273]],[[10.77303,59.73289],[10.77307,59.73289],[10.77305,59.73287],[10.77312,59.73286],[10.77307,59.73292],[10.77303,59.73289]],[[10.77287,59.73286],[10.77285,59.73285],[10.77287,59.73285],[10.77287,59.73286]],[[10.77254,59.7326],[10.77252,59.73258],[10.77254,59.73258],[10.77254,59.7326]],[[10.77789,59.7315],[10.77787,59.73148],[10.77789,59.73148],[10.77789,59.7315]],[[10.77829,59.73066],[10.7783,59.73062],[10.77839,59.73065],[10.77836,59.73067],[10.77829,59.73066]],[[10.77298,59.73297],[10.77291,59.73295],[10.773,59.73295],[10.77298,59.73297]],[[10.773,59.73295],[10.77302,59.73294],[10.77302,59.73295],[10.773,59.73295]],[[10.7768,59.73307],[10.77681,59.73308],[10.7768,59.73308],[10.7768,59.73307]],[[10.7768,59.73307],[10.77672,59.73306],[10.7768,59.73306],[10.7768,59.73307]],[[10.77649,59.73305],[10.77653,59.73304],[10.77653,59.73305],[10.77649,59.73305]],[[10.7754,59.73295],[10.77542,59.73293],[10.77542,59.73295],[10.7754,59.73295]],[[10.77201,59.73331],[10.77202,59.7333],[10.77202,59.73331],[10.77201,59.73331]],[[10.77199,59.73328],[10.77195,59.7333],[10.77195,59.73328],[10.77199,59.73328]],[[10.77204,59.73327],[10.77199,59.73325],[10.77204,59.73325],[10.77204,59.73327]]]]},"properties":{"a":92114,"v":-666381,"dh":7.23,"pl":1,"pn":"Detaljregulering for utvidelse av Vinterbro næringspark","pd":"2018-04-26","c":171}},{"type":"Feature","geometry":{"type":"Polygon","coordinates":[[[10.77334,59.7333],[10.77341,59.73319],[10.77335,59.73311],[10.77324,59.73316],[10.77327,59.73329],[10.77334,59.7333]]]},"properties":{"a":110,"v":-97,"dh":0.88,"pl":1,"pn":"Detaljregulering for utvidelse av Vinterbro næringspark","pd":"2018-04-26","sh":1,"c":171}},{"type":"Feature","geometry":{"type":"MultiPolygon","coordinates":[[[[10.7743,59.73296],[10.77417,59.73276],[10.774,59.73275],[10.77374,59.73284],[10.77373,59.73288],[10.77364,59.73288],[10.77357,59.73296],[10.77359,59.73302],[10.77366,59.73304],[10.77367,59.73312],[10.77358,59.73316],[10.77359,59.73323],[10.77366,59.73326],[10.77364,59.73331],[10.7737,59.73333],[10.77388,59.73367],[10.774,59.73374],[10.77416,59.7337],[10.77415,59.7338],[10.77429,59.73381],[10.77446,59.73399],[10.77449,59.73392],[10.77463,59.7339],[10.77472,59.73412],[10.77483,59.73419],[10.77501,59.73455],[10.77519,59.7346],[10.77525,59.7347],[10.77525,59.73442],[10.77528,59.73441],[10.77535,59.73467],[10.77544,59.73459],[10.77545,59.73446],[10.77547,59.73463],[10.77557,59.7347],[10.77548,59.73406],[10.77544,59.73406],[10.7754,59.73428],[10.77533,59.73402],[10.7753,59.73404],[10.77528,59.73439],[10.77525,59.73436],[10.77523,59.73411],[10.77518,59.73407],[10.77521,59.73399],[10.77518,59.73377],[10.77521,59.73374],[10.77518,59.73372],[10.77517,59.73351],[10.77533,59.73321],[10.77524,59.73318],[10.77527,59.73311],[10.77506,59.73315],[10.77486,59.73313],[10.7748,59.73307],[10.7743,59.73296]],[[10.77363,59.73314],[10.77369,59.73316],[10.77363,59.73315],[10.77363,59.73314]],[[10.7736,59.73315],[10.77362,59.73316],[10.7736,59.73316],[10.7736,59.73315]],[[10.77543,59.73442],[10.77541,59.73443],[10.77541,59.73442],[10.77543,59.73442]],[[10.77542,59.73437],[10.77541,59.73441],[10.77541,59.73437],[10.77542,59.73437]],[[10.77542,59.7343],[10.7754,59.73431],[10.7754,59.7343],[10.77542,59.7343]],[[10.77373,59.73321],[10.77378,59.73323],[10.77373,59.73323],[10.77373,59.73321]]],[[[10.77508,59.73458],[10.77476,59.73461],[10.77476,59.73465],[10.77489,59.73465],[10.775,59.73474],[10.77512,59.73475],[10.77508,59.73458]]]]},"properties":{"a":10956,"v":31491,"dh":2.87,"pl":1,"pn":"Detaljregulering for utvidelse av Vinterbro næringspark","pd":"2018-04-26","c":171}},{"type":"Feature","geometry":{"type":"Polygon","coordinates":[[[10.77368,59.73463],[10.77368,59.73459],[10.77442,59.73457],[10.77447,59.73449],[10.77438,59.73444],[10.77437,59.73437],[10.77443,59.73436],[10.77449,59.73423],[10.77455,59.73427],[10.77456,59.73458],[10.77494,59.73455],[10.77476,59.73432],[10.77476,59.73426],[10.77467,59.73424],[10.7747,59.73412],[10.77458,59.73391],[10.77453,59.73392],[10.77454,59.73411],[10.77449,59.73415],[10.7743,59.7339],[10.77401,59.73394],[10.77384,59.73375],[10.77371,59.73349],[10.77351,59.73343],[10.77336,59.73362],[10.7734,59.73374],[10.77349,59.73375],[10.77339,59.73387],[10.77343,59.73392],[10.7734,59.73402],[10.77347,59.73405],[10.77335,59.73413],[10.77337,59.73426],[10.77334,59.7343],[10.77311,59.7344],[10.77315,59.73449],[10.77312,59.7345],[10.77312,59.73461],[10.77368,59.73463]]]},"properties":{"a":7051,"v":-17166,"dh":2.43,"pl":1,"pn":"Detaljregulering for utvidelse av Vinterbro næringspark","pd":"2018-04-26","c":171}},{"type":"Feature","geometry":{"type":"MultiPolygon","coordinates":[[[[10.77547,59.73582],[10.77545,59.73582],[10.77545,59.73582],[10.77547,59.73582]]],[[[10.77545,59.73582],[10.77539,59.73576],[10.77536,59.73576],[10.77538,59.7358],[10.7753,59.73577],[10.77545,59.73592],[10.77542,59.736],[10.77546,59.73603],[10.7755,59.73586],[10.77543,59.73587],[10.77545,59.73582]]]]},"properties":{"a":107,"v":106,"dh":0.99,"pl":0,"sl":1,"c":188}},{"type":"Feature","geometry":{"type":"MultiPolygon","coordinates":[[[[10.77681,59.73636],[10.77678,59.73635],[10.77678,59.73636],[10.77681,59.73636]]],[[[10.77693,59.73653],[10.77687,59.73639],[10.77674,59.73636],[10.77672,59.73638],[10.7768,59.73641],[10.7768,59.73647],[10.77687,59.73652],[10.77686,59.73657],[10.77693,59.73653]],[[10.77683,59.73643],[10.77682,59.73643],[10.77681,59.73643],[10.77683,59.73643]]],[[[10.77691,59.73659],[10.77689,59.73657],[10.77689,59.73659],[10.77691,59.73659]]]]},"properties":{"a":100,"v":-94,"dh":0.94,"pl":1,"pn":"Vinterbro Næringspark","pd":"1997-04-02","sl":1,"c":189}},{"type":"Feature","geometry":{"type":"Polygon","coordinates":[[[10.78289,59.72995],[10.7829,59.72981],[10.78283,59.72978],[10.78265,59.7298],[10.78275,59.72987],[10.78271,59.72988],[10.78273,59.72992],[10.78289,59.72995]]]},"properties":{"a":163,"v":137,"dh":0.84,"pl":1,"pn":"Vintrebro næringspark del av gnr/bnr 104/1","pd":"2006-09-27","sh":1,"c":180}},{"type":"Feature","geometry":{"type":"Polygon","coordinates":[[[10.77936,59.73007],[10.77961,59.73007],[10.77957,59.72998],[10.77965,59.72986],[10.77953,59.7299],[10.77936,59.73003],[10.77936,59.73007]]]},"properties":{"a":229,"v":223,"dh":0.97,"pl":1,"pn":"Vintrebro næringspark del av gnr/bnr 104/1","pd":"2006-09-27","sh":1,"c":179}},{"type":"Feature","geometry":{"type":"Polygon","coordinates":[[[10.77725,59.73012],[10.77763,59.73007],[10.77724,59.72996],[10.77717,59.73],[10.77722,59.73006],[10.77708,59.73006],[10.77725,59.73012]]]},"properties":{"a":306,"v":-523,"dh":1.71,"pl":1,"pn":"Detaljregulering for utvidelse av Vinterbro næringspark","pd":"2018-04-26","c":171}},{"type":"Feature","geometry":{"type":"Polygon","coordinates":[[[10.78418,59.73034],[10.78424,59.7302],[10.7841,59.73023],[10.78412,59.73026],[10.78401,59.73031],[10.78418,59.73034]]]},"properties":{"a":122,"v":-104,"dh":0.85,"pl":1,"pn":"Reguleringsplan for E18 Retvet-Vinterbro","pd":"2016-10-12","sh":1,"c":133}},{"type":"Feature","geometry":{"type":"Polygon","coordinates":[[[10.7817,59.73325],[10.78212,59.73247],[10.78208,59.73236],[10.78199,59.73244],[10.78156,59.73324],[10.7817,59.73325]]]},"properties":{"a":718,"v":888,"dh":1.24,"pl":1,"pn":"Vinterbro Næringspark - Område N3, inkl. ny samlevei til nytt Nygårdskryss","pd":"1998-12-09","c":171}},{"type":"Feature","geometry":{"type":"Polygon","coordinates":[[[10.77965,59.73359],[10.77963,59.73349],[10.77957,59.73345],[10.77929,59.73337],[10.77898,59.73338],[10.77886,59.73332],[10.77852,59.73333],[10.77816,59.73322],[10.77805,59.73321],[10.77802,59.73326],[10.77746,59.7331],[10.77747,59.73306],[10.77738,59.73297],[10.7771,59.73301],[10.77732,59.73313],[10.77827,59.73333],[10.77887,59.73351],[10.77965,59.73359]]]},"properties":{"a":1717,"v":2371,"dh":1.38,"pl":1,"pn":"Detaljregulering for utvidelse av Vinterbro næringspark","pd":"2018-04-26","c":171}},{"type":"Feature","geometry":{"type":"Polygon","coordinates":[[[10.77912,59.73365],[10.7791,59.73358],[10.77881,59.73348],[10.77734,59.73317],[10.77833,59.73348],[10.77912,59.73365]]]},"properties":{"a":826,"v":-1425,"dh":1.72,"pl":1,"pn":"Detaljregulering for utvidelse av Vinterbro næringspark","pd":"2018-04-26","c":171}},{"type":"Feature","geometry":{"type":"Polygon","coordinates":[[[10.78083,59.7339],[10.78123,59.73379],[10.78144,59.73366],[10.78155,59.73352],[10.78115,59.73366],[10.78053,59.73364],[10.78011,59.73377],[10.78011,59.7338],[10.78054,59.7339],[10.78083,59.7339]]]},"properties":{"a":1529,"v":1486,"dh":0.97,"pl":1,"pn":"Vinterbro Næringspark - Område N3, inkl. ny samlevei til nytt Nygårdskryss","pd":"1998-12-09","c":171}},{"type":"Feature","geometry":{"type":"Polygon","coordinates":[[[10.77948,59.7367],[10.77937,59.73666],[10.77885,59.73659],[10.77901,59.73665],[10.77948,59.7367]]]},"properties":{"a":114,"v":-175,"dh":1.54,"pl":1,"pn":"Vinterbro Næringspark","pd":"1997-04-02","sl":1,"c":189}},{"type":"Feature","geometry":{"type":"Polygon","coordinates":[[[10.77785,59.73682],[10.77802,59.73676],[10.77804,59.73668],[10.77796,59.73663],[10.77779,59.73666],[10.77774,59.7367],[10.77776,59.73679],[10.77785,59.73682]]]},"properties":{"a":256,"v":285,"dh":1.11,"pl":1,"pn":"Vinterbro Næringspark","pd":"1997-04-02","c":189}},{"type":"Feature","geometry":{"type":"MultiPolygon","coordinates":[[[[10.77593,59.73691],[10.77583,59.7366],[10.7758,59.73673],[10.77587,59.73681],[10.77588,59.7369],[10.77593,59.73691]],[[10.77587,59.73673],[10.77584,59.73674],[10.77583,59.73673],[10.77587,59.73673]]],[[[10.77593,59.73692],[10.77595,59.73691],[10.77593,59.73691],[10.77593,59.73692]]]]},"properties":{"a":110,"v":152,"dh":1.38,"pl":1,"pn":"Vinterbro Næringspark","pd":"1997-04-02","sl":1,"c":190}},{"type":"Feature","geometry":{"type":"Polygon","coordinates":[[[10.77735,59.73715],[10.77738,59.73709],[10.77731,59.73707],[10.77733,59.73699],[10.77711,59.73691],[10.77705,59.73684],[10.77702,59.73667],[10.77691,59.7366],[10.77702,59.73689],[10.77724,59.737],[10.7773,59.73714],[10.77735,59.73715]]]},"properties":{"a":241,"v":-247,"dh":1.02,"pl":1,"pn":"Vinterbro Næringspark","pd":"1997-04-02","sl":1,"c":189}},{"type":"Feature","geometry":{"type":"MultiPolygon","coordinates":[[[[10.77602,59.73715],[10.776,59.73716],[10.77602,59.73716],[10.77602,59.73715]]],[[[10.77594,59.73732],[10.77597,59.73731],[10.77594,59.73731],[10.77594,59.73732]]],[[[10.77593,59.73723],[10.776,59.73721],[10.77599,59.7373],[10.77604,59.73732],[10.77605,59.73718],[10.77598,59.73716],[10.77602,59.73713],[10.77597,59.73696],[10.77594,59.73696],[10.77598,59.73711],[10.77593,59.73714],[10.77593,59.7372],[10.77588,59.7372],[10.77589,59.73735],[10.77583,59.73736],[10.77583,59.73724],[10.77563,59.73715],[10.77565,59.73724],[10.77577,59.73726],[10.77569,59.73728],[10.77581,59.73729],[10.7758,59.73737],[10.77596,59.73743],[10.77588,59.73753],[10.77593,59.73757],[10.7759,59.73769],[10.77598,59.73782],[10.77597,59.7379],[10.77592,59.73792],[10.77582,59.73787],[10.77577,59.73788],[10.77599,59.73796],[10.77602,59.73813],[10.77583,59.73806],[10.77591,59.73811],[10.77586,59.73815],[10.77604,59.73835],[10.77612,59.73836],[10.77597,59.73824],[10.77597,59.7382],[10.77602,59.73821],[10.77609,59.73829],[10.77601,59.73797],[10.77601,59.73762],[10.77596,59.73751],[10.77599,59.73739],[10.77597,59.73734],[10.77592,59.73736],[10.77593,59.73723]],[[10.77598,59.73819],[10.77602,59.73816],[10.77604,59.7382],[10.77598,59.73819]]]]},"properties":{"a":809,"v":1041,"dh":1.29,"pl":1,"pn":"Vinterbro Næringspark","pd":"1997-04-02","fo":1,"c":191}},{"type":"Feature","geometry":{"type":"MultiPolygon","coordinates":[[[[10.7735,59.73807],[10.77347,59.73806],[10.7735,59.73809],[10.7735,59.73807]]],[[[10.7736,59.73822],[10.77336,59.73804],[10.77336,59.73795],[10.7733,59.73794],[10.77331,59.73803],[10.77346,59.73823],[10.77351,59.73828],[10.77362,59.73828],[10.77364,59.73837],[10.77375,59.73838],[10.77366,59.73835],[10.77364,59.73827],[10.77357,59.73827],[10.77349,59.7382],[10.7736,59.73822]]]]},"properties":{"a":210,"v":-196,"dh":0.93,"pl":0,"sl":1,"c":192}},{"type":"Feature","geometry":{"type":"MultiPolygon","coordinates":[[[[10.77385,59.73883],[10.77383,59.7389],[10.77399,59.73888],[10.77395,59.73884],[10.77406,59.73883],[10.77406,59.73882],[10.7739,59.73885],[10.77386,59.73879],[10.77393,59.73879],[10.77393,59.73876],[10.77375,59.73876],[10.7737,59.73872],[10.77375,59.7387],[10.77366,59.73867],[10.77368,59.73877],[10.77385,59.73883]]],[[[10.77381,59.73884],[10.77378,59.73885],[10.77381,59.73886],[10.77381,59.73884]]]]},"properties":{"a":161,"v":-149,"dh":0.93,"pl":0,"sl":1,"c":192}},{"type":"Feature","geometry":{"type":"MultiPolygon","coordinates":[[[[10.77704,59.73908],[10.77671,59.73884],[10.77664,59.73884],[10.77651,59.73869],[10.77645,59.73869],[10.77661,59.73886],[10.77704,59.73908]]],[[[10.77703,59.73909],[10.77705,59.73911],[10.77705,59.73909],[10.77703,59.73909]]],[[[10.77706,59.73913],[10.77705,59.73911],[10.77705,59.73913],[10.77706,59.73913]]]]},"properties":{"a":181,"v":-248,"dh":1.37,"pl":1,"pn":"Reguleringsplan for gang- og sykkelvei ved Vinterbrokrysset","pd":"2011-02-02","sl":1,"c":193}},{"type":"Feature","geometry":{"type":"Polygon","coordinates":[[[10.77416,59.73908],[10.77421,59.73904],[10.77412,59.739],[10.77428,59.739],[10.7741,59.73895],[10.77406,59.73889],[10.77394,59.73891],[10.7741,59.73899],[10.77387,59.73891],[10.77387,59.73896],[10.77416,59.73908]],[[10.77391,59.73894],[10.77392,59.73893],[10.77392,59.73894],[10.77391,59.73894]]]},"properties":{"a":166,"v":-159,"dh":0.96,"pl":1,"pn":"Reguleringsplan for Vinterbro kjøpesenter og tilliggende områder i Tohellinga","pd":"1994-10-26","sl":1,"c":194}},{"type":"Feature","geometry":{"type":"Polygon","coordinates":[[[10.77537,59.73907],[10.77549,59.73899],[10.77537,59.73902],[10.77533,59.73897],[10.7754,59.73894],[10.77517,59.73887],[10.77524,59.739],[10.77537,59.73907]]]},"properties":{"a":137,"v":-119,"dh":0.87,"pl":0,"sl":1,"c":195}},{"type":"Feature","geometry":{"type":"Polygon","coordinates":[[[10.77632,59.73957],[10.77603,59.73947],[10.77613,59.73935],[10.77602,59.73918],[10.77579,59.73921],[10.77565,59.73932],[10.77567,59.73939],[10.77558,59.7394],[10.7756,59.73943],[10.77632,59.73957]]]},"properties":{"a":761,"v":1792,"dh":2.36,"pl":1,"pn":"Reguleringsplan for gang- og sykkelvei ved Vinterbrokrysset","pd":"2011-02-02","c":193}},{"type":"Feature","geometry":{"type":"Polygon","coordinates":[[[10.77394,59.74061],[10.77392,59.74056],[10.77395,59.74054],[10.77429,59.74045],[10.77392,59.74048],[10.77386,59.74051],[10.77387,59.74057],[10.77394,59.74061]]]},"properties":{"a":165,"v":-151,"dh":0.92,"pl":2,"pn":"Områderegulering for frittliggende småhusbebyggelse","pd":"2023-10-25","sh":1,"c":430}},{"type":"Feature","geometry":{"type":"MultiPolygon","coordinates":[[[[10.77939,59.73676],[10.77936,59.73673],[10.7793,59.73675],[10.77939,59.73676]]],[[[10.77939,59.73676],[10.77986,59.73684],[10.78004,59.73679],[10.77979,59.73681],[10.77963,59.73677],[10.77956,59.73678],[10.77954,59.73677],[10.77948,59.73676],[10.77939,59.73676]]]]},"properties":{"a":144,"v":-209,"dh":1.45,"pl":1,"pn":"Vinterbro Næringspark","pd":"1997-04-02","sl":1,"c":189}},{"type":"Feature","geometry":{"type":"Polygon","coordinates":[[[10.77892,59.73729],[10.77893,59.73705],[10.77948,59.73703],[10.77965,59.73695],[10.77967,59.73686],[10.77927,59.73673],[10.77887,59.73667],[10.77876,59.73663],[10.77876,59.73659],[10.7786,59.73664],[10.77863,59.73672],[10.77857,59.73691],[10.77864,59.73698],[10.77867,59.73688],[10.77877,59.73701],[10.77886,59.73704],[10.77889,59.73728],[10.77892,59.73729]]]},"properties":{"a":2095,"v":8421,"dh":4.02,"pl":1,"pn":"Vinterbro Næringspark","pd":"1997-04-02","c":189}},{"type":"Feature","geometry":{"type":"MultiPolygon","coordinates":[[[[10.77796,59.73752],[10.77798,59.73751],[10.77796,59.73751],[10.77796,59.73752]]],[[[10.77809,59.73759],[10.77798,59.73754],[10.77782,59.73754],[10.77796,59.7375],[10.77771,59.73748],[10.77773,59.73755],[10.77784,59.73761],[10.77809,59.73759]],[[10.77785,59.73758],[10.77784,59.73755],[10.77789,59.73759],[10.77785,59.73758]]],[[[10.77807,59.73762],[10.77803,59.73761],[10.77803,59.73762],[10.77807,59.73762]]]]},"properties":{"a":133,"v":-106,"dh":0.8,"pl":1,"pn":"Vinterbro Næringspark","pd":"1997-04-02","sl":1,"c":190}},{"type":"Feature","geometry":{"type":"Polygon","coordinates":[[[10.77874,59.73858],[10.77874,59.73846],[10.77868,59.73838],[10.77855,59.73834],[10.7786,59.73827],[10.77851,59.73827],[10.77847,59.73813],[10.77828,59.73798],[10.77839,59.73796],[10.77823,59.73793],[10.77841,59.73824],[10.77874,59.73858]],[[10.77867,59.73847],[10.7787,59.73846],[10.7787,59.73847],[10.77867,59.73847]],[[10.77863,59.73841],[10.77864,59.73838],[10.77866,59.7384],[10.77863,59.73841]]]},"properties":{"a":334,"v":-320,"dh":0.96,"pl":1,"pn":"Vinterbro Næringspark","pd":"1997-04-02","sl":1,"c":190}},{"type":"Feature","geometry":{"type":"Polygon","coordinates":[[[10.77836,59.73846],[10.77842,59.7386],[10.77863,59.73874],[10.77865,59.7388],[10.77875,59.73879],[10.77873,59.7387],[10.77861,59.73868],[10.77848,59.73859],[10.77845,59.73843],[10.77836,59.73842],[10.77845,59.73837],[10.77825,59.73829],[10.7781,59.73812],[10.77813,59.73804],[10.77802,59.73802],[10.77808,59.73821],[10.77803,59.73822],[10.77799,59.73814],[10.77785,59.73809],[10.77784,59.73804],[10.77777,59.73804],[10.77828,59.73848],[10.77835,59.7385],[10.77836,59.73846]],[[10.77836,59.73844],[10.77825,59.73842],[10.77823,59.73836],[10.77836,59.73844]],[[10.77863,59.73871],[10.77864,59.73869],[10.77864,59.73871],[10.77863,59.73871]],[[10.77814,59.73832],[10.77821,59.73831],[10.77821,59.73834],[10.77814,59.73832]],[[10.77818,59.7383],[10.77819,59.73829],[10.7782,59.7383],[10.77818,59.7383]],[[10.77809,59.73829],[10.77811,59.73829],[10.77811,59.73829],[10.77809,59.73829]],[[10.77816,59.73828],[10.77818,59.73826],[10.77818,59.73828],[10.77816,59.73828]],[[10.77807,59.73824],[10.77808,59.73823],[10.77809,59.73824],[10.77807,59.73824]]]},"properties":{"a":686,"v":-770,"dh":1.12,"pl":1,"pn":"Vinterbro Næringspark","pd":"1997-04-02","fo":1,"c":191}},{"type":"Feature","geometry":{"type":"Polygon","coordinates":[[[10.78434,59.73914],[10.78439,59.73899],[10.78424,59.73888],[10.78429,59.73913],[10.78434,59.73914]]]},"properties":{"a":134,"v":-214,"dh":1.6,"pl":0,"fo":1,"c":196}},{"type":"Feature","geometry":{"type":"MultiPolygon","coordinates":[[[[10.77783,59.73955],[10.77782,59.73956],[10.77783,59.73956],[10.77783,59.73955]]],[[[10.77785,59.73957],[10.7782,59.73973],[10.77861,59.73982],[10.77848,59.73971],[10.77785,59.73957]]]]},"properties":{"a":304,"v":318,"dh":1.05,"pl":1,"pn":"Reguleringsplan for E18 Retvet-Vinterbro","pd":"2016-10-12","c":133}},{"type":"Feature","geometry":{"type":"Polygon","coordinates":[[[10.7832,59.74213],[10.78349,59.74219],[10.78349,59.74216],[10.78368,59.74215],[10.7837,59.74209],[10.7838,59.74205],[10.78411,59.74206],[10.78409,59.74211],[10.78421,59.74208],[10.78421,59.74203],[10.78432,59.74198],[10.78426,59.74189],[10.78417,59.74186],[10.7842,59.74184],[10.7835,59.74176],[10.78357,59.74173],[10.78313,59.74173],[10.7834,59.74176],[10.78338,59.74186],[10.78319,59.74193],[10.78313,59.74204],[10.78343,59.74211],[10.7832,59.74213]]]},"properties":{"a":2016,"v":8867,"dh":4.4,"pl":1,"pn":"Reguleringsplan for Pukkverk ved Vinterbro","pd":"2010-10-24","c":197}},{"type":"Feature","geometry":{"type":"Polygon","coordinates":[[[10.78024,59.74264],[10.78005,59.74244],[10.77969,59.74225],[10.77839,59.74204],[10.77821,59.74191],[10.77809,59.74167],[10.77802,59.74165],[10.77811,59.74179],[10.77808,59.74184],[10.77817,59.74189],[10.77816,59.74195],[10.7783,59.74204],[10.77856,59.74212],[10.7794,59.74221],[10.77936,59.74222],[10.77969,59.74229],[10.78004,59.74245],[10.78013,59.74253],[10.78009,59.74257],[10.78024,59.74264]]]},"properties":{"a":594,"v":1013,"dh":1.71,"pl":1,"pn":"Reguleringsplan for E18 Retvet-Vinterbro","pd":"2016-10-12","c":133}},{"type":"Feature","geometry":{"type":"Polygon","coordinates":[[[10.78314,59.74233],[10.78319,59.74227],[10.78335,59.74227],[10.78321,59.74222],[10.78317,59.74211],[10.78309,59.74205],[10.78297,59.74207],[10.78297,59.74214],[10.78314,59.74221],[10.78296,59.74227],[10.78296,59.74231],[10.78314,59.74233]]]},"properties":{"a":326,"v":-411,"dh":1.26,"pl":1,"pn":"Reguleringsplan for Pukkverk ved Vinterbro","pd":"2010-10-24","c":197}},{"type":"Feature","geometry":{"type":"Polygon","coordinates":[[[10.77386,59.74071],[10.77416,59.74073],[10.77414,59.74067],[10.77391,59.74065],[10.77381,59.74051],[10.77374,59.74051],[10.77386,59.74071]]]},"properties":{"a":220,"v":264,"dh":1.2,"pl":2,"pn":"Områderegulering for frittliggende småhusbebyggelse","pd":"2023-10-25","c":430}},{"type":"Feature","geometry":{"type":"MultiPolygon","coordinates":[[[[10.77442,59.74065],[10.7744,59.74055],[10.77417,59.74062],[10.77419,59.74067],[10.77442,59.74065]]],[[[10.77441,59.7407],[10.77442,59.74067],[10.77441,59.74067],[10.77441,59.7407]]]]},"properties":{"a":138,"v":-173,"dh":1.25,"pl":1,"pn":"Reguleringsplan for del av Grimsrudområdet","pd":"1988-05-25","c":198}},{"type":"Feature","geometry":{"type":"Polygon","coordinates":[[[10.77485,59.74094],[10.77497,59.74096],[10.77493,59.7409],[10.77504,59.74089],[10.77506,59.74084],[10.77482,59.74081],[10.77485,59.74094]]]},"properties":{"a":144,"v":-174,"dh":1.21,"pl":2,"pn":"Områderegulering for frittliggende småhusbebyggelse","pd":"2023-10-25","c":430}},{"type":"Feature","geometry":{"type":"Polygon","coordinates":[[[10.77396,59.74129],[10.77426,59.74123],[10.77437,59.74105],[10.77441,59.74107],[10.77434,59.74116],[10.77445,59.7412],[10.77459,59.74116],[10.77461,59.74107],[10.77466,59.74105],[10.7746,59.74094],[10.7747,59.74091],[10.77474,59.74085],[10.77466,59.74079],[10.77465,59.74089],[10.77451,59.74091],[10.77432,59.74072],[10.77418,59.74072],[10.77425,59.74076],[10.7742,59.74082],[10.77433,59.74087],[10.7743,59.74108],[10.77396,59.74129]]]},"properties":{"a":917,"v":1565,"dh":1.71,"pl":1,"pn":"Reguleringsplan for del av Grimsrudområdet","pd":"1988-05-25","c":198}},{"type":"Feature","geometry":{"type":"Polygon","coordinates":[[[10.7748,59.74111],[10.77466,59.74113],[10.77484,59.74118],[10.77514,59.74115],[10.77521,59.74106],[10.77522,59.74087],[10.77516,59.74086],[10.77515,59.74094],[10.77494,59.74104],[10.77491,59.74103],[10.77494,59.741],[10.77485,59.74099],[10.77469,59.74103],[10.7748,59.74106],[10.7748,59.74111]],[[10.77482,59.74111],[10.77482,59.74113],[10.7748,59.74113],[10.7748,59.74111],[10.77482,59.74111]],[[10.77487,59.74109],[10.77489,59.74107],[10.77489,59.74109],[10.77487,59.74109]]]},"properties":{"a":529,"v":-822,"dh":1.55,"pl":2,"pn":"Områderegulering for frittliggende småhusbebyggelse","pd":"2023-10-25","c":430}},{"type":"Feature","geometry":{"type":"Polygon","coordinates":[[[10.77587,59.74184],[10.77582,59.74178],[10.77594,59.74178],[10.77596,59.74172],[10.77566,59.74175],[10.77579,59.74184],[10.77587,59.74184]]]},"properties":{"a":121,"v":-134,"dh":1.11,"pl":2,"pn":"Områderegulering for frittliggende småhusbebyggelse","pd":"2023-10-25","c":430}},{"type":"Feature","geometry":{"type":"MultiPolygon","coordinates":[[[[10.77632,59.74183],[10.7763,59.74184],[10.77632,59.74184],[10.77632,59.74183]]],[[[10.77634,59.74182],[10.77641,59.74196],[10.77654,59.74203],[10.77641,59.7419],[10.77645,59.74187],[10.77641,59.74182],[10.77619,59.74173],[10.77621,59.7418],[10.77634,59.74182]]]]},"properties":{"a":134,"v":156,"dh":1.16,"pl":2,"pn":"Områderegulering for frittliggende småhusbebyggelse","pd":"2023-10-25","sl":1,"c":430}},{"type":"Feature","geometry":{"type":"Polygon","coordinates":[[[10.77626,59.74206],[10.77631,59.74201],[10.77622,59.74198],[10.7762,59.74191],[10.77611,59.74192],[10.77615,59.74205],[10.77626,59.74206]]]},"properties":{"a":111,"v":99,"dh":0.89,"pl":2,"pn":"Områderegulering for frittliggende småhusbebyggelse","pd":"2023-10-25","sh":1,"c":430}},{"type":"Feature","geometry":{"type":"MultiPolygon","coordinates":[[[[10.77359,59.74242],[10.77377,59.74242],[10.77395,59.74255],[10.77406,59.74255],[10.77404,59.74248],[10.77391,59.74245],[10.77395,59.74242],[10.77384,59.74237],[10.77348,59.74236],[10.77359,59.74242]],[[10.7739,59.74249],[10.77391,59.74247],[10.77392,59.74249],[10.7739,59.74249]],[[10.77366,59.7424],[10.77372,59.7424],[10.77366,59.74241],[10.77366,59.7424]]],[[[10.77354,59.74243],[10.77332,59.74242],[10.77326,59.74249],[10.77333,59.74253],[10.77344,59.74253],[10.77335,59.74248],[10.77354,59.74243]]]]},"properties":{"a":292,"v":-269,"dh":0.92,"pl":1,"pn":"Reguleringsplan for del av Grimsrudområdet","pd":"1988-05-25","sl":1,"c":199}},{"type":"Feature","geometry":{"type":"MultiPolygon","coordinates":[[[[10.77439,59.74262],[10.77446,59.74261],[10.77429,59.74251],[10.77411,59.74251],[10.77411,59.74255],[10.77426,59.74253],[10.77439,59.74262]]],[[[10.77449,59.74265],[10.77421,59.74262],[10.77417,59.74257],[10.77413,59.74257],[10.77415,59.74261],[10.77405,59.74259],[10.77403,59.74261],[10.77408,59.74262],[10.77403,59.74264],[10.77408,59.74266],[10.77428,59.74265],[10.77471,59.74273],[10.7746,59.7427],[10.77471,59.74265],[10.77456,59.74261],[10.77447,59.74261],[10.77449,59.74265]]]]},"properties":{"a":323,"v":-315,"dh":0.98,"pl":2,"pn":"Områderegulering for frittliggende småhusbebyggelse","pd":"2023-10-25","sl":1,"c":200}},{"type":"Feature","geometry":{"type":"Polygon","coordinates":[[[10.81882,59.69285],[10.81892,59.69269],[10.81883,59.69267],[10.81892,59.69266],[10.81882,59.69256],[10.81836,59.69253],[10.8182,59.69265],[10.81877,59.69267],[10.81835,59.69269],[10.81826,59.69275],[10.81882,59.69285]]]},"properties":{"a":1038,"v":2765,"dh":2.66,"pl":1,"pn":"Endret reguleringsplan for Felleskjøper Holstad","pd":"2007-05-09","c":152}},{"type":"Feature","geometry":{"type":"Polygon","coordinates":[[[10.84289,59.69307],[10.8431,59.69301],[10.84303,59.69295],[10.84334,59.69284],[10.84297,59.69291],[10.84289,59.69301],[10.84289,59.69307]]]},"properties":{"a":216,"v":282,"dh":1.31,"pl":0,"c":201}},{"type":"Feature","geometry":{"type":"Polygon","coordinates":[[[10.8273,59.69364],[10.82734,59.69362],[10.82728,59.69362],[10.82728,59.69359],[10.82733,59.69358],[10.82708,59.69354],[10.82717,59.69349],[10.82699,59.6935],[10.82706,59.69347],[10.82685,59.69343],[10.82643,59.69322],[10.82632,59.69322],[10.8273,59.69364]],[[10.82692,59.69347],[10.82695,59.69346],[10.82696,59.69347],[10.82692,59.69347]]]},"properties":{"a":353,"v":292,"dh":0.83,"pl":1,"pn":"Reguleringsplan for gang- og sykkelvei på strekningen Ski grense - Holstad stasjon","pd":"1991-06-22","sl":1,"c":202}},{"type":"Feature","geometry":{"type":"Polygon","coordinates":[[[10.82788,59.69415],[10.82804,59.6941],[10.82802,59.69403],[10.82636,59.69338],[10.82636,59.69334],[10.82565,59.69304],[10.82536,59.69293],[10.82553,59.69303],[10.8254,59.69305],[10.82522,59.693],[10.82534,59.69309],[10.8261,59.69336],[10.82624,59.69346],[10.82728,59.69387],[10.82748,59.6939],[10.82762,59.69397],[10.82755,59.69403],[10.82763,59.69406],[10.82788,59.69415]],[[10.82773,59.69402],[10.82777,59.69401],[10.82782,59.69401],[10.82779,59.69404],[10.82773,59.69402]],[[10.82766,59.69403],[10.8277,59.69402],[10.8277,59.69403],[10.82766,59.69403]],[[10.82624,59.69337],[10.82626,59.69335],[10.82626,59.69337],[10.82624,59.69337]]]},"properties":{"a":2288,"v":2972,"dh":1.3,"pl":1,"pn":"Reguleringsplan for gang- og sykkelvei på strekningen Ski grense - Holstad stasjon","pd":"1991-06-22","c":202}},{"type":"Feature","geometry":{"type":"MultiPolygon","coordinates":[[[[10.82736,59.69365],[10.82734,59.69366],[10.82736,59.69366],[10.82736,59.69365]]],[[[10.82736,59.69366],[10.82785,59.69388],[10.8279,59.69385],[10.82781,59.69378],[10.82748,59.6937],[10.82746,59.69363],[10.82736,59.69366]],[[10.82776,59.69381],[10.82777,59.6938],[10.82777,59.69381],[10.82776,59.69381]]]]},"properties":{"a":148,"v":118,"dh":0.8,"pl":1,"pn":"Reguleringsplan for gang- og sykkelvei på strekningen Ski grense - Holstad stasjon","pd":"1991-06-22","sl":1,"c":202}},{"type":"Feature","geometry":{"type":"Polygon","coordinates":[[[10.83968,59.69388],[10.8398,59.69383],[10.83975,59.69379],[10.83987,59.69376],[10.83985,59.69369],[10.83992,59.69366],[10.84029,59.69362],[10.84027,59.69359],[10.84,59.69359],[10.83985,59.69364],[10.83963,59.69386],[10.83968,59.69388]]]},"properties":{"a":274,"v":293,"dh":1.07,"pl":0,"fo":1,"c":203}},{"type":"Feature","geometry":{"type":"Polygon","coordinates":[[[10.8392,59.69474],[10.83913,59.69453],[10.83914,59.69431],[10.83942,59.69399],[10.8393,59.69406],[10.83907,59.69437],[10.83912,59.69466],[10.8392,59.69474]]]},"properties":{"a":201,"v":-188,"dh":0.94,"pl":0,"sh":1,"c":204}},{"type":"Feature","geometry":{"type":"Polygon","coordinates":[[[10.8392,59.69447],[10.83932,59.69437],[10.83928,59.69428],[10.83942,59.69423],[10.83938,59.69422],[10.83941,59.69416],[10.83932,59.69416],[10.83921,59.69431],[10.83926,59.69434],[10.83918,59.69438],[10.83921,59.6946],[10.83924,59.69463],[10.8393,59.69461],[10.83931,59.69452],[10.83927,59.6945],[10.83952,59.6944],[10.83956,59.69432],[10.83949,59.69434],[10.8395,59.69438],[10.83939,59.69436],[10.83932,59.69444],[10.8392,59.69447]],[[10.83927,59.69437],[10.83925,59.69436],[10.83926,59.69436],[10.83927,59.69437]]]},"properties":{"a":302,"v":291,"dh":0.96,"pl":0,"sh":1,"c":204}},{"type":"Feature","geometry":{"type":"MultiPolygon","coordinates":[[[[10.83949,59.69519],[10.83926,59.69492],[10.83918,59.6948],[10.83921,59.6949],[10.83949,59.69519]]],[[[10.83949,59.69519],[10.83955,59.69527],[10.83977,59.6954],[10.8396,59.69523],[10.83958,59.69523],[10.83958,59.69522],[10.83956,59.69522],[10.83956,59.69522],[10.83954,59.69522],[10.83954,59.69521],[10.83952,59.69521],[10.83951,59.69519],[10.83949,59.69519]]]]},"properties":{"a":146,"v":-124,"dh":0.85,"pl":0,"sh":1,"c":204}},{"type":"Feature","geometry":{"type":"Polygon","coordinates":[[[10.84011,59.69552],[10.8402,59.69548],[10.84,59.69542],[10.83989,59.69544],[10.83997,59.69551],[10.84011,59.69552]]]},"properties":{"a":114,"v":145,"dh":1.27,"pl":0,"fo":1,"c":205}},{"type":"Feature","geometry":{"type":"Polygon","coordinates":[[[10.82705,59.6961],[10.82733,59.69608],[10.82738,59.69604],[10.82737,59.69595],[10.82669,59.6958],[10.82651,59.6958],[10.82636,59.69596],[10.8264,59.69604],[10.82705,59.6961]]]},"properties":{"a":1291,"v":1834,"dh":1.42,"pl":0,"c":206}},{"type":"Feature","geometry":{"type":"Polygon","coordinates":[[[10.84613,59.6961],[10.84631,59.69607],[10.84634,59.69602],[10.84618,59.69599],[10.84602,59.69607],[10.84613,59.6961]]]},"properties":{"a":128,"v":166,"dh":1.3,"pl":0,"fo":1,"c":207}},{"type":"Feature","geometry":{"type":"Polygon","coordinates":[[[10.84701,59.69633],[10.84776,59.69624],[10.84784,59.69621],[10.84786,59.69614],[10.84704,59.69624],[10.84689,59.6963],[10.84701,59.69633]]]},"properties":{"a":419,"v":958,"dh":2.29,"pl":0,"fo":1,"c":207}},{"type":"Feature","geometry":{"type":"Polygon","coordinates":[[[10.8279,59.69669],[10.82813,59.69669],[10.8281,59.69659],[10.82793,59.69659],[10.82796,59.69662],[10.82789,59.69664],[10.8279,59.69669]]]},"properties":{"a":137,"v":-129,"dh":0.94,"pl":0,"sh":1,"c":208}},{"type":"Feature","geometry":{"type":"Polygon","coordinates":[[[10.84124,59.69828],[10.84131,59.69825],[10.84131,59.69798],[10.84113,59.69733],[10.84096,59.69717],[10.84088,59.69698],[10.84054,59.69655],[10.8405,59.69655],[10.8408,59.69703],[10.84112,59.69742],[10.8412,59.69783],[10.84125,59.69788],[10.84124,59.69828]]]},"properties":{"a":602,"v":-607,"dh":1.01,"pl":0,"fo":1,"c":209}},{"type":"Feature","geometry":{"type":"Polygon","coordinates":[[[10.8208,59.6983],[10.82078,59.69823],[10.82085,59.69815],[10.82109,59.69804],[10.82111,59.698],[10.82103,59.69794],[10.82107,59.69789],[10.82112,59.69789],[10.82114,59.69796],[10.82121,59.69793],[10.82121,59.69787],[10.82114,59.69787],[10.82117,59.69777],[10.82136,59.69771],[10.8214,59.6975],[10.82129,59.69746],[10.82141,59.69744],[10.82136,59.69737],[10.82123,59.6974],[10.82127,59.69746],[10.82124,59.69751],[10.82131,59.69754],[10.82104,59.69749],[10.82076,59.69752],[10.82035,59.69786],[10.8204,59.69799],[10.82049,59.69801],[10.82062,59.69824],[10.8208,59.6983]]]},"properties":{"a":3024,"v":11433,"dh":3.78,"pl":0,"c":210}},{"type":"Feature","geometry":{"type":"MultiPolygon","coordinates":[[[[10.84033,59.69702],[10.84032,59.69705],[10.84034,59.69705],[10.84033,59.69702]]],[[[10.84034,59.69705],[10.84054,59.69722],[10.84075,59.6975],[10.84074,59.69799],[10.8408,59.69811],[10.84079,59.69747],[10.8405,59.69714],[10.84034,59.69705]]]]},"properties":{"a":258,"v":212,"dh":0.82,"pl":0,"sh":1,"c":211}},{"type":"Feature","geometry":{"type":"Polygon","coordinates":[[[10.83158,59.69814],[10.83151,59.69804],[10.83154,59.69799],[10.83143,59.69797],[10.83146,59.69813],[10.83158,59.69814]]]},"properties":{"a":116,"v":150,"dh":1.29,"pl":0,"c":212}},{"type":"Feature","geometry":{"type":"MultiPolygon","coordinates":[[[[10.82073,59.69832],[10.82051,59.69818],[10.82047,59.69806],[10.82038,59.69807],[10.82042,59.69819],[10.82055,59.6983],[10.82073,59.69832]]],[[[10.82077,59.69835],[10.8207,59.69841],[10.82083,59.69842],[10.82086,59.69839],[10.82077,59.69835]]]]},"properties":{"a":238,"v":-290,"dh":1.22,"pl":0,"c":210}},{"type":"Feature","geometry":{"type":"MultiPolygon","coordinates":[[[[10.84112,59.69899],[10.84099,59.69869],[10.84097,59.69854],[10.84093,59.69854],[10.84096,59.69869],[10.84112,59.69899]]],[[[10.84112,59.69899],[10.84112,59.69905],[10.84116,59.69908],[10.84114,59.69899],[10.84112,59.69899]]],[[[10.84116,59.69908],[10.84122,59.69921],[10.84127,59.69924],[10.84116,59.69908]]],[[[10.84133,59.6993],[10.84127,59.69924],[10.84129,59.6993],[10.84133,59.6993]]],[[[10.84133,59.69933],[10.84135,59.6993],[10.84133,59.6993],[10.84133,59.69933]]],[[[10.84135,59.69933],[10.84143,59.69944],[10.8415,59.69943],[10.84135,59.69933]]]]},"properties":{"a":165,"v":129,"dh":0.78,"pl":0,"sh":1,"c":211}},{"type":"Feature","geometry":{"type":"Polygon","coordinates":[[[10.80266,59.69859],[10.80274,59.69856],[10.80238,59.69846],[10.80233,59.6985],[10.80234,59.69856],[10.80249,59.6985],[10.80266,59.69859]]]},"properties":{"a":116,"v":120,"dh":1.04,"pl":1,"pn":"Reguleringsplan for E18 Retvet-Vinterbro","pd":"2016-10-12","fo":1,"c":133}},{"type":"Feature","geometry":{"type":"Polygon","coordinates":[[[10.81471,59.70001],[10.81475,59.69999],[10.81471,59.69994],[10.81445,59.69984],[10.81438,59.69974],[10.81425,59.69973],[10.81471,59.70001]]]},"properties":{"a":159,"v":-341,"dh":2.15,"pl":1,"pn":"Reguleringsplan med reguleringsbestemmelser for Østfoldbanen på strekningen Skigrense - Ås stasjon","pd":"1991-01-29","sl":1,"c":213}},{"type":"Feature","geometry":{"type":"Polygon","coordinates":[[[10.801,59.7002],[10.80096,59.70017],[10.80102,59.70016],[10.80107,59.70006],[10.80085,59.70004],[10.80078,59.70009],[10.80084,59.70017],[10.801,59.7002]]]},"properties":{"a":203,"v":351,"dh":1.73,"pl":1,"pn":"Reguleringsplan for E18 Retvet-Vinterbro","pd":"2016-10-12","fo":1,"c":133}},{"type":"Feature","geometry":{"type":"Polygon","coordinates":[[[10.81423,59.70003],[10.81448,59.70008],[10.81426,59.69996],[10.81407,59.6999],[10.81423,59.70003]]]},"properties":{"a":120,"v":212,"dh":1.77,"pl":1,"pn":"Reguleringsplan med reguleringsbestemmelser for Østfoldbanen på strekningen Skigrense - Ås stasjon","pd":"1991-01-29","sl":1,"c":213}},{"type":"Feature","geometry":{"type":"Polygon","coordinates":[[[10.81186,59.7005],[10.81194,59.70044],[10.8119,59.70026],[10.81172,59.70029],[10.81166,59.70047],[10.81186,59.7005]]]},"properties":{"a":308,"v":470,"dh":1.53,"pl":0,"fo":1,"c":214}},{"type":"Feature","geometry":{"type":"Polygon","coordinates":[[[10.812,59.70242],[10.81208,59.70236],[10.81206,59.70233],[10.81249,59.70228],[10.8126,59.70229],[10.81251,59.70232],[10.81256,59.70236],[10.81297,59.70235],[10.81291,59.70226],[10.81282,59.70225],[10.81281,59.70223],[10.81299,59.70227],[10.81312,59.70239],[10.81329,59.70239],[10.81318,59.70228],[10.81327,59.70233],[10.81372,59.7023],[10.81422,59.70212],[10.81425,59.70203],[10.81417,59.70186],[10.81422,59.70184],[10.81411,59.70167],[10.81422,59.70168],[10.81423,59.70163],[10.81428,59.70163],[10.81424,59.70154],[10.81431,59.70145],[10.81422,59.70146],[10.81416,59.70135],[10.81406,59.70142],[10.81395,59.70137],[10.81404,59.70134],[10.81413,59.70117],[10.81416,59.70101],[10.81437,59.70058],[10.81398,59.70066],[10.8139,59.70078],[10.81376,59.70086],[10.81376,59.70111],[10.81391,59.7012],[10.81384,59.70125],[10.81389,59.70132],[10.81386,59.70138],[10.81313,59.70101],[10.81284,59.70093],[10.81229,59.701],[10.81217,59.70092],[10.8122,59.70089],[10.81216,59.70083],[10.81207,59.70083],[10.81201,59.70075],[10.81196,59.70097],[10.81152,59.70121],[10.81141,59.70141],[10.81142,59.70153],[10.81132,59.70163],[10.81132,59.70168],[10.81122,59.70174],[10.8112,59.70182],[10.81131,59.70177],[10.81142,59.70159],[10.81147,59.70161],[10.81144,59.70166],[10.8115,59.70172],[10.81134,59.70175],[10.81133,59.70181],[10.81142,59.70187],[10.81116,59.70203],[10.8112,59.70209],[10.81132,59.70209],[10.81132,59.70213],[10.81152,59.70204],[10.81157,59.70212],[10.81147,59.70216],[10.81158,59.70217],[10.8116,59.70222],[10.81153,59.70225],[10.81174,59.7023],[10.81176,59.70236],[10.81203,59.70234],[10.81194,59.70237],[10.812,59.70242]],[[10.81316,59.70225],[10.8132,59.70225],[10.81318,59.70226],[10.81316,59.70225]],[[10.81139,59.702],[10.81141,59.70198],[10.81141,59.702],[10.81139,59.702]],[[10.81247,59.70185],[10.8125,59.70185],[10.81245,59.70187],[10.81247,59.70185]],[[10.81151,59.70162],[10.81153,59.70161],[10.81153,59.70162],[10.81151,59.70162]],[[10.81405,59.70157],[10.81399,59.70153],[10.81399,59.7015],[10.81405,59.70152],[10.81405,59.70157]],[[10.81383,59.70151],[10.81385,59.70149],[10.81385,59.70151],[10.81383,59.70151]],[[10.81203,59.701],[10.81208,59.70096],[10.81208,59.70099],[10.81203,59.701]]]},"properties":{"a":22803,"v":59519,"dh":2.61,"pl":0,"c":214}},{"type":"Feature","geometry":{"type":"MultiPolygon","coordinates":[[[[10.81375,59.70233],[10.81428,59.70215],[10.81436,59.70207],[10.81425,59.70195],[10.81427,59.70211],[10.81375,59.70233]]],[[[10.81374,59.70234],[10.81343,59.70232],[10.81338,59.70234],[10.81374,59.70234]]]]},"properties":{"a":162,"v":-147,"dh":0.91,"pl":0,"sh":1,"c":214}},{"type":"Feature","geometry":{"type":"MultiPolygon","coordinates":[[[[10.8116,59.70266],[10.81183,59.70253],[10.81242,59.70242],[10.81181,59.70253],[10.81163,59.7026],[10.8116,59.70266]]],[[[10.81159,59.70269],[10.81155,59.70268],[10.81155,59.7027],[10.81159,59.70269]]]]},"properties":{"a":100,"v":-83,"dh":0.83,"pl":0,"sh":1,"c":214}},{"type":"Feature","geometry":{"type":"MultiPolygon","coordinates":[[[[10.81081,59.70346],[10.81098,59.70336],[10.811,59.70328],[10.81144,59.70289],[10.81147,59.70276],[10.81081,59.70346]]],[[[10.81077,59.70347],[10.81079,59.70348],[10.81079,59.70347],[10.81077,59.70347]]]]},"properties":{"a":206,"v":-187,"dh":0.91,"pl":0,"sh":1,"c":226}},{"type":"Feature","geometry":{"type":"Polygon","coordinates":[[[10.81105,59.7037],[10.81107,59.70363],[10.81121,59.70359],[10.8109,59.70355],[10.81082,59.7036],[10.81088,59.70368],[10.81105,59.7037]]]},"properties":{"a":205,"v":366,"dh":1.79,"pl":0,"fo":1,"c":226}},{"type":"Feature","geometry":{"type":"Polygon","coordinates":[[[10.8183,59.70006],[10.81841,59.70001],[10.81838,59.69988],[10.81843,59.69981],[10.81852,59.69981],[10.81848,59.69978],[10.81864,59.69967],[10.81862,59.69957],[10.81867,59.69955],[10.8188,59.69965],[10.81888,59.69963],[10.81892,59.69959],[10.81847,59.69943],[10.81831,59.69947],[10.81784,59.69977],[10.81783,59.69985],[10.8183,59.70006]],[[10.81885,59.69962],[10.81887,59.6996],[10.81887,59.69962],[10.81885,59.69962]],[[10.81829,59.69953],[10.81831,59.69952],[10.81831,59.69953],[10.81829,59.69953]],[[10.81833,59.69953],[10.8184,59.69949],[10.8184,59.69951],[10.81833,59.69953]]]},"properties":{"a":1870,"v":3145,"dh":1.68,"pl":0,"fo":1,"c":215}},{"type":"Feature","geometry":{"type":"Polygon","coordinates":[[[10.8211,59.70041],[10.82129,59.70039],[10.82139,59.70026],[10.82102,59.70033],[10.82086,59.70025],[10.82067,59.70008],[10.82053,59.7001],[10.82057,59.70021],[10.82075,59.70035],[10.8211,59.70041]]]},"properties":{"a":669,"v":1441,"dh":2.15,"pl":0,"fo":1,"c":216}},{"type":"Feature","geometry":{"type":"MultiPolygon","coordinates":[[[[10.82028,59.70007],[10.82031,59.70005],[10.82031,59.69997],[10.82027,59.69998],[10.82028,59.70007]]],[[[10.82066,59.70057],[10.8206,59.70041],[10.82067,59.70035],[10.82059,59.70035],[10.82026,59.70007],[10.82032,59.70018],[10.82058,59.70036],[10.82055,59.70047],[10.82066,59.70057]]],[[[10.82068,59.70057],[10.82066,59.70057],[10.82066,59.70058],[10.82068,59.70058],[10.82068,59.70057]]]]},"properties":{"a":146,"v":-125,"dh":0.85,"pl":0,"sh":1,"c":217}},{"type":"Feature","geometry":{"type":"Polygon","coordinates":[[[10.82189,59.70055],[10.82193,59.70046],[10.82182,59.70035],[10.8217,59.70037],[10.82172,59.7004],[10.8215,59.70039],[10.82165,59.70052],[10.82189,59.70055]],[[10.8217,59.70049],[10.82172,59.70049],[10.8217,59.70049],[10.8217,59.70049]],[[10.8217,59.70049],[10.82169,59.70048],[10.8217,59.70048],[10.8217,59.70049]],[[10.82163,59.70045],[10.8217,59.70042],[10.8217,59.70044],[10.82163,59.70045]]]},"properties":{"a":322,"v":325,"dh":1.01,"pl":0,"fo":1,"c":216}},{"type":"Feature","geometry":{"type":"Polygon","coordinates":[[[10.84376,59.70181],[10.84401,59.70176],[10.84414,59.70167],[10.84379,59.70162],[10.84372,59.70174],[10.84376,59.70181]]]},"properties":{"a":326,"v":371,"dh":1.14,"pl":0,"fo":1,"c":218}},{"type":"Feature","geometry":{"type":"Polygon","coordinates":[[[10.84413,59.70197],[10.84421,59.70184],[10.8443,59.70185],[10.84432,59.7019],[10.84443,59.70172],[10.84422,59.7017],[10.8442,59.70176],[10.84404,59.70178],[10.84403,59.70191],[10.84413,59.70197]]]},"properties":{"a":379,"v":418,"dh":1.1,"pl":0,"fo":1,"c":218}},{"type":"Feature","geometry":{"type":"Polygon","coordinates":[[[10.82238,59.7045],[10.82236,59.70446],[10.82256,59.70443],[10.82254,59.70439],[10.82257,59.70438],[10.82243,59.70431],[10.82246,59.70423],[10.82237,59.70431],[10.82247,59.70436],[10.82234,59.70434],[10.82222,59.70439],[10.82222,59.70446],[10.82213,59.70446],[10.82238,59.7045]]]},"properties":{"a":261,"v":878,"dh":3.36,"pl":1,"pn":"Reguleringsplan med reguleringsbestemmelser for Østfoldbanen på strekningen Skigrense - Ås stasjon","pd":"1991-01-29","sl":1,"c":219}},{"type":"Feature","geometry":{"type":"Polygon","coordinates":[[[10.79927,59.68684],[10.7993,59.68677],[10.79925,59.68674],[10.79907,59.68679],[10.79909,59.68683],[10.79927,59.68684]]]},"properties":{"a":101,"v":142,"dh":1.4,"pl":0,"c":138}},{"type":"Feature","geometry":{"type":"Polygon","coordinates":[[[10.78895,59.69024],[10.78893,59.6902],[10.78899,59.69017],[10.78889,59.69011],[10.78877,59.69011],[10.78874,59.69016],[10.78881,59.69023],[10.78895,59.69024]]]},"properties":{"a":133,"v":169,"dh":1.27,"pl":0,"fo":1,"c":220}},{"type":"Feature","geometry":{"type":"Polygon","coordinates":[[[10.79559,59.6994],[10.79609,59.69941],[10.79617,59.69932],[10.79607,59.69935],[10.7961,59.69929],[10.79603,59.69929],[10.79599,59.69924],[10.79582,59.69927],[10.79564,59.69934],[10.79559,59.6994]]]},"properties":{"a":409,"v":402,"dh":0.98,"pl":2,"pn":"Områderegulering for frittliggende småhusbebyggelse","pd":"2023-10-25","sh":1,"c":221}},{"type":"Feature","geometry":{"type":"Polygon","coordinates":[[[10.79421,59.70075],[10.79454,59.70075],[10.79466,59.70068],[10.79453,59.70057],[10.79449,59.70046],[10.79442,59.70045],[10.79427,59.70055],[10.79439,59.70045],[10.7942,59.7003],[10.79385,59.70037],[10.79398,59.70046],[10.79423,59.7005],[10.7942,59.70056],[10.79427,59.70058],[10.79431,59.70071],[10.79421,59.70075]],[[10.79438,59.70074],[10.79437,59.70073],[10.79438,59.70073],[10.79438,59.70074]]]},"properties":{"a":934,"v":926,"dh":0.99,"pl":2,"pn":"Områderegulering for frittliggende småhusbebyggelse","pd":"2023-10-25","c":222}},{"type":"Feature","geometry":{"type":"Polygon","coordinates":[[[10.79522,59.70103],[10.79529,59.70102],[10.79532,59.70093],[10.79531,59.70083],[10.79524,59.70072],[10.79493,59.70067],[10.79478,59.70078],[10.79485,59.70088],[10.79522,59.70103]]]},"properties":{"a":788,"v":940,"dh":1.19,"pl":1,"pn":"Reguleringsplan for Sneissletta","pd":"1979-02-26","c":223}},{"type":"Feature","geometry":{"type":"Polygon","coordinates":[[[10.7929,59.70124],[10.79308,59.70122],[10.79316,59.70111],[10.79293,59.70111],[10.7929,59.70124]]]},"properties":{"a":185,"v":170,"dh":0.92,"pl":2,"pn":"Områderegulering for frittliggende småhusbebyggelse","pd":"2023-10-25","sh":1,"c":221}},{"type":"Feature","geometry":{"type":"Polygon","coordinates":[[[10.80038,59.71705],[10.80078,59.7169],[10.80054,59.71671],[10.80031,59.71675],[10.8004,59.71673],[10.80038,59.71668],[10.80048,59.71666],[10.80044,59.7166],[10.80034,59.71663],[10.80032,59.71668],[10.80027,59.71664],[10.80014,59.71667],[10.8001,59.71657],[10.79989,59.71659],[10.79944,59.71675],[10.80006,59.71671],[10.80008,59.71674],[10.79996,59.71679],[10.80003,59.71685],[10.80002,59.71698],[10.80022,59.71705],[10.80038,59.71705]]]},"properties":{"a":1700,"v":2372,"dh":1.4,"pl":1,"pn":"Områdereguleringsplan for Solberg Øst","pd":"2016-12-14","c":224}},{"type":"Feature","geometry":{"type":"Polygon","coordinates":[[[10.80091,59.71702],[10.80128,59.71699],[10.8013,59.71694],[10.80122,59.7169],[10.80094,59.71689],[10.80091,59.71702]]]},"properties":{"a":235,"v":238,"dh":1.01,"pl":1,"pn":"Områdereguleringsplan for Solberg Øst","pd":"2016-12-14","c":224}},{"type":"Feature","geometry":{"type":"Polygon","coordinates":[[[10.80059,59.71737],[10.80062,59.71727],[10.80117,59.7172],[10.80041,59.71726],[10.80048,59.71735],[10.80059,59.71737]]]},"properties":{"a":225,"v":258,"dh":1.15,"pl":1,"pn":"Områdereguleringsplan for Solberg Øst","pd":"2016-12-14","c":224}},{"type":"Feature","geometry":{"type":"Polygon","coordinates":[[[10.79563,59.71808],[10.79589,59.71786],[10.796,59.71757],[10.79587,59.71754],[10.79596,59.71752],[10.79551,59.71736],[10.79524,59.71733],[10.79518,59.71723],[10.79501,59.71717],[10.79469,59.71711],[10.79455,59.71715],[10.79436,59.71724],[10.79426,59.71742],[10.79409,59.71751],[10.79397,59.71764],[10.79401,59.71773],[10.79425,59.71787],[10.79428,59.71798],[10.79424,59.71802],[10.79451,59.71804],[10.7946,59.71802],[10.79465,59.71794],[10.79454,59.71785],[10.79469,59.71781],[10.79491,59.7176],[10.79502,59.71756],[10.79529,59.71761],[10.79546,59.71777],[10.79539,59.7179],[10.79559,59.71798],[10.79563,59.71808]],[[10.79562,59.71749],[10.79565,59.7175],[10.79562,59.7175],[10.79562,59.71749]],[[10.79562,59.71749],[10.7956,59.71748],[10.79562,59.71748],[10.79562,59.71749]],[[10.7956,59.71748],[10.79555,59.71747],[10.7956,59.71747],[10.7956,59.71748]],[[10.79555,59.71747],[10.79547,59.71745],[10.79555,59.71746],[10.79555,59.71747]],[[10.79547,59.71745],[10.79544,59.71745],[10.79547,59.71744],[10.79547,59.71745]]]},"properties":{"a":6226,"v":12419,"dh":1.99,"pl":1,"pn":"Solberg skole","pd":"2015-12-09","c":225}},{"type":"Feature","geometry":{"type":"Polygon","coordinates":[[[10.81157,59.70437],[10.81178,59.70401],[10.81184,59.70374],[10.81152,59.70369],[10.81101,59.70379],[10.81096,59.7039],[10.81102,59.70399],[10.81131,59.70424],[10.81136,59.70434],[10.81157,59.70437]]]},"properties":{"a":2456,"v":13188,"dh":5.37,"pl":0,"c":226}},{"type":"Feature","geometry":{"type":"Polygon","coordinates":[[[10.80349,59.71507],[10.80356,59.71503],[10.80354,59.71494],[10.80343,59.71491],[10.80331,59.71498],[10.80333,59.71506],[10.80349,59.71507]]]},"properties":{"a":186,"v":-329,"dh":1.77,"pl":1,"pn":"Områdereguleringsplan for Solberg Øst","pd":"2016-12-14","c":224}},{"type":"Feature","geometry":{"type":"Polygon","coordinates":[[[10.80382,59.71517],[10.80384,59.71505],[10.8037,59.71498],[10.8037,59.71493],[10.80359,59.71494],[10.80359,59.71503],[10.80371,59.71516],[10.80382,59.71517]]]},"properties":{"a":210,"v":339,"dh":1.62,"pl":1,"pn":"Områdereguleringsplan for Solberg Øst","pd":"2016-12-14","c":224}},{"type":"Feature","geometry":{"type":"Polygon","coordinates":[[[10.80392,59.71578],[10.80416,59.71569],[10.80418,59.71561],[10.80434,59.71576],[10.80438,59.71571],[10.80432,59.71557],[10.80462,59.71563],[10.80461,59.7157],[10.80478,59.71566],[10.80476,59.71563],[10.80484,59.71565],[10.80485,59.7156],[10.80402,59.71532],[10.80398,59.71529],[10.80401,59.71524],[10.80371,59.71519],[10.80362,59.71516],[10.80363,59.7151],[10.8036,59.7151],[10.80353,59.71513],[10.80362,59.71518],[10.80358,59.71534],[10.80333,59.71545],[10.80335,59.71549],[10.80325,59.7155],[10.80334,59.71556],[10.80348,59.71555],[10.80355,59.71561],[10.80339,59.7156],[10.80341,59.71565],[10.80338,59.71565],[10.80323,59.71559],[10.80309,59.71566],[10.80324,59.71569],[10.80334,59.71567],[10.80347,59.71573],[10.80402,59.71565],[10.80409,59.71567],[10.80388,59.71573],[10.80392,59.71578]],[[10.8032,59.71567],[10.80322,59.71565],[10.80322,59.71567],[10.8032,59.71567]],[[10.80446,59.71555],[10.80428,59.71552],[10.80424,59.71548],[10.80431,59.71547],[10.80446,59.71555]],[[10.80414,59.71551],[10.80419,59.71551],[10.80415,59.71553],[10.80414,59.71551]],[[10.80379,59.71543],[10.80381,59.71541],[10.80381,59.71543],[10.80379,59.71543]]]},"properties":{"a":2832,"v":4842,"dh":1.71,"pl":1,"pn":"Områdereguleringsplan for Solberg Øst","pd":"2016-12-14","c":224}},{"type":"Feature","geometry":{"type":"Polygon","coordinates":[[[10.8031,59.71584],[10.80321,59.71586],[10.8032,59.71571],[10.80297,59.71568],[10.8029,59.71574],[10.80314,59.71575],[10.8031,59.71584]]]},"properties":{"a":153,"v":159,"dh":1.04,"pl":1,"pn":"Områdereguleringsplan for Solberg Øst","pd":"2016-12-14","c":224}},{"type":"Feature","geometry":{"type":"Polygon","coordinates":[[[10.80689,59.71582],[10.80781,59.71578],[10.80606,59.71583],[10.80689,59.71582]]]},"properties":{"a":288,"v":-287,"dh":1.0,"pl":1,"pn":"Detaljreguleringsplan for Solberg Øst","pd":"2019-10-23","sh":1,"c":227}},{"type":"Feature","geometry":{"type":"Polygon","coordinates":[[[10.80892,59.71584],[10.80875,59.71576],[10.80785,59.71578],[10.80789,59.71581],[10.80863,59.71578],[10.80892,59.71584]]]},"properties":{"a":179,"v":-163,"dh":0.91,"pl":1,"pn":"Detaljreguleringsplan for Solberg Øst","pd":"2019-10-23","sh":1,"c":227}},{"type":"Feature","geometry":{"type":"MultiPolygon","coordinates":[[[[10.80546,59.71599],[10.80585,59.71596],[10.8059,59.71584],[10.80533,59.71581],[10.80533,59.71595],[10.80542,59.71595],[10.80546,59.71599]]],[[[10.80541,59.71598],[10.80544,59.71599],[10.80544,59.71598],[10.80541,59.71598]]]]},"properties":{"a":457,"v":-623,"dh":1.36,"pl":1,"pn":"Detaljreguleringsplan for Solberg Øst","pd":"2019-10-23","c":227}},{"type":"Feature","geometry":{"type":"Polygon","coordinates":[[[10.80592,59.71596],[10.80608,59.71596],[10.8061,59.71593],[10.80604,59.71591],[10.8061,59.71591],[10.80617,59.71595],[10.80682,59.71586],[10.80602,59.71588],[10.80601,59.71594],[10.80592,59.71596]]]},"properties":{"a":181,"v":157,"dh":0.87,"pl":1,"pn":"Detaljreguleringsplan for Solberg Øst","pd":"2019-10-23","sh":1,"c":227}},{"type":"Feature","geometry":{"type":"Polygon","coordinates":[[[10.80274,59.71606],[10.80295,59.71598],[10.80291,59.71591],[10.80279,59.71592],[10.80281,59.71598],[10.80272,59.71601],[10.80274,59.71606]]]},"properties":{"a":124,"v":138,"dh":1.11,"pl":1,"pn":"Områdereguleringsplan for Solberg Øst","pd":"2016-12-14","c":224}},{"type":"Feature","geometry":{"type":"Polygon","coordinates":[[[10.80885,59.71626],[10.80883,59.71618],[10.80894,59.71624],[10.80894,59.71617],[10.80903,59.71616],[10.80886,59.7161],[10.80884,59.716],[10.80893,59.71598],[10.80887,59.71593],[10.80882,59.71597],[10.8088,59.71587],[10.80816,59.71589],[10.80857,59.71594],[10.80864,59.71591],[10.80866,59.71602],[10.80882,59.71606],[10.80885,59.71617],[10.80877,59.71609],[10.80874,59.71616],[10.80885,59.71626]]]},"properties":{"a":474,"v":484,"dh":1.02,"pl":1,"pn":"Detaljreguleringsplan for Solberg Øst","pd":"2019-10-23","c":227}},{"type":"Feature","geometry":{"type":"Polygon","coordinates":[[[10.80134,59.71683],[10.80139,59.71675],[10.80136,59.71672],[10.80171,59.71666],[10.80172,59.71657],[10.80184,59.71653],[10.80207,59.71653],[10.80259,59.71626],[10.80268,59.71626],[10.80272,59.71621],[10.80286,59.7162],[10.80299,59.71611],[10.80273,59.71618],[10.80262,59.71608],[10.80267,59.71599],[10.80265,59.71591],[10.80247,59.7159],[10.80177,59.7162],[10.80156,59.71626],[10.80142,59.71624],[10.80139,59.71627],[10.80153,59.71627],[10.80153,59.7163],[10.80127,59.71643],[10.80155,59.71635],[10.80163,59.71651],[10.80158,59.71658],[10.80139,59.71663],[10.80127,59.71672],[10.80129,59.71682],[10.80134,59.71683]]]},"properties":{"a":3173,"v":-6803,"dh":2.14,"pl":1,"pn":"Områdereguleringsplan for Solberg Øst","pd":"2016-12-14","c":224}},{"type":"Feature","geometry":{"type":"Polygon","coordinates":[[[10.80325,59.71652],[10.80342,59.71646],[10.80344,59.71639],[10.80334,59.71634],[10.8031,59.7165],[10.80325,59.71652]]]},"properties":{"a":200,"v":234,"dh":1.17,"pl":1,"pn":"Detaljreguleringsplan for Solberg Øst","pd":"2019-10-23","c":227}},{"type":"Feature","geometry":{"type":"MultiPolygon","coordinates":[[[[10.80428,59.7169],[10.80423,59.71698],[10.80408,59.71704],[10.80411,59.71708],[10.80397,59.71709],[10.80384,59.7172],[10.80401,59.71721],[10.80437,59.71695],[10.80468,59.71696],[10.80467,59.71685],[10.80481,59.71683],[10.80476,59.71681],[10.80499,59.71682],[10.80494,59.71688],[10.80483,59.71686],[10.80487,59.71689],[10.8048,59.71694],[10.80413,59.71733],[10.80403,59.71744],[10.80401,59.71753],[10.80411,59.71761],[10.80418,59.7176],[10.80414,59.71756],[10.80428,59.7175],[10.80434,59.7174],[10.80445,59.71738],[10.80443,59.71734],[10.80448,59.71729],[10.80461,59.71729],[10.80485,59.71715],[10.80486,59.71702],[10.80502,59.71707],[10.80518,59.71702],[10.80518,59.71705],[10.80527,59.71705],[10.80533,59.71692],[10.80517,59.71686],[10.80516,59.71678],[10.80527,59.71676],[10.8053,59.71667],[10.80581,59.71656],[10.80635,59.71633],[10.80666,59.71625],[10.80796,59.71656],[10.8086,59.71647],[10.8089,59.71648],[10.80892,59.71651],[10.80883,59.71653],[10.80883,59.71657],[10.80903,59.71655],[10.80902,59.71649],[10.80913,59.71649],[10.80912,59.71633],[10.80905,59.7163],[10.80902,59.71634],[10.80898,59.71626],[10.80892,59.71625],[10.80893,59.71632],[10.80886,59.71631],[10.80891,59.71638],[10.80872,59.71645],[10.80798,59.71654],[10.80728,59.71637],[10.80756,59.71634],[10.80764,59.71626],[10.80766,59.71617],[10.80751,59.71611],[10.80716,59.71613],[10.80713,59.71601],[10.80706,59.71597],[10.80731,59.71601],[10.80729,59.71596],[10.80732,59.71595],[10.80709,59.71589],[10.80761,59.71589],[10.80788,59.71595],[10.80796,59.71593],[10.80793,59.71588],[10.80799,59.71585],[10.80766,59.71582],[10.80686,59.71586],[10.80688,59.71591],[10.80672,59.71593],[10.80674,59.71595],[10.80662,59.716],[10.80658,59.71606],[10.80627,59.71617],[10.80607,59.71608],[10.80596,59.7161],[10.80573,59.716],[10.80562,59.71605],[10.80546,59.71602],[10.80561,59.71613],[10.80561,59.71618],[10.80552,59.71619],[10.80556,59.71625],[10.80532,59.71633],[10.80523,59.71627],[10.8051,59.71626],[10.80514,59.71634],[10.80509,59.71634],[10.80503,59.71628],[10.80508,59.71624],[10.80504,59.71617],[10.80495,59.71616],[10.80488,59.71607],[10.80473,59.71604],[10.80453,59.71586],[10.80442,59.71582],[10.80445,59.71578],[10.80438,59.71577],[10.80433,59.71582],[10.80442,59.7159],[10.80433,59.7159],[10.8043,59.71595],[10.8045,59.71595],[10.80495,59.7164],[10.80451,59.71624],[10.80418,59.7163],[10.80413,59.71637],[10.80417,59.71642],[10.8041,59.71644],[10.8041,59.71654],[10.80427,59.71659],[10.80442,59.71658],[10.8045,59.71664],[10.80448,59.71667],[10.80434,59.71672],[10.80419,59.71687],[10.80379,59.71675],[10.80334,59.717],[10.80342,59.71703],[10.80339,59.7171],[10.80342,59.71714],[10.80361,59.71722],[10.80373,59.71715],[10.80375,59.7172],[10.8038,59.71718],[10.804,59.717],[10.80381,59.71702],[10.80388,59.71694],[10.80407,59.71695],[10.80402,59.71698],[10.80406,59.71699],[10.80428,59.7169]],[[10.80519,59.71702],[10.80521,59.71701],[10.80521,59.71702],[10.80519,59.71702]],[[10.80523,59.71634],[10.8052,59.71638],[10.80512,59.71637],[10.80514,59.71634],[10.80523,59.71634]],[[10.80428,59.7169],[10.8043,59.71689],[10.8043,59.7169],[10.80428,59.7169]],[[10.80906,59.71639],[10.80909,59.71636],[10.80909,59.71638],[10.80906,59.71639]],[[10.80402,59.71692],[10.80403,59.71693],[10.80402,59.71693],[10.80402,59.71692]],[[10.80435,59.71687],[10.80433,59.71686],[10.80435,59.71686],[10.80435,59.71687]],[[10.80437,59.71686],[10.80437,59.71684],[10.8044,59.71682],[10.80437,59.71686]],[[10.80469,59.71681],[10.8047,59.71682],[10.80469,59.71682],[10.80469,59.71681]],[[10.80486,59.71676],[10.80495,59.71678],[10.80486,59.71678],[10.80486,59.71676]],[[10.80456,59.71672],[10.80487,59.71653],[10.80558,59.71631],[10.80573,59.71632],[10.80552,59.71644],[10.80563,59.71644],[10.80573,59.71636],[10.80584,59.71647],[10.80535,59.71664],[10.80525,59.71665],[10.80512,59.71656],[10.80501,59.71656],[10.80472,59.7167],[10.80456,59.71672]],[[10.80898,59.71641],[10.80902,59.71641],[10.80899,59.71642],[10.80898,59.71641]],[[10.8049,59.71645],[10.80492,59.71646],[10.8049,59.71646],[10.8049,59.71645]],[[10.80499,59.71643],[10.805,59.71641],[10.80502,59.71642],[10.80499,59.71643]],[[10.80697,59.71624],[10.80698,59.71615],[10.80687,59.71615],[10.80685,59.71609],[10.80676,59.71604],[10.80688,59.71601],[10.80692,59.71608],[10.8071,59.71605],[10.8071,59.71615],[10.80697,59.71624]],[[10.80444,59.71593],[10.80446,59.71594],[10.80444,59.71594],[10.80444,59.71593]],[[10.80787,59.71587],[10.80791,59.71588],[10.80787,59.71588],[10.80787,59.71587]]],[[[10.80373,59.7172],[10.80375,59.71721],[10.80375,59.7172],[10.80373,59.7172]]]]},"properties":{"a":12592,"v":21206,"dh":1.68,"pl":1,"pn":"Detaljreguleringsplan for Solberg Øst","pd":"2019-10-23","c":227}},{"type":"Feature","geometry":{"type":"Polygon","coordinates":[[[10.80185,59.71699],[10.80201,59.71702],[10.80204,59.71686],[10.80193,59.71688],[10.80185,59.71699]]]},"properties":{"a":129,"v":181,"dh":1.4,"pl":1,"pn":"Detaljreguleringsplan for Solberg Øst","pd":"2019-10-23","c":227}},{"type":"Feature","geometry":{"type":"Polygon","coordinates":[[[10.80398,59.71754],[10.80397,59.71745],[10.80407,59.71733],[10.80398,59.71731],[10.80395,59.71736],[10.80372,59.71739],[10.80387,59.71747],[10.80387,59.71754],[10.80398,59.71754]]]},"properties":{"a":233,"v":-217,"dh":0.93,"pl":1,"pn":"Detaljreguleringsplan for Solberg Øst","pd":"2019-10-23","sh":1,"c":227}},{"type":"Feature","geometry":{"type":"Polygon","coordinates":[[[10.80278,59.7177],[10.80288,59.71764],[10.80318,59.7176],[10.8032,59.71755],[10.80291,59.71747],[10.80275,59.71758],[10.80258,59.71761],[10.80265,59.71768],[10.80278,59.7177]],[[10.80297,59.71762],[10.80299,59.71761],[10.80299,59.71762],[10.80297,59.71762]]]},"properties":{"a":427,"v":347,"dh":0.81,"pl":1,"pn":"Detaljreguleringsplan for Solberg Øst","pd":"2019-10-23","sh":1,"c":227}},{"type":"Feature","geometry":{"type":"Polygon","coordinates":[[[10.80269,59.71877],[10.8033,59.71857],[10.80363,59.71838],[10.80411,59.71825],[10.80466,59.71792],[10.80476,59.71785],[10.80476,59.7178],[10.80462,59.7178],[10.80455,59.71789],[10.8043,59.71793],[10.80415,59.71784],[10.80417,59.71776],[10.80406,59.7177],[10.80401,59.71771],[10.80401,59.71777],[10.80408,59.71786],[10.80387,59.71779],[10.80381,59.71772],[10.80356,59.71767],[10.80347,59.71776],[10.80333,59.71778],[10.80318,59.71787],[10.80305,59.71787],[10.80304,59.71793],[10.80283,59.71801],[10.80232,59.71816],[10.8023,59.71811],[10.80221,59.71812],[10.80204,59.71821],[10.80187,59.71826],[10.80193,59.71822],[10.80192,59.71819],[10.8016,59.71831],[10.80204,59.71852],[10.80223,59.71849],[10.8025,59.71854],[10.8026,59.71863],[10.8027,59.71866],[10.80264,59.71876],[10.80269,59.71877]],[[10.80418,59.71795],[10.80416,59.7179],[10.8042,59.71794],[10.80418,59.71795]]]},"properties":{"a":9040,"v":-24321,"dh":2.69,"pl":1,"pn":"Detaljreguleringsplan for Solberg Øst","pd":"2019-10-23","c":227}},{"type":"Feature","geometry":{"type":"Polygon","coordinates":[[[10.80944,59.71919],[10.81017,59.71929],[10.81017,59.71923],[10.81027,59.71912],[10.81009,59.71906],[10.81009,59.71901],[10.81017,59.71898],[10.81017,59.71891],[10.80997,59.71883],[10.80974,59.71881],[10.80936,59.71912],[10.80944,59.71919]],[[10.81012,59.71928],[10.81014,59.71927],[10.81014,59.71928],[10.81012,59.71928]]]},"properties":{"a":1710,"v":2568,"dh":1.5,"pl":1,"pn":"Detaljreguleringsplan for Nordbyveien 70, 72 og 74","pd":"2016-11-23","c":228}},{"type":"Feature","geometry":{"type":"Polygon","coordinates":[[[10.80218,59.71938],[10.80244,59.71938],[10.80244,59.71933],[10.80215,59.71931],[10.80177,59.71937],[10.80205,59.71938],[10.80214,59.71933],[10.80218,59.71938]]]},"properties":{"a":206,"v":-191,"dh":0.93,"pl":1,"pn":"Reguleringsplan for del av Nordbyveien","pd":"2009-11-25","sh":1,"c":239}},{"type":"Feature","geometry":{"type":"Polygon","coordinates":[[[10.7951,59.71785],[10.79503,59.71774],[10.79485,59.71771],[10.7948,59.71777],[10.7951,59.71785]]]},"properties":{"a":146,"v":-120,"dh":0.82,"pl":1,"pn":"Solberg skole","pd":"2015-12-09","sh":1,"c":225}},{"type":"Feature","geometry":{"type":"Polygon","coordinates":[[[10.80022,59.71775],[10.80047,59.71773],[10.80041,59.71766],[10.80022,59.71769],[10.80022,59.71775]]]},"properties":{"a":125,"v":179,"dh":1.43,"pl":1,"pn":"Del av Granheim i Nordby","pd":"2004-04-21","c":229}},{"type":"Feature","geometry":{"type":"Polygon","coordinates":[[[10.79843,59.71816],[10.79847,59.71802],[10.79872,59.71797],[10.79875,59.71761],[10.79871,59.71745],[10.79865,59.71741],[10.79821,59.71743],[10.79795,59.71756],[10.79782,59.71773],[10.7976,59.71787],[10.79777,59.71785],[10.79793,59.71774],[10.79814,59.71772],[10.79819,59.71775],[10.7982,59.71787],[10.79815,59.71789],[10.79819,59.71801],[10.79843,59.71816]]]},"properties":{"a":2691,"v":-3483,"dh":1.29,"pl":1,"pn":"Solbergkrysset","pd":"2014-06-18","c":230}},{"type":"Feature","geometry":{"type":"Polygon","coordinates":[[[10.79391,59.7181],[10.79415,59.718],[10.7942,59.71796],[10.79418,59.7179],[10.79403,59.7178],[10.79377,59.71777],[10.79355,59.71797],[10.79362,59.71805],[10.79391,59.7181]]]},"properties":{"a":942,"v":-2178,"dh":2.31,"pl":1,"pn":"Solberg skole","pd":"2015-12-09","c":225}},{"type":"Feature","geometry":{"type":"MultiPolygon","coordinates":[[[[10.79371,59.71768],[10.79376,59.71766],[10.79378,59.7176],[10.79371,59.71764],[10.79371,59.71768]]],[[[10.79367,59.71769],[10.79344,59.71792],[10.79342,59.71802],[10.79337,59.71802],[10.7934,59.71799],[10.79339,59.71797],[10.7932,59.7181],[10.79331,59.71814],[10.79311,59.71819],[10.79315,59.71829],[10.79328,59.71823],[10.79336,59.71808],[10.7937,59.71778],[10.79367,59.71769]],[[10.79327,59.71809],[10.79329,59.71809],[10.79327,59.71809],[10.79327,59.71809]]]]},"properties":{"a":394,"v":381,"dh":0.97,"pl":1,"pn":"Solberg skole","pd":"2015-12-09","sh":1,"c":225}},{"type":"Feature","geometry":{"type":"Polygon","coordinates":[[[10.79854,59.71823],[10.79869,59.71812],[10.79871,59.71803],[10.79853,59.71805],[10.79854,59.71823]]]},"properties":{"a":161,"v":195,"dh":1.21,"pl":1,"pn":"Solbergkrysset","pd":"2014-06-18","c":230}},{"type":"Feature","geometry":{"type":"Polygon","coordinates":[[[10.79332,59.71831],[10.7937,59.71828],[10.79372,59.71817],[10.79361,59.71814],[10.79347,59.71825],[10.7933,59.71827],[10.79332,59.71831]]]},"properties":{"a":255,"v":218,"dh":0.85,"pl":1,"pn":"Solberg skole","pd":"2015-12-09","sh":1,"c":225}},{"type":"Feature","geometry":{"type":"MultiPolygon","coordinates":[[[[10.795,59.71864],[10.79522,59.71844],[10.79536,59.71825],[10.79525,59.71828],[10.79523,59.71824],[10.79503,59.71821],[10.79484,59.7183],[10.79486,59.71833],[10.79469,59.71842],[10.79471,59.71845],[10.79464,59.71845],[10.79463,59.71854],[10.79474,59.71867],[10.79485,59.71868],[10.79497,59.71858],[10.795,59.71864]],[[10.79479,59.71859],[10.79477,59.71861],[10.79474,59.71861],[10.79473,59.71859],[10.79479,59.71859]],[[10.7948,59.71855],[10.79486,59.71851],[10.79488,59.71855],[10.7948,59.71855]],[[10.79494,59.71846],[10.79503,59.71847],[10.79505,59.71849],[10.79494,59.71846]],[[10.79494,59.71846],[10.79492,59.71845],[10.79494,59.71845],[10.79494,59.71846]],[[10.79485,59.71845],[10.79487,59.71843],[10.79487,59.71845],[10.79485,59.71845]]],[[[10.79499,59.71865],[10.79487,59.71871],[10.79496,59.71876],[10.79499,59.71865]]]]},"properties":{"a":1191,"v":-916,"dh":0.77,"pl":1,"pn":"Solberg skole","pd":"2015-12-09","c":225}},{"type":"Feature","geometry":{"type":"Polygon","coordinates":[[[10.79376,59.71933],[10.79381,59.71925],[10.79404,59.71925],[10.79403,59.71931],[10.79406,59.71931],[10.79413,59.71923],[10.79397,59.71918],[10.79421,59.71905],[10.79408,59.719],[10.79416,59.71882],[10.79401,59.71867],[10.79406,59.71863],[10.79399,59.71861],[10.79402,59.71856],[10.79425,59.71856],[10.79428,59.71848],[10.7944,59.7184],[10.79449,59.71825],[10.79442,59.7181],[10.7941,59.71826],[10.79397,59.71823],[10.79382,59.71842],[10.79361,59.71849],[10.79365,59.71852],[10.79355,59.71865],[10.79339,59.71867],[10.79353,59.71875],[10.79347,59.71881],[10.79349,59.71895],[10.79334,59.71908],[10.79343,59.71914],[10.79381,59.71917],[10.79362,59.71926],[10.79376,59.71933]]]},"properties":{"a":3932,"v":6606,"dh":1.68,"pl":1,"pn":"Solberg skole","pd":"2015-12-09","c":225}},{"type":"Feature","geometry":{"type":"Polygon","coordinates":[[[10.7926,59.71896],[10.79268,59.71902],[10.79282,59.71903],[10.79312,59.71891],[10.79314,59.71875],[10.79309,59.71874],[10.79309,59.71867],[10.79315,59.71862],[10.79323,59.71868],[10.7933,59.71866],[10.79343,59.71854],[10.79304,59.71844],[10.79294,59.71854],[10.79294,59.71864],[10.79279,59.71874],[10.79281,59.71882],[10.7926,59.71896]],[[10.79266,59.71896],[10.79267,59.71897],[10.79266,59.71897],[10.79266,59.71896]]]},"properties":{"a":1204,"v":-1491,"dh":1.24,"pl":1,"pn":"Solberg skole","pd":"2015-12-09","c":225}},{"type":"Feature","geometry":{"type":"Polygon","coordinates":[[[10.79427,59.71884],[10.7944,59.71889],[10.79441,59.71878],[10.79448,59.71874],[10.79462,59.71877],[10.79469,59.71866],[10.79433,59.71863],[10.79427,59.71884]],[[10.7946,59.71874],[10.79456,59.71871],[10.79462,59.71871],[10.7946,59.71874]]]},"properties":{"a":354,"v":-293,"dh":0.83,"pl":1,"pn":"Solberg skole","pd":"2015-12-09","sh":1,"c":225}},{"type":"Feature","geometry":{"type":"Polygon","coordinates":[[[10.79304,59.71909],[10.79319,59.71902],[10.79275,59.71905],[10.7929,59.7191],[10.79304,59.71909]]]},"properties":{"a":152,"v":136,"dh":0.9,"pl":1,"pn":"Solberg skole","pd":"2015-12-09","sh":1,"c":225}},{"type":"Feature","geometry":{"type":"Polygon","coordinates":[[[10.80176,59.71996],[10.80184,59.71984],[10.80198,59.71975],[10.80228,59.71966],[10.80196,59.71963],[10.80199,59.7195],[10.80191,59.71947],[10.8015,59.71943],[10.80169,59.71936],[10.80174,59.71931],[10.80166,59.71935],[10.80128,59.71936],[10.80118,59.71932],[10.80113,59.71937],[10.80079,59.71938],[10.80072,59.71943],[10.79981,59.71943],[10.79944,59.71936],[10.79938,59.71926],[10.79925,59.71924],[10.79909,59.71913],[10.79909,59.71897],[10.79913,59.71896],[10.79911,59.71885],[10.79914,59.71883],[10.799,59.71861],[10.79887,59.7185],[10.79858,59.7184],[10.79833,59.71824],[10.79797,59.71817],[10.79772,59.7182],[10.79771,59.71833],[10.79779,59.71848],[10.79775,59.71851],[10.79775,59.71878],[10.79781,59.7189],[10.79821,59.71912],[10.79831,59.71922],[10.79831,59.71934],[10.79842,59.71937],[10.79827,59.71945],[10.79855,59.71947],[10.79848,59.71951],[10.79889,59.71954],[10.79888,59.71959],[10.79849,59.71961],[10.79854,59.71963],[10.79855,59.7197],[10.79876,59.71972],[10.79893,59.71983],[10.79897,59.71965],[10.79904,59.71967],[10.79903,59.71973],[10.79913,59.71971],[10.79915,59.71977],[10.79935,59.71968],[10.7997,59.71963],[10.80132,59.71966],[10.80157,59.71972],[10.80167,59.71984],[10.80169,59.71996],[10.80176,59.71996]],[[10.80162,59.71957],[10.80165,59.71956],[10.80165,59.71957],[10.80162,59.71957]]]},"properties":{"a":14231,"v":22865,"dh":1.61,"pl":1,"pn":"Solbergkrysset","pd":"2014-06-18","c":230}},{"type":"Feature","geometry":{"type":"Polygon","coordinates":[[[10.79641,59.71939],[10.7981,59.71939],[10.79808,59.71935],[10.7983,59.71935],[10.79831,59.71926],[10.79798,59.71914],[10.79757,59.71906],[10.79723,59.7191],[10.79692,59.71922],[10.79658,59.71915],[10.79644,59.71925],[10.7963,59.71919],[10.7963,59.71934],[10.79641,59.71939]]]},"properties":{"a":3067,"v":-5165,"dh":1.68,"pl":1,"pn":"Solbergkrysset","pd":"2014-06-18","c":230}},{"type":"Feature","geometry":{"type":"Polygon","coordinates":[[[10.79093,59.71962],[10.79094,59.71946],[10.79082,59.71948],[10.79079,59.71958],[10.79093,59.71962]]]},"properties":{"a":106,"v":-91,"dh":0.86,"pl":2,"pn":"Områderegulering for frittliggende småhusbebyggelse","pd":"2023-10-25","sh":1,"c":165}},{"type":"Feature","geometry":{"type":"Polygon","coordinates":[[[10.80008,59.72013],[10.80018,59.72007],[10.80018,59.71998],[10.80009,59.71993],[10.80023,59.71985],[10.80015,59.71974],[10.80003,59.71976],[10.80005,59.71981],[10.79999,59.71983],[10.8,59.71996],[10.79997,59.71998],[10.79999,59.72012],[10.80008,59.72013]]]},"properties":{"a":396,"v":-592,"dh":1.5,"pl":1,"pn":"Detaljregulering for Solbergveien 1 m.fl.","pd":"2020-10-21","c":231}},{"type":"Feature","geometry":{"type":"Polygon","coordinates":[[[10.79231,59.72109],[10.79246,59.72101],[10.79242,59.72093],[10.79248,59.72093],[10.79251,59.72084],[10.79247,59.72079],[10.79252,59.7208],[10.79247,59.72075],[10.79145,59.72063],[10.79139,59.72082],[10.79132,59.72082],[10.79137,59.72088],[10.79166,59.72088],[10.79197,59.72082],[10.79209,59.72073],[10.79217,59.72076],[10.79224,59.72088],[10.79201,59.72108],[10.79231,59.72109]]]},"properties":{"a":1574,"v":-2358,"dh":1.5,"pl":1,"pn":"Reguleringsplan for et område mellom Haugenveien og Søndre Tverrvei","pd":"1995-05-23","c":175}},{"type":"Feature","geometry":{"type":"Polygon","coordinates":[[[10.79832,59.72168],[10.7982,59.72156],[10.79799,59.72165],[10.79803,59.72168],[10.79832,59.72168]]]},"properties":{"a":143,"v":-164,"dh":1.15,"pl":2,"pn":"Områderegulering for frittliggende småhusbebyggelse","pd":"2023-10-25","c":232}},{"type":"Feature","geometry":{"type":"Polygon","coordinates":[[[10.79143,59.72201],[10.79152,59.72195],[10.79158,59.72181],[10.79156,59.72173],[10.79168,59.72167],[10.79168,59.72159],[10.7915,59.72156],[10.79134,59.72163],[10.79134,59.72198],[10.79143,59.72201]]]},"properties":{"a":621,"v":-729,"dh":1.17,"pl":1,"pn":"Reguleringsplan for et område mellom Haugenveien og Søndre Tverrvei","pd":"1995-05-23","c":175}},{"type":"Feature","geometry":{"type":"Polygon","coordinates":[[[10.79283,59.72219],[10.79315,59.72221],[10.79332,59.72206],[10.79376,59.72196],[10.79388,59.72185],[10.79354,59.72176],[10.79232,59.72163],[10.7921,59.7219],[10.79205,59.72187],[10.79191,59.722],[10.79182,59.72201],[10.79199,59.72211],[10.79231,59.72212],[10.79236,59.72208],[10.79223,59.72203],[10.79223,59.72197],[10.7926,59.72185],[10.79267,59.72214],[10.79283,59.72219]],[[10.79281,59.72217],[10.79279,59.72214],[10.79288,59.72217],[10.79281,59.72217]],[[10.79313,59.72217],[10.79315,59.72216],[10.79315,59.72217],[10.79313,59.72217]]]},"properties":{"a":3881,"v":-9461,"dh":2.44,"pl":1,"pn":"Reguleringsplan for et område mellom Haugenveien og Søndre Tverrvei","pd":"1995-05-23","c":175}},{"type":"Feature","geometry":{"type":"Polygon","coordinates":[[[10.79732,59.72235],[10.79741,59.7223],[10.79733,59.72225],[10.79744,59.72221],[10.79701,59.72217],[10.79694,59.72221],[10.79693,59.72232],[10.79687,59.72233],[10.79732,59.72235]]]},"properties":{"a":475,"v":-473,"dh":1.0,"pl":2,"pn":"Områderegulering for frittliggende småhusbebyggelse","pd":"2023-10-25","sh":1,"c":233}},{"type":"Feature","geometry":{"type":"Polygon","coordinates":[[[10.79628,59.72251],[10.79571,59.72226],[10.79564,59.72226],[10.79561,59.7223],[10.79603,59.72247],[10.79628,59.72251]]]},"properties":{"a":213,"v":-297,"dh":1.4,"pl":0,"c":234}},{"type":"Feature","geometry":{"type":"Polygon","coordinates":[[[10.7967,59.72271],[10.79673,59.72268],[10.79644,59.72256],[10.79632,59.72255],[10.7967,59.72271]]]},"properties":{"a":123,"v":-198,"dh":1.61,"pl":0,"c":234}},{"type":"Feature","geometry":{"type":"Polygon","coordinates":[[[10.79389,59.72943],[10.79398,59.72937],[10.79389,59.72932],[10.79394,59.72925],[10.79373,59.72929],[10.79379,59.72943],[10.79389,59.72943]]]},"properties":{"a":188,"v":178,"dh":0.94,"pl":0,"sh":1,"c":235}},{"type":"Feature","geometry":{"type":"Polygon","coordinates":[[[10.7924,59.74401],[10.79239,59.74396],[10.7923,59.74392],[10.79177,59.74388],[10.79189,59.74393],[10.79221,59.74392],[10.7924,59.74401]]]},"properties":{"a":110,"v":117,"dh":1.06,"pl":0,"sl":1,"c":236}},{"type":"Feature","geometry":{"type":"Polygon","coordinates":[[[10.79255,59.74424],[10.79275,59.74424],[10.79262,59.74418],[10.7926,59.7441],[10.79267,59.74413],[10.79274,59.74412],[10.79267,59.7441],[10.79276,59.74409],[10.79235,59.74406],[10.79235,59.7441],[10.79256,59.74413],[10.79257,59.7442],[10.79264,59.7442],[10.79255,59.74424]],[[10.79249,59.74411],[10.79253,59.74409],[10.79253,59.74411],[10.79249,59.74411]]]},"properties":{"a":200,"v":211,"dh":1.05,"pl":0,"sl":1,"c":236}},{"type":"Feature","geometry":{"type":"MultiPolygon","coordinates":[[[[10.79303,59.74424],[10.79317,59.74422],[10.79314,59.74419],[10.79326,59.74422],[10.79324,59.74419],[10.7934,59.74419],[10.7934,59.74415],[10.79312,59.74415],[10.79299,59.7441],[10.79272,59.74416],[10.79283,59.74419],[10.79303,59.7442],[10.79303,59.74424]],[[10.79307,59.74421],[10.79308,59.74419],[10.79308,59.74421],[10.79307,59.74421]],[[10.79298,59.74419],[10.7929,59.74417],[10.79296,59.74416],[10.79298,59.74419]],[[10.79303,59.74416],[10.79305,59.74418],[10.79303,59.74418],[10.79303,59.74416]]],[[[10.79317,59.74425],[10.79301,59.74425],[10.79294,59.74423],[10.79296,59.74428],[10.79317,59.74425]]],[[[10.79319,59.74427],[10.79327,59.74431],[10.79337,59.74431],[10.79319,59.74427]]]]},"properties":{"a":304,"v":338,"dh":1.11,"pl":0,"sl":1,"c":236}},{"type":"Feature","geometry":{"type":"Polygon","coordinates":[[[10.7932,59.7474],[10.79323,59.74733],[10.79318,59.74728],[10.7925,59.74695],[10.79244,59.74687],[10.79224,59.74674],[10.79196,59.74685],[10.79236,59.74693],[10.79269,59.74715],[10.79303,59.74727],[10.79309,59.74737],[10.79306,59.74741],[10.7932,59.7474]]]},"properties":{"a":735,"v":844,"dh":1.15,"pl":0,"fo":1,"c":237}},{"type":"Feature","geometry":{"type":"Polygon","coordinates":[[[10.79674,59.74964],[10.79731,59.7494],[10.79744,59.74938],[10.7974,59.74935],[10.79745,59.74933],[10.79727,59.74931],[10.79696,59.74913],[10.79671,59.74914],[10.79647,59.74931],[10.79647,59.74935],[10.79666,59.7495],[10.79663,59.74962],[10.79674,59.74964]]]},"properties":{"a":1713,"v":-4547,"dh":2.65,"pl":0,"c":238}},{"type":"Feature","geometry":{"type":"Polygon","coordinates":[[[10.80309,59.71949],[10.8028,59.71943],[10.80209,59.71939],[10.80213,59.71945],[10.8023,59.71947],[10.80309,59.71949]]]},"properties":{"a":277,"v":352,"dh":1.27,"pl":1,"pn":"Reguleringsplan for del av Nordbyveien","pd":"2009-11-25","c":239}},{"type":"Feature","geometry":{"type":"Polygon","coordinates":[[[10.80796,59.71978],[10.80878,59.71979],[10.80877,59.71971],[10.80917,59.71943],[10.80916,59.71938],[10.80875,59.71934],[10.80881,59.71944],[10.80863,59.71964],[10.80831,59.71967],[10.80822,59.71972],[10.8079,59.7197],[10.80796,59.71978]]]},"properties":{"a":1189,"v":1117,"dh":0.94,"pl":1,"pn":"Detaljreguleringsplan for Nordbyveien 70, 72 og 74","pd":"2016-11-23","c":228}},{"type":"Feature","geometry":{"type":"MultiPolygon","coordinates":[[[[10.80726,59.71973],[10.80714,59.71974],[10.80726,59.71974],[10.80726,59.71973]]],[[[10.80726,59.71974],[10.80773,59.71976],[10.80787,59.71975],[10.80769,59.71969],[10.80726,59.71974]]]]},"properties":{"a":148,"v":147,"dh":1.0,"pl":1,"pn":"Reguleringsplan for del av Nordbyveien","pd":"2009-11-25","sh":1,"c":228}},{"type":"Feature","geometry":{"type":"Polygon","coordinates":[[[10.81047,59.71983],[10.81002,59.71972],[10.81006,59.71954],[10.81002,59.71951],[10.80985,59.71953],[10.80983,59.71957],[10.80949,59.71974],[10.8089,59.71978],[10.80958,59.71985],[10.80962,59.71993],[10.80959,59.71995],[10.80928,59.71992],[10.80927,59.71996],[10.80943,59.71998],[10.80954,59.72011],[10.80961,59.72003],[10.80971,59.72002],[10.80974,59.72014],[10.81007,59.71998],[10.81005,59.71995],[10.80975,59.71998],[10.80979,59.71986],[10.81047,59.71987],[10.81047,59.71983]]]},"properties":{"a":1860,"v":2389,"dh":1.28,"pl":1,"pn":"Reguleringsplan for del av Nordbyveien","pd":"2009-11-25","fo":1,"c":228}},{"type":"Feature","geometry":{"type":"Polygon","coordinates":[[[10.80359,59.72032],[10.80379,59.72026],[10.80378,59.72019],[10.80332,59.72014],[10.80325,59.72022],[10.80359,59.72032]]]},"properties":{"a":409,"v":595,"dh":1.46,"pl":2,"pn":"Områderegulering for frittliggende småhusbebyggelse","pd":"2023-10-25","c":240}},{"type":"Feature","geometry":{"type":"Polygon","coordinates":[[[10.80384,59.72347],[10.80403,59.72342],[10.80403,59.72336],[10.80378,59.72342],[10.80384,59.72347]]]},"properties":{"a":124,"v":185,"dh":1.49,"pl":0,"fo":1,"c":241}},{"type":"Feature","geometry":{"type":"Polygon","coordinates":[[[10.80659,59.74148],[10.80674,59.74143],[10.80633,59.74136],[10.80659,59.74148]]]},"properties":{"a":110,"v":130,"dh":1.18,"pl":0,"fo":1,"c":242}},{"type":"Feature","geometry":{"type":"MultiPolygon","coordinates":[[[[10.81011,59.74685],[10.8101,59.74686],[10.81011,59.74686],[10.81011,59.74685]]],[[[10.81031,59.74687],[10.81029,59.74688],[10.81031,59.74688],[10.81031,59.74687]]],[[[10.81065,59.7469],[10.81051,59.74687],[10.81029,59.7469],[10.81011,59.74686],[10.81021,59.74689],[10.81017,59.74692],[10.81028,59.74694],[10.81044,59.74689],[10.81065,59.7469]]],[[[10.81072,59.74692],[10.81067,59.74694],[10.81074,59.74694],[10.81072,59.74692]]],[[[10.81078,59.74694],[10.81074,59.74695],[10.81078,59.74695],[10.81078,59.74694]]]]},"properties":{"a":114,"v":124,"dh":1.08,"pl":0,"sl":1,"c":243}},{"type":"Feature","geometry":{"type":"Polygon","coordinates":[[[10.80785,59.75342],[10.80799,59.75339],[10.80811,59.7533],[10.80838,59.75324],[10.80813,59.75325],[10.80799,59.75332],[10.80799,59.75336],[10.80785,59.75338],[10.80785,59.75342]]]},"properties":{"a":112,"v":148,"dh":1.32,"pl":0,"sl":1,"c":244}},{"type":"Feature","geometry":{"type":"Polygon","coordinates":[[[10.80479,59.75744],[10.80499,59.75718],[10.80497,59.75715],[10.80513,59.75706],[10.80511,59.757],[10.80519,59.75693],[10.80512,59.75693],[10.80506,59.75699],[10.80506,59.75706],[10.80494,59.75713],[10.80494,59.75719],[10.80487,59.75722],[10.80477,59.75737],[10.80479,59.75744]]]},"properties":{"a":186,"v":-240,"dh":1.29,"pl":0,"sl":1,"c":245}},{"type":"Feature","geometry":{"type":"Polygon","coordinates":[[[10.7958,59.75],[10.79626,59.74972],[10.79635,59.74965],[10.79633,59.74959],[10.79623,59.74954],[10.79609,59.74954],[10.7959,59.74956],[10.79581,59.74961],[10.79554,59.74962],[10.79546,59.74978],[10.7957,59.74988],[10.79573,59.74999],[10.7958,59.75]]]},"properties":{"a":1502,"v":-3705,"dh":2.47,"pl":0,"c":238}},{"type":"Feature","geometry":{"type":"MultiPolygon","coordinates":[[[[10.79754,59.75],[10.7971,59.74983],[10.79712,59.74977],[10.7969,59.74971],[10.79695,59.74968],[10.79693,59.74964],[10.79674,59.74972],[10.79643,59.7496],[10.79618,59.74983],[10.79625,59.74987],[10.7965,59.74977],[10.79671,59.74979],[10.79679,59.74989],[10.79669,59.74999],[10.79698,59.75017],[10.79738,59.75007],[10.79754,59.75]],[[10.79714,59.75012],[10.79701,59.75012],[10.79701,59.75008],[10.79712,59.75007],[10.79714,59.75012]],[[10.79689,59.75006],[10.79696,59.75008],[10.79689,59.75008],[10.79689,59.75006]]],[[[10.79756,59.74998],[10.79754,59.74999],[10.79756,59.74999],[10.79756,59.74998]]],[[[10.7971,59.75011],[10.79708,59.75012],[10.7971,59.75012],[10.7971,59.75011]]]]},"properties":{"a":1730,"v":1653,"dh":0.96,"pl":0,"c":238}},{"type":"Feature","geometry":{"type":"Polygon","coordinates":[[[10.79542,59.75002],[10.79549,59.74996],[10.79542,59.74989],[10.79522,59.74983],[10.79517,59.74989],[10.79523,59.74998],[10.79542,59.75002]]]},"properties":{"a":237,"v":-345,"dh":1.46,"pl":0,"c":238}},{"type":"Feature","geometry":{"type":"Polygon","coordinates":[[[10.7988,59.74992],[10.79912,59.74992],[10.79908,59.74985],[10.79878,59.74987],[10.79871,59.74983],[10.7988,59.74992]]]},"properties":{"a":187,"v":-166,"dh":0.89,"pl":0,"sh":1,"c":238}},{"type":"Feature","geometry":{"type":"Polygon","coordinates":[[[10.79579,59.75021],[10.79588,59.75015],[10.79582,59.75009],[10.79559,59.75016],[10.79579,59.75021]]]},"properties":{"a":133,"v":-169,"dh":1.27,"pl":0,"c":238}},{"type":"Feature","geometry":{"type":"Polygon","coordinates":[[[10.79731,59.75028],[10.79736,59.75024],[10.79764,59.75023],[10.79769,59.75016],[10.79755,59.75012],[10.79714,59.75022],[10.79715,59.75027],[10.79731,59.75028]]]},"properties":{"a":308,"v":-345,"dh":1.12,"pl":0,"c":238}},{"type":"Feature","geometry":{"type":"Polygon","coordinates":[[[10.79854,59.75042],[10.79866,59.75036],[10.79848,59.75027],[10.79864,59.75016],[10.79838,59.75012],[10.79828,59.7502],[10.79827,59.75029],[10.79838,59.75034],[10.79848,59.75033],[10.79854,59.75042]]]},"properties":{"a":395,"v":-363,"dh":0.92,"pl":0,"sh":1,"c":238}},{"type":"Feature","geometry":{"type":"MultiPolygon","coordinates":[[[[10.7977,59.75004],[10.79772,59.75005],[10.79772,59.75004],[10.7977,59.75004]]],[[[10.79772,59.75005],[10.79774,59.75004],[10.79772,59.75005],[10.79772,59.75005]]],[[[10.79778,59.75005],[10.79774,59.75006],[10.79778,59.75006],[10.79778,59.75005]]],[[[10.79888,59.75042],[10.79827,59.75062],[10.79859,59.75057],[10.79855,59.7506],[10.79822,59.75066],[10.79825,59.75062],[10.79814,59.75058],[10.79803,59.75012],[10.79794,59.75009],[10.79793,59.75003],[10.79783,59.75003],[10.79778,59.75007],[10.79787,59.7501],[10.79778,59.75018],[10.79779,59.75024],[10.79763,59.7503],[10.79711,59.75032],[10.79697,59.75038],[10.7967,59.75032],[10.79687,59.75044],[10.79687,59.7505],[10.79654,59.75065],[10.79668,59.7506],[10.79686,59.75063],[10.79685,59.75073],[10.79661,59.75083],[10.79686,59.75082],[10.79711,59.75087],[10.79744,59.75083],[10.79764,59.75085],[10.79811,59.75071],[10.79871,59.75062],[10.79889,59.75055],[10.79888,59.7505],[10.79911,59.7503],[10.79919,59.75029],[10.79917,59.75022],[10.79953,59.74997],[10.79937,59.74994],[10.79911,59.75002],[10.79907,59.75004],[10.79916,59.75008],[10.79913,59.75012],[10.79865,59.7501],[10.7988,59.75017],[10.79903,59.75016],[10.79903,59.75021],[10.79886,59.75033],[10.79888,59.75042]],[[10.79859,59.75057],[10.7986,59.75056],[10.7986,59.75057],[10.79859,59.75057]],[[10.79706,59.75036],[10.79708,59.75037],[10.79706,59.75037],[10.79706,59.75036]],[[10.79876,59.75047],[10.79874,59.75048],[10.79874,59.75047],[10.79876,59.75047]],[[10.79758,59.75048],[10.79756,59.75042],[10.7976,59.75042],[10.79767,59.75042],[10.79762,59.75046],[10.79774,59.75046],[10.79758,59.75048]],[[10.79736,59.75033],[10.79731,59.75037],[10.79731,59.75033],[10.79736,59.75033]]]]},"properties":{"a":5907,"v":7027,"dh":1.19,"pl":0,"c":238}},{"type":"Feature","geometry":{"type":"Polygon","coordinates":[[[10.79487,59.75056],[10.79492,59.75052],[10.7951,59.75055],[10.79504,59.75041],[10.79495,59.75039],[10.79488,59.75042],[10.79483,59.75052],[10.79487,59.75056]]]},"properties":{"a":181,"v":-284,"dh":1.57,"pl":0,"c":238}},{"type":"Feature","geometry":{"type":"Polygon","coordinates":[[[10.79642,59.75066],[10.79677,59.75048],[10.79664,59.75046],[10.7966,59.75037],[10.79653,59.75036],[10.79627,59.75049],[10.79619,59.75061],[10.79642,59.75066]]]},"properties":{"a":600,"v":-991,"dh":1.65,"pl":0,"c":238}},{"type":"Feature","geometry":{"type":"Polygon","coordinates":[[[10.79536,59.75084],[10.796,59.75049],[10.79615,59.75055],[10.79646,59.75038],[10.79656,59.7503],[10.7965,59.75021],[10.79655,59.75014],[10.79637,59.75011],[10.7963,59.75018],[10.79625,59.75018],[10.79627,59.75013],[10.7962,59.75016],[10.79623,59.75004],[10.79628,59.75003],[10.79626,59.74998],[10.79598,59.75009],[10.79589,59.75005],[10.79595,59.75014],[10.7962,59.75023],[10.7959,59.75029],[10.79598,59.75046],[10.79517,59.75094],[10.79512,59.75092],[10.7952,59.75083],[10.79553,59.75069],[10.79553,59.75065],[10.79527,59.75074],[10.79514,59.75071],[10.79527,59.75076],[10.79492,59.75096],[10.79502,59.75103],[10.79502,59.7511],[10.79507,59.75111],[10.79481,59.75123],[10.79483,59.75126],[10.79508,59.75128],[10.79476,59.75131],[10.79475,59.75134],[10.79516,59.75142],[10.79537,59.75136],[10.79519,59.75132],[10.79511,59.75114],[10.79516,59.75101],[10.79536,59.75084]]]},"properties":{"a":2390,"v":2694,"dh":1.13,"pl":0,"c":238}},{"type":"Feature","geometry":{"type":"Polygon","coordinates":[[[10.79954,59.75171],[10.79977,59.75168],[10.79967,59.75159],[10.79953,59.75166],[10.79954,59.75171]]]},"properties":{"a":111,"v":235,"dh":2.12,"pl":0,"c":246}},{"type":"Feature","geometry":{"type":"Polygon","coordinates":[[[10.80014,59.75261],[10.80003,59.75256],[10.79996,59.75257],[10.79998,59.75265],[10.79993,59.75265],[10.7999,59.75275],[10.80031,59.75292],[10.80037,59.75298],[10.80038,59.75312],[10.80001,59.7533],[10.8,59.75335],[10.79977,59.75339],[10.79984,59.75344],[10.79978,59.75349],[10.79994,59.75353],[10.79991,59.75359],[10.79994,59.75362],[10.79985,59.75364],[10.79983,59.75355],[10.79976,59.75348],[10.79965,59.75349],[10.79969,59.75348],[10.79965,59.75345],[10.79912,59.75354],[10.79912,59.75347],[10.7992,59.75338],[10.79936,59.75344],[10.79941,59.75337],[10.79934,59.75332],[10.79955,59.75331],[10.79925,59.75323],[10.79911,59.75332],[10.79891,59.75336],[10.79904,59.7534],[10.79903,59.75359],[10.79897,59.75367],[10.79877,59.75373],[10.79878,59.75386],[10.79974,59.7538],[10.79989,59.75372],[10.80006,59.75377],[10.80037,59.75366],[10.80046,59.75367],[10.80053,59.75364],[10.80051,59.75358],[10.80065,59.75357],[10.80059,59.75348],[10.80059,59.75341],[10.80064,59.75336],[10.80048,59.75331],[10.8006,59.75321],[10.80077,59.75317],[10.8008,59.75305],[10.80062,59.75299],[10.80065,59.75292],[10.80054,59.7528],[10.80055,59.75263],[10.80045,59.75252],[10.80032,59.75245],[10.80029,59.75246],[10.8003,59.75257],[10.80019,59.75256],[10.80014,59.75261]],[[10.80017,59.75261],[10.80019,59.75262],[10.80017,59.75262],[10.80017,59.75261]],[[10.80054,59.75355],[10.80056,59.75354],[10.80056,59.75355],[10.80054,59.75355]]]},"properties":{"a":6296,"v":12013,"dh":1.91,"pl":0,"c":247}},{"type":"Feature","geometry":{"type":"Polygon","coordinates":[[[10.7931,59.75343],[10.79324,59.75338],[10.79325,59.75332],[10.79312,59.75324],[10.79284,59.75326],[10.79284,59.7533],[10.79293,59.7533],[10.79301,59.75341],[10.7931,59.75343]]]},"properties":{"a":302,"v":-619,"dh":2.05,"pl":0,"c":248}},{"type":"Feature","geometry":{"type":"Polygon","coordinates":[[[10.79438,59.75337],[10.79426,59.75327],[10.79389,59.75329],[10.79416,59.75331],[10.79438,59.75337]]]},"properties":{"a":127,"v":104,"dh":0.82,"pl":0,"sh":1,"c":248}},{"type":"Feature","geometry":{"type":"Polygon","coordinates":[[[10.7937,59.75344],[10.79391,59.75341],[10.79393,59.75335],[10.79371,59.75331],[10.79363,59.75336],[10.7937,59.75344]]]},"properties":{"a":179,"v":-299,"dh":1.67,"pl":0,"c":248}},{"type":"Feature","geometry":{"type":"Polygon","coordinates":[[[10.79374,59.7538],[10.7937,59.75376],[10.79409,59.75368],[10.79393,59.75364],[10.79349,59.75374],[10.79351,59.75379],[10.79374,59.7538]]]},"properties":{"a":228,"v":225,"dh":0.99,"pl":0,"sh":1,"c":248}},{"type":"Feature","geometry":{"type":"Polygon","coordinates":[[[10.79439,59.75455],[10.79443,59.75443],[10.79434,59.75439],[10.79439,59.75437],[10.79436,59.75434],[10.79458,59.7542],[10.79458,59.75415],[10.79426,59.75412],[10.79423,59.75404],[10.79396,59.75394],[10.7939,59.75386],[10.79337,59.75382],[10.7935,59.75392],[10.79339,59.75398],[10.79358,59.75409],[10.79354,59.75413],[10.79358,59.75416],[10.79384,59.75432],[10.79392,59.75445],[10.79439,59.75455]]]},"properties":{"a":2701,"v":-5330,"dh":1.97,"pl":0,"c":248}},{"type":"Feature","geometry":{"type":"MultiPolygon","coordinates":[[[[10.80101,59.75591],[10.80106,59.75592],[10.80108,59.75588],[10.80099,59.75585],[10.80101,59.75591]]],[[[10.80097,59.75587],[10.80092,59.75588],[10.80097,59.75593],[10.80092,59.75596],[10.80099,59.75595],[10.80097,59.75587]]],[[[10.80099,59.75595],[10.80094,59.75603],[10.801,59.75604],[10.80108,59.75595],[10.80099,59.75595]],[[10.801,59.75599],[10.80098,59.756],[10.80098,59.75599],[10.801,59.75599]]]]},"properties":{"a":107,"v":-177,"dh":1.66,"pl":0,"fo":1,"c":249}},{"type":"Feature","geometry":{"type":"MultiPolygon","coordinates":[[[[10.8016,59.75768],[10.8015,59.7577],[10.80157,59.75775],[10.80162,59.75772],[10.8017,59.75774],[10.80165,59.7578],[10.80173,59.75781],[10.80174,59.75767],[10.80167,59.75751],[10.80172,59.75745],[10.80158,59.75734],[10.80154,59.75722],[10.80141,59.75715],[10.80133,59.75697],[10.8013,59.75701],[10.80133,59.75715],[10.80146,59.75725],[10.80144,59.75731],[10.80151,59.75733],[10.80144,59.75737],[10.80152,59.75741],[10.8015,59.75738],[10.80155,59.75735],[10.80164,59.75746],[10.80152,59.75748],[10.80161,59.7575],[10.80161,59.75755],[10.80147,59.75756],[10.80162,59.75761],[10.8016,59.75768]],[[10.80164,59.75765],[10.80166,59.75766],[10.80164,59.75766],[10.80164,59.75765]],[[10.80158,59.75756],[10.80156,59.75756],[10.80158,59.75755],[10.80158,59.75756]],[[10.80159,59.75769],[10.80162,59.75771],[10.80159,59.75771],[10.80159,59.75769]]],[[[10.80152,59.75741],[10.80154,59.75743],[10.80155,59.75741],[10.80152,59.75741]]]]},"properties":{"a":550,"v":1097,"dh":2.0,"pl":0,"fo":1,"c":250}},{"type":"Feature","geometry":{"type":"Polygon","coordinates":[[[10.80312,59.7601],[10.80301,59.75997],[10.803,59.75987],[10.80297,59.75986],[10.803,59.75978],[10.80296,59.75976],[10.80296,59.76],[10.80305,59.76009],[10.80312,59.7601]]]},"properties":{"a":103,"v":-84,"dh":0.82,"pl":0,"sl":1,"c":251}},{"type":"Feature","geometry":{"type":"Polygon","coordinates":[[[10.80493,59.75998],[10.80489,59.75993],[10.8048,59.75991],[10.80482,59.75996],[10.80479,59.75996],[10.8045,59.75986],[10.80436,59.75988],[10.80403,59.75976],[10.80403,59.7598],[10.80418,59.75987],[10.80445,59.75994],[10.80493,59.75998]]]},"properties":{"a":267,"v":-236,"dh":0.88,"pl":0,"sl":1,"c":252}},{"type":"Feature","geometry":{"type":"Polygon","coordinates":[[[10.80623,59.76],[10.80685,59.75997],[10.80689,59.75995],[10.80618,59.75994],[10.80627,59.75997],[10.80623,59.76]]]},"properties":{"a":113,"v":-243,"dh":2.15,"pl":0,"sl":1,"c":252}},{"type":"Feature","geometry":{"type":"Polygon","coordinates":[[[10.80487,59.76012],[10.80614,59.76002],[10.80618,59.75999],[10.80563,59.75996],[10.80552,59.75999],[10.80559,59.76002],[10.8051,59.76008],[10.80497,59.75997],[10.80492,59.76002],[10.80508,59.7601],[10.80492,59.76009],[10.80494,59.76011],[10.80487,59.76012]],[[10.80524,59.76007],[10.80527,59.76006],[10.80528,59.76007],[10.80524,59.76007]],[[10.80566,59.76001],[10.80572,59.76001],[10.8057,59.76003],[10.80566,59.76001]],[[10.80564,59.75998],[10.80568,59.75998],[10.80566,59.76],[10.80564,59.75998]]]},"properties":{"a":389,"v":-745,"dh":1.91,"pl":0,"sl":1,"c":252}},{"type":"Feature","geometry":{"type":"Polygon","coordinates":[[[10.78723,59.74191],[10.78736,59.74191],[10.78719,59.74176],[10.78713,59.74177],[10.78715,59.74172],[10.78691,59.7416],[10.78693,59.74168],[10.787,59.74167],[10.78702,59.74171],[10.78695,59.7417],[10.78695,59.74173],[10.78706,59.74179],[10.78705,59.74184],[10.78723,59.74191]],[[10.78725,59.74189],[10.78723,59.74188],[10.78725,59.74188],[10.78725,59.74189]],[[10.78708,59.74181],[10.7871,59.74179],[10.7871,59.74181],[10.78708,59.74181]],[[10.78704,59.74174],[10.78706,59.74173],[10.78706,59.74174],[10.78704,59.74174]],[[10.78704,59.74171],[10.78708,59.7417],[10.78708,59.74171],[10.78704,59.74171]]]},"properties":{"a":234,"v":-215,"dh":0.92,"pl":0,"sl":1,"c":187}},{"type":"Feature","geometry":{"type":"Polygon","coordinates":[[[10.79057,59.74183],[10.79052,59.74178],[10.79041,59.74178],[10.79043,59.74176],[10.79028,59.74168],[10.79029,59.7416],[10.79026,59.74158],[10.79025,59.74174],[10.79057,59.74183]]]},"properties":{"a":126,"v":-108,"dh":0.86,"pl":0,"sl":1,"c":253}},{"type":"Feature","geometry":{"type":"MultiPolygon","coordinates":[[[[10.79078,59.7421],[10.79086,59.7422],[10.79074,59.74199],[10.79069,59.74202],[10.79061,59.74195],[10.79052,59.74193],[10.79056,59.742],[10.79078,59.7421]]],[[[10.79077,59.74213],[10.79075,59.74214],[10.79078,59.74214],[10.79077,59.74213]]]]},"properties":{"a":107,"v":-89,"dh":0.83,"pl":0,"sl":1,"c":253}},{"type":"Feature","geometry":{"type":"MultiPolygon","coordinates":[[[[10.78809,59.74231],[10.78836,59.74239],[10.78865,59.74242],[10.78817,59.74218],[10.78808,59.74222],[10.78797,59.74215],[10.78778,59.74213],[10.78779,59.74208],[10.78785,59.74211],[10.78793,59.74206],[10.7878,59.74199],[10.78768,59.74199],[10.7877,59.74203],[10.78766,59.74204],[10.78774,59.74204],[10.78768,59.74207],[10.78774,59.74215],[10.78809,59.74231]],[[10.78779,59.74208],[10.78777,59.74207],[10.78779,59.74207],[10.78779,59.74208]],[[10.78818,59.74228],[10.78812,59.7423],[10.78812,59.74226],[10.78818,59.74228]],[[10.7881,59.74225],[10.78807,59.74223],[10.78812,59.74223],[10.7881,59.74225]],[[10.7879,59.74219],[10.78787,59.74217],[10.7879,59.74217],[10.7879,59.74219]]],[[[10.78875,59.74242],[10.7887,59.74237],[10.78866,59.74237],[10.7887,59.74243],[10.78875,59.74242]]],[[[10.78865,59.74242],[10.78866,59.74244],[10.7887,59.74244],[10.7887,59.74243],[10.78865,59.74242]]]]},"properties":{"a":565,"v":-565,"dh":1.0,"pl":0,"fo":1,"c":254}},{"type":"Feature","geometry":{"type":"MultiPolygon","coordinates":[[[[10.78639,59.74249],[10.78635,59.74248],[10.78639,59.74243],[10.78653,59.74246],[10.78653,59.74243],[10.78631,59.74233],[10.78626,59.74237],[10.78631,59.7424],[10.78619,59.7424],[10.78635,59.74245],[10.78634,59.74249],[10.78639,59.74249]]],[[[10.78641,59.7425],[10.78643,59.74251],[10.78643,59.7425],[10.78641,59.7425]]],[[[10.78644,59.74252],[10.78643,59.74251],[10.78643,59.74252],[10.78644,59.74252]]]]},"properties":{"a":137,"v":146,"dh":1.07,"pl":0,"sl":1,"c":255}},{"type":"Feature","geometry":{"type":"MultiPolygon","coordinates":[[[[10.78871,59.74256],[10.78929,59.74273],[10.78948,59.74278],[10.78955,59.74277],[10.78932,59.74266],[10.78916,59.74264],[10.78923,59.74263],[10.78912,59.74258],[10.78877,59.74248],[10.7887,59.74251],[10.78871,59.74256]],[[10.78885,59.74257],[10.78887,59.74256],[10.78887,59.74257],[10.78885,59.74257]],[[10.78934,59.74271],[10.78921,59.74269],[10.78919,59.74267],[10.78934,59.74271]]],[[[10.78952,59.74279],[10.78952,59.74285],[10.78958,59.74285],[10.78957,59.7428],[10.78952,59.74279]]]]},"properties":{"a":286,"v":-270,"dh":0.95,"pl":0,"sl":1,"c":256}},{"type":"Feature","geometry":{"type":"MultiPolygon","coordinates":[[[[10.78855,59.74325],[10.78853,59.74321],[10.78858,59.74318],[10.78871,59.74323],[10.78874,59.74317],[10.78883,59.74316],[10.7886,59.74317],[10.78859,59.7431],[10.78852,59.74312],[10.78829,59.74302],[10.78828,59.74298],[10.78835,59.74297],[10.7882,59.74299],[10.78825,59.74295],[10.78809,59.74295],[10.7878,59.743],[10.78807,59.74305],[10.78806,59.74309],[10.78815,59.74309],[10.78819,59.74314],[10.78826,59.74312],[10.78829,59.74317],[10.78835,59.74317],[10.78829,59.74311],[10.78854,59.74315],[10.78853,59.7432],[10.7884,59.7432],[10.78855,59.74325]],[[10.7882,59.74306],[10.78831,59.74304],[10.78831,59.74307],[10.7882,59.74306]],[[10.7882,59.74303],[10.78825,59.743],[10.78825,59.74301],[10.7882,59.74303]],[[10.78825,59.74301],[10.78827,59.74302],[10.78825,59.74302],[10.78825,59.74301]],[[10.78813,59.74303],[10.78816,59.74304],[10.78813,59.74304],[10.78813,59.74303]],[[10.78802,59.74302],[10.78806,59.74303],[10.78802,59.74303],[10.78802,59.74302]],[[10.78804,59.74301],[10.78809,59.74299],[10.78809,59.74301],[10.78804,59.74301]]],[[[10.78848,59.7433],[10.78869,59.7433],[10.78882,59.74334],[10.78878,59.74329],[10.78848,59.74326],[10.78851,59.74329],[10.78848,59.7433]],[[10.78857,59.74329],[10.78855,59.74328],[10.78857,59.74328],[10.78857,59.74329]]]]},"properties":{"a":553,"v":542,"dh":0.98,"pl":1,"pn":"Reguleringsplan for Pukkverk ved Vinterbro","pd":"2010-10-24","fo":1,"c":257}},{"type":"Feature","geometry":{"type":"MultiPolygon","coordinates":[[[[10.79098,59.74372],[10.79105,59.74373],[10.79087,59.74373],[10.79103,59.74375],[10.79112,59.74382],[10.79109,59.74379],[10.7911,59.74377],[10.7912,59.74386],[10.79123,59.74385],[10.79119,59.74378],[10.79124,59.74377],[10.79116,59.74376],[10.79117,59.74373],[10.79104,59.74367],[10.79106,59.74362],[10.79095,59.74359],[10.79097,59.74354],[10.79089,59.74349],[10.79053,59.74336],[10.79001,59.74333],[10.7901,59.74331],[10.78968,59.74312],[10.7895,59.74312],[10.78965,59.74315],[10.7894,59.74317],[10.78965,59.74318],[10.78985,59.74325],[10.78983,59.74331],[10.78999,59.74332],[10.78976,59.74335],[10.78981,59.7433],[10.78972,59.74327],[10.78974,59.74329],[10.78969,59.74332],[10.78975,59.74335],[10.78973,59.74341],[10.7898,59.74343],[10.78996,59.74343],[10.78993,59.7434],[10.78998,59.7434],[10.79032,59.7435],[10.79036,59.74345],[10.79054,59.74348],[10.79039,59.74338],[10.79051,59.74339],[10.79071,59.74349],[10.79068,59.74352],[10.79082,59.74354],[10.79074,59.7436],[10.79086,59.74357],[10.79095,59.74363],[10.79072,59.74362],[10.79059,59.74359],[10.79059,59.74354],[10.7907,59.74358],[10.79066,59.74352],[10.79045,59.74352],[10.79056,59.74359],[10.79049,59.74362],[10.7909,59.74365],[10.79098,59.74372]],[[10.79095,59.74356],[10.79093,59.74355],[10.79095,59.74355],[10.79095,59.74356]],[[10.7906,59.74363],[10.7906,59.74361],[10.79063,59.74363],[10.7906,59.74363]],[[10.79101,59.7437],[10.79099,59.74369],[10.79101,59.74369],[10.79101,59.7437]],[[10.79032,59.74345],[10.79034,59.74345],[10.79034,59.74345],[10.79032,59.74345]],[[10.79084,59.74355],[10.79082,59.74356],[10.79082,59.74355],[10.79084,59.74355]],[[10.79108,59.74374],[10.79112,59.74375],[10.79112,59.74376],[10.79108,59.74376],[10.79108,59.74374]],[[10.79075,59.7435],[10.79079,59.74349],[10.79079,59.74351],[10.79075,59.7435]],[[10.79082,59.74349],[10.7908,59.7435],[10.7908,59.74349],[10.79082,59.74349]],[[10.79034,59.74342],[10.79032,59.74343],[10.79032,59.74342],[10.79034,59.74342]],[[10.78987,59.74342],[10.78978,59.7434],[10.78976,59.74336],[10.78987,59.74342]],[[10.78998,59.74338],[10.79005,59.74337],[10.79005,59.74339],[10.78998,59.74338]]],[[[10.79041,59.74347],[10.79039,59.74351],[10.79054,59.74351],[10.7905,59.74348],[10.79041,59.74347]]],[[[10.79045,59.74351],[10.79043,59.74352],[10.79045,59.74352],[10.79045,59.74351]]],[[[10.79051,59.74358],[10.79045,59.74353],[10.79041,59.74354],[10.79045,59.74359],[10.79051,59.74358]]]]},"properties":{"a":1238,"v":1507,"dh":1.22,"pl":1,"pn":"Reguleringsplan for Pukkverk ved Vinterbro","pd":"2010-10-24","fo":1,"c":197}},{"type":"Feature","geometry":{"type":"MultiPolygon","coordinates":[[[[10.78972,59.74347],[10.7897,59.74348],[10.78972,59.74348],[10.78972,59.74347]]],[[[10.78972,59.74348],[10.78974,59.74349],[10.78973,59.74348],[10.78972,59.74348]]],[[[10.78974,59.74353],[10.78997,59.74357],[10.78999,59.74363],[10.79012,59.74369],[10.79039,59.74371],[10.79021,59.74365],[10.79022,59.74363],[10.79015,59.74362],[10.79019,59.74359],[10.79004,59.7435],[10.78999,59.74351],[10.79002,59.74356],[10.78995,59.74356],[10.78997,59.7435],[10.78991,59.74349],[10.78974,59.74349],[10.78974,59.74353]],[[10.7899,59.74354],[10.78986,59.74351],[10.7899,59.74351],[10.7899,59.74354]],[[10.78986,59.74351],[10.78984,59.74351],[10.78986,59.74351],[10.78986,59.74351]]]]},"properties":{"a":286,"v":235,"dh":0.82,"pl":1,"pn":"Reguleringsplan for Pukkverk ved Vinterbro","pd":"2010-10-24","sl":1,"c":197}},{"type":"Feature","geometry":{"type":"Polygon","coordinates":[[[10.78529,59.7438],[10.78577,59.74382],[10.78573,59.74381],[10.78576,59.74366],[10.78567,59.74359],[10.7854,59.74357],[10.78523,59.74373],[10.78529,59.7438]]]},"properties":{"a":676,"v":2964,"dh":4.38,"pl":1,"pn":"Reguleringsplan for Pukkverk ved Vinterbro","pd":"2010-10-24","c":197}},{"type":"Feature","geometry":{"type":"Polygon","coordinates":[[[10.78303,59.74261],[10.78314,59.74257],[10.78315,59.7425],[10.78294,59.74245],[10.78291,59.74258],[10.78303,59.74261]]]},"properties":{"a":191,"v":-359,"dh":1.88,"pl":1,"pn":"Reguleringsplan for Pukkverk ved Vinterbro","pd":"2010-10-24","sl":1,"c":197}},{"type":"Feature","geometry":{"type":"Polygon","coordinates":[[[10.78278,59.74282],[10.78299,59.74277],[10.78297,59.74268],[10.78279,59.7427],[10.78278,59.74282]]]},"properties":{"a":158,"v":-338,"dh":2.14,"pl":1,"pn":"Reguleringsplan for Pukkverk ved Vinterbro","pd":"2010-10-24","c":197}},{"type":"Feature","geometry":{"type":"Polygon","coordinates":[[[10.78568,59.74347],[10.78544,59.74333],[10.78507,59.74336],[10.78465,59.74318],[10.78403,59.74335],[10.78439,59.74332],[10.78461,59.74324],[10.78503,59.7434],[10.78548,59.74339],[10.78568,59.74347]],[[10.78487,59.7433],[10.78488,59.7433],[10.78488,59.7433],[10.78487,59.7433]],[[10.78483,59.74328],[10.78472,59.74328],[10.78472,59.74327],[10.78483,59.74328]],[[10.78483,59.7433],[10.78485,59.74329],[10.78485,59.7433],[10.78483,59.7433]]]},"properties":{"a":518,"v":-1059,"dh":2.04,"pl":1,"pn":"Reguleringsplan for Pukkverk ved Vinterbro","pd":"2010-10-24","fo":1,"c":197}},{"type":"Feature","geometry":{"type":"Polygon","coordinates":[[[10.78001,59.74361],[10.77988,59.74348],[10.77953,59.74332],[10.77906,59.74327],[10.77959,59.74339],[10.77988,59.74353],[10.7799,59.7436],[10.78001,59.74361]]]},"properties":{"a":282,"v":-431,"dh":1.53,"pl":1,"pn":"Detaljreguleringsplan for del av Grimsrudveien","pd":"2015-06-10","fo":1,"c":258}},{"type":"Feature","geometry":{"type":"Polygon","coordinates":[[[10.78268,59.74362],[10.78285,59.74361],[10.78298,59.74355],[10.78297,59.74351],[10.78258,59.74353],[10.78271,59.74356],[10.78273,59.74359],[10.78268,59.74362]]]},"properties":{"a":131,"v":158,"dh":1.2,"pl":1,"pn":"Reguleringsplan for Pukkverk ved Vinterbro","pd":"2010-10-24","c":197}},{"type":"Feature","geometry":{"type":"Polygon","coordinates":[[[10.78503,59.74365],[10.78522,59.7435],[10.78486,59.74346],[10.78469,59.74358],[10.78469,59.74361],[10.78476,59.74361],[10.78485,59.74357],[10.78503,59.74365]]]},"properties":{"a":383,"v":808,"dh":2.11,"pl":1,"pn":"Reguleringsplan for Pukkverk ved Vinterbro","pd":"2010-10-24","c":197}},{"type":"Feature","geometry":{"type":"Polygon","coordinates":[[[10.78352,59.74373],[10.78359,59.74364],[10.78433,59.74356],[10.78395,59.74347],[10.78395,59.74351],[10.78367,59.74354],[10.78336,59.74366],[10.78352,59.74373]],[[10.78408,59.74354],[10.78411,59.74353],[10.78411,59.74354],[10.78408,59.74354]]]},"properties":{"a":488,"v":-703,"dh":1.44,"pl":1,"pn":"Reguleringsplan for Pukkverk ved Vinterbro","pd":"2010-10-24","sl":1,"c":197}},{"type":"Feature","geometry":{"type":"Polygon","coordinates":[[[10.78487,59.74374],[10.78498,59.7437],[10.78519,59.74374],[10.78536,59.74356],[10.78518,59.74356],[10.78501,59.74368],[10.78483,59.7436],[10.78471,59.74364],[10.78473,59.74372],[10.78487,59.74374]]]},"properties":{"a":417,"v":-1028,"dh":2.46,"pl":1,"pn":"Reguleringsplan for Pukkverk ved Vinterbro","pd":"2010-10-24","c":197}},{"type":"Feature","geometry":{"type":"Polygon","coordinates":[[[10.7836,59.74382],[10.7844,59.74386],[10.78443,59.7438],[10.78425,59.74378],[10.78435,59.74366],[10.78433,59.74359],[10.78425,59.74365],[10.78428,59.74369],[10.78422,59.74378],[10.78407,59.74377],[10.78401,59.74383],[10.7836,59.74382]]]},"properties":{"a":346,"v":663,"dh":1.92,"pl":1,"pn":"Reguleringsplan for Pukkverk ved Vinterbro","pd":"2010-10-24","sl":1,"c":197}},{"type":"Feature","geometry":{"type":"Polygon","coordinates":[[[10.77953,59.74406],[10.77951,59.74395],[10.77922,59.74392],[10.77917,59.74396],[10.77921,59.74404],[10.77953,59.74406]]]},"properties":{"a":239,"v":288,"dh":1.2,"pl":1,"pn":"Endret reguleringsplan for del av Tusenfryd-parken","pd":"1994-12-14","c":259}},{"type":"Feature","geometry":{"type":"Polygon","coordinates":[[[10.78856,59.74372],[10.78785,59.74348],[10.78679,59.74363],[10.78658,59.74363],[10.7865,59.74358],[10.78623,59.74359],[10.78672,59.74368],[10.78715,59.74364],[10.78754,59.74366],[10.78768,59.74364],[10.78769,59.7436],[10.78787,59.7436],[10.78853,59.74385],[10.78878,59.74389],[10.78847,59.74375],[10.78856,59.74372]],[[10.78845,59.7437],[10.78841,59.74371],[10.78841,59.74371],[10.78845,59.7437]],[[10.78814,59.74367],[10.78816,59.74366],[10.78816,59.74367],[10.78814,59.74367]],[[10.78823,59.74366],[10.78825,59.74365],[10.78825,59.74366],[10.78823,59.74366]],[[10.78811,59.74366],[10.78814,59.74365],[10.78814,59.74366],[10.78811,59.74366]]]},"properties":{"a":1279,"v":-2455,"dh":1.92,"pl":1,"pn":"Reguleringsplan for Pukkverk ved Vinterbro","pd":"2010-10-24","fo":1,"c":197}},{"type":"Feature","geometry":{"type":"Polygon","coordinates":[[[10.78895,59.74409],[10.78904,59.74407],[10.78795,59.74379],[10.7881,59.74387],[10.78895,59.74409]],[[10.78877,59.74404],[10.78879,59.74403],[10.78879,59.74404],[10.78877,59.74404]],[[10.78877,59.74402],[10.78878,59.74401],[10.78878,59.74402],[10.78877,59.74402]],[[10.78864,59.74399],[10.78866,59.74398],[10.78866,59.74399],[10.78864,59.74399]]]},"properties":{"a":270,"v":-279,"dh":1.03,"pl":1,"pn":"Reguleringsplan for Pukkverk ved Vinterbro","pd":"2010-10-24","sl":1,"c":197}},{"type":"Feature","geometry":{"type":"MultiPolygon","coordinates":[[[[10.79067,59.74394],[10.79063,59.74391],[10.79058,59.74392],[10.79067,59.74394]]],[[[10.79067,59.74394],[10.79086,59.74398],[10.79095,59.74395],[10.79095,59.74399],[10.7913,59.74412],[10.79147,59.74425],[10.79154,59.74423],[10.79154,59.74426],[10.79172,59.74429],[10.79164,59.74419],[10.79137,59.74409],[10.79135,59.74403],[10.79138,59.74402],[10.79131,59.744],[10.79129,59.74393],[10.7912,59.74391],[10.79123,59.74388],[10.79115,59.74392],[10.79125,59.74395],[10.79122,59.74401],[10.79093,59.7439],[10.79081,59.74394],[10.7907,59.74391],[10.79067,59.74394]],[[10.79145,59.74419],[10.79148,59.74418],[10.79148,59.74419],[10.79145,59.74419]],[[10.79135,59.74413],[10.79133,59.74411],[10.79137,59.74413],[10.79135,59.74413]],[[10.79126,59.74403],[10.79128,59.74404],[10.79126,59.74404],[10.79126,59.74403]],[[10.79113,59.74404],[10.7911,59.74402],[10.79115,59.74402],[10.79113,59.74404]],[[10.79072,59.74393],[10.79074,59.74393],[10.79072,59.74393],[10.79072,59.74393]]]]},"properties":{"a":513,"v":446,"dh":0.87,"pl":1,"pn":"Reguleringsplan for Pukkverk ved Vinterbro","pd":"2010-10-24","fo":1,"c":197}},{"type":"Feature","geometry":{"type":"MultiPolygon","coordinates":[[[[10.78883,59.74423],[10.78861,59.7441],[10.78847,59.74409],[10.78853,59.74421],[10.78883,59.74423]],[[10.78869,59.74419],[10.78872,59.7442],[10.78869,59.7442],[10.78869,59.74419]]],[[[10.78883,59.74424],[10.78885,59.74423],[10.78883,59.74423],[10.78883,59.74424]]]]},"properties":{"a":156,"v":217,"dh":1.39,"pl":1,"pn":"Reguleringsplan for Pukkverk ved Vinterbro","pd":"2010-10-24","c":197}},{"type":"Feature","geometry":{"type":"Polygon","coordinates":[[[10.78939,59.74437],[10.78937,59.74433],[10.78941,59.74432],[10.78933,59.74429],[10.78897,59.74421],[10.78906,59.74424],[10.78903,59.74426],[10.78939,59.74437]]]},"properties":{"a":110,"v":85,"dh":0.77,"pl":1,"pn":"Reguleringsplan for Pukkverk ved Vinterbro","pd":"2010-10-24","sh":1,"c":197}},{"type":"Feature","geometry":{"type":"MultiPolygon","coordinates":[[[[10.79039,59.74411],[10.79021,59.74413],[10.78994,59.74404],[10.78977,59.74409],[10.78945,59.74409],[10.78948,59.74412],[10.78971,59.74411],[10.78972,59.7443],[10.79014,59.74437],[10.79024,59.74435],[10.79026,59.7443],[10.7902,59.74426],[10.79026,59.74426],[10.79025,59.74418],[10.79045,59.74423],[10.79033,59.74433],[10.79064,59.74449],[10.79073,59.74449],[10.79076,59.74436],[10.79089,59.74436],[10.79067,59.74425],[10.7907,59.7442],[10.79039,59.74411]],[[10.79041,59.74413],[10.79039,59.74417],[10.79036,59.74413],[10.79041,59.74413]],[[10.79038,59.74415],[10.79034,59.74417],[10.79034,59.74415],[10.79038,59.74415]],[[10.79048,59.74415],[10.79045,59.74417],[10.79045,59.74415],[10.79048,59.74415]],[[10.79032,59.74415],[10.79029,59.74416],[10.79029,59.74415],[10.79032,59.74415]]],[[[10.79084,59.74444],[10.79087,59.74444],[10.7909,59.7444],[10.79085,59.74438],[10.79084,59.74444]]],[[[10.79094,59.74443],[10.79091,59.74442],[10.79091,59.74443],[10.79094,59.74443]]],[[[10.79122,59.74459],[10.79121,59.74454],[10.79114,59.74452],[10.79118,59.74453],[10.79116,59.7446],[10.79122,59.74459]]],[[[10.79116,59.74458],[10.79105,59.7445],[10.79087,59.74444],[10.79089,59.74449],[10.79109,59.74457],[10.79093,59.74458],[10.79104,59.74459],[10.79106,59.7447],[10.79116,59.74458]],[[10.791,59.74451],[10.79098,59.74451],[10.791,59.74451],[10.791,59.74451]]]]},"properties":{"a":1801,"v":-3634,"dh":2.02,"pl":1,"pn":"Reguleringsplan for Pukkverk ved Vinterbro","pd":"2010-10-24","c":197}},{"type":"Feature","geometry":{"type":"Polygon","coordinates":[[[10.78575,59.74459],[10.78585,59.74447],[10.78569,59.74435],[10.78553,59.74439],[10.78561,59.74457],[10.78575,59.74459]]]},"properties":{"a":340,"v":-633,"dh":1.86,"pl":1,"pn":"Reguleringsplan for Pukkverk ved Vinterbro","pd":"2010-10-24","c":197}},{"type":"Feature","geometry":{"type":"Polygon","coordinates":[[[10.7858,59.74509],[10.78624,59.74502],[10.78628,59.74501],[10.78624,59.74493],[10.78631,59.74496],[10.78632,59.74483],[10.78623,59.74481],[10.78624,59.74472],[10.78595,59.7445],[10.78567,59.74461],[10.78552,59.74446],[10.7853,59.74447],[10.78521,59.7444],[10.78507,59.74438],[10.78506,59.74431],[10.78495,59.74427],[10.7849,59.74432],[10.78478,59.74431],[10.78471,59.74438],[10.78464,59.74436],[10.78469,59.74439],[10.78468,59.74445],[10.78448,59.74463],[10.78468,59.74478],[10.78475,59.74476],[10.78473,59.7448],[10.78488,59.7448],[10.785,59.74488],[10.78508,59.74487],[10.78524,59.74503],[10.7858,59.74509]],[[10.78459,59.7447],[10.7846,59.74469],[10.7846,59.7447],[10.78459,59.7447]],[[10.78545,59.74464],[10.78549,59.74463],[10.78549,59.74464],[10.78545,59.74464]]]},"properties":{"a":5238,"v":19559,"dh":3.73,"pl":1,"pn":"Reguleringsplan for Pukkverk ved Vinterbro","pd":"2010-10-24","c":197}},{"type":"Feature","geometry":{"type":"Polygon","coordinates":[[[10.78961,59.7451],[10.78975,59.74505],[10.78988,59.74492],[10.78986,59.74488],[10.7897,59.74478],[10.78932,59.74475],[10.78887,59.74456],[10.78854,59.7445],[10.78814,59.74463],[10.78825,59.7447],[10.78834,59.74461],[10.78846,59.7446],[10.78848,59.74456],[10.78842,59.74454],[10.78853,59.74454],[10.78857,59.74466],[10.78854,59.74474],[10.78843,59.74478],[10.78851,59.74489],[10.78905,59.74508],[10.78961,59.7451]],[[10.78923,59.74501],[10.78898,59.74496],[10.78896,59.74491],[10.78887,59.74488],[10.78917,59.7449],[10.78923,59.74493],[10.78919,59.745],[10.78923,59.74501]]]},"properties":{"a":2955,"v":6694,"dh":2.27,"pl":1,"pn":"Reguleringsplan for Pukkverk ved Vinterbro","pd":"2010-10-24","c":197}},{"type":"Feature","geometry":{"type":"Polygon","coordinates":[[[10.79069,59.74496],[10.79084,59.74487],[10.79087,59.74472],[10.79046,59.74481],[10.79054,59.74492],[10.79069,59.74496]]]},"properties":{"a":380,"v":-885,"dh":2.33,"pl":1,"pn":"Reguleringsplan for Pukkverk ved Vinterbro","pd":"2010-10-24","c":197}},{"type":"Feature","geometry":{"type":"Polygon","coordinates":[[[10.78395,59.74406],[10.78405,59.744],[10.78335,59.74393],[10.78314,59.74397],[10.78362,59.74399],[10.78395,59.74406]],[[10.78389,59.74403],[10.78393,59.74402],[10.78393,59.74403],[10.78389,59.74403]]]},"properties":{"a":247,"v":339,"dh":1.37,"pl":1,"pn":"Reguleringsplan for Pukkverk ved Vinterbro","pd":"2010-10-24","sl":1,"c":197}},{"type":"Feature","geometry":{"type":"Polygon","coordinates":[[[10.77871,59.7443],[10.77893,59.7444],[10.77902,59.74452],[10.77916,59.74441],[10.77906,59.74416],[10.77895,59.74411],[10.77887,59.74398],[10.77873,59.74394],[10.77846,59.74405],[10.77856,59.74424],[10.77838,59.74419],[10.77833,59.7441],[10.77811,59.74411],[10.77803,59.74415],[10.77804,59.74436],[10.77786,59.74442],[10.77783,59.7445],[10.77814,59.74433],[10.77815,59.74417],[10.77845,59.74435],[10.77853,59.74429],[10.77855,59.74432],[10.77871,59.7443]],[[10.7786,59.74431],[10.77858,59.7443],[10.7786,59.7443],[10.7786,59.74431]]]},"properties":{"a":1873,"v":-4168,"dh":2.23,"pl":1,"pn":"Endret reguleringsplan for del av Tusenfryd-parken","pd":"1994-12-14","fo":1,"c":259}},{"type":"Feature","geometry":{"type":"Polygon","coordinates":[[[10.78457,59.74431],[10.78456,59.74427],[10.78471,59.74429],[10.78474,59.74428],[10.78458,59.74425],[10.78443,59.74416],[10.78422,59.74415],[10.784,59.74407],[10.78424,59.7442],[10.78443,59.74419],[10.78453,59.74427],[10.7844,59.74425],[10.7844,59.74429],[10.78457,59.74431]]]},"properties":{"a":214,"v":289,"dh":1.35,"pl":1,"pn":"Reguleringsplan for Pukkverk ved Vinterbro","pd":"2010-10-24","sl":1,"c":197}},{"type":"Feature","geometry":{"type":"Polygon","coordinates":[[[10.78049,59.74491],[10.78054,59.74483],[10.78046,59.74446],[10.7803,59.74414],[10.78025,59.74411],[10.78022,59.74392],[10.78011,59.7438],[10.78012,59.74375],[10.77999,59.74364],[10.78,59.74377],[10.78009,59.74382],[10.78007,59.74386],[10.78015,59.74399],[10.78016,59.74404],[10.78009,59.74409],[10.78018,59.74413],[10.7802,59.74427],[10.78031,59.74435],[10.7803,59.74447],[10.78038,59.74456],[10.78039,59.74469],[10.78046,59.7447],[10.78043,59.74481],[10.78049,59.74491]]]},"properties":{"a":816,"v":-1997,"dh":2.45,"pl":1,"pn":"Detaljreguleringsplan for del av Grimsrudveien","pd":"2015-06-10","fo":1,"c":258}},{"type":"Feature","geometry":{"type":"Polygon","coordinates":[[[10.78078,59.74466],[10.78074,59.74425],[10.78063,59.74418],[10.78048,59.74417],[10.78067,59.74462],[10.78078,59.74466]]]},"properties":{"a":514,"v":-2015,"dh":3.92,"pl":1,"pn":"Reguleringsplan for E18 Retvet-Vinterbro","pd":"2016-10-12","c":133}},{"type":"Feature","geometry":{"type":"Polygon","coordinates":[[[10.77905,59.74469],[10.77915,59.7446],[10.7792,59.7445],[10.77911,59.7445],[10.77899,59.74463],[10.77905,59.74469]]]},"properties":{"a":108,"v":154,"dh":1.42,"pl":1,"pn":"Endret reguleringsplan for del av Tusenfryd-parken","pd":"1994-12-14","c":259}},{"type":"Feature","geometry":{"type":"Polygon","coordinates":[[[10.77856,59.74485],[10.77855,59.74474],[10.77892,59.74466],[10.77867,59.74465],[10.77844,59.74451],[10.77826,59.74453],[10.77848,59.74466],[10.77851,59.74484],[10.77856,59.74485]]]},"properties":{"a":366,"v":415,"dh":1.13,"pl":1,"pn":"Endret reguleringsplan for del av Tusenfryd-parken","pd":"1994-12-14","c":259}},{"type":"Feature","geometry":{"type":"Polygon","coordinates":[[[10.77792,59.74527],[10.77794,59.74517],[10.77801,59.74522],[10.77822,59.74522],[10.77831,59.74515],[10.77829,59.7451],[10.77847,59.74511],[10.77852,59.74505],[10.77853,59.74495],[10.77844,59.7449],[10.77841,59.74467],[10.77821,59.74456],[10.77822,59.74453],[10.77845,59.74449],[10.7786,59.7446],[10.77883,59.74464],[10.77899,59.7446],[10.77878,59.74458],[10.77861,59.74441],[10.77841,59.74441],[10.7781,59.74448],[10.77808,59.74456],[10.77801,59.74457],[10.77801,59.74462],[10.7781,59.74461],[10.7782,59.74472],[10.7784,59.74482],[10.7783,59.74492],[10.77836,59.74501],[10.77816,59.74506],[10.77808,59.74492],[10.77795,59.74499],[10.77778,59.74488],[10.77778,59.74483],[10.77785,59.74481],[10.77788,59.74473],[10.77778,59.74459],[10.77781,59.74445],[10.77774,59.74446],[10.77754,59.74471],[10.7776,59.74485],[10.77755,59.74485],[10.77755,59.74492],[10.77759,59.745],[10.77772,59.74507],[10.77778,59.74523],[10.77792,59.74527]],[[10.77762,59.74494],[10.77764,59.74493],[10.77764,59.74494],[10.77762,59.74494]],[[10.7776,59.74491],[10.77762,59.74488],[10.77762,59.74491],[10.7776,59.74491]]]},"properties":{"a":2606,"v":-4639,"dh":1.78,"pl":1,"pn":"Endret reguleringsplan for del av Tusenfryd-parken","pd":"1994-12-14","c":259}},{"type":"Feature","geometry":{"type":"Polygon","coordinates":[[[10.7791,59.74553],[10.77935,59.74536],[10.77935,59.74523],[10.77942,59.74522],[10.77946,59.74511],[10.77941,59.74508],[10.77936,59.74515],[10.77932,59.74512],[10.77936,59.74491],[10.77899,59.74489],[10.77894,59.74498],[10.779,59.74505],[10.77898,59.74512],[10.77881,59.74526],[10.77877,59.74541],[10.77881,59.74547],[10.7791,59.74553]]]},"properties":{"a":1732,"v":2185,"dh":1.26,"pl":1,"pn":"Endret reguleringsplan for del av Tusenfryd-parken","pd":"1994-12-14","c":259}},{"type":"Feature","geometry":{"type":"Polygon","coordinates":[[[10.77902,59.74603],[10.77924,59.74587],[10.77942,59.74562],[10.7793,59.74564],[10.77897,59.74586],[10.77878,59.74591],[10.77885,59.74602],[10.77902,59.74603]]]},"properties":{"a":581,"v":861,"dh":1.48,"pl":1,"pn":"Endret reguleringsplan for del av Tusenfryd-parken","pd":"1994-12-14","c":259}},{"type":"Feature","geometry":{"type":"Polygon","coordinates":[[[10.77513,59.74286],[10.7757,59.74286],[10.77527,59.74284],[10.77529,59.74281],[10.77518,59.74279],[10.77511,59.74278],[10.77514,59.74282],[10.77511,59.74282],[10.77478,59.74274],[10.77513,59.74286]],[[10.77523,59.74284],[10.77525,59.74283],[10.77525,59.74284],[10.77523,59.74284]]]},"properties":{"a":178,"v":-191,"dh":1.07,"pl":1,"pn":"Reguleringsplan for del av Grimsrudområdet","pd":"1988-05-25","sl":1,"c":199}},{"type":"Feature","geometry":{"type":"Polygon","coordinates":[[[10.77438,59.74287],[10.77483,59.7429],[10.7742,59.74278],[10.77438,59.74287]]]},"properties":{"a":133,"v":-116,"dh":0.87,"pl":1,"pn":"Barneskole på Grimsrudjordet","pd":"2002-04-17","sl":1,"c":260}},{"type":"Feature","geometry":{"type":"Polygon","coordinates":[[[10.77707,59.74328],[10.77703,59.74316],[10.7763,59.74315],[10.7763,59.74321],[10.77646,59.74321],[10.77648,59.74325],[10.77677,59.74322],[10.77687,59.74325],[10.77696,59.7432],[10.777,59.74329],[10.77707,59.74328]]]},"properties":{"a":370,"v":396,"dh":1.07,"pl":1,"pn":"Detaljreguleringsplan for del av Grimsrudveien","pd":"2015-06-10","fo":1,"c":258}},{"type":"Feature","geometry":{"type":"MultiPolygon","coordinates":[[[[10.7764,59.7434],[10.77637,59.74338],[10.77637,59.7434],[10.7764,59.7434]]],[[[10.77622,59.74339],[10.77624,59.74343],[10.77631,59.7434],[10.77635,59.74347],[10.77637,59.74343],[10.77653,59.74346],[10.77662,59.74355],[10.77686,59.74357],[10.77647,59.74341],[10.77637,59.74341],[10.77629,59.74339],[10.7762,59.74332],[10.77602,59.7433],[10.7761,59.74338],[10.77622,59.74339]],[[10.7761,59.74336],[10.77615,59.74334],[10.77615,59.74336],[10.7761,59.74336]]],[[[10.77655,59.74352],[10.77653,59.7435],[10.7765,59.7435],[10.77655,59.74352]]],[[[10.77655,59.74352],[10.77659,59.74353],[10.77659,59.74352],[10.77655,59.74352]]],[[[10.777,59.74367],[10.77691,59.74366],[10.77693,59.74358],[10.77686,59.74357],[10.7769,59.74368],[10.777,59.74367]]]]},"properties":{"a":274,"v":243,"dh":0.89,"pl":1,"pn":"Reguleringsplan for Øvre Sjøskogen og del av Øvre Pollenga","pd":"1988-05-25","sl":1,"c":261}},{"type":"Feature","geometry":{"type":"MultiPolygon","coordinates":[[[[10.77452,59.7438],[10.77447,59.74381],[10.77452,59.74381],[10.77452,59.7438]]],[[[10.7745,59.74382],[10.77461,59.74391],[10.77476,59.74394],[10.77472,59.74397],[10.77496,59.7441],[10.77514,59.7441],[10.77517,59.74393],[10.77512,59.74374],[10.77503,59.74371],[10.77469,59.74375],[10.77451,59.74371],[10.77462,59.74378],[10.77455,59.74379],[10.77459,59.74382],[10.7745,59.74382]],[[10.77461,59.74384],[10.77465,59.74386],[10.77461,59.74386],[10.77461,59.74384]]]]},"properties":{"a":1084,"v":1582,"dh":1.46,"pl":2,"pn":"Områderegulering for frittliggende småhusbebyggelse","pd":"2023-10-25","c":430}},{"type":"Feature","geometry":{"type":"Polygon","coordinates":[[[10.77794,59.74493],[10.77817,59.74485],[10.77813,59.74473],[10.778,59.74466],[10.77798,59.74457],[10.77805,59.74456],[10.77801,59.7445],[10.77792,59.74454],[10.77797,59.74481],[10.77792,59.74488],[10.77787,59.74488],[10.77794,59.74493]]]},"properties":{"a":347,"v":377,"dh":1.09,"pl":1,"pn":"Endret reguleringsplan for del av Tusenfryd-parken","pd":"1994-12-14","fo":1,"c":259}},{"type":"Feature","geometry":{"type":"Polygon","coordinates":[[[10.77514,59.74611],[10.77532,59.74611],[10.77556,59.74601],[10.77529,59.74591],[10.77499,59.74595],[10.77498,59.74605],[10.77514,59.74611]]]},"properties":{"a":519,"v":1697,"dh":3.27,"pl":1,"pn":"Reguleringsplan for fritidspark ved Vinterbru","pd":"1987-01-28","fo":1,"c":262}},{"type":"Feature","geometry":{"type":"Polygon","coordinates":[[[10.7756,59.74739],[10.7757,59.74736],[10.77568,59.74725],[10.77548,59.74719],[10.77518,59.74722],[10.77492,59.74732],[10.77518,59.74723],[10.7755,59.74722],[10.77565,59.74725],[10.77567,59.74734],[10.7756,59.74739]]]},"properties":{"a":145,"v":125,"dh":0.86,"pl":1,"pn":"Reguleringsplan for fritidspark ved Vinterbru","pd":"1987-01-28","sh":1,"c":263}},{"type":"Feature","geometry":{"type":"Polygon","coordinates":[[[10.79039,59.74506],[10.79049,59.74503],[10.79043,59.74492],[10.79029,59.7449],[10.79015,59.74495],[10.79013,59.74492],[10.79022,59.74488],[10.79025,59.74479],[10.79021,59.74471],[10.7901,59.7447],[10.79012,59.74475],[10.79003,59.74501],[10.79017,59.74497],[10.79039,59.74506]]]},"properties":{"a":409,"v":794,"dh":1.94,"pl":1,"pn":"Reguleringsplan for Pukkverk ved Vinterbro","pd":"2010-10-24","c":197}},{"type":"Feature","geometry":{"type":"Polygon","coordinates":[[[10.79093,59.74595],[10.79099,59.74592],[10.79098,59.74584],[10.79091,59.74581],[10.79085,59.74543],[10.79103,59.74539],[10.79108,59.74528],[10.7912,59.74524],[10.79124,59.74501],[10.7912,59.74497],[10.79127,59.74498],[10.79127,59.74494],[10.79118,59.74492],[10.79119,59.74476],[10.79107,59.74474],[10.79104,59.74461],[10.79083,59.74466],[10.79081,59.74461],[10.79088,59.7446],[10.79066,59.74456],[10.79035,59.74438],[10.79026,59.74441],[10.79034,59.74445],[10.79032,59.74453],[10.79045,59.7445],[10.79067,59.74464],[10.79067,59.74468],[10.7909,59.74473],[10.79089,59.74483],[10.79081,59.74493],[10.79062,59.74501],[10.79066,59.74512],[10.79081,59.7452],[10.79081,59.74526],[10.7905,59.74521],[10.79035,59.74528],[10.79035,59.74531],[10.79051,59.74529],[10.79041,59.74538],[10.79045,59.74559],[10.79042,59.74562],[10.7906,59.7457],[10.79055,59.74584],[10.79067,59.74593],[10.79093,59.74595]],[[10.79071,59.74569],[10.79069,59.7457],[10.79069,59.7457],[10.79071,59.74569]],[[10.79071,59.74569],[10.79072,59.74569],[10.79073,59.74569],[10.79071,59.74569]],[[10.79107,59.7448],[10.7911,59.74476],[10.79109,59.7448],[10.79107,59.7448]]]},"properties":{"a":3783,"v":15578,"dh":4.12,"pl":1,"pn":"Reguleringsplan for Pukkverk ved Vinterbro","pd":"2010-10-24","c":197}},{"type":"Feature","geometry":{"type":"Polygon","coordinates":[[[10.78549,59.74557],[10.78553,59.7454],[10.78553,59.74534],[10.78547,59.74533],[10.7855,59.74524],[10.78524,59.74525],[10.78529,59.7453],[10.78528,59.74536],[10.78549,59.74557]]]},"properties":{"a":351,"v":494,"dh":1.41,"pl":1,"pn":"Reguleringsplan for Pukkverk ved Vinterbro","pd":"2010-10-24","c":197}},{"type":"Feature","geometry":{"type":"Polygon","coordinates":[[[10.78874,59.7456],[10.78957,59.74567],[10.78963,59.74561],[10.78947,59.74548],[10.78885,59.74528],[10.78869,59.74527],[10.78845,59.74547],[10.78851,59.74554],[10.78874,59.7456]]]},"properties":{"a":1727,"v":6671,"dh":3.86,"pl":1,"pn":"Reguleringsplan for Pukkverk ved Vinterbro","pd":"2010-10-24","c":197}},{"type":"Feature","geometry":{"type":"MultiPolygon","coordinates":[[[[10.79096,59.74573],[10.791,59.74578],[10.79094,59.74578],[10.79095,59.74582],[10.79102,59.74584],[10.79106,59.74569],[10.79117,59.74573],[10.79119,59.74566],[10.79115,59.74565],[10.79122,59.74563],[10.7912,59.74559],[10.79111,59.74559],[10.79112,59.74549],[10.79109,59.74547],[10.79115,59.74537],[10.7911,59.74535],[10.79111,59.74529],[10.79104,59.74534],[10.79105,59.74551],[10.79091,59.74548],[10.79091,59.74541],[10.79087,59.74543],[10.79091,59.74558],[10.79088,59.74558],[10.79088,59.74568],[10.79094,59.74575],[10.79096,59.74573]],[[10.7911,59.74565],[10.79113,59.74567],[10.7911,59.74567],[10.7911,59.74565]],[[10.791,59.7456],[10.79097,59.74557],[10.79102,59.74556],[10.791,59.7456]]],[[[10.79092,59.74575],[10.79094,59.74576],[10.79094,59.74575],[10.79092,59.74575]]]]},"properties":{"a":516,"v":-705,"dh":1.37,"pl":1,"pn":"Reguleringsplan for Pukkverk ved Vinterbro","pd":"2010-10-24","c":197}},{"type":"Feature","geometry":{"type":"MultiPolygon","coordinates":[[[[10.7881,59.74461],[10.78814,59.7446],[10.7881,59.7446],[10.7881,59.74461]]],[[[10.78805,59.74463],[10.78833,59.74442],[10.78847,59.74445],[10.78847,59.74441],[10.78855,59.74437],[10.7887,59.74436],[10.78879,59.74441],[10.78888,59.74439],[10.78865,59.74423],[10.78849,59.74422],[10.78838,59.74407],[10.78751,59.74377],[10.78673,59.74377],[10.78608,59.74366],[10.7859,59.74368],[10.78594,59.74372],[10.78575,59.74388],[10.78541,59.74382],[10.78524,59.74387],[10.78522,59.74394],[10.78543,59.74393],[10.78558,59.744],[10.78536,59.74415],[10.78559,59.74421],[10.78563,59.74427],[10.78587,59.74439],[10.78594,59.74446],[10.78593,59.74449],[10.78613,59.74459],[10.78617,59.74469],[10.78626,59.74472],[10.78625,59.74482],[10.78643,59.74485],[10.78652,59.74493],[10.78642,59.74499],[10.7863,59.74489],[10.78633,59.74496],[10.78628,59.74502],[10.7858,59.74512],[10.78548,59.74509],[10.78541,59.74515],[10.78557,59.74523],[10.78554,59.74533],[10.7856,59.74537],[10.78561,59.74548],[10.78557,59.74551],[10.78561,59.74551],[10.78559,59.74558],[10.78565,59.74561],[10.78566,59.74575],[10.78573,59.74587],[10.78575,59.74617],[10.78568,59.74624],[10.78565,59.746],[10.78557,59.74587],[10.78561,59.74584],[10.78558,59.74575],[10.78545,59.74565],[10.78551,59.74575],[10.78553,59.74596],[10.78562,59.74607],[10.78561,59.74613],[10.7857,59.74628],[10.78571,59.74637],[10.78576,59.74637],[10.78579,59.74653],[10.78569,59.74667],[10.78571,59.74684],[10.78579,59.74697],[10.78576,59.74711],[10.78612,59.74717],[10.78623,59.74726],[10.7865,59.74731],[10.78658,59.74741],[10.78676,59.74734],[10.7868,59.74727],[10.78688,59.74727],[10.78693,59.74733],[10.78698,59.74752],[10.7868,59.7476],[10.78674,59.74769],[10.78679,59.74772],[10.78678,59.74784],[10.78692,59.74774],[10.78724,59.74773],[10.78721,59.74776],[10.78735,59.74783],[10.78751,59.74776],[10.78751,59.74781],[10.78762,59.74784],[10.78769,59.74782],[10.78767,59.74776],[10.7876,59.74775],[10.78763,59.74771],[10.78779,59.74772],[10.78816,59.74762],[10.78845,59.74767],[10.78774,59.74748],[10.78724,59.74747],[10.78743,59.74737],[10.7876,59.74741],[10.78759,59.74737],[10.7877,59.74735],[10.78767,59.7474],[10.78806,59.74745],[10.78822,59.74741],[10.78809,59.74737],[10.78813,59.74734],[10.78828,59.74732],[10.78836,59.74736],[10.78834,59.74741],[10.78847,59.74747],[10.78851,59.74746],[10.78849,59.7474],[10.78868,59.74739],[10.78901,59.74748],[10.78925,59.74732],[10.78955,59.74737],[10.78971,59.74729],[10.78987,59.74727],[10.79015,59.74729],[10.79025,59.74741],[10.79041,59.74744],[10.79164,59.74722],[10.79172,59.74728],[10.79184,59.7473],[10.79185,59.74734],[10.79176,59.74737],[10.79163,59.74734],[10.79163,59.74738],[10.79172,59.7474],[10.79173,59.7475],[10.79139,59.74754],[10.79127,59.74752],[10.79125,59.74757],[10.79131,59.74761],[10.79152,59.74758],[10.79177,59.74768],[10.7918,59.74774],[10.79132,59.74782],[10.7919,59.74777],[10.79198,59.74785],[10.79195,59.74793],[10.79211,59.74801],[10.79243,59.74794],[10.79242,59.74785],[10.79216,59.74792],[10.79203,59.74789],[10.79201,59.74778],[10.79205,59.74775],[10.79235,59.74771],[10.79222,59.74761],[10.79219,59.74749],[10.79208,59.74731],[10.79193,59.74722],[10.79194,59.74715],[10.79188,59.74705],[10.79181,59.74704],[10.7918,59.74713],[10.79169,59.74708],[10.7916,59.74678],[10.79142,59.74666],[10.79148,59.74657],[10.79141,59.74647],[10.7915,59.74648],[10.79158,59.74637],[10.79154,59.74622],[10.79158,59.7461],[10.79155,59.74609],[10.79163,59.74602],[10.79157,59.74594],[10.79165,59.74596],[10.79164,59.74586],[10.79158,59.74575],[10.79157,59.74556],[10.79148,59.74556],[10.79157,59.74553],[10.79153,59.74543],[10.79157,59.74543],[10.79154,59.74521],[10.79157,59.74515],[10.79155,59.74506],[10.79147,59.74506],[10.79147,59.74501],[10.79156,59.74497],[10.79151,59.74468],[10.79145,59.74463],[10.7915,59.74453],[10.79141,59.7445],[10.79135,59.7444],[10.79122,59.74436],[10.79127,59.74431],[10.79115,59.74431],[10.79096,59.74419],[10.79102,59.74428],[10.79121,59.74436],[10.79124,59.74442],[10.79132,59.74442],[10.79139,59.74453],[10.79133,59.74478],[10.79142,59.7451],[10.79143,59.74526],[10.79138,59.74534],[10.79144,59.74536],[10.79145,59.74551],[10.79138,59.74561],[10.79142,59.74562],[10.79145,59.74595],[10.7914,59.74599],[10.79144,59.74601],[10.7914,59.74602],[10.7914,59.74628],[10.79133,59.74636],[10.79112,59.74642],[10.7909,59.74667],[10.79067,59.74675],[10.79071,59.74683],[10.79059,59.74687],[10.79016,59.74685],[10.79016,59.74681],[10.79036,59.74677],[10.79037,59.7467],[10.79004,59.7466],[10.79011,59.74645],[10.79,59.74649],[10.78982,59.74643],[10.78991,59.74641],[10.78905,59.74636],[10.78869,59.74628],[10.78867,59.74621],[10.78875,59.74608],[10.78852,59.74606],[10.78842,59.74609],[10.78839,59.74605],[10.7882,59.74604],[10.78829,59.74611],[10.78813,59.74616],[10.78793,59.7461],[10.78791,59.74602],[10.78775,59.74598],[10.78766,59.74586],[10.78781,59.74582],[10.78787,59.7459],[10.78803,59.74595],[10.7881,59.7459],[10.78802,59.74576],[10.78789,59.74566],[10.78802,59.74564],[10.78794,59.7456],[10.78794,59.74547],[10.7881,59.74551],[10.78818,59.74543],[10.78822,59.74539],[10.78818,59.74531],[10.78825,59.74526],[10.78824,59.74521],[10.78799,59.74509],[10.78793,59.74501],[10.78794,59.74495],[10.78778,59.74494],[10.7876,59.74486],[10.78906,59.74516],[10.78962,59.74535],[10.78992,59.74531],[10.79002,59.74522],[10.79031,59.74525],[10.79036,59.74519],[10.79041,59.74521],[10.7905,59.74517],[10.79044,59.74508],[10.79037,59.74511],[10.79032,59.74502],[10.79012,59.74498],[10.79001,59.74504],[10.79009,59.74481],[10.78999,59.74456],[10.78973,59.74466],[10.78972,59.74478],[10.78992,59.7449],[10.78982,59.74502],[10.78984,59.74508],[10.7897,59.74516],[10.78954,59.74516],[10.7896,59.74522],[10.78949,59.74526],[10.78767,59.74479],[10.78756,59.74474],[10.78761,59.7447],[10.78754,59.74466],[10.78745,59.74472],[10.78727,59.7447],[10.7877,59.74444],[10.7878,59.74449],[10.78773,59.74461],[10.78775,59.74473],[10.78786,59.74475],[10.78791,59.74472],[10.78791,59.74464],[10.78795,59.74464],[10.78793,59.74468],[10.788,59.7447],[10.78801,59.74475],[10.78795,59.74479],[10.78803,59.74483],[10.78824,59.74483],[10.78822,59.74479],[10.78827,59.74475],[10.78805,59.74463]],[[10.7914,59.74493],[10.79141,59.74492],[10.79141,59.74493],[10.7914,59.74493]],[[10.78742,59.74774],[10.78751,59.74771],[10.78752,59.74773],[10.78742,59.74774]],[[10.79222,59.74764],[10.7922,59.74765],[10.7922,59.74764],[10.79222,59.74764]],[[10.79157,59.74759],[10.79163,59.74758],[10.79165,59.7476],[10.79157,59.74759]],[[10.79179,59.74755],[10.79175,59.74753],[10.7918,59.7475],[10.79179,59.74755]],[[10.78688,59.74726],[10.78689,59.74725],[10.78689,59.74726],[10.78688,59.74726]],[[10.78689,59.74725],[10.78691,59.74724],[10.78691,59.74725],[10.78689,59.74725]],[[10.78838,59.74714],[10.78815,59.74709],[10.78816,59.74701],[10.78828,59.74699],[10.78827,59.74705],[10.78834,59.74706],[10.78832,59.747],[10.78844,59.74697],[10.78843,59.74704],[10.78838,59.74704],[10.78838,59.74714]],[[10.7897,59.74643],[10.78966,59.74645],[10.78966,59.74643],[10.7897,59.74643]],[[10.79151,59.74639],[10.79149,59.7464],[10.79149,59.74639],[10.79151,59.74639]],[[10.7915,59.74616],[10.79146,59.74613],[10.79151,59.74614],[10.7915,59.74616]],[[10.79153,59.74615],[10.79152,59.74616],[10.79151,59.74615],[10.79153,59.74615]],[[10.79149,59.74604],[10.79153,59.74605],[10.79149,59.74606],[10.79149,59.74604]],[[10.7915,59.74584],[10.79155,59.74584],[10.79155,59.74589],[10.79152,59.74589],[10.7915,59.74584]],[[10.78757,59.74586],[10.78755,59.74587],[10.78755,59.74586],[10.78757,59.74586]],[[10.79153,59.7458],[10.79151,59.74582],[10.79151,59.7458],[10.79153,59.7458]],[[10.79149,59.74573],[10.79155,59.74577],[10.79149,59.74577],[10.79149,59.74573]],[[10.79151,59.7454],[10.79155,59.74539],[10.79155,59.74541],[10.79151,59.7454]],[[10.7879,59.74542],[10.78788,59.74545],[10.78788,59.74542],[10.7879,59.74542]],[[10.79147,59.74535],[10.79151,59.74536],[10.79151,59.74537],[10.79147,59.74537],[10.79147,59.74535]],[[10.79149,59.74527],[10.79145,59.74519],[10.7915,59.7452],[10.79149,59.74527]],[[10.79037,59.74512],[10.79043,59.74513],[10.79043,59.74516],[10.79039,59.74516],[10.79037,59.74512]],[[10.79145,59.74497],[10.79143,59.74498],[10.79143,59.74497],[10.79145,59.74497]],[[10.78748,59.74487],[10.78731,59.7448],[10.78757,59.74486],[10.78748,59.74487]],[[10.78792,59.7445],[10.78797,59.74449],[10.78801,59.74454],[10.78794,59.74454],[10.78792,59.7445]],[[10.78733,59.74447],[10.7874,59.74446],[10.78744,59.7445],[10.78733,59.74451],[10.78733,59.74447]],[[10.78722,59.74447],[10.78678,59.7444],[10.78667,59.74433],[10.78666,59.74428],[10.78699,59.74431],[10.78696,59.74442],[10.78711,59.74435],[10.78722,59.74447]],[[10.78655,59.7441],[10.78665,59.74411],[10.78669,59.74415],[10.78657,59.74419],[10.78655,59.7441]],[[10.78645,59.74402],[10.78654,59.74404],[10.78654,59.74406],[10.78649,59.74407],[10.78645,59.74402]],[[10.78645,59.74401],[10.78642,59.74401],[10.78641,59.74396],[10.78645,59.74396],[10.78645,59.74401]],[[10.78606,59.74394],[10.78591,59.74392],[10.78595,59.74385],[10.78613,59.7439],[10.78606,59.74394]],[[10.78621,59.74374],[10.78615,59.74375],[10.78615,59.74374],[10.78621,59.74374]]],[[[10.78955,59.74741],[10.78953,59.74737],[10.78946,59.74739],[10.78946,59.74742],[10.78955,59.74741]]],[[[10.79199,59.74797],[10.79197,59.74798],[10.79199,59.74798],[10.79199,59.74797]]]]},"properties":{"a":79998,"v":-934957,"dh":11.69,"pl":1,"pn":"Reguleringsplan for Pukkverk ved Vinterbro","pd":"2010-10-24","c":197}},{"type":"Feature","geometry":{"type":"Polygon","coordinates":[[[10.79199,59.74678],[10.79199,59.74672],[10.79213,59.74671],[10.79174,59.74644],[10.79187,59.74606],[10.79192,59.74604],[10.79191,59.74596],[10.79203,59.74587],[10.79198,59.74556],[10.79206,59.74542],[10.79189,59.7452],[10.79192,59.745],[10.79183,59.74498],[10.79182,59.7449],[10.79173,59.74483],[10.79168,59.7449],[10.79176,59.745],[10.79178,59.74518],[10.79173,59.7452],[10.79177,59.74536],[10.79173,59.74547],[10.79189,59.74557],[10.79192,59.74568],[10.79178,59.74577],[10.79184,59.74587],[10.79183,59.74601],[10.79173,59.74614],[10.79167,59.74645],[10.7917,59.7466],[10.79161,59.74666],[10.79167,59.74671],[10.79162,59.74678],[10.79199,59.74678]],[[10.79199,59.74576],[10.79201,59.74575],[10.79201,59.74576],[10.79199,59.74576]],[[10.79192,59.74573],[10.79194,59.74575],[10.79192,59.74575],[10.79192,59.74573]],[[10.79192,59.74573],[10.7919,59.74572],[10.79192,59.74572],[10.79192,59.74573]]]},"properties":{"a":2043,"v":-4555,"dh":2.23,"pl":1,"pn":"Reguleringsplan for Pukkverk ved Vinterbro","pd":"2010-10-24","c":197}},{"type":"Feature","geometry":{"type":"Polygon","coordinates":[[[10.79159,59.74628],[10.7917,59.74597],[10.79162,59.74546],[10.79159,59.74557],[10.79167,59.74601],[10.79157,59.74621],[10.79159,59.74628]]]},"properties":{"a":162,"v":141,"dh":0.87,"pl":1,"pn":"Reguleringsplan for Pukkverk ved Vinterbro","pd":"2010-10-24","sh":1,"c":197}},{"type":"Feature","geometry":{"type":"Polygon","coordinates":[[[10.78978,59.74642],[10.79007,59.7464],[10.7901,59.74633],[10.79024,59.74626],[10.7904,59.74632],[10.7905,59.74613],[10.79044,59.74607],[10.79035,59.74607],[10.79033,59.74598],[10.78999,59.74597],[10.79001,59.74588],[10.78988,59.74578],[10.78904,59.74574],[10.78893,59.74581],[10.78871,59.74565],[10.78826,59.74556],[10.78821,59.74557],[10.78823,59.74561],[10.78798,59.7457],[10.78812,59.74587],[10.78811,59.74595],[10.78822,59.74603],[10.78877,59.74607],[10.78894,59.74602],[10.78894,59.74596],[10.78909,59.746],[10.78876,59.74613],[10.78873,59.74629],[10.78978,59.74642]]]},"properties":{"a":7418,"v":37001,"dh":4.99,"pl":1,"pn":"Reguleringsplan for Pukkverk ved Vinterbro","pd":"2010-10-24","c":197}},{"type":"Feature","geometry":{"type":"MultiPolygon","coordinates":[[[[10.79125,59.74587],[10.79123,59.74588],[10.79125,59.74588],[10.79125,59.74587]]],[[[10.79125,59.74588],[10.79121,59.74618],[10.79107,59.7464],[10.79127,59.74618],[10.79131,59.74599],[10.79129,59.74589],[10.79125,59.74588]]]]},"properties":{"a":151,"v":155,"dh":1.03,"pl":1,"pn":"Reguleringsplan for Pukkverk ved Vinterbro","pd":"2010-10-24","c":197}},{"type":"Feature","geometry":{"type":"Polygon","coordinates":[[[10.7807,59.74592],[10.78073,59.74586],[10.7806,59.74575],[10.78048,59.74576],[10.78059,59.7459],[10.7807,59.74592]]]},"properties":{"a":146,"v":249,"dh":1.71,"pl":1,"pn":"Endret reguleringsplan for del av Tusenfryd-parken","pd":"1994-12-14","fo":1,"c":259}},{"type":"Feature","geometry":{"type":"Polygon","coordinates":[[[10.78089,59.74691],[10.78096,59.74678],[10.78082,59.74646],[10.78065,59.74633],[10.78043,59.74627],[10.7804,59.74621],[10.78054,59.74619],[10.78076,59.74631],[10.78101,59.74634],[10.78105,59.74618],[10.78069,59.74608],[10.78049,59.74592],[10.78022,59.7459],[10.78005,59.74568],[10.77976,59.7457],[10.77971,59.74577],[10.77923,59.74603],[10.77915,59.74616],[10.77904,59.7462],[10.77904,59.74624],[10.77935,59.74638],[10.78006,59.74661],[10.78017,59.74668],[10.78027,59.74687],[10.78039,59.74687],[10.78041,59.74673],[10.78065,59.74664],[10.78089,59.74691]],[[10.78056,59.74654],[10.78057,59.74656],[10.78056,59.74656],[10.78056,59.74654]],[[10.78056,59.74654],[10.78054,59.74653],[10.78055,59.74653],[10.78056,59.74654]],[[10.78054,59.74652],[10.78043,59.74649],[10.78043,59.74647],[10.78054,59.74652]]]},"properties":{"a":7540,"v":21179,"dh":2.81,"pl":1,"pn":"Reguleringsplan for del av Tusenfryd-parken","pd":"1999-09-13","c":259}},{"type":"Feature","geometry":{"type":"Polygon","coordinates":[[[10.78245,59.74674],[10.78236,59.74663],[10.78237,59.74649],[10.78223,59.74652],[10.78229,59.74669],[10.78245,59.74674]]]},"properties":{"a":151,"v":147,"dh":0.98,"pl":1,"pn":"Reguleringsplan for E18 Retvet-Vinterbro","pd":"2016-10-12","sh":1,"c":133}},{"type":"Feature","geometry":{"type":"Polygon","coordinates":[[[10.78242,59.74712],[10.78247,59.74709],[10.78244,59.74689],[10.78239,59.74682],[10.78244,59.7468],[10.78242,59.74676],[10.78231,59.7468],[10.78237,59.74693],[10.78234,59.74704],[10.78242,59.74712]]]},"properties":{"a":178,"v":154,"dh":0.86,"pl":1,"pn":"Reguleringsplan for E18 Retvet-Vinterbro","pd":"2016-10-12","sh":1,"c":133}},{"type":"Feature","geometry":{"type":"Polygon","coordinates":[[[10.77864,59.74868],[10.77856,59.74851],[10.77834,59.74844],[10.7784,59.74852],[10.77851,59.74851],[10.77855,59.74866],[10.77864,59.74868]]]},"properties":{"a":105,"v":124,"dh":1.18,"pl":1,"pn":"Reguleringsplan for fritidspark ved Vinterbru","pd":"1987-01-28","sl":1,"c":263}},{"type":"Feature","geometry":{"type":"Polygon","coordinates":[[[10.7827,59.74872],[10.78276,59.74856],[10.78265,59.7485],[10.7826,59.74857],[10.78261,59.74869],[10.7827,59.74872]]]},"properties":{"a":151,"v":210,"dh":1.39,"pl":1,"pn":"Reguleringsplan for E18 Retvet-Vinterbro","pd":"2016-10-12","c":133}},{"type":"Feature","geometry":{"type":"Polygon","coordinates":[[[10.77838,59.74978],[10.77843,59.74968],[10.77826,59.74965],[10.77821,59.74969],[10.77823,59.74974],[10.77838,59.74978]]]},"properties":{"a":124,"v":-116,"dh":0.94,"pl":1,"pn":"Reguleringsplan for fritidspark ved Vinterbru","pd":"1987-01-28","sh":1,"c":263}},{"type":"Feature","geometry":{"type":"Polygon","coordinates":[[[10.78276,59.75186],[10.7834,59.75186],[10.78342,59.75182],[10.78276,59.75186]]]},"properties":{"a":185,"v":-215,"dh":1.16,"pl":1,"pn":"Del av Gamle Mossevei og området mellom Gamle Mossevei og E6/E18","pd":"1988-01-27","c":133}},{"type":"Feature","geometry":{"type":"Polygon","coordinates":[[[10.78282,59.75197],[10.78339,59.75192],[10.78342,59.75188],[10.78282,59.75192],[10.78282,59.75197]]]},"properties":{"a":175,"v":-177,"dh":1.01,"pl":1,"pn":"Del av Gamle Mossevei og området mellom Gamle Mossevei og E6/E18","pd":"1988-01-27","c":133}},{"type":"Feature","geometry":{"type":"Polygon","coordinates":[[[10.79046,59.74645],[10.79048,59.7464],[10.79075,59.74643],[10.79094,59.74635],[10.79105,59.74635],[10.79118,59.74617],[10.79123,59.74591],[10.79116,59.7459],[10.7911,59.74596],[10.79061,59.74597],[10.79058,59.74589],[10.79042,59.74593],[10.79039,59.74604],[10.79048,59.74604],[10.79052,59.74617],[10.79044,59.74638],[10.79026,59.74628],[10.79014,59.74634],[10.79012,59.74641],[10.79043,59.74642],[10.79039,59.74645],[10.79046,59.74645]],[[10.79039,59.74641],[10.79044,59.74639],[10.79044,59.74641],[10.79039,59.74641]],[[10.79046,59.74603],[10.79048,59.74602],[10.79048,59.74603],[10.79046,59.74603]]]},"properties":{"a":2134,"v":-14238,"dh":6.67,"pl":1,"pn":"Reguleringsplan for Pukkverk ved Vinterbro","pd":"2010-10-24","c":197}},{"type":"Feature","geometry":{"type":"Polygon","coordinates":[[[10.79048,59.74673],[10.79083,59.74671],[10.79107,59.74643],[10.791,59.74647],[10.79097,59.74636],[10.79094,59.74636],[10.79073,59.74646],[10.7902,59.74646],[10.79008,59.74657],[10.79013,59.74663],[10.79048,59.74673]]]},"properties":{"a":1292,"v":8364,"dh":6.47,"pl":1,"pn":"Reguleringsplan for Pukkverk ved Vinterbro","pd":"2010-10-24","c":197}},{"type":"Feature","geometry":{"type":"Polygon","coordinates":[[[10.78568,59.74711],[10.78574,59.74702],[10.78566,59.7469],[10.78565,59.7467],[10.78535,59.74676],[10.78543,59.74692],[10.78565,59.74691],[10.7856,59.74698],[10.78563,59.74701],[10.7856,59.74708],[10.78568,59.74711]]]},"properties":{"a":485,"v":732,"dh":1.51,"pl":1,"pn":"Reguleringsplan for Pukkverk ved Vinterbro","pd":"2010-10-24","fo":1,"c":197}},{"type":"Feature","geometry":{"type":"Polygon","coordinates":[[[10.78579,59.74761],[10.78582,59.74754],[10.78568,59.7475],[10.78554,59.74753],[10.78579,59.74761]]]},"properties":{"a":113,"v":-151,"dh":1.33,"pl":1,"pn":"Reguleringsplan for Pukkverk ved Vinterbro","pd":"2010-10-24","fo":1,"c":197}},{"type":"Feature","geometry":{"type":"Polygon","coordinates":[[[10.78734,59.74792],[10.78771,59.74787],[10.78719,59.74787],[10.78734,59.74792]]]},"properties":{"a":160,"v":172,"dh":1.08,"pl":1,"pn":"Reguleringsplan for Pukkverk ved Vinterbro","pd":"2010-10-24","fo":1,"c":197}},{"type":"Feature","geometry":{"type":"Polygon","coordinates":[[[10.78883,59.74883],[10.78881,59.74879],[10.78886,59.74876],[10.78883,59.74859],[10.78888,59.74844],[10.78893,59.74841],[10.78879,59.74837],[10.78874,59.7482],[10.78862,59.74818],[10.78832,59.74832],[10.78826,59.74857],[10.78839,59.74864],[10.7884,59.74877],[10.78849,59.74879],[10.78859,59.74868],[10.78871,59.74866],[10.78873,59.7487],[10.78867,59.74882],[10.78883,59.74883]],[[10.78874,59.7488],[10.78876,59.74879],[10.78876,59.7488],[10.78874,59.7488]]]},"properties":{"a":1673,"v":-2933,"dh":1.75,"pl":1,"pn":"Reguleringsplan for Pukkverk ved Vinterbro","pd":"2010-10-24","fo":1,"c":197}},{"type":"Feature","geometry":{"type":"MultiPolygon","coordinates":[[[[10.78962,59.74774],[10.78954,59.74757],[10.78992,59.74733],[10.78978,59.74739],[10.78962,59.74738],[10.7895,59.74748],[10.78951,59.74753],[10.78939,59.74761],[10.78949,59.74764],[10.78952,59.74773],[10.78962,59.74774]]],[[[10.78971,59.74832],[10.78973,59.74833],[10.78973,59.74832],[10.78971,59.74832]]],[[[10.78966,59.74834],[10.78969,59.74837],[10.78971,59.74833],[10.78966,59.74834]]],[[[10.79196,59.74854],[10.79189,59.74853],[10.79196,59.74855],[10.79196,59.74854]]],[[[10.78922,59.74882],[10.78908,59.74882],[10.7893,59.74871],[10.78939,59.74875],[10.78924,59.7489],[10.78926,59.74897],[10.78914,59.74904],[10.78908,59.74914],[10.78915,59.74921],[10.78967,59.7493],[10.78999,59.74923],[10.79061,59.74929],[10.79107,59.74917],[10.79106,59.74903],[10.79132,59.74877],[10.79181,59.74871],[10.79206,59.74861],[10.79225,59.74862],[10.79232,59.74854],[10.79253,59.7485],[10.79284,59.74834],[10.7929,59.7485],[10.79264,59.74854],[10.793,59.74862],[10.79308,59.74872],[10.79303,59.74877],[10.79306,59.74881],[10.79297,59.74882],[10.79303,59.74887],[10.79292,59.74904],[10.79295,59.7491],[10.79292,59.74921],[10.79279,59.74935],[10.79278,59.74943],[10.79264,59.74951],[10.79271,59.74955],[10.79268,59.74966],[10.79232,59.74981],[10.79228,59.74987],[10.79218,59.75019],[10.79227,59.75023],[10.79241,59.74999],[10.79286,59.74972],[10.79287,59.74953],[10.7931,59.74944],[10.79297,59.74943],[10.79315,59.74937],[10.7932,59.74931],[10.79309,59.74928],[10.79326,59.74912],[10.79325,59.74902],[10.7934,59.74879],[10.79335,59.74856],[10.7934,59.74851],[10.79331,59.74849],[10.79311,59.74828],[10.79304,59.74812],[10.79292,59.74806],[10.79289,59.74794],[10.79317,59.74777],[10.79318,59.74769],[10.79343,59.74766],[10.79346,59.74758],[10.79362,59.74751],[10.79326,59.74749],[10.79326,59.74756],[10.79311,59.74767],[10.79286,59.74773],[10.79271,59.74787],[10.79272,59.74804],[10.79265,59.74805],[10.79271,59.74814],[10.79264,59.74817],[10.79259,59.74832],[10.79247,59.74836],[10.79249,59.74838],[10.79231,59.74842],[10.7923,59.74845],[10.79188,59.74858],[10.79184,59.74863],[10.79161,59.74863],[10.79131,59.74869],[10.79133,59.74871],[10.79089,59.74869],[10.79076,59.74865],[10.7907,59.74853],[10.79045,59.74846],[10.79024,59.7483],[10.79004,59.74823],[10.79007,59.74834],[10.79001,59.74835],[10.79016,59.74847],[10.79015,59.74852],[10.7902,59.74858],[10.78999,59.74854],[10.78983,59.74859],[10.7898,59.74865],[10.78954,59.74856],[10.78956,59.74862],[10.78941,59.74869],[10.78937,59.74863],[10.78944,59.7486],[10.7893,59.74867],[10.78924,59.74862],[10.78931,59.74857],[10.78931,59.74852],[10.7894,59.74849],[10.78936,59.74845],[10.78964,59.74839],[10.78959,59.74837],[10.78972,59.74828],[10.78972,59.74821],[10.78979,59.74823],[10.78979,59.74816],[10.78972,59.74815],[10.78979,59.7481],[10.78972,59.74795],[10.78965,59.7479],[10.78934,59.7478],[10.78945,59.74776],[10.78943,59.74772],[10.78948,59.74768],[10.78921,59.74771],[10.78916,59.74767],[10.78926,59.74762],[10.78914,59.74761],[10.7891,59.74766],[10.78901,59.7476],[10.78899,59.74756],[10.78908,59.74749],[10.78856,59.74742],[10.78858,59.74748],[10.78887,59.74757],[10.78882,59.7476],[10.7886,59.74751],[10.78763,59.74743],[10.78815,59.7475],[10.78826,59.74756],[10.78875,59.74766],[10.7889,59.74779],[10.78888,59.74786],[10.78872,59.74784],[10.78865,59.74789],[10.78873,59.74795],[10.78913,59.74789],[10.78917,59.74795],[10.78882,59.74795],[10.78868,59.74802],[10.78868,59.74799],[10.78852,59.74799],[10.7886,59.74789],[10.78828,59.74788],[10.7883,59.74794],[10.78825,59.74794],[10.78825,59.74797],[10.78832,59.74802],[10.7882,59.74806],[10.78813,59.74799],[10.78793,59.74807],[10.78759,59.74805],[10.78761,59.74799],[10.78747,59.748],[10.78752,59.74805],[10.78725,59.74801],[10.78715,59.74806],[10.78722,59.74809],[10.78705,59.74815],[10.78696,59.74808],[10.78706,59.74806],[10.78699,59.74803],[10.78706,59.748],[10.78702,59.74798],[10.78705,59.74791],[10.78684,59.7479],[10.78664,59.7478],[10.78665,59.7477],[10.78677,59.74765],[10.78677,59.74757],[10.78687,59.74753],[10.78688,59.74735],[10.78653,59.74746],[10.78645,59.74735],[10.78611,59.74728],[10.78596,59.74715],[10.78584,59.74717],[10.78574,59.74732],[10.78573,59.74747],[10.78594,59.74748],[10.78586,59.74755],[10.78584,59.74762],[10.78574,59.74765],[10.78581,59.74767],[10.78583,59.74776],[10.78596,59.74774],[10.78596,59.74783],[10.78602,59.74788],[10.78637,59.74779],[10.78638,59.74795],[10.78617,59.748],[10.78609,59.74813],[10.78619,59.74833],[10.78598,59.74844],[10.78612,59.74842],[10.78612,59.74847],[10.786,59.7485],[10.78611,59.7485],[10.78621,59.74875],[10.78646,59.74889],[10.78649,59.74909],[10.7866,59.74915],[10.78663,59.74924],[10.78698,59.74923],[10.78707,59.74928],[10.78889,59.7493],[10.78897,59.74912],[10.78917,59.74896],[10.78922,59.74882]],[[10.79299,59.74941],[10.79297,59.74942],[10.79297,59.74941],[10.79299,59.74941]],[[10.79013,59.74829],[10.79012,59.74831],[10.79012,59.74829],[10.79013,59.74829]],[[10.78954,59.74841],[10.78955,59.7484],[10.78955,59.74841],[10.78954,59.74841]],[[10.79304,59.74935],[10.79307,59.74936],[10.79302,59.74936],[10.79304,59.74935]],[[10.78869,59.74893],[10.78863,59.74879],[10.7887,59.74868],[10.78861,59.74869],[10.78858,59.74878],[10.78829,59.74882],[10.78836,59.74874],[10.78835,59.74862],[10.78819,59.74856],[10.78828,59.74851],[10.78826,59.74846],[10.78819,59.74845],[10.78821,59.74832],[10.78834,59.7483],[10.78858,59.74818],[10.78863,59.74812],[10.78854,59.74807],[10.78863,59.74804],[10.78872,59.74806],[10.78865,59.74816],[10.78888,59.74823],[10.78894,59.74831],[10.78913,59.7484],[10.78902,59.7485],[10.78905,59.74865],[10.78896,59.74867],[10.78886,59.74878],[10.78897,59.74886],[10.78896,59.74892],[10.78869,59.74893]],[[10.78906,59.74882],[10.78904,59.74881],[10.78906,59.74881],[10.78906,59.74882]],[[10.79069,59.74872],[10.79074,59.74871],[10.79075,59.74873],[10.79069,59.74872]],[[10.78926,59.74866],[10.78925,59.7487],[10.78921,59.74871],[10.78923,59.74867],[10.78926,59.74866]],[[10.79067,59.74868],[10.79065,59.74866],[10.79069,59.74868],[10.79067,59.74868]],[[10.79065,59.74866],[10.79063,59.74865],[10.79065,59.74865],[10.79065,59.74866]],[[10.78923,59.74866],[10.78921,59.74865],[10.78923,59.74865],[10.78923,59.74866]],[[10.79044,59.74863],[10.79027,59.74858],[10.7904,59.74859],[10.79044,59.74863]],[[10.79268,59.74834],[10.79277,59.74835],[10.79267,59.74837],[10.79268,59.74834]],[[10.7882,59.74815],[10.78817,59.74814],[10.7882,59.74814],[10.7882,59.74815]],[[10.78747,59.74815],[10.78754,59.74808],[10.78755,59.74814],[10.78747,59.74815]],[[10.78781,59.74812],[10.78786,59.74809],[10.78795,59.7481],[10.78794,59.74814],[10.78781,59.74812]]],[[[10.78925,59.74881],[10.78922,59.7488],[10.78922,59.74882],[10.78925,59.74881]]]]},"properties":{"a":42346,"v":149683,"dh":3.53,"pl":1,"pn":"Reguleringsplan for Pukkverk ved Vinterbro","pd":"2010-10-24","c":197}},{"type":"Feature","geometry":{"type":"Polygon","coordinates":[[[10.792,59.75062],[10.79209,59.7506],[10.79216,59.75049],[10.7921,59.75047],[10.79205,59.75058],[10.79198,59.75058],[10.7919,59.75067],[10.79174,59.75068],[10.79141,59.7508],[10.79138,59.75087],[10.79078,59.7511],[10.79054,59.75128],[10.79049,59.75119],[10.79045,59.75123],[10.79055,59.75131],[10.7908,59.75115],[10.79187,59.75076],[10.79202,59.75068],[10.792,59.75062]]]},"properties":{"a":845,"v":931,"dh":1.1,"pl":0,"fo":1,"c":264}},{"type":"Feature","geometry":{"type":"Polygon","coordinates":[[[10.7908,59.75245],[10.79107,59.75238],[10.79113,59.75234],[10.79113,59.75229],[10.79064,59.75212],[10.79055,59.75213],[10.79065,59.75219],[10.79056,59.75229],[10.79066,59.75241],[10.7908,59.75245]]]},"properties":{"a":666,"v":956,"dh":1.44,"pl":0,"c":265}},{"type":"Feature","geometry":{"type":"MultiPolygon","coordinates":[[[[10.79045,59.75224],[10.79043,59.75225],[10.79045,59.75225],[10.79045,59.75224]]],[[[10.79047,59.75225],[10.79045,59.75226],[10.79047,59.75225],[10.79047,59.75225]]],[[[10.79059,59.75248],[10.79062,59.75242],[10.79055,59.7524],[10.79049,59.75227],[10.79038,59.75223],[10.79038,59.75219],[10.79024,59.7522],[10.79006,59.75231],[10.79007,59.75239],[10.79016,59.75245],[10.79059,59.75248]]]]},"properties":{"a":671,"v":-981,"dh":1.46,"pl":0,"c":265}},{"type":"Feature","geometry":{"type":"MultiPolygon","coordinates":[[[[10.77386,59.74776],[10.77339,59.7477],[10.77352,59.74775],[10.77343,59.74779],[10.77359,59.74782],[10.77363,59.74788],[10.7737,59.74786],[10.77372,59.74789],[10.77376,59.74789],[10.77374,59.74785],[10.77361,59.74781],[10.77368,59.74779],[10.77406,59.74783],[10.77386,59.74776]],[[10.77359,59.74774],[10.77361,59.74775],[10.77359,59.74775],[10.77359,59.74774]]],[[[10.77406,59.74784],[10.77407,59.74783],[10.77406,59.74783],[10.77406,59.74784]]]]},"properties":{"a":256,"v":266,"dh":1.04,"pl":1,"pn":"Reguleringsplan for fritidspark ved Vinterbru","pd":"1987-01-28","sl":1,"c":263}},{"type":"Feature","geometry":{"type":"Polygon","coordinates":[[[10.77668,59.74906],[10.77675,59.749],[10.77648,59.74898],[10.77666,59.74894],[10.7765,59.74885],[10.77618,59.74891],[10.77643,59.74899],[10.77649,59.74905],[10.77668,59.74906]]]},"properties":{"a":337,"v":-393,"dh":1.17,"pl":1,"pn":"Reguleringsplan for fritidspark ved Vinterbru","pd":"1987-01-28","c":266}},{"type":"Feature","geometry":{"type":"MultiPolygon","coordinates":[[[[10.77605,59.7495],[10.77629,59.74959],[10.77616,59.7496],[10.77618,59.74963],[10.77636,59.74963],[10.77634,59.74968],[10.77643,59.74971],[10.7764,59.74973],[10.77654,59.74978],[10.77652,59.74971],[10.77656,59.74971],[10.77667,59.74977],[10.77665,59.7497],[10.77617,59.74951],[10.77598,59.74926],[10.77597,59.74931],[10.77608,59.74942],[10.7759,59.74938],[10.77597,59.74942],[10.77592,59.74948],[10.77601,59.74949],[10.77602,59.74954],[10.77605,59.7495]]],[[[10.77605,59.74956],[10.77603,59.74954],[10.77603,59.74956],[10.77605,59.74956]]],[[[10.77622,59.74969],[10.77633,59.74967],[10.77622,59.74965],[10.77622,59.74969]]],[[[10.77675,59.74988],[10.77663,59.74978],[10.77647,59.74979],[10.77651,59.74983],[10.77662,59.74983],[10.77662,59.74988],[10.77675,59.74988]]]]},"properties":{"a":502,"v":612,"dh":1.22,"pl":1,"pn":"Reguleringsplan for fritidspark ved Vinterbru","pd":"1987-01-28","fo":1,"c":266}},{"type":"Feature","geometry":{"type":"Polygon","coordinates":[[[10.7784,59.75383],[10.77841,59.75379],[10.77812,59.75369],[10.7779,59.75355],[10.77776,59.75353],[10.77801,59.75365],[10.77802,59.7537],[10.77814,59.75371],[10.7784,59.75383]]]},"properties":{"a":150,"v":155,"dh":1.04,"pl":1,"pn":"Fålesloråsen","pd":"2003-11-19","sl":1,"c":268}},{"type":"Feature","geometry":{"type":"MultiPolygon","coordinates":[[[[10.77459,59.75394],[10.7743,59.75382],[10.77398,59.75384],[10.77408,59.75391],[10.77436,59.75391],[10.77409,59.75387],[10.77421,59.75384],[10.77459,59.75394]]],[[[10.7746,59.75396],[10.77461,59.75394],[10.77459,59.75394],[10.7746,59.75396]]]]},"properties":{"a":173,"v":195,"dh":1.13,"pl":1,"pn":"Fålesloråsen","pd":"2003-11-19","sl":1,"c":267}},{"type":"Feature","geometry":{"type":"Polygon","coordinates":[[[10.77717,59.75446],[10.7775,59.75442],[10.77742,59.75426],[10.77721,59.75425],[10.77707,59.75434],[10.77717,59.75446]]]},"properties":{"a":445,"v":-1012,"dh":2.27,"pl":1,"pn":"Fålesloråsen","pd":"2003-11-19","c":268}},{"type":"Feature","geometry":{"type":"MultiPolygon","coordinates":[[[[10.77433,59.7544],[10.77439,59.75438],[10.77433,59.75437],[10.77433,59.7544]]],[[[10.77439,59.75441],[10.77452,59.75447],[10.77511,59.75456],[10.77485,59.75445],[10.77439,59.75441]],[[10.77494,59.7545],[10.77496,59.75452],[10.77487,59.75449],[10.77494,59.7545]],[[10.77496,59.75452],[10.77498,59.75453],[10.77496,59.75453],[10.77496,59.75452]],[[10.77487,59.75449],[10.77484,59.75448],[10.77487,59.75448],[10.77487,59.75449]]]]},"properties":{"a":152,"v":141,"dh":0.93,"pl":1,"pn":"Fålesloråsen","pd":"2003-11-19","sl":1,"c":267}},{"type":"Feature","geometry":{"type":"Polygon","coordinates":[[[10.77861,59.75507],[10.77876,59.75499],[10.77879,59.75489],[10.77879,59.75482],[10.77855,59.75476],[10.77864,59.75465],[10.7786,59.75458],[10.77867,59.75458],[10.77867,59.75454],[10.77854,59.75451],[10.77855,59.75443],[10.77852,59.7544],[10.77816,59.75441],[10.77815,59.75419],[10.77824,59.75418],[10.77825,59.75414],[10.77804,59.75407],[10.77786,59.75408],[10.7779,59.75411],[10.77784,59.75413],[10.77767,59.75412],[10.77774,59.75413],[10.77769,59.75418],[10.77784,59.75434],[10.77804,59.75438],[10.77806,59.7545],[10.77833,59.75451],[10.77833,59.75466],[10.77819,59.75469],[10.7782,59.75476],[10.77843,59.75481],[10.77847,59.75489],[10.77847,59.75481],[10.77852,59.75482],[10.77858,59.7549],[10.77856,59.75495],[10.77864,59.75498],[10.77861,59.75507]]]},"properties":{"a":1923,"v":3559,"dh":1.85,"pl":1,"pn":"Fålesloråsen","pd":"2003-11-19","c":268}},{"type":"Feature","geometry":{"type":"Polygon","coordinates":[[[10.77819,59.75468],[10.7783,59.75463],[10.77827,59.75452],[10.77813,59.75452],[10.77808,59.75456],[10.77808,59.75462],[10.77819,59.75468]]]},"properties":{"a":171,"v":-236,"dh":1.38,"pl":1,"pn":"Fålesloråsen","pd":"2003-11-19","c":268}},{"type":"Feature","geometry":{"type":"Polygon","coordinates":[[[10.77625,59.75521],[10.7765,59.75524],[10.77638,59.75504],[10.77631,59.75507],[10.77633,59.75515],[10.77624,59.75517],[10.77625,59.75521]]]},"properties":{"a":164,"v":194,"dh":1.19,"pl":1,"pn":"Fålesloråsen","pd":"2003-11-19","c":268}},{"type":"Feature","geometry":{"type":"Polygon","coordinates":[[[10.78295,59.7521],[10.78347,59.75206],[10.78346,59.752],[10.78293,59.75204],[10.78295,59.7521]]]},"properties":{"a":211,"v":264,"dh":1.25,"pl":1,"pn":"Del av Gamle Mossevei og området mellom Gamle Mossevei og E6/E18","pd":"1988-01-27","c":133}},{"type":"Feature","geometry":{"type":"Polygon","coordinates":[[[10.78298,59.75223],[10.78345,59.7522],[10.78349,59.75214],[10.78296,59.75219],[10.78298,59.75223]]]},"properties":{"a":204,"v":233,"dh":1.14,"pl":1,"pn":"Del av Gamle Mossevei og området mellom Gamle Mossevei og E6/E18","pd":"1988-01-27","c":133}},{"type":"Feature","geometry":{"type":"Polygon","coordinates":[[[10.78298,59.75235],[10.78344,59.75233],[10.78348,59.7523],[10.78344,59.75225],[10.783,59.75226],[10.78296,59.75227],[10.78298,59.75235]]]},"properties":{"a":228,"v":-268,"dh":1.17,"pl":1,"pn":"Del av Gamle Mossevei og området mellom Gamle Mossevei og E6/E18","pd":"1988-01-27","c":133}},{"type":"Feature","geometry":{"type":"Polygon","coordinates":[[[10.78022,59.75236],[10.78015,59.75229],[10.78018,59.75224],[10.77999,59.75224],[10.78005,59.75238],[10.78034,59.75258],[10.78026,59.75246],[10.78028,59.75236],[10.78031,59.75236],[10.78027,59.75227],[10.78022,59.75236]],[[10.78024,59.75236],[10.78026,59.75239],[10.78024,59.75239],[10.78024,59.75236]]]},"properties":{"a":324,"v":299,"dh":0.92,"pl":1,"pn":"Fålesloråsen","pd":"2003-11-19","sh":1,"c":268}},{"type":"Feature","geometry":{"type":"Polygon","coordinates":[[[10.7785,59.75279],[10.77859,59.75276],[10.7786,59.75265],[10.77842,59.75264],[10.77841,59.75268],[10.7785,59.7527],[10.7785,59.75279]]]},"properties":{"a":120,"v":127,"dh":1.06,"pl":1,"pn":"Fålesloråsen","pd":"2003-11-19","c":268}},{"type":"Feature","geometry":{"type":"Polygon","coordinates":[[[10.77979,59.75294],[10.77984,59.7529],[10.77984,59.75283],[10.77964,59.75283],[10.77968,59.75291],[10.77979,59.75294]]]},"properties":{"a":128,"v":169,"dh":1.32,"pl":1,"pn":"Fålesloråsen","pd":"2003-11-19","c":268}},{"type":"Feature","geometry":{"type":"Polygon","coordinates":[[[10.78409,59.75306],[10.78417,59.75296],[10.78415,59.75289],[10.78418,59.75286],[10.78402,59.75279],[10.784,59.75304],[10.78409,59.75306]]]},"properties":{"a":215,"v":191,"dh":0.89,"pl":1,"pn":"Reguleringsplan med reguleringsbestemmelser for E-6 Vinterbro - Asurtjern","pd":"2004-12-01","sh":1,"c":269}},{"type":"Feature","geometry":{"type":"Polygon","coordinates":[[[10.77899,59.75354],[10.77927,59.75353],[10.77929,59.75348],[10.77911,59.75349],[10.77911,59.75344],[10.77936,59.75347],[10.77923,59.75337],[10.77933,59.75338],[10.77937,59.75329],[10.77895,59.75315],[10.77881,59.75315],[10.77876,59.75329],[10.77878,59.75336],[10.77887,59.75337],[10.77878,59.75339],[10.77879,59.75347],[10.77899,59.75354]],[[10.77886,59.75346],[10.77891,59.75344],[10.77891,59.75346],[10.77886,59.75346]]]},"properties":{"a":1015,"v":1713,"dh":1.69,"pl":1,"pn":"Fålesloråsen","pd":"2003-11-19","c":268}},{"type":"Feature","geometry":{"type":"Polygon","coordinates":[[[10.77964,59.75386],[10.77973,59.75381],[10.7796,59.75364],[10.77938,59.75359],[10.77924,59.75365],[10.77932,59.75371],[10.77925,59.75375],[10.77964,59.75386]]]},"properties":{"a":488,"v":692,"dh":1.42,"pl":1,"pn":"Fålesloråsen","pd":"2003-11-19","c":268}},{"type":"Feature","geometry":{"type":"Polygon","coordinates":[[[10.78419,59.75401],[10.78429,59.75389],[10.78425,59.75385],[10.78432,59.75376],[10.7843,59.75372],[10.78437,59.75372],[10.78432,59.75369],[10.78448,59.75369],[10.78433,59.75366],[10.78438,59.75361],[10.78428,59.75362],[10.78422,59.75391],[10.78416,59.75399],[10.78419,59.75401]]]},"properties":{"a":165,"v":272,"dh":1.65,"pl":0,"sl":1,"c":270}},{"type":"Feature","geometry":{"type":"Polygon","coordinates":[[[10.7762,59.75528],[10.77628,59.75526],[10.77619,59.7552],[10.7762,59.75508],[10.77587,59.75512],[10.77587,59.75517],[10.77598,59.75525],[10.77605,59.75524],[10.77603,59.75519],[10.77616,59.75519],[10.7762,59.75528]]]},"properties":{"a":276,"v":-327,"dh":1.19,"pl":1,"pn":"Fålesloråsen","pd":"2003-11-19","c":268}},{"type":"Feature","geometry":{"type":"Polygon","coordinates":[[[10.77591,59.75558],[10.77596,59.75554],[10.77591,59.75552],[10.7759,59.7554],[10.77613,59.75531],[10.77587,59.75523],[10.7759,59.75536],[10.77574,59.7554],[10.77578,59.75551],[10.77575,59.75555],[10.77591,59.75558]]]},"properties":{"a":301,"v":392,"dh":1.3,"pl":1,"pn":"Fålesloråsen","pd":"2003-11-19","c":268}},{"type":"Feature","geometry":{"type":"MultiPolygon","coordinates":[[[[10.77657,59.75534],[10.77656,59.75536],[10.77657,59.75536],[10.77657,59.75534]]],[[[10.77656,59.75538],[10.7764,59.75545],[10.77641,59.75554],[10.77653,59.75557],[10.77664,59.75567],[10.77661,59.75572],[10.77677,59.75569],[10.77679,59.75565],[10.77669,59.75551],[10.77649,59.75553],[10.77644,59.75549],[10.77661,59.7554],[10.77656,59.75538]]]]},"properties":{"a":298,"v":441,"dh":1.48,"pl":1,"pn":"Fålesloråsen","pd":"2003-11-19","c":268}},{"type":"Feature","geometry":{"type":"Polygon","coordinates":[[[10.77815,59.75587],[10.77816,59.75597],[10.77837,59.75596],[10.77844,59.75591],[10.77853,59.75569],[10.77836,59.75578],[10.77825,59.75578],[10.77823,59.75572],[10.77814,59.7557],[10.77795,59.75573],[10.77806,59.75578],[10.77806,59.75585],[10.77799,59.75587],[10.77801,59.75591],[10.77812,59.75593],[10.7781,59.75589],[10.77815,59.75587]],[[10.77811,59.75587],[10.7781,59.75586],[10.77811,59.75586],[10.77811,59.75587]]]},"properties":{"a":560,"v":962,"dh":1.72,"pl":1,"pn":"Fålesloråsen","pd":"2003-11-19","c":268}},{"type":"Feature","geometry":{"type":"Polygon","coordinates":[[[10.77743,59.75646],[10.77754,59.75641],[10.77747,59.7564],[10.77755,59.75636],[10.77763,59.75639],[10.7777,59.75637],[10.77735,59.75628],[10.77745,59.75641],[10.77743,59.75646]]]},"properties":{"a":144,"v":148,"dh":1.03,"pl":1,"pn":"Fålesloråsen","pd":"2003-11-19","c":268}},{"type":"Feature","geometry":{"type":"Polygon","coordinates":[[[10.77824,59.75663],[10.77835,59.75659],[10.77836,59.75653],[10.77816,59.75648],[10.77806,59.75654],[10.77806,59.7566],[10.77824,59.75663]]]},"properties":{"a":212,"v":-385,"dh":1.82,"pl":1,"pn":"Fålesloråsen","pd":"2003-11-19","c":268}},{"type":"Feature","geometry":{"type":"Polygon","coordinates":[[[10.77428,59.7567],[10.77447,59.75668],[10.77452,59.75662],[10.77425,59.75659],[10.77428,59.7567]]]},"properties":{"a":153,"v":208,"dh":1.36,"pl":1,"pn":"Fålesloråsen","pd":"2003-11-19","sl":1,"c":268}},{"type":"Feature","geometry":{"type":"Polygon","coordinates":[[[10.77783,59.75679],[10.7781,59.75667],[10.77801,59.75665],[10.77801,59.75653],[10.77788,59.75645],[10.77765,59.75647],[10.77769,59.75665],[10.77753,59.75661],[10.77756,59.75654],[10.77749,59.75654],[10.77753,59.75668],[10.77763,59.75677],[10.77783,59.75679]]]},"properties":{"a":733,"v":1356,"dh":1.85,"pl":1,"pn":"Fålesloråsen","pd":"2003-11-19","c":268}},{"type":"Feature","geometry":{"type":"Polygon","coordinates":[[[10.77829,59.75713],[10.77852,59.7571],[10.77883,59.75698],[10.7785,59.75703],[10.77819,59.75703],[10.77811,59.75708],[10.77829,59.75713]]]},"properties":{"a":271,"v":396,"dh":1.46,"pl":1,"pn":"Fålesloråsen","pd":"2003-11-19","c":268}},{"type":"Feature","geometry":{"type":"Polygon","coordinates":[[[10.77643,59.75805],[10.77708,59.75816],[10.77756,59.75818],[10.77834,59.75808],[10.77756,59.75815],[10.77731,59.75813],[10.77709,59.75805],[10.77691,59.75808],[10.7768,59.75802],[10.77675,59.75805],[10.77681,59.75807],[10.77675,59.75807],[10.77639,59.75792],[10.77619,59.75793],[10.77634,59.75796],[10.77636,59.75802],[10.77643,59.75805]],[[10.77647,59.75803],[10.77641,59.75801],[10.77646,59.758],[10.77647,59.75803]],[[10.7765,59.75802],[10.77652,59.75801],[10.77652,59.75802],[10.7765,59.75802]]]},"properties":{"a":627,"v":-1042,"dh":1.66,"pl":1,"pn":"Fålesloråsen","pd":"2003-11-19","fo":1,"c":271}},{"type":"Feature","geometry":{"type":"Polygon","coordinates":[[[10.78992,59.75297],[10.78972,59.75291],[10.78975,59.75284],[10.78972,59.75282],[10.78967,59.75254],[10.78964,59.75232],[10.78976,59.75227],[10.78979,59.75243],[10.78985,59.75256],[10.78988,59.75254],[10.78987,59.75233],[10.78978,59.75223],[10.78981,59.75215],[10.78945,59.7522],[10.78947,59.75224],[10.78939,59.75228],[10.78949,59.75226],[10.78958,59.75232],[10.78967,59.75291],[10.78992,59.75297]]]},"properties":{"a":640,"v":-593,"dh":0.93,"pl":0,"c":265}},{"type":"Feature","geometry":{"type":"Polygon","coordinates":[[[10.78942,59.7529],[10.78947,59.75287],[10.78947,59.75277],[10.78954,59.75274],[10.78953,59.7527],[10.78948,59.75268],[10.78941,59.75236],[10.78932,59.75232],[10.7894,59.75262],[10.78937,59.75266],[10.7894,59.75281],[10.78933,59.75286],[10.78942,59.7529]]]},"properties":{"a":323,"v":-311,"dh":0.96,"pl":0,"sh":1,"c":265}},{"type":"Feature","geometry":{"type":"Polygon","coordinates":[[[10.79078,59.753],[10.79106,59.75286],[10.79105,59.75279],[10.79112,59.75276],[10.79106,59.7527],[10.79121,59.75273],[10.79125,59.75255],[10.79102,59.75251],[10.791,59.75256],[10.79081,59.75258],[10.79081,59.75269],[10.79065,59.75267],[10.79076,59.75261],[10.79072,59.75259],[10.79051,59.75268],[10.79048,59.75278],[10.79059,59.75285],[10.79062,59.75296],[10.79078,59.753]],[[10.79093,59.75283],[10.791,59.75277],[10.79104,59.75282],[10.79093,59.75283]],[[10.79079,59.75281],[10.79084,59.75279],[10.79084,59.75281],[10.79079,59.75281]]]},"properties":{"a":1235,"v":1840,"dh":1.49,"pl":0,"c":265}},{"type":"Feature","geometry":{"type":"Polygon","coordinates":[[[10.79107,59.75309],[10.79112,59.75305],[10.79115,59.75289],[10.79106,59.75288],[10.79102,59.75293],[10.79108,59.75296],[10.79105,59.75305],[10.79094,59.75306],[10.7906,59.75302],[10.79055,59.75298],[10.79054,59.75283],[10.79048,59.75285],[10.79053,59.75296],[10.79049,59.753],[10.79055,59.75303],[10.79107,59.75309]]]},"properties":{"a":228,"v":-225,"dh":0.98,"pl":0,"sh":1,"c":265}},{"type":"Feature","geometry":{"type":"Polygon","coordinates":[[[10.78782,59.75423],[10.78789,59.7542],[10.78765,59.75412],[10.78759,59.75401],[10.78733,59.75378],[10.78708,59.75369],[10.7869,59.7537],[10.7873,59.75382],[10.78756,59.75408],[10.78758,59.75415],[10.78769,59.75421],[10.78782,59.75423]],[[10.78776,59.75421],[10.78778,59.7542],[10.78778,59.75421],[10.78776,59.75421]],[[10.78771,59.75419],[10.78776,59.75417],[10.78776,59.75419],[10.78771,59.75419]]]},"properties":{"a":388,"v":998,"dh":2.57,"pl":0,"sl":1,"c":272}},{"type":"Feature","geometry":{"type":"MultiPolygon","coordinates":[[[[10.78799,59.75443],[10.78806,59.75442],[10.788,59.75439],[10.78798,59.75428],[10.78792,59.75424],[10.78782,59.75425],[10.78784,59.7543],[10.78791,59.75428],[10.78799,59.75443]]],[[[10.7881,59.75445],[10.78803,59.75446],[10.7881,59.75448],[10.7881,59.75445]]]]},"properties":{"a":105,"v":131,"dh":1.25,"pl":0,"sl":1,"c":272}},{"type":"Feature","geometry":{"type":"Polygon","coordinates":[[[10.79196,59.75585],[10.79196,59.75554],[10.79193,59.75552],[10.79194,59.75534],[10.7919,59.75532],[10.79187,59.75548],[10.79191,59.75549],[10.79193,59.75585],[10.79196,59.75585]]]},"properties":{"a":129,"v":-110,"dh":0.85,"pl":0,"sh":1,"c":273}},{"type":"Feature","geometry":{"type":"Polygon","coordinates":[[[10.79162,59.75836],[10.79165,59.75832],[10.79154,59.75823],[10.79144,59.75804],[10.79137,59.75804],[10.7914,59.75829],[10.79162,59.75836]]]},"properties":{"a":269,"v":285,"dh":1.06,"pl":0,"fo":1,"c":274}},{"type":"Feature","geometry":{"type":"Polygon","coordinates":[[[10.79279,59.76066],[10.79265,59.76045],[10.79244,59.76037],[10.79238,59.76038],[10.7924,59.76043],[10.79262,59.76047],[10.79266,59.76061],[10.79279,59.76066]]]},"properties":{"a":146,"v":264,"dh":1.81,"pl":0,"sl":1,"c":275}},{"type":"Feature","geometry":{"type":"MultiPolygon","coordinates":[[[[10.79267,59.76115],[10.79272,59.7611],[10.79263,59.76101],[10.79258,59.76101],[10.79261,59.76097],[10.79248,59.76086],[10.79255,59.76108],[10.7926,59.76105],[10.79267,59.76115]],[[10.7926,59.76103],[10.79261,59.76104],[10.7926,59.76104],[10.7926,59.76103]]],[[[10.79266,59.76116],[10.79261,59.76125],[10.7927,59.76122],[10.79266,59.76116]]]]},"properties":{"a":141,"v":138,"dh":0.98,"pl":0,"sl":1,"c":275}},{"type":"Feature","geometry":{"type":"Polygon","coordinates":[[[10.77909,59.75447],[10.77925,59.75446],[10.7792,59.75427],[10.77892,59.75425],[10.77905,59.75431],[10.77909,59.75447]]]},"properties":{"a":270,"v":437,"dh":1.62,"pl":1,"pn":"Fålesloråsen","pd":"2003-11-19","c":268}},{"type":"Feature","geometry":{"type":"Polygon","coordinates":[[[10.77944,59.7546],[10.77954,59.7545],[10.7795,59.75442],[10.77957,59.75441],[10.7795,59.75441],[10.77949,59.75429],[10.77937,59.75428],[10.77931,59.75431],[10.77927,59.7545],[10.77936,59.7546],[10.77944,59.7546]]]},"properties":{"a":357,"v":-862,"dh":2.41,"pl":1,"pn":"Fålesloråsen","pd":"2003-11-19","c":268}},{"type":"Feature","geometry":{"type":"Polygon","coordinates":[[[10.77932,59.75478],[10.77926,59.75463],[10.77926,59.75456],[10.77931,59.75454],[10.77913,59.75451],[10.77897,59.75459],[10.77899,59.75464],[10.7791,59.75465],[10.77914,59.75477],[10.77932,59.75478]]]},"properties":{"a":347,"v":626,"dh":1.81,"pl":1,"pn":"Fålesloråsen","pd":"2003-11-19","c":268}},{"type":"Feature","geometry":{"type":"Polygon","coordinates":[[[10.77941,59.75515],[10.77939,59.75511],[10.77951,59.75509],[10.77946,59.75506],[10.77943,59.75485],[10.77961,59.75479],[10.77979,59.75482],[10.77975,59.75479],[10.7798,59.75478],[10.7798,59.75472],[10.77987,59.75465],[10.77984,59.75446],[10.77974,59.75433],[10.77967,59.75433],[10.77957,59.7545],[10.77949,59.75455],[10.77944,59.75464],[10.77946,59.75475],[10.77939,59.75479],[10.7794,59.75485],[10.77899,59.75485],[10.77899,59.75496],[10.77908,59.75497],[10.77903,59.75495],[10.77908,59.75491],[10.7792,59.75493],[10.77928,59.75504],[10.77921,59.7551],[10.7793,59.75512],[10.77929,59.75516],[10.77941,59.75515]],[[10.77963,59.75454],[10.77957,59.7545],[10.77964,59.7545],[10.77963,59.75454]]]},"properties":{"a":1452,"v":2796,"dh":1.93,"pl":1,"pn":"Fålesloråsen","pd":"2003-11-19","c":268}},{"type":"Feature","geometry":{"type":"Polygon","coordinates":[[[10.77878,59.75569],[10.77899,59.75569],[10.77901,59.75561],[10.77893,59.75555],[10.77895,59.75546],[10.77884,59.75544],[10.77884,59.75548],[10.77875,59.75549],[10.77872,59.75562],[10.77878,59.75569]]]},"properties":{"a":340,"v":-490,"dh":1.44,"pl":1,"pn":"Fålesloråsen","pd":"2003-11-19","c":268}},{"type":"Feature","geometry":{"type":"Polygon","coordinates":[[[10.77923,59.75578],[10.77942,59.75573],[10.77942,59.75563],[10.77935,59.7556],[10.77927,59.75548],[10.77907,59.75546],[10.77899,59.75553],[10.77908,59.75565],[10.77903,59.75572],[10.77923,59.75578]]]},"properties":{"a":593,"v":1407,"dh":2.37,"pl":1,"pn":"Fålesloråsen","pd":"2003-11-19","c":268}},{"type":"Feature","geometry":{"type":"Polygon","coordinates":[[[10.78251,59.7558],[10.78266,59.7557],[10.7828,59.75554],[10.78263,59.7555],[10.78241,59.75567],[10.78238,59.75574],[10.78251,59.7558]]]},"properties":{"a":388,"v":694,"dh":1.79,"pl":0,"fo":1,"c":276}},{"type":"Feature","geometry":{"type":"Polygon","coordinates":[[[10.77939,59.75852],[10.77958,59.75835],[10.77974,59.7583],[10.77965,59.75826],[10.77946,59.75837],[10.77934,59.75847],[10.77939,59.75852]]]},"properties":{"a":143,"v":190,"dh":1.33,"pl":0,"c":277}},{"type":"Feature","geometry":{"type":"Polygon","coordinates":[[[10.78336,59.75945],[10.78359,59.75939],[10.78357,59.75932],[10.78369,59.75925],[10.78343,59.75937],[10.78347,59.7594],[10.78336,59.75945]]]},"properties":{"a":105,"v":152,"dh":1.44,"pl":0,"sl":1,"c":278}},{"type":"Feature","geometry":{"type":"MultiPolygon","coordinates":[[[[10.78284,59.75943],[10.78288,59.75944],[10.78288,59.75943],[10.78284,59.75943]]],[[[10.78307,59.7594],[10.78276,59.75949],[10.78281,59.7595],[10.78271,59.75951],[10.78257,59.7596],[10.78334,59.75941],[10.78353,59.75925],[10.78326,59.7593],[10.78328,59.75934],[10.78307,59.75933],[10.78311,59.75938],[10.78307,59.7594]],[[10.78292,59.75946],[10.78293,59.75947],[10.78292,59.75947],[10.78292,59.75946]],[[10.78297,59.75946],[10.78295,59.75945],[10.78297,59.75945],[10.78297,59.75946]],[[10.78297,59.75945],[10.78302,59.75944],[10.78302,59.75945],[10.78297,59.75945]],[[10.78308,59.75944],[10.78309,59.75941],[10.7832,59.7594],[10.78308,59.75944]],[[10.78327,59.75938],[10.78334,59.75936],[10.78332,59.75938],[10.78327,59.75938]]]]},"properties":{"a":472,"v":744,"dh":1.58,"pl":1,"pn":"Reguleringsplan med reguleringsbestemmelser for E-6 Vinterbro - Asurtjern","pd":"2004-12-01","sl":1,"c":279}},{"type":"Feature","geometry":{"type":"MultiPolygon","coordinates":[[[[10.7745,59.75952],[10.77439,59.75951],[10.7743,59.75947],[10.77437,59.75952],[10.7745,59.75952]]],[[[10.77454,59.75955],[10.7745,59.75958],[10.77467,59.75965],[10.7749,59.7597],[10.77492,59.75966],[10.77479,59.75966],[10.77454,59.75955]]]]},"properties":{"a":116,"v":104,"dh":0.9,"pl":0,"sl":1,"c":280}},{"type":"Feature","geometry":{"type":"MultiPolygon","coordinates":[[[[10.77424,59.75961],[10.77416,59.75959],[10.77418,59.75956],[10.77406,59.75956],[10.77417,59.75962],[10.77424,59.75961]],[[10.77411,59.75956],[10.77413,59.75957],[10.77411,59.75957],[10.77411,59.75956]]],[[[10.77447,59.7597],[10.77474,59.75977],[10.77487,59.75983],[10.77478,59.75976],[10.7744,59.75963],[10.77415,59.75963],[10.77449,59.75974],[10.77447,59.7597]],[[10.77445,59.75969],[10.77444,59.75968],[10.77445,59.75968],[10.77445,59.75969]]]]},"properties":{"a":194,"v":206,"dh":1.06,"pl":0,"sl":1,"c":280}},{"type":"Feature","geometry":{"type":"Polygon","coordinates":[[[10.775,59.75987],[10.77568,59.76005],[10.77578,59.76017],[10.77585,59.76019],[10.77576,59.76005],[10.77519,59.75987],[10.77503,59.75987],[10.77492,59.75981],[10.775,59.75987]],[[10.77523,59.75992],[10.77528,59.75992],[10.77525,59.75993],[10.77523,59.75992]]]},"properties":{"a":207,"v":212,"dh":1.02,"pl":0,"sl":1,"c":280}},{"type":"Feature","geometry":{"type":"Polygon","coordinates":[[[10.79106,59.76167],[10.79106,59.7616],[10.79113,59.76156],[10.79109,59.76152],[10.7912,59.76147],[10.79116,59.76142],[10.79123,59.76141],[10.79119,59.76137],[10.79121,59.76115],[10.79116,59.76117],[10.79112,59.76146],[10.79104,59.76153],[10.79108,59.76158],[10.79099,59.76158],[10.79106,59.76167]]]},"properties":{"a":173,"v":-179,"dh":1.03,"pl":0,"sl":1,"c":281}},{"type":"Feature","geometry":{"type":"MultiPolygon","coordinates":[[[[10.78878,59.7615],[10.78871,59.7616],[10.78885,59.76158],[10.78883,59.76151],[10.7889,59.76147],[10.78878,59.7615]],[[10.78878,59.76156],[10.7888,59.76156],[10.78878,59.76156],[10.78878,59.76156]]],[[[10.78866,59.76164],[10.78869,59.76163],[10.78866,59.76163],[10.78866,59.76164]]],[[[10.78869,59.76165],[10.78852,59.76172],[10.78858,59.76176],[10.78849,59.76178],[10.78863,59.76175],[10.78861,59.76171],[10.78882,59.76165],[10.78871,59.7616],[10.78869,59.76165]]]]},"properties":{"a":138,"v":-163,"dh":1.18,"pl":0,"sl":1,"c":282}},{"type":"Feature","geometry":{"type":"MultiPolygon","coordinates":[[[[10.78767,59.76244],[10.78763,59.76246],[10.78767,59.76246],[10.78767,59.76244]]],[[[10.78834,59.76267],[10.78814,59.76262],[10.78801,59.76255],[10.78801,59.76257],[10.78794,59.76256],[10.78798,59.76255],[10.78792,59.76249],[10.78778,59.76251],[10.78767,59.76246],[10.78774,59.76252],[10.78825,59.76268],[10.78834,59.76267]]],[[[10.78834,59.76267],[10.78838,59.76268],[10.78838,59.76267],[10.78834,59.76267]]]]},"properties":{"a":156,"v":-223,"dh":1.43,"pl":0,"sl":1,"c":283}},{"type":"Feature","geometry":{"type":"MultiPolygon","coordinates":[[[[10.78613,59.76372],[10.7861,59.76373],[10.78614,59.76373],[10.78613,59.76372]]],[[[10.78617,59.76372],[10.78614,59.76374],[10.78617,59.76374],[10.78617,59.76372]]],[[[10.78605,59.76373],[10.78596,59.76387],[10.78583,59.76396],[10.78581,59.76405],[10.78614,59.76377],[10.78614,59.76374],[10.78605,59.76373]]]]},"properties":{"a":152,"v":339,"dh":2.23,"pl":0,"sl":1,"c":284}},{"type":"Feature","geometry":{"type":"Polygon","coordinates":[[[10.71597,59.64069],[10.71619,59.64071],[10.71716,59.6407],[10.71679,59.64063],[10.71627,59.64061],[10.71597,59.64069]]]},"properties":{"a":536,"v":880,"dh":1.64,"pl":0,"fo":1,"c":285}},{"type":"Feature","geometry":{"type":"Polygon","coordinates":[[[10.71694,59.64084],[10.7169,59.6408],[10.71697,59.64076],[10.7174,59.64073],[10.71594,59.64075],[10.71595,59.64081],[10.716,59.64076],[10.71658,59.64076],[10.71664,59.64081],[10.71688,59.64078],[10.71683,59.64082],[10.71694,59.64084]],[[10.71671,59.64077],[10.71672,59.64076],[10.71672,59.64077],[10.71671,59.64077]]]},"properties":{"a":330,"v":-348,"dh":1.06,"pl":0,"fo":1,"c":285}},{"type":"Feature","geometry":{"type":"Polygon","coordinates":[[[10.71709,59.6409],[10.71717,59.64084],[10.7171,59.64078],[10.71697,59.64079],[10.71701,59.64089],[10.71709,59.6409]]]},"properties":{"a":104,"v":162,"dh":1.56,"pl":0,"fo":1,"c":285}},{"type":"Feature","geometry":{"type":"Polygon","coordinates":[[[10.7171,59.64122],[10.71722,59.64112],[10.7172,59.64102],[10.71725,59.64093],[10.71709,59.64097],[10.7171,59.64122]]]},"properties":{"a":168,"v":210,"dh":1.25,"pl":0,"fo":1,"c":285}},{"type":"Feature","geometry":{"type":"Polygon","coordinates":[[[10.71637,59.64118],[10.71642,59.64112],[10.7164,59.64104],[10.71621,59.64106],[10.71619,59.64116],[10.71637,59.64118]]]},"properties":{"a":164,"v":301,"dh":1.84,"pl":0,"fo":1,"c":285}},{"type":"Feature","geometry":{"type":"Polygon","coordinates":[[[10.71678,59.64145],[10.71685,59.64142],[10.71699,59.6414],[10.7171,59.64128],[10.71695,59.64132],[10.71678,59.64145]]]},"properties":{"a":111,"v":141,"dh":1.27,"pl":0,"fo":1,"c":285}},{"type":"Feature","geometry":{"type":"Polygon","coordinates":[[[10.70534,59.64399],[10.70512,59.64396],[10.70506,59.64403],[10.70504,59.6441],[10.70511,59.64413],[10.70509,59.64425],[10.70512,59.64429],[10.70565,59.64427],[10.70563,59.64419],[10.70547,59.64412],[10.70552,59.64407],[10.7055,59.64402],[10.70538,59.64404],[10.70534,59.64399]]]},"properties":{"a":873,"v":2050,"dh":2.35,"pl":0,"c":286}},{"type":"Feature","geometry":{"type":"MultiPolygon","coordinates":[[[[10.70674,59.6451],[10.70665,59.64496],[10.7066,59.64498],[10.70669,59.64511],[10.70674,59.6451]]],[[[10.70674,59.6451],[10.70674,59.64511],[10.70676,59.64511],[10.70676,59.6451],[10.70674,59.6451]]],[[[10.70669,59.64512],[10.70671,59.64516],[10.70666,59.64526],[10.70676,59.64516],[10.70676,59.64512],[10.70669,59.64512]]]]},"properties":{"a":104,"v":82,"dh":0.79,"pl":0,"sh":1,"c":287}},{"type":"Feature","geometry":{"type":"Polygon","coordinates":[[[10.70651,59.64534],[10.70666,59.64519],[10.70655,59.64512],[10.70656,59.64508],[10.70649,59.64507],[10.70649,59.64503],[10.70628,59.64497],[10.70601,59.64502],[10.70602,59.64509],[10.70607,59.6451],[10.70604,59.64515],[10.70608,59.64526],[10.70641,59.64523],[10.7064,59.64528],[10.70651,59.64534]]]},"properties":{"a":947,"v":-2055,"dh":2.17,"pl":0,"c":287}},{"type":"Feature","geometry":{"type":"Polygon","coordinates":[[[10.7179,59.64566],[10.71804,59.64526],[10.71775,59.64523],[10.7178,59.64541],[10.71776,59.64545],[10.71777,59.64566],[10.7179,59.64566]]]},"properties":{"a":526,"v":446,"dh":0.85,"pl":0,"c":288}},{"type":"Feature","geometry":{"type":"MultiPolygon","coordinates":[[[[10.71046,59.64566],[10.71045,59.64568],[10.7105,59.64568],[10.71046,59.64566]]],[[[10.71034,59.6457],[10.71043,59.64563],[10.71027,59.64564],[10.71024,59.64575],[10.71044,59.64583],[10.71068,59.6458],[10.71034,59.6457]]]]},"properties":{"a":247,"v":347,"dh":1.4,"pl":0,"c":289}},{"type":"Feature","geometry":{"type":"Polygon","coordinates":[[[10.69473,59.64616],[10.69499,59.64598],[10.69502,59.64589],[10.69493,59.64589],[10.695,59.64593],[10.69488,59.64597],[10.69487,59.64606],[10.69475,59.64609],[10.69473,59.64616]]]},"properties":{"a":122,"v":134,"dh":1.1,"pl":0,"c":290}},{"type":"Feature","geometry":{"type":"Polygon","coordinates":[[[10.69455,59.64613],[10.6947,59.64617],[10.69469,59.64609],[10.6948,59.64604],[10.69471,59.64602],[10.69459,59.64608],[10.69455,59.64613]]]},"properties":{"a":100,"v":-126,"dh":1.26,"pl":0,"c":290}},{"type":"Feature","geometry":{"type":"Polygon","coordinates":[[[10.70504,59.6468],[10.70536,59.6468],[10.70544,59.64677],[10.705,59.64667],[10.70504,59.6468]]]},"properties":{"a":219,"v":-233,"dh":1.06,"pl":0,"fo":1,"c":291}},{"type":"Feature","geometry":{"type":"Polygon","coordinates":[[[10.71302,59.64714],[10.71312,59.64704],[10.71299,59.6469],[10.71279,59.64684],[10.71273,59.64671],[10.71266,59.6467],[10.71286,59.64711],[10.71302,59.64714]]]},"properties":{"a":492,"v":499,"dh":1.02,"pl":0,"c":292}},{"type":"Feature","geometry":{"type":"Polygon","coordinates":[[[10.71526,59.64927],[10.71504,59.64914],[10.71472,59.64911],[10.71485,59.6492],[10.71526,59.64927]]]},"properties":{"a":226,"v":197,"dh":0.87,"pl":0,"sh":1,"c":293}},{"type":"Feature","geometry":{"type":"Polygon","coordinates":[[[10.69971,59.64988],[10.7002,59.64979],[10.70049,59.64978],[10.7005,59.64973],[10.70157,59.64937],[10.70191,59.64917],[10.70212,59.64915],[10.70215,59.64908],[10.70198,59.64909],[10.70167,59.64923],[10.70168,59.64926],[10.7016,59.64926],[10.70088,59.64957],[10.69971,59.64988]],[[10.70161,59.64928],[10.70163,59.64927],[10.70163,59.64928],[10.70161,59.64928]]]},"properties":{"a":948,"v":1000,"dh":1.06,"pl":0,"fo":1,"c":294}},{"type":"Feature","geometry":{"type":"Polygon","coordinates":[[[10.69901,59.65002],[10.69922,59.65002],[10.69915,59.64999],[10.69924,59.64998],[10.69934,59.64991],[10.69957,59.6499],[10.69957,59.64986],[10.69937,59.64984],[10.69928,59.64975],[10.69889,59.64983],[10.69893,59.64996],[10.69901,59.65002]],[[10.6992,59.64996],[10.69922,59.64995],[10.69922,59.64996],[10.6992,59.64996]],[[10.69923,59.64977],[10.69924,59.64976],[10.69924,59.64977],[10.69923,59.64977]]]},"properties":{"a":617,"v":648,"dh":1.05,"pl":0,"fo":1,"c":294}},{"type":"Feature","geometry":{"type":"Polygon","coordinates":[[[10.69395,59.65141],[10.69414,59.65139],[10.69411,59.65133],[10.69387,59.65133],[10.69395,59.65141]]]},"properties":{"a":137,"v":139,"dh":1.01,"pl":0,"c":295}},{"type":"Feature","geometry":{"type":"Polygon","coordinates":[[[10.69711,59.65151],[10.69739,59.65134],[10.69745,59.65123],[10.69719,59.65136],[10.69709,59.65146],[10.69711,59.65151]]]},"properties":{"a":151,"v":136,"dh":0.9,"pl":0,"sh":1,"c":298}},{"type":"Feature","geometry":{"type":"Polygon","coordinates":[[[10.72556,59.65155],[10.72561,59.65148],[10.72522,59.65144],[10.72488,59.65148],[10.72556,59.65155]]]},"properties":{"a":285,"v":484,"dh":1.7,"pl":0,"c":296}},{"type":"Feature","geometry":{"type":"Polygon","coordinates":[[[10.70421,59.65105],[10.70419,59.65107],[10.70426,59.65108],[10.70393,59.65119],[10.70397,59.65121],[10.70393,59.65123],[10.70399,59.65124],[10.70386,59.6513],[10.70374,59.65122],[10.70379,59.65163],[10.70373,59.65181],[10.70377,59.65186],[10.70372,59.65192],[10.70383,59.65195],[10.70371,59.65206],[10.70365,59.65237],[10.70371,59.65241],[10.70388,59.65241],[10.70395,59.65258],[10.70384,59.6525],[10.70384,59.65256],[10.70375,59.65261],[10.70391,59.65281],[10.70401,59.65286],[10.70408,59.65281],[10.70407,59.65266],[10.70418,59.65268],[10.70431,59.65243],[10.70443,59.65235],[10.70449,59.65217],[10.70444,59.65216],[10.70444,59.6521],[10.70451,59.65211],[10.70444,59.6521],[10.70431,59.65169],[10.70399,59.65137],[10.70399,59.65131],[10.70419,59.65117],[10.70453,59.65114],[10.70443,59.65098],[10.70432,59.65092],[10.70418,59.65096],[10.70433,59.65098],[10.70431,59.65104],[10.70421,59.65105]],[[10.70424,59.65105],[10.70426,59.65106],[10.70424,59.65106],[10.70424,59.65105]],[[10.70424,59.65106],[10.70422,59.65107],[10.70422,59.65106],[10.70424,59.65106]],[[10.70407,59.65259],[10.70409,59.65258],[10.70409,59.65259],[10.70407,59.65259]],[[10.70442,59.65219],[10.70444,59.65217],[10.70444,59.65219],[10.70442,59.65219]]]},"properties":{"a":5463,"v":9865,"dh":1.81,"pl":0,"c":297}},{"type":"Feature","geometry":{"type":"MultiPolygon","coordinates":[[[[10.69793,59.65225],[10.6979,59.65223],[10.6979,59.65225],[10.69793,59.65225]]],[[[10.69786,59.65227],[10.69785,59.65234],[10.69804,59.6523],[10.69821,59.65216],[10.69816,59.65215],[10.69809,59.65221],[10.69795,59.65224],[10.69793,59.65225],[10.69793,59.65227],[10.69786,59.65227]]]]},"properties":{"a":146,"v":155,"dh":1.06,"pl":0,"fo":1,"c":298}},{"type":"Feature","geometry":{"type":"Polygon","coordinates":[[[10.697,59.65243],[10.69709,59.6524],[10.6971,59.65233],[10.69696,59.65237],[10.69692,59.65224],[10.69676,59.65232],[10.69669,59.65231],[10.69672,59.65241],[10.697,59.65243]]]},"properties":{"a":263,"v":303,"dh":1.15,"pl":0,"fo":1,"c":298}},{"type":"Feature","geometry":{"type":"MultiPolygon","coordinates":[[[[10.69667,59.65187],[10.69665,59.65186],[10.69665,59.65187],[10.69667,59.65187]]],[[[10.69665,59.65189],[10.69637,59.65189],[10.69628,59.65187],[10.69628,59.65181],[10.69622,59.65178],[10.69588,59.65175],[10.69548,59.65191],[10.6955,59.65198],[10.69542,59.65202],[10.69546,59.65211],[10.69564,59.65215],[10.69565,59.65211],[10.69595,59.65209],[10.69612,59.65215],[10.69605,59.65218],[10.69598,59.65227],[10.696,59.6523],[10.6959,59.65233],[10.69593,59.65227],[10.69582,59.65229],[10.69584,59.65236],[10.69579,59.6524],[10.69592,59.65245],[10.69589,59.65253],[10.69559,59.65271],[10.69545,59.65271],[10.69551,59.65276],[10.69537,59.65285],[10.69527,59.65286],[10.6953,59.65291],[10.69523,59.65296],[10.69508,59.65298],[10.69512,59.65305],[10.69503,59.65314],[10.69497,59.65338],[10.69499,59.6538],[10.69503,59.65382],[10.69498,59.65382],[10.69501,59.65385],[10.69498,59.65387],[10.69497,59.65408],[10.69504,59.65402],[10.6951,59.65381],[10.69509,59.65321],[10.69526,59.65304],[10.69591,59.65265],[10.69635,59.65223],[10.69702,59.6522],[10.69707,59.65232],[10.6974,59.65229],[10.69757,59.65239],[10.6976,59.65237],[10.69758,59.6523],[10.69733,59.65225],[10.69734,59.65221],[10.69724,59.65222],[10.69724,59.65218],[10.69737,59.65209],[10.6976,59.65207],[10.69763,59.65197],[10.69779,59.65189],[10.69789,59.65177],[10.69806,59.6517],[10.69813,59.65161],[10.69813,59.65151],[10.69789,59.65136],[10.69767,59.65135],[10.69746,59.6514],[10.69717,59.65152],[10.69695,59.6518],[10.69695,59.65183],[10.69716,59.65182],[10.69724,59.65187],[10.69734,59.65187],[10.69735,59.65196],[10.69715,59.65188],[10.6971,59.65196],[10.69669,59.65199],[10.6966,59.65195],[10.69665,59.65189]],[[10.69593,59.65241],[10.69595,59.65242],[10.69594,59.65242],[10.69593,59.65241]],[[10.69602,59.65233],[10.69604,59.65234],[10.69602,59.65234],[10.69602,59.65233]],[[10.69607,59.6523],[10.69612,59.65227],[10.69612,59.65229],[10.69607,59.6523]],[[10.6964,59.65218],[10.69643,59.65209],[10.69655,59.65204],[10.69647,59.65219],[10.6964,59.65218]],[[10.69633,59.65216],[10.69628,59.65218],[10.69622,59.65218],[10.69622,59.65216],[10.69633,59.65216]],[[10.69629,59.65214],[10.69627,59.65212],[10.69629,59.65212],[10.69629,59.65214]],[[10.69629,59.65211],[10.69634,59.65201],[10.69641,59.65205],[10.69636,59.65211],[10.69629,59.65211]],[[10.69608,59.65208],[10.69593,59.65202],[10.696,59.65196],[10.69627,59.65196],[10.69623,59.65201],[10.69629,59.65201],[10.69627,59.65205],[10.69608,59.65208]],[[10.6975,59.65207],[10.69748,59.65205],[10.6975,59.65205],[10.6975,59.65207]],[[10.6975,59.65204],[10.69747,59.65197],[10.69753,59.65196],[10.69755,59.65204],[10.6975,59.65204]],[[10.69654,59.65202],[10.69657,59.65197],[10.6966,59.65197],[10.69654,59.65202]]]]},"properties":{"a":8527,"v":21502,"dh":2.52,"pl":0,"c":298}},{"type":"Feature","geometry":{"type":"MultiPolygon","coordinates":[[[[10.70578,59.65261],[10.70576,59.6526],[10.70576,59.65261],[10.70578,59.65261]]],[[[10.70572,59.65262],[10.70559,59.65269],[10.70591,59.65275],[10.70581,59.65263],[10.70572,59.65262]]]]},"properties":{"a":171,"v":133,"dh":0.78,"pl":0,"sh":1,"c":299}},{"type":"Feature","geometry":{"type":"Polygon","coordinates":[[[10.70459,59.653],[10.70473,59.65296],[10.70476,59.65286],[10.70429,59.65278],[10.70426,59.65282],[10.70432,59.65287],[10.70457,59.6529],[10.70459,59.653]]]},"properties":{"a":287,"v":238,"dh":0.83,"pl":0,"sh":1,"c":297}},{"type":"Feature","geometry":{"type":"Polygon","coordinates":[[[10.70536,59.65312],[10.70555,59.65301],[10.70546,59.65297],[10.7054,59.65286],[10.7052,59.65283],[10.70501,59.65295],[10.70509,59.65303],[10.70507,59.65307],[10.70536,59.65312]]]},"properties":{"a":621,"v":799,"dh":1.29,"pl":0,"c":299}},{"type":"Feature","geometry":{"type":"Polygon","coordinates":[[[10.67892,59.65506],[10.67916,59.65482],[10.67904,59.65485],[10.67892,59.65506]],[[10.67911,59.65486],[10.67909,59.65484],[10.67911,59.65484],[10.67911,59.65486]]]},"properties":{"a":104,"v":81,"dh":0.78,"pl":0,"sh":1,"c":300}},{"type":"Feature","geometry":{"type":"MultiPolygon","coordinates":[[[[10.67688,59.65647],[10.67661,59.65633],[10.67651,59.65611],[10.67656,59.65632],[10.6767,59.65642],[10.67688,59.65647]]],[[[10.67688,59.65648],[10.6769,59.65647],[10.67688,59.65647],[10.67688,59.65648]]]]},"properties":{"a":101,"v":-93,"dh":0.92,"pl":0,"sh":1,"c":301}},{"type":"Feature","geometry":{"type":"Polygon","coordinates":[[[10.73204,59.64989],[10.7323,59.64967],[10.73194,59.64964],[10.73199,59.64959],[10.73179,59.64955],[10.73103,59.64957],[10.7312,59.64963],[10.73123,59.64971],[10.73101,59.64982],[10.73204,59.64989]],[[10.7318,59.64961],[10.73181,59.64959],[10.73182,59.64961],[10.7318,59.64961]],[[10.73169,59.64959],[10.73171,59.64957],[10.73171,59.64959],[10.73169,59.64959]]]},"properties":{"a":1830,"v":3024,"dh":1.65,"pl":0,"c":302}},{"type":"Feature","geometry":{"type":"Polygon","coordinates":[[[10.72942,59.65203],[10.73027,59.65203],[10.73027,59.652],[10.72942,59.65203]]]},"properties":{"a":126,"v":124,"dh":0.98,"pl":0,"sh":1,"c":303}},{"type":"Feature","geometry":{"type":"Polygon","coordinates":[[[10.72943,59.65231],[10.72948,59.6522],[10.72946,59.65207],[10.72932,59.65207],[10.72938,59.65219],[10.72934,59.65229],[10.72943,59.65231]]]},"properties":{"a":178,"v":280,"dh":1.58,"pl":0,"c":303}},{"type":"Feature","geometry":{"type":"Polygon","coordinates":[[[10.72996,59.6594],[10.72999,59.65931],[10.72992,59.65936],[10.72944,59.65938],[10.72996,59.6594]]]},"properties":{"a":149,"v":196,"dh":1.31,"pl":1,"pn":"Reguleringsplan for gang- og sykkelvei langs RV 152 fra Vangensten til Frogn grense","pd":"1998-12-09","c":304}},{"type":"Feature","geometry":{"type":"Polygon","coordinates":[[[10.72702,59.66024],[10.7272,59.66022],[10.72725,59.66014],[10.72707,59.66014],[10.72702,59.66024]]]},"properties":{"a":113,"v":180,"dh":1.59,"pl":0,"c":323}},{"type":"Feature","geometry":{"type":"Polygon","coordinates":[[[10.72616,59.66077],[10.72619,59.66072],[10.72613,59.66062],[10.72587,59.66062],[10.72587,59.66067],[10.72598,59.66074],[10.72616,59.66077]]]},"properties":{"a":225,"v":-464,"dh":2.06,"pl":1,"pn":"Detaljreguleringsplan for Haug Gård","pd":"2018-03-21","c":305}},{"type":"Feature","geometry":{"type":"Polygon","coordinates":[[[10.73446,59.66132],[10.7348,59.66128],[10.73485,59.66123],[10.73465,59.66114],[10.73446,59.66129],[10.73446,59.66132]]]},"properties":{"a":260,"v":421,"dh":1.62,"pl":0,"c":306}},{"type":"Feature","geometry":{"type":"Polygon","coordinates":[[[10.73501,59.66137],[10.73524,59.66131],[10.73527,59.66117],[10.73472,59.66111],[10.73488,59.66118],[10.73502,59.66118],[10.73501,59.66131],[10.73482,59.66134],[10.73501,59.66137]]]},"properties":{"a":383,"v":-430,"dh":1.12,"pl":0,"c":306}},{"type":"Feature","geometry":{"type":"MultiPolygon","coordinates":[[[[10.73452,59.66147],[10.73449,59.66148],[10.73452,59.66148],[10.73452,59.66147]]],[[[10.73454,59.66149],[10.73453,59.66154],[10.73465,59.66156],[10.73497,59.66151],[10.7347,59.66144],[10.73454,59.66149]]]]},"properties":{"a":171,"v":-172,"dh":1.01,"pl":0,"c":306}},{"type":"Feature","geometry":{"type":"Polygon","coordinates":[[[10.70325,59.657],[10.70341,59.65678],[10.70361,59.6567],[10.70375,59.65671],[10.70355,59.65665],[10.7036,59.65661],[10.7041,59.65663],[10.7034,59.65654],[10.70319,59.65695],[10.70325,59.657]]]},"properties":{"a":651,"v":1242,"dh":1.91,"pl":1,"pn":"Reguleringsplan for gang- og sykkelvei langs RV 152 fra Vangensten til Frogn grense","pd":"1998-12-09","c":304}},{"type":"Feature","geometry":{"type":"Polygon","coordinates":[[[10.67996,59.65729],[10.6803,59.65729],[10.68038,59.65726],[10.68017,59.65722],[10.67997,59.65725],[10.67996,59.65729]]]},"properties":{"a":127,"v":-214,"dh":1.68,"pl":0,"c":307}},{"type":"Feature","geometry":{"type":"Polygon","coordinates":[[[10.67948,59.65737],[10.67978,59.65733],[10.67985,59.65728],[10.67972,59.65723],[10.6796,59.65723],[10.6796,59.65728],[10.67943,59.65729],[10.67944,59.65724],[10.67925,59.65727],[10.67925,59.65733],[10.67948,59.65737]]]},"properties":{"a":312,"v":-442,"dh":1.42,"pl":0,"c":307}},{"type":"Feature","geometry":{"type":"Polygon","coordinates":[[[10.67878,59.65755],[10.67908,59.65751],[10.67906,59.65748],[10.6791,59.65747],[10.67906,59.65742],[10.67879,59.65742],[10.67878,59.65755]]]},"properties":{"a":212,"v":179,"dh":0.84,"pl":0,"sh":1,"c":307}},{"type":"Feature","geometry":{"type":"Polygon","coordinates":[[[10.69261,59.65763],[10.69311,59.65757],[10.69319,59.65747],[10.69292,59.65743],[10.69275,59.65724],[10.69222,59.65725],[10.69223,59.65744],[10.69229,59.65752],[10.69218,59.65754],[10.69218,59.65759],[10.69261,59.65763]]]},"properties":{"a":1726,"v":-5155,"dh":2.99,"pl":0,"c":308}},{"type":"Feature","geometry":{"type":"Polygon","coordinates":[[[10.69133,59.65817],[10.69145,59.65813],[10.69149,59.65792],[10.69179,59.65792],[10.69183,59.65787],[10.69174,59.65783],[10.692,59.65781],[10.69207,59.65774],[10.69207,59.65768],[10.69193,59.65756],[10.69199,59.65725],[10.69163,59.65721],[10.69163,59.65713],[10.6917,59.65704],[10.69155,59.65702],[10.69149,59.65714],[10.69139,59.65769],[10.69131,59.65789],[10.69133,59.65817]]]},"properties":{"a":2811,"v":4500,"dh":1.6,"pl":0,"c":308}},{"type":"Feature","geometry":{"type":"Polygon","coordinates":[[[10.69224,59.65797],[10.69243,59.65795],[10.69241,59.65789],[10.69248,59.65785],[10.69212,59.65778],[10.69189,59.65783],[10.69183,59.65793],[10.69201,59.65796],[10.69206,59.65791],[10.69224,59.65797]]]},"properties":{"a":537,"v":-889,"dh":1.66,"pl":0,"c":308}},{"type":"Feature","geometry":{"type":"Polygon","coordinates":[[[10.69126,59.65834],[10.6915,59.65818],[10.69155,59.65809],[10.69148,59.65809],[10.69138,59.65822],[10.69129,59.65824],[10.69126,59.65834]]]},"properties":{"a":124,"v":-166,"dh":1.34,"pl":0,"fo":1,"c":308}},{"type":"Feature","geometry":{"type":"Polygon","coordinates":[[[10.6924,59.65832],[10.6925,59.65824],[10.69239,59.65822],[10.69224,59.65829],[10.69229,59.65833],[10.6924,59.65832]]]},"properties":{"a":108,"v":121,"dh":1.12,"pl":0,"sl":1,"c":308}},{"type":"Feature","geometry":{"type":"Polygon","coordinates":[[[10.69404,59.65839],[10.69412,59.65835],[10.69415,59.6582],[10.69399,59.65815],[10.69395,59.65818],[10.69401,59.65824],[10.6939,59.65822],[10.69384,59.65835],[10.69404,59.65839]]]},"properties":{"a":313,"v":-481,"dh":1.54,"pl":0,"fo":1,"c":309}},{"type":"Feature","geometry":{"type":"Polygon","coordinates":[[[10.69387,59.65862],[10.69396,59.65855],[10.694,59.65843],[10.69391,59.65841],[10.6939,59.65848],[10.69379,59.65852],[10.6938,59.6586],[10.69387,59.65862]]]},"properties":{"a":145,"v":175,"dh":1.21,"pl":0,"fo":1,"c":309}},{"type":"Feature","geometry":{"type":"Polygon","coordinates":[[[10.69253,59.65873],[10.69257,59.6586],[10.6928,59.6586],[10.69289,59.65855],[10.69267,59.65843],[10.69259,59.65857],[10.69181,59.65858],[10.69183,59.65863],[10.69199,59.65865],[10.69245,59.6586],[10.69247,59.65873],[10.69253,59.65873]]]},"properties":{"a":441,"v":545,"dh":1.24,"pl":0,"fo":1,"c":309}},{"type":"Feature","geometry":{"type":"Polygon","coordinates":[[[10.69307,59.65869],[10.69311,59.65865],[10.69327,59.65867],[10.69323,59.6586],[10.69331,59.65853],[10.69315,59.65847],[10.69319,59.65853],[10.69312,59.65859],[10.69314,59.65864],[10.69303,59.65861],[10.69307,59.65865],[10.69298,59.65867],[10.69307,59.65869]]]},"properties":{"a":163,"v":-165,"dh":1.01,"pl":0,"fo":1,"c":309}},{"type":"Feature","geometry":{"type":"Polygon","coordinates":[[[10.69311,59.65876],[10.69333,59.65876],[10.69334,59.65872],[10.69314,59.65867],[10.69311,59.65874],[10.69317,59.65875],[10.69311,59.65876]]]},"properties":{"a":103,"v":140,"dh":1.36,"pl":0,"fo":1,"c":309}},{"type":"Feature","geometry":{"type":"Polygon","coordinates":[[[10.69169,59.6591],[10.69182,59.65907],[10.6919,59.65892],[10.69176,59.65872],[10.69164,59.65874],[10.69163,59.65882],[10.69152,59.65891],[10.69115,59.6589],[10.69123,59.65898],[10.69119,59.659],[10.69121,59.65907],[10.69169,59.6591]],[[10.69151,59.65893],[10.69152,59.65892],[10.69152,59.65893],[10.69151,59.65893]]]},"properties":{"a":1013,"v":2405,"dh":2.37,"pl":0,"fo":1,"c":309}},{"type":"Feature","geometry":{"type":"Polygon","coordinates":[[[10.69267,59.65902],[10.69272,59.65898],[10.69255,59.65894],[10.69262,59.65887],[10.69245,59.65892],[10.69247,59.65897],[10.69267,59.65902]]]},"properties":{"a":118,"v":114,"dh":0.97,"pl":0,"sh":1,"c":310}},{"type":"Feature","geometry":{"type":"Polygon","coordinates":[[[10.69307,59.65894],[10.69312,59.65889],[10.69319,59.65891],[10.69333,59.65887],[10.69349,59.65876],[10.69341,59.65872],[10.69298,59.65885],[10.69283,59.65882],[10.69278,59.65885],[10.69279,59.65894],[10.69288,59.65897],[10.69277,59.659],[10.69269,59.65909],[10.69281,59.65916],[10.69288,59.65914],[10.6929,59.65909],[10.69297,59.6591],[10.69307,59.65901],[10.69314,59.659],[10.69307,59.65894]],[[10.69307,59.65895],[10.69302,59.659],[10.69302,59.65896],[10.69307,59.65895]]]},"properties":{"a":734,"v":-832,"dh":1.13,"pl":0,"fo":1,"c":317}},{"type":"Feature","geometry":{"type":"Polygon","coordinates":[[[10.71555,59.65882],[10.71561,59.65864],[10.71618,59.65864],[10.71621,59.65857],[10.7155,59.65856],[10.71546,59.65881],[10.71555,59.65882]]]},"properties":{"a":511,"v":890,"dh":1.74,"pl":0,"c":311}},{"type":"Feature","geometry":{"type":"Polygon","coordinates":[[[10.6932,59.65915],[10.69336,59.65906],[10.69348,59.6589],[10.6934,59.65889],[10.69316,59.65905],[10.69313,59.65914],[10.6932,59.65915]]]},"properties":{"a":223,"v":315,"dh":1.41,"pl":0,"fo":1,"c":317}},{"type":"Feature","geometry":{"type":"Polygon","coordinates":[[[10.7224,59.65913],[10.72268,59.65898],[10.72278,59.65885],[10.72277,59.65879],[10.72262,59.65879],[10.72229,59.6591],[10.7224,59.65913]]]},"properties":{"a":453,"v":1021,"dh":2.25,"pl":0,"c":312}},{"type":"Feature","geometry":{"type":"Polygon","coordinates":[[[10.67768,59.65998],[10.67627,59.65983],[10.67581,59.65985],[10.67583,59.65992],[10.67603,59.65993],[10.67768,59.65998]]]},"properties":{"a":765,"v":1053,"dh":1.38,"pl":1,"pn":"Reguleringsplan for gang- og sykkelvei langs fv. 152 ved Klommestein","pd":"2011-11-23","c":313}},{"type":"Feature","geometry":{"type":"Polygon","coordinates":[[[10.72439,59.65939],[10.72463,59.65937],[10.72463,59.65928],[10.7247,59.65925],[10.72422,59.65932],[10.72445,59.65936],[10.72439,59.65939]]]},"properties":{"a":197,"v":-225,"dh":1.14,"pl":1,"pn":"Detaljreguleringsplan for Haug Gård","pd":"2018-03-21","c":305}},{"type":"Feature","geometry":{"type":"Polygon","coordinates":[[[10.69632,59.65978],[10.69645,59.65974],[10.69646,59.6597],[10.69634,59.65967],[10.69622,59.65975],[10.69632,59.65978]]]},"properties":{"a":108,"v":91,"dh":0.84,"pl":0,"sh":1,"c":314}},{"type":"Feature","geometry":{"type":"Polygon","coordinates":[[[10.69691,59.66003],[10.6972,59.65986],[10.69748,59.6598],[10.69759,59.65985],[10.69779,59.65972],[10.69766,59.65959],[10.6975,59.65957],[10.69744,59.65967],[10.6973,59.65968],[10.69733,59.65973],[10.69714,59.65979],[10.69685,59.66],[10.69691,59.66003]]]},"properties":{"a":826,"v":1510,"dh":1.83,"pl":0,"fo":1,"c":315}},{"type":"Feature","geometry":{"type":"Polygon","coordinates":[[[10.70936,59.65984],[10.70937,59.65972],[10.7091,59.65966],[10.70908,59.6597],[10.70915,59.6597],[10.70914,59.65973],[10.70928,59.65973],[10.7093,59.65984],[10.70936,59.65984]]]},"properties":{"a":104,"v":86,"dh":0.83,"pl":1,"pn":"Reguleringsplan for Holstadkulen","pd":"2012-02-29","sh":1,"c":316}},{"type":"Feature","geometry":{"type":"Polygon","coordinates":[[[10.724,59.66022],[10.72419,59.66013],[10.7242,59.65998],[10.72409,59.65985],[10.72399,59.65997],[10.72381,59.65994],[10.72384,59.65985],[10.7238,59.65976],[10.72396,59.65975],[10.72408,59.65959],[10.72431,59.6594],[10.72415,59.65936],[10.7242,59.65926],[10.72411,59.65922],[10.7239,59.65923],[10.72353,59.65935],[10.72348,59.65938],[10.72351,59.65958],[10.72344,59.65966],[10.72366,59.65973],[10.72363,59.65981],[10.72349,59.65985],[10.72359,59.65988],[10.7236,59.65994],[10.72374,59.65989],[10.72367,59.66003],[10.72371,59.66015],[10.724,59.66022]],[[10.72405,59.65937],[10.72408,59.65937],[10.72408,59.65937],[10.72405,59.65937]]]},"properties":{"a":2987,"v":5169,"dh":1.73,"pl":1,"pn":"Detaljreguleringsplan for Haug Gård","pd":"2018-03-21","c":305}},{"type":"Feature","geometry":{"type":"Polygon","coordinates":[[[10.6944,59.66065],[10.6945,59.66061],[10.6943,59.66047],[10.69421,59.66047],[10.69424,59.66041],[10.69406,59.66026],[10.69371,59.6601],[10.69364,59.65996],[10.69347,59.65988],[10.69345,59.65976],[10.69329,59.6597],[10.69328,59.65963],[10.69307,59.65959],[10.69296,59.65964],[10.6932,59.65986],[10.69318,59.66012],[10.69322,59.66014],[10.69338,59.6602],[10.69362,59.66037],[10.69378,59.66041],[10.69386,59.6605],[10.69415,59.66062],[10.6944,59.66065]],[[10.69405,59.66042],[10.6941,59.66042],[10.69407,59.66044],[10.69405,59.66042]]]},"properties":{"a":2730,"v":3355,"dh":1.23,"pl":0,"c":317}},{"type":"Feature","geometry":{"type":"Polygon","coordinates":[[[10.72395,59.65993],[10.72407,59.6598],[10.72403,59.65975],[10.72389,59.65979],[10.72388,59.65994],[10.72395,59.65993]]]},"properties":{"a":125,"v":-169,"dh":1.35,"pl":1,"pn":"Detaljreguleringsplan for Haug Gård","pd":"2018-03-21","c":305}},{"type":"Feature","geometry":{"type":"MultiPolygon","coordinates":[[[[10.69647,59.66023],[10.69668,59.66014],[10.69673,59.66014],[10.69668,59.66016],[10.69672,59.66019],[10.6968,59.66013],[10.69659,59.66013],[10.69647,59.66023]]],[[[10.69645,59.66024],[10.69637,59.66026],[10.69632,59.6603],[10.69642,59.66032],[10.69645,59.66024]]]]},"properties":{"a":133,"v":108,"dh":0.82,"pl":0,"sh":1,"c":317}},{"type":"Feature","geometry":{"type":"Polygon","coordinates":[[[10.69586,59.66048],[10.69604,59.66045],[10.69605,59.6604],[10.69616,59.66038],[10.69616,59.66032],[10.69592,59.66024],[10.69579,59.66043],[10.69586,59.66048]]]},"properties":{"a":342,"v":569,"dh":1.66,"pl":0,"c":317}},{"type":"Feature","geometry":{"type":"Polygon","coordinates":[[[10.7155,59.66023],[10.71589,59.66016],[10.71623,59.66002],[10.71575,59.65999],[10.71564,59.6601],[10.71536,59.66021],[10.7155,59.66023]]]},"properties":{"a":592,"v":1219,"dh":2.06,"pl":0,"c":318}},{"type":"Feature","geometry":{"type":"Polygon","coordinates":[[[10.68791,59.66056],[10.68793,59.66046],[10.68781,59.6605],[10.68778,59.66042],[10.68764,59.66045],[10.68784,59.66054],[10.68781,59.66056],[10.68784,59.66058],[10.68791,59.66056]]]},"properties":{"a":132,"v":152,"dh":1.15,"pl":0,"c":319}},{"type":"Feature","geometry":{"type":"MultiPolygon","coordinates":[[[[10.71036,59.65998],[10.71042,59.6599],[10.71035,59.6599],[10.71036,59.65998]]],[[[10.71034,59.65999],[10.71017,59.66012],[10.71021,59.66017],[10.7101,59.66019],[10.71008,59.66013],[10.71017,59.66011],[10.71022,59.66002],[10.70999,59.66017],[10.70995,59.66034],[10.71006,59.66037],[10.70999,59.66041],[10.70996,59.66056],[10.71005,59.66053],[10.71003,59.66049],[10.71018,59.66036],[10.71018,59.66027],[10.71028,59.66019],[10.71026,59.66014],[10.71033,59.66008],[10.71034,59.65999]],[[10.71005,59.66027],[10.71007,59.66023],[10.7101,59.66023],[10.71005,59.66027]]]]},"properties":{"a":532,"v":474,"dh":0.89,"pl":1,"pn":"Reguleringsplan for Holstadkulen","pd":"2012-02-29","fo":1,"c":320}},{"type":"Feature","geometry":{"type":"Polygon","coordinates":[[[10.6952,59.66068],[10.69527,59.66063],[10.69523,59.66053],[10.69525,59.66056],[10.69533,59.66054],[10.69504,59.66044],[10.69504,59.66035],[10.69497,59.66033],[10.69494,59.66022],[10.69477,59.6602],[10.69478,59.66022],[10.6945,59.66024],[10.69454,59.66031],[10.69476,59.66037],[10.69474,59.66044],[10.69478,59.66046],[10.69473,59.66047],[10.69464,59.6606],[10.69468,59.66064],[10.6952,59.66068]],[[10.69477,59.66056],[10.69482,59.66052],[10.69482,59.66056],[10.69477,59.66056]],[[10.69484,59.66029],[10.69482,59.66026],[10.69488,59.66028],[10.69484,59.66029]],[[10.69484,59.66025],[10.69486,59.66022],[10.69487,59.66025],[10.69484,59.66025]]]},"properties":{"a":1205,"v":1312,"dh":1.09,"pl":0,"c":317}},{"type":"Feature","geometry":{"type":"Polygon","coordinates":[[[10.7148,59.66044],[10.7151,59.66043],[10.71522,59.66037],[10.71513,59.66035],[10.71522,59.66031],[10.71507,59.66025],[10.71504,59.66028],[10.71511,59.66034],[10.71481,59.66036],[10.7148,59.66044]]]},"properties":{"a":295,"v":299,"dh":1.02,"pl":0,"fo":1,"c":318}},{"type":"Feature","geometry":{"type":"Polygon","coordinates":[[[10.72394,59.66032],[10.72397,59.66027],[10.72388,59.6602],[10.72373,59.66019],[10.7237,59.66022],[10.72379,59.66027],[10.72378,59.66031],[10.72394,59.66032]]]},"properties":{"a":143,"v":-279,"dh":1.95,"pl":1,"pn":"Detaljreguleringsplan for Haug Gård","pd":"2018-03-21","c":305}},{"type":"Feature","geometry":{"type":"Polygon","coordinates":[[[10.71434,59.6605],[10.71443,59.66045],[10.71439,59.66032],[10.71412,59.6603],[10.71402,59.66035],[10.714,59.66047],[10.71434,59.6605]]]},"properties":{"a":411,"v":-566,"dh":1.38,"pl":0,"fo":1,"c":321}},{"type":"Feature","geometry":{"type":"Polygon","coordinates":[[[10.68754,59.66086],[10.68759,59.66072],[10.68751,59.66073],[10.68751,59.66072],[10.68762,59.66069],[10.6876,59.66066],[10.68744,59.66068],[10.68745,59.66079],[10.68754,59.66086]]]},"properties":{"a":126,"v":118,"dh":0.94,"pl":0,"sh":1,"c":319}},{"type":"Feature","geometry":{"type":"Polygon","coordinates":[[[10.69473,59.66082],[10.69478,59.66076],[10.69474,59.66067],[10.69451,59.66067],[10.69451,59.66071],[10.69465,59.66077],[10.69464,59.66081],[10.69473,59.66082]]]},"properties":{"a":163,"v":-145,"dh":0.89,"pl":0,"sh":1,"c":317}},{"type":"Feature","geometry":{"type":"Polygon","coordinates":[[[10.72492,59.66041],[10.72536,59.66037],[10.72477,59.66027],[10.72463,59.66029],[10.72491,59.66037],[10.72492,59.66041]]]},"properties":{"a":258,"v":-464,"dh":1.8,"pl":1,"pn":"Detaljreguleringsplan for Haug Gård","pd":"2018-03-21","c":305}},{"type":"Feature","geometry":{"type":"Polygon","coordinates":[[[10.72439,59.66044],[10.72447,59.6604],[10.72447,59.66032],[10.72429,59.6603],[10.7242,59.66034],[10.72422,59.66041],[10.72439,59.66044]]]},"properties":{"a":191,"v":-446,"dh":2.34,"pl":1,"pn":"Detaljreguleringsplan for Haug Gård","pd":"2018-03-21","c":305}},{"type":"Feature","geometry":{"type":"Polygon","coordinates":[[[10.69409,59.66088],[10.69421,59.66087],[10.69432,59.66081],[10.69419,59.66072],[10.6941,59.66074],[10.694,59.66083],[10.69409,59.66088]]]},"properties":{"a":184,"v":240,"dh":1.3,"pl":0,"fo":1,"c":317}},{"type":"Feature","geometry":{"type":"Polygon","coordinates":[[[10.72427,59.66054],[10.72419,59.66051],[10.72423,59.66042],[10.72415,59.66037],[10.72382,59.66046],[10.72427,59.66054]]]},"properties":{"a":241,"v":397,"dh":1.65,"pl":1,"pn":"Detaljreguleringsplan for Haug Gård","pd":"2018-03-21","c":305}},{"type":"Feature","geometry":{"type":"Polygon","coordinates":[[[10.68782,59.66113],[10.68803,59.66103],[10.68802,59.66091],[10.68758,59.66093],[10.68762,59.66111],[10.68782,59.66113]],[[10.68766,59.66107],[10.68764,59.66104],[10.68769,59.66107],[10.68766,59.66107]]]},"properties":{"a":477,"v":574,"dh":1.2,"pl":0,"fo":1,"c":319}},{"type":"Feature","geometry":{"type":"MultiPolygon","coordinates":[[[[10.70984,59.6607],[10.70979,59.66074],[10.70983,59.66074],[10.70984,59.6607]]],[[[10.7099,59.66067],[10.70978,59.66085],[10.70968,59.66087],[10.70968,59.66095],[10.70982,59.66092],[10.7099,59.66084],[10.70988,59.66076],[10.70997,59.66074],[10.70998,59.66067],[10.7099,59.66067]]]]},"properties":{"a":188,"v":188,"dh":1.0,"pl":0,"sh":1,"c":322}},{"type":"Feature","geometry":{"type":"Polygon","coordinates":[[[10.7242,59.66089],[10.7245,59.6609],[10.72446,59.66082],[10.72426,59.66081],[10.72448,59.6608],[10.72454,59.66074],[10.72423,59.66056],[10.72405,59.66052],[10.72382,59.66055],[10.72381,59.66059],[10.72392,59.66062],[10.72388,59.66066],[10.72394,59.66071],[10.7242,59.66089]]]},"properties":{"a":960,"v":-2297,"dh":2.39,"pl":1,"pn":"Detaljreguleringsplan for Haug Gård","pd":"2018-03-21","c":305}},{"type":"Feature","geometry":{"type":"Polygon","coordinates":[[[10.70915,59.66109],[10.70903,59.66109],[10.70917,59.66112],[10.70942,59.66102],[10.7091,59.66105],[10.70915,59.66109]],[[10.70915,59.66108],[10.70922,59.66105],[10.70922,59.66107],[10.70915,59.66108]]]},"properties":{"a":114,"v":90,"dh":0.79,"pl":0,"sh":1,"c":322}},{"type":"Feature","geometry":{"type":"Polygon","coordinates":[[[10.72562,59.66103],[10.7258,59.66094],[10.72597,59.66093],[10.72609,59.66083],[10.72577,59.66073],[10.72547,59.66081],[10.72534,59.66079],[10.72532,59.6607],[10.7252,59.66075],[10.72527,59.66078],[10.72544,59.661],[10.72562,59.66103]]]},"properties":{"a":956,"v":-2592,"dh":2.71,"pl":1,"pn":"Detaljreguleringsplan for Haug Gård","pd":"2018-03-21","c":305}},{"type":"Feature","geometry":{"type":"Polygon","coordinates":[[[10.71428,59.66131],[10.71447,59.66122],[10.71455,59.66108],[10.71454,59.66095],[10.71447,59.66087],[10.71433,59.66096],[10.71421,59.66096],[10.71414,59.66102],[10.71416,59.66106],[10.71405,59.66108],[10.71413,59.66125],[10.71428,59.66131]]]},"properties":{"a":841,"v":1617,"dh":1.92,"pl":0,"fo":1,"c":321}},{"type":"Feature","geometry":{"type":"Polygon","coordinates":[[[10.72422,59.6617],[10.72423,59.66164],[10.7243,59.66157],[10.7242,59.66156],[10.72411,59.66173],[10.72422,59.6617]]]},"properties":{"a":102,"v":-135,"dh":1.32,"pl":0,"c":323}},{"type":"Feature","geometry":{"type":"Polygon","coordinates":[[[10.72438,59.66176],[10.72471,59.66157],[10.72469,59.66143],[10.72452,59.66135],[10.72455,59.66131],[10.72515,59.66143],[10.72546,59.66129],[10.72558,59.66118],[10.72557,59.66108],[10.72539,59.661],[10.72526,59.6608],[10.72517,59.66076],[10.72521,59.66063],[10.72534,59.66062],[10.72538,59.66077],[10.72549,59.66079],[10.72568,59.6607],[10.72582,59.6607],[10.72587,59.66061],[10.72613,59.6606],[10.72623,59.66073],[10.7262,59.66087],[10.72608,59.6609],[10.72621,59.66099],[10.72631,59.66093],[10.72627,59.66086],[10.7263,59.66076],[10.72641,59.66073],[10.72635,59.66067],[10.72637,59.66042],[10.72646,59.66042],[10.72653,59.66063],[10.72665,59.66066],[10.72673,59.6604],[10.72703,59.66035],[10.72646,59.66029],[10.72638,59.6603],[10.72635,59.66035],[10.7255,59.66033],[10.72536,59.6604],[10.72529,59.66049],[10.72476,59.66049],[10.72471,59.66057],[10.72434,59.66056],[10.72434,59.66062],[10.72456,59.66073],[10.72451,59.66081],[10.72455,59.66089],[10.7245,59.66093],[10.72454,59.66098],[10.7245,59.661],[10.72412,59.66088],[10.72385,59.66069],[10.72383,59.66074],[10.72374,59.66073],[10.72375,59.66077],[10.72388,59.66091],[10.72434,59.66118],[10.72425,59.66123],[10.72399,59.66111],[10.72375,59.66115],[10.72372,59.66127],[10.7239,59.66143],[10.72377,59.66159],[10.72358,59.6616],[10.72345,59.66157],[10.72341,59.66145],[10.72348,59.66138],[10.72346,59.66105],[10.72362,59.66111],[10.72376,59.66097],[10.72363,59.66084],[10.72343,59.66079],[10.72342,59.6607],[10.72337,59.66065],[10.72339,59.66043],[10.72334,59.66043],[10.72326,59.66055],[10.72323,59.66076],[10.72329,59.66093],[10.72313,59.66113],[10.72306,59.66133],[10.72286,59.66151],[10.72283,59.66163],[10.72271,59.66169],[10.72251,59.66194],[10.72212,59.6622],[10.72207,59.6623],[10.7219,59.66241],[10.7217,59.66243],[10.7217,59.66248],[10.72187,59.66256],[10.72187,59.66265],[10.72165,59.66283],[10.72164,59.66291],[10.72133,59.66289],[10.72127,59.66294],[10.72127,59.66303],[10.72154,59.66308],[10.72161,59.66316],[10.72174,59.66315],[10.72176,59.6632],[10.72192,59.66325],[10.722,59.66336],[10.72223,59.66346],[10.72234,59.66346],[10.72248,59.66334],[10.7226,59.66338],[10.72241,59.66347],[10.72235,59.66361],[10.72236,59.66392],[10.72253,59.66397],[10.72262,59.66405],[10.72276,59.66399],[10.72276,59.66395],[10.72317,59.66376],[10.72303,59.66375],[10.72315,59.66363],[10.72338,59.6636],[10.72377,59.66369],[10.72416,59.66394],[10.7245,59.66404],[10.72453,59.66398],[10.72479,59.66389],[10.72493,59.66375],[10.72494,59.66367],[10.72485,59.66352],[10.72484,59.66336],[10.72492,59.66314],[10.72509,59.66312],[10.72541,59.66316],[10.72567,59.66301],[10.72573,59.66307],[10.7262,59.66214],[10.72619,59.6621],[10.72596,59.66203],[10.72605,59.662],[10.72608,59.66193],[10.72561,59.66176],[10.72528,59.66151],[10.72496,59.66152],[10.72466,59.6616],[10.72469,59.66177],[10.72497,59.66186],[10.72491,59.66194],[10.72478,59.66198],[10.72475,59.66205],[10.72492,59.6621],[10.72498,59.66207],[10.72493,59.66202],[10.72507,59.66206],[10.7251,59.66215],[10.72499,59.66223],[10.72483,59.66218],[10.72479,59.6621],[10.72456,59.66204],[10.72444,59.66187],[10.72426,59.66176],[10.72429,59.66172],[10.72438,59.66176]],[[10.72286,59.66389],[10.72284,59.66388],[10.72286,59.66388],[10.72286,59.66389]],[[10.72403,59.66174],[10.72414,59.66154],[10.72434,59.66157],[10.7242,59.66175],[10.72403,59.66174]],[[10.72413,59.66136],[10.72415,59.66133],[10.7242,59.66132],[10.72417,59.66136],[10.72413,59.66136]],[[10.72377,59.66127],[10.72379,59.66128],[10.72377,59.66128],[10.72377,59.66127]],[[10.72442,59.66117],[10.72446,59.66115],[10.72446,59.66117],[10.72442,59.66117]],[[10.72348,59.66103],[10.72346,59.66104],[10.72346,59.66103],[10.72348,59.66103]],[[10.72344,59.66104],[10.72342,59.66099],[10.72347,59.66098],[10.72349,59.66101],[10.72344,59.66104]],[[10.72343,59.66091],[10.72345,59.66093],[10.72343,59.66093],[10.72343,59.66091]],[[10.72254,59.66386],[10.72257,59.66371],[10.72265,59.66362],[10.72272,59.66363],[10.72273,59.66373],[10.7226,59.66378],[10.72257,59.66388],[10.72254,59.66386]],[[10.72288,59.66386],[10.72293,59.6638],[10.72294,59.66384],[10.72288,59.66386]],[[10.72604,59.66216],[10.72607,59.66219],[10.72604,59.66222],[10.72604,59.66216]],[[10.72561,59.66212],[10.72559,59.66213],[10.72559,59.66212],[10.72561,59.66212]],[[10.72557,59.66209],[10.72568,59.66206],[10.72573,59.66209],[10.72557,59.66209]],[[10.72557,59.66209],[10.72555,59.6621],[10.72555,59.66209],[10.72557,59.66209]],[[10.72532,59.66204],[10.72538,59.66207],[10.72532,59.66207],[10.72532,59.66204]],[[10.72406,59.66206],[10.72403,59.66208],[10.72403,59.66206],[10.72406,59.66206]],[[10.7239,59.66204],[10.72388,59.66205],[10.72388,59.66204],[10.7239,59.66204]],[[10.72399,59.66204],[10.72404,59.66202],[10.72404,59.66204],[10.72399,59.66204]],[[10.72552,59.66203],[10.72537,59.66195],[10.72562,59.662],[10.72552,59.66203]],[[10.72417,59.66203],[10.72406,59.66201],[10.72416,59.662],[10.72417,59.66203]]]},"properties":{"a":60890,"v":183326,"dh":3.01,"pl":0,"c":323}},{"type":"Feature","geometry":{"type":"Polygon","coordinates":[[[10.70562,59.66253],[10.70598,59.66259],[10.706,59.66254],[10.70587,59.6625],[10.70562,59.66253]]]},"properties":{"a":146,"v":129,"dh":0.88,"pl":1,"pn":"Reguleringsplan for Holstadkulen","pd":"2012-02-29","sh":1,"c":324}},{"type":"Feature","geometry":{"type":"Polygon","coordinates":[[[10.70562,59.6628],[10.70597,59.6628],[10.70599,59.66276],[10.70593,59.66272],[10.70597,59.66265],[10.70581,59.66262],[10.70586,59.6627],[10.70577,59.6627],[10.70511,59.66261],[10.70503,59.66271],[10.70503,59.66278],[10.70514,59.66273],[10.70544,59.66278],[10.70553,59.66275],[10.70551,59.66279],[10.70558,59.6628],[10.70555,59.66274],[10.70574,59.66271],[10.7058,59.66278],[10.70562,59.6628]],[[10.70537,59.66276],[10.70537,59.66271],[10.70546,59.66272],[10.70537,59.66276]]]},"properties":{"a":615,"v":640,"dh":1.04,"pl":1,"pn":"Reguleringsplan for Holstadkulen","pd":"2012-02-29","c":324}},{"type":"Feature","geometry":{"type":"Polygon","coordinates":[[[10.72209,59.66345],[10.72175,59.66328],[10.72169,59.66319],[10.72149,59.66317],[10.72135,59.6631],[10.72158,59.66325],[10.72171,59.66327],[10.72189,59.66342],[10.72209,59.66345]]]},"properties":{"a":155,"v":-147,"dh":0.95,"pl":0,"sh":1,"c":323}},{"type":"Feature","geometry":{"type":"Polygon","coordinates":[[[10.69756,59.66388],[10.69776,59.66389],[10.69782,59.6638],[10.69756,59.66382],[10.69756,59.66388]]]},"properties":{"a":117,"v":196,"dh":1.67,"pl":0,"fo":1,"c":325}},{"type":"Feature","geometry":{"type":"Polygon","coordinates":[[[10.72253,59.66413],[10.72262,59.66407],[10.72237,59.66405],[10.72231,59.66399],[10.7223,59.66412],[10.72253,59.66413]]]},"properties":{"a":161,"v":-208,"dh":1.29,"pl":0,"c":323}},{"type":"Feature","geometry":{"type":"MultiPolygon","coordinates":[[[[10.71984,59.66516],[10.72,59.66524],[10.72009,59.66524],[10.71996,59.66517],[10.71984,59.66516]]],[[[10.7198,59.66514],[10.7194,59.66504],[10.71923,59.66505],[10.71881,59.66534],[10.71878,59.66543],[10.71909,59.66548],[10.71903,59.66538],[10.71924,59.66525],[10.7193,59.66518],[10.71927,59.66513],[10.7193,59.6651],[10.7198,59.66514]]]]},"properties":{"a":719,"v":834,"dh":1.16,"pl":0,"c":326}},{"type":"Feature","geometry":{"type":"Polygon","coordinates":[[[10.72271,59.66544],[10.72269,59.66537],[10.72286,59.66534],[10.7228,59.66525],[10.7227,59.66525],[10.72263,59.66532],[10.72267,59.66545],[10.72271,59.66544]]]},"properties":{"a":137,"v":132,"dh":0.96,"pl":0,"sh":1,"c":327}},{"type":"Feature","geometry":{"type":"Polygon","coordinates":[[[10.71822,59.6658],[10.71839,59.66566],[10.71853,59.66566],[10.71854,59.66562],[10.71826,59.66561],[10.71809,59.66572],[10.71815,59.6658],[10.71822,59.6658]]]},"properties":{"a":270,"v":399,"dh":1.48,"pl":0,"c":326}},{"type":"Feature","geometry":{"type":"Polygon","coordinates":[[[10.72098,59.66854],[10.72151,59.66834],[10.72161,59.66825],[10.72089,59.66851],[10.72098,59.66854]]]},"properties":{"a":218,"v":276,"dh":1.27,"pl":0,"fo":1,"c":328}},{"type":"Feature","geometry":{"type":"Polygon","coordinates":[[[10.7593,59.63267],[10.75919,59.63246],[10.75925,59.63227],[10.75914,59.63223],[10.75918,59.63229],[10.75913,59.63236],[10.75912,59.63253],[10.7593,59.63267]]]},"properties":{"a":196,"v":177,"dh":0.9,"pl":0,"sh":1,"c":329}},{"type":"Feature","geometry":{"type":"Polygon","coordinates":[[[10.75848,59.63355],[10.75857,59.63354],[10.7586,59.6335],[10.75844,59.6335],[10.75845,59.63334],[10.75835,59.63335],[10.75833,59.63348],[10.75848,59.63355]]]},"properties":{"a":138,"v":150,"dh":1.09,"pl":0,"fo":1,"c":330}},{"type":"Feature","geometry":{"type":"Polygon","coordinates":[[[10.76057,59.6646],[10.76099,59.66456],[10.76101,59.66451],[10.76109,59.66448],[10.76015,59.66445],[10.76026,59.66449],[10.76092,59.66448],[10.76055,59.66456],[10.76057,59.6646]]]},"properties":{"a":369,"v":-436,"dh":1.18,"pl":1,"pn":"Campus ÅS","pd":"2012-06-20","c":78}},{"type":"Feature","geometry":{"type":"Polygon","coordinates":[[[10.76057,59.66466],[10.76128,59.66465],[10.76135,59.66461],[10.76106,59.66456],[10.76101,59.6646],[10.76052,59.66463],[10.76057,59.66466]],[[10.76121,59.66462],[10.76122,59.66461],[10.76123,59.66462],[10.76121,59.66462]]]},"properties":{"a":221,"v":194,"dh":0.88,"pl":1,"pn":"Campus ÅS","pd":"2012-06-20","sh":1,"c":78}},{"type":"Feature","geometry":{"type":"Polygon","coordinates":[[[10.761,59.66508],[10.76111,59.66508],[10.76119,59.66499],[10.76078,59.665],[10.761,59.66508]],[[10.76087,59.66503],[10.76093,59.66502],[10.76093,59.66503],[10.76087,59.66503]],[[10.76084,59.66501],[10.76085,59.665],[10.76086,59.66501],[10.76084,59.66501]]]},"properties":{"a":170,"v":130,"dh":0.77,"pl":1,"pn":"Campus ÅS","pd":"2012-06-20","sh":1,"c":78}},{"type":"Feature","geometry":{"type":"Polygon","coordinates":[[[10.75819,59.66523],[10.75818,59.66515],[10.75824,59.66515],[10.75823,59.66511],[10.75819,59.66503],[10.75812,59.66503],[10.75811,59.66511],[10.75815,59.66514],[10.75811,59.66517],[10.75819,59.66523]]]},"properties":{"a":102,"v":-122,"dh":1.2,"pl":1,"pn":"Campus ÅS","pd":"2012-06-20","c":78}},{"type":"Feature","geometry":{"type":"Polygon","coordinates":[[[10.75942,59.6654],[10.75948,59.66523],[10.75947,59.66509],[10.75933,59.66503],[10.7593,59.66517],[10.75942,59.6654]]]},"properties":{"a":248,"v":-242,"dh":0.97,"pl":1,"pn":"Campus ÅS","pd":"2012-06-20","sh":1,"c":78}},{"type":"Feature","geometry":{"type":"Polygon","coordinates":[[[10.76114,59.66603],[10.76126,59.66596],[10.76111,59.66578],[10.76117,59.66531],[10.76099,59.66526],[10.76094,59.66529],[10.76093,59.66548],[10.76085,59.66551],[10.76087,59.66594],[10.76114,59.66603]]]},"properties":{"a":1245,"v":-1968,"dh":1.58,"pl":1,"pn":"Campus ÅS","pd":"2012-06-20","c":78}},{"type":"Feature","geometry":{"type":"Polygon","coordinates":[[[10.7609,59.6669],[10.76099,59.66685],[10.761,59.66677],[10.76085,59.66665],[10.76113,59.66658],[10.76112,59.66607],[10.76071,59.66601],[10.76065,59.66609],[10.76054,59.66609],[10.76057,59.66636],[10.76051,59.66651],[10.76035,59.66654],[10.76049,59.6666],[10.76025,59.66665],[10.76031,59.66677],[10.7604,59.66677],[10.76049,59.66685],[10.76065,59.66682],[10.76065,59.66686],[10.7609,59.6669]]]},"properties":{"a":3115,"v":3703,"dh":1.19,"pl":1,"pn":"Campus ÅS","pd":"2012-06-20","c":78}},{"type":"Feature","geometry":{"type":"Polygon","coordinates":[[[10.75986,59.6667],[10.75998,59.66658],[10.75963,59.66662],[10.75968,59.66667],[10.75986,59.6667]]]},"properties":{"a":178,"v":-236,"dh":1.33,"pl":1,"pn":"Campus ÅS","pd":"2012-06-20","c":78}},{"type":"Feature","geometry":{"type":"Polygon","coordinates":[[[10.76911,59.662],[10.76901,59.66206],[10.76917,59.66205],[10.76914,59.66193],[10.76893,59.66191],[10.76897,59.66195],[10.76892,59.66199],[10.76894,59.66204],[10.76911,59.662]],[[10.76906,59.662],[10.76904,59.66196],[10.76911,59.66193],[10.76911,59.66197],[10.76906,59.662]],[[10.76897,59.66202],[10.76902,59.66198],[10.76902,59.66201],[10.76897,59.66202]],[[10.769,59.66195],[10.76902,59.66194],[10.76902,59.66195],[10.769,59.66195]]]},"properties":{"a":143,"v":126,"dh":0.88,"pl":2,"pn":"Detaljregulering for nordre del av studentbyen Pentagon","pd":"2025-04-09","sh":1,"c":331}},{"type":"Feature","geometry":{"type":"Polygon","coordinates":[[[10.76372,59.66352],[10.76379,59.66346],[10.76322,59.66345],[10.76347,59.66351],[10.76372,59.66352]]]},"properties":{"a":167,"v":144,"dh":0.86,"pl":0,"sh":1,"c":332}},{"type":"Feature","geometry":{"type":"Polygon","coordinates":[[[10.76322,59.66373],[10.76339,59.66367],[10.76339,59.66352],[10.76307,59.66353],[10.76309,59.66371],[10.76322,59.66373]]]},"properties":{"a":384,"v":-433,"dh":1.13,"pl":0,"c":332}},{"type":"Feature","geometry":{"type":"Polygon","coordinates":[[[10.76155,59.66464],[10.76217,59.66467],[10.76224,59.66462],[10.76216,59.66455],[10.76125,59.66451],[10.76183,59.66458],[10.76135,59.66456],[10.76155,59.66464]]]},"properties":{"a":533,"v":-730,"dh":1.37,"pl":1,"pn":"Campus ÅS","pd":"2012-06-20","c":78}},{"type":"Feature","geometry":{"type":"Polygon","coordinates":[[[10.76099,59.66489],[10.76188,59.66492],[10.76292,59.66482],[10.76311,59.66477],[10.76301,59.66476],[10.76309,59.66471],[10.76258,59.66469],[10.76246,59.66474],[10.76224,59.66472],[10.76187,59.66478],[10.76143,59.66475],[10.76152,59.66481],[10.76186,59.66485],[10.76163,59.66487],[10.76111,59.66473],[10.76054,59.66476],[10.76063,59.66483],[10.76094,59.66488],[10.76099,59.66489]],[[10.7612,59.66488],[10.76118,59.66486],[10.7612,59.66486],[10.7612,59.66488]],[[10.76202,59.66485],[10.76198,59.66483],[10.76202,59.66482],[10.76202,59.66485]],[[10.76166,59.66481],[10.76168,59.6648],[10.76168,59.66481],[10.76166,59.66481]],[[10.76221,59.66479],[10.76226,59.66476],[10.76228,59.66479],[10.76221,59.66479]]]},"properties":{"a":1792,"v":2072,"dh":1.16,"pl":1,"pn":"Campus ÅS","pd":"2012-06-20","c":78}},{"type":"Feature","geometry":{"type":"Polygon","coordinates":[[[10.76743,59.66588],[10.76754,59.66582],[10.76734,59.66577],[10.76724,59.66585],[10.76743,59.66588]]]},"properties":{"a":131,"v":-143,"dh":1.09,"pl":1,"pn":"Campus ÅS","pd":"2012-06-20","c":78}},{"type":"Feature","geometry":{"type":"Polygon","coordinates":[[[10.76604,59.66645],[10.76613,59.66634],[10.766,59.66624],[10.7658,59.66626],[10.76572,59.66635],[10.76604,59.66645]]]},"properties":{"a":359,"v":302,"dh":0.84,"pl":1,"pn":"Campus ÅS","pd":"2012-06-20","sh":1,"c":78}},{"type":"Feature","geometry":{"type":"Polygon","coordinates":[[[10.76643,59.66645],[10.7665,59.66642],[10.7665,59.66636],[10.76632,59.66635],[10.76625,59.66639],[10.76627,59.66644],[10.76643,59.66645]]]},"properties":{"a":137,"v":145,"dh":1.06,"pl":1,"pn":"Campus ÅS","pd":"2012-06-20","c":78}},{"type":"Feature","geometry":{"type":"MultiPolygon","coordinates":[[[[10.76525,59.66654],[10.76523,59.66655],[10.76525,59.66655],[10.76525,59.66654]]],[[[10.76527,59.66656],[10.76561,59.66672],[10.76574,59.66671],[10.7657,59.66676],[10.7659,59.66677],[10.76583,59.6667],[10.76527,59.66656]]]]},"properties":{"a":211,"v":162,"dh":0.77,"pl":1,"pn":"Campus ÅS","pd":"2012-06-20","sh":1,"c":78}},{"type":"Feature","geometry":{"type":"Polygon","coordinates":[[[10.76508,59.66702],[10.76531,59.66709],[10.76527,59.66699],[10.76536,59.66694],[10.76507,59.6669],[10.76508,59.66702]]]},"properties":{"a":208,"v":168,"dh":0.81,"pl":1,"pn":"Campus ÅS","pd":"2012-06-20","sh":1,"c":78}},{"type":"Feature","geometry":{"type":"Polygon","coordinates":[[[10.74747,59.65996],[10.74792,59.65994],[10.74793,59.6598],[10.74754,59.6598],[10.7475,59.65989],[10.74742,59.65992],[10.74749,59.65993],[10.74747,59.65996]],[[10.74759,59.65984],[10.74764,59.65982],[10.74764,59.65983],[10.74759,59.65984]]]},"properties":{"a":440,"v":497,"dh":1.13,"pl":0,"c":333}},{"type":"Feature","geometry":{"type":"Polygon","coordinates":[[[10.75686,59.66694],[10.75716,59.66694],[10.75714,59.66688],[10.75682,59.66689],[10.75686,59.66694]]]},"properties":{"a":151,"v":-126,"dh":0.83,"pl":1,"pn":"Campus ÅS","pd":"2012-06-20","sh":1,"c":78}},{"type":"Feature","geometry":{"type":"Polygon","coordinates":[[[10.75582,59.66761],[10.75589,59.66751],[10.75544,59.667],[10.75517,59.66688],[10.75505,59.66675],[10.75469,59.6666],[10.75475,59.66669],[10.7552,59.66696],[10.75528,59.66695],[10.75522,59.66697],[10.75528,59.66711],[10.75577,59.66761],[10.75582,59.66761]]]},"properties":{"a":1021,"v":1091,"dh":1.07,"pl":1,"pn":"Campus ÅS","pd":"2012-06-20","c":78}},{"type":"Feature","geometry":{"type":"Polygon","coordinates":[[[10.75653,59.66784],[10.75676,59.66712],[10.75668,59.6669],[10.75676,59.66683],[10.75642,59.66685],[10.75646,59.66687],[10.75649,59.66716],[10.75639,59.66731],[10.75645,59.66735],[10.75636,59.66735],[10.75626,59.66744],[10.75608,59.66736],[10.756,59.66724],[10.75608,59.66707],[10.75568,59.66715],[10.75573,59.66722],[10.75572,59.66728],[10.75583,59.6673],[10.7559,59.66742],[10.75621,59.66756],[10.75634,59.6677],[10.75635,59.66782],[10.75653,59.66784]]]},"properties":{"a":2510,"v":2738,"dh":1.09,"pl":1,"pn":"Campus ÅS","pd":"2012-06-20","c":78}},{"type":"Feature","geometry":{"type":"Polygon","coordinates":[[[10.75629,59.66773],[10.75616,59.66762],[10.75616,59.66757],[10.756,59.66754],[10.75606,59.66763],[10.75629,59.66773]]]},"properties":{"a":119,"v":-158,"dh":1.33,"pl":1,"pn":"Campus ÅS","pd":"2012-06-20","c":78}},{"type":"Feature","geometry":{"type":"Polygon","coordinates":[[[10.75618,59.66796],[10.7558,59.66777],[10.75565,59.66766],[10.75567,59.66762],[10.75555,59.66749],[10.75543,59.66747],[10.75543,59.66752],[10.75559,59.66761],[10.75564,59.66773],[10.75593,59.66789],[10.75618,59.66796]]]},"properties":{"a":304,"v":-395,"dh":1.3,"pl":1,"pn":"Campus ÅS","pd":"2012-06-20","fo":1,"c":78}},{"type":"Feature","geometry":{"type":"Polygon","coordinates":[[[10.75668,59.66867],[10.75687,59.66866],[10.75689,59.66858],[10.75677,59.66861],[10.75673,59.66861],[10.75676,59.66857],[10.75669,59.66856],[10.75664,59.66861],[10.75668,59.66867]]]},"properties":{"a":121,"v":-122,"dh":1.01,"pl":1,"pn":"Reguleringsplan for NLH - Sentralområdet","pd":"1992-04-29","c":334}},{"type":"Feature","geometry":{"type":"Polygon","coordinates":[[[10.74536,59.66954],[10.74555,59.66947],[10.74555,59.66935],[10.74565,59.66935],[10.74565,59.66927],[10.74556,59.66922],[10.74561,59.66916],[10.74553,59.66911],[10.74546,59.66913],[10.74548,59.66919],[10.7454,59.66932],[10.74536,59.66954]]]},"properties":{"a":393,"v":456,"dh":1.16,"pl":1,"pn":"Del av E6 Korsegården Nord - Frogn grense","pd":"1998-12-19","c":133}},{"type":"Feature","geometry":{"type":"Polygon","coordinates":[[[10.74771,59.66955],[10.74785,59.66951],[10.74784,59.66945],[10.7476,59.66949],[10.74771,59.66955]]]},"properties":{"a":102,"v":91,"dh":0.89,"pl":1,"pn":"E6 Korsegården Nord - Frogn grense","pd":"1996-02-14","sh":1,"c":133}},{"type":"Feature","geometry":{"type":"Polygon","coordinates":[[[10.74797,59.67052],[10.74824,59.67033],[10.74745,59.67007],[10.7475,59.67003],[10.74773,59.67006],[10.74778,59.66998],[10.74724,59.66989],[10.74726,59.66985],[10.74715,59.66983],[10.74692,59.66986],[10.74685,59.66981],[10.74688,59.66968],[10.74674,59.66969],[10.74674,59.66975],[10.74683,59.66979],[10.74664,59.66985],[10.74639,59.66981],[10.74659,59.66968],[10.74655,59.66959],[10.74664,59.66956],[10.74662,59.66949],[10.74674,59.66941],[10.74637,59.66947],[10.74607,59.66942],[10.74624,59.66937],[10.74627,59.66927],[10.74605,59.66922],[10.74601,59.66912],[10.7459,59.66906],[10.7459,59.66902],[10.74569,59.66896],[10.74582,59.6694],[10.74593,59.66947],[10.74588,59.66952],[10.74577,59.66948],[10.74575,59.66955],[10.74592,59.66964],[10.74594,59.66973],[10.74608,59.66977],[10.74607,59.66992],[10.7462,59.66991],[10.7462,59.67002],[10.74645,59.67006],[10.74647,59.67011],[10.74644,59.67015],[10.74619,59.67015],[10.74612,59.67019],[10.74641,59.67033],[10.74666,59.67035],[10.74674,59.67044],[10.74688,59.67037],[10.74727,59.67035],[10.74731,59.67039],[10.74759,59.67037],[10.74756,59.67042],[10.74781,59.67051],[10.74797,59.67052]]]},"properties":{"a":8002,"v":16703,"dh":2.09,"pl":1,"pn":"E6 Korsegården Nord - Frogn grense","pd":"1996-02-14","c":133}},{"type":"Feature","geometry":{"type":"Polygon","coordinates":[[[10.76573,59.66732],[10.76577,59.66724],[10.76571,59.66721],[10.76555,59.66723],[10.76559,59.66731],[10.76573,59.66732]]]},"properties":{"a":122,"v":-159,"dh":1.3,"pl":1,"pn":"Campus ÅS","pd":"2012-06-20","c":78}},{"type":"Feature","geometry":{"type":"Polygon","coordinates":[[[10.76517,59.66738],[10.76534,59.66729],[10.76536,59.66724],[10.7653,59.66725],[10.7653,59.6672],[10.76535,59.66715],[10.76523,59.66721],[10.76515,59.66732],[10.76517,59.66738]]]},"properties":{"a":131,"v":109,"dh":0.83,"pl":1,"pn":"Campus ÅS","pd":"2012-06-20","sh":1,"c":78}},{"type":"Feature","geometry":{"type":"Polygon","coordinates":[[[10.76698,59.66743],[10.76721,59.66728],[10.76711,59.66716],[10.76686,59.66709],[10.76688,59.66717],[10.76679,59.66722],[10.7668,59.66728],[10.76692,59.66732],[10.76689,59.66743],[10.76698,59.66743]]]},"properties":{"a":533,"v":572,"dh":1.07,"pl":1,"pn":"Campus ÅS","pd":"2012-06-20","c":78}},{"type":"Feature","geometry":{"type":"MultiPolygon","coordinates":[[[[10.76591,59.66722],[10.76589,59.66723],[10.76591,59.66723],[10.76591,59.66722]]],[[[10.76627,59.66729],[10.76609,59.66724],[10.76591,59.66723],[10.7663,59.66736],[10.76627,59.66729]]],[[[10.76632,59.66737],[10.7663,59.66736],[10.76631,59.66737],[10.76632,59.66737]]]]},"properties":{"a":135,"v":142,"dh":1.06,"pl":1,"pn":"Campus ÅS","pd":"2012-06-20","c":78}},{"type":"Feature","geometry":{"type":"Polygon","coordinates":[[[10.76464,59.66772],[10.76478,59.66765],[10.76486,59.66751],[10.76472,59.66753],[10.7646,59.66744],[10.76476,59.66728],[10.76448,59.66715],[10.7645,59.66707],[10.76433,59.66699],[10.76405,59.66702],[10.76367,59.66731],[10.76339,59.66739],[10.76351,59.66754],[10.76385,59.6677],[10.76421,59.66771],[10.76425,59.6677],[10.76421,59.66763],[10.76428,59.66762],[10.76464,59.66772]],[[10.76472,59.66757],[10.76475,59.66755],[10.76475,59.66757],[10.76472,59.66757]],[[10.76443,59.66755],[10.76417,59.66754],[10.76427,59.66747],[10.7645,59.66748],[10.76443,59.66755]]]},"properties":{"a":3990,"v":-5804,"dh":1.45,"pl":1,"pn":"Campus ÅS","pd":"2012-06-20","c":78}},{"type":"Feature","geometry":{"type":"MultiPolygon","coordinates":[[[[10.76194,59.66707],[10.76196,59.66706],[10.76194,59.66706],[10.76194,59.66707]]],[[[10.76183,59.66706],[10.76206,59.66697],[10.76205,59.6669],[10.76177,59.66661],[10.76154,59.66655],[10.76119,59.66623],[10.76116,59.66634],[10.76119,59.66658],[10.76109,59.66671],[10.76112,59.66677],[10.76127,59.66676],[10.7613,59.66667],[10.76137,59.66667],[10.76142,59.66673],[10.76141,59.66678],[10.76136,59.6668],[10.76134,59.66689],[10.76102,59.66684],[10.761,59.66703],[10.76068,59.66712],[10.7607,59.66717],[10.76067,59.66719],[10.7607,59.66748],[10.76078,59.66763],[10.76066,59.66764],[10.76068,59.66774],[10.76057,59.66778],[10.76061,59.66784],[10.7606,59.66801],[10.76075,59.66805],[10.76079,59.66823],[10.76092,59.66826],[10.76087,59.66833],[10.76096,59.66832],[10.76096,59.66837],[10.76087,59.66841],[10.76079,59.66853],[10.76081,59.66859],[10.76097,59.66854],[10.76102,59.66844],[10.76114,59.66844],[10.76121,59.66837],[10.76153,59.66842],[10.76156,59.66833],[10.76182,59.66819],[10.7619,59.66809],[10.76188,59.66801],[10.76172,59.66789],[10.76167,59.66774],[10.76176,59.66767],[10.76172,59.66754],[10.76186,59.66719],[10.76183,59.66706]]]]},"properties":{"a":11781,"v":-32690,"dh":2.77,"pl":1,"pn":"Campus ÅS","pd":"2012-06-20","c":78}},{"type":"Feature","geometry":{"type":"Polygon","coordinates":[[[10.7666,59.66755],[10.76661,59.66747],[10.76656,59.66743],[10.76633,59.66743],[10.7664,59.66751],[10.7666,59.66755]]]},"properties":{"a":145,"v":-231,"dh":1.59,"pl":1,"pn":"Campus ÅS","pd":"2012-06-20","c":78}},{"type":"Feature","geometry":{"type":"Polygon","coordinates":[[[10.76572,59.66844],[10.76603,59.6682],[10.7661,59.6681],[10.76573,59.66833],[10.76569,59.66842],[10.76572,59.66844]]]},"properties":{"a":176,"v":-162,"dh":0.92,"pl":1,"pn":"Campus ÅS","pd":"2012-06-20","sh":1,"c":78}},{"type":"Feature","geometry":{"type":"MultiPolygon","coordinates":[[[[10.76517,59.66849],[10.76526,59.6684],[10.7652,59.66837],[10.76527,59.6683],[10.76525,59.66826],[10.76487,59.6681],[10.76485,59.66804],[10.76495,59.66803],[10.76493,59.66797],[10.76502,59.668],[10.76504,59.66798],[10.76488,59.6679],[10.76493,59.66782],[10.76476,59.66772],[10.76443,59.66776],[10.76382,59.66772],[10.76316,59.66734],[10.76294,59.66726],[10.76298,59.66722],[10.76294,59.66719],[10.76299,59.66719],[10.76337,59.66729],[10.76355,59.66727],[10.7634,59.66719],[10.76286,59.66706],[10.76277,59.66706],[10.76285,59.66711],[10.7628,59.66714],[10.76231,59.667],[10.76206,59.66703],[10.76203,59.66704],[10.76208,59.66711],[10.76198,59.66714],[10.76198,59.66725],[10.76189,59.66743],[10.76193,59.6675],[10.76183,59.66766],[10.76184,59.66789],[10.76191,59.66795],[10.76194,59.66809],[10.76163,59.66837],[10.76164,59.66848],[10.76177,59.66864],[10.76138,59.66888],[10.76144,59.66896],[10.76137,59.66905],[10.76137,59.66912],[10.76115,59.66928],[10.76115,59.66935],[10.76162,59.66951],[10.7617,59.66965],[10.76167,59.66972],[10.76205,59.66983],[10.76205,59.6699],[10.76212,59.66984],[10.76217,59.66986],[10.76216,59.66997],[10.76187,59.6702],[10.7619,59.67035],[10.76195,59.6704],[10.76195,59.6703],[10.76202,59.67021],[10.76222,59.67009],[10.7622,59.66999],[10.7623,59.66995],[10.76242,59.66981],[10.76253,59.6698],[10.76251,59.66976],[10.76265,59.66976],[10.76243,59.66967],[10.76244,59.66956],[10.76256,59.66948],[10.76247,59.66945],[10.76251,59.66939],[10.76245,59.66937],[10.76261,59.66934],[10.76275,59.66938],[10.76286,59.66933],[10.76271,59.66928],[10.76257,59.66932],[10.76255,59.66928],[10.76262,59.66928],[10.76259,59.66925],[10.76265,59.66916],[10.76263,59.66913],[10.76272,59.66908],[10.76288,59.66875],[10.763,59.66866],[10.763,59.66859],[10.76324,59.66843],[10.7632,59.66839],[10.7633,59.66832],[10.76351,59.66824],[10.76356,59.66815],[10.76387,59.66803],[10.76388,59.66793],[10.76433,59.66789],[10.76433,59.66798],[10.76426,59.66806],[10.7643,59.66811],[10.76398,59.66809],[10.76406,59.66815],[10.76423,59.66813],[10.7644,59.66819],[10.76428,59.66844],[10.76432,59.6685],[10.76425,59.66856],[10.7643,59.66865],[10.76417,59.66864],[10.76423,59.66868],[10.76421,59.66877],[10.76408,59.66887],[10.76411,59.6689],[10.7642,59.66887],[10.76423,59.66881],[10.76434,59.66881],[10.76436,59.66887],[10.76427,59.66891],[10.76426,59.66898],[10.76438,59.66892],[10.76449,59.66904],[10.76465,59.66906],[10.76463,59.66901],[10.76467,59.669],[10.76454,59.66892],[10.76461,59.6689],[10.76487,59.66903],[10.76497,59.66901],[10.76529,59.66872],[10.76531,59.66863],[10.76525,59.66861],[10.76527,59.66854],[10.76517,59.66849]],[[10.76481,59.66899],[10.76485,59.66898],[10.76485,59.66899],[10.76481,59.66899]],[[10.7651,59.66847],[10.76515,59.66844],[10.76519,59.66844],[10.76517,59.66847],[10.7651,59.66847]],[[10.76155,59.66943],[10.76153,59.66944],[10.76153,59.66943],[10.76155,59.66943]],[[10.76153,59.66943],[10.76149,59.66942],[10.76153,59.66942],[10.76153,59.66943]],[[10.76438,59.66884],[10.76436,59.66883],[10.76438,59.66883],[10.76438,59.66884]],[[10.76438,59.66883],[10.76439,59.66881],[10.76439,59.66883],[10.76438,59.66883]],[[10.76439,59.66881],[10.76441,59.6688],[10.76441,59.66881],[10.76439,59.66881]],[[10.7635,59.66777],[10.76337,59.66764],[10.76324,59.66757],[10.76357,59.66767],[10.76355,59.66771],[10.76363,59.66774],[10.7635,59.66777]]],[[[10.7627,59.66938],[10.76272,59.66939],[10.76272,59.66938],[10.7627,59.66938]]]]},"properties":{"a":31859,"v":78754,"dh":2.47,"pl":1,"pn":"Campus ÅS","pd":"2012-06-20","c":78}},{"type":"Feature","geometry":{"type":"MultiPolygon","coordinates":[[[[10.76474,59.66898],[10.7647,59.66899],[10.76474,59.669],[10.76474,59.66898]]],[[[10.76474,59.669],[10.76476,59.66901],[10.76476,59.669],[10.76474,59.669]]],[[[10.76476,59.66901],[10.76485,59.66907],[10.76484,59.6692],[10.76472,59.66923],[10.76491,59.66925],[10.76494,59.66916],[10.76487,59.66905],[10.76476,59.66901]]]]},"properties":{"a":132,"v":-157,"dh":1.19,"pl":1,"pn":"Campus ÅS","pd":"2012-06-20","c":78}},{"type":"Feature","geometry":{"type":"Polygon","coordinates":[[[10.76333,59.66985],[10.76365,59.6698],[10.76362,59.66973],[10.76366,59.66972],[10.76384,59.66971],[10.76378,59.66964],[10.76394,59.66962],[10.76399,59.66957],[10.76391,59.66946],[10.76407,59.66936],[10.76409,59.6691],[10.76405,59.66897],[10.76355,59.66909],[10.76345,59.66915],[10.76346,59.66922],[10.76325,59.66932],[10.7632,59.66945],[10.76331,59.66944],[10.76336,59.6695],[10.76326,59.66949],[10.7633,59.66965],[10.7632,59.66975],[10.76333,59.66985]]]},"properties":{"a":3102,"v":-7770,"dh":2.5,"pl":1,"pn":"Campus ÅS","pd":"2012-06-20","c":78}},{"type":"Feature","geometry":{"type":"Polygon","coordinates":[[[10.76178,59.67053],[10.76167,59.67031],[10.76156,59.67031],[10.76173,59.67051],[10.76178,59.67053]]]},"properties":{"a":101,"v":-94,"dh":0.93,"pl":1,"pn":"Campus ÅS","pd":"2012-06-20","sh":1,"c":78}},{"type":"Feature","geometry":{"type":"Polygon","coordinates":[[[10.76348,59.67104],[10.76391,59.67082],[10.76396,59.67073],[10.76371,59.67076],[10.76341,59.67101],[10.76348,59.67104]]]},"properties":{"a":356,"v":504,"dh":1.42,"pl":1,"pn":"Campus ÅS","pd":"2012-06-20","c":78}},{"type":"Feature","geometry":{"type":"Polygon","coordinates":[[[10.76324,59.67162],[10.76317,59.67152],[10.76275,59.67129],[10.76299,59.67153],[10.76324,59.67162]]]},"properties":{"a":197,"v":182,"dh":0.92,"pl":1,"pn":"Campus ÅS","pd":"2012-06-20","sh":1,"c":78}},{"type":"Feature","geometry":{"type":"Polygon","coordinates":[[[10.76181,59.67575],[10.76191,59.6756],[10.76203,59.67556],[10.76199,59.67552],[10.76203,59.67549],[10.76217,59.67553],[10.76242,59.6755],[10.76249,59.6756],[10.76258,59.6756],[10.76255,59.67541],[10.76233,59.67525],[10.76205,59.67525],[10.7619,59.67542],[10.76192,59.67547],[10.76181,59.6757],[10.76181,59.67575]],[[10.76225,59.67539],[10.76227,59.67538],[10.76227,59.67539],[10.76225,59.67539]]]},"properties":{"a":1067,"v":1889,"dh":1.77,"pl":1,"pn":"Einarstujordet","pd":"2012-06-20","c":335}},{"type":"Feature","geometry":{"type":"Polygon","coordinates":[[[10.76325,59.67579],[10.76355,59.67578],[10.76357,59.67573],[10.76328,59.6756],[10.76321,59.67546],[10.76295,59.67543],[10.76306,59.67561],[10.76309,59.67575],[10.76325,59.67579]]]},"properties":{"a":700,"v":-1136,"dh":1.62,"pl":1,"pn":"Einarstujordet","pd":"2012-06-20","c":335}},{"type":"Feature","geometry":{"type":"Polygon","coordinates":[[[10.76369,59.67578],[10.76378,59.67567],[10.76384,59.67545],[10.76359,59.67553],[10.76362,59.67576],[10.76369,59.67578]]]},"properties":{"a":325,"v":392,"dh":1.21,"pl":1,"pn":"Einarstujordet","pd":"2012-06-20","c":335}},{"type":"Feature","geometry":{"type":"Polygon","coordinates":[[[10.76612,59.67592],[10.76613,59.67582],[10.76603,59.67568],[10.76593,59.67569],[10.76591,59.67578],[10.76586,59.6758],[10.76593,59.67583],[10.76583,59.67586],[10.76583,59.6759],[10.76612,59.67592]]]},"properties":{"a":293,"v":-376,"dh":1.28,"pl":1,"pn":"Einarstujordet","pd":"2012-06-20","c":335}},{"type":"Feature","geometry":{"type":"Polygon","coordinates":[[[10.76201,59.67625],[10.76224,59.67616],[10.7623,59.67605],[10.76246,59.67601],[10.76255,59.67591],[10.76256,59.67583],[10.76244,59.67553],[10.76235,59.67551],[10.76191,59.67563],[10.76178,59.67594],[10.76183,59.67612],[10.76176,59.67615],[10.76201,59.67625]]]},"properties":{"a":2414,"v":-6358,"dh":2.63,"pl":1,"pn":"Einarstujordet","pd":"2012-06-20","c":335}},{"type":"Feature","geometry":{"type":"Polygon","coordinates":[[[10.76614,59.67642],[10.76645,59.67649],[10.76645,59.67644],[10.76635,59.67631],[10.76614,59.67642]]]},"properties":{"a":222,"v":-298,"dh":1.34,"pl":1,"pn":"Einarstujordet","pd":"2012-06-20","c":335}},{"type":"Feature","geometry":{"type":"MultiPolygon","coordinates":[[[[10.76284,59.67705],[10.76293,59.67714],[10.76304,59.67714],[10.76335,59.67704],[10.76335,59.67697],[10.7632,59.67688],[10.76334,59.67687],[10.76321,59.67682],[10.76334,59.67679],[10.7633,59.67674],[10.76333,59.6767],[10.76324,59.67663],[10.76291,59.67601],[10.76278,59.67606],[10.76283,59.6763],[10.76256,59.6766],[10.76259,59.67675],[10.76297,59.67681],[10.76286,59.67687],[10.76265,59.67684],[10.76261,59.67688],[10.76267,59.67691],[10.76258,59.6769],[10.76281,59.67697],[10.76283,59.67701],[10.76278,59.677],[10.76277,59.67705],[10.76284,59.67705]],[[10.76298,59.67682],[10.76311,59.6768],[10.76314,59.67683],[10.76304,59.67684],[10.76298,59.67682]]],[[[10.76275,59.67705],[10.76277,59.67707],[10.76277,59.67705],[10.76275,59.67705]]]]},"properties":{"a":3026,"v":5269,"dh":1.74,"pl":1,"pn":"Einarstujordet","pd":"2012-06-20","c":335}},{"type":"Feature","geometry":{"type":"Polygon","coordinates":[[[10.76552,59.67671],[10.76559,59.67665],[10.76558,59.67654],[10.76563,59.67652],[10.76565,59.67645],[10.76543,59.67646],[10.76538,59.67653],[10.76534,59.67667],[10.76552,59.67671]]]},"properties":{"a":309,"v":-649,"dh":2.1,"pl":1,"pn":"Einarstujordet","pd":"2012-06-20","c":335}},{"type":"Feature","geometry":{"type":"Polygon","coordinates":[[[10.76177,59.67737],[10.76198,59.67729],[10.76204,59.67717],[10.76234,59.67703],[10.7624,59.67686],[10.7625,59.67677],[10.76234,59.67668],[10.76223,59.67673],[10.76188,59.67674],[10.7617,59.6768],[10.76157,59.677],[10.76127,59.67698],[10.7613,59.67712],[10.76145,59.6771],[10.76143,59.67725],[10.76146,59.6773],[10.76177,59.67737]]]},"properties":{"a":2837,"v":5640,"dh":1.99,"pl":1,"pn":"Einarstujordet","pd":"2012-06-20","c":335}},{"type":"Feature","geometry":{"type":"Polygon","coordinates":[[[10.76552,59.67717],[10.76543,59.67704],[10.76542,59.67695],[10.76537,59.6769],[10.76528,59.6769],[10.76526,59.67683],[10.76491,59.67695],[10.76495,59.67702],[10.76491,59.67704],[10.76502,59.67707],[10.76501,59.67713],[10.76552,59.67717]]]},"properties":{"a":795,"v":-1923,"dh":2.42,"pl":1,"pn":"Einarstujordet","pd":"2012-06-20","c":335}},{"type":"Feature","geometry":{"type":"MultiPolygon","coordinates":[[[[10.76573,59.6773],[10.76578,59.67729],[10.76573,59.67729],[10.76573,59.6773]]],[[[10.76573,59.67729],[10.76554,59.6772],[10.76542,59.67721],[10.7654,59.67716],[10.76531,59.67716],[10.76549,59.67746],[10.76549,59.67758],[10.76554,59.67754],[10.76552,59.67735],[10.7656,59.67727],[10.76573,59.67729]]]]},"properties":{"a":317,"v":414,"dh":1.31,"pl":1,"pn":"Einarstujordet","pd":"2012-06-20","c":335}},{"type":"Feature","geometry":{"type":"Polygon","coordinates":[[[10.76254,59.67779],[10.76268,59.67774],[10.76268,59.6777],[10.76245,59.67744],[10.76225,59.67741],[10.76208,59.67747],[10.76206,59.67757],[10.76219,59.6776],[10.76222,59.67775],[10.76254,59.67779]]]},"properties":{"a":946,"v":-1917,"dh":2.03,"pl":1,"pn":"Einarstujordet","pd":"2012-06-20","c":335}},{"type":"Feature","geometry":{"type":"Polygon","coordinates":[[[10.76368,59.6786],[10.76384,59.67854],[10.76385,59.67847],[10.76371,59.67841],[10.76351,59.6784],[10.76347,59.67855],[10.76368,59.6786]]]},"properties":{"a":375,"v":-673,"dh":1.79,"pl":1,"pn":"Einarstujordet","pd":"2012-06-20","c":335}},{"type":"Feature","geometry":{"type":"Polygon","coordinates":[[[10.76938,59.68024],[10.76986,59.68015],[10.76985,59.68013],[10.76945,59.68016],[10.76938,59.68024]]]},"properties":{"a":150,"v":195,"dh":1.3,"pl":1,"pn":"Detaljreguleringsplan for Norderås førerhundskole","pd":"2019-10-23","c":336}},{"type":"Feature","geometry":{"type":"Polygon","coordinates":[[[10.76765,59.68037],[10.76763,59.6803],[10.76783,59.68022],[10.76769,59.68023],[10.76767,59.68017],[10.76781,59.68008],[10.7677,59.68006],[10.76749,59.68016],[10.76762,59.68027],[10.76756,59.68036],[10.76765,59.68037]]]},"properties":{"a":276,"v":268,"dh":0.97,"pl":0,"sh":1,"c":337}},{"type":"Feature","geometry":{"type":"Polygon","coordinates":[[[10.76886,59.6804],[10.76892,59.68034],[10.76893,59.68039],[10.76898,59.68039],[10.76901,59.68031],[10.76933,59.68027],[10.76908,59.68026],[10.76899,59.68022],[10.76869,59.68027],[10.76886,59.6804]]]},"properties":{"a":321,"v":424,"dh":1.32,"pl":0,"c":337}},{"type":"Feature","geometry":{"type":"Polygon","coordinates":[[[10.74614,59.6706],[10.74627,59.67057],[10.74607,59.67046],[10.74604,59.67039],[10.74597,59.67038],[10.74596,59.67042],[10.74605,59.6705],[10.74604,59.67056],[10.74614,59.6706]]]},"properties":{"a":153,"v":150,"dh":0.98,"pl":1,"pn":"Del av E6 Korsegården Nord - Frogn grense","pd":"1998-12-19","sh":1,"c":133}},{"type":"Feature","geometry":{"type":"Polygon","coordinates":[[[10.74678,59.67054],[10.74696,59.67051],[10.74667,59.67053],[10.74674,59.67047],[10.74642,59.67047],[10.74642,59.67053],[10.74678,59.67054]]]},"properties":{"a":154,"v":142,"dh":0.93,"pl":1,"pn":"E6 Korsegården Nord - Frogn grense","pd":"1996-02-14","sh":1,"c":133}},{"type":"Feature","geometry":{"type":"Polygon","coordinates":[[[10.7478,59.67062],[10.74783,59.67057],[10.74771,59.67057],[10.74759,59.67046],[10.74697,59.6705],[10.74754,59.67055],[10.7478,59.67062]]]},"properties":{"a":309,"v":443,"dh":1.43,"pl":1,"pn":"E6 Korsegården Nord - Frogn grense","pd":"1996-02-14","c":133}},{"type":"Feature","geometry":{"type":"Polygon","coordinates":[[[10.75766,59.68573],[10.75769,59.68564],[10.75788,59.68555],[10.75772,59.68555],[10.75759,59.68564],[10.75766,59.68573]]]},"properties":{"a":100,"v":-103,"dh":1.03,"pl":1,"pn":"Reguleringsplan med reguleringsbestemmelser for Berg gård","pd":"1980-01-28","sl":1,"c":338}},{"type":"Feature","geometry":{"type":"Polygon","coordinates":[[[10.75403,59.6866],[10.7543,59.68643],[10.75435,59.6863],[10.75428,59.68627],[10.75416,59.68632],[10.75413,59.68646],[10.75397,59.68653],[10.75403,59.6866]]]},"properties":{"a":282,"v":354,"dh":1.26,"pl":1,"pn":"Reguleringsplan med reguleringsbestemmelser for Berg gård","pd":"1980-01-28","fo":1,"c":339}},{"type":"Feature","geometry":{"type":"Polygon","coordinates":[[[10.74899,59.6911],[10.74932,59.69096],[10.74919,59.69089],[10.74926,59.69087],[10.74947,59.69089],[10.7495,59.69095],[10.74941,59.691],[10.74954,59.69103],[10.74968,59.69099],[10.74977,59.69104],[10.74998,59.69103],[10.7501,59.69098],[10.74924,59.69083],[10.74912,59.69088],[10.74919,59.69091],[10.74918,59.69096],[10.74905,59.69098],[10.749,59.69104],[10.74899,59.6911]]]},"properties":{"a":661,"v":829,"dh":1.25,"pl":1,"pn":"Reguleringsplan med reguleringsbestemmelser for Årungen Rostadion","pd":"1990-08-29","fo":1,"c":340}},{"type":"Feature","geometry":{"type":"MultiPolygon","coordinates":[[[[10.75781,59.69135],[10.75791,59.69147],[10.75794,59.69139],[10.7579,59.69133],[10.75791,59.69116],[10.75781,59.69135]],[[10.75785,59.69135],[10.75787,59.69136],[10.75785,59.69136],[10.75785,59.69135]]],[[[10.7578,59.69142],[10.75784,59.69143],[10.75784,59.69142],[10.7578,59.69142]]]]},"properties":{"a":124,"v":-128,"dh":1.03,"pl":0,"sl":1,"c":341}},{"type":"Feature","geometry":{"type":"MultiPolygon","coordinates":[[[[10.74731,59.6929],[10.74738,59.69304],[10.74735,59.6931],[10.7474,59.69309],[10.74744,59.69303],[10.74736,59.69299],[10.74741,59.69289],[10.74768,59.69264],[10.74771,59.69256],[10.74766,59.69256],[10.74785,59.69248],[10.74783,59.69244],[10.74778,59.69245],[10.74778,59.69237],[10.74785,59.69236],[10.74784,59.69226],[10.74803,59.69216],[10.74777,59.69224],[10.74773,59.69246],[10.74731,59.6929]],[[10.74734,59.69287],[10.74736,59.69288],[10.74734,59.69288],[10.74734,59.69287]]],[[[10.74729,59.69303],[10.74733,59.693],[10.74729,59.693],[10.74729,59.69303]]],[[[10.74728,59.69305],[10.74729,59.69303],[10.74728,59.69303],[10.74728,59.69305]]]]},"properties":{"a":550,"v":-701,"dh":1.28,"pl":1,"pn":"Reguleringsplan med reguleringsbestemmelser for Årungen Rostadion","pd":"1990-08-29","fo":1,"c":340}},{"type":"Feature","geometry":{"type":"MultiPolygon","coordinates":[[[[10.75911,59.66932],[10.7592,59.66928],[10.75947,59.66936],[10.76004,59.66941],[10.75992,59.66918],[10.76006,59.66909],[10.76012,59.66897],[10.76001,59.66894],[10.75993,59.66876],[10.76002,59.66868],[10.76025,59.66863],[10.76026,59.66857],[10.76042,59.66858],[10.76052,59.66853],[10.76055,59.66843],[10.76048,59.66838],[10.76065,59.66829],[10.7606,59.66822],[10.76066,59.66812],[10.76043,59.66799],[10.76006,59.66789],[10.76006,59.66785],[10.7603,59.66766],[10.76051,59.66761],[10.76046,59.66757],[10.76054,59.66753],[10.76049,59.66749],[10.76053,59.66728],[10.76049,59.66714],[10.76059,59.66711],[10.76061,59.66702],[10.76049,59.66692],[10.76051,59.66688],[10.76044,59.66691],[10.76007,59.66689],[10.75996,59.66698],[10.75981,59.66702],[10.75974,59.66676],[10.75957,59.66666],[10.75957,59.66658],[10.75948,59.66652],[10.75932,59.66655],[10.7593,59.6665],[10.7594,59.66645],[10.75949,59.66632],[10.75936,59.66622],[10.7594,59.66609],[10.75933,59.66547],[10.75924,59.66528],[10.75897,59.66521],[10.75898,59.66511],[10.7591,59.66514],[10.75912,59.66507],[10.75919,59.6651],[10.75924,59.66508],[10.75922,59.66503],[10.7588,59.66505],[10.75855,59.66514],[10.75849,59.66529],[10.75835,59.66534],[10.75824,59.6653],[10.75819,59.66536],[10.75822,59.66524],[10.75819,59.66525],[10.75814,59.6653],[10.75809,59.66552],[10.75802,59.66553],[10.75797,59.66546],[10.75788,59.66555],[10.75781,59.66581],[10.75805,59.66577],[10.7581,59.66589],[10.75794,59.66596],[10.75774,59.66592],[10.75779,59.66606],[10.7576,59.66629],[10.75761,59.66635],[10.75772,59.66645],[10.75758,59.66661],[10.75754,59.66679],[10.75729,59.66708],[10.75731,59.66712],[10.75715,59.66715],[10.75709,59.6671],[10.75718,59.66706],[10.75713,59.66706],[10.75701,59.66712],[10.75705,59.66732],[10.75682,59.6676],[10.7567,59.66799],[10.75643,59.66792],[10.75613,59.66773],[10.75605,59.66783],[10.75627,59.66796],[10.75634,59.66795],[10.75634,59.66801],[10.75651,59.66807],[10.75653,59.66812],[10.75667,59.66814],[10.75669,59.66823],[10.75664,59.6683],[10.75699,59.66848],[10.75702,59.66866],[10.75687,59.66867],[10.75686,59.6687],[10.75709,59.66876],[10.75712,59.66862],[10.75722,59.66849],[10.75735,59.66853],[10.75733,59.66862],[10.75741,59.66865],[10.75772,59.66859],[10.75819,59.66877],[10.75842,59.66904],[10.75864,59.66915],[10.75863,59.66925],[10.75877,59.66925],[10.75878,59.66921],[10.75896,59.66925],[10.75866,59.66911],[10.75865,59.66906],[10.75876,59.66899],[10.7591,59.66916],[10.75909,59.66922],[10.75914,59.66928],[10.75911,59.66932]],[[10.75712,59.66859],[10.75706,59.66856],[10.75712,59.66856],[10.75712,59.66859]],[[10.75988,59.6681],[10.75997,59.66812],[10.75988,59.66813],[10.75988,59.6681]],[[10.75985,59.66811],[10.75979,59.66809],[10.75986,59.66809],[10.75985,59.66811]],[[10.75961,59.66807],[10.75972,59.6678],[10.75976,59.66779],[10.75974,59.66785],[10.75983,59.66789],[10.75982,59.66797],[10.75965,59.66807],[10.75961,59.66807]],[[10.75681,59.66802],[10.75682,59.66798],[10.75687,59.66799],[10.75686,59.66803],[10.75681,59.66802]],[[10.75711,59.66799],[10.75728,59.66797],[10.7573,59.66799],[10.75711,59.66799]],[[10.75737,59.66791],[10.75727,59.66783],[10.75734,59.66773],[10.75733,59.66762],[10.75748,59.66763],[10.75755,59.66771],[10.75754,59.66786],[10.75746,59.66792],[10.75737,59.66791]],[[10.75816,59.66788],[10.75816,59.6678],[10.75823,59.66779],[10.75831,59.66769],[10.75837,59.6677],[10.75832,59.66786],[10.75816,59.66788]],[[10.75996,59.66759],[10.75978,59.6675],[10.75975,59.66739],[10.75999,59.66746],[10.75996,59.66759]],[[10.76002,59.66737],[10.75981,59.66737],[10.75984,59.66725],[10.76007,59.66728],[10.76002,59.66737]],[[10.76009,59.66729],[10.76011,59.6673],[10.76009,59.6673],[10.76009,59.66729]],[[10.76014,59.66729],[10.76019,59.66723],[10.76026,59.66725],[10.76023,59.6673],[10.76014,59.66729]],[[10.75981,59.66704],[10.75983,59.66705],[10.75981,59.66706],[10.75981,59.66704]],[[10.75936,59.66664],[10.75923,59.6666],[10.75936,59.6666],[10.75936,59.66664]],[[10.75812,59.66607],[10.75805,59.66598],[10.75825,59.66606],[10.75812,59.66607]],[[10.75796,59.66574],[10.75798,59.66575],[10.75796,59.66575],[10.75796,59.66574]],[[10.758,59.66572],[10.75802,59.66573],[10.758,59.66573],[10.758,59.66572]],[[10.758,59.66566],[10.75801,59.66559],[10.75811,59.66557],[10.75805,59.66569],[10.758,59.66566]],[[10.75815,59.6656],[10.75817,59.66555],[10.75822,59.66557],[10.75821,59.66561],[10.75815,59.6656]],[[10.75821,59.66543],[10.75825,59.66545],[10.75822,59.66545],[10.75821,59.66543]],[[10.75832,59.66543],[10.75828,59.66541],[10.75834,59.66541],[10.75832,59.66543]],[[10.75826,59.66535],[10.75828,59.66537],[10.75826,59.66537],[10.75826,59.66535]],[[10.75879,59.66526],[10.75886,59.66527],[10.75879,59.66528],[10.75879,59.66526]]],[[[10.75918,59.66934],[10.75922,59.66933],[10.75918,59.66933],[10.75918,59.66934]]]]},"properties":{"a":61607,"v":155835,"dh":2.53,"pl":1,"pn":"Campus ÅS","pd":"2012-06-20","c":78}},{"type":"Feature","geometry":{"type":"Polygon","coordinates":[[[10.75813,59.66922],[10.75825,59.66911],[10.75837,59.66909],[10.75838,59.669],[10.75819,59.66896],[10.75814,59.66884],[10.75803,59.66878],[10.75778,59.66871],[10.75761,59.66874],[10.75763,59.66884],[10.75756,59.66891],[10.75758,59.66896],[10.75808,59.66901],[10.75807,59.66908],[10.758,59.66911],[10.758,59.66919],[10.75813,59.66922]]]},"properties":{"a":1189,"v":-2344,"dh":1.97,"pl":1,"pn":"Campus ÅS","pd":"2012-06-20","c":78}},{"type":"Feature","geometry":{"type":"Polygon","coordinates":[[[10.75754,59.66925],[10.75757,59.66916],[10.75743,59.66911],[10.7574,59.66923],[10.75754,59.66925]]]},"properties":{"a":116,"v":-133,"dh":1.15,"pl":1,"pn":"Campus ÅS","pd":"2012-06-20","c":78}},{"type":"Feature","geometry":{"type":"Polygon","coordinates":[[[10.75778,59.66936],[10.75785,59.66931],[10.75779,59.66924],[10.75762,59.66929],[10.75767,59.66937],[10.75778,59.66936]]]},"properties":{"a":129,"v":138,"dh":1.07,"pl":1,"pn":"Campus ÅS","pd":"2012-06-20","c":78}},{"type":"Feature","geometry":{"type":"Polygon","coordinates":[[[10.76109,59.66987],[10.76072,59.66964],[10.76076,59.66958],[10.76065,59.66957],[10.76065,59.66949],[10.76079,59.66947],[10.76099,59.66933],[10.76108,59.66935],[10.76104,59.6693],[10.76122,59.66925],[10.76136,59.66914],[10.76136,59.66893],[10.76125,59.66889],[10.76128,59.66898],[10.76121,59.669],[10.7611,59.66897],[10.76111,59.66894],[10.76083,59.6689],[10.76092,59.66886],[10.76089,59.66879],[10.76047,59.6688],[10.76014,59.66902],[10.76001,59.66917],[10.76002,59.66935],[10.76011,59.6694],[10.76027,59.66941],[10.7604,59.66949],[10.76061,59.66945],[10.76051,59.66954],[10.76029,59.66952],[10.76031,59.66957],[10.76109,59.66987]]]},"properties":{"a":4518,"v":-9008,"dh":1.99,"pl":1,"pn":"Campus ÅS","pd":"2012-06-20","c":78}},{"type":"Feature","geometry":{"type":"Polygon","coordinates":[[[10.76127,59.66959],[10.76139,59.66949],[10.7613,59.66944],[10.76109,59.66947],[10.76111,59.66953],[10.76127,59.66959]]]},"properties":{"a":178,"v":-239,"dh":1.34,"pl":1,"pn":"Campus ÅS","pd":"2012-06-20","c":78}},{"type":"Feature","geometry":{"type":"Polygon","coordinates":[[[10.76164,59.67752],[10.76192,59.67751],[10.76204,59.67742],[10.76227,59.67738],[10.76207,59.67737],[10.76205,59.67734],[10.76192,59.67743],[10.76156,59.67747],[10.76133,59.67736],[10.76132,59.67725],[10.76123,59.67728],[10.76124,59.6774],[10.7613,59.67746],[10.76164,59.67752]]]},"properties":{"a":511,"v":551,"dh":1.08,"pl":1,"pn":"Einarstujordet","pd":"2012-06-20","c":335}},{"type":"Feature","geometry":{"type":"Polygon","coordinates":[[[10.75971,59.70342],[10.75995,59.70337],[10.75981,59.70328],[10.75986,59.70329],[10.75984,59.70326],[10.75995,59.7032],[10.75973,59.7031],[10.75969,59.70304],[10.75937,59.70302],[10.75909,59.70309],[10.75885,59.70306],[10.75905,59.70315],[10.75917,59.70329],[10.75931,59.70337],[10.75971,59.70342]]]},"properties":{"a":1655,"v":2533,"dh":1.53,"pl":0,"fo":1,"c":342}},{"type":"Feature","geometry":{"type":"MultiPolygon","coordinates":[[[[10.76208,59.70322],[10.76201,59.70317],[10.76192,59.70319],[10.76192,59.70323],[10.76208,59.70322]]],[[[10.76217,59.70325],[10.76196,59.70326],[10.76195,59.70338],[10.76202,59.70337],[10.76211,59.70345],[10.7624,59.70352],[10.76247,59.70352],[10.76261,59.70342],[10.76217,59.70325]],[[10.76212,59.70338],[10.76209,59.70336],[10.76214,59.70336],[10.76212,59.70338]],[[10.76218,59.70335],[10.76207,59.70329],[10.76219,59.70332],[10.76218,59.70335]]]]},"properties":{"a":627,"v":662,"dh":1.06,"pl":0,"fo":1,"c":343}},{"type":"Feature","geometry":{"type":"Polygon","coordinates":[[[10.76334,59.70489],[10.76348,59.70477],[10.76333,59.70468],[10.76321,59.70452],[10.76309,59.70452],[10.76297,59.70463],[10.76308,59.70473],[10.76309,59.70484],[10.76334,59.70489]]]},"properties":{"a":678,"v":-1110,"dh":1.64,"pl":0,"fo":1,"c":344}},{"type":"Feature","geometry":{"type":"Polygon","coordinates":[[[10.76801,59.68052],[10.76848,59.68034],[10.76839,59.68024],[10.76842,59.68016],[10.76796,59.68017],[10.76795,59.68034],[10.76789,59.68035],[10.76783,59.68046],[10.76801,59.68052]]]},"properties":{"a":946,"v":1210,"dh":1.28,"pl":0,"c":337}},{"type":"Feature","geometry":{"type":"Polygon","coordinates":[[[10.76918,59.68048],[10.76936,59.68045],[10.76939,59.68043],[10.76934,59.68043],[10.76937,59.68038],[10.76944,59.68038],[10.76946,59.68041],[10.76941,59.68043],[10.76948,59.68047],[10.76973,59.68046],[10.76983,59.68038],[10.77008,59.68038],[10.7701,59.68033],[10.7702,59.68029],[10.77009,59.68021],[10.77034,59.68017],[10.77014,59.68016],[10.76998,59.6802],[10.76986,59.68017],[10.76937,59.68031],[10.76908,59.68034],[10.76903,59.68041],[10.76895,59.68042],[10.76918,59.68048]],[[10.76921,59.68045],[10.76927,59.68043],[10.76927,59.68045],[10.76921,59.68045]]]},"properties":{"a":1301,"v":-2060,"dh":1.58,"pl":1,"pn":"Detaljreguleringsplan for Norderås førerhundskole","pd":"2019-10-23","c":336}},{"type":"Feature","geometry":{"type":"Polygon","coordinates":[[[10.76847,59.68084],[10.76907,59.68081],[10.76926,59.68074],[10.77003,59.68077],[10.77004,59.68071],[10.76974,59.68064],[10.7689,59.68065],[10.7687,59.68073],[10.7687,59.68077],[10.76857,59.68074],[10.76843,59.6808],[10.76847,59.68084]],[[10.76985,59.68069],[10.7699,59.68069],[10.76987,59.68071],[10.76985,59.68069]]]},"properties":{"a":1068,"v":985,"dh":0.92,"pl":1,"pn":"Detaljreguleringsplan for Norderås førerhundskole","pd":"2019-10-23","c":336}},{"type":"Feature","geometry":{"type":"Polygon","coordinates":[[[10.76965,59.68137],[10.76985,59.68113],[10.76983,59.68105],[10.76976,59.681],[10.76967,59.68104],[10.76962,59.68114],[10.76965,59.68137]]]},"properties":{"a":300,"v":-371,"dh":1.24,"pl":1,"pn":"Detaljreguleringsplan for Norderås førerhundskole","pd":"2019-10-23","c":336}},{"type":"Feature","geometry":{"type":"Polygon","coordinates":[[[10.76441,59.68917],[10.76445,59.68913],[10.7637,59.689],[10.76366,59.68893],[10.76353,59.68893],[10.76355,59.68898],[10.76391,59.68904],[10.76406,59.68913],[10.76441,59.68917]]]},"properties":{"a":216,"v":294,"dh":1.36,"pl":0,"sl":1,"c":345}},{"type":"Feature","geometry":{"type":"Polygon","coordinates":[[[10.76573,59.69564],[10.76591,59.69563],[10.76592,59.69555],[10.7658,59.69552],[10.76573,59.69564]]]},"properties":{"a":103,"v":89,"dh":0.87,"pl":0,"sh":1,"c":346}},{"type":"Feature","geometry":{"type":"Polygon","coordinates":[[[10.77023,59.70985],[10.77019,59.70977],[10.77028,59.70975],[10.77029,59.70968],[10.77015,59.70956],[10.76995,59.70959],[10.77002,59.70981],[10.77023,59.70985]],[[10.77019,59.70973],[10.77021,59.70971],[10.77021,59.70973],[10.77019,59.70973]]]},"properties":{"a":415,"v":539,"dh":1.3,"pl":0,"fo":1,"c":347}},{"type":"Feature","geometry":{"type":"Polygon","coordinates":[[[10.76461,59.71418],[10.76468,59.71415],[10.76462,59.71407],[10.7645,59.71402],[10.76441,59.71403],[10.76443,59.71412],[10.76461,59.71418]]]},"properties":{"a":155,"v":278,"dh":1.79,"pl":0,"c":348}},{"type":"Feature","geometry":{"type":"Polygon","coordinates":[[[10.76529,59.71451],[10.76543,59.71448],[10.76543,59.71444],[10.76514,59.71445],[10.76505,59.71439],[10.76498,59.7144],[10.76502,59.71446],[10.76529,59.71451]]]},"properties":{"a":149,"v":148,"dh":0.99,"pl":2,"pn":"Detaljregulering for terrengregulering og nydyrking på Riis gård","pd":"2023-10-25","sh":1,"c":407}},{"type":"Feature","geometry":{"type":"Polygon","coordinates":[[[10.76511,59.71484],[10.76503,59.71462],[10.76508,59.71461],[10.76512,59.71468],[10.76515,59.71462],[10.76499,59.71458],[10.76504,59.71482],[10.76511,59.71484]]]},"properties":{"a":109,"v":100,"dh":0.92,"pl":2,"pn":"Detaljregulering for terrengregulering og nydyrking på Riis gård","pd":"2023-10-25","sh":1,"c":407}},{"type":"Feature","geometry":{"type":"Polygon","coordinates":[[[10.74826,59.701],[10.74829,59.70092],[10.7484,59.70092],[10.74835,59.70101],[10.7484,59.70101],[10.74845,59.70092],[10.74838,59.70084],[10.74839,59.70072],[10.74835,59.70067],[10.74815,59.70065],[10.74802,59.70081],[10.74813,59.70086],[10.74812,59.70098],[10.74826,59.701]]]},"properties":{"a":613,"v":784,"dh":1.28,"pl":0,"fo":1,"c":349}},{"type":"Feature","geometry":{"type":"Polygon","coordinates":[[[10.75722,59.70203],[10.7574,59.70204],[10.75746,59.70196],[10.75725,59.70192],[10.75722,59.70203]]]},"properties":{"a":160,"v":195,"dh":1.22,"pl":0,"c":350}},{"type":"Feature","geometry":{"type":"Polygon","coordinates":[[[10.75591,59.70242],[10.75594,59.70239],[10.75576,59.70234],[10.75574,59.70228],[10.75563,59.70233],[10.75564,59.70236],[10.75591,59.70242]]]},"properties":{"a":117,"v":92,"dh":0.79,"pl":0,"sh":1,"c":351}},{"type":"Feature","geometry":{"type":"Polygon","coordinates":[[[10.75656,59.70278],[10.75663,59.70269],[10.75677,59.70264],[10.7568,59.70252],[10.7566,59.7025],[10.75647,59.70269],[10.75638,59.70272],[10.75656,59.70278]]]},"properties":{"a":383,"v":-1190,"dh":3.11,"pl":0,"fo":1,"c":352}},{"type":"Feature","geometry":{"type":"Polygon","coordinates":[[[10.75648,59.70295],[10.75654,59.70291],[10.75623,59.70281],[10.7562,59.7027],[10.75617,59.70275],[10.75605,59.70278],[10.7561,59.70282],[10.75594,59.70277],[10.75589,59.70283],[10.75648,59.70295]]]},"properties":{"a":310,"v":366,"dh":1.18,"pl":0,"fo":1,"c":352}},{"type":"Feature","geometry":{"type":"Polygon","coordinates":[[[10.74774,59.70332],[10.74779,59.70314],[10.7477,59.70312],[10.74765,59.7033],[10.74774,59.70332]]]},"properties":{"a":122,"v":133,"dh":1.09,"pl":0,"c":353}},{"type":"Feature","geometry":{"type":"Polygon","coordinates":[[[10.74866,59.70355],[10.74868,59.7035],[10.74857,59.70346],[10.74852,59.70333],[10.74847,59.70332],[10.7484,59.70305],[10.74833,59.70301],[10.74812,59.70301],[10.74809,59.70316],[10.74787,59.70311],[10.7478,59.70317],[10.7478,59.70334],[10.74813,59.70335],[10.74828,59.70345],[10.7485,59.70351],[10.7485,59.70355],[10.74866,59.70355]]]},"properties":{"a":1437,"v":-2425,"dh":1.69,"pl":0,"c":353}},{"type":"Feature","geometry":{"type":"Polygon","coordinates":[[[10.74736,59.70452],[10.74743,59.70449],[10.7474,59.70436],[10.74747,59.70433],[10.74749,59.70424],[10.74731,59.70422],[10.74747,59.70416],[10.74727,59.70413],[10.7473,59.70433],[10.74726,59.70435],[10.74739,59.7044],[10.74729,59.70449],[10.74736,59.70452]]]},"properties":{"a":318,"v":516,"dh":1.62,"pl":0,"fo":1,"c":354}},{"type":"Feature","geometry":{"type":"Polygon","coordinates":[[[10.75484,59.70511],[10.75507,59.70509],[10.75512,59.70502],[10.7549,59.70498],[10.75485,59.70502],[10.75484,59.70511]]]},"properties":{"a":188,"v":-250,"dh":1.33,"pl":0,"fo":1,"c":355}},{"type":"Feature","geometry":{"type":"Polygon","coordinates":[[[10.75356,59.70573],[10.75393,59.70574],[10.7537,59.70572],[10.75382,59.70568],[10.75376,59.70564],[10.75368,59.70564],[10.7537,59.7057],[10.75354,59.70569],[10.75356,59.70573]]]},"properties":{"a":108,"v":96,"dh":0.89,"pl":0,"sh":1,"c":356}},{"type":"Feature","geometry":{"type":"Polygon","coordinates":[[[10.74039,59.66036],[10.74067,59.66052],[10.74086,59.66044],[10.74096,59.66026],[10.7409,59.66027],[10.74093,59.66019],[10.74086,59.66015],[10.74032,59.66029],[10.74036,59.66042],[10.74043,59.66042],[10.74039,59.66036]],[[10.74039,59.66036],[10.74037,59.66035],[10.74039,59.66035],[10.74039,59.66036]],[[10.74046,59.66034],[10.74041,59.66032],[10.7405,59.6603],[10.74046,59.66034]],[[10.74042,59.66028],[10.74048,59.66027],[10.74048,59.66028],[10.74042,59.66028]],[[10.74069,59.66021],[10.7407,59.6602],[10.7407,59.66021],[10.74069,59.66021]]]},"properties":{"a":818,"v":793,"dh":0.97,"pl":0,"fo":1,"c":357}},{"type":"Feature","geometry":{"type":"Polygon","coordinates":[[[10.74071,59.66091],[10.74086,59.66081],[10.74085,59.66061],[10.74076,59.66061],[10.74063,59.66052],[10.74053,59.66057],[10.74067,59.66057],[10.74062,59.66064],[10.7404,59.66055],[10.74023,59.66057],[10.74023,59.66062],[10.74014,59.66064],[10.74031,59.66085],[10.74071,59.66091]],[[10.74063,59.66089],[10.74067,59.66082],[10.7407,59.66088],[10.74063,59.66089]]]},"properties":{"a":1143,"v":1134,"dh":0.99,"pl":0,"fo":1,"c":357}},{"type":"Feature","geometry":{"type":"Polygon","coordinates":[[[10.741,59.66596],[10.74119,59.66589],[10.74121,59.66579],[10.74113,59.66574],[10.74092,59.66578],[10.74086,59.66593],[10.741,59.66596]]]},"properties":{"a":371,"v":360,"dh":0.97,"pl":0,"sh":1,"c":358}},{"type":"Feature","geometry":{"type":"Polygon","coordinates":[[[10.74164,59.66632],[10.74242,59.66634],[10.74246,59.66628],[10.74221,59.66622],[10.74201,59.66622],[10.74187,59.66628],[10.7416,59.66627],[10.74164,59.66632]]]},"properties":{"a":475,"v":-781,"dh":1.64,"pl":0,"c":358}},{"type":"Feature","geometry":{"type":"Polygon","coordinates":[[[10.74163,59.66644],[10.74211,59.66643],[10.74218,59.66637],[10.74165,59.66638],[10.74149,59.66644],[10.74174,59.6664],[10.74177,59.66642],[10.74163,59.66644]]]},"properties":{"a":229,"v":330,"dh":1.44,"pl":0,"c":358}},{"type":"Feature","geometry":{"type":"Polygon","coordinates":[[[10.74206,59.66656],[10.74206,59.66649],[10.74195,59.66646],[10.74158,59.66648],[10.74162,59.66653],[10.74195,59.66651],[10.74206,59.66656]]]},"properties":{"a":172,"v":-248,"dh":1.44,"pl":0,"c":358}},{"type":"Feature","geometry":{"type":"MultiPolygon","coordinates":[[[[10.7416,59.66657],[10.74151,59.66654],[10.74149,59.66647],[10.74146,59.66648],[10.74155,59.6666],[10.7416,59.66657]]],[[[10.74157,59.6666],[10.74159,59.66661],[10.74159,59.6666],[10.74157,59.6666]]],[[[10.74157,59.66662],[10.74161,59.66671],[10.74158,59.66673],[10.74174,59.66673],[10.74184,59.66669],[10.74166,59.66666],[10.74175,59.66661],[10.74187,59.66663],[10.74185,59.66659],[10.7419,59.66658],[10.74169,59.66653],[10.74166,59.6666],[10.74157,59.66662]]]]},"properties":{"a":254,"v":306,"dh":1.21,"pl":0,"c":358}},{"type":"Feature","geometry":{"type":"Polygon","coordinates":[[[10.74249,59.66793],[10.74263,59.66789],[10.74269,59.66768],[10.74267,59.6676],[10.74249,59.66767],[10.74254,59.66781],[10.7424,59.66791],[10.74249,59.66793]]]},"properties":{"a":295,"v":498,"dh":1.69,"pl":1,"pn":"Detaljreguleringsplan for Kvestad Gård","pd":"2018-03-21","fo":1,"c":360}},{"type":"Feature","geometry":{"type":"Polygon","coordinates":[[[10.74174,59.66812],[10.74177,59.66804],[10.74162,59.66796],[10.74135,59.66791],[10.74128,59.66797],[10.74152,59.66811],[10.74174,59.66812]]]},"properties":{"a":357,"v":694,"dh":1.94,"pl":0,"fo":1,"c":359}},{"type":"Feature","geometry":{"type":"Polygon","coordinates":[[[10.74356,59.6691],[10.74358,59.66906],[10.74372,59.66903],[10.74408,59.66883],[10.74423,59.66864],[10.7442,59.66878],[10.74427,59.66877],[10.74436,59.66866],[10.74435,59.66856],[10.74442,59.66854],[10.74447,59.66839],[10.74455,59.66834],[10.7443,59.6683],[10.74422,59.66839],[10.74376,59.66847],[10.74359,59.66864],[10.7436,59.6687],[10.74353,59.66872],[10.74353,59.66877],[10.74344,59.66872],[10.74344,59.66876],[10.7433,59.66878],[10.74331,59.66868],[10.74345,59.66862],[10.74341,59.66855],[10.74344,59.66847],[10.74375,59.66829],[10.7437,59.66825],[10.74378,59.66819],[10.74376,59.66811],[10.74381,59.66808],[10.74377,59.66803],[10.74389,59.66791],[10.74389,59.66786],[10.7438,59.66785],[10.74389,59.66779],[10.74388,59.66773],[10.74381,59.66774],[10.74374,59.6677],[10.74386,59.66764],[10.74383,59.66748],[10.74378,59.66746],[10.74381,59.66739],[10.7436,59.66738],[10.74367,59.66732],[10.74366,59.66714],[10.74371,59.66713],[10.74372,59.66703],[10.74352,59.66698],[10.74345,59.6669],[10.74329,59.6669],[10.74324,59.66702],[10.74292,59.66701],[10.74294,59.6671],[10.74289,59.66713],[10.74263,59.66717],[10.74239,59.66728],[10.74274,59.66757],[10.74272,59.66789],[10.74263,59.66793],[10.74262,59.66801],[10.74257,59.66801],[10.74253,59.66795],[10.74232,59.66798],[10.7423,59.6681],[10.74251,59.66806],[10.74252,59.66813],[10.74209,59.66813],[10.7421,59.6682],[10.74185,59.66833],[10.74176,59.66851],[10.74178,59.66859],[10.74189,59.66866],[10.74225,59.66881],[10.74255,59.66878],[10.74276,59.66865],[10.7429,59.66872],[10.74301,59.66867],[10.74303,59.66873],[10.7431,59.66874],[10.74311,59.66889],[10.74326,59.6688],[10.74325,59.66885],[10.74332,59.66887],[10.74331,59.66894],[10.74339,59.66894],[10.74335,59.66907],[10.74356,59.6691]],[[10.74346,59.6688],[10.74337,59.66883],[10.74339,59.66879],[10.74346,59.6688]],[[10.74425,59.66863],[10.74428,59.66862],[10.74428,59.66863],[10.74425,59.66863]],[[10.74309,59.66848],[10.74293,59.66848],[10.74296,59.66839],[10.74312,59.6684],[10.74309,59.66848]],[[10.74281,59.66823],[10.74279,59.66821],[10.74284,59.66823],[10.74281,59.66823]],[[10.74244,59.66801],[10.74242,59.66801],[10.74244,59.66799],[10.74244,59.66801]],[[10.74367,59.66748],[10.74371,59.66745],[10.74373,59.66747],[10.74371,59.66749],[10.74367,59.66748]],[[10.74331,59.6673],[10.74329,59.66731],[10.74329,59.6673],[10.74331,59.6673]],[[10.74331,59.6673],[10.74333,59.66729],[10.74333,59.6673],[10.74331,59.6673]],[[10.74334,59.66726],[10.74327,59.66721],[10.74334,59.66722],[10.74334,59.66726]],[[10.74324,59.66706],[10.74331,59.66705],[10.74331,59.66706],[10.74324,59.66706]]]},"properties":{"a":17344,"v":45258,"dh":2.61,"pl":1,"pn":"Detaljreguleringsplan for Kvestad Gård","pd":"2018-03-21","c":360}},{"type":"Feature","geometry":{"type":"Polygon","coordinates":[[[10.72704,59.67158],[10.72691,59.67147],[10.72695,59.67129],[10.7268,59.6714],[10.7268,59.67148],[10.72686,59.67154],[10.72704,59.67158]]]},"properties":{"a":166,"v":148,"dh":0.89,"pl":0,"sh":1,"c":361}},{"type":"Feature","geometry":{"type":"Polygon","coordinates":[[[10.73777,59.67218],[10.73782,59.67208],[10.73775,59.672],[10.73762,59.672],[10.73757,59.67206],[10.73761,59.67214],[10.73777,59.67218]]]},"properties":{"a":192,"v":262,"dh":1.36,"pl":0,"fo":1,"c":362}},{"type":"Feature","geometry":{"type":"Polygon","coordinates":[[[10.73805,59.67309],[10.73805,59.67302],[10.73777,59.67288],[10.73779,59.67276],[10.73784,59.67275],[10.73776,59.67265],[10.73781,59.67262],[10.73751,59.67261],[10.73741,59.67269],[10.73723,59.67267],[10.73709,59.67276],[10.7373,59.673],[10.73764,59.67301],[10.73805,59.67309]]]},"properties":{"a":1598,"v":4539,"dh":2.84,"pl":0,"fo":1,"c":362}},{"type":"Feature","geometry":{"type":"Polygon","coordinates":[[[10.72801,59.674],[10.72817,59.67394],[10.72828,59.67394],[10.7283,59.6738],[10.72825,59.67376],[10.72813,59.67379],[10.72811,59.67392],[10.72801,59.674]]]},"properties":{"a":220,"v":308,"dh":1.4,"pl":0,"c":368}},{"type":"Feature","geometry":{"type":"Polygon","coordinates":[[[10.72722,59.67407],[10.72754,59.67407],[10.7278,59.67394],[10.72774,59.67389],[10.72732,59.67392],[10.72726,59.67394],[10.72722,59.67407]]]},"properties":{"a":500,"v":606,"dh":1.21,"pl":0,"c":368}},{"type":"Feature","geometry":{"type":"Polygon","coordinates":[[[10.73796,59.67405],[10.73799,59.67399],[10.73781,59.67389],[10.73754,59.67389],[10.73765,59.67397],[10.73796,59.67405]]]},"properties":{"a":249,"v":-335,"dh":1.35,"pl":0,"c":363}},{"type":"Feature","geometry":{"type":"Polygon","coordinates":[[[10.72746,59.67426],[10.72802,59.67412],[10.72816,59.67411],[10.72807,59.67406],[10.72775,59.67403],[10.72749,59.67412],[10.72751,59.67419],[10.72746,59.67426]]]},"properties":{"a":488,"v":-653,"dh":1.34,"pl":0,"c":368}},{"type":"Feature","geometry":{"type":"Polygon","coordinates":[[[10.72767,59.67458],[10.72774,59.67451],[10.72824,59.6743],[10.72795,59.67418],[10.7276,59.67433],[10.72737,59.67431],[10.72745,59.67453],[10.72767,59.67458]]]},"properties":{"a":1085,"v":1580,"dh":1.46,"pl":0,"c":368}},{"type":"Feature","geometry":{"type":"Polygon","coordinates":[[[10.71157,59.66882],[10.71182,59.66879],[10.71183,59.66869],[10.71188,59.66865],[10.71186,59.66861],[10.71167,59.66859],[10.71156,59.66864],[10.71151,59.66872],[10.71157,59.66882]]]},"properties":{"a":385,"v":525,"dh":1.36,"pl":0,"fo":1,"c":364}},{"type":"Feature","geometry":{"type":"Polygon","coordinates":[[[10.71497,59.66969],[10.71513,59.66965],[10.7152,59.66958],[10.71496,59.66956],[10.715,59.66962],[10.71497,59.66969]]]},"properties":{"a":103,"v":79,"dh":0.77,"pl":0,"sh":1,"c":365}},{"type":"Feature","geometry":{"type":"MultiPolygon","coordinates":[[[[10.71471,59.67013],[10.71541,59.67019],[10.716,59.67032],[10.71619,59.67031],[10.71614,59.67026],[10.71556,59.67008],[10.7155,59.67],[10.71573,59.66991],[10.71557,59.66986],[10.71548,59.66991],[10.71525,59.6699],[10.71476,59.66999],[10.71467,59.67006],[10.71471,59.67013]]],[[[10.71469,59.67012],[10.71467,59.67013],[10.71469,59.67013],[10.71469,59.67012]]],[[[10.71466,59.67014],[10.71467,59.67013],[10.71466,59.67013],[10.71466,59.67014]]]]},"properties":{"a":1723,"v":2607,"dh":1.51,"pl":0,"c":365}},{"type":"Feature","geometry":{"type":"Polygon","coordinates":[[[10.7241,59.67312],[10.72431,59.67306],[10.72426,59.67291],[10.72414,59.67293],[10.72406,59.67278],[10.72399,59.67278],[10.72387,59.67291],[10.72404,59.67297],[10.7241,59.67312]]]},"properties":{"a":461,"v":571,"dh":1.24,"pl":0,"fo":1,"c":366}},{"type":"Feature","geometry":{"type":"Polygon","coordinates":[[[10.71536,59.6735],[10.71555,59.67346],[10.71539,59.67345],[10.71532,59.67339],[10.71516,59.67341],[10.71529,59.67342],[10.71536,59.6735]]]},"properties":{"a":104,"v":-254,"dh":2.45,"pl":0,"sl":1,"c":367}},{"type":"Feature","geometry":{"type":"Polygon","coordinates":[[[10.72648,59.67456],[10.72633,59.6745],[10.7264,59.67448],[10.72638,59.67441],[10.72633,59.67439],[10.72638,59.67435],[10.72631,59.67434],[10.72633,59.67417],[10.72625,59.67417],[10.72611,59.67428],[10.72618,59.67434],[10.72615,59.6744],[10.72623,59.67449],[10.72648,59.67456]]]},"properties":{"a":383,"v":573,"dh":1.5,"pl":0,"c":368}},{"type":"Feature","geometry":{"type":"Polygon","coordinates":[[[10.72561,59.67451],[10.72559,59.67447],[10.72573,59.67441],[10.72572,59.67437],[10.72599,59.67437],[10.726,59.67432],[10.72568,59.67432],[10.7255,59.67449],[10.72561,59.67451]]]},"properties":{"a":231,"v":226,"dh":0.98,"pl":0,"sh":1,"c":368}},{"type":"Feature","geometry":{"type":"Polygon","coordinates":[[[10.71619,59.67577],[10.71641,59.67567],[10.71633,59.67546],[10.71624,59.67546],[10.71617,59.67538],[10.71599,59.67538],[10.71596,59.67554],[10.71602,59.67558],[10.71596,59.67558],[10.71597,59.67564],[10.71606,59.67574],[10.71619,59.67577]],[[10.71598,59.67548],[10.71601,59.67547],[10.71601,59.67548],[10.71598,59.67548]]]},"properties":{"a":788,"v":1177,"dh":1.49,"pl":0,"fo":1,"c":369}},{"type":"Feature","geometry":{"type":"MultiPolygon","coordinates":[[[[10.71783,59.67696],[10.71792,59.67709],[10.71791,59.6772],[10.718,59.67721],[10.71804,59.67734],[10.71829,59.6773],[10.71848,59.6772],[10.71871,59.67725],[10.71866,59.6772],[10.71871,59.67718],[10.7186,59.67718],[10.71865,59.67712],[10.71858,59.6771],[10.71812,59.67704],[10.7181,59.67668],[10.71805,59.67672],[10.71805,59.67681],[10.71789,59.67685],[10.71789,59.6768],[10.7178,59.67678],[10.7178,59.67673],[10.71768,59.67674],[10.71743,59.67653],[10.71738,59.67653],[10.71744,59.67662],[10.71773,59.67678],[10.71776,59.67693],[10.71788,59.67692],[10.71783,59.67696]]],[[[10.71781,59.67694],[10.71779,59.67695],[10.71781,59.67695],[10.71781,59.67694]]]]},"properties":{"a":1523,"v":2013,"dh":1.32,"pl":0,"fo":1,"c":394}},{"type":"Feature","geometry":{"type":"Polygon","coordinates":[[[10.74133,59.66824],[10.74136,59.66805],[10.74124,59.66804],[10.74126,59.66811],[10.74119,59.66823],[10.74133,59.66824]]]},"properties":{"a":157,"v":235,"dh":1.49,"pl":0,"fo":1,"c":359}},{"type":"Feature","geometry":{"type":"Polygon","coordinates":[[[10.74444,59.66828],[10.74456,59.66819],[10.74449,59.66807],[10.74445,59.66816],[10.74435,59.66822],[10.74435,59.66829],[10.74444,59.66828]]]},"properties":{"a":145,"v":-179,"dh":1.24,"pl":1,"pn":"E6 Korsegården Nord - Frogn grense","pd":"1996-02-14","fo":1,"c":133}},{"type":"Feature","geometry":{"type":"Polygon","coordinates":[[[10.74173,59.66839],[10.74173,59.66829],[10.74195,59.66823],[10.74197,59.66816],[10.74178,59.66818],[10.74171,59.66822],[10.74171,59.66827],[10.74157,59.66832],[10.74157,59.66836],[10.74173,59.66839]]]},"properties":{"a":214,"v":318,"dh":1.49,"pl":1,"pn":"Detaljreguleringsplan for Kvestad Gård","pd":"2018-03-21","fo":1,"c":360}},{"type":"Feature","geometry":{"type":"Polygon","coordinates":[[[10.74178,59.66871],[10.74158,59.66858],[10.74154,59.66848],[10.74144,59.66849],[10.74153,59.66865],[10.74178,59.66871]]]},"properties":{"a":171,"v":231,"dh":1.35,"pl":1,"pn":"Detaljreguleringsplan for Kvestad Gård","pd":"2018-03-21","fo":1,"c":360}},{"type":"Feature","geometry":{"type":"Polygon","coordinates":[[[10.74047,59.66942],[10.74067,59.66939],[10.74076,59.66921],[10.74071,59.66917],[10.74057,59.66922],[10.74044,59.6692],[10.74046,59.66915],[10.74017,59.66915],[10.7403,59.66916],[10.7403,59.66926],[10.74023,59.66927],[10.74029,59.66937],[10.74033,59.66937],[10.74034,59.66928],[10.74046,59.66924],[10.74047,59.6693],[10.74038,59.66936],[10.74047,59.66942]]]},"properties":{"a":567,"v":901,"dh":1.59,"pl":0,"fo":1,"c":370}},{"type":"Feature","geometry":{"type":"Polygon","coordinates":[[[10.74073,59.66961],[10.74107,59.66965],[10.74117,59.6695],[10.74109,59.66942],[10.74113,59.66938],[10.74105,59.66932],[10.74099,59.66911],[10.74084,59.66906],[10.74086,59.669],[10.7408,59.66897],[10.74079,59.66908],[10.74085,59.66917],[10.74084,59.66925],[10.74089,59.66929],[10.7409,59.66945],[10.74076,59.66953],[10.74073,59.66961]]]},"properties":{"a":890,"v":1990,"dh":2.24,"pl":1,"pn":"Detaljreguleringsplan for Kvestad Gård","pd":"2018-03-21","fo":1,"c":371}},{"type":"Feature","geometry":{"type":"Polygon","coordinates":[[[10.74302,59.6731],[10.74322,59.67279],[10.74327,59.6726],[10.74312,59.67279],[10.74314,59.67286],[10.74304,59.673],[10.74302,59.6731]]]},"properties":{"a":164,"v":-341,"dh":2.08,"pl":1,"pn":"E6 Korsegården Nord - Frogn grense","pd":"1996-02-14","sl":1,"c":133}},{"type":"Feature","geometry":{"type":"Polygon","coordinates":[[[10.74259,59.67403],[10.74274,59.67382],[10.74275,59.67371],[10.74268,59.67373],[10.74261,59.67391],[10.74259,59.67403]]]},"properties":{"a":126,"v":-346,"dh":2.75,"pl":1,"pn":"E6 Korsegården Nord - Frogn grense","pd":"1996-02-14","sl":1,"c":133}},{"type":"Feature","geometry":{"type":"Polygon","coordinates":[[[10.74127,59.67736],[10.74139,59.6772],[10.74138,59.67703],[10.74131,59.67704],[10.74132,59.67727],[10.74127,59.6773],[10.74127,59.67736]]]},"properties":{"a":143,"v":-342,"dh":2.39,"pl":1,"pn":"E6 Korsegården Nord - Frogn grense","pd":"1996-02-14","sl":1,"c":133}},{"type":"Feature","geometry":{"type":"Polygon","coordinates":[[[10.74201,59.67749],[10.74208,59.67745],[10.74216,59.67705],[10.74208,59.67711],[10.74201,59.67742],[10.74201,59.67749]]]},"properties":{"a":159,"v":-415,"dh":2.61,"pl":1,"pn":"E6 Korsegården Nord - Frogn grense","pd":"1996-02-14","sl":1,"c":133}},{"type":"Feature","geometry":{"type":"Polygon","coordinates":[[[10.74128,59.67778],[10.74131,59.67762],[10.7413,59.67756],[10.74123,59.67758],[10.74119,59.67771],[10.74119,59.67777],[10.74128,59.67778]]]},"properties":{"a":112,"v":-354,"dh":3.16,"pl":1,"pn":"E6 Korsegården Nord - Frogn grense","pd":"1996-02-14","sl":1,"c":133}},{"type":"Feature","geometry":{"type":"Polygon","coordinates":[[[10.74499,59.67784],[10.7451,59.67781],[10.74506,59.67778],[10.74511,59.67777],[10.74495,59.67776],[10.74484,59.67766],[10.74474,59.67765],[10.74481,59.67778],[10.74499,59.67784]]]},"properties":{"a":165,"v":147,"dh":0.89,"pl":0,"sh":1,"c":372}},{"type":"Feature","geometry":{"type":"Polygon","coordinates":[[[10.74055,59.67884],[10.74053,59.6787],[10.74014,59.67873],[10.74018,59.67878],[10.74025,59.67876],[10.74028,59.67882],[10.74055,59.67884]]]},"properties":{"a":250,"v":426,"dh":1.7,"pl":1,"pn":"Detaljregulering for hestesenter - Trosterud Nordre","pd":"2016-06-20","fo":1,"c":373}},{"type":"Feature","geometry":{"type":"Polygon","coordinates":[[[10.73978,59.67908],[10.73981,59.67901],[10.74001,59.67898],[10.73997,59.67892],[10.74,59.67888],[10.73995,59.67888],[10.73986,59.67876],[10.73975,59.67873],[10.73967,59.67887],[10.73964,59.67907],[10.73978,59.67908]],[[10.73977,59.67885],[10.73986,59.67882],[10.73986,59.67884],[10.73977,59.67885]]]},"properties":{"a":494,"v":666,"dh":1.35,"pl":1,"pn":"Detaljregulering for hestesenter - Trosterud Nordre","pd":"2016-06-20","fo":1,"c":374}},{"type":"Feature","geometry":{"type":"MultiPolygon","coordinates":[[[[10.74359,59.67913],[10.74367,59.67911],[10.74372,59.67901],[10.74384,59.67897],[10.74387,59.67878],[10.74376,59.67878],[10.74373,59.67888],[10.74377,59.67889],[10.7436,59.67898],[10.74359,59.67913]]],[[[10.74355,59.67916],[10.74343,59.67919],[10.74342,59.67927],[10.74358,59.67928],[10.74365,59.67923],[10.74366,59.67918],[10.74357,59.67919],[10.74355,59.67916]]]]},"properties":{"a":406,"v":457,"dh":1.12,"pl":1,"pn":"E6 Korsegården Nord - Frogn grense","pd":"1996-02-14","c":133}},{"type":"Feature","geometry":{"type":"Polygon","coordinates":[[[10.74014,59.67942],[10.74014,59.67938],[10.74022,59.67936],[10.7402,59.67931],[10.74001,59.67929],[10.74001,59.67935],[10.74014,59.67942]]]},"properties":{"a":122,"v":198,"dh":1.62,"pl":1,"pn":"Detaljregulering for hestesenter - Trosterud Nordre","pd":"2016-06-20","c":374}},{"type":"Feature","geometry":{"type":"Polygon","coordinates":[[[10.7398,59.67966],[10.7399,59.67954],[10.73984,59.67949],[10.73977,59.67949],[10.73972,59.67959],[10.7398,59.67966]]]},"properties":{"a":104,"v":148,"dh":1.42,"pl":1,"pn":"Detaljregulering for hestesenter - Trosterud Nordre","pd":"2016-06-20","fo":1,"c":374}},{"type":"Feature","geometry":{"type":"MultiPolygon","coordinates":[[[[10.74085,59.67975],[10.74088,59.67971],[10.74089,59.67962],[10.74079,59.6797],[10.74085,59.67975]]],[[[10.74085,59.67978],[10.74073,59.67981],[10.74077,59.67987],[10.74071,59.67991],[10.7407,59.68005],[10.74076,59.68003],[10.74082,59.67988],[10.74085,59.67978]]]]},"properties":{"a":165,"v":-344,"dh":2.08,"pl":1,"pn":"E6 Korsegården Nord - Frogn grense","pd":"1996-02-14","sl":1,"c":133}},{"type":"Feature","geometry":{"type":"Polygon","coordinates":[[[10.7441,59.68187],[10.74418,59.68174],[10.74414,59.68155],[10.7441,59.68155],[10.74411,59.68174],[10.74406,59.68182],[10.7441,59.68187]]]},"properties":{"a":103,"v":112,"dh":1.08,"pl":0,"sl":1,"c":375}},{"type":"Feature","geometry":{"type":"MultiPolygon","coordinates":[[[[10.74628,59.69309],[10.74632,59.69307],[10.74628,59.69307],[10.74628,59.69309]]],[[[10.74625,59.69309],[10.7462,59.69314],[10.7462,59.69323],[10.7463,59.69313],[10.74625,59.69309]]],[[[10.74615,59.69332],[10.74634,59.69321],[10.74622,59.69323],[10.74615,59.69332]]],[[[10.74637,59.69341],[10.74637,59.69337],[10.74626,59.69338],[10.74628,59.69327],[10.74621,59.6933],[10.74623,59.69344],[10.7462,59.69345],[10.74637,59.69341]],[[10.74627,59.69341],[10.74628,59.69342],[10.74627,59.69342],[10.74627,59.69341]],[[10.74628,59.69341],[10.74632,59.69339],[10.74632,59.6934],[10.74628,59.69341]]],[[[10.74634,59.69343],[10.74632,59.69345],[10.74634,59.69345],[10.74634,59.69343]]]]},"properties":{"a":162,"v":-156,"dh":0.96,"pl":1,"pn":"Reguleringsplan med reguleringsbestemmelser for Årungen Rostadion","pd":"1990-08-29","sl":1,"c":376}},{"type":"Feature","geometry":{"type":"MultiPolygon","coordinates":[[[[10.74611,59.69356],[10.7462,59.6935],[10.7462,59.69355],[10.74615,59.69358],[10.7462,59.6936],[10.74627,59.69352],[10.74614,59.69346],[10.74616,59.69348],[10.74599,59.69354],[10.74592,59.69364],[10.74598,59.69365],[10.74604,59.69356],[10.74611,59.69356]]],[[[10.74612,59.69361],[10.74604,59.69359],[10.74601,59.69365],[10.74612,59.69361]]],[[[10.74615,59.69364],[10.74621,59.69364],[10.74622,59.69363],[10.74615,59.69363],[10.74617,59.6936],[10.74612,59.69361],[10.74615,59.69364]]]]},"properties":{"a":152,"v":-139,"dh":0.91,"pl":1,"pn":"Reguleringsplan med reguleringsbestemmelser for Årungen Rostadion","pd":"1990-08-29","sl":1,"c":376}},{"type":"Feature","geometry":{"type":"MultiPolygon","coordinates":[[[[10.74535,59.69592],[10.74538,59.69592],[10.74533,59.69595],[10.74539,59.69597],[10.74535,59.69603],[10.74539,59.69606],[10.74562,59.69611],[10.74553,59.69609],[10.74546,59.69603],[10.74543,59.69584],[10.74538,59.69585],[10.74535,59.69592]],[[10.74536,59.69589],[10.74538,59.6959],[10.74536,59.6959],[10.74536,59.69589]]],[[[10.74555,59.69607],[10.74553,59.69608],[10.74555,59.69608],[10.74555,59.69607]]],[[[10.7457,59.69616],[10.7457,59.69611],[10.74562,59.69611],[10.7457,59.69616]]]]},"properties":{"a":167,"v":-216,"dh":1.29,"pl":1,"pn":"Reguleringsplan for Lurenga","pd":"2007-06-20","sl":1,"c":377}},{"type":"Feature","geometry":{"type":"Polygon","coordinates":[[[10.74671,59.69615],[10.74682,59.69611],[10.74696,59.69613],[10.74696,59.69611],[10.74681,59.69606],[10.7468,59.69611],[10.74674,59.69612],[10.74672,59.69607],[10.74653,59.69605],[10.74648,59.69613],[10.74671,59.69615]]]},"properties":{"a":187,"v":-240,"dh":1.28,"pl":1,"pn":"Reguleringsplan for Lurenga","pd":"2007-06-20","fo":1,"c":378}},{"type":"Feature","geometry":{"type":"Polygon","coordinates":[[[10.74517,59.69662],[10.74527,59.69653],[10.74548,59.69647],[10.74516,59.69641],[10.74527,59.6965],[10.74513,59.69658],[10.74517,59.69662]]]},"properties":{"a":131,"v":-270,"dh":2.06,"pl":1,"pn":"Reguleringsplan for Lurenga","pd":"2007-06-20","sl":1,"c":377}},{"type":"Feature","geometry":{"type":"MultiPolygon","coordinates":[[[[10.7446,59.69657],[10.74467,59.6965],[10.74477,59.69649],[10.74459,59.69646],[10.74441,59.6966],[10.74453,59.69652],[10.7446,59.69652],[10.7446,59.69657]]],[[[10.74464,59.69659],[10.74465,59.69656],[10.74463,59.69656],[10.74464,59.69659]]]]},"properties":{"a":110,"v":-111,"dh":1.01,"pl":1,"pn":"Reguleringsplan for Lurenga","pd":"2007-06-20","sl":1,"c":377}},{"type":"Feature","geometry":{"type":"Polygon","coordinates":[[[10.74575,59.69848],[10.74564,59.69844],[10.7457,59.69825],[10.74565,59.69822],[10.74553,59.69839],[10.74553,59.69846],[10.74575,59.69848]]]},"properties":{"a":149,"v":214,"dh":1.44,"pl":1,"pn":"Reguleringsplan for Lurenga","pd":"2007-06-20","c":379}},{"type":"Feature","geometry":{"type":"Polygon","coordinates":[[[10.72667,59.67483],[10.7269,59.67485],[10.72694,59.6748],[10.72668,59.67476],[10.72667,59.67483]]]},"properties":{"a":105,"v":114,"dh":1.09,"pl":0,"c":368}},{"type":"Feature","geometry":{"type":"Polygon","coordinates":[[[10.73197,59.67528],[10.73211,59.67519],[10.73208,59.67513],[10.73214,59.67509],[10.73212,59.67505],[10.73195,59.675],[10.73197,59.67507],[10.73192,59.67511],[10.73203,59.67518],[10.732,59.67522],[10.732,59.67518],[10.73195,59.67519],[10.73197,59.67528]]]},"properties":{"a":206,"v":-232,"dh":1.12,"pl":0,"fo":1,"c":380}},{"type":"Feature","geometry":{"type":"Polygon","coordinates":[[[10.73134,59.67895],[10.73141,59.67886],[10.73138,59.67877],[10.73149,59.67849],[10.73125,59.6783],[10.731,59.67826],[10.73102,59.67832],[10.73099,59.67834],[10.73103,59.67837],[10.7309,59.67835],[10.7309,59.6784],[10.73117,59.6785],[10.73127,59.67894],[10.73134,59.67895]]]},"properties":{"a":1023,"v":1571,"dh":1.54,"pl":0,"fo":1,"c":381}},{"type":"Feature","geometry":{"type":"Polygon","coordinates":[[[10.73495,59.68042],[10.73504,59.68039],[10.73502,59.68032],[10.73521,59.68027],[10.73519,59.68021],[10.73526,59.68018],[10.73517,59.68016],[10.73522,59.68012],[10.73515,59.68012],[10.73513,59.68007],[10.73504,59.68006],[10.73513,59.68003],[10.73523,59.68006],[10.73532,59.68002],[10.73513,59.67986],[10.73503,59.6799],[10.73499,59.67985],[10.7349,59.67986],[10.73473,59.67996],[10.73477,59.68005],[10.73474,59.68013],[10.73481,59.68016],[10.73471,59.68022],[10.73472,59.68034],[10.73495,59.68042]],[[10.73512,59.68025],[10.73515,59.68024],[10.73515,59.68025],[10.73512,59.68025]],[[10.73516,59.67996],[10.73517,59.67995],[10.73518,59.67996],[10.73516,59.67996]]]},"properties":{"a":1402,"v":1727,"dh":1.23,"pl":1,"pn":"Detaljregulering for hestesenter - Trosterud Nordre","pd":"2016-06-20","c":382}},{"type":"Feature","geometry":{"type":"Polygon","coordinates":[[[10.73609,59.68087],[10.73609,59.68083],[10.73618,59.68084],[10.73609,59.68074],[10.73578,59.68059],[10.73565,59.68062],[10.73569,59.68067],[10.73585,59.68069],[10.73586,59.68077],[10.73598,59.68077],[10.73602,59.68086],[10.73609,59.68087]],[[10.73604,59.68084],[10.73607,59.68083],[10.73607,59.68084],[10.73604,59.68084]],[[10.73594,59.68073],[10.73587,59.68072],[10.73587,59.6807],[10.73594,59.68073]]]},"properties":{"a":264,"v":257,"dh":0.97,"pl":1,"pn":"Detaljregulering for hestesenter - Trosterud Nordre","pd":"2016-06-20","sh":1,"c":382}},{"type":"Feature","geometry":{"type":"Polygon","coordinates":[[[10.72851,59.68119],[10.72853,59.68085],[10.72838,59.68079],[10.72841,59.68077],[10.72838,59.6807],[10.7283,59.6807],[10.72829,59.68077],[10.72837,59.68093],[10.72848,59.68097],[10.72843,59.681],[10.72844,59.68117],[10.72851,59.68119]]]},"properties":{"a":316,"v":252,"dh":0.8,"pl":0,"sh":1,"c":383}},{"type":"Feature","geometry":{"type":"Polygon","coordinates":[[[10.72865,59.68158],[10.7289,59.68159],[10.72884,59.68149],[10.72866,59.68145],[10.72863,59.68149],[10.72865,59.68158]]]},"properties":{"a":162,"v":157,"dh":0.97,"pl":0,"sh":1,"c":383}},{"type":"Feature","geometry":{"type":"Polygon","coordinates":[[[10.72732,59.68203],[10.72739,59.68187],[10.72728,59.68182],[10.72729,59.68178],[10.72717,59.68176],[10.72718,59.68166],[10.72697,59.68168],[10.72701,59.68181],[10.72717,59.68182],[10.72722,59.682],[10.72732,59.68203]]]},"properties":{"a":404,"v":570,"dh":1.41,"pl":0,"c":384}},{"type":"Feature","geometry":{"type":"Polygon","coordinates":[[[10.72735,59.68214],[10.72711,59.68202],[10.72708,59.68183],[10.72696,59.68182],[10.72692,59.68171],[10.72685,59.68174],[10.72694,59.68179],[10.72691,59.68194],[10.72697,59.68201],[10.72735,59.68214]]]},"properties":{"a":320,"v":-446,"dh":1.39,"pl":0,"fo":1,"c":384}},{"type":"Feature","geometry":{"type":"MultiPolygon","coordinates":[[[[10.73148,59.7175],[10.73169,59.71747],[10.73193,59.71749],[10.73185,59.71745],[10.73159,59.71744],[10.73118,59.71754],[10.73131,59.71755],[10.73148,59.7175]]],[[[10.73147,59.71752],[10.7315,59.7175],[10.73147,59.71751],[10.73147,59.71752]]]]},"properties":{"a":165,"v":-449,"dh":2.72,"pl":0,"sl":1,"c":385}},{"type":"Feature","geometry":{"type":"Polygon","coordinates":[[[10.74676,59.69876],[10.7469,59.69878],[10.74681,59.69871],[10.74686,59.69868],[10.74686,59.69863],[10.74702,59.6986],[10.74694,59.69858],[10.74696,59.69855],[10.74682,59.6986],[10.74677,59.69869],[10.74676,59.69876]]]},"properties":{"a":107,"v":-115,"dh":1.08,"pl":0,"sl":1,"c":386}},{"type":"Feature","geometry":{"type":"Polygon","coordinates":[[[10.74629,59.70374],[10.74653,59.70367],[10.74658,59.70357],[10.74622,59.70354],[10.74605,59.70364],[10.74611,59.70371],[10.74629,59.70374]]]},"properties":{"a":487,"v":1228,"dh":2.52,"pl":0,"fo":1,"c":387}},{"type":"Feature","geometry":{"type":"MultiPolygon","coordinates":[[[[10.74622,59.71303],[10.74615,59.71307],[10.74624,59.71306],[10.74631,59.71298],[10.74634,59.7129],[10.7463,59.71281],[10.74633,59.7128],[10.74628,59.71279],[10.74625,59.71296],[10.7462,59.71298],[10.74622,59.71303]]],[[[10.74617,59.71303],[10.7462,59.71301],[10.74617,59.71301],[10.74617,59.71303]]],[[[10.74624,59.71307],[10.74622,59.71309],[10.74624,59.71309],[10.74624,59.71307]]]]},"properties":{"a":116,"v":127,"dh":1.1,"pl":0,"sl":1,"c":388}},{"type":"Feature","geometry":{"type":"Polygon","coordinates":[[[10.74434,59.71521],[10.74445,59.71495],[10.74443,59.7149],[10.74449,59.71485],[10.74445,59.71479],[10.74436,59.71486],[10.74442,59.71492],[10.74437,59.71495],[10.74434,59.71513],[10.74427,59.71519],[10.74434,59.71521]]]},"properties":{"a":172,"v":220,"dh":1.28,"pl":0,"sl":1,"c":389}},{"type":"Feature","geometry":{"type":"Polygon","coordinates":[[[10.74236,59.71545],[10.74231,59.71515],[10.74224,59.71511],[10.74226,59.71523],[10.7422,59.71527],[10.74229,59.7154],[10.74226,59.71546],[10.74233,59.71548],[10.74223,59.71552],[10.74225,59.71563],[10.74233,59.71556],[10.74236,59.71545]]]},"properties":{"a":233,"v":239,"dh":1.02,"pl":0,"sl":1,"c":390}},{"type":"Feature","geometry":{"type":"MultiPolygon","coordinates":[[[[10.74298,59.71536],[10.74296,59.71537],[10.74298,59.71537],[10.74298,59.71536]]],[[[10.74297,59.71541],[10.74309,59.71547],[10.74301,59.7155],[10.74313,59.71555],[10.74314,59.71563],[10.74317,59.71562],[10.74309,59.71539],[10.74298,59.71537],[10.743,59.7154],[10.74297,59.71541]],[[10.743,59.7154],[10.74302,59.71541],[10.743,59.71541],[10.743,59.7154]],[[10.74307,59.71543],[10.74304,59.71539],[10.74307,59.7154],[10.74307,59.71543]]]]},"properties":{"a":101,"v":84,"dh":0.83,"pl":0,"sl":1,"c":390}},{"type":"Feature","geometry":{"type":"Polygon","coordinates":[[[10.74384,59.72025],[10.74393,59.72018],[10.7438,59.72023],[10.74377,59.72018],[10.7437,59.7202],[10.74358,59.72041],[10.74367,59.72043],[10.74367,59.72033],[10.74384,59.72025]],[[10.74381,59.72025],[10.74379,59.72023],[10.7438,59.72023],[10.74381,59.72025]]]},"properties":{"a":171,"v":-195,"dh":1.14,"pl":0,"sl":1,"c":391}},{"type":"Feature","geometry":{"type":"Polygon","coordinates":[[[10.74406,59.72312],[10.74404,59.72338],[10.74411,59.72345],[10.74416,59.72328],[10.74414,59.72317],[10.74406,59.72312]],[[10.7441,59.72325],[10.74411,59.72333],[10.74409,59.72333],[10.74407,59.72326],[10.7441,59.72325]],[[10.74407,59.72334],[10.74409,59.72335],[10.74407,59.72335],[10.74407,59.72334]],[[10.74409,59.72335],[10.74411,59.72336],[10.74409,59.72336],[10.74409,59.72335]]]},"properties":{"a":132,"v":121,"dh":0.92,"pl":0,"sl":1,"c":392}},{"type":"Feature","geometry":{"type":"Polygon","coordinates":[[[10.74418,59.72404],[10.74419,59.72345],[10.7441,59.72345],[10.74408,59.72354],[10.74413,59.72347],[10.74416,59.72355],[10.74408,59.72355],[10.74412,59.72362],[10.74409,59.72363],[10.74409,59.72375],[10.74415,59.72384],[10.74413,59.72401],[10.74418,59.72404]],[[10.74418,59.72373],[10.74415,59.72371],[10.74418,59.72371],[10.74418,59.72373]]]},"properties":{"a":283,"v":362,"dh":1.28,"pl":0,"sl":1,"c":392}},{"type":"Feature","geometry":{"type":"Polygon","coordinates":[[[10.72398,59.67745],[10.72396,59.67736],[10.72372,59.6773],[10.72378,59.67739],[10.72398,59.67745]]]},"properties":{"a":141,"v":171,"dh":1.21,"pl":0,"fo":1,"c":393}},{"type":"Feature","geometry":{"type":"Polygon","coordinates":[[[10.71919,59.67746],[10.71904,59.6773],[10.71911,59.67727],[10.71909,59.67723],[10.71875,59.67723],[10.71881,59.6773],[10.71866,59.67726],[10.71858,59.67739],[10.7186,59.67745],[10.71873,59.67747],[10.71889,59.67757],[10.71889,59.67762],[10.71914,59.67768],[10.71945,59.678],[10.71968,59.67817],[10.71992,59.67851],[10.72014,59.67868],[10.72037,59.67878],[10.72049,59.67891],[10.72067,59.67897],[10.72115,59.67897],[10.72217,59.67875],[10.72261,59.67877],[10.72313,59.67853],[10.72389,59.67838],[10.72446,59.67816],[10.72439,59.67812],[10.72372,59.67828],[10.72374,59.6783],[10.72348,59.67841],[10.72276,59.67851],[10.72255,59.67864],[10.722,59.67859],[10.722,59.67862],[10.7216,59.67871],[10.72112,59.67876],[10.7205,59.67875],[10.72013,59.67857],[10.7199,59.67828],[10.71994,59.67825],[10.7201,59.67839],[10.72005,59.67829],[10.71997,59.67827],[10.72003,59.67824],[10.71995,59.67823],[10.71999,59.67818],[10.71993,59.6781],[10.72002,59.6781],[10.72015,59.67818],[10.72039,59.67815],[10.72034,59.67809],[10.72038,59.67796],[10.72034,59.67777],[10.72002,59.6778],[10.71987,59.67769],[10.71961,59.67766],[10.71951,59.67758],[10.71951,59.67752],[10.71958,59.6775],[10.71954,59.67746],[10.71919,59.67746]],[[10.71919,59.67746],[10.71917,59.67747],[10.71917,59.67746],[10.71919,59.67746]],[[10.72386,59.67827],[10.72388,59.67826],[10.72388,59.67827],[10.72386,59.67827]],[[10.71983,59.67816],[10.71984,59.67814],[10.71984,59.67816],[10.71983,59.67816]],[[10.71965,59.67793],[10.71969,59.67791],[10.71969,59.67793],[10.71965,59.67793]]]},"properties":{"a":8525,"v":15728,"dh":1.84,"pl":0,"c":394}},{"type":"Feature","geometry":{"type":"Polygon","coordinates":[[[10.72914,59.74826],[10.72929,59.74809],[10.72945,59.74799],[10.7292,59.74796],[10.72913,59.748],[10.72909,59.74804],[10.72912,59.74813],[10.72898,59.74821],[10.72914,59.74826]]]},"properties":{"a":385,"v":427,"dh":1.11,"pl":1,"pn":"Reguleringsplan for et område ved Kjærnes brygge","pd":"2006-05-10","c":395}},{"type":"Feature","geometry":{"type":"Polygon","coordinates":[[[10.72822,59.74836],[10.72847,59.74827],[10.72866,59.74823],[10.72835,59.74818],[10.72817,59.74835],[10.72822,59.74836]]]},"properties":{"a":220,"v":356,"dh":1.62,"pl":1,"pn":"Reguleringsplan for et område ved Kjærnes brygge","pd":"2006-05-10","fo":1,"c":395}},{"type":"Feature","geometry":{"type":"Polygon","coordinates":[[[10.72887,59.74849],[10.72897,59.74835],[10.72878,59.74826],[10.7284,59.74831],[10.72819,59.7484],[10.72836,59.74839],[10.72887,59.74849]]]},"properties":{"a":623,"v":-1590,"dh":2.55,"pl":1,"pn":"Reguleringsplan for et område ved Kjærnes brygge","pd":"2006-05-10","fo":1,"c":395}},{"type":"Feature","geometry":{"type":"Polygon","coordinates":[[[10.72792,59.75038],[10.72814,59.75032],[10.72814,59.7503],[10.72791,59.75027],[10.72779,59.75034],[10.72792,59.75038]]]},"properties":{"a":136,"v":152,"dh":1.12,"pl":2,"pn":"Områderegulering for frittliggende småhusbebyggelse","pd":"2023-10-25","c":396}},{"type":"Feature","geometry":{"type":"Polygon","coordinates":[[[10.72593,59.75061],[10.72598,59.75055],[10.72587,59.75049],[10.72577,59.75055],[10.72581,59.75061],[10.72593,59.75061]]]},"properties":{"a":107,"v":164,"dh":1.53,"pl":1,"pn":"Boligområde ved Kjærnesstranda","pd":"2006-11-01","c":397}},{"type":"Feature","geometry":{"type":"MultiPolygon","coordinates":[[[[10.72591,59.75077],[10.72596,59.7507],[10.72604,59.75065],[10.72592,59.75069],[10.72591,59.75077]]],[[[10.72587,59.7508],[10.72581,59.75087],[10.72572,59.75088],[10.72584,59.75095],[10.72567,59.75108],[10.72569,59.75112],[10.72583,59.7511],[10.72607,59.75088],[10.72605,59.75083],[10.72587,59.7508]]]]},"properties":{"a":393,"v":-563,"dh":1.43,"pl":1,"pn":"Boligområde ved Kjærnesstranda","pd":"2006-11-01","c":397}},{"type":"Feature","geometry":{"type":"Polygon","coordinates":[[[10.72371,59.75263],[10.72375,59.75247],[10.72352,59.75245],[10.72367,59.75253],[10.7236,59.75256],[10.7236,59.7526],[10.72371,59.75263]]]},"properties":{"a":131,"v":-147,"dh":1.12,"pl":1,"pn":"Boligområde ved Kjærnesstranda","pd":"2006-11-01","fo":1,"c":398}},{"type":"Feature","geometry":{"type":"MultiPolygon","coordinates":[[[[10.72456,59.75265],[10.72463,59.75264],[10.7247,59.75254],[10.72479,59.75253],[10.72465,59.75254],[10.72458,59.75261],[10.72461,59.75262],[10.72456,59.75265]]],[[[10.72458,59.75263],[10.72439,59.75268],[10.72439,59.75272],[10.72458,59.75263]]],[[[10.72458,59.75266],[10.72455,59.75268],[10.72458,59.75268],[10.72458,59.75266]]],[[[10.72412,59.75277],[10.72427,59.75279],[10.72439,59.75272],[10.72421,59.75274],[10.72412,59.75277]],[[10.72418,59.75276],[10.72425,59.75277],[10.72418,59.75277],[10.72418,59.75276]]],[[[10.72412,59.75279],[10.72411,59.75278],[10.72411,59.75279],[10.72412,59.75279]]]]},"properties":{"a":125,"v":-120,"dh":0.96,"pl":1,"pn":"Boligområde ved Kjærnesstranda","pd":"2006-11-01","sl":1,"c":399}},{"type":"Feature","geometry":{"type":"Polygon","coordinates":[[[10.73511,59.721],[10.73522,59.72092],[10.73523,59.72083],[10.7351,59.72083],[10.73505,59.72087],[10.73504,59.72099],[10.73511,59.721]]]},"properties":{"a":151,"v":-397,"dh":2.63,"pl":0,"sl":1,"c":400}},{"type":"Feature","geometry":{"type":"Polygon","coordinates":[[[10.73468,59.72194],[10.73498,59.72183],[10.73538,59.72175],[10.73555,59.72178],[10.73561,59.72159],[10.73582,59.72155],[10.73585,59.72151],[10.73569,59.72152],[10.7355,59.7216],[10.7355,59.72164],[10.73541,59.72161],[10.73513,59.72169],[10.73466,59.72187],[10.73468,59.72194]]]},"properties":{"a":681,"v":1337,"dh":1.96,"pl":1,"pn":"Reguleringsplan for et område ved Nedre Bekk vei og Nessetveien","pd":"2003-06-11","fo":1,"c":401}},{"type":"Feature","geometry":{"type":"Polygon","coordinates":[[[10.7342,59.72266],[10.73429,59.72262],[10.7345,59.72255],[10.73436,59.72251],[10.73418,59.72262],[10.7342,59.72266]]]},"properties":{"a":145,"v":181,"dh":1.25,"pl":1,"pn":"Reguleringsplan for et område ved Nedre Bekk vei og Nessetveien","pd":"2003-06-11","c":401}},{"type":"Feature","geometry":{"type":"Polygon","coordinates":[[[10.73849,59.72295],[10.73864,59.7229],[10.7386,59.72276],[10.73853,59.72276],[10.73848,59.72284],[10.73829,59.72294],[10.73849,59.72295]]]},"properties":{"a":232,"v":229,"dh":0.99,"pl":0,"sh":1,"c":402}},{"type":"Feature","geometry":{"type":"Polygon","coordinates":[[[10.73232,59.72304],[10.73231,59.72286],[10.7322,59.72286],[10.73221,59.72292],[10.73216,59.72296],[10.73232,59.72304]]]},"properties":{"a":144,"v":188,"dh":1.31,"pl":1,"pn":"Reguleringsplan for et område ved Nedre Bekk vei og Nessetveien","pd":"2003-06-11","fo":1,"c":401}},{"type":"Feature","geometry":{"type":"Polygon","coordinates":[[[10.739,59.72334],[10.73916,59.72324],[10.73909,59.72318],[10.73924,59.72311],[10.73924,59.72307],[10.73911,59.72305],[10.73901,59.7231],[10.73898,59.72324],[10.73891,59.7233],[10.739,59.72334]]]},"properties":{"a":253,"v":337,"dh":1.33,"pl":0,"fo":1,"c":403}},{"type":"Feature","geometry":{"type":"MultiPolygon","coordinates":[[[[10.73079,59.72345],[10.73078,59.72348],[10.73106,59.72348],[10.73101,59.72341],[10.73109,59.7234],[10.73095,59.72335],[10.73002,59.72333],[10.73079,59.72345]],[[10.73078,59.72342],[10.73079,59.72344],[10.73078,59.72344],[10.73078,59.72342]]],[[[10.73109,59.7234],[10.73115,59.72339],[10.73109,59.72338],[10.73109,59.7234]]]]},"properties":{"a":378,"v":518,"dh":1.37,"pl":1,"pn":"Reguleringsplan for et område ved Nedre Bekk vei og Nessetveien","pd":"2003-06-11","fo":1,"c":401}},{"type":"Feature","geometry":{"type":"Polygon","coordinates":[[[10.7348,59.72357],[10.73496,59.72351],[10.73481,59.72343],[10.7348,59.72357]]]},"properties":{"a":110,"v":154,"dh":1.4,"pl":0,"fo":1,"c":404}},{"type":"Feature","geometry":{"type":"Polygon","coordinates":[[[10.73345,59.72363],[10.73348,59.72355],[10.73345,59.72348],[10.73322,59.72355],[10.73327,59.72361],[10.73345,59.72363]]]},"properties":{"a":174,"v":193,"dh":1.11,"pl":1,"pn":"Reguleringsplan for et område ved Nedre Bekk vei og Nessetveien","pd":"2003-06-11","c":401}},{"type":"Feature","geometry":{"type":"Polygon","coordinates":[[[10.73179,59.72379],[10.73188,59.72372],[10.7319,59.72354],[10.73164,59.72374],[10.73179,59.72379]]]},"properties":{"a":193,"v":286,"dh":1.48,"pl":1,"pn":"Reguleringsplan for et område ved Nedre Bekk vei og Nessetveien","pd":"2003-06-11","fo":1,"c":401}},{"type":"Feature","geometry":{"type":"Polygon","coordinates":[[[10.76304,59.70499],[10.76309,59.7049],[10.763,59.70488],[10.76302,59.70482],[10.76274,59.70469],[10.76264,59.70476],[10.76267,59.70489],[10.76277,59.70493],[10.7629,59.70488],[10.76281,59.70494],[10.76304,59.70499]]]},"properties":{"a":444,"v":429,"dh":0.97,"pl":0,"sh":1,"c":405}},{"type":"Feature","geometry":{"type":"Polygon","coordinates":[[[10.76286,59.71239],[10.76284,59.71234],[10.76245,59.71226],[10.76228,59.71216],[10.76202,59.71215],[10.76187,59.71207],[10.76176,59.71209],[10.76198,59.7122],[10.76227,59.71223],[10.76242,59.71232],[10.76286,59.71239]]]},"properties":{"a":454,"v":721,"dh":1.59,"pl":0,"c":406}},{"type":"Feature","geometry":{"type":"Polygon","coordinates":[[[10.76234,59.71294],[10.76269,59.71285],[10.76269,59.7128],[10.76249,59.71264],[10.76252,59.71256],[10.76262,59.71253],[10.76257,59.71248],[10.76262,59.71247],[10.76263,59.71241],[10.76226,59.71235],[10.76212,59.7124],[10.76206,59.71232],[10.7619,59.7123],[10.76172,59.71219],[10.76152,59.71216],[10.76136,59.71219],[10.76192,59.71273],[10.76203,59.71277],[10.76216,59.71289],[10.76234,59.71294]]]},"properties":{"a":3055,"v":4802,"dh":1.57,"pl":0,"c":406}},{"type":"Feature","geometry":{"type":"Polygon","coordinates":[[[10.76161,59.71279],[10.76119,59.71241],[10.76114,59.71241],[10.76142,59.71273],[10.76161,59.71279]]]},"properties":{"a":183,"v":225,"dh":1.23,"pl":2,"pn":"Detaljregulering for terrengregulering og nydyrking på Riis gård","pd":"2023-10-25","c":407}},{"type":"Feature","geometry":{"type":"Polygon","coordinates":[[[10.76256,59.71297],[10.7628,59.7129],[10.76282,59.71287],[10.76275,59.71284],[10.76257,59.7129],[10.76252,59.71293],[10.76256,59.71297]]]},"properties":{"a":109,"v":-110,"dh":1.01,"pl":0,"c":406}},{"type":"Feature","geometry":{"type":"MultiPolygon","coordinates":[[[[10.76348,59.71365],[10.76306,59.71347],[10.76264,59.71315],[10.76267,59.71308],[10.7629,59.71301],[10.76289,59.71296],[10.76275,59.71297],[10.76242,59.71311],[10.76321,59.71365],[10.76352,59.71373],[10.76347,59.71369],[10.76348,59.71365]]],[[[10.76342,59.71354],[10.76339,59.71351],[10.76326,59.71352],[10.76326,59.71353],[10.76342,59.71354]]],[[[10.76337,59.71358],[10.76339,59.71355],[10.76337,59.71355],[10.76337,59.71358]]]]},"properties":{"a":816,"v":1347,"dh":1.65,"pl":0,"c":406}},{"type":"Feature","geometry":{"type":"Polygon","coordinates":[[[10.7617,59.71351],[10.7619,59.7134],[10.7619,59.71335],[10.76199,59.71333],[10.76211,59.71321],[10.76191,59.71326],[10.76162,59.71348],[10.7617,59.71351]]]},"properties":{"a":211,"v":-232,"dh":1.1,"pl":2,"pn":"Detaljregulering for terrengregulering og nydyrking på Riis gård","pd":"2023-10-25","c":407}},{"type":"Feature","geometry":{"type":"Polygon","coordinates":[[[10.76182,59.71355],[10.76206,59.71341],[10.76206,59.71338],[10.76199,59.71337],[10.76173,59.71352],[10.76182,59.71355]]]},"properties":{"a":123,"v":165,"dh":1.34,"pl":2,"pn":"Detaljregulering for terrengregulering og nydyrking på Riis gård","pd":"2023-10-25","c":407}},{"type":"Feature","geometry":{"type":"Polygon","coordinates":[[[10.76391,59.71445],[10.76418,59.71443],[10.76414,59.71438],[10.7643,59.71442],[10.76427,59.71436],[10.76468,59.7144],[10.76462,59.71434],[10.76472,59.71423],[10.7644,59.71422],[10.76434,59.71417],[10.76415,59.71418],[10.76404,59.71406],[10.76389,59.71405],[10.76403,59.71396],[10.76401,59.71392],[10.76385,59.71397],[10.76375,59.71394],[10.7639,59.71387],[10.76387,59.71385],[10.76353,59.71389],[10.76357,59.71402],[10.76341,59.71396],[10.76313,59.71376],[10.76311,59.7137],[10.76273,59.71351],[10.76239,59.71327],[10.7623,59.71316],[10.7623,59.71311],[10.76238,59.71303],[10.76236,59.71299],[10.76209,59.71297],[10.76159,59.71251],[10.76145,59.71252],[10.76168,59.71277],[10.7617,59.71289],[10.76184,59.71292],[10.76205,59.71317],[10.76238,59.71339],[10.76242,59.71345],[10.76241,59.71362],[10.76268,59.71359],[10.76285,59.71372],[10.76278,59.71381],[10.7628,59.71387],[10.76317,59.71389],[10.76338,59.71403],[10.76324,59.71405],[10.76329,59.71407],[10.76328,59.71414],[10.7634,59.7142],[10.76337,59.71425],[10.76356,59.71418],[10.76355,59.71423],[10.76366,59.71425],[10.7638,59.71435],[10.76373,59.71441],[10.76391,59.71445]],[[10.76457,59.71432],[10.76448,59.71429],[10.76447,59.71426],[10.76453,59.71425],[10.76457,59.71432]],[[10.76394,59.71427],[10.76389,59.71423],[10.76399,59.71426],[10.76394,59.71427]],[[10.76372,59.71413],[10.7637,59.71407],[10.76377,59.71413],[10.76372,59.71413]],[[10.76365,59.71406],[10.76363,59.71401],[10.76368,59.71404],[10.76365,59.71406]]]},"properties":{"a":4983,"v":9556,"dh":1.92,"pl":2,"pn":"Detaljregulering for terrengregulering og nydyrking på Riis gård","pd":"2023-10-25","c":407}},{"type":"Feature","geometry":{"type":"Polygon","coordinates":[[[10.7612,59.71394],[10.76132,59.71386],[10.76128,59.71379],[10.7611,59.71375],[10.761,59.7138],[10.76108,59.71394],[10.7612,59.71394]]]},"properties":{"a":253,"v":320,"dh":1.27,"pl":2,"pn":"Detaljregulering for terrengregulering og nydyrking på Riis gård","pd":"2023-10-25","fo":1,"c":407}},{"type":"Feature","geometry":{"type":"Polygon","coordinates":[[[10.74959,59.70635],[10.7498,59.70635],[10.7498,59.7063],[10.74957,59.70627],[10.74959,59.70635]]]},"properties":{"a":120,"v":-156,"dh":1.3,"pl":0,"c":408}},{"type":"Feature","geometry":{"type":"Polygon","coordinates":[[[10.75083,59.71],[10.75109,59.70992],[10.75115,59.70978],[10.75095,59.70963],[10.75072,59.70965],[10.75066,59.7095],[10.75042,59.70934],[10.75024,59.70937],[10.75025,59.70952],[10.75037,59.70974],[10.75048,59.70975],[10.75046,59.7098],[10.75054,59.70988],[10.75072,59.70992],[10.75083,59.71]]]},"properties":{"a":1866,"v":4729,"dh":2.53,"pl":0,"fo":1,"c":409}},{"type":"Feature","geometry":{"type":"Polygon","coordinates":[[[10.75156,59.71033],[10.75162,59.71023],[10.75165,59.71006],[10.75157,59.71018],[10.75142,59.71003],[10.75143,59.71028],[10.75156,59.71033]]]},"properties":{"a":272,"v":330,"dh":1.22,"pl":0,"fo":1,"c":409}},{"type":"Feature","geometry":{"type":"Polygon","coordinates":[[[10.75178,59.71045],[10.7519,59.71036],[10.75192,59.7102],[10.7518,59.71022],[10.75179,59.71033],[10.75172,59.71037],[10.75172,59.71044],[10.75178,59.71045]]]},"properties":{"a":189,"v":211,"dh":1.11,"pl":0,"fo":1,"c":409}},{"type":"Feature","geometry":{"type":"Polygon","coordinates":[[[10.75152,59.71096],[10.7516,59.7108],[10.75147,59.7107],[10.75146,59.71063],[10.75118,59.71061],[10.75115,59.71071],[10.75097,59.71067],[10.75106,59.71077],[10.75121,59.7108],[10.75128,59.71078],[10.75132,59.71066],[10.75141,59.71068],[10.75142,59.71076],[10.75135,59.71079],[10.75136,59.71095],[10.75152,59.71096]],[[10.75125,59.71065],[10.75129,59.71064],[10.75129,59.71065],[10.75125,59.71065]]]},"properties":{"a":591,"v":612,"dh":1.04,"pl":0,"fo":1,"c":410}},{"type":"Feature","geometry":{"type":"Polygon","coordinates":[[[10.7516,59.71156],[10.7518,59.71157],[10.75207,59.71141],[10.75204,59.71138],[10.75207,59.71129],[10.75201,59.71127],[10.75199,59.71119],[10.75175,59.71126],[10.75168,59.71134],[10.75148,59.71127],[10.75152,59.71138],[10.75149,59.71146],[10.75158,59.7115],[10.7516,59.71156]]]},"properties":{"a":868,"v":1473,"dh":1.7,"pl":0,"c":410}},{"type":"Feature","geometry":{"type":"Polygon","coordinates":[[[10.75586,59.71789],[10.75589,59.71776],[10.75571,59.71767],[10.75555,59.71768],[10.75555,59.71777],[10.75586,59.71789]]]},"properties":{"a":310,"v":-540,"dh":1.74,"pl":0,"fo":1,"c":411}},{"type":"Feature","geometry":{"type":"Polygon","coordinates":[[[10.75834,59.72379],[10.75866,59.72374],[10.75869,59.72368],[10.75856,59.72358],[10.75856,59.72351],[10.75838,59.72345],[10.75831,59.72349],[10.75833,59.72357],[10.75842,59.72357],[10.75841,59.72367],[10.75834,59.7237],[10.75837,59.72373],[10.75834,59.72379]]]},"properties":{"a":470,"v":-808,"dh":1.72,"pl":2,"pn":"Områderegulering for frittliggende småhusbebyggelse","pd":"2023-10-25","c":412}},{"type":"Feature","geometry":{"type":"Polygon","coordinates":[[[10.75416,59.72411],[10.75434,59.72405],[10.75435,59.72399],[10.75431,59.72397],[10.75414,59.724],[10.75425,59.72385],[10.75399,59.72383],[10.75387,59.72388],[10.75386,59.72384],[10.75381,59.72385],[10.75385,59.72394],[10.75378,59.72398],[10.7538,59.72408],[10.75416,59.72411]]]},"properties":{"a":690,"v":977,"dh":1.42,"pl":1,"pn":"Detaljreguleringsplan for Nordby barnehage","pd":"2018-09-12","fo":1,"c":413}},{"type":"Feature","geometry":{"type":"Polygon","coordinates":[[[10.75455,59.72431],[10.75499,59.72428],[10.75511,59.72414],[10.7553,59.72407],[10.75535,59.724],[10.75455,59.72431]]]},"properties":{"a":388,"v":-624,"dh":1.61,"pl":1,"pn":"Detaljreguleringsplan for Nordby barnehage","pd":"2018-09-12","fo":1,"c":413}},{"type":"Feature","geometry":{"type":"Polygon","coordinates":[[[10.7632,59.71442],[10.76343,59.71439],[10.76345,59.71436],[10.76318,59.71436],[10.7632,59.71442]]]},"properties":{"a":115,"v":200,"dh":1.74,"pl":2,"pn":"Detaljregulering for terrengregulering og nydyrking på Riis gård","pd":"2023-10-25","c":407}},{"type":"Feature","geometry":{"type":"Polygon","coordinates":[[[10.76262,59.71716],[10.76266,59.71698],[10.7625,59.71702],[10.76244,59.71711],[10.76248,59.71716],[10.76262,59.71716]]]},"properties":{"a":168,"v":-222,"dh":1.32,"pl":0,"fo":1,"c":414}},{"type":"Feature","geometry":{"type":"Polygon","coordinates":[[[10.76353,59.71753],[10.76363,59.71747],[10.76315,59.71741],[10.76269,59.71722],[10.76255,59.71725],[10.76317,59.7175],[10.76353,59.71753]]]},"properties":{"a":525,"v":805,"dh":1.53,"pl":0,"fo":1,"c":414}},{"type":"Feature","geometry":{"type":"Polygon","coordinates":[[[10.76383,59.726],[10.7639,59.72598],[10.76383,59.72596],[10.76384,59.72587],[10.76393,59.72584],[10.76361,59.7258],[10.76322,59.72586],[10.76383,59.726]]]},"properties":{"a":429,"v":-430,"dh":1.0,"pl":0,"c":415}},{"type":"Feature","geometry":{"type":"Polygon","coordinates":[[[10.76181,59.72655],[10.7619,59.7265],[10.7619,59.72643],[10.76184,59.72632],[10.76176,59.72631],[10.76177,59.72642],[10.76165,59.72646],[10.76165,59.72653],[10.76181,59.72655]]]},"properties":{"a":230,"v":-289,"dh":1.26,"pl":2,"pn":"Områderegulering for frittliggende småhusbebyggelse","pd":"2023-10-25","c":416}},{"type":"Feature","geometry":{"type":"Polygon","coordinates":[[[10.76266,59.72649],[10.76254,59.72644],[10.76247,59.72646],[10.76245,59.72651],[10.7627,59.72656],[10.7627,59.72651],[10.76263,59.72649],[10.76266,59.72649]],[[10.76263,59.72649],[10.76261,59.72648],[10.76263,59.72648],[10.76263,59.72649]]]},"properties":{"a":123,"v":-114,"dh":0.93,"pl":2,"pn":"Områderegulering for frittliggende småhusbebyggelse","pd":"2023-10-25","sh":1,"c":416}},{"type":"Feature","geometry":{"type":"Polygon","coordinates":[[[10.76047,59.72669],[10.76079,59.72674],[10.76071,59.72664],[10.76047,59.72669]]]},"properties":{"a":158,"v":-200,"dh":1.27,"pl":0,"c":417}},{"type":"Feature","geometry":{"type":"Polygon","coordinates":[[[10.76032,59.72692],[10.76062,59.72693],[10.76059,59.72688],[10.76069,59.72683],[10.76046,59.72678],[10.76038,59.7267],[10.76022,59.72676],[10.76021,59.72682],[10.76032,59.72692]]]},"properties":{"a":425,"v":566,"dh":1.33,"pl":0,"c":417}},{"type":"Feature","geometry":{"type":"Polygon","coordinates":[[[10.76406,59.73401],[10.76414,59.73392],[10.7641,59.73379],[10.76401,59.73382],[10.76396,59.73392],[10.76396,59.73398],[10.76406,59.73401]]]},"properties":{"a":156,"v":-181,"dh":1.16,"pl":1,"pn":"Reguleringsplan for Bølstadfeltet","pd":"2003-06-11","c":418}},{"type":"Feature","geometry":{"type":"Polygon","coordinates":[[[10.76469,59.7343],[10.76474,59.73425],[10.7646,59.73417],[10.76463,59.73412],[10.76452,59.73404],[10.76455,59.73395],[10.76447,59.73382],[10.76458,59.73383],[10.7645,59.73366],[10.76429,59.73364],[10.76407,59.7337],[10.76408,59.73378],[10.76413,59.73379],[10.76419,59.73393],[10.76414,59.73396],[10.76416,59.73399],[10.7641,59.73409],[10.76397,59.73407],[10.76397,59.7341],[10.76445,59.73415],[10.76457,59.73429],[10.76469,59.7343]],[[10.76436,59.73379],[10.76431,59.73377],[10.76436,59.73376],[10.76436,59.73379]]]},"properties":{"a":1406,"v":2242,"dh":1.59,"pl":1,"pn":"Reguleringsplan for Bølstadfeltet","pd":"2003-06-11","c":418}},{"type":"Feature","geometry":{"type":"Polygon","coordinates":[[[10.76528,59.71469],[10.76542,59.7147],[10.76525,59.71474],[10.76527,59.71487],[10.76536,59.71486],[10.76546,59.71477],[10.76544,59.71474],[10.76532,59.71478],[10.76528,59.71476],[10.76549,59.71471],[10.76552,59.71455],[10.76536,59.71463],[10.76531,59.71459],[10.76524,59.71463],[10.76528,59.71469]],[[10.76533,59.71467],[10.76531,59.71465],[10.76533,59.71465],[10.76533,59.71467]],[[10.76534,59.71481],[10.76537,59.71479],[10.76537,59.71481],[10.76534,59.71481]],[[10.76542,59.71465],[10.76544,59.71467],[10.76542,59.71467],[10.76542,59.71465]],[[10.76542,59.71465],[10.76538,59.71465],[10.76542,59.71465],[10.76542,59.71465]],[[10.76542,59.71465],[10.76545,59.71462],[10.76545,59.71465],[10.76542,59.71465]]]},"properties":{"a":266,"v":249,"dh":0.94,"pl":2,"pn":"Detaljregulering for terrengregulering og nydyrking på Riis gård","pd":"2023-10-25","sh":1,"c":407}},{"type":"Feature","geometry":{"type":"Polygon","coordinates":[[[10.76561,59.71626],[10.76598,59.71626],[10.76607,59.7162],[10.76561,59.71626]]]},"properties":{"a":104,"v":85,"dh":0.82,"pl":0,"sh":1,"c":419}},{"type":"Feature","geometry":{"type":"Polygon","coordinates":[[[10.76444,59.71629],[10.76492,59.7163],[10.76479,59.71627],[10.76438,59.71625],[10.76444,59.71629]]]},"properties":{"a":135,"v":116,"dh":0.86,"pl":2,"pn":"Detaljregulering for terrengregulering og nydyrking på Riis gård","pd":"2023-10-25","sh":1,"c":420}},{"type":"Feature","geometry":{"type":"Polygon","coordinates":[[[10.77107,59.72167],[10.7711,59.72161],[10.77188,59.72145],[10.772,59.72145],[10.77206,59.7215],[10.77205,59.7214],[10.7721,59.72134],[10.77088,59.72138],[10.77102,59.72165],[10.77107,59.72167]]]},"properties":{"a":1392,"v":1423,"dh":1.02,"pl":0,"c":170}},{"type":"Feature","geometry":{"type":"Polygon","coordinates":[[[10.76507,59.73429],[10.76519,59.73429],[10.76522,59.73423],[10.76508,59.73419],[10.76506,59.73411],[10.76478,59.73416],[10.76507,59.73429]]]},"properties":{"a":249,"v":-357,"dh":1.44,"pl":0,"fo":1,"c":421}},{"type":"Feature","geometry":{"type":"MultiPolygon","coordinates":[[[[10.76537,59.73468],[10.76561,59.73486],[10.76584,59.73479],[10.76577,59.73474],[10.76582,59.73467],[10.76574,59.73466],[10.7656,59.73471],[10.76563,59.73476],[10.7655,59.73476],[10.76557,59.73471],[10.76553,59.73463],[10.76562,59.7346],[10.76554,59.7345],[10.76555,59.7344],[10.76541,59.73449],[10.76544,59.73456],[10.76522,59.73453],[10.76531,59.7346],[10.7654,59.7346],[10.76537,59.73468]],[[10.76542,59.73461],[10.76546,59.73462],[10.76542,59.73462],[10.76542,59.73461]],[[10.76546,59.73458],[10.76551,59.73457],[10.76553,59.73459],[10.76549,59.73459],[10.76546,59.73458]]],[[[10.76539,59.73474],[10.76525,59.73471],[10.76535,59.73486],[10.76512,59.73493],[10.76516,59.73498],[10.76543,59.73502],[10.76538,59.73519],[10.76557,59.7351],[10.76549,59.73497],[10.76542,59.73494],[10.7655,59.73483],[10.76539,59.73474]],[[10.76543,59.73485],[10.76545,59.73486],[10.76543,59.73486],[10.76543,59.73485]]]]},"properties":{"a":1092,"v":1288,"dh":1.18,"pl":1,"pn":"Reguleringsplan for Bølstadfeltet","pd":"2003-06-11","c":418}},{"type":"Feature","geometry":{"type":"Polygon","coordinates":[[[10.76516,59.73542],[10.76521,59.73524],[10.7651,59.73525],[10.76504,59.73517],[10.76494,59.73518],[10.76483,59.73514],[10.76499,59.73526],[10.76505,59.73541],[10.76516,59.73542]]]},"properties":{"a":249,"v":316,"dh":1.27,"pl":1,"pn":"Reguleringsplan for Bølstadfeltet","pd":"2003-06-11","c":418}},{"type":"Feature","geometry":{"type":"MultiPolygon","coordinates":[[[[10.76555,59.73545],[10.76554,59.73543],[10.76554,59.73546],[10.76555,59.73545]]],[[[10.76555,59.73545],[10.76565,59.73558],[10.7658,59.73566],[10.76585,59.73564],[10.76574,59.73558],[10.76569,59.73541],[10.76555,59.73545]]]]},"properties":{"a":151,"v":165,"dh":1.09,"pl":0,"fo":1,"c":422}},{"type":"Feature","geometry":{"type":"Polygon","coordinates":[[[10.76614,59.73605],[10.76623,59.73603],[10.76622,59.73594],[10.76626,59.73593],[10.7662,59.73582],[10.76615,59.73587],[10.7662,59.7359],[10.76612,59.73596],[10.76614,59.73605]]]},"properties":{"a":114,"v":-134,"dh":1.17,"pl":0,"fo":1,"c":422}},{"type":"Feature","geometry":{"type":"Polygon","coordinates":[[[10.75737,59.72452],[10.7576,59.72448],[10.75756,59.72441],[10.7575,59.72439],[10.7575,59.72443],[10.75736,59.72447],[10.75737,59.72452]]]},"properties":{"a":103,"v":-99,"dh":0.96,"pl":2,"pn":"Områderegulering for frittliggende småhusbebyggelse","pd":"2023-10-25","sh":1,"c":423}},{"type":"Feature","geometry":{"type":"Polygon","coordinates":[[[10.75865,59.72459],[10.7587,59.72454],[10.75877,59.72454],[10.75877,59.72449],[10.75866,59.72445],[10.75862,59.72434],[10.75851,59.72433],[10.75839,59.7244],[10.75841,59.72448],[10.75847,59.72449],[10.75844,59.72457],[10.75865,59.72459]]]},"properties":{"a":397,"v":390,"dh":0.98,"pl":2,"pn":"Områderegulering for frittliggende småhusbebyggelse","pd":"2023-10-25","sh":1,"c":423}},{"type":"Feature","geometry":{"type":"MultiPolygon","coordinates":[[[[10.75539,59.72407],[10.75537,59.72406],[10.75537,59.72407],[10.75539,59.72407]]],[[[10.75539,59.72409],[10.75514,59.72414],[10.75495,59.72451],[10.75495,59.72459],[10.75508,59.72467],[10.75515,59.72466],[10.75508,59.72474],[10.75514,59.72479],[10.75514,59.72488],[10.7551,59.72502],[10.75522,59.72472],[10.75531,59.72464],[10.75532,59.72424],[10.75536,59.72423],[10.75532,59.72419],[10.75539,59.72409]],[[10.75522,59.7246],[10.75525,59.72461],[10.75522,59.72461],[10.75522,59.7246]]]]},"properties":{"a":1169,"v":1513,"dh":1.29,"pl":1,"pn":"Detaljreguleringsplan for Nordby barnehage","pd":"2018-09-12","fo":1,"c":424}},{"type":"Feature","geometry":{"type":"MultiPolygon","coordinates":[[[[10.75465,59.72457],[10.75463,59.72458],[10.75465,59.72458],[10.75465,59.72457]]],[[[10.75461,59.72459],[10.75451,59.72458],[10.7545,59.72443],[10.75441,59.72445],[10.75442,59.72457],[10.75435,59.72468],[10.75445,59.72488],[10.75466,59.72482],[10.75457,59.72481],[10.75466,59.72471],[10.75491,59.72474],[10.7549,59.72462],[10.75484,59.72454],[10.75461,59.72459]]]]},"properties":{"a":752,"v":-726,"dh":0.97,"pl":1,"pn":"Detaljreguleringsplan for Nordby barnehage","pd":"2018-09-12","fo":1,"c":424}},{"type":"Feature","geometry":{"type":"Polygon","coordinates":[[[10.75427,59.7258],[10.75462,59.72543],[10.75478,59.7254],[10.75485,59.72532],[10.75469,59.72531],[10.75475,59.72516],[10.75484,59.72514],[10.75488,59.72519],[10.75493,59.72511],[10.75508,59.72505],[10.75508,59.72503],[10.75491,59.72507],[10.75467,59.72503],[10.75461,59.72525],[10.75462,59.72531],[10.75467,59.72533],[10.7546,59.72532],[10.75451,59.72539],[10.75447,59.72553],[10.75426,59.72573],[10.75427,59.7258]],[[10.75469,59.7254],[10.75465,59.72536],[10.75474,59.72537],[10.75469,59.7254]]]},"properties":{"a":627,"v":638,"dh":1.02,"pl":1,"pn":"Detaljreguleringsplan for Nordby barnehage","pd":"2018-09-12","c":424}},{"type":"Feature","geometry":{"type":"Polygon","coordinates":[[[10.75802,59.72648],[10.75802,59.72639],[10.75816,59.72642],[10.75816,59.72637],[10.75821,59.72634],[10.75808,59.72634],[10.75796,59.72624],[10.75776,59.72628],[10.75775,59.72633],[10.75791,59.72637],[10.75782,59.72644],[10.75802,59.72648]]]},"properties":{"a":319,"v":-504,"dh":1.58,"pl":2,"pn":"Områderegulering for frittliggende småhusbebyggelse","pd":"2023-10-25","c":416}},{"type":"Feature","geometry":{"type":"Polygon","coordinates":[[[10.75999,59.72666],[10.76021,59.72654],[10.76021,59.72649],[10.7601,59.72649],[10.76011,59.72655],[10.75996,59.72654],[10.75991,59.72664],[10.75999,59.72666]]]},"properties":{"a":144,"v":183,"dh":1.27,"pl":2,"pn":"Områderegulering for frittliggende småhusbebyggelse","pd":"2023-10-25","c":416}},{"type":"Feature","geometry":{"type":"Polygon","coordinates":[[[10.75839,59.7267],[10.75838,59.72661],[10.7582,59.72654],[10.75811,59.72656],[10.75823,59.72665],[10.75839,59.7267]]]},"properties":{"a":136,"v":206,"dh":1.51,"pl":2,"pn":"Områderegulering for frittliggende småhusbebyggelse","pd":"2023-10-25","c":416}},{"type":"Feature","geometry":{"type":"MultiPolygon","coordinates":[[[[10.7578,59.72662],[10.75778,59.72663],[10.7578,59.72663],[10.7578,59.72662]]],[[[10.75782,59.72664],[10.7582,59.72682],[10.75843,59.7268],[10.75836,59.72676],[10.75812,59.72676],[10.75782,59.72664]]]]},"properties":{"a":153,"v":-182,"dh":1.19,"pl":2,"pn":"Områderegulering for frittliggende småhusbebyggelse","pd":"2023-10-25","c":416}},{"type":"Feature","geometry":{"type":"Polygon","coordinates":[[[10.74875,59.72777],[10.74864,59.72771],[10.74863,59.72757],[10.74849,59.72758],[10.74843,59.72767],[10.74875,59.72777]]]},"properties":{"a":190,"v":-194,"dh":1.02,"pl":0,"c":425}},{"type":"Feature","geometry":{"type":"Polygon","coordinates":[[[10.75456,59.72805],[10.7549,59.72803],[10.75493,59.72792],[10.75487,59.72787],[10.75472,59.72795],[10.75468,59.72786],[10.7545,59.72782],[10.75461,59.72787],[10.75463,59.72793],[10.75453,59.728],[10.75456,59.72805]]]},"properties":{"a":321,"v":368,"dh":1.15,"pl":0,"fo":1,"c":426}},{"type":"Feature","geometry":{"type":"Polygon","coordinates":[[[10.75779,59.73048],[10.75792,59.7303],[10.75783,59.73026],[10.75758,59.73026],[10.75762,59.73041],[10.75779,59.73048]]]},"properties":{"a":319,"v":-516,"dh":1.62,"pl":2,"pn":"Områderegulering for frittliggende småhusbebyggelse","pd":"2023-10-25","c":430}},{"type":"Feature","geometry":{"type":"Polygon","coordinates":[[[10.75856,59.73135],[10.75856,59.73131],[10.75865,59.7313],[10.75865,59.73125],[10.75875,59.7312],[10.75855,59.73115],[10.7585,59.73117],[10.7585,59.73124],[10.75836,59.7312],[10.75836,59.73125],[10.75852,59.73127],[10.75851,59.73132],[10.75856,59.73135]]]},"properties":{"a":186,"v":-226,"dh":1.22,"pl":2,"pn":"Områderegulering for frittliggende småhusbebyggelse","pd":"2023-10-25","c":430}},{"type":"Feature","geometry":{"type":"Polygon","coordinates":[[[10.75766,59.73145],[10.75773,59.73141],[10.75765,59.73136],[10.75767,59.73132],[10.75753,59.73131],[10.75749,59.73134],[10.75751,59.73141],[10.75766,59.73145]]]},"properties":{"a":143,"v":273,"dh":1.91,"pl":2,"pn":"Områderegulering for frittliggende småhusbebyggelse","pd":"2023-10-25","c":430}},{"type":"Feature","geometry":{"type":"Polygon","coordinates":[[[10.74986,59.73196],[10.75011,59.73191],[10.75028,59.73182],[10.75029,59.73173],[10.74979,59.73173],[10.74967,59.73183],[10.74964,59.73193],[10.74986,59.73196]]]},"properties":{"a":659,"v":704,"dh":1.07,"pl":1,"pn":"Reguleringsplan med reguleringsbestemmelser for Enerhaugen","pd":"1995-04-05","c":427}},{"type":"Feature","geometry":{"type":"Polygon","coordinates":[[[10.75292,59.73229],[10.75279,59.73219],[10.75257,59.73218],[10.75259,59.73222],[10.75292,59.73229]]]},"properties":{"a":109,"v":-112,"dh":1.03,"pl":2,"pn":"Områderegulering for frittliggende småhusbebyggelse","pd":"2023-10-25","c":428}},{"type":"Feature","geometry":{"type":"Polygon","coordinates":[[[10.7586,59.73311],[10.75847,59.73298],[10.75834,59.73299],[10.75851,59.73312],[10.75844,59.73313],[10.75871,59.73316],[10.75871,59.73309],[10.7586,59.73311]],[[10.7586,59.73311],[10.75858,59.73312],[10.75858,59.73311],[10.7586,59.73311]]]},"properties":{"a":184,"v":280,"dh":1.52,"pl":2,"pn":"Områderegulering for frittliggende småhusbebyggelse","pd":"2023-10-25","c":430}},{"type":"Feature","geometry":{"type":"Polygon","coordinates":[[[10.76015,59.7348],[10.76028,59.73469],[10.76002,59.73466],[10.76002,59.73477],[10.76015,59.7348]]]},"properties":{"a":182,"v":-228,"dh":1.25,"pl":2,"pn":"Områderegulering for frittliggende småhusbebyggelse","pd":"2023-10-25","c":430}},{"type":"Feature","geometry":{"type":"MultiPolygon","coordinates":[[[[10.75056,59.73621],[10.75022,59.73614],[10.75033,59.73612],[10.75025,59.7361],[10.75008,59.73615],[10.75056,59.73621]],[[10.75018,59.73615],[10.7502,59.73615],[10.75018,59.73615],[10.75018,59.73615]]],[[[10.75063,59.73622],[10.75058,59.73619],[10.75058,59.73621],[10.75056,59.73621],[10.75056,59.73622],[10.75063,59.73622]]],[[[10.75067,59.73622],[10.75063,59.73622],[10.75063,59.73623],[10.75067,59.73623],[10.75067,59.73622]]]]},"properties":{"a":110,"v":126,"dh":1.15,"pl":0,"sl":1,"c":429}},{"type":"Feature","geometry":{"type":"Polygon","coordinates":[[[10.7543,59.73623],[10.7539,59.73608],[10.75383,59.7361],[10.75388,59.73614],[10.7543,59.73623]]]},"properties":{"a":104,"v":116,"dh":1.11,"pl":2,"pn":"Områderegulering for frittliggende småhusbebyggelse","pd":"2023-10-25","c":430}},{"type":"Feature","geometry":{"type":"Polygon","coordinates":[[[10.76481,59.73413],[10.76492,59.73412],[10.76492,59.73395],[10.76458,59.73384],[10.76458,59.73392],[10.76473,59.73395],[10.76482,59.73403],[10.76481,59.73413]]]},"properties":{"a":245,"v":301,"dh":1.23,"pl":0,"fo":1,"c":421}},{"type":"Feature","geometry":{"type":"Polygon","coordinates":[[[10.76301,59.73412],[10.763,59.73398],[10.76313,59.73394],[10.76312,59.7339],[10.76298,59.73391],[10.76292,59.73398],[10.76283,59.73399],[10.76283,59.73405],[10.76301,59.73412]]]},"properties":{"a":195,"v":-269,"dh":1.38,"pl":0,"fo":1,"c":431}},{"type":"Feature","geometry":{"type":"Polygon","coordinates":[[[10.76323,59.73458],[10.76344,59.7345],[10.76346,59.73443],[10.76336,59.73433],[10.76357,59.73421],[10.76367,59.73421],[10.7636,59.7341],[10.76342,59.73411],[10.7634,59.73406],[10.76366,59.73396],[10.76377,59.734],[10.76389,59.73397],[10.76402,59.73376],[10.76371,59.73383],[10.76368,59.73391],[10.76322,59.73409],[10.76317,59.73417],[10.76318,59.73427],[10.76335,59.73419],[10.7633,59.73414],[10.76342,59.73417],[10.76327,59.7343],[10.76329,59.73433],[10.76318,59.73432],[10.7632,59.7344],[10.76333,59.73438],[10.76339,59.73447],[10.76292,59.73446],[10.76316,59.73452],[10.76323,59.73458]],[[10.76353,59.73418],[10.76358,59.73415],[10.76358,59.73418],[10.76353,59.73418]]]},"properties":{"a":1121,"v":1536,"dh":1.37,"pl":1,"pn":"Reguleringsplan for Bølstadfeltet","pd":"2003-06-11","c":418}},{"type":"Feature","geometry":{"type":"Polygon","coordinates":[[[10.76098,59.73435],[10.76101,59.73428],[10.7609,59.73415],[10.76077,59.73417],[10.76078,59.73426],[10.76098,59.73435]]]},"properties":{"a":193,"v":342,"dh":1.77,"pl":1,"pn":"Reguleringsplan for Bølstadfeltet","pd":"2003-06-11","fo":1,"c":432}},{"type":"Feature","geometry":{"type":"Polygon","coordinates":[[[10.76088,59.73449],[10.76085,59.73433],[10.76055,59.7343],[10.76056,59.73446],[10.76068,59.73449],[10.76079,59.73444],[10.76088,59.73449]]]},"properties":{"a":306,"v":559,"dh":1.83,"pl":1,"pn":"Reguleringsplan for Bølstadfeltet","pd":"2003-06-11","fo":1,"c":432}},{"type":"Feature","geometry":{"type":"Polygon","coordinates":[[[10.76363,59.73467],[10.76364,59.73461],[10.76384,59.7346],[10.76403,59.73451],[10.76378,59.73459],[10.76352,59.73461],[10.76348,59.73457],[10.76341,59.73458],[10.7635,59.73467],[10.76363,59.73467]]]},"properties":{"a":168,"v":167,"dh":0.99,"pl":1,"pn":"Reguleringsplan for Bølstadfeltet","pd":"2003-06-11","sh":1,"c":418}},{"type":"Feature","geometry":{"type":"Polygon","coordinates":[[[10.76113,59.73497],[10.76117,59.73488],[10.76109,59.73485],[10.76118,59.73481],[10.76116,59.73474],[10.76121,59.73476],[10.76125,59.73474],[10.76114,59.73469],[10.76105,59.73468],[10.76098,59.73478],[10.76108,59.73496],[10.76113,59.73497]],[[10.7611,59.73472],[10.76114,59.73471],[10.76114,59.73471],[10.7611,59.73472]]]},"properties":{"a":220,"v":-310,"dh":1.41,"pl":1,"pn":"Reguleringsplan for Bølstadfeltet","pd":"2003-06-11","fo":1,"c":418}},{"type":"Feature","geometry":{"type":"Polygon","coordinates":[[[10.7617,59.73529],[10.76174,59.73524],[10.76156,59.73525],[10.76141,59.73516],[10.76146,59.73505],[10.76129,59.73513],[10.76149,59.73528],[10.7617,59.73529]]]},"properties":{"a":183,"v":-217,"dh":1.18,"pl":1,"pn":"Reguleringsplan for Bølstadfeltet","pd":"2003-06-11","c":418}},{"type":"Feature","geometry":{"type":"Polygon","coordinates":[[[10.76451,59.73521],[10.76478,59.73519],[10.76473,59.73506],[10.76451,59.73517],[10.76451,59.73521]]]},"properties":{"a":152,"v":-267,"dh":1.76,"pl":1,"pn":"Reguleringsplan for Bølstadfeltet","pd":"2003-06-11","c":418}},{"type":"Feature","geometry":{"type":"Polygon","coordinates":[[[10.76352,59.73539],[10.76402,59.73532],[10.76403,59.73525],[10.76396,59.73519],[10.76389,59.73519],[10.76373,59.73534],[10.76362,59.73527],[10.76369,59.7352],[10.76394,59.73514],[10.76395,59.73507],[10.76386,59.73505],[10.76371,59.73517],[10.76342,59.73514],[10.76352,59.73539]]]},"properties":{"a":631,"v":622,"dh":0.99,"pl":1,"pn":"Reguleringsplan for Bølstadfeltet","pd":"2003-06-11","c":418}},{"type":"Feature","geometry":{"type":"Polygon","coordinates":[[[10.76182,59.73547],[10.76189,59.7354],[10.76129,59.73522],[10.76124,59.73519],[10.76125,59.73513],[10.76116,59.73516],[10.76157,59.7354],[10.76182,59.73547]]]},"properties":{"a":303,"v":430,"dh":1.42,"pl":1,"pn":"Reguleringsplan for Bølstadfeltet","pd":"2003-06-11","c":418}},{"type":"Feature","geometry":{"type":"Polygon","coordinates":[[[10.76401,59.7355],[10.76415,59.73549],[10.76415,59.73538],[10.76393,59.7354],[10.76401,59.7355]]]},"properties":{"a":149,"v":-200,"dh":1.34,"pl":1,"pn":"Reguleringsplan for Bølstadfeltet","pd":"2003-06-11","c":418}},{"type":"Feature","geometry":{"type":"Polygon","coordinates":[[[10.76364,59.73561],[10.76373,59.73554],[10.76369,59.73546],[10.76349,59.73549],[10.76353,59.73561],[10.76364,59.73561]]]},"properties":{"a":154,"v":156,"dh":1.01,"pl":1,"pn":"Reguleringsplan for Bølstadfeltet","pd":"2003-06-11","c":418}},{"type":"Feature","geometry":{"type":"Polygon","coordinates":[[[10.7645,59.73569],[10.76449,59.73559],[10.76412,59.7356],[10.76416,59.73567],[10.76432,59.73562],[10.76441,59.73569],[10.7645,59.73569]]]},"properties":{"a":167,"v":183,"dh":1.1,"pl":1,"pn":"Reguleringsplan for Bølstadfeltet","pd":"2003-06-11","c":418}},{"type":"Feature","geometry":{"type":"Polygon","coordinates":[[[10.76449,59.73586],[10.76447,59.73577],[10.76436,59.7357],[10.76427,59.73571],[10.76436,59.73576],[10.76433,59.73587],[10.76449,59.73586]]]},"properties":{"a":136,"v":131,"dh":0.96,"pl":1,"pn":"Reguleringsplan for Bølstadfeltet","pd":"2003-06-11","sh":1,"c":418}},{"type":"Feature","geometry":{"type":"Polygon","coordinates":[[[10.7612,59.73592],[10.7612,59.73585],[10.76109,59.73578],[10.76097,59.73584],[10.7612,59.73592]]]},"properties":{"a":113,"v":-156,"dh":1.38,"pl":2,"pn":"Områderegulering for frittliggende småhusbebyggelse","pd":"2023-10-25","c":430}},{"type":"Feature","geometry":{"type":"Polygon","coordinates":[[[10.76443,59.73607],[10.76445,59.73601],[10.76421,59.73588],[10.76424,59.73585],[10.7642,59.73579],[10.76401,59.73576],[10.76396,59.73566],[10.76378,59.73556],[10.76359,59.73567],[10.76361,59.73575],[10.7638,59.73586],[10.7641,59.73586],[10.76416,59.73598],[10.76443,59.73607]]]},"properties":{"a":877,"v":-1401,"dh":1.6,"pl":1,"pn":"Reguleringsplan for Bølstadfeltet","pd":"2003-06-11","c":418}},{"type":"Feature","geometry":{"type":"Polygon","coordinates":[[[10.76473,59.73643],[10.76462,59.73632],[10.76464,59.73628],[10.76453,59.73626],[10.7645,59.73632],[10.7643,59.7363],[10.7643,59.73633],[10.76473,59.73643]]]},"properties":{"a":193,"v":219,"dh":1.13,"pl":1,"pn":"Reguleringsplan for Bølstadfeltet","pd":"2003-06-11","c":418}},{"type":"Feature","geometry":{"type":"Polygon","coordinates":[[[10.76425,59.73668],[10.76441,59.73663],[10.7644,59.73658],[10.76433,59.73657],[10.76419,59.73663],[10.76396,59.73658],[10.76397,59.73653],[10.7638,59.73654],[10.76351,59.73645],[10.76369,59.7366],[10.76425,59.73668]]]},"properties":{"a":373,"v":-484,"dh":1.3,"pl":2,"pn":"Endring av detaljregulering for Bølstadfeltet","pd":"2021-03-26","c":418}},{"type":"Feature","geometry":{"type":"Polygon","coordinates":[[[10.76504,59.7364],[10.7651,59.73629],[10.76521,59.7363],[10.76522,59.73625],[10.76472,59.73617],[10.76476,59.73621],[10.76466,59.73631],[10.7647,59.73636],[10.7648,59.73634],[10.76504,59.7364]]]},"properties":{"a":495,"v":-755,"dh":1.53,"pl":1,"pn":"Reguleringsplan for Bølstadfeltet","pd":"2003-06-11","c":418}},{"type":"Feature","geometry":{"type":"Polygon","coordinates":[[[10.76607,59.73644],[10.76617,59.73634],[10.76614,59.73614],[10.76599,59.73632],[10.766,59.73643],[10.76607,59.73644]]]},"properties":{"a":212,"v":266,"dh":1.26,"pl":1,"pn":"Reguleringsplan for Vinterbro kjøpesenter og tilliggende områder i Tohellinga","pd":"1994-10-26","fo":1,"c":433}},{"type":"Feature","geometry":{"type":"Polygon","coordinates":[[[10.76522,59.73651],[10.7654,59.73651],[10.76537,59.73627],[10.76552,59.73621],[10.76557,59.73611],[10.76526,59.7362],[10.76527,59.73639],[10.76522,59.73651]]]},"properties":{"a":363,"v":552,"dh":1.52,"pl":1,"pn":"Reguleringsplan for Bølstadfeltet","pd":"2003-06-11","fo":1,"c":418}},{"type":"Feature","geometry":{"type":"Polygon","coordinates":[[[10.76582,59.73673],[10.766,59.73673],[10.76599,59.73667],[10.76592,59.7367],[10.76592,59.73664],[10.76605,59.7365],[10.76586,59.73648],[10.7659,59.73659],[10.76581,59.73667],[10.76582,59.73673]]]},"properties":{"a":191,"v":267,"dh":1.4,"pl":0,"fo":1,"c":422}},{"type":"Feature","geometry":{"type":"Polygon","coordinates":[[[10.76554,59.73695],[10.76554,59.73687],[10.76568,59.7368],[10.76565,59.73652],[10.76558,59.73651],[10.76554,59.73645],[10.76547,59.7365],[10.76549,59.73654],[10.76544,59.73662],[10.76547,59.73688],[10.76554,59.73695]]]},"properties":{"a":452,"v":-769,"dh":1.7,"pl":1,"pn":"Reguleringsplan for Bølstadfeltet","pd":"2003-06-11","fo":1,"c":418}},{"type":"Feature","geometry":{"type":"Polygon","coordinates":[[[10.76571,59.73711],[10.76585,59.73706],[10.76598,59.73707],[10.76598,59.73701],[10.76581,59.73692],[10.76576,59.73701],[10.76566,59.73704],[10.76571,59.73711]]]},"properties":{"a":194,"v":-244,"dh":1.26,"pl":1,"pn":"Reguleringsplan for Bølstadfeltet","pd":"2003-06-11","fo":1,"c":434}},{"type":"Feature","geometry":{"type":"Polygon","coordinates":[[[10.76513,59.73757],[10.76518,59.73751],[10.76536,59.73752],[10.76523,59.73746],[10.76525,59.73736],[10.76498,59.73743],[10.76497,59.73746],[10.76507,59.73747],[10.76497,59.73754],[10.76481,59.73751],[10.76513,59.73757]],[[10.76522,59.7375],[10.76511,59.73749],[10.76511,59.73747],[10.76522,59.7375]]]},"properties":{"a":217,"v":218,"dh":1.0,"pl":1,"pn":"Reguleringsplan for Bølstadfeltet","pd":"2003-06-11","fo":1,"c":434}},{"type":"Feature","geometry":{"type":"Polygon","coordinates":[[[10.75558,59.73623],[10.75563,59.73612],[10.75552,59.73608],[10.75547,59.73613],[10.75529,59.73614],[10.75531,59.73618],[10.75558,59.73623]]]},"properties":{"a":154,"v":188,"dh":1.22,"pl":2,"pn":"Områderegulering for frittliggende småhusbebyggelse","pd":"2023-10-25","c":430}},{"type":"Feature","geometry":{"type":"Polygon","coordinates":[[[10.75728,59.73652],[10.75723,59.73644],[10.75726,59.73642],[10.75712,59.73639],[10.75715,59.73627],[10.75709,59.73627],[10.75705,59.73639],[10.75696,59.73641],[10.75695,59.73649],[10.7571,59.73646],[10.75728,59.73652]]]},"properties":{"a":208,"v":251,"dh":1.21,"pl":2,"pn":"Områderegulering for frittliggende småhusbebyggelse","pd":"2023-10-25","c":430}},{"type":"Feature","geometry":{"type":"Polygon","coordinates":[[[10.76076,59.73654],[10.7608,59.73646],[10.76075,59.73642],[10.76078,59.73635],[10.76059,59.73636],[10.76076,59.73654]]]},"properties":{"a":140,"v":125,"dh":0.89,"pl":2,"pn":"Områderegulering for frittliggende småhusbebyggelse","pd":"2023-10-25","sh":1,"c":435}},{"type":"Feature","geometry":{"type":"Polygon","coordinates":[[[10.75982,59.73675],[10.75957,59.73658],[10.75946,59.73669],[10.7595,59.73675],[10.75982,59.73675]]]},"properties":{"a":209,"v":340,"dh":1.63,"pl":2,"pn":"Områderegulering for frittliggende småhusbebyggelse","pd":"2023-10-25","c":430}},{"type":"Feature","geometry":{"type":"Polygon","coordinates":[[[10.76025,59.73711],[10.76012,59.73705],[10.75932,59.73698],[10.75968,59.73701],[10.76025,59.73711]]]},"properties":{"a":129,"v":154,"dh":1.2,"pl":0,"sl":1,"c":436}},{"type":"Feature","geometry":{"type":"MultiPolygon","coordinates":[[[[10.75989,59.73736],[10.75995,59.73739],[10.75994,59.73736],[10.75989,59.73736]]],[[[10.75955,59.73726],[10.7596,59.73732],[10.75952,59.73734],[10.75981,59.73744],[10.75976,59.73748],[10.75983,59.73751],[10.75983,59.73757],[10.75988,59.73757],[10.75985,59.73753],[10.75986,59.73749],[10.75994,59.73754],[10.75992,59.7376],[10.76005,59.73763],[10.76005,59.73768],[10.76,59.7377],[10.76011,59.73786],[10.76015,59.73786],[10.76011,59.73774],[10.76014,59.73771],[10.76022,59.73777],[10.7602,59.73783],[10.76033,59.73793],[10.76051,59.738],[10.76043,59.73807],[10.76055,59.73806],[10.7605,59.73812],[10.76052,59.7382],[10.76072,59.73819],[10.76038,59.7378],[10.76015,59.73764],[10.76019,59.73763],[10.76014,59.73761],[10.76017,59.73757],[10.76008,59.73755],[10.76011,59.73749],[10.75991,59.73745],[10.76002,59.73743],[10.75989,59.73742],[10.75987,59.73733],[10.75982,59.73731],[10.75983,59.73727],[10.75965,59.73719],[10.75915,59.73715],[10.75931,59.73718],[10.75928,59.73721],[10.75938,59.73718],[10.75939,59.73723],[10.75955,59.73726]],[[10.75953,59.73725],[10.75956,59.73724],[10.75956,59.73725],[10.75953,59.73725]],[[10.76057,59.73815],[10.76059,59.73814],[10.76059,59.73815],[10.76057,59.73815]],[[10.76008,59.73764],[10.7601,59.73766],[10.76008,59.73766],[10.76008,59.73764]],[[10.75999,59.73758],[10.76001,59.73759],[10.75999,59.73759],[10.75999,59.73758]],[[10.76004,59.7375],[10.76006,59.73751],[10.76004,59.73751],[10.76004,59.7375]],[[10.75977,59.73737],[10.75979,59.73738],[10.75977,59.73738],[10.75977,59.73737]],[[10.75968,59.73737],[10.7597,59.73736],[10.7597,59.73737],[10.75968,59.73737]],[[10.75982,59.73735],[10.7598,59.73731],[10.75984,59.73735],[10.75982,59.73735]],[[10.75962,59.73721],[10.75963,59.73722],[10.75962,59.73722],[10.75962,59.73721]]]]},"properties":{"a":1291,"v":1974,"dh":1.53,"pl":1,"pn":"Reguleringsplan for Homannskollen og Pollenga","pd":"1990-10-24","c":437}},{"type":"Feature","geometry":{"type":"Polygon","coordinates":[[[10.75934,59.73778],[10.75925,59.7377],[10.75936,59.73768],[10.7593,59.73767],[10.75926,59.73757],[10.75924,59.73775],[10.75933,59.73786],[10.75958,59.73787],[10.75949,59.73785],[10.75952,59.73782],[10.75947,59.73774],[10.75934,59.73773],[10.75934,59.73778]],[[10.75929,59.73776],[10.75927,59.73775],[10.75929,59.73775],[10.75929,59.73776]]]},"properties":{"a":211,"v":-276,"dh":1.31,"pl":2,"pn":"Områderegulering for frittliggende småhusbebyggelse","pd":"2023-10-25","c":430}},{"type":"Feature","geometry":{"type":"Polygon","coordinates":[[[10.75976,59.73782],[10.75977,59.73772],[10.75973,59.7377],[10.75959,59.73774],[10.75961,59.73781],[10.75976,59.73782]]]},"properties":{"a":116,"v":-132,"dh":1.14,"pl":2,"pn":"Områderegulering for frittliggende småhusbebyggelse","pd":"2023-10-25","c":430}},{"type":"Feature","geometry":{"type":"Polygon","coordinates":[[[10.7585,59.73796],[10.75873,59.73788],[10.75878,59.73782],[10.75862,59.73787],[10.75849,59.73783],[10.75846,59.73793],[10.7585,59.73796]]]},"properties":{"a":135,"v":136,"dh":1.01,"pl":2,"pn":"Områderegulering for frittliggende småhusbebyggelse","pd":"2023-10-25","c":430}},{"type":"Feature","geometry":{"type":"Polygon","coordinates":[[[10.75883,59.7381],[10.75882,59.73801],[10.75896,59.73793],[10.75877,59.73794],[10.75877,59.7381],[10.75883,59.7381]]]},"properties":{"a":101,"v":94,"dh":0.93,"pl":2,"pn":"Områderegulering for frittliggende småhusbebyggelse","pd":"2023-10-25","sh":1,"c":430}},{"type":"Feature","geometry":{"type":"Polygon","coordinates":[[[10.7334,59.7239],[10.73374,59.72364],[10.73375,59.72359],[10.73351,59.72368],[10.73341,59.72382],[10.7334,59.7239]]]},"properties":{"a":186,"v":-187,"dh":1.01,"pl":1,"pn":"Reguleringsplan for et område ved Nedre Bekk vei og Nessetveien","pd":"2003-06-11","c":401}},{"type":"Feature","geometry":{"type":"Polygon","coordinates":[[[10.73305,59.72404],[10.73322,59.724],[10.73322,59.72389],[10.73308,59.72395],[10.73297,59.72393],[10.73303,59.72379],[10.73323,59.72379],[10.73332,59.72383],[10.73344,59.72372],[10.7331,59.72364],[10.73298,59.72376],[10.73275,59.72387],[10.73281,59.72397],[10.73305,59.72404]]]},"properties":{"a":718,"v":1004,"dh":1.4,"pl":1,"pn":"Reguleringsplan for et område ved Nedre Bekk vei og Nessetveien","pd":"2003-06-11","c":401}},{"type":"Feature","geometry":{"type":"Polygon","coordinates":[[[10.73535,59.72493],[10.73534,59.72496],[10.73526,59.72495],[10.73529,59.72503],[10.73555,59.72496],[10.73548,59.72492],[10.73535,59.72493]],[[10.73541,59.72493],[10.73542,59.72493],[10.73541,59.72493],[10.73541,59.72493]]]},"properties":{"a":103,"v":-137,"dh":1.33,"pl":0,"fo":1,"c":438}},{"type":"Feature","geometry":{"type":"Polygon","coordinates":[[[10.73623,59.72534],[10.73647,59.72527],[10.7367,59.72528],[10.73672,59.72521],[10.737,59.72518],[10.737,59.72515],[10.73632,59.72508],[10.73632,59.72512],[10.73668,59.72519],[10.73649,59.72524],[10.73633,59.72523],[10.73614,59.72531],[10.73623,59.72534]]]},"properties":{"a":473,"v":658,"dh":1.39,"pl":0,"fo":1,"c":438}},{"type":"Feature","geometry":{"type":"Polygon","coordinates":[[[10.73823,59.72548],[10.73831,59.72541],[10.73843,59.72538],[10.73809,59.72534],[10.7381,59.72543],[10.73823,59.72548]]]},"properties":{"a":146,"v":-180,"dh":1.24,"pl":0,"fo":1,"c":439}},{"type":"Feature","geometry":{"type":"Polygon","coordinates":[[[10.73432,59.72556],[10.73446,59.7255],[10.73428,59.72543],[10.73417,59.7255],[10.73419,59.72554],[10.73432,59.72556]]]},"properties":{"a":123,"v":229,"dh":1.86,"pl":0,"fo":1,"c":440}},{"type":"Feature","geometry":{"type":"Polygon","coordinates":[[[10.73786,59.72671],[10.73788,59.72665],[10.73773,59.7266],[10.7378,59.72654],[10.73768,59.72657],[10.7377,59.72659],[10.73765,59.72662],[10.73768,59.72669],[10.73786,59.72671]]]},"properties":{"a":133,"v":160,"dh":1.21,"pl":0,"c":441}},{"type":"Feature","geometry":{"type":"MultiPolygon","coordinates":[[[[10.73221,59.72703],[10.73219,59.72702],[10.73219,59.72703],[10.73221,59.72703]]],[[[10.73217,59.72703],[10.73226,59.72735],[10.73232,59.72742],[10.73237,59.72741],[10.73225,59.72721],[10.73224,59.72708],[10.73217,59.72703]]]]},"properties":{"a":134,"v":258,"dh":1.93,"pl":0,"sl":1,"c":442}},{"type":"Feature","geometry":{"type":"Polygon","coordinates":[[[10.73539,59.72796],[10.73528,59.72802],[10.73523,59.72801],[10.73522,59.72796],[10.73514,59.72797],[10.7351,59.72787],[10.73508,59.72797],[10.73512,59.72801],[10.73509,59.72804],[10.73516,59.72804],[10.73516,59.72809],[10.73528,59.72804],[10.73559,59.72808],[10.73558,59.72802],[10.73542,59.72798],[10.73542,59.72796],[10.73562,59.72797],[10.73565,59.72792],[10.73538,59.72792],[10.73539,59.72796]],[[10.7354,59.72796],[10.7354,59.72797],[10.73539,59.72797],[10.73539,59.72796],[10.7354,59.72796]]]},"properties":{"a":318,"v":359,"dh":1.13,"pl":0,"fo":1,"c":443}},{"type":"Feature","geometry":{"type":"Polygon","coordinates":[[[10.73836,59.72803],[10.73866,59.72801],[10.73848,59.72798],[10.73844,59.72794],[10.73828,59.72797],[10.73836,59.72803]]]},"properties":{"a":119,"v":136,"dh":1.14,"pl":0,"fo":1,"c":444}},{"type":"Feature","geometry":{"type":"Polygon","coordinates":[[[10.74664,59.72421],[10.74675,59.72419],[10.74676,59.72399],[10.74668,59.72387],[10.74671,59.72386],[10.74669,59.72377],[10.7466,59.72371],[10.74663,59.72395],[10.74669,59.72398],[10.74671,59.72407],[10.7467,59.72418],[10.74664,59.72421]]]},"properties":{"a":200,"v":264,"dh":1.32,"pl":0,"sl":1,"c":445}},{"type":"Feature","geometry":{"type":"Polygon","coordinates":[[[10.74634,59.72477],[10.74617,59.72437],[10.7461,59.72436],[10.74622,59.72461],[10.74621,59.72468],[10.74634,59.72477]]]},"properties":{"a":178,"v":287,"dh":1.61,"pl":0,"sl":1,"c":445}},{"type":"Feature","geometry":{"type":"Polygon","coordinates":[[[10.74649,59.72531],[10.74646,59.72508],[10.74636,59.72499],[10.74642,59.72529],[10.74649,59.72531]]]},"properties":{"a":133,"v":172,"dh":1.29,"pl":0,"sl":1,"c":445}},{"type":"Feature","geometry":{"type":"Polygon","coordinates":[[[10.74114,59.72583],[10.74137,59.72579],[10.74135,59.72575],[10.74123,59.72574],[10.74112,59.72578],[10.74114,59.72583]]]},"properties":{"a":106,"v":97,"dh":0.92,"pl":0,"sh":1,"c":446}},{"type":"Feature","geometry":{"type":"Polygon","coordinates":[[[10.74167,59.72978],[10.74222,59.72982],[10.74225,59.72975],[10.74211,59.72972],[10.74204,59.72965],[10.74193,59.72966],[10.74191,59.72971],[10.74179,59.72968],[10.74167,59.72978]],[[10.74208,59.72976],[10.74193,59.72972],[10.74206,59.72971],[10.74208,59.72976]]]},"properties":{"a":313,"v":349,"dh":1.11,"pl":0,"fo":1,"c":447}},{"type":"Feature","geometry":{"type":"Polygon","coordinates":[[[10.74423,59.73011],[10.74453,59.73001],[10.74451,59.72995],[10.74459,59.72993],[10.74462,59.72982],[10.74455,59.7298],[10.74447,59.72988],[10.74436,59.72984],[10.74445,59.72984],[10.74441,59.72981],[10.74434,59.72982],[10.74419,59.72994],[10.74419,59.73003],[10.7441,59.73004],[10.74423,59.73011]]]},"properties":{"a":463,"v":774,"dh":1.67,"pl":0,"fo":1,"c":448}},{"type":"Feature","geometry":{"type":"MultiPolygon","coordinates":[[[[10.7443,59.73037],[10.74432,59.73038],[10.74431,59.73037],[10.7443,59.73037]]],[[[10.74437,59.73038],[10.74447,59.73053],[10.74442,59.73061],[10.74445,59.73064],[10.7445,59.73057],[10.74444,59.73041],[10.74445,59.73028],[10.7444,59.73029],[10.7444,59.73036],[10.74437,59.73032],[10.7443,59.73035],[10.74437,59.73038]]]]},"properties":{"a":123,"v":113,"dh":0.92,"pl":0,"sl":1,"c":449}},{"type":"Feature","geometry":{"type":"Polygon","coordinates":[[[10.74507,59.73122],[10.74563,59.73128],[10.74523,59.73122],[10.74523,59.73115],[10.74535,59.73114],[10.7455,59.73121],[10.74559,59.73119],[10.74556,59.73112],[10.74544,59.73108],[10.74528,59.73113],[10.74532,59.73096],[10.74524,59.73101],[10.74524,59.73111],[10.74512,59.73111],[10.74519,59.73107],[10.74515,59.73103],[10.7449,59.73107],[10.74504,59.73106],[10.74503,59.73112],[10.7451,59.73114],[10.74505,59.73116],[10.74507,59.73122]]]},"properties":{"a":461,"v":575,"dh":1.25,"pl":0,"fo":1,"c":450}},{"type":"Feature","geometry":{"type":"Polygon","coordinates":[[[10.74378,59.73142],[10.74383,59.73132],[10.74374,59.7313],[10.74374,59.73125],[10.74368,59.73125],[10.74364,59.73134],[10.74355,59.73132],[10.74341,59.73138],[10.74378,59.73142]]]},"properties":{"a":211,"v":237,"dh":1.12,"pl":0,"fo":1,"c":451}},{"type":"Feature","geometry":{"type":"Polygon","coordinates":[[[10.74358,59.7319],[10.74336,59.73183],[10.74348,59.73174],[10.74349,59.73165],[10.74326,59.73167],[10.74323,59.73175],[10.74329,59.73185],[10.74358,59.7319]]]},"properties":{"a":261,"v":-401,"dh":1.54,"pl":0,"fo":1,"c":451}},{"type":"Feature","geometry":{"type":"Polygon","coordinates":[[[10.73627,59.72853],[10.73636,59.72849],[10.73634,59.72824],[10.73655,59.72809],[10.73649,59.72807],[10.73654,59.72802],[10.73637,59.72807],[10.73634,59.72817],[10.7362,59.72824],[10.73626,59.7283],[10.73627,59.72853]]]},"properties":{"a":316,"v":342,"dh":1.08,"pl":0,"fo":1,"c":443}},{"type":"Feature","geometry":{"type":"Polygon","coordinates":[[[10.73456,59.72854],[10.73456,59.72848],[10.73441,59.72843],[10.73426,59.72825],[10.73421,59.72825],[10.73423,59.72841],[10.73429,59.72842],[10.73426,59.72847],[10.73456,59.72854]]]},"properties":{"a":247,"v":357,"dh":1.44,"pl":0,"fo":1,"c":452}},{"type":"Feature","geometry":{"type":"Polygon","coordinates":[[[10.73665,59.729],[10.73679,59.72898],[10.7368,59.7289],[10.73661,59.72886],[10.73665,59.72898],[10.73658,59.72898],[10.73665,59.729]]]},"properties":{"a":130,"v":154,"dh":1.18,"pl":0,"fo":1,"c":443}},{"type":"Feature","geometry":{"type":"Polygon","coordinates":[[[10.73821,59.72919],[10.73845,59.72911],[10.73856,59.72911],[10.73856,59.72907],[10.73841,59.72892],[10.73838,59.72907],[10.73824,59.72914],[10.73799,59.72916],[10.73821,59.72919]]]},"properties":{"a":269,"v":283,"dh":1.05,"pl":0,"fo":1,"c":453}},{"type":"Feature","geometry":{"type":"Polygon","coordinates":[[[10.73246,59.73029],[10.73289,59.73029],[10.73289,59.73027],[10.73283,59.73019],[10.73276,59.73018],[10.73246,59.73029]]]},"properties":{"a":164,"v":151,"dh":0.92,"pl":1,"pn":"Reguleringsplan for et boligområde ved Nesset","pd":"2004-11-03","sh":1,"c":454}},{"type":"Feature","geometry":{"type":"Polygon","coordinates":[[[10.73469,59.73062],[10.73468,59.73055],[10.73459,59.73048],[10.73447,59.73048],[10.7346,59.7306],[10.73469,59.73062]]]},"properties":{"a":110,"v":104,"dh":0.95,"pl":1,"pn":"GBnr. 113/21 m. fl. - R 270","pd":"2014-02-12","sh":1,"c":455}},{"type":"Feature","geometry":{"type":"MultiPolygon","coordinates":[[[[10.73423,59.73079],[10.73425,59.73081],[10.73425,59.73079],[10.73423,59.73079]]],[[[10.73424,59.73087],[10.7344,59.73087],[10.73444,59.73096],[10.73451,59.73096],[10.73448,59.73105],[10.73466,59.73113],[10.73513,59.73092],[10.73509,59.73088],[10.73458,59.73096],[10.73438,59.7308],[10.73425,59.73081],[10.73424,59.73087]]],[[[10.73446,59.73097],[10.73442,59.731],[10.73446,59.731],[10.73446,59.73097]]],[[[10.73448,59.73102],[10.73446,59.73103],[10.73448,59.73103],[10.73448,59.73102]]]]},"properties":{"a":562,"v":-1230,"dh":2.19,"pl":1,"pn":"GBnr. 113/21 m. fl. - R 270","pd":"2014-02-12","fo":1,"c":456}},{"type":"Feature","geometry":{"type":"Polygon","coordinates":[[[10.73606,59.73167],[10.73616,59.73163],[10.73614,59.73156],[10.73598,59.73154],[10.73595,59.73164],[10.73606,59.73167]]]},"properties":{"a":131,"v":243,"dh":1.86,"pl":0,"c":457}},{"type":"Feature","geometry":{"type":"Polygon","coordinates":[[[10.74085,59.73181],[10.74093,59.73172],[10.74116,59.73169],[10.74095,59.73166],[10.74045,59.73169],[10.74049,59.73174],[10.7406,59.73173],[10.74085,59.73181]]]},"properties":{"a":301,"v":-515,"dh":1.71,"pl":1,"pn":"Markusløkka","pd":"1999-04-21","fo":1,"c":458}},{"type":"Feature","geometry":{"type":"Polygon","coordinates":[[[10.74834,59.73327],[10.74823,59.73318],[10.74847,59.73303],[10.74854,59.73289],[10.74826,59.73294],[10.74809,59.73326],[10.74819,59.73331],[10.74834,59.73327]]]},"properties":{"a":506,"v":792,"dh":1.56,"pl":2,"pn":"Områderegulering for frittliggende småhusbebyggelse","pd":"2023-10-25","c":428}},{"type":"Feature","geometry":{"type":"Polygon","coordinates":[[[10.74752,59.73386],[10.74766,59.7338],[10.74765,59.73352],[10.74762,59.73342],[10.74757,59.7334],[10.74733,59.73353],[10.74733,59.73364],[10.74739,59.73369],[10.74738,59.7338],[10.74752,59.73386]]]},"properties":{"a":751,"v":-1095,"dh":1.46,"pl":1,"pn":"Reguleringsplan med reguleringsbestemmelser for Enerhaugen","pd":"1995-04-05","c":427}},{"type":"Feature","geometry":{"type":"Polygon","coordinates":[[[10.74785,59.73432],[10.74762,59.73409],[10.74748,59.73408],[10.74745,59.73393],[10.74733,59.73393],[10.74734,59.73415],[10.74763,59.73417],[10.74776,59.73431],[10.74785,59.73432]]]},"properties":{"a":386,"v":-485,"dh":1.26,"pl":1,"pn":"Reguleringsplan med reguleringsbestemmelser for Enerhaugen","pd":"1995-04-05","c":427}},{"type":"Feature","geometry":{"type":"Polygon","coordinates":[[[10.74672,59.73519],[10.74684,59.73511],[10.74688,59.73486],[10.74674,59.73488],[10.74683,59.73491],[10.74678,59.73493],[10.74682,59.735],[10.74673,59.73504],[10.74682,59.73504],[10.7468,59.73509],[10.74665,59.73518],[10.74672,59.73519]]]},"properties":{"a":173,"v":232,"dh":1.34,"pl":1,"pn":"Reguleringsplan med reguleringsbestemmelser for Enerhaugen","pd":"1995-04-05","sl":1,"c":459}},{"type":"Feature","geometry":{"type":"Polygon","coordinates":[[[10.74109,59.73678],[10.7412,59.73676],[10.74121,59.7367],[10.74135,59.73669],[10.74122,59.73662],[10.74117,59.73667],[10.74101,59.73656],[10.74087,59.73664],[10.74093,59.73673],[10.74109,59.73678]]]},"properties":{"a":338,"v":504,"dh":1.49,"pl":1,"pn":"Detaljreguleringsplan for Kjærnesveien 18 med flere","pd":"2018-12-12","fo":1,"c":460}},{"type":"Feature","geometry":{"type":"Polygon","coordinates":[[[10.74205,59.73702],[10.74215,59.73696],[10.74213,59.73688],[10.74158,59.73666],[10.74154,59.73658],[10.74142,59.73652],[10.74124,59.73652],[10.74137,59.73668],[10.74155,59.73675],[10.74152,59.73678],[10.74159,59.73682],[10.74158,59.73688],[10.74167,59.737],[10.74174,59.73701],[10.74172,59.73693],[10.74176,59.73693],[10.74205,59.73702]]]},"properties":{"a":1027,"v":1691,"dh":1.65,"pl":1,"pn":"Detaljreguleringsplan for Kjærnesveien 18 med flere","pd":"2018-12-12","fo":1,"c":460}},{"type":"Feature","geometry":{"type":"Polygon","coordinates":[[[10.74212,59.73714],[10.74225,59.7371],[10.74228,59.73703],[10.74207,59.73707],[10.74189,59.73703],[10.74196,59.73712],[10.74212,59.73714]]]},"properties":{"a":148,"v":-197,"dh":1.33,"pl":1,"pn":"Detaljreguleringsplan for Kjærnesveien 18 med flere","pd":"2018-12-12","fo":1,"c":460}},{"type":"Feature","geometry":{"type":"Polygon","coordinates":[[[10.74087,59.73763],[10.74085,59.73756],[10.74092,59.73751],[10.74119,59.73759],[10.74138,59.7375],[10.74132,59.7374],[10.74139,59.73739],[10.74137,59.73732],[10.74142,59.73731],[10.74143,59.73712],[10.74152,59.73712],[10.74148,59.73702],[10.7414,59.73699],[10.74134,59.73708],[10.7413,59.73709],[10.7413,59.73704],[10.74123,59.73712],[10.74118,59.73708],[10.74125,59.73705],[10.74123,59.737],[10.74137,59.73696],[10.74133,59.73687],[10.74154,59.73686],[10.74146,59.73676],[10.74129,59.73676],[10.74113,59.7369],[10.74101,59.7369],[10.74115,59.73697],[10.74118,59.73704],[10.74102,59.73708],[10.74092,59.73721],[10.74096,59.73735],[10.74083,59.73753],[10.74083,59.73764],[10.74087,59.73763]],[[10.74105,59.73741],[10.74098,59.73734],[10.74112,59.73728],[10.74105,59.73741]]]},"properties":{"a":1855,"v":-3678,"dh":1.98,"pl":1,"pn":"Detaljreguleringsplan for Kjærnesveien 18 med flere","pd":"2018-12-12","fo":1,"c":460}},{"type":"Feature","geometry":{"type":"Polygon","coordinates":[[[10.74425,59.7374],[10.74433,59.73758],[10.74426,59.73757],[10.74428,59.73761],[10.74425,59.73762],[10.74432,59.73763],[10.74438,59.7378],[10.74433,59.73783],[10.74433,59.73789],[10.74442,59.73793],[10.74437,59.73788],[10.74438,59.73783],[10.74453,59.73786],[10.74445,59.7378],[10.74442,59.73759],[10.7441,59.73716],[10.74415,59.73711],[10.74406,59.73703],[10.74409,59.73697],[10.74397,59.73697],[10.74395,59.73708],[10.74407,59.73726],[10.74396,59.73721],[10.74392,59.73722],[10.74407,59.73732],[10.74397,59.73734],[10.74415,59.73742],[10.74412,59.73749],[10.74403,59.73753],[10.74413,59.73769],[10.74416,59.73769],[10.74414,59.73757],[10.74419,59.73755],[10.74415,59.73751],[10.74425,59.7374]],[[10.74407,59.73726],[10.74409,59.73727],[10.74407,59.73727],[10.74407,59.73726]],[[10.74422,59.7374],[10.7442,59.73739],[10.74422,59.73739],[10.74422,59.7374]],[[10.74404,59.73709],[10.74408,59.73709],[10.7441,59.73712],[10.74406,59.73713],[10.74404,59.73709]]]},"properties":{"a":861,"v":1177,"dh":1.37,"pl":0,"fo":1,"c":461}},{"type":"Feature","geometry":{"type":"Polygon","coordinates":[[[10.74368,59.73825],[10.74381,59.73806],[10.74354,59.73799],[10.74343,59.738],[10.74354,59.73807],[10.74374,59.73807],[10.74371,59.73814],[10.74363,59.73813],[10.74369,59.73816],[10.74364,59.73823],[10.74368,59.73825]]]},"properties":{"a":153,"v":184,"dh":1.2,"pl":0,"sl":1,"c":462}},{"type":"Feature","geometry":{"type":"Polygon","coordinates":[[[10.74013,59.73195],[10.74018,59.73188],[10.74034,59.73183],[10.74037,59.73177],[10.74029,59.73173],[10.74033,59.73168],[10.74018,59.73165],[10.74005,59.73176],[10.74016,59.73186],[10.74007,59.73192],[10.74013,59.73195]],[[10.74021,59.73182],[10.74026,59.73179],[10.74028,59.73181],[10.74021,59.73182]]]},"properties":{"a":272,"v":317,"dh":1.17,"pl":1,"pn":"Markusløkka","pd":"1999-04-21","fo":1,"c":458}},{"type":"Feature","geometry":{"type":"Polygon","coordinates":[[[10.73978,59.73313],[10.7398,59.73308],[10.73971,59.73308],[10.73954,59.73298],[10.73957,59.73293],[10.73945,59.73293],[10.7391,59.7327],[10.7395,59.73292],[10.73955,59.73287],[10.73972,59.73291],[10.73993,59.73287],[10.73987,59.73282],[10.74001,59.73278],[10.74021,59.73287],[10.74031,59.73279],[10.74017,59.7327],[10.74023,59.73264],[10.74014,59.73259],[10.74032,59.73255],[10.74043,59.73259],[10.7405,59.73255],[10.73982,59.73225],[10.73983,59.7323],[10.73927,59.7325],[10.73904,59.73261],[10.73906,59.73267],[10.73899,59.73267],[10.73936,59.73298],[10.73964,59.73312],[10.73978,59.73313]],[[10.7398,59.73286],[10.73982,59.73285],[10.73982,59.73286],[10.7398,59.73286]],[[10.74017,59.73281],[10.74021,59.73279],[10.74021,59.73281],[10.74017,59.73281]],[[10.74006,59.73268],[10.74008,59.73267],[10.74008,59.73268],[10.74006,59.73268]],[[10.73996,59.73255],[10.73998,59.73254],[10.73998,59.73255],[10.73996,59.73255]],[[10.74016,59.73253],[10.73996,59.73252],[10.73992,59.73245],[10.74015,59.73246],[10.74016,59.73253]],[[10.7398,59.73247],[10.73982,59.73245],[10.73982,59.73247],[10.7398,59.73247]],[[10.73999,59.73237],[10.74001,59.73237],[10.73999,59.73237],[10.73999,59.73237]],[[10.73999,59.73237],[10.73997,59.73236],[10.73999,59.73236],[10.73999,59.73237]]]},"properties":{"a":3505,"v":3527,"dh":1.01,"pl":0,"c":463}},{"type":"Feature","geometry":{"type":"Polygon","coordinates":[[[10.73898,59.73688],[10.73903,59.73683],[10.73894,59.73675],[10.73897,59.73673],[10.73883,59.73672],[10.73887,59.73677],[10.73882,59.73682],[10.73898,59.73688]]]},"properties":{"a":133,"v":128,"dh":0.96,"pl":0,"sh":1,"c":464}},{"type":"Feature","geometry":{"type":"Polygon","coordinates":[[[10.74055,59.73772],[10.74072,59.7376],[10.74082,59.73746],[10.74085,59.73721],[10.74105,59.73705],[10.74105,59.73697],[10.74092,59.73687],[10.74079,59.73691],[10.74075,59.73703],[10.74064,59.73708],[10.74068,59.73714],[10.74067,59.7373],[10.74048,59.73739],[10.74047,59.73751],[10.74054,59.73753],[10.74044,59.73756],[10.74042,59.73765],[10.74055,59.73772]]]},"properties":{"a":1337,"v":2341,"dh":1.75,"pl":1,"pn":"Detaljreguleringsplan for Kjærnesveien 18 med flere","pd":"2018-12-12","fo":1,"c":460}},{"type":"Feature","geometry":{"type":"Polygon","coordinates":[[[10.74101,59.7393],[10.74102,59.73917],[10.74098,59.7391],[10.74084,59.73923],[10.74101,59.7393]]]},"properties":{"a":145,"v":150,"dh":1.03,"pl":1,"pn":"Eikestubben","pd":"2004-12-01","fo":1,"c":465}},{"type":"Feature","geometry":{"type":"Polygon","coordinates":[[[10.73422,59.74143],[10.73434,59.7414],[10.7343,59.74137],[10.7344,59.74129],[10.73461,59.74121],[10.73466,59.74111],[10.73432,59.74131],[10.73422,59.74143]]]},"properties":{"a":126,"v":327,"dh":2.59,"pl":1,"pn":"Kjellveien","pd":"2005-02-02","sl":1,"c":466}},{"type":"Feature","geometry":{"type":"Polygon","coordinates":[[[10.73462,59.74197],[10.73476,59.7419],[10.73472,59.74186],[10.73459,59.74185],[10.73461,59.74183],[10.73484,59.74182],[10.73496,59.74176],[10.73497,59.74166],[10.73504,59.74159],[10.73488,59.7416],[10.73447,59.74181],[10.73463,59.74188],[10.73456,59.74192],[10.73462,59.74197]]]},"properties":{"a":525,"v":1000,"dh":1.9,"pl":1,"pn":"Kjellveien","pd":"2005-02-02","fo":1,"c":467}},{"type":"Feature","geometry":{"type":"Polygon","coordinates":[[[10.73357,59.74208],[10.73375,59.74208],[10.73378,59.74201],[10.73373,59.74198],[10.73359,59.74202],[10.73357,59.74208]]]},"properties":{"a":102,"v":111,"dh":1.08,"pl":0,"fo":1,"c":468}},{"type":"Feature","geometry":{"type":"Polygon","coordinates":[[[10.7331,59.74217],[10.73336,59.74208],[10.73351,59.74195],[10.73304,59.74211],[10.73302,59.74215],[10.7331,59.74217]]]},"properties":{"a":203,"v":310,"dh":1.53,"pl":0,"c":468}},{"type":"Feature","geometry":{"type":"Polygon","coordinates":[[[10.73325,59.74237],[10.73346,59.74227],[10.73347,59.7422],[10.73338,59.74221],[10.73318,59.74234],[10.73325,59.74237]]]},"properties":{"a":116,"v":149,"dh":1.28,"pl":0,"fo":1,"c":468}},{"type":"Feature","geometry":{"type":"MultiPolygon","coordinates":[[[[10.74427,59.73807],[10.74431,59.73808],[10.74431,59.73806],[10.74427,59.73807]]],[[[10.7445,59.73836],[10.74459,59.73841],[10.7447,59.73837],[10.7445,59.7383],[10.74455,59.73825],[10.74449,59.73818],[10.74454,59.73815],[10.7446,59.73819],[10.74456,59.73813],[10.74465,59.73809],[10.74462,59.73802],[10.74453,59.738],[10.74454,59.73803],[10.74444,59.73796],[10.74419,59.7379],[10.74421,59.73788],[10.74412,59.73784],[10.74412,59.73796],[10.74418,59.73797],[10.74414,59.73801],[10.74436,59.73808],[10.74437,59.73817],[10.7444,59.73818],[10.74437,59.73823],[10.74442,59.73826],[10.74439,59.73827],[10.74441,59.73832],[10.74421,59.73834],[10.74438,59.73839],[10.74439,59.73835],[10.7445,59.73836]],[[10.74416,59.73794],[10.74423,59.73792],[10.74423,59.73794],[10.74416,59.73794]],[[10.74446,59.73832],[10.74443,59.73833],[10.74443,59.73832],[10.74446,59.73832]],[[10.74446,59.73823],[10.74444,59.73825],[10.74444,59.73823],[10.74446,59.73823]],[[10.74449,59.73815],[10.74441,59.73809],[10.74439,59.73801],[10.74452,59.7381],[10.74449,59.73815]],[[10.74432,59.73801],[10.7443,59.738],[10.74432,59.738],[10.74432,59.73801]],[[10.7443,59.738],[10.74428,59.73798],[10.7443,59.73798],[10.7443,59.738]]],[[[10.74448,59.73838],[10.74446,59.73837],[10.74447,59.73838],[10.74448,59.73838]]]]},"properties":{"a":668,"v":738,"dh":1.11,"pl":0,"fo":1,"c":461}},{"type":"Feature","geometry":{"type":"MultiPolygon","coordinates":[[[[10.74488,59.73808],[10.74486,59.73808],[10.74488,59.73808],[10.74488,59.73808]]],[[[10.7449,59.73809],[10.74494,59.73818],[10.74506,59.73824],[10.74505,59.7383],[10.74515,59.73825],[10.74497,59.73814],[10.74497,59.73809],[10.7449,59.73809]]]]},"properties":{"a":106,"v":130,"dh":1.22,"pl":0,"sl":1,"c":462}},{"type":"Feature","geometry":{"type":"Polygon","coordinates":[[[10.74396,59.73852],[10.74404,59.7385],[10.74401,59.73844],[10.74407,59.73836],[10.7439,59.73837],[10.74396,59.73852]]]},"properties":{"a":103,"v":83,"dh":0.81,"pl":0,"sh":1,"c":462}},{"type":"Feature","geometry":{"type":"Polygon","coordinates":[[[10.74477,59.73871],[10.74475,59.73867],[10.74482,59.73864],[10.74491,59.7384],[10.74498,59.7384],[10.74495,59.73845],[10.74503,59.73856],[10.74513,59.73847],[10.74512,59.73858],[10.74515,59.73858],[10.74508,59.73863],[10.74512,59.73868],[10.74522,59.73857],[10.74523,59.73846],[10.74493,59.73835],[10.74496,59.73833],[10.7449,59.73826],[10.74482,59.73826],[10.74477,59.73839],[10.74482,59.73839],[10.74482,59.73844],[10.74475,59.73845],[10.74476,59.73849],[10.74461,59.73843],[10.74462,59.73853],[10.74471,59.73855],[10.74467,59.73862],[10.74474,59.73861],[10.74466,59.73868],[10.74477,59.73871]],[[10.74472,59.73853],[10.74476,59.73851],[10.74476,59.73853],[10.74472,59.73853]],[[10.74502,59.73846],[10.74498,59.73843],[10.74504,59.73846],[10.74502,59.73846]]]},"properties":{"a":634,"v":964,"dh":1.52,"pl":0,"fo":1,"c":461}},{"type":"Feature","geometry":{"type":"Polygon","coordinates":[[[10.74513,59.73891],[10.74509,59.73884],[10.74515,59.73879],[10.74507,59.73876],[10.74505,59.73861],[10.74492,59.73865],[10.74488,59.73858],[10.74485,59.73866],[10.74498,59.73871],[10.74495,59.7388],[10.74506,59.7388],[10.74503,59.73888],[10.74513,59.73891]],[[10.745,59.73877],[10.74502,59.73877],[10.74502,59.73877],[10.745,59.73877]]]},"properties":{"a":212,"v":264,"dh":1.24,"pl":0,"sl":1,"c":462}},{"type":"Feature","geometry":{"type":"Polygon","coordinates":[[[10.7448,59.73898],[10.74496,59.73899],[10.74496,59.73895],[10.74489,59.73893],[10.7449,59.73889],[10.74481,59.73879],[10.74474,59.73878],[10.74475,59.73873],[10.74455,59.73871],[10.74469,59.73888],[10.74476,59.73889],[10.74474,59.7388],[10.74477,59.7388],[10.74478,59.73891],[10.74483,59.73894],[10.7448,59.73898]],[[10.74487,59.73897],[10.74489,59.73895],[10.74489,59.73897],[10.74487,59.73897]]]},"properties":{"a":245,"v":271,"dh":1.11,"pl":0,"sl":1,"c":462}},{"type":"Feature","geometry":{"type":"MultiPolygon","coordinates":[[[[10.74466,59.73899],[10.74459,59.73897],[10.74446,59.73896],[10.74459,59.73901],[10.74466,59.73899]]],[[[10.74477,59.73914],[10.74486,59.73908],[10.74482,59.73899],[10.74464,59.73901],[10.74466,59.73906],[10.74475,59.73902],[10.74472,59.7391],[10.74477,59.73914]],[[10.74475,59.73909],[10.74479,59.73907],[10.74479,59.73909],[10.74475,59.73909]]],[[[10.74483,59.73915],[10.74481,59.73914],[10.74481,59.73915],[10.74483,59.73915]]]]},"properties":{"a":130,"v":142,"dh":1.09,"pl":0,"sl":1,"c":462}},{"type":"Feature","geometry":{"type":"Polygon","coordinates":[[[10.74457,59.7394],[10.74472,59.73951],[10.7447,59.73956],[10.74458,59.73961],[10.74448,59.73959],[10.74449,59.73963],[10.74443,59.73966],[10.74471,59.7396],[10.74479,59.73953],[10.74477,59.73948],[10.74483,59.73948],[10.74481,59.73954],[10.74485,59.73954],[10.74491,59.73948],[10.74478,59.73939],[10.74479,59.73921],[10.74476,59.73918],[10.74479,59.73915],[10.74475,59.73914],[10.74465,59.73917],[10.74463,59.73922],[10.74474,59.73922],[10.74474,59.73925],[10.74462,59.73925],[10.74457,59.7394]],[[10.74479,59.73945],[10.74468,59.73946],[10.74472,59.73944],[10.74468,59.73938],[10.74479,59.73945]],[[10.74459,59.7394],[10.74466,59.73943],[10.74459,59.73941],[10.74459,59.7394]],[[10.74466,59.73934],[10.74471,59.73931],[10.74475,59.73932],[10.74469,59.73936],[10.74466,59.73934]]]},"properties":{"a":435,"v":489,"dh":1.12,"pl":0,"sl":1,"c":462}},{"type":"Feature","geometry":{"type":"Polygon","coordinates":[[[10.74511,59.73978],[10.74518,59.73972],[10.7452,59.73976],[10.74525,59.73974],[10.74524,59.73962],[10.74518,59.73955],[10.74526,59.73954],[10.74518,59.73953],[10.74522,59.73946],[10.74511,59.7395],[10.74514,59.73972],[10.74511,59.73978]]]},"properties":{"a":166,"v":171,"dh":1.03,"pl":0,"sl":1,"c":462}},{"type":"Feature","geometry":{"type":"MultiPolygon","coordinates":[[[[10.74763,59.74068],[10.74757,59.74064],[10.74757,59.74057],[10.74762,59.74053],[10.74742,59.74048],[10.7475,59.74064],[10.74763,59.74068]]],[[[10.74759,59.7407],[10.74763,59.74069],[10.74759,59.74069],[10.74759,59.7407]]]]},"properties":{"a":144,"v":192,"dh":1.33,"pl":0,"sl":1,"c":469}},{"type":"Feature","geometry":{"type":"Polygon","coordinates":[[[10.74333,59.74084],[10.74385,59.74089],[10.74395,59.74082],[10.74333,59.74084]]]},"properties":{"a":152,"v":-199,"dh":1.31,"pl":1,"pn":"Eikestubben","pd":"2004-12-01","fo":1,"c":471}},{"type":"Feature","geometry":{"type":"Polygon","coordinates":[[[10.74507,59.74105],[10.7452,59.74095],[10.74518,59.74085],[10.74511,59.74085],[10.74509,59.7408],[10.74506,59.74087],[10.74513,59.74087],[10.74513,59.74095],[10.74503,59.74103],[10.74507,59.74105]]]},"properties":{"a":108,"v":133,"dh":1.23,"pl":0,"sl":1,"c":470}},{"type":"Feature","geometry":{"type":"Polygon","coordinates":[[[10.74408,59.74115],[10.74416,59.74104],[10.74417,59.74086],[10.74397,59.74088],[10.74382,59.74095],[10.74378,59.74103],[10.74359,59.74107],[10.74408,59.74115]]]},"properties":{"a":587,"v":712,"dh":1.21,"pl":1,"pn":"Eikestubben","pd":"2004-12-01","c":471}},{"type":"Feature","geometry":{"type":"MultiPolygon","coordinates":[[[[10.74668,59.74095],[10.74689,59.7409],[10.74689,59.7408],[10.74679,59.74092],[10.74668,59.74095]]],[[[10.74672,59.74107],[10.74683,59.74117],[10.74689,59.74117],[10.74681,59.74099],[10.74672,59.74098],[10.74672,59.74107]]]]},"properties":{"a":161,"v":-236,"dh":1.46,"pl":0,"sl":1,"c":469}},{"type":"Feature","geometry":{"type":"Polygon","coordinates":[[[10.74598,59.7415],[10.74601,59.74146],[10.74607,59.74148],[10.74603,59.74142],[10.74615,59.74131],[10.74634,59.74121],[10.74648,59.7412],[10.74653,59.74108],[10.74607,59.74121],[10.74611,59.74127],[10.74618,59.74122],[10.74629,59.74123],[10.74611,59.74127],[10.74597,59.74138],[10.74591,59.74146],[10.74596,59.74145],[10.74598,59.7415]]]},"properties":{"a":346,"v":-700,"dh":2.02,"pl":0,"sl":1,"c":469}},{"type":"Feature","geometry":{"type":"Polygon","coordinates":[[[10.7468,59.74158],[10.74675,59.74152],[10.74678,59.74151],[10.74678,59.74142],[10.74683,59.74144],[10.7468,59.74127],[10.74686,59.74125],[10.7468,59.74118],[10.74675,59.74119],[10.7468,59.74114],[10.74669,59.74119],[10.74674,59.74136],[10.74671,59.74156],[10.7468,59.74158]],[[10.74674,59.74138],[10.74677,59.74138],[10.74676,59.7414],[10.74674,59.74138]]]},"properties":{"a":219,"v":-281,"dh":1.28,"pl":0,"sl":1,"c":469}},{"type":"Feature","geometry":{"type":"Polygon","coordinates":[[[10.74647,59.74132],[10.74651,59.74137],[10.7465,59.74151],[10.74644,59.74151],[10.74645,59.74156],[10.74652,59.74161],[10.74657,59.74148],[10.74653,59.74118],[10.74645,59.74122],[10.74647,59.74132]],[[10.74649,59.74132],[10.74651,59.74133],[10.74649,59.74133],[10.74649,59.74132]]]},"properties":{"a":184,"v":218,"dh":1.18,"pl":0,"sl":1,"c":469}},{"type":"Feature","geometry":{"type":"MultiPolygon","coordinates":[[[[10.74793,59.74136],[10.74782,59.74126],[10.74777,59.74127],[10.74787,59.74148],[10.74793,59.74139],[10.74793,59.74136]],[[10.74789,59.74136],[10.74784,59.74134],[10.74789,59.74134],[10.74789,59.74136]]],[[[10.74797,59.74145],[10.7479,59.74151],[10.74776,59.74154],[10.74773,59.74159],[10.74797,59.74151],[10.74797,59.74145]]]]},"properties":{"a":157,"v":204,"dh":1.3,"pl":0,"sl":1,"c":474}},{"type":"Feature","geometry":{"type":"MultiPolygon","coordinates":[[[[10.74908,59.74164],[10.74907,59.74165],[10.74908,59.74165],[10.74908,59.74164]]],[[[10.74891,59.74176],[10.749,59.74177],[10.74902,59.74182],[10.74881,59.74179],[10.74879,59.74186],[10.74888,59.74184],[10.74887,59.74188],[10.74899,59.74195],[10.749,59.742],[10.7491,59.74202],[10.74892,59.74188],[10.74908,59.74195],[10.74901,59.74186],[10.74907,59.74181],[10.74904,59.74179],[10.74907,59.74165],[10.74896,59.74164],[10.74896,59.74157],[10.74875,59.74138],[10.74875,59.74131],[10.74872,59.7414],[10.74877,59.7414],[10.74875,59.74146],[10.74879,59.74148],[10.74876,59.74148],[10.74876,59.74156],[10.74879,59.74153],[10.74885,59.74155],[10.74883,59.74161],[10.74889,59.74164],[10.74882,59.74164],[10.74889,59.74171],[10.74875,59.74166],[10.74882,59.74171],[10.74877,59.74175],[10.74895,59.74174],[10.74891,59.74176]],[[10.74895,59.74174],[10.74896,59.74173],[10.74896,59.74174],[10.74895,59.74174]],[[10.74902,59.74173],[10.749,59.74175],[10.749,59.74173],[10.74902,59.74173]],[[10.74898,59.74168],[10.74896,59.74169],[10.74896,59.74168],[10.74898,59.74168]]],[[[10.74906,59.74185],[10.74904,59.74187],[10.74906,59.74187],[10.74906,59.74185]]],[[[10.74907,59.74203],[10.74905,59.74203],[10.74907,59.74203],[10.74907,59.74203]]]]},"properties":{"a":500,"v":540,"dh":1.08,"pl":0,"fo":1,"c":472}},{"type":"Feature","geometry":{"type":"Polygon","coordinates":[[[10.74842,59.74212],[10.74839,59.74191],[10.7482,59.74177],[10.74822,59.74188],[10.7483,59.7419],[10.74828,59.74199],[10.74837,59.74199],[10.74834,59.74211],[10.74842,59.74212]]]},"properties":{"a":152,"v":169,"dh":1.11,"pl":0,"sl":1,"c":474}},{"type":"Feature","geometry":{"type":"Polygon","coordinates":[[[10.74405,59.74236],[10.74415,59.74231],[10.74417,59.74225],[10.74408,59.74223],[10.74392,59.74235],[10.74405,59.74236]]]},"properties":{"a":124,"v":120,"dh":0.96,"pl":0,"sh":1,"c":473}},{"type":"Feature","geometry":{"type":"MultiPolygon","coordinates":[[[[10.74896,59.74224],[10.74894,59.74223],[10.74894,59.74224],[10.74896,59.74224]]],[[[10.74895,59.74249],[10.74892,59.74231],[10.74899,59.7423],[10.74897,59.74226],[10.74888,59.74223],[10.74892,59.7422],[10.74886,59.74217],[10.74872,59.74217],[10.74871,59.74229],[10.74878,59.74225],[10.74882,59.74235],[10.74887,59.74236],[10.74884,59.7424],[10.74891,59.7424],[10.74888,59.74248],[10.74895,59.74249]]],[[[10.74895,59.74253],[10.74881,59.7425],[10.74888,59.74254],[10.74895,59.74253]]]]},"properties":{"a":262,"v":278,"dh":1.06,"pl":0,"sl":1,"c":474}},{"type":"Feature","geometry":{"type":"Polygon","coordinates":[[[10.74762,59.74265],[10.74775,59.74266],[10.74776,59.74261],[10.74769,59.74261],[10.74767,59.74251],[10.74738,59.74241],[10.7474,59.74247],[10.74763,59.74251],[10.74762,59.74265]]]},"properties":{"a":118,"v":112,"dh":0.95,"pl":0,"sl":1,"c":474}},{"type":"Feature","geometry":{"type":"MultiPolygon","coordinates":[[[[10.7483,59.74307],[10.74834,59.74316],[10.74827,59.74317],[10.74831,59.74321],[10.74828,59.74328],[10.74842,59.74328],[10.74839,59.74327],[10.74842,59.74321],[10.74835,59.74319],[10.74842,59.7432],[10.74845,59.74316],[10.74841,59.74308],[10.74846,59.74307],[10.74832,59.74304],[10.74822,59.74285],[10.74813,59.74284],[10.74807,59.74277],[10.74812,59.74295],[10.74807,59.74299],[10.74814,59.74302],[10.74815,59.74309],[10.7483,59.74307]],[[10.74825,59.74307],[10.74823,59.74306],[10.74825,59.74306],[10.74825,59.74307]],[[10.74821,59.74304],[10.74827,59.74302],[10.74827,59.74305],[10.74821,59.74304]],[[10.74821,59.743],[10.74819,59.74299],[10.74821,59.74299],[10.74821,59.743]],[[10.74817,59.74294],[10.74819,59.7429],[10.74819,59.74294],[10.74817,59.74294]]],[[[10.74842,59.74326],[10.74844,59.74326],[10.74842,59.74326],[10.74842,59.74326]]]]},"properties":{"a":426,"v":442,"dh":1.04,"pl":0,"sl":1,"c":474}},{"type":"Feature","geometry":{"type":"Polygon","coordinates":[[[10.74635,59.74344],[10.7464,59.74342],[10.74643,59.74328],[10.74639,59.74323],[10.74634,59.74326],[10.74631,59.7431],[10.74637,59.74309],[10.74627,59.74305],[10.74621,59.74308],[10.74624,59.74315],[10.74619,59.74319],[10.74629,59.7433],[10.74638,59.74328],[10.74633,59.74338],[10.74635,59.74344]],[[10.74625,59.74319],[10.74626,59.74318],[10.74626,59.74319],[10.74625,59.74319]]]},"properties":{"a":216,"v":222,"dh":1.03,"pl":0,"sl":1,"c":475}},{"type":"Feature","geometry":{"type":"Polygon","coordinates":[[[10.74194,59.74351],[10.74194,59.74345],[10.742,59.74339],[10.74222,59.74337],[10.74229,59.7434],[10.74232,59.74339],[10.74216,59.74331],[10.7418,59.74327],[10.74165,59.74344],[10.74194,59.74351]]]},"properties":{"a":451,"v":488,"dh":1.08,"pl":0,"c":476}},{"type":"Feature","geometry":{"type":"Polygon","coordinates":[[[10.74155,59.74392],[10.74165,59.74384],[10.74156,59.74373],[10.74168,59.74364],[10.74187,59.74362],[10.74162,59.74354],[10.7414,59.7437],[10.74151,59.74377],[10.74139,59.74389],[10.74155,59.74392]]]},"properties":{"a":420,"v":510,"dh":1.22,"pl":0,"c":476}},{"type":"Feature","geometry":{"type":"MultiPolygon","coordinates":[[[[10.74779,59.74442],[10.74768,59.74439],[10.74768,59.74433],[10.74775,59.7444],[10.74778,59.74436],[10.74767,59.74423],[10.7476,59.74421],[10.74761,59.74417],[10.74754,59.74414],[10.74758,59.74411],[10.74741,59.74407],[10.7474,59.74411],[10.74758,59.74421],[10.74746,59.74419],[10.74748,59.74424],[10.74758,59.74425],[10.74755,59.74434],[10.74761,59.74436],[10.74759,59.74441],[10.74781,59.74448],[10.74779,59.74442]]],[[[10.74783,59.74449],[10.7479,59.7446],[10.74778,59.74458],[10.74783,59.74456],[10.7476,59.74459],[10.74754,59.74452],[10.74751,59.74453],[10.74755,59.74459],[10.74749,59.7446],[10.74762,59.74466],[10.7476,59.7446],[10.74771,59.74462],[10.74768,59.74472],[10.74775,59.74472],[10.74778,59.74468],[10.74775,59.74464],[10.74782,59.74462],[10.74782,59.74467],[10.74791,59.74465],[10.74794,59.74469],[10.74793,59.74476],[10.74806,59.7448],[10.74813,59.74477],[10.74809,59.74469],[10.74812,59.74463],[10.74803,59.74463],[10.74806,59.7446],[10.74797,59.74458],[10.74797,59.74455],[10.74806,59.74457],[10.74801,59.7445],[10.74804,59.74446],[10.74811,59.74452],[10.7481,59.74456],[10.74817,59.74454],[10.74813,59.74449],[10.7482,59.74444],[10.74816,59.74436],[10.74825,59.74437],[10.74821,59.74435],[10.74821,59.74407],[10.74809,59.744],[10.74798,59.74402],[10.74797,59.74389],[10.74792,59.74382],[10.74789,59.74393],[10.74796,59.74395],[10.74796,59.744],[10.74783,59.74396],[10.74784,59.74404],[10.74791,59.74402],[10.74791,59.74406],[10.74804,59.74408],[10.74808,59.74413],[10.74813,59.74409],[10.74816,59.7441],[10.74809,59.74417],[10.74802,59.74411],[10.7479,59.74412],[10.74789,59.74408],[10.74777,59.74405],[10.74784,59.74411],[10.74777,59.74411],[10.74779,59.74414],[10.74793,59.74416],[10.74788,59.74422],[10.74799,59.74429],[10.74794,59.74435],[10.74802,59.74437],[10.74793,59.74447],[10.74795,59.74452],[10.74783,59.74449]],[[10.74793,59.74412],[10.74797,59.74414],[10.74793,59.74413],[10.74793,59.74412]],[[10.74794,59.74421],[10.74796,59.74422],[10.74794,59.74422],[10.74794,59.74421]],[[10.74803,59.7447],[10.74807,59.74469],[10.74807,59.74471],[10.74803,59.7447]],[[10.74804,59.7444],[10.74811,59.74439],[10.74811,59.74441],[10.74804,59.7444]],[[10.74811,59.74436],[10.74809,59.74437],[10.74809,59.74436],[10.74811,59.74436]],[[10.74809,59.74435],[10.74803,59.74429],[10.7481,59.74428],[10.74814,59.74433],[10.74809,59.74435]],[[10.74806,59.74425],[10.74803,59.74426],[10.74803,59.74425],[10.74806,59.74425]],[[10.74797,59.74423],[10.74796,59.74424],[10.74796,59.74423],[10.74797,59.74423]],[[10.74805,59.74424],[10.74797,59.7442],[10.74808,59.74423],[10.74805,59.74424]],[[10.74799,59.74415],[10.74797,59.74417],[10.74797,59.74415],[10.74799,59.74415]],[[10.74792,59.74413],[10.7479,59.74414],[10.7479,59.74413],[10.74792,59.74413]],[[10.74811,59.74407],[10.74807,59.74408],[10.74807,59.74407],[10.74811,59.74407]],[[10.74802,59.74407],[10.74796,59.74403],[10.74803,59.74404],[10.74802,59.74407]]],[[[10.74785,59.74457],[10.74783,59.74458],[10.74785,59.74458],[10.74785,59.74457]]],[[[10.7481,59.74461],[10.74812,59.74462],[10.74812,59.74461],[10.7481,59.74461]]],[[[10.74766,59.74472],[10.74768,59.74473],[10.74768,59.74472],[10.74766,59.74472]]]]},"properties":{"a":1554,"v":1673,"dh":1.08,"pl":0,"fo":1,"c":477}},{"type":"Feature","geometry":{"type":"Polygon","coordinates":[[[10.74084,59.74288],[10.7411,59.74273],[10.74101,59.7427],[10.74102,59.74264],[10.74093,59.74258],[10.74077,59.74258],[10.74069,59.74267],[10.74071,59.74278],[10.74068,59.74283],[10.74084,59.74288]]]},"properties":{"a":518,"v":810,"dh":1.56,"pl":0,"c":478}},{"type":"Feature","geometry":{"type":"Polygon","coordinates":[[[10.74079,59.74373],[10.74086,59.7437],[10.74089,59.74361],[10.74107,59.74353],[10.74108,59.74339],[10.74101,59.74341],[10.74103,59.74344],[10.74098,59.74349],[10.74084,59.74354],[10.74087,59.74358],[10.74074,59.74367],[10.74079,59.74373]]]},"properties":{"a":226,"v":318,"dh":1.41,"pl":0,"fo":1,"c":476}},{"type":"Feature","geometry":{"type":"Polygon","coordinates":[[[10.74115,59.7437],[10.74129,59.74363],[10.74133,59.74349],[10.74112,59.74342],[10.74112,59.74354],[10.74104,59.74359],[10.74102,59.74367],[10.74115,59.7437]]]},"properties":{"a":334,"v":-842,"dh":2.52,"pl":0,"fo":1,"c":476}},{"type":"Feature","geometry":{"type":"Polygon","coordinates":[[[10.74058,59.744],[10.74087,59.74384],[10.74095,59.74372],[10.74078,59.74375],[10.74052,59.74393],[10.74045,59.74392],[10.74047,59.74397],[10.74058,59.744]]]},"properties":{"a":329,"v":-428,"dh":1.3,"pl":0,"fo":1,"c":476}},{"type":"Feature","geometry":{"type":"Polygon","coordinates":[[[10.73927,59.7445],[10.73953,59.74442],[10.73966,59.74423],[10.73957,59.74424],[10.73951,59.74432],[10.73944,59.74431],[10.73925,59.74445],[10.73927,59.7445]],[[10.73941,59.74442],[10.73946,59.74439],[10.73946,59.74442],[10.73941,59.74442]]]},"properties":{"a":254,"v":331,"dh":1.3,"pl":0,"fo":1,"c":479}},{"type":"Feature","geometry":{"type":"Polygon","coordinates":[[[10.73962,59.7445],[10.73975,59.74446],[10.73976,59.74438],[10.73993,59.74431],[10.73974,59.74427],[10.73963,59.74433],[10.73969,59.74441],[10.73946,59.74448],[10.73962,59.7445]]]},"properties":{"a":227,"v":-298,"dh":1.31,"pl":0,"fo":1,"c":479}},{"type":"Feature","geometry":{"type":"Polygon","coordinates":[[[10.7393,59.74474],[10.7393,59.74471],[10.73935,59.74471],[10.73926,59.74469],[10.73929,59.74453],[10.73923,59.74451],[10.73918,59.74451],[10.73915,59.7446],[10.73901,59.7447],[10.7393,59.74474]]]},"properties":{"a":246,"v":397,"dh":1.61,"pl":0,"fo":1,"c":479}},{"type":"Feature","geometry":{"type":"MultiPolygon","coordinates":[[[[10.74025,59.74492],[10.74023,59.74491],[10.74023,59.74492],[10.74025,59.74492]]],[[[10.74023,59.74492],[10.73999,59.74499],[10.74006,59.7451],[10.74012,59.74509],[10.74015,59.74496],[10.74023,59.74492]]]]},"properties":{"a":113,"v":136,"dh":1.21,"pl":0,"sl":1,"c":480}},{"type":"Feature","geometry":{"type":"Polygon","coordinates":[[[10.74021,59.74521],[10.74028,59.74513],[10.74053,59.7451],[10.74048,59.74493],[10.74034,59.74499],[10.74015,59.74497],[10.74012,59.74506],[10.74015,59.74509],[10.74008,59.74514],[10.74014,59.74522],[10.74021,59.74521]],[[10.74019,59.74515],[10.74023,59.74514],[10.74023,59.74515],[10.74019,59.74515]]]},"properties":{"a":473,"v":-1066,"dh":2.25,"pl":0,"fo":1,"c":481}},{"type":"Feature","geometry":{"type":"Polygon","coordinates":[[[10.74004,59.74533],[10.74027,59.74527],[10.74034,59.74518],[10.74007,59.74526],[10.74004,59.74533]]]},"properties":{"a":119,"v":187,"dh":1.57,"pl":0,"fo":1,"c":481}},{"type":"Feature","geometry":{"type":"Polygon","coordinates":[[[10.74816,59.74507],[10.74813,59.74491],[10.74808,59.74489],[10.74809,59.74482],[10.74791,59.74478],[10.74788,59.74483],[10.74781,59.7448],[10.74777,59.74482],[10.74783,59.74488],[10.74794,59.74489],[10.74785,59.74489],[10.74789,59.74496],[10.74799,59.74492],[10.74805,59.74507],[10.74816,59.74507]]]},"properties":{"a":309,"v":344,"dh":1.11,"pl":0,"sl":1,"c":482}},{"type":"Feature","geometry":{"type":"Polygon","coordinates":[[[10.74807,59.74534],[10.74817,59.74532],[10.74813,59.74522],[10.74818,59.74518],[10.74818,59.74508],[10.74807,59.74511],[10.74808,59.74523],[10.74813,59.74527],[10.74807,59.74534]]]},"properties":{"a":114,"v":137,"dh":1.2,"pl":0,"sl":1,"c":482}},{"type":"Feature","geometry":{"type":"Polygon","coordinates":[[[10.74797,59.74654],[10.74805,59.74643],[10.74805,59.74633],[10.74792,59.7463],[10.74789,59.74639],[10.74794,59.7464],[10.74795,59.74644],[10.74789,59.74643],[10.74793,59.74647],[10.7479,59.74652],[10.74797,59.74654]],[[10.748,59.74637],[10.74802,59.7464],[10.748,59.7464],[10.748,59.74637]],[[10.748,59.74637],[10.74798,59.74634],[10.74799,59.74634],[10.748,59.74637]]]},"properties":{"a":142,"v":156,"dh":1.1,"pl":0,"sl":1,"c":483}},{"type":"Feature","geometry":{"type":"Polygon","coordinates":[[[10.74288,59.74694],[10.74276,59.7467],[10.74247,59.74655],[10.74218,59.74652],[10.74173,59.74659],[10.74148,59.74656],[10.74153,59.74665],[10.74148,59.74666],[10.74162,59.7467],[10.74219,59.74663],[10.74215,59.74657],[10.74246,59.7466],[10.74269,59.7467],[10.74277,59.74676],[10.74281,59.74691],[10.74288,59.74694]]]},"properties":{"a":699,"v":-1063,"dh":1.52,"pl":0,"fo":1,"c":484}},{"type":"Feature","geometry":{"type":"Polygon","coordinates":[[[10.74341,59.74719],[10.74341,59.74713],[10.74351,59.74706],[10.7433,59.74703],[10.74325,59.74713],[10.74341,59.74719]]]},"properties":{"a":140,"v":152,"dh":1.08,"pl":0,"fo":1,"c":484}},{"type":"Feature","geometry":{"type":"Polygon","coordinates":[[[10.74376,59.74741],[10.74381,59.74737],[10.74376,59.74733],[10.74379,59.7473],[10.74363,59.74725],[10.7436,59.74736],[10.74376,59.74741]]]},"properties":{"a":139,"v":140,"dh":1.01,"pl":0,"fo":1,"c":484}},{"type":"Feature","geometry":{"type":"Polygon","coordinates":[[[10.74387,59.74774],[10.74388,59.74769],[10.74377,59.74757],[10.74357,59.74745],[10.74351,59.74737],[10.74353,59.74732],[10.74347,59.74733],[10.74332,59.74719],[10.74294,59.74699],[10.7429,59.747],[10.743,59.74709],[10.74284,59.74705],[10.74335,59.74743],[10.74349,59.74741],[10.7435,59.74757],[10.74361,59.74759],[10.74365,59.74768],[10.74387,59.74774]]]},"properties":{"a":908,"v":-1159,"dh":1.28,"pl":0,"fo":1,"c":484}},{"type":"Feature","geometry":{"type":"Polygon","coordinates":[[[10.74647,59.74747],[10.7466,59.74755],[10.74673,59.74744],[10.74681,59.74722],[10.74664,59.74724],[10.74655,59.74738],[10.74639,59.7474],[10.7464,59.74749],[10.74635,59.74754],[10.74647,59.74757],[10.74653,59.74752],[10.74647,59.74747]],[[10.74656,59.74747],[10.74661,59.74745],[10.74662,59.74736],[10.74668,59.74735],[10.74665,59.74742],[10.74668,59.74744],[10.74656,59.74747]],[[10.74669,59.74734],[10.74675,59.74731],[10.74675,59.74733],[10.74669,59.74734]],[[10.74671,59.74729],[10.74673,59.74727],[10.74673,59.74729],[10.74671,59.74729]]]},"properties":{"a":425,"v":494,"dh":1.16,"pl":0,"sl":1,"c":485}},{"type":"Feature","geometry":{"type":"Polygon","coordinates":[[[10.74387,59.74853],[10.74387,59.74849],[10.744,59.74848],[10.74399,59.74843],[10.74404,59.7484],[10.744,59.74831],[10.74405,59.74822],[10.74402,59.74819],[10.74405,59.74808],[10.74397,59.74802],[10.74398,59.74789],[10.74387,59.74782],[10.74355,59.74779],[10.74353,59.74772],[10.74342,59.7477],[10.74337,59.74778],[10.7434,59.74796],[10.74349,59.74805],[10.74352,59.74816],[10.74364,59.74823],[10.74368,59.74831],[10.74381,59.74836],[10.74387,59.74848],[10.74382,59.74853],[10.74387,59.74853]]]},"properties":{"a":1896,"v":3253,"dh":1.72,"pl":0,"fo":1,"c":484}},{"type":"Feature","geometry":{"type":"Polygon","coordinates":[[[10.74903,59.7491],[10.74896,59.74911],[10.74907,59.74913],[10.74904,59.74923],[10.74914,59.74921],[10.74902,59.74897],[10.74895,59.74896],[10.74882,59.74885],[10.74868,59.74883],[10.74877,59.7489],[10.74886,59.74892],[10.7489,59.74899],[10.74897,59.74897],[10.74897,59.74902],[10.74885,59.749],[10.74885,59.74904],[10.74901,59.74905],[10.74897,59.74908],[10.74903,59.7491]],[[10.74877,59.74886],[10.74882,59.74887],[10.74882,59.74889],[10.7488,59.74889],[10.74877,59.74886]],[[10.74905,59.7491],[10.74905,59.74911],[10.74903,59.74911],[10.74903,59.7491],[10.74905,59.7491]]]},"properties":{"a":240,"v":267,"dh":1.11,"pl":0,"sl":1,"c":486}},{"type":"Feature","geometry":{"type":"MultiPolygon","coordinates":[[[[10.75879,59.73813],[10.75872,59.73807],[10.75873,59.73797],[10.7585,59.73797],[10.75838,59.73805],[10.7586,59.73813],[10.75879,59.73813]]],[[[10.75879,59.73815],[10.75876,59.73819],[10.7588,59.73819],[10.75879,59.73815]]]]},"properties":{"a":287,"v":-418,"dh":1.46,"pl":2,"pn":"Områderegulering for frittliggende småhusbebyggelse","pd":"2023-10-25","c":430}},{"type":"Feature","geometry":{"type":"MultiPolygon","coordinates":[[[[10.76057,59.73871],[10.76053,59.73869],[10.76049,59.73869],[10.76053,59.73872],[10.76057,59.73871]]],[[[10.7605,59.73871],[10.76041,59.73872],[10.76031,59.73863],[10.76015,59.73863],[10.76032,59.73867],[10.76036,59.73876],[10.76046,59.73877],[10.76052,59.73885],[10.7605,59.73878],[10.76066,59.73881],[10.7605,59.73871]],[[10.76044,59.73874],[10.76046,59.73875],[10.76044,59.73875],[10.76044,59.73874]]]]},"properties":{"a":151,"v":144,"dh":0.96,"pl":1,"pn":"Reguleringsplan for Tohellinga nord","pd":"1980-09-19","sl":1,"c":487}},{"type":"Feature","geometry":{"type":"Polygon","coordinates":[[[10.75989,59.73894],[10.75992,59.73887],[10.75984,59.73876],[10.75998,59.73867],[10.75992,59.73862],[10.75926,59.73859],[10.75926,59.73856],[10.75919,59.73859],[10.75927,59.73879],[10.75934,59.7388],[10.75936,59.73867],[10.75948,59.73867],[10.75959,59.73881],[10.75974,59.73883],[10.75974,59.73887],[10.75967,59.73886],[10.75967,59.7389],[10.75989,59.73894]]]},"properties":{"a":891,"v":1804,"dh":2.02,"pl":2,"pn":"Områderegulering for frittliggende småhusbebyggelse","pd":"2023-10-25","c":430}},{"type":"Feature","geometry":{"type":"Polygon","coordinates":[[[10.75851,59.73886],[10.75862,59.73883],[10.75878,59.73882],[10.75872,59.73882],[10.7587,59.73872],[10.75843,59.73874],[10.75842,59.73884],[10.75851,59.73886]]]},"properties":{"a":212,"v":476,"dh":2.24,"pl":2,"pn":"Områderegulering for frittliggende småhusbebyggelse","pd":"2023-10-25","sl":1,"c":430}},{"type":"Feature","geometry":{"type":"Polygon","coordinates":[[[10.75565,59.7389],[10.75556,59.73882],[10.75541,59.7388],[10.75545,59.7389],[10.75565,59.7389]]]},"properties":{"a":107,"v":-116,"dh":1.08,"pl":0,"c":488}},{"type":"Feature","geometry":{"type":"Polygon","coordinates":[[[10.75958,59.73893],[10.7596,59.73889],[10.75954,59.73887],[10.75963,59.73885],[10.75956,59.73882],[10.75948,59.73869],[10.75937,59.73869],[10.75936,59.73886],[10.75953,59.73887],[10.75949,59.73891],[10.75958,59.73893]]]},"properties":{"a":225,"v":-538,"dh":2.39,"pl":2,"pn":"Områderegulering for frittliggende småhusbebyggelse","pd":"2023-10-25","c":430}},{"type":"Feature","geometry":{"type":"Polygon","coordinates":[[[10.76103,59.7391],[10.76101,59.73904],[10.76092,59.73901],[10.76097,59.73899],[10.76092,59.73897],[10.76093,59.73892],[10.76077,59.73891],[10.76066,59.73883],[10.76066,59.73887],[10.76063,59.73886],[10.76096,59.7391],[10.76103,59.7391]],[[10.76085,59.73895],[10.76086,59.73894],[10.76086,59.73895],[10.76085,59.73895]]]},"properties":{"a":192,"v":220,"dh":1.15,"pl":1,"pn":"Reguleringsplan for Tohellinga nord","pd":"1980-09-19","sl":1,"c":487}},{"type":"Feature","geometry":{"type":"Polygon","coordinates":[[[10.76025,59.7392],[10.76026,59.73905],[10.76023,59.73901],[10.76008,59.73895],[10.75989,59.73895],[10.75985,59.739],[10.7598,59.73895],[10.75971,59.73895],[10.7598,59.73898],[10.75984,59.73908],[10.76,59.73912],[10.76002,59.73919],[10.76025,59.7392]]]},"properties":{"a":520,"v":1044,"dh":2.01,"pl":2,"pn":"Områderegulering for frittliggende småhusbebyggelse","pd":"2023-10-25","c":430}},{"type":"Feature","geometry":{"type":"Polygon","coordinates":[[[10.75933,59.73924],[10.75925,59.73911],[10.75915,59.73912],[10.75916,59.73907],[10.75902,59.739],[10.75907,59.73905],[10.75906,59.7391],[10.75933,59.73924]]]},"properties":{"a":102,"v":114,"dh":1.12,"pl":2,"pn":"Områderegulering for frittliggende småhusbebyggelse","pd":"2023-10-25","sl":1,"c":430}},{"type":"Feature","geometry":{"type":"Polygon","coordinates":[[[10.75806,59.73935],[10.75823,59.73935],[10.75823,59.73932],[10.75818,59.73934],[10.75814,59.7393],[10.75818,59.73927],[10.75814,59.73923],[10.75821,59.7392],[10.75819,59.73916],[10.75809,59.73925],[10.75814,59.73927],[10.75805,59.7393],[10.75806,59.73935]]]},"properties":{"a":101,"v":-106,"dh":1.05,"pl":0,"sl":1,"c":489}},{"type":"Feature","geometry":{"type":"MultiPolygon","coordinates":[[[[10.76249,59.73672],[10.76247,59.73665],[10.76216,59.73657],[10.76189,59.73655],[10.76249,59.73672]]],[[[10.76249,59.73673],[10.76251,59.73672],[10.76249,59.73672],[10.76249,59.73673]]]]},"properties":{"a":144,"v":-133,"dh":0.92,"pl":2,"pn":"Områderegulering for frittliggende småhusbebyggelse","pd":"2023-10-25","sl":1,"c":435}},{"type":"Feature","geometry":{"type":"Polygon","coordinates":[[[10.76443,59.73731],[10.76435,59.73725],[10.76424,59.73725],[10.76431,59.73722],[10.76403,59.73716],[10.7641,59.73719],[10.76405,59.73722],[10.76412,59.73726],[10.76443,59.73731]]]},"properties":{"a":142,"v":-120,"dh":0.85,"pl":0,"sl":1,"c":490}},{"type":"Feature","geometry":{"type":"Polygon","coordinates":[[[10.76085,59.73739],[10.76132,59.7374],[10.76126,59.73734],[10.76129,59.73728],[10.76113,59.73725],[10.76105,59.73735],[10.76085,59.73739]]]},"properties":{"a":246,"v":-324,"dh":1.32,"pl":1,"pn":"Reguleringsplan for Tohellinga nord","pd":"1980-09-19","c":491}},{"type":"Feature","geometry":{"type":"Polygon","coordinates":[[[10.76169,59.73744],[10.76194,59.73742],[10.76195,59.73736],[10.76181,59.7373],[10.7618,59.73738],[10.76169,59.73739],[10.76169,59.73744]]]},"properties":{"a":115,"v":155,"dh":1.35,"pl":1,"pn":"Reguleringsplan for Tohellinga nord","pd":"1980-09-19","c":491}},{"type":"Feature","geometry":{"type":"MultiPolygon","coordinates":[[[[10.76254,59.73799],[10.76261,59.73803],[10.76263,59.73796],[10.76235,59.73785],[10.76214,59.73784],[10.76236,59.73789],[10.76254,59.73799]],[[10.76247,59.73794],[10.7625,59.73795],[10.76247,59.73795],[10.76247,59.73794]]],[[[10.76249,59.73798],[10.7625,59.73797],[10.76249,59.73798],[10.76249,59.73798]]]]},"properties":{"a":130,"v":140,"dh":1.07,"pl":1,"pn":"Reguleringsplan for Tohellinga nord","pd":"1980-09-19","sl":1,"c":491}},{"type":"Feature","geometry":{"type":"MultiPolygon","coordinates":[[[[10.7631,59.73819],[10.76312,59.73817],[10.7631,59.73817],[10.7631,59.73819]]],[[[10.76314,59.73815],[10.7633,59.73823],[10.76325,59.73826],[10.76327,59.7383],[10.76339,59.7383],[10.76341,59.73833],[10.76334,59.73835],[10.7634,59.73839],[10.76341,59.73834],[10.76359,59.73843],[10.76348,59.73831],[10.76353,59.7383],[10.76363,59.73837],[10.76377,59.7384],[10.76377,59.73835],[10.76364,59.73827],[10.76335,59.73823],[10.76337,59.7382],[10.76322,59.73814],[10.76326,59.73809],[10.76318,59.73807],[10.76314,59.73799],[10.76272,59.73797],[10.76322,59.73809],[10.76306,59.73814],[10.76307,59.73817],[10.76314,59.73815]],[[10.76368,59.73835],[10.76366,59.73835],[10.76366,59.73835],[10.76368,59.73835]],[[10.76366,59.73835],[10.76364,59.73834],[10.76366,59.73834],[10.76366,59.73835]],[[10.76364,59.73834],[10.76362,59.73833],[10.76364,59.73833],[10.76364,59.73834]],[[10.76362,59.73833],[10.76361,59.73832],[10.76362,59.73832],[10.76362,59.73833]]]]},"properties":{"a":502,"v":590,"dh":1.18,"pl":1,"pn":"Reguleringsplan for Tohellinga nord","pd":"1980-09-19","c":491}},{"type":"Feature","geometry":{"type":"Polygon","coordinates":[[[10.76424,59.73881],[10.76451,59.73867],[10.76471,59.73866],[10.76476,59.73863],[10.76474,59.73854],[10.76491,59.73848],[10.76486,59.73843],[10.76461,59.73844],[10.76423,59.73858],[10.76414,59.73873],[10.76424,59.73881]]]},"properties":{"a":853,"v":1504,"dh":1.76,"pl":1,"pn":"Reguleringsplan for Tohellinga nord","pd":"1980-09-19","c":491}},{"type":"Feature","geometry":{"type":"Polygon","coordinates":[[[10.76443,59.73945],[10.76448,59.73932],[10.76476,59.73933],[10.76486,59.73939],[10.76499,59.73931],[10.76442,59.73921],[10.76436,59.73945],[10.76443,59.73945]]]},"properties":{"a":359,"v":351,"dh":0.98,"pl":1,"pn":"Reguleringsplan for Tohellinga nord","pd":"1980-09-19","sh":1,"c":491}},{"type":"Feature","geometry":{"type":"Polygon","coordinates":[[[10.76209,59.74021],[10.76214,59.74014],[10.7619,59.7401],[10.762,59.74021],[10.76209,59.74021]]]},"properties":{"a":106,"v":-174,"dh":1.64,"pl":2,"pn":"Områderegulering for frittliggende småhusbebyggelse","pd":"2023-10-25","c":430}},{"type":"Feature","geometry":{"type":"MultiPolygon","coordinates":[[[[10.76152,59.73989],[10.7615,59.73991],[10.76152,59.73991],[10.76152,59.73989]]],[[[10.76152,59.73991],[10.76159,59.74015],[10.76137,59.7404],[10.76158,59.74039],[10.76162,59.74053],[10.76172,59.74063],[10.76163,59.7407],[10.76165,59.74072],[10.7619,59.74062],[10.76194,59.7404],[10.76185,59.74016],[10.76188,59.74006],[10.76152,59.73991]]]]},"properties":{"a":1402,"v":3602,"dh":2.57,"pl":2,"pn":"Områderegulering for frittliggende småhusbebyggelse","pd":"2023-10-25","c":430}},{"type":"Feature","geometry":{"type":"Polygon","coordinates":[[[10.75986,59.73941],[10.75987,59.73934],[10.75982,59.73931],[10.75989,59.73931],[10.75986,59.7392],[10.75979,59.73923],[10.75974,59.73917],[10.75942,59.73917],[10.75944,59.73925],[10.75958,59.73924],[10.7596,59.7392],[10.75976,59.73922],[10.75981,59.7393],[10.75976,59.7393],[10.75976,59.73933],[10.75986,59.73941]]]},"properties":{"a":195,"v":294,"dh":1.51,"pl":2,"pn":"Områderegulering for frittliggende småhusbebyggelse","pd":"2023-10-25","sl":1,"c":430}},{"type":"Feature","geometry":{"type":"Polygon","coordinates":[[[10.76033,59.73959],[10.76061,59.73955],[10.76064,59.73945],[10.76055,59.73943],[10.7606,59.73936],[10.76056,59.7393],[10.76061,59.73925],[10.76031,59.73927],[10.7603,59.73936],[10.76021,59.73942],[10.76043,59.73944],[10.76038,59.73949],[10.76025,59.73951],[10.76033,59.73959]],[[10.76046,59.7393],[10.76049,59.7393],[10.76047,59.73931],[10.76046,59.7393]],[[10.76053,59.73931],[10.76054,59.7393],[10.76055,59.73931],[10.76053,59.73931]]]},"properties":{"a":562,"v":606,"dh":1.08,"pl":2,"pn":"Områderegulering for frittliggende småhusbebyggelse","pd":"2023-10-25","c":430}},{"type":"Feature","geometry":{"type":"Polygon","coordinates":[[[10.75813,59.73971],[10.75816,59.73969],[10.75816,59.7396],[10.75811,59.73961],[10.75814,59.73954],[10.75798,59.73952],[10.75804,59.73944],[10.75801,59.7394],[10.75794,59.73955],[10.75805,59.73954],[10.75802,59.73963],[10.75813,59.73971]],[[10.75805,59.73962],[10.75809,59.73962],[10.75807,59.73964],[10.75805,59.73962]]]},"properties":{"a":143,"v":-130,"dh":0.91,"pl":0,"sl":1,"c":489}},{"type":"Feature","geometry":{"type":"Polygon","coordinates":[[[10.76044,59.73973],[10.76071,59.73971],[10.76076,59.73965],[10.76067,59.73962],[10.76046,59.73965],[10.76044,59.73973]]]},"properties":{"a":178,"v":242,"dh":1.36,"pl":2,"pn":"Områderegulering for frittliggende småhusbebyggelse","pd":"2023-10-25","c":430}},{"type":"Feature","geometry":{"type":"Polygon","coordinates":[[[10.76102,59.73979],[10.76101,59.73972],[10.76094,59.73965],[10.76085,59.73967],[10.76085,59.73972],[10.7608,59.73975],[10.76102,59.73979]]]},"properties":{"a":129,"v":-174,"dh":1.35,"pl":2,"pn":"Områderegulering for frittliggende småhusbebyggelse","pd":"2023-10-25","c":430}},{"type":"Feature","geometry":{"type":"MultiPolygon","coordinates":[[[[10.76007,59.74015],[10.76005,59.74013],[10.76006,59.74015],[10.76007,59.74015]]],[[[10.76006,59.74015],[10.76004,59.74016],[10.76006,59.74016],[10.76006,59.74015]]],[[[10.76004,59.74018],[10.75986,59.74012],[10.75988,59.74017],[10.75971,59.74037],[10.75978,59.74038],[10.75988,59.74021],[10.76004,59.74018]]]]},"properties":{"a":125,"v":140,"dh":1.12,"pl":1,"pn":"Reguleringsplan for Homannskollen og Pollenga","pd":"1990-10-24","sl":1,"c":492}},{"type":"Feature","geometry":{"type":"MultiPolygon","coordinates":[[[[10.7584,59.74107],[10.75838,59.74106],[10.75838,59.74107],[10.7584,59.74107]]],[[[10.75838,59.74107],[10.7583,59.74131],[10.75817,59.74148],[10.75816,59.74164],[10.75825,59.74165],[10.75821,59.74162],[10.75829,59.74151],[10.75824,59.74152],[10.75822,59.74147],[10.75831,59.74149],[10.75827,59.7414],[10.75839,59.74136],[10.75834,59.74131],[10.7584,59.74119],[10.75847,59.74117],[10.75838,59.74107]],[[10.75832,59.74135],[10.75834,59.74136],[10.75832,59.74136],[10.75832,59.74135]]]]},"properties":{"a":265,"v":-300,"dh":1.13,"pl":2,"pn":"Områderegulering for frittliggende småhusbebyggelse","pd":"2023-10-25","sl":1,"c":430}},{"type":"Feature","geometry":{"type":"Polygon","coordinates":[[[10.75818,59.7418],[10.75832,59.74169],[10.75849,59.74176],[10.75863,59.74175],[10.7587,59.74174],[10.7587,59.74169],[10.75892,59.74166],[10.75876,59.74152],[10.75856,59.74149],[10.75851,59.74151],[10.75855,59.74156],[10.75851,59.74158],[10.7583,59.74156],[10.75828,59.7416],[10.75834,59.74161],[10.75824,59.74174],[10.75815,59.74177],[10.75818,59.7418]]]},"properties":{"a":661,"v":1347,"dh":2.04,"pl":2,"pn":"Områderegulering for frittliggende småhusbebyggelse","pd":"2023-10-25","c":430}},{"type":"Feature","geometry":{"type":"Polygon","coordinates":[[[10.75992,59.74222],[10.76009,59.74221],[10.76011,59.74214],[10.76005,59.74207],[10.75987,59.742],[10.75997,59.74189],[10.75997,59.74184],[10.75989,59.74182],[10.75983,59.74192],[10.75985,59.74208],[10.75989,59.74208],[10.75986,59.74216],[10.75992,59.74222]]]},"properties":{"a":322,"v":422,"dh":1.31,"pl":2,"pn":"Områderegulering for frittliggende småhusbebyggelse","pd":"2023-10-25","c":430}},{"type":"Feature","geometry":{"type":"Polygon","coordinates":[[[10.76027,59.74252],[10.76048,59.74251],[10.76059,59.74245],[10.76058,59.74226],[10.76046,59.74213],[10.76032,59.74206],[10.76038,59.74202],[10.76029,59.74196],[10.76013,59.7419],[10.75997,59.7419],[10.75992,59.74198],[10.76012,59.7421],[10.7602,59.74225],[10.76011,59.74229],[10.7601,59.74243],[10.76003,59.74244],[10.76027,59.74252]]]},"properties":{"a":1454,"v":-3301,"dh":2.27,"pl":2,"pn":"Områderegulering for frittliggende småhusbebyggelse","pd":"2023-10-25","fo":1,"c":430}},{"type":"Feature","geometry":{"type":"Polygon","coordinates":[[[10.76638,59.74028],[10.76642,59.74012],[10.76607,59.74016],[10.76621,59.74021],[10.76618,59.74029],[10.76638,59.74028]],[[10.76622,59.74025],[10.76627,59.74023],[10.76627,59.74025],[10.76622,59.74025]]]},"properties":{"a":222,"v":211,"dh":0.95,"pl":1,"pn":"Reguleringsplan for Vinterbro kjøpesenter og tilliggende områder i Tohellinga","pd":"1994-10-26","sh":1,"c":493}},{"type":"Feature","geometry":{"type":"Polygon","coordinates":[[[10.76643,59.7405],[10.76646,59.74045],[10.76642,59.7404],[10.76635,59.74035],[10.76626,59.74036],[10.7663,59.74047],[10.76643,59.7405]]]},"properties":{"a":126,"v":-232,"dh":1.84,"pl":2,"pn":"Områderegulering for frittliggende småhusbebyggelse","pd":"2023-10-25","c":430}},{"type":"Feature","geometry":{"type":"Polygon","coordinates":[[[10.76588,59.74056],[10.76607,59.74055],[10.76607,59.74043],[10.76585,59.74044],[10.76588,59.74056]]]},"properties":{"a":166,"v":162,"dh":0.97,"pl":2,"pn":"Områderegulering for frittliggende småhusbebyggelse","pd":"2023-10-25","sh":1,"c":430}},{"type":"Feature","geometry":{"type":"Polygon","coordinates":[[[10.76739,59.74184],[10.76737,59.74178],[10.76745,59.74172],[10.76776,59.74181],[10.76788,59.74181],[10.76797,59.74171],[10.76767,59.74174],[10.76752,59.74165],[10.76693,59.74171],[10.76697,59.74177],[10.76719,59.74175],[10.76739,59.74184]]]},"properties":{"a":457,"v":436,"dh":0.95,"pl":2,"pn":"Områderegulering for frittliggende småhusbebyggelse","pd":"2023-10-25","sh":1,"c":430}},{"type":"Feature","geometry":{"type":"Polygon","coordinates":[[[10.76933,59.74187],[10.76941,59.74181],[10.76925,59.74178],[10.76925,59.74174],[10.76905,59.74161],[10.76885,59.74165],[10.76911,59.74186],[10.76933,59.74187]]]},"properties":{"a":421,"v":599,"dh":1.42,"pl":2,"pn":"Områderegulering for frittliggende småhusbebyggelse","pd":"2023-10-25","c":430}},{"type":"Feature","geometry":{"type":"Polygon","coordinates":[[[10.76675,59.74198],[10.76668,59.74188],[10.76669,59.7418],[10.76655,59.74177],[10.76655,59.74186],[10.76675,59.74198]]]},"properties":{"a":127,"v":148,"dh":1.16,"pl":2,"pn":"Områderegulering for frittliggende småhusbebyggelse","pd":"2023-10-25","c":430}},{"type":"Feature","geometry":{"type":"Polygon","coordinates":[[[10.76879,59.74253],[10.76886,59.74248],[10.76886,59.74236],[10.76891,59.74233],[10.76896,59.74236],[10.76909,59.74233],[10.76889,59.74231],[10.76858,59.7425],[10.76879,59.74253]]]},"properties":{"a":242,"v":269,"dh":1.11,"pl":2,"pn":"Områderegulering for frittliggende småhusbebyggelse","pd":"2023-10-25","c":430}},{"type":"Feature","geometry":{"type":"Polygon","coordinates":[[[10.76899,59.74258],[10.76931,59.74252],[10.76936,59.74239],[10.76919,59.74234],[10.76925,59.74237],[10.76922,59.74244],[10.76902,59.74249],[10.76899,59.74258]]]},"properties":{"a":239,"v":-329,"dh":1.37,"pl":2,"pn":"Områderegulering for frittliggende småhusbebyggelse","pd":"2023-10-25","c":430}},{"type":"Feature","geometry":{"type":"Polygon","coordinates":[[[10.77144,59.74281],[10.77143,59.74265],[10.77132,59.74256],[10.77127,59.74255],[10.77131,59.74262],[10.77125,59.74262],[10.77107,59.74244],[10.77085,59.74242],[10.77107,59.74256],[10.77093,59.74261],[10.77094,59.74266],[10.77121,59.74275],[10.77133,59.74273],[10.77137,59.7428],[10.77144,59.74281]],[[10.77138,59.74271],[10.77133,59.74271],[10.77125,59.74264],[10.77138,59.74271]],[[10.77118,59.74266],[10.7712,59.74265],[10.7712,59.74266],[10.77118,59.74266]]]},"properties":{"a":525,"v":630,"dh":1.2,"pl":2,"pn":"Områderegulering for frittliggende småhusbebyggelse","pd":"2023-10-25","c":430}},{"type":"Feature","geometry":{"type":"Polygon","coordinates":[[[10.76945,59.74281],[10.76959,59.74277],[10.76959,59.74271],[10.76953,59.74269],[10.76955,59.74264],[10.76926,59.74267],[10.76925,59.74273],[10.76945,59.74281]]]},"properties":{"a":261,"v":237,"dh":0.91,"pl":2,"pn":"Områderegulering for frittliggende småhusbebyggelse","pd":"2023-10-25","sh":1,"c":430}},{"type":"Feature","geometry":{"type":"Polygon","coordinates":[[[10.76338,59.7405],[10.76345,59.74044],[10.76356,59.74043],[10.76355,59.74037],[10.76348,59.74031],[10.76332,59.74033],[10.76332,59.74039],[10.76326,59.74045],[10.76338,59.7405]]]},"properties":{"a":238,"v":-374,"dh":1.57,"pl":2,"pn":"Områderegulering for frittliggende småhusbebyggelse","pd":"2023-10-25","c":430}},{"type":"Feature","geometry":{"type":"Polygon","coordinates":[[[10.76151,59.74068],[10.76164,59.7406],[10.76161,59.74055],[10.76152,59.74053],[10.76152,59.7406],[10.76143,59.74062],[10.76143,59.74067],[10.76151,59.74068]]]},"properties":{"a":100,"v":161,"dh":1.61,"pl":2,"pn":"Områderegulering for frittliggende småhusbebyggelse","pd":"2023-10-25","c":430}},{"type":"Feature","geometry":{"type":"MultiPolygon","coordinates":[[[[10.76157,59.74113],[10.76169,59.74108],[10.7617,59.74099],[10.76166,59.74098],[10.76177,59.74094],[10.7617,59.74092],[10.76171,59.7408],[10.76153,59.74085],[10.76157,59.74092],[10.76157,59.74113]]],[[[10.76158,59.74114],[10.7616,59.74113],[10.76158,59.74113],[10.76158,59.74114]]]]},"properties":{"a":261,"v":-344,"dh":1.32,"pl":2,"pn":"Områderegulering for frittliggende småhusbebyggelse","pd":"2023-10-25","c":430}},{"type":"Feature","geometry":{"type":"Polygon","coordinates":[[[10.76121,59.74108],[10.76129,59.74098],[10.76116,59.74092],[10.76113,59.74094],[10.76114,59.74108],[10.76121,59.74108]]]},"properties":{"a":115,"v":-121,"dh":1.05,"pl":2,"pn":"Områderegulering for frittliggende småhusbebyggelse","pd":"2023-10-25","c":430}},{"type":"Feature","geometry":{"type":"Polygon","coordinates":[[[10.76201,59.74074],[10.76187,59.74079],[10.76174,59.74098],[10.76167,59.74112],[10.76171,59.74123],[10.76166,59.74126],[10.76165,59.74134],[10.76151,59.74138],[10.76153,59.74149],[10.76206,59.74145],[10.76213,59.7414],[10.76214,59.74129],[10.76223,59.74121],[10.76221,59.74089],[10.76225,59.74066],[10.76206,59.74068],[10.7621,59.74071],[10.76206,59.74073],[10.76215,59.74075],[10.76201,59.74074]],[[10.76215,59.74075],[10.76219,59.74075],[10.76215,59.74075],[10.76215,59.74075]],[[10.762,59.74127],[10.76211,59.74128],[10.76213,59.7413],[10.76202,59.7413],[10.762,59.74127]],[[10.76214,59.74122],[10.76193,59.74122],[10.76193,59.74122],[10.76214,59.74122]],[[10.76184,59.74124],[10.76187,59.74123],[10.76187,59.74123],[10.76184,59.74124]],[[10.76188,59.74104],[10.76184,59.741],[10.76188,59.741],[10.76188,59.74104]]]},"properties":{"a":2176,"v":3700,"dh":1.7,"pl":2,"pn":"Områderegulering for frittliggende småhusbebyggelse","pd":"2023-10-25","c":430}},{"type":"Feature","geometry":{"type":"Polygon","coordinates":[[[10.7628,59.74158],[10.76287,59.7415],[10.76285,59.74146],[10.76292,59.74148],[10.76293,59.7414],[10.76308,59.74141],[10.76309,59.74133],[10.76319,59.74127],[10.76293,59.74134],[10.76288,59.74145],[10.76276,59.74143],[10.76281,59.74146],[10.76276,59.74156],[10.7628,59.74158]]]},"properties":{"a":163,"v":-204,"dh":1.25,"pl":1,"pn":"Reguleringsplan for Homannskollen og Pollenga","pd":"1990-10-24","sl":1,"c":492}},{"type":"Feature","geometry":{"type":"Polygon","coordinates":[[[10.76345,59.74213],[10.76343,59.74207],[10.76356,59.74207],[10.76341,59.74206],[10.76338,59.74208],[10.76332,59.74202],[10.76339,59.74205],[10.76348,59.74203],[10.76328,59.74195],[10.76323,59.74195],[10.76327,59.742],[10.76319,59.74199],[10.76319,59.74185],[10.76301,59.74182],[10.76301,59.74187],[10.7631,59.74191],[10.76303,59.74195],[10.76314,59.74194],[10.76318,59.74198],[10.76303,59.74196],[10.76302,59.742],[10.76329,59.74202],[10.76331,59.74209],[10.76345,59.74213]],[[10.76312,59.74192],[10.76314,59.74191],[10.76314,59.74192],[10.76312,59.74192]],[[10.76314,59.7419],[10.76315,59.74188],[10.76315,59.7419],[10.76314,59.7419]]]},"properties":{"a":252,"v":-251,"dh":1.0,"pl":1,"pn":"Reguleringsplan for Homannskollen og Pollenga","pd":"1990-10-24","sl":1,"c":492}},{"type":"Feature","geometry":{"type":"Polygon","coordinates":[[[10.76385,59.74364],[10.76388,59.7436],[10.76361,59.74352],[10.76354,59.74346],[10.76355,59.7434],[10.76343,59.74335],[10.76354,59.74354],[10.76385,59.74364]]]},"properties":{"a":169,"v":195,"dh":1.15,"pl":2,"pn":"Områderegulering for frittliggende småhusbebyggelse","pd":"2023-10-25","sl":1,"c":430}},{"type":"Feature","geometry":{"type":"Polygon","coordinates":[[[10.76243,59.74367],[10.76243,59.74362],[10.76251,59.74358],[10.76249,59.74352],[10.76235,59.74348],[10.76236,59.74338],[10.76231,59.74339],[10.76231,59.7435],[10.76215,59.74351],[10.76216,59.74356],[10.76243,59.74367]]]},"properties":{"a":224,"v":-254,"dh":1.13,"pl":2,"pn":"Områderegulering for frittliggende småhusbebyggelse","pd":"2023-10-25","sl":1,"c":430}},{"type":"Feature","geometry":{"type":"Polygon","coordinates":[[[10.76181,59.74369],[10.76198,59.74356],[10.76187,59.74351],[10.76162,59.74351],[10.76173,59.74357],[10.76173,59.74366],[10.76181,59.74369]]]},"properties":{"a":214,"v":-309,"dh":1.44,"pl":2,"pn":"Områderegulering for frittliggende småhusbebyggelse","pd":"2023-10-25","c":430}},{"type":"Feature","geometry":{"type":"Polygon","coordinates":[[[10.7584,59.74243],[10.75848,59.74236],[10.75825,59.74233],[10.75824,59.74224],[10.75815,59.74223],[10.75819,59.74217],[10.75812,59.74217],[10.7581,59.74221],[10.75819,59.74226],[10.75821,59.74236],[10.7583,59.74234],[10.75832,59.74238],[10.75825,59.74241],[10.7584,59.74243]]]},"properties":{"a":148,"v":-166,"dh":1.12,"pl":2,"pn":"Områderegulering for frittliggende småhusbebyggelse","pd":"2023-10-25","sl":1,"c":430}},{"type":"Feature","geometry":{"type":"Polygon","coordinates":[[[10.75907,59.74281],[10.75912,59.74274],[10.75912,59.74264],[10.75917,59.74262],[10.75913,59.74257],[10.75905,59.74269],[10.75898,59.74271],[10.75898,59.74277],[10.75907,59.74281]]]},"properties":{"a":124,"v":159,"dh":1.28,"pl":2,"pn":"Områderegulering for frittliggende småhusbebyggelse","pd":"2023-10-25","fo":1,"c":430}},{"type":"Feature","geometry":{"type":"Polygon","coordinates":[[[10.75024,59.74309],[10.75019,59.7428],[10.75003,59.74269],[10.75008,59.74266],[10.74995,59.74262],[10.74999,59.74269],[10.74996,59.74271],[10.75005,59.74274],[10.75011,59.74286],[10.75018,59.7429],[10.75011,59.74296],[10.75024,59.74309]],[[10.75016,59.74286],[10.75018,59.74285],[10.75018,59.74285],[10.75016,59.74286]],[[10.75014,59.74283],[10.75016,59.74281],[10.75016,59.74283],[10.75014,59.74283]]]},"properties":{"a":225,"v":239,"dh":1.06,"pl":0,"sl":1,"c":494}},{"type":"Feature","geometry":{"type":"Polygon","coordinates":[[[10.76077,59.74291],[10.76087,59.74283],[10.7609,59.74268],[10.76079,59.74268],[10.76059,59.74278],[10.76061,59.7429],[10.76077,59.74291]],[[10.76082,59.74278],[10.76083,59.74277],[10.76083,59.74278],[10.76082,59.74278]]]},"properties":{"a":289,"v":397,"dh":1.37,"pl":2,"pn":"Områderegulering for frittliggende småhusbebyggelse","pd":"2023-10-25","c":430}},{"type":"Feature","geometry":{"type":"Polygon","coordinates":[[[10.75999,59.74294],[10.76002,59.74289],[10.75998,59.74281],[10.75973,59.74284],[10.75981,59.74292],[10.75999,59.74294]]]},"properties":{"a":170,"v":-255,"dh":1.5,"pl":2,"pn":"Områderegulering for frittliggende småhusbebyggelse","pd":"2023-10-25","c":430}},{"type":"Feature","geometry":{"type":"Polygon","coordinates":[[[10.75905,59.7431],[10.75923,59.74311],[10.75918,59.74306],[10.75921,59.74299],[10.75948,59.74301],[10.75952,59.74307],[10.75965,59.74301],[10.75922,59.74291],[10.75901,59.74297],[10.75905,59.7431]]]},"properties":{"a":368,"v":467,"dh":1.27,"pl":2,"pn":"Områderegulering for frittliggende småhusbebyggelse","pd":"2023-10-25","c":430}},{"type":"Feature","geometry":{"type":"Polygon","coordinates":[[[10.75965,59.74325],[10.75993,59.74319],[10.75989,59.74312],[10.76012,59.7431],[10.76014,59.74304],[10.75976,59.743],[10.75971,59.74312],[10.75977,59.74317],[10.75961,59.7432],[10.75965,59.74325]]]},"properties":{"a":374,"v":-525,"dh":1.4,"pl":2,"pn":"Områderegulering for frittliggende småhusbebyggelse","pd":"2023-10-25","c":430}},{"type":"Feature","geometry":{"type":"Polygon","coordinates":[[[10.75928,59.74334],[10.75925,59.74337],[10.75962,59.74336],[10.7597,59.74328],[10.75949,59.74324],[10.75943,59.74314],[10.75915,59.74323],[10.75928,59.74334]],[[10.75928,59.74333],[10.75929,59.74328],[10.75933,59.74332],[10.75928,59.74333]]]},"properties":{"a":408,"v":723,"dh":1.77,"pl":2,"pn":"Områderegulering for frittliggende småhusbebyggelse","pd":"2023-10-25","c":430}},{"type":"Feature","geometry":{"type":"Polygon","coordinates":[[[10.75992,59.74334],[10.76015,59.74334],[10.76015,59.74323],[10.76002,59.74323],[10.7599,59.7433],[10.75992,59.74334]]]},"properties":{"a":149,"v":153,"dh":1.02,"pl":2,"pn":"Områderegulering for frittliggende småhusbebyggelse","pd":"2023-10-25","c":430}},{"type":"Feature","geometry":{"type":"Polygon","coordinates":[[[10.76173,59.74418],[10.76175,59.74398],[10.76183,59.74384],[10.76212,59.74392],[10.76233,59.74386],[10.76266,59.74404],[10.76272,59.74403],[10.76271,59.74393],[10.7626,59.74392],[10.76253,59.74386],[10.76252,59.74362],[10.76244,59.74363],[10.7624,59.74373],[10.76225,59.74362],[10.76211,59.74361],[10.76203,59.74353],[10.76203,59.74357],[10.76169,59.74377],[10.76163,59.74372],[10.76168,59.74367],[10.76152,59.74363],[10.76151,59.74375],[10.76158,59.74382],[10.76163,59.74405],[10.76173,59.74418]],[[10.7617,59.74395],[10.76171,59.74394],[10.76171,59.74395],[10.7617,59.74395]],[[10.76248,59.74387],[10.76246,59.74384],[10.76251,59.74387],[10.76248,59.74387]]]},"properties":{"a":1785,"v":5015,"dh":2.81,"pl":2,"pn":"Områderegulering for frittliggende småhusbebyggelse","pd":"2023-10-25","c":430}},{"type":"Feature","geometry":{"type":"MultiPolygon","coordinates":[[[[10.76294,59.74399],[10.76309,59.74412],[10.76324,59.74418],[10.76326,59.74414],[10.76315,59.74411],[10.7632,59.74411],[10.76314,59.74404],[10.76303,59.74399],[10.76307,59.74392],[10.7629,59.74383],[10.76281,59.74384],[10.76283,59.74376],[10.76277,59.74367],[10.76268,59.74365],[10.76258,59.74355],[10.76255,59.74355],[10.76264,59.74369],[10.76254,59.74376],[10.76256,59.74383],[10.76267,59.74377],[10.76272,59.7438],[10.76269,59.74383],[10.76271,59.74391],[10.76289,59.74394],[10.76283,59.74388],[10.7629,59.74388],[10.76291,59.74394],[10.76301,59.74395],[10.76294,59.74399]],[[10.763,59.74399],[10.76302,59.74399],[10.763,59.74399],[10.763,59.74399]],[[10.76299,59.74391],[10.76298,59.7439],[10.76299,59.7439],[10.76299,59.74391]],[[10.76285,59.74392],[10.76283,59.74393],[10.76283,59.74392],[10.76285,59.74392]]],[[[10.76309,59.74398],[10.76307,59.744],[10.76309,59.744],[10.76309,59.74398]]],[[[10.76311,59.744],[10.76309,59.74401],[10.76311,59.74401],[10.76311,59.744]]],[[[10.76356,59.74428],[10.76338,59.74423],[10.7634,59.74419],[10.76324,59.74418],[10.7633,59.74424],[10.76356,59.74428]]]]},"properties":{"a":606,"v":-827,"dh":1.36,"pl":2,"pn":"Områderegulering for frittliggende småhusbebyggelse","pd":"2023-10-25","c":430}},{"type":"Feature","geometry":{"type":"Polygon","coordinates":[[[10.76372,59.74424],[10.76381,59.74419],[10.76349,59.74412],[10.76344,59.7442],[10.76372,59.74424]]]},"properties":{"a":148,"v":240,"dh":1.62,"pl":2,"pn":"Områderegulering for frittliggende småhusbebyggelse","pd":"2023-10-25","c":430}},{"type":"Feature","geometry":{"type":"MultiPolygon","coordinates":[[[[10.76233,59.7439],[10.76228,59.74386],[10.76225,59.74391],[10.76233,59.7439]]],[[[10.76207,59.744],[10.76207,59.74403],[10.76214,59.74402],[10.76214,59.74399],[10.76207,59.744]]],[[[10.76215,59.74403],[10.76222,59.74408],[10.76215,59.74412],[10.76214,59.74429],[10.76229,59.7445],[10.76261,59.74444],[10.7626,59.74452],[10.76271,59.74453],[10.76271,59.74435],[10.76282,59.74424],[10.7627,59.74408],[10.76239,59.7439],[10.76233,59.7439],[10.76218,59.74396],[10.76222,59.744],[10.76215,59.74403]],[[10.7625,59.74399],[10.76254,59.744],[10.76254,59.74401],[10.7625,59.74401],[10.7625,59.74399]]]]},"properties":{"a":1808,"v":-5606,"dh":3.1,"pl":2,"pn":"Områderegulering for frittliggende småhusbebyggelse","pd":"2023-10-25","c":430}},{"type":"Feature","geometry":{"type":"MultiPolygon","coordinates":[[[[10.76174,59.74438],[10.76177,59.74468],[10.76185,59.74475],[10.76181,59.74467],[10.76184,59.74464],[10.76182,59.74457],[10.76189,59.74458],[10.76183,59.74447],[10.76186,59.74436],[10.76193,59.74432],[10.76194,59.74442],[10.76206,59.74441],[10.76204,59.74433],[10.76193,59.74429],[10.76198,59.74423],[10.76195,59.74412],[10.76201,59.74411],[10.76201,59.74406],[10.76193,59.74408],[10.76185,59.74388],[10.76179,59.74395],[10.76176,59.74422],[10.76171,59.74428],[10.76182,59.74433],[10.76183,59.74438],[10.76174,59.74438]]],[[[10.76172,59.74442],[10.76174,59.74442],[10.76174,59.74442],[10.76172,59.74442]]]]},"properties":{"a":705,"v":-1716,"dh":2.43,"pl":2,"pn":"Områderegulering for frittliggende småhusbebyggelse","pd":"2023-10-25","c":430}},{"type":"Feature","geometry":{"type":"Polygon","coordinates":[[[10.76112,59.74447],[10.76119,59.74443],[10.7612,59.74436],[10.76131,59.74437],[10.7614,59.74445],[10.76147,59.74441],[10.76125,59.74433],[10.76085,59.74439],[10.76087,59.74446],[10.76101,59.74441],[10.76112,59.74447]]]},"properties":{"a":189,"v":225,"dh":1.19,"pl":2,"pn":"Områderegulering for frittliggende småhusbebyggelse","pd":"2023-10-25","c":430}},{"type":"Feature","geometry":{"type":"Polygon","coordinates":[[[10.76191,59.74465],[10.76225,59.74464],[10.76219,59.74461],[10.7622,59.74447],[10.76213,59.74444],[10.76213,59.74432],[10.76203,59.74454],[10.76196,59.74448],[10.76196,59.74457],[10.76191,59.74459],[10.76191,59.74465]]]},"properties":{"a":345,"v":562,"dh":1.63,"pl":2,"pn":"Områderegulering for frittliggende småhusbebyggelse","pd":"2023-10-25","c":430}},{"type":"Feature","geometry":{"type":"Polygon","coordinates":[[[10.76236,59.74469],[10.76261,59.7447],[10.76262,59.74457],[10.76239,59.74461],[10.76236,59.74469]]]},"properties":{"a":173,"v":258,"dh":1.49,"pl":2,"pn":"Områderegulering for frittliggende småhusbebyggelse","pd":"2023-10-25","c":430}},{"type":"Feature","geometry":{"type":"MultiPolygon","coordinates":[[[[10.76358,59.74523],[10.76363,59.74524],[10.76355,59.74498],[10.76363,59.74475],[10.76348,59.74507],[10.7635,59.7451],[10.76353,59.74506],[10.76358,59.74523]]],[[[10.76354,59.74521],[10.76356,59.74522],[10.76356,59.74521],[10.76354,59.74521]]]]},"properties":{"a":157,"v":-168,"dh":1.07,"pl":1,"pn":"Reguleringsplan for Homannskollen og Pollenga","pd":"1990-10-24","sl":1,"c":497}},{"type":"Feature","geometry":{"type":"Polygon","coordinates":[[[10.76424,59.74528],[10.76424,59.74518],[10.76395,59.7452],[10.76399,59.74527],[10.76424,59.74528]]]},"properties":{"a":164,"v":-340,"dh":2.08,"pl":2,"pn":"Områderegulering for frittliggende småhusbebyggelse","pd":"2023-10-25","c":430}},{"type":"Feature","geometry":{"type":"Polygon","coordinates":[[[10.77234,59.74293],[10.77228,59.74285],[10.77233,59.74282],[10.77212,59.74277],[10.77201,59.74279],[10.7721,59.74278],[10.77216,59.74286],[10.77234,59.74293]]]},"properties":{"a":102,"v":86,"dh":0.84,"pl":2,"pn":"Områderegulering for frittliggende småhusbebyggelse","pd":"2023-10-25","sl":1,"c":430}},{"type":"Feature","geometry":{"type":"Polygon","coordinates":[[[10.77035,59.74329],[10.77049,59.74329],[10.77052,59.74319],[10.77041,59.74315],[10.77032,59.74318],[10.77035,59.74329]]]},"properties":{"a":140,"v":134,"dh":0.96,"pl":2,"pn":"Områderegulering for frittliggende småhusbebyggelse","pd":"2023-10-25","sh":1,"c":200}},{"type":"Feature","geometry":{"type":"Polygon","coordinates":[[[10.77321,59.74367],[10.77339,59.74363],[10.77359,59.74366],[10.7736,59.74361],[10.7733,59.74363],[10.77319,59.74358],[10.7728,59.74355],[10.77321,59.74367]],[[10.77312,59.74363],[10.77314,59.74362],[10.77314,59.74362],[10.77312,59.74363]]]},"properties":{"a":192,"v":181,"dh":0.94,"pl":1,"pn":"Reguleringsplan for Øvre Sjøskogen og del av Øvre Pollenga","pd":"1988-05-25","sl":1,"c":261}},{"type":"Feature","geometry":{"type":"Polygon","coordinates":[[[10.77239,59.74399],[10.77245,59.74396],[10.77243,59.74391],[10.77216,59.74386],[10.77219,59.74391],[10.77216,59.74396],[10.77239,59.74399]]]},"properties":{"a":165,"v":175,"dh":1.06,"pl":2,"pn":"Områderegulering for frittliggende småhusbebyggelse","pd":"2023-10-25","c":430}},{"type":"Feature","geometry":{"type":"Polygon","coordinates":[[[10.76753,59.7445],[10.76774,59.74448],[10.76774,59.74442],[10.76785,59.74425],[10.76755,59.74425],[10.76753,59.7445]]]},"properties":{"a":384,"v":768,"dh":2.0,"pl":2,"pn":"Områderegulering for frittliggende småhusbebyggelse","pd":"2023-10-25","c":430}},{"type":"Feature","geometry":{"type":"Polygon","coordinates":[[[10.77334,59.7444],[10.77333,59.74425],[10.77315,59.74424],[10.77327,59.74438],[10.77334,59.7444]]]},"properties":{"a":100,"v":84,"dh":0.84,"pl":2,"pn":"Områderegulering for frittliggende småhusbebyggelse","pd":"2023-10-25","sh":1,"c":430}},{"type":"Feature","geometry":{"type":"Polygon","coordinates":[[[10.76806,59.74447],[10.76806,59.74443],[10.76787,59.74432],[10.76777,59.74442],[10.76779,59.74446],[10.76806,59.74447]]]},"properties":{"a":164,"v":-210,"dh":1.28,"pl":2,"pn":"Områderegulering for frittliggende småhusbebyggelse","pd":"2023-10-25","c":430}},{"type":"Feature","geometry":{"type":"Polygon","coordinates":[[[10.77294,59.74451],[10.77333,59.74453],[10.77334,59.74446],[10.77315,59.74448],[10.77311,59.74442],[10.7729,59.74443],[10.77295,59.74444],[10.77294,59.74451]]]},"properties":{"a":197,"v":187,"dh":0.95,"pl":2,"pn":"Områderegulering for frittliggende småhusbebyggelse","pd":"2023-10-25","sh":1,"c":200}},{"type":"Feature","geometry":{"type":"Polygon","coordinates":[[[10.77171,59.74593],[10.773,59.74577],[10.773,59.74576],[10.77171,59.74593]]]},"properties":{"a":226,"v":233,"dh":1.03,"pl":1,"pn":"Reguleringsplan for fritidspark ved Vinterbru","pd":"1987-01-28","c":495}},{"type":"Feature","geometry":{"type":"Polygon","coordinates":[[[10.77209,59.74625],[10.77195,59.74612],[10.77177,59.74607],[10.77163,59.74612],[10.77168,59.74625],[10.77209,59.74641],[10.77213,59.74638],[10.77202,59.74635],[10.77204,59.7463],[10.77195,59.74627],[10.77209,59.74625]],[[10.77203,59.74623],[10.77201,59.74624],[10.77201,59.74623],[10.77203,59.74623]]]},"properties":{"a":506,"v":1180,"dh":2.33,"pl":1,"pn":"Reguleringsplan for fritidspark ved Vinterbru","pd":"1987-01-28","c":495}},{"type":"Feature","geometry":{"type":"Polygon","coordinates":[[[10.75886,59.74351],[10.75893,59.74347],[10.75879,59.74343],[10.7588,59.7434],[10.75869,59.74331],[10.75871,59.74325],[10.75863,59.74318],[10.75868,59.74343],[10.75886,59.74351]]]},"properties":{"a":176,"v":-219,"dh":1.24,"pl":0,"sl":1,"c":496}},{"type":"Feature","geometry":{"type":"MultiPolygon","coordinates":[[[[10.75018,59.74355],[10.7502,59.74368],[10.75028,59.74369],[10.75023,59.74355],[10.74999,59.74327],[10.74993,59.74326],[10.74999,59.74334],[10.74994,59.74335],[10.7501,59.74344],[10.75009,59.74348],[10.75018,59.74355]]],[[[10.75015,59.74358],[10.75011,59.74354],[10.75011,59.74357],[10.75015,59.74358]]]]},"properties":{"a":154,"v":176,"dh":1.15,"pl":0,"sl":1,"c":494}},{"type":"Feature","geometry":{"type":"MultiPolygon","coordinates":[[[[10.75926,59.74369],[10.75924,59.74358],[10.75906,59.7436],[10.75902,59.74354],[10.7589,59.74356],[10.75899,59.74367],[10.75905,59.74366],[10.75901,59.74361],[10.75915,59.74365],[10.75914,59.74373],[10.75926,59.74369]],[[10.75919,59.74366],[10.75921,59.74367],[10.75919,59.74367],[10.75919,59.74366]],[[10.75917,59.74363],[10.75921,59.74364],[10.75917,59.74364],[10.75917,59.74363]]],[[[10.75918,59.74375],[10.75919,59.74373],[10.75918,59.74373],[10.75918,59.74375]]]]},"properties":{"a":174,"v":-182,"dh":1.05,"pl":1,"pn":"Reguleringsplan for Homannskollen og Pollenga","pd":"1990-10-24","sl":1,"c":497}},{"type":"Feature","geometry":{"type":"Polygon","coordinates":[[[10.7607,59.74433],[10.76072,59.74429],[10.76061,59.74429],[10.76068,59.74423],[10.76066,59.74419],[10.76053,59.74419],[10.76047,59.74427],[10.76052,59.74432],[10.7607,59.74433]]]},"properties":{"a":135,"v":133,"dh":0.99,"pl":1,"pn":"Reguleringsplan for Homannskollen og Pollenga","pd":"1990-10-24","sl":1,"c":497}},{"type":"Feature","geometry":{"type":"MultiPolygon","coordinates":[[[[10.75026,59.74443],[10.75035,59.7444],[10.75024,59.74437],[10.75026,59.74443]]],[[[10.75021,59.74455],[10.75031,59.74462],[10.75031,59.74458],[10.75041,59.74459],[10.75037,59.74451],[10.75043,59.7445],[10.75032,59.74444],[10.75026,59.74449],[10.75036,59.74456],[10.75029,59.74454],[10.75021,59.74455]]],[[[10.7502,59.74454],[10.75021,59.74455],[10.75021,59.74454],[10.7502,59.74454]]]]},"properties":{"a":109,"v":94,"dh":0.86,"pl":0,"sl":1,"c":498}},{"type":"Feature","geometry":{"type":"MultiPolygon","coordinates":[[[[10.76046,59.7445],[10.76025,59.74448],[10.76021,59.74441],[10.76014,59.74441],[10.76019,59.74436],[10.76008,59.74425],[10.75999,59.74429],[10.76005,59.74438],[10.76012,59.74439],[10.76007,59.74442],[10.76009,59.74445],[10.7602,59.74453],[10.76046,59.7445]],[[10.76025,59.74452],[10.76023,59.74451],[10.76025,59.74451],[10.76025,59.74452]],[[10.76025,59.74451],[10.76027,59.7445],[10.76027,59.74451],[10.76025,59.74451]],[[10.7601,59.74436],[10.76014,59.74437],[10.7601,59.74438],[10.7601,59.74436]]],[[[10.76043,59.74454],[10.76045,59.74453],[10.76043,59.74453],[10.76043,59.74454]]]]},"properties":{"a":229,"v":-251,"dh":1.1,"pl":1,"pn":"Reguleringsplan for Homannskollen og Pollenga","pd":"1990-10-24","sl":1,"c":497}},{"type":"Feature","geometry":{"type":"MultiPolygon","coordinates":[[[[10.76045,59.74493],[10.7605,59.74485],[10.76038,59.74488],[10.76039,59.74482],[10.76032,59.74476],[10.76031,59.74491],[10.76033,59.74495],[10.7604,59.74493],[10.76034,59.74497],[10.76042,59.745],[10.76049,59.74495],[10.76045,59.74493]]],[[[10.76049,59.74497],[10.76052,59.74495],[10.76049,59.74495],[10.76049,59.74497]]]]},"properties":{"a":132,"v":-138,"dh":1.05,"pl":1,"pn":"Reguleringsplan for Homannskollen og Pollenga","pd":"1990-10-24","sl":1,"c":497}},{"type":"Feature","geometry":{"type":"Polygon","coordinates":[[[10.76058,59.74608],[10.76058,59.74603],[10.76049,59.74599],[10.76052,59.74592],[10.76045,59.74591],[10.76046,59.74587],[10.76052,59.7459],[10.76048,59.74584],[10.76053,59.74575],[10.76049,59.74574],[10.76042,59.7458],[10.76041,59.74591],[10.76045,59.74592],[10.76045,59.74603],[10.76058,59.74608]]]},"properties":{"a":126,"v":-136,"dh":1.08,"pl":1,"pn":"Reguleringsplan for Homannskollen og Pollenga","pd":"1990-10-24","sl":1,"c":497}},{"type":"Feature","geometry":{"type":"MultiPolygon","coordinates":[[[[10.75852,59.74914],[10.7585,59.74915],[10.75852,59.74915],[10.75852,59.74914]]],[[[10.75895,59.74931],[10.75897,59.7493],[10.75895,59.7493],[10.75895,59.74931]]],[[[10.75901,59.74935],[10.75894,59.74936],[10.75888,59.74933],[10.75892,59.74929],[10.75876,59.7493],[10.7589,59.74934],[10.75881,59.74938],[10.75905,59.74945],[10.75906,59.74937],[10.75897,59.74931],[10.75901,59.74935]]],[[[10.75921,59.74937],[10.75944,59.7494],[10.75939,59.74943],[10.75948,59.74946],[10.75948,59.74952],[10.75961,59.74956],[10.75966,59.74963],[10.75961,59.74967],[10.7597,59.74972],[10.75976,59.74971],[10.75968,59.74964],[10.75986,59.74963],[10.75962,59.74951],[10.75975,59.7495],[10.75967,59.74942],[10.75954,59.74938],[10.75938,59.74936],[10.75935,59.74933],[10.75942,59.74931],[10.75934,59.7493],[10.75936,59.74926],[10.75918,59.74923],[10.75916,59.74917],[10.7593,59.74921],[10.75931,59.74924],[10.75939,59.74923],[10.7593,59.74914],[10.75926,59.74914],[10.75928,59.74918],[10.75919,59.74912],[10.75885,59.74912],[10.75893,59.74914],[10.75889,59.74916],[10.75866,59.7491],[10.75857,59.74916],[10.75838,59.74917],[10.75872,59.74925],[10.75872,59.7493],[10.75877,59.74927],[10.75877,59.74921],[10.75884,59.74921],[10.75906,59.7493],[10.75897,59.7492],[10.75904,59.74921],[10.75913,59.74929],[10.75931,59.74933],[10.75933,59.74936],[10.75921,59.74937]],[[10.75975,59.74962],[10.7597,59.7496],[10.75975,59.74961],[10.75975,59.74962]],[[10.7596,59.74941],[10.75956,59.74943],[10.75955,59.74941],[10.7596,59.74941]],[[10.75856,59.74921],[10.75866,59.74917],[10.75866,59.74922],[10.75856,59.74921]],[[10.7596,59.74951],[10.75955,59.74952],[10.75955,59.74951],[10.7596,59.74951]],[[10.75953,59.74945],[10.75957,59.74948],[10.75953,59.74948],[10.75953,59.74945]],[[10.75953,59.74945],[10.75951,59.74943],[10.75953,59.74943],[10.75953,59.74945]],[[10.75951,59.74939],[10.75947,59.7494],[10.75947,59.74939],[10.75951,59.74939]],[[10.75922,59.74927],[10.75929,59.74926],[10.75929,59.74928],[10.75922,59.74927]],[[10.75868,59.74923],[10.75872,59.74922],[10.75872,59.74923],[10.75868,59.74923]],[[10.75891,59.7492],[10.75888,59.74921],[10.75888,59.7492],[10.75891,59.7492]],[[10.75843,59.74917],[10.75841,59.74918],[10.75841,59.74917],[10.75843,59.74917]],[[10.75866,59.74915],[10.7587,59.74915],[10.7587,59.74916],[10.75866,59.74916],[10.75866,59.74915]]],[[[10.75947,59.74961],[10.75943,59.74957],[10.75934,59.74959],[10.75932,59.74956],[10.75941,59.74955],[10.7593,59.74954],[10.75935,59.74948],[10.75915,59.7494],[10.75921,59.74936],[10.75906,59.74936],[10.75921,59.74943],[10.75919,59.7495],[10.75925,59.74952],[10.75909,59.74949],[10.75902,59.74952],[10.75927,59.74954],[10.75923,59.74958],[10.75931,59.74964],[10.75947,59.7497],[10.75954,59.74971],[10.75952,59.74965],[10.75959,59.74965],[10.7594,59.74961],[10.75947,59.74961]],[[10.7594,59.74961],[10.75936,59.7496],[10.7594,59.7496],[10.7594,59.74961]],[[10.7595,59.74965],[10.75949,59.74967],[10.75947,59.74966],[10.7595,59.74965]],[[10.7593,59.7495],[10.75932,59.74949],[10.75932,59.7495],[10.7593,59.7495]],[[10.7593,59.74949],[10.75928,59.74948],[10.7593,59.74948],[10.7593,59.74949]]],[[[10.75993,59.74967],[10.75988,59.74963],[10.75984,59.74964],[10.75993,59.74967]]]]},"properties":{"a":1356,"v":1287,"dh":0.95,"pl":0,"fo":1,"c":499}},{"type":"Feature","geometry":{"type":"MultiPolygon","coordinates":[[[[10.76108,59.74974],[10.76106,59.74975],[10.76108,59.74975],[10.76108,59.74974]]],[[[10.76117,59.74979],[10.76086,59.74973],[10.76058,59.74972],[10.76117,59.74984],[10.76117,59.74979]]]]},"properties":{"a":132,"v":123,"dh":0.93,"pl":0,"sl":1,"c":500}},{"type":"Feature","geometry":{"type":"Polygon","coordinates":[[[10.76135,59.74581],[10.76142,59.74576],[10.76136,59.74575],[10.76138,59.74572],[10.76154,59.74575],[10.7615,59.74567],[10.76118,59.74563],[10.76113,59.74564],[10.7612,59.74571],[10.76115,59.74574],[10.76097,59.74573],[10.76106,59.74578],[10.76124,59.74577],[10.76135,59.74581]],[[10.76133,59.74571],[10.76129,59.74574],[10.76127,59.74571],[10.76133,59.74571]]]},"properties":{"a":315,"v":384,"dh":1.22,"pl":1,"pn":"Reguleringsplan for Homannskollen og Pollenga","pd":"1990-10-24","sl":1,"c":497}},{"type":"Feature","geometry":{"type":"MultiPolygon","coordinates":[[[[10.7615,59.74596],[10.76146,59.74584],[10.76134,59.74595],[10.76146,59.74589],[10.76146,59.74596],[10.7615,59.74596]]],[[[10.76148,59.74597],[10.76134,59.746],[10.76134,59.74606],[10.76149,59.74613],[10.76141,59.74604],[10.76148,59.74597]]]]},"properties":{"a":126,"v":-141,"dh":1.12,"pl":1,"pn":"Reguleringsplan for Homannskollen og Pollenga","pd":"1990-10-24","sl":1,"c":497}},{"type":"Feature","geometry":{"type":"Polygon","coordinates":[[[10.7633,59.74643],[10.76351,59.74635],[10.76349,59.74627],[10.76325,59.74637],[10.7633,59.74643]]]},"properties":{"a":128,"v":285,"dh":2.22,"pl":0,"sl":1,"c":501}},{"type":"Feature","geometry":{"type":"MultiPolygon","coordinates":[[[[10.76225,59.74669],[10.76223,59.74665],[10.76216,59.7466],[10.76223,59.74659],[10.76227,59.74647],[10.76223,59.74638],[10.76216,59.7464],[10.76217,59.74656],[10.76212,59.74658],[10.76212,59.74664],[10.76223,59.74674],[10.76225,59.74669]]],[[[10.7623,59.74669],[10.76229,59.74673],[10.76232,59.74672],[10.7623,59.74669]]]]},"properties":{"a":157,"v":-177,"dh":1.13,"pl":0,"sl":1,"c":502}},{"type":"Feature","geometry":{"type":"Polygon","coordinates":[[[10.76188,59.74683],[10.76206,59.74684],[10.76202,59.74678],[10.76214,59.7467],[10.76203,59.74666],[10.76202,59.74677],[10.76188,59.74683]]]},"properties":{"a":106,"v":-102,"dh":0.96,"pl":0,"sl":1,"c":502}},{"type":"Feature","geometry":{"type":"MultiPolygon","coordinates":[[[[10.76532,59.74691],[10.7655,59.74685],[10.7655,59.74681],[10.76557,59.74679],[10.76553,59.74674],[10.7656,59.74669],[10.76542,59.74669],[10.76549,59.74676],[10.76533,59.74679],[10.76532,59.74691]]],[[[10.76536,59.74692],[10.76538,59.74691],[10.76536,59.74691],[10.76536,59.74692]]]]},"properties":{"a":159,"v":171,"dh":1.08,"pl":2,"pn":"Områderegulering for frittliggende småhusbebyggelse","pd":"2023-10-25","c":430}},{"type":"Feature","geometry":{"type":"Polygon","coordinates":[[[10.76276,59.74751],[10.76286,59.74749],[10.76279,59.74749],[10.76277,59.74744],[10.76256,59.74749],[10.76254,59.74741],[10.76243,59.74742],[10.76245,59.74737],[10.76239,59.74737],[10.76246,59.74728],[10.76241,59.74727],[10.7624,59.74725],[10.76248,59.74725],[10.76256,59.74717],[10.76256,59.74707],[10.76249,59.74712],[10.76251,59.74716],[10.76238,59.74721],[10.76235,59.74732],[10.7623,59.74733],[10.76233,59.74724],[10.76224,59.74727],[10.76227,59.74738],[10.7624,59.74747],[10.76233,59.74748],[10.76231,59.74741],[10.76225,59.74741],[10.76237,59.74752],[10.76233,59.7476],[10.76248,59.74775],[10.76247,59.74783],[10.76256,59.74787],[10.76267,59.74784],[10.76255,59.74767],[10.76244,59.74766],[10.76247,59.74755],[10.76251,59.74761],[10.76262,59.74757],[10.7628,59.74768],[10.76262,59.74772],[10.76266,59.74778],[10.76291,59.74774],[10.76291,59.7477],[10.76305,59.74772],[10.76307,59.74769],[10.76301,59.74768],[10.76324,59.74764],[10.76294,59.74764],[10.76285,59.74757],[10.76286,59.74753],[10.76281,59.74757],[10.76287,59.74761],[10.7628,59.74761],[10.76276,59.74751]],[[10.76276,59.74752],[10.76272,59.74754],[10.76272,59.74752],[10.76276,59.74752]],[[10.76272,59.74754],[10.76273,59.7476],[10.76265,59.74757],[10.76272,59.74754]],[[10.76254,59.74783],[10.76254,59.74779],[10.76256,59.74783],[10.76254,59.74783]],[[10.76254,59.74776],[10.76257,59.74775],[10.76257,59.74776],[10.76254,59.74776]],[[10.76277,59.74774],[10.76279,59.74773],[10.76279,59.74774],[10.76277,59.74774]],[[10.76252,59.74774],[10.76254,59.74773],[10.76254,59.74774],[10.76252,59.74774]],[[10.76248,59.74772],[10.76252,59.74769],[10.76254,59.74772],[10.76248,59.74772]],[[10.76291,59.74764],[10.7628,59.74767],[10.7628,59.74764],[10.76291,59.74764]],[[10.76294,59.74768],[10.76298,59.74767],[10.76298,59.74768],[10.76294,59.74768]],[[10.76237,59.74757],[10.76242,59.74756],[10.76242,59.74757],[10.76237,59.74757]],[[10.7626,59.74755],[10.76262,59.74754],[10.76262,59.74755],[10.7626,59.74755]],[[10.76245,59.74752],[10.76238,59.74751],[10.76238,59.7475],[10.76243,59.74748],[10.76245,59.74752]],[[10.76251,59.74751],[10.76252,59.7475],[10.76252,59.74751],[10.76251,59.74751]],[[10.76234,59.74734],[10.76236,59.74735],[10.76234,59.74735],[10.76234,59.74734]],[[10.76234,59.74734],[10.76232,59.74734],[10.76234,59.74734],[10.76234,59.74734]],[[10.7624,59.74723],[10.76242,59.74722],[10.76242,59.74723],[10.7624,59.74723]],[[10.76244,59.74722],[10.76246,59.7472],[10.76246,59.74722],[10.76244,59.74722]]]},"properties":{"a":1106,"v":-1143,"dh":1.03,"pl":0,"fo":1,"c":503}},{"type":"Feature","geometry":{"type":"Polygon","coordinates":[[[10.76307,59.74808],[10.76303,59.74805],[10.76307,59.74801],[10.76298,59.74798],[10.76302,59.74787],[10.76295,59.74785],[10.76304,59.74779],[10.76298,59.74776],[10.76297,59.74782],[10.76288,59.74785],[10.76294,59.74788],[10.76298,59.74806],[10.76307,59.74808]]]},"properties":{"a":126,"v":-130,"dh":1.03,"pl":0,"sl":1,"c":504}},{"type":"Feature","geometry":{"type":"Polygon","coordinates":[[[10.76283,59.74816],[10.76293,59.74812],[10.7628,59.74808],[10.76277,59.74804],[10.76291,59.74806],[10.76292,59.74798],[10.76289,59.74795],[10.76278,59.74795],[10.7628,59.74791],[10.7627,59.74787],[10.76267,59.74787],[10.76269,59.74791],[10.76262,59.74789],[10.76271,59.74796],[10.76272,59.7481],[10.76283,59.74816]],[[10.76284,59.74799],[10.76285,59.74796],[10.76287,59.74799],[10.76284,59.74799]]]},"properties":{"a":231,"v":-253,"dh":1.09,"pl":0,"sl":1,"c":504}},{"type":"Feature","geometry":{"type":"MultiPolygon","coordinates":[[[[10.76244,59.74824],[10.76243,59.74815],[10.76236,59.74815],[10.76244,59.74824]]],[[[10.76241,59.74831],[10.76264,59.74842],[10.7628,59.74843],[10.76286,59.74838],[10.76273,59.74832],[10.76258,59.74828],[10.76273,59.74837],[10.76255,59.74835],[10.76257,59.74829],[10.76244,59.74824],[10.76239,59.74824],[10.76241,59.74831]],[[10.76275,59.74834],[10.76271,59.74835],[10.76271,59.74834],[10.76275,59.74834]]]]},"properties":{"a":232,"v":-231,"dh":1.0,"pl":0,"sl":1,"c":504}},{"type":"Feature","geometry":{"type":"Polygon","coordinates":[[[10.7605,59.74991],[10.76044,59.74987],[10.76049,59.74985],[10.7604,59.74982],[10.76033,59.74973],[10.75981,59.74972],[10.75996,59.74977],[10.75992,59.74979],[10.7605,59.74991]],[[10.76035,59.74983],[10.76037,59.74981],[10.76039,59.74983],[10.76035,59.74983]],[[10.7601,59.74982],[10.76008,59.74977],[10.76019,59.74982],[10.7601,59.74982]],[[10.76023,59.74981],[10.76026,59.74979],[10.76028,59.74981],[10.76023,59.74981]],[[10.76015,59.74978],[10.76024,59.74976],[10.76029,59.74978],[10.76015,59.74978]],[[10.76013,59.74975],[10.76015,59.74975],[10.76013,59.74975],[10.76013,59.74975]],[[10.76013,59.74975],[10.76011,59.74974],[10.76013,59.74974],[10.76013,59.74975]]]},"properties":{"a":340,"v":332,"dh":0.98,"pl":0,"sl":1,"c":500}},{"type":"Feature","geometry":{"type":"MultiPolygon","coordinates":[[[[10.76015,59.75],[10.76018,59.74999],[10.76015,59.74999],[10.76015,59.75]]],[[[10.75978,59.74989],[10.75998,59.74992],[10.75999,59.75],[10.76004,59.75003],[10.76033,59.75011],[10.76032,59.75017],[10.7604,59.75014],[10.76024,59.75002],[10.76006,59.74998],[10.75991,59.74985],[10.75975,59.74987],[10.75978,59.74989]],[[10.75984,59.74988],[10.7598,59.74988],[10.75984,59.74988],[10.75984,59.74988]]]]},"properties":{"a":185,"v":185,"dh":1.0,"pl":0,"sl":1,"c":500}},{"type":"Feature","geometry":{"type":"Polygon","coordinates":[[[10.76126,59.74987],[10.76098,59.74991],[10.76119,59.74995],[10.7612,59.75003],[10.76115,59.75004],[10.76122,59.75008],[10.76129,59.75005],[10.76142,59.75012],[10.76174,59.75013],[10.7614,59.7499],[10.76126,59.74987]],[[10.76117,59.74991],[10.76121,59.74992],[10.76117,59.74992],[10.76117,59.74991]],[[10.76121,59.74994],[10.76125,59.74993],[10.76125,59.74995],[10.76121,59.74994]],[[10.76134,59.75008],[10.76138,59.75007],[10.76138,59.75008],[10.76134,59.75008]],[[10.7615,59.75006],[10.76152,59.75005],[10.76152,59.75006],[10.7615,59.75006]],[[10.76152,59.75003],[10.76154,59.75004],[10.76152,59.75004],[10.76152,59.75003]],[[10.76152,59.75003],[10.7615,59.75002],[10.76152,59.75002],[10.76152,59.75003]],[[10.76125,59.75004],[10.76127,59.75003],[10.76127,59.75004],[10.76125,59.75004]],[[10.76129,59.75004],[10.7613,59.75002],[10.76132,59.75004],[10.76129,59.75004]],[[10.76136,59.75003],[10.76138,59.75003],[10.76138,59.75003],[10.76136,59.75003]],[[10.76148,59.75003],[10.76129,59.75],[10.76127,59.74996],[10.76132,59.74998],[10.76143,59.74998],[10.76148,59.75003]],[[10.76134,59.74997],[10.76132,59.74995],[10.76137,59.74997],[10.76134,59.74997]],[[10.76128,59.74994],[10.76132,59.74992],[10.76132,59.74994],[10.76128,59.74994]]]},"properties":{"a":494,"v":487,"dh":0.99,"pl":0,"sl":1,"c":500}},{"type":"Feature","geometry":{"type":"Polygon","coordinates":[[[10.77247,59.74643],[10.77247,59.74639],[10.77261,59.74636],[10.77248,59.7463],[10.77234,59.7463],[10.77232,59.74636],[10.77239,59.74635],[10.77238,59.74642],[10.77247,59.74643]]]},"properties":{"a":137,"v":-190,"dh":1.38,"pl":1,"pn":"Reguleringsplan for fritidspark ved Vinterbru","pd":"1987-01-28","fo":1,"c":495}},{"type":"Feature","geometry":{"type":"MultiPolygon","coordinates":[[[[10.77277,59.74673],[10.77284,59.74671],[10.77282,59.74664],[10.77289,59.74657],[10.77294,59.74661],[10.77291,59.74676],[10.77306,59.74687],[10.77307,59.74694],[10.77324,59.74694],[10.77319,59.74687],[10.77322,59.74681],[10.77314,59.74664],[10.77294,59.74654],[10.77299,59.74645],[10.77277,59.74645],[10.77285,59.74656],[10.77272,59.7465],[10.7727,59.74644],[10.77249,59.74647],[10.77253,59.7466],[10.77277,59.74673]]],[[[10.77272,59.74671],[10.77263,59.74683],[10.77274,59.74685],[10.77273,59.74691],[10.77276,59.74691],[10.77281,59.74676],[10.77272,59.74671]]]]},"properties":{"a":1113,"v":-2028,"dh":1.82,"pl":1,"pn":"Reguleringsplan for fritidspark ved Vinterbru","pd":"1987-01-28","fo":1,"c":495}},{"type":"Feature","geometry":{"type":"Polygon","coordinates":[[[10.76562,59.74683],[10.76589,59.74682],[10.7659,59.74677],[10.76571,59.74676],[10.76562,59.74683]]]},"properties":{"a":111,"v":-195,"dh":1.75,"pl":2,"pn":"Områderegulering for frittliggende småhusbebyggelse","pd":"2023-10-25","c":430}},{"type":"Feature","geometry":{"type":"Polygon","coordinates":[[[10.76833,59.74699],[10.76839,59.74694],[10.76846,59.74698],[10.76853,59.74694],[10.76843,59.74681],[10.76836,59.74683],[10.76833,59.74699]]]},"properties":{"a":123,"v":-319,"dh":2.6,"pl":2,"pn":"Områderegulering for frittliggende småhusbebyggelse","pd":"2023-10-25","c":430}},{"type":"Feature","geometry":{"type":"MultiPolygon","coordinates":[[[[10.7689,59.74694],[10.76892,59.74696],[10.76894,59.74694],[10.7689,59.74694]]],[[[10.76897,59.74697],[10.76882,59.74706],[10.76884,59.74717],[10.76856,59.74714],[10.7685,59.74706],[10.76857,59.74703],[10.7685,59.74701],[10.76841,59.74712],[10.76829,59.74713],[10.76829,59.74715],[10.76893,59.74718],[10.76898,59.74715],[10.76904,59.7469],[10.76897,59.74691],[10.76894,59.74696],[10.76897,59.74697]],[[10.76841,59.74714],[10.76843,59.74715],[10.76841,59.74715],[10.76841,59.74714]]]]},"properties":{"a":406,"v":-519,"dh":1.28,"pl":2,"pn":"Områderegulering for frittliggende småhusbebyggelse","pd":"2023-10-25","c":430}},{"type":"Feature","geometry":{"type":"Polygon","coordinates":[[[10.77263,59.74715],[10.77292,59.74714],[10.77286,59.74709],[10.77297,59.74709],[10.77298,59.74704],[10.77286,59.74704],[10.77293,59.74699],[10.77287,59.74696],[10.77279,59.74707],[10.77263,59.74706],[10.77263,59.74715]]]},"properties":{"a":204,"v":-251,"dh":1.23,"pl":1,"pn":"Reguleringsplan for fritidspark ved Vinterbru","pd":"1987-01-28","fo":1,"c":262}},{"type":"Feature","geometry":{"type":"Polygon","coordinates":[[[10.77355,59.74741],[10.7732,59.74706],[10.77314,59.74707],[10.77326,59.74722],[10.77355,59.74741]]]},"properties":{"a":118,"v":137,"dh":1.16,"pl":1,"pn":"Reguleringsplan for fritidspark ved Vinterbru","pd":"1987-01-28","sl":1,"c":263}},{"type":"Feature","geometry":{"type":"MultiPolygon","coordinates":[[[[10.77202,59.74771],[10.77198,59.74769],[10.77199,59.74771],[10.77202,59.74771]]],[[[10.77175,59.74772],[10.77174,59.7477],[10.77168,59.7477],[10.77175,59.74772]]],[[[10.7714,59.74768],[10.77135,59.74773],[10.77165,59.74776],[10.77204,59.74775],[10.77197,59.74774],[10.77199,59.74771],[10.7717,59.74774],[10.77152,59.74769],[10.7714,59.74768]],[[10.77142,59.74769],[10.7714,59.74771],[10.7714,59.74769],[10.77142,59.74769]]]]},"properties":{"a":134,"v":-125,"dh":0.93,"pl":1,"pn":"Reguleringsplan for fritidspark ved Vinterbru","pd":"1987-01-28","sl":1,"c":263}},{"type":"Feature","geometry":{"type":"Polygon","coordinates":[[[10.77204,59.75444],[10.77202,59.75436],[10.77223,59.75436],[10.77225,59.75433],[10.77219,59.75429],[10.77224,59.75427],[10.7718,59.75431],[10.77187,59.75435],[10.77186,59.75439],[10.77204,59.75444]]]},"properties":{"a":222,"v":-278,"dh":1.25,"pl":1,"pn":"Fålesloråsen","pd":"2003-11-19","c":268}},{"type":"Feature","geometry":{"type":"Polygon","coordinates":[[[10.77173,59.75457],[10.77183,59.75451],[10.77174,59.75448],[10.7718,59.75437],[10.7717,59.75432],[10.77157,59.75436],[10.77159,59.7544],[10.77149,59.75449],[10.77157,59.75457],[10.77173,59.75457]]]},"properties":{"a":314,"v":432,"dh":1.38,"pl":1,"pn":"Fålesloråsen","pd":"2003-11-19","c":268}},{"type":"Feature","geometry":{"type":"Polygon","coordinates":[[[10.76344,59.74841],[10.76323,59.7484],[10.76328,59.74838],[10.76328,59.74835],[10.76307,59.74836],[10.76311,59.74842],[10.76327,59.74846],[10.76362,59.74845],[10.76376,59.7484],[10.76355,59.74833],[10.76355,59.74839],[10.76346,59.74836],[10.76344,59.74841]],[[10.76346,59.74841],[10.76348,59.74842],[10.76346,59.74842],[10.76346,59.74841]]]},"properties":{"a":275,"v":-288,"dh":1.05,"pl":0,"sl":1,"c":504}},{"type":"Feature","geometry":{"type":"MultiPolygon","coordinates":[[[[10.76295,59.74885],[10.76298,59.74879],[10.76291,59.74877],[10.7629,59.7488],[10.76282,59.74881],[10.76286,59.74871],[10.76273,59.74869],[10.76271,59.74872],[10.76277,59.74876],[10.76272,59.74877],[10.76277,59.74882],[10.76295,59.74885]]],[[[10.7629,59.74885],[10.76286,59.74885],[10.76292,59.74886],[10.7629,59.74885]]]]},"properties":{"a":125,"v":-182,"dh":1.45,"pl":0,"sl":1,"c":504}},{"type":"Feature","geometry":{"type":"MultiPolygon","coordinates":[[[[10.76329,59.74889],[10.76326,59.7489],[10.76329,59.7489],[10.76329,59.74889]]],[[[10.76331,59.74893],[10.76329,59.74894],[10.76331,59.74894],[10.76331,59.74893]]],[[[10.7635,59.74911],[10.76341,59.74904],[10.76358,59.74902],[10.76356,59.74897],[10.76342,59.74894],[10.76349,59.74899],[10.76331,59.74899],[10.76333,59.74894],[10.76328,59.74898],[10.76327,59.74891],[10.76308,59.74886],[10.76311,59.74889],[10.76308,59.74892],[10.76313,59.74892],[10.76312,59.74897],[10.76326,59.749],[10.76325,59.74905],[10.76332,59.74903],[10.7635,59.74911]],[[10.76346,59.74901],[10.76348,59.74902],[10.76346,59.74902],[10.76346,59.74901]],[[10.76332,59.74901],[10.7633,59.74902],[10.7633,59.74901],[10.76332,59.74901]],[[10.7632,59.74891],[10.76319,59.74893],[10.76319,59.74891],[10.7632,59.74891]]],[[[10.76336,59.7491],[10.76341,59.74912],[10.76343,59.7491],[10.76336,59.7491]]]]},"properties":{"a":257,"v":-259,"dh":1.01,"pl":0,"sl":1,"c":504}},{"type":"Feature","geometry":{"type":"Polygon","coordinates":[[[10.76286,59.74909],[10.76278,59.74906],[10.76293,59.74904],[10.76285,59.74904],[10.7628,59.74898],[10.7628,59.74905],[10.76277,59.74905],[10.76276,59.74901],[10.7626,59.7489],[10.76264,59.74898],[10.76273,59.74902],[10.76271,59.74907],[10.76286,59.74909]]]},"properties":{"a":105,"v":-101,"dh":0.96,"pl":0,"sl":1,"c":504}},{"type":"Feature","geometry":{"type":"MultiPolygon","coordinates":[[[[10.7645,59.74915],[10.76469,59.74916],[10.76482,59.74912],[10.76462,59.74907],[10.76461,59.74898],[10.76452,59.74892],[10.76441,59.74892],[10.76451,59.74897],[10.76445,59.74898],[10.76451,59.74904],[10.76448,59.74908],[10.76456,59.74906],[10.76457,59.74914],[10.7645,59.74915]]],[[[10.76446,59.74916],[10.76448,59.74917],[10.76448,59.74916],[10.76446,59.74916]]]]},"properties":{"a":212,"v":-248,"dh":1.17,"pl":0,"sl":1,"c":504}},{"type":"Feature","geometry":{"type":"Polygon","coordinates":[[[10.76312,59.74935],[10.76315,59.74923],[10.76309,59.74918],[10.763,59.74917],[10.76292,59.74925],[10.76303,59.74935],[10.76312,59.74935]]]},"properties":{"a":184,"v":-447,"dh":2.43,"pl":0,"fo":1,"c":505}},{"type":"Feature","geometry":{"type":"MultiPolygon","coordinates":[[[[10.76342,59.74973],[10.76344,59.74972],[10.76342,59.74972],[10.76342,59.74973]]],[[[10.76338,59.7498],[10.76343,59.74975],[10.76337,59.74972],[10.76342,59.74972],[10.76341,59.74969],[10.76328,59.74972],[10.76328,59.74978],[10.76338,59.7498]]],[[[10.76343,59.74982],[10.7635,59.74987],[10.76355,59.74977],[10.76348,59.74975],[10.76346,59.7498],[10.76344,59.74976],[10.76343,59.74982]]]]},"properties":{"a":119,"v":-109,"dh":0.91,"pl":0,"sl":1,"c":506}},{"type":"Feature","geometry":{"type":"MultiPolygon","coordinates":[[[[10.7632,59.75014],[10.76328,59.75011],[10.76322,59.74991],[10.76319,59.74991],[10.76323,59.75005],[10.76306,59.74995],[10.7632,59.75014]]],[[[10.76322,59.75015],[10.76322,59.75018],[10.76325,59.75018],[10.76322,59.75015]]]]},"properties":{"a":119,"v":-108,"dh":0.91,"pl":0,"sl":1,"c":506}},{"type":"Feature","geometry":{"type":"Polygon","coordinates":[[[10.76271,59.75409],[10.76265,59.75401],[10.76238,59.75385],[10.76234,59.75376],[10.76226,59.75372],[10.76229,59.75379],[10.76236,59.75383],[10.76234,59.75387],[10.76271,59.75409]]]},"properties":{"a":113,"v":119,"dh":1.05,"pl":0,"sl":1,"c":507}},{"type":"Feature","geometry":{"type":"MultiPolygon","coordinates":[[[[10.76375,59.75421],[10.76379,59.75423],[10.76386,59.75423],[10.76366,59.75418],[10.76368,59.75422],[10.76375,59.75421]]],[[[10.76406,59.75438],[10.76399,59.75431],[10.76388,59.75434],[10.76384,59.7543],[10.76393,59.75429],[10.7637,59.75422],[10.76388,59.75437],[10.76417,59.75441],[10.76413,59.75437],[10.76411,59.75437],[10.76411,59.75438],[10.76406,59.75438]],[[10.76403,59.75437],[10.76401,59.75436],[10.76403,59.75436],[10.76403,59.75437]],[[10.76401,59.75436],[10.76399,59.75436],[10.76401,59.75436],[10.76401,59.75436]],[[10.76399,59.75436],[10.76397,59.75435],[10.76399,59.75435],[10.76399,59.75436]]],[[[10.76408,59.75436],[10.76411,59.75437],[10.76411,59.75436],[10.76408,59.75436]]]]},"properties":{"a":180,"v":162,"dh":0.9,"pl":0,"sl":1,"c":508}},{"type":"Feature","geometry":{"type":"Polygon","coordinates":[[[10.76474,59.7548],[10.76455,59.75458],[10.76435,59.75449],[10.76467,59.75473],[10.76462,59.75477],[10.76474,59.7548]]]},"properties":{"a":112,"v":109,"dh":0.97,"pl":0,"sl":1,"c":508}},{"type":"Feature","geometry":{"type":"MultiPolygon","coordinates":[[[[10.76437,59.75522],[10.76441,59.75523],[10.76437,59.7552],[10.76437,59.75522]]],[[[10.76441,59.75523],[10.7645,59.75533],[10.76449,59.75538],[10.76459,59.75534],[10.76463,59.75541],[10.76476,59.7554],[10.76492,59.7555],[10.76515,59.75545],[10.76502,59.75541],[10.76506,59.75539],[10.76497,59.75533],[10.76424,59.75512],[10.76393,59.75498],[10.76417,59.75513],[10.76432,59.75514],[10.76414,59.75515],[10.76426,59.75519],[10.76425,59.75522],[10.76433,59.75517],[10.7645,59.75526],[10.76479,59.75531],[10.76484,59.75538],[10.76466,59.75535],[10.76441,59.75523]],[[10.76492,59.75542],[10.76485,59.75544],[10.76485,59.75542],[10.76492,59.75542]],[[10.76492,59.75542],[10.7649,59.75536],[10.76501,59.75542],[10.76492,59.75542]],[[10.76472,59.7554],[10.76467,59.75537],[10.76474,59.75538],[10.76472,59.7554]],[[10.76479,59.75539],[10.76481,59.7554],[10.76479,59.7554],[10.76479,59.75539]],[[10.76452,59.75533],[10.76454,59.75531],[10.76454,59.75533],[10.76452,59.75533]],[[10.76453,59.75526],[10.76455,59.75524],[10.76457,59.75525],[10.76453,59.75526]]]]},"properties":{"a":618,"v":712,"dh":1.15,"pl":0,"fo":1,"c":509}},{"type":"Feature","geometry":{"type":"Polygon","coordinates":[[[10.76462,59.75821],[10.76499,59.75819],[10.76499,59.75817],[10.76462,59.75818],[10.76451,59.75814],[10.76452,59.75807],[10.76447,59.75817],[10.76442,59.75816],[10.76462,59.75821]]]},"properties":{"a":119,"v":-121,"dh":1.02,"pl":0,"sl":1,"c":510}},{"type":"Feature","geometry":{"type":"Polygon","coordinates":[[[10.77151,59.7552],[10.77142,59.75492],[10.77095,59.75502],[10.77108,59.75509],[10.77131,59.75507],[10.77131,59.75514],[10.77151,59.7552]]]},"properties":{"a":459,"v":597,"dh":1.3,"pl":1,"pn":"Fålesloråsen","pd":"2003-11-19","c":268}},{"type":"Feature","geometry":{"type":"MultiPolygon","coordinates":[[[[10.77131,59.75517],[10.7713,59.75518],[10.77131,59.75518],[10.77131,59.75517]]],[[[10.77133,59.7552],[10.77135,59.75524],[10.77124,59.75524],[10.77129,59.75533],[10.77145,59.75536],[10.77148,59.75534],[10.77144,59.75529],[10.77152,59.75531],[10.77144,59.75522],[10.77133,59.7552]]]]},"properties":{"a":168,"v":-188,"dh":1.12,"pl":1,"pn":"Fålesloråsen","pd":"2003-11-19","c":268}},{"type":"Feature","geometry":{"type":"Polygon","coordinates":[[[10.77376,59.7553],[10.77418,59.75521],[10.7742,59.75518],[10.77374,59.75521],[10.77376,59.7553]]]},"properties":{"a":214,"v":-439,"dh":2.05,"pl":1,"pn":"Fålesloråsen","pd":"2003-11-19","c":268}},{"type":"Feature","geometry":{"type":"Polygon","coordinates":[[[10.77182,59.75535],[10.77203,59.75534],[10.772,59.75532],[10.77205,59.75529],[10.77203,59.75524],[10.7718,59.75521],[10.77174,59.75526],[10.77182,59.75535]]]},"properties":{"a":212,"v":-401,"dh":1.89,"pl":1,"pn":"Fålesloråsen","pd":"2003-11-19","c":268}},{"type":"Feature","geometry":{"type":"MultiPolygon","coordinates":[[[[10.77425,59.75522],[10.77436,59.75524],[10.77443,59.75514],[10.77432,59.75516],[10.77425,59.75522]]],[[[10.77423,59.75521],[10.77422,59.75522],[10.77423,59.75522],[10.77423,59.75521]]],[[[10.77422,59.75522],[10.77378,59.75533],[10.77378,59.75536],[10.7738,59.75538],[10.77389,59.75539],[10.77382,59.75536],[10.77412,59.75532],[10.77419,59.75534],[10.77416,59.75541],[10.77439,59.75541],[10.77438,59.75533],[10.77418,59.75527],[10.77422,59.75522]]]]},"properties":{"a":377,"v":441,"dh":1.17,"pl":1,"pn":"Fålesloråsen","pd":"2003-11-19","c":268}},{"type":"Feature","geometry":{"type":"Polygon","coordinates":[[[10.77158,59.75559],[10.7715,59.75537],[10.77136,59.7554],[10.77125,59.75535],[10.77121,59.75526],[10.77112,59.75525],[10.77124,59.75521],[10.77119,59.75515],[10.77094,59.75518],[10.77097,59.75535],[10.77115,59.75541],[10.77134,59.7554],[10.77139,59.75556],[10.77158,59.75559]],[[10.77148,59.75556],[10.77149,59.75554],[10.77149,59.75556],[10.77148,59.75556]]]},"properties":{"a":597,"v":1021,"dh":1.71,"pl":1,"pn":"Fålesloråsen","pd":"2003-11-19","c":268}},{"type":"Feature","geometry":{"type":"Polygon","coordinates":[[[10.7723,59.75564],[10.77299,59.75561],[10.77302,59.75548],[10.7728,59.75545],[10.77271,59.75537],[10.77255,59.75537],[10.77255,59.75541],[10.7727,59.75544],[10.77263,59.7555],[10.77231,59.75547],[10.7723,59.75564]]]},"properties":{"a":803,"v":2034,"dh":2.53,"pl":1,"pn":"Fålesloråsen","pd":"2003-11-19","fo":1,"c":268}},{"type":"Feature","geometry":{"type":"Polygon","coordinates":[[[10.77404,59.75665],[10.77402,59.75657],[10.77406,59.75655],[10.77398,59.75647],[10.77403,59.75634],[10.77399,59.75633],[10.77372,59.75634],[10.77367,59.75639],[10.77339,59.75638],[10.77348,59.75648],[10.77333,59.75653],[10.77347,59.75655],[10.7734,59.75657],[10.77347,59.75659],[10.77345,59.75662],[10.77383,59.75658],[10.77404,59.75665]]]},"properties":{"a":923,"v":1975,"dh":2.14,"pl":1,"pn":"Fålesloråsen","pd":"2003-11-19","c":268}},{"type":"Feature","geometry":{"type":"MultiPolygon","coordinates":[[[[10.77321,59.7588],[10.77312,59.75876],[10.77291,59.75874],[10.77293,59.75879],[10.77307,59.75878],[10.77318,59.75887],[10.77325,59.7589],[10.77331,59.7589],[10.77318,59.75882],[10.77321,59.7588]],[[10.77318,59.75881],[10.77316,59.7588],[10.77318,59.7588],[10.77318,59.75881]]],[[[10.77338,59.75889],[10.7734,59.7589],[10.7734,59.75889],[10.77338,59.75889]]],[[[10.77343,59.75893],[10.77331,59.7589],[10.77324,59.75893],[10.77342,59.75893],[10.77346,59.75901],[10.77356,59.75903],[10.77345,59.75894],[10.77354,59.75895],[10.7735,59.7589],[10.7734,59.7589],[10.77343,59.75893]]]]},"properties":{"a":168,"v":151,"dh":0.9,"pl":1,"pn":"Reguleringsplan for Campingplass ved Seiersten","pd":"2007-05-09","sl":1,"c":511}},{"type":"Feature","geometry":{"type":"Polygon","coordinates":[[[10.77352,59.75919],[10.77341,59.75908],[10.7731,59.75894],[10.77339,59.75911],[10.77332,59.75915],[10.77352,59.75919]]]},"properties":{"a":106,"v":116,"dh":1.1,"pl":0,"sl":1,"c":512}},{"type":"Feature","geometry":{"type":"Polygon","coordinates":[[[10.77428,59.75938],[10.77413,59.75924],[10.77375,59.75914],[10.77404,59.75924],[10.77428,59.75938]]]},"properties":{"a":117,"v":147,"dh":1.26,"pl":1,"pn":"Reguleringsplan for Campingplass ved Seiersten","pd":"2007-05-09","sl":1,"c":511}},{"type":"Feature","geometry":{"type":"MultiPolygon","coordinates":[[[[10.77365,59.75972],[10.77344,59.75969],[10.77313,59.75961],[10.77344,59.75974],[10.77365,59.75972]]],[[[10.77366,59.75973],[10.77367,59.75972],[10.77365,59.75972],[10.77366,59.75973]]]]},"properties":{"a":106,"v":121,"dh":1.14,"pl":0,"sl":1,"c":280}},{"type":"Feature","geometry":{"type":"MultiPolygon","coordinates":[[[[10.77316,59.75941],[10.77321,59.75942],[10.77321,59.75941],[10.77316,59.75941]]],[[[10.77465,59.76005],[10.77469,59.76018],[10.77466,59.76021],[10.77471,59.76024],[10.77466,59.76023],[10.77466,59.76027],[10.77473,59.76027],[10.7748,59.76016],[10.77471,59.7601],[10.77483,59.76012],[10.77481,59.76002],[10.77486,59.76],[10.77434,59.75991],[10.77396,59.75974],[10.77401,59.7597],[10.77363,59.75951],[10.77326,59.75942],[10.77321,59.75944],[10.77332,59.75949],[10.77303,59.75945],[10.77341,59.75955],[10.77351,59.7596],[10.77349,59.75963],[10.77389,59.75977],[10.77378,59.7597],[10.77383,59.75969],[10.77398,59.75981],[10.77427,59.75989],[10.77409,59.7599],[10.77394,59.75983],[10.77406,59.75992],[10.7744,59.76002],[10.77438,59.76004],[10.77465,59.76005]],[[10.7744,59.76003],[10.77442,59.76004],[10.7744,59.76004],[10.7744,59.76003]],[[10.77453,59.76002],[10.77449,59.76002],[10.77452,59.76002],[10.77453,59.76002]],[[10.77449,59.76002],[10.77443,59.76],[10.77449,59.76001],[10.77449,59.76002]],[[10.7748,59.76008],[10.77469,59.76005],[10.77469,59.76003],[10.77479,59.76003],[10.7748,59.76008]],[[10.77443,59.75999],[10.77442,59.75998],[10.77443,59.75998],[10.77443,59.75999]],[[10.77442,59.75998],[10.7744,59.75997],[10.77442,59.75997],[10.77442,59.75998]],[[10.77429,59.75994],[10.77425,59.75995],[10.77425,59.75994],[10.77429,59.75994]],[[10.77365,59.75956],[10.77383,59.75962],[10.77383,59.75965],[10.77365,59.75956]],[[10.77365,59.75956],[10.77359,59.75954],[10.77365,59.75955],[10.77365,59.75956]],[[10.77359,59.75954],[10.77357,59.75953],[10.77359,59.75953],[10.77359,59.75954]],[[10.77358,59.75959],[10.77372,59.75962],[10.77372,59.75964],[10.77363,59.75963],[10.77358,59.75959]],[[10.77359,59.75958],[10.77361,59.75959],[10.77359,59.75959],[10.77359,59.75958]],[[10.77354,59.75959],[10.77352,59.7596],[10.77352,59.75959],[10.77354,59.75959]],[[10.77341,59.75951],[10.77352,59.75955],[10.77358,59.75958],[10.77345,59.75955],[10.77341,59.75951]],[[10.77341,59.75949],[10.77338,59.7595],[10.77337,59.75948],[10.77341,59.75949]]],[[[10.77458,59.76006],[10.7746,59.76007],[10.7746,59.76006],[10.77458,59.76006]]],[[[10.7746,59.76008],[10.77462,59.76007],[10.7746,59.76007],[10.7746,59.76008]]],[[[10.77463,59.76008],[10.77462,59.76009],[10.77464,59.76009],[10.77463,59.76008]]]]},"properties":{"a":1125,"v":1338,"dh":1.19,"pl":0,"fo":1,"c":513}},{"type":"Feature","geometry":{"type":"Polygon","coordinates":[[[10.74113,59.7464],[10.74116,59.74636],[10.74109,59.74625],[10.74082,59.74636],[10.74113,59.7464]]]},"properties":{"a":178,"v":239,"dh":1.34,"pl":0,"fo":1,"c":484}},{"type":"Feature","geometry":{"type":"Polygon","coordinates":[[[10.73039,59.74807],[10.73073,59.74802],[10.73078,59.74794],[10.73044,59.74798],[10.73048,59.74804],[10.73032,59.74801],[10.73039,59.74807]]]},"properties":{"a":185,"v":-185,"dh":1.0,"pl":0,"fo":1,"c":514}},{"type":"Feature","geometry":{"type":"MultiPolygon","coordinates":[[[[10.73561,59.74982],[10.73576,59.74962],[10.7357,59.74957],[10.73576,59.74957],[10.73574,59.74951],[10.73566,59.74947],[10.7356,59.74952],[10.73569,59.74965],[10.73555,59.74976],[10.73556,59.74982],[10.73561,59.74982]],[[10.73561,59.74976],[10.73563,59.74978],[10.73561,59.74978],[10.73561,59.74976]]],[[[10.73558,59.74985],[10.7356,59.74986],[10.73559,59.74985],[10.73558,59.74985]]]]},"properties":{"a":185,"v":253,"dh":1.37,"pl":0,"sl":1,"c":515}},{"type":"Feature","geometry":{"type":"Polygon","coordinates":[[[10.73514,59.75079],[10.73527,59.75071],[10.73521,59.7507],[10.73522,59.75054],[10.73531,59.75054],[10.73529,59.75051],[10.73522,59.75053],[10.73525,59.75042],[10.73521,59.75027],[10.73539,59.75034],[10.73532,59.75041],[10.73541,59.75043],[10.73544,59.75034],[10.73553,59.75032],[10.73553,59.75028],[10.73544,59.75026],[10.73552,59.75019],[10.73547,59.75011],[10.73518,59.75006],[10.73516,59.75041],[10.73513,59.75043],[10.73513,59.75047],[10.73518,59.75048],[10.73511,59.75055],[10.73512,59.75061],[10.73517,59.75063],[10.73512,59.75065],[10.73507,59.75078],[10.73514,59.75079]],[[10.73544,59.75032],[10.73546,59.75031],[10.73546,59.75032],[10.73544,59.75032]],[[10.73543,59.7502],[10.73536,59.75017],[10.73536,59.75013],[10.73543,59.75014],[10.73543,59.7502]]]},"properties":{"a":772,"v":825,"dh":1.07,"pl":0,"fo":1,"c":516}},{"type":"Feature","geometry":{"type":"MultiPolygon","coordinates":[[[[10.73571,59.75032],[10.73569,59.75033],[10.73571,59.75033],[10.73571,59.75032]]],[[[10.73566,59.75048],[10.73568,59.75046],[10.73566,59.75046],[10.73566,59.75048]]],[[[10.73568,59.75046],[10.73577,59.75047],[10.73567,59.75059],[10.73566,59.75068],[10.73581,59.75059],[10.73582,59.75045],[10.73574,59.75033],[10.73566,59.75038],[10.73568,59.75046]],[[10.73571,59.75038],[10.73569,59.75039],[10.73569,59.75039],[10.73571,59.75038]]]]},"properties":{"a":184,"v":223,"dh":1.21,"pl":0,"sl":1,"c":517}},{"type":"Feature","geometry":{"type":"MultiPolygon","coordinates":[[[[10.73575,59.75111],[10.73587,59.75108],[10.73592,59.75102],[10.73586,59.75081],[10.73593,59.75083],[10.73593,59.75074],[10.73585,59.75072],[10.73585,59.75063],[10.73571,59.75073],[10.73582,59.75072],[10.73586,59.75077],[10.73578,59.75077],[10.73572,59.75089],[10.73586,59.75092],[10.73587,59.75097],[10.73581,59.75095],[10.73575,59.75111]],[[10.73582,59.75084],[10.73584,59.75085],[10.73582,59.75085],[10.73582,59.75084]]],[[[10.73573,59.75111],[10.73575,59.75112],[10.73575,59.75111],[10.73573,59.75111]]]]},"properties":{"a":302,"v":328,"dh":1.09,"pl":0,"sl":1,"c":517}},{"type":"Feature","geometry":{"type":"Polygon","coordinates":[[[10.7354,59.75128],[10.73561,59.75112],[10.73555,59.75098],[10.73549,59.75099],[10.73553,59.7511],[10.73549,59.75121],[10.73542,59.75122],[10.7354,59.75128]]]},"properties":{"a":111,"v":138,"dh":1.24,"pl":0,"sl":1,"c":517}},{"type":"Feature","geometry":{"type":"MultiPolygon","coordinates":[[[[10.73637,59.75104],[10.73633,59.75101],[10.73632,59.75104],[10.73637,59.75104]]],[[[10.73637,59.75104],[10.73623,59.7511],[10.73622,59.75128],[10.73626,59.75129],[10.73641,59.75111],[10.73639,59.75108],[10.73649,59.75103],[10.73644,59.75105],[10.73639,59.75105],[10.73639,59.75104],[10.73637,59.75104]],[[10.73634,59.75111],[10.7363,59.75109],[10.73635,59.75108],[10.73634,59.75111]]]]},"properties":{"a":156,"v":-146,"dh":0.94,"pl":0,"sl":1,"c":517}},{"type":"Feature","geometry":{"type":"Polygon","coordinates":[[[10.73633,59.75142],[10.73638,59.75128],[10.73655,59.75109],[10.73641,59.75115],[10.73638,59.75127],[10.73631,59.75129],[10.73624,59.75159],[10.73636,59.75147],[10.73633,59.75142]]]},"properties":{"a":176,"v":-228,"dh":1.3,"pl":0,"sl":1,"c":517}},{"type":"Feature","geometry":{"type":"Polygon","coordinates":[[[10.73354,59.75139],[10.73363,59.75135],[10.73352,59.75129],[10.73337,59.75128],[10.73341,59.75133],[10.73334,59.75133],[10.73329,59.75142],[10.73344,59.7515],[10.73358,59.75143],[10.73354,59.75139]]]},"properties":{"a":268,"v":269,"dh":1.0,"pl":0,"fo":1,"c":518}},{"type":"Feature","geometry":{"type":"Polygon","coordinates":[[[10.73513,59.7515],[10.73524,59.75133],[10.7352,59.75124],[10.7351,59.75122],[10.73514,59.75129],[10.735,59.75142],[10.73499,59.7516],[10.73513,59.7515]],[[10.73502,59.7515],[10.73504,59.75148],[10.73504,59.7515],[10.73502,59.7515]]]},"properties":{"a":259,"v":459,"dh":1.77,"pl":0,"sl":1,"c":517}},{"type":"Feature","geometry":{"type":"Polygon","coordinates":[[[10.73666,59.75184],[10.73672,59.75167],[10.73683,59.75164],[10.73682,59.75158],[10.73672,59.75162],[10.73657,59.75177],[10.73661,59.75184],[10.73666,59.75184]],[[10.7366,59.7518],[10.73662,59.75179],[10.73662,59.7518],[10.7366,59.7518]]]},"properties":{"a":130,"v":-188,"dh":1.44,"pl":0,"sl":1,"c":517}},{"type":"Feature","geometry":{"type":"Polygon","coordinates":[[[10.74162,59.75177],[10.74171,59.75172],[10.74169,59.75169],[10.74183,59.75167],[10.74199,59.75158],[10.74169,59.75164],[10.74155,59.75175],[10.74162,59.75177]]]},"properties":{"a":115,"v":-214,"dh":1.86,"pl":0,"sl":1,"c":519}},{"type":"Feature","geometry":{"type":"MultiPolygon","coordinates":[[[[10.74104,59.7518],[10.74105,59.75179],[10.74103,59.75179],[10.74104,59.7518]]],[[[10.74081,59.7519],[10.74098,59.75179],[10.74119,59.75173],[10.74121,59.7517],[10.74101,59.75172],[10.74079,59.75185],[10.74081,59.7519]]],[[[10.74104,59.7518],[10.74102,59.75181],[10.74104,59.75181],[10.74104,59.7518]]]]},"properties":{"a":115,"v":-233,"dh":2.03,"pl":0,"sl":1,"c":519}},{"type":"Feature","geometry":{"type":"MultiPolygon","coordinates":[[[[10.73645,59.75197],[10.73638,59.75204],[10.73642,59.75204],[10.73673,59.75184],[10.73643,59.75193],[10.73645,59.75197]],[[10.73656,59.75193],[10.73657,59.75191],[10.73661,59.75191],[10.73656,59.75193]]],[[[10.73638,59.75196],[10.73631,59.75202],[10.73631,59.75205],[10.73642,59.75198],[10.73638,59.75196]]]]},"properties":{"a":145,"v":-140,"dh":0.96,"pl":0,"sl":1,"c":517}},{"type":"Feature","geometry":{"type":"Polygon","coordinates":[[[10.73531,59.75219],[10.7353,59.75214],[10.73553,59.75198],[10.73547,59.75194],[10.7355,59.75186],[10.73546,59.75176],[10.73517,59.75195],[10.73514,59.75209],[10.7352,59.75211],[10.7352,59.75217],[10.73531,59.75219]],[[10.73542,59.7519],[10.7354,59.75186],[10.73543,59.75185],[10.73542,59.7519]]]},"properties":{"a":536,"v":597,"dh":1.11,"pl":0,"fo":1,"c":520}},{"type":"Feature","geometry":{"type":"Polygon","coordinates":[[[10.73363,59.75239],[10.73364,59.75234],[10.73411,59.75214],[10.73411,59.7521],[10.73402,59.75209],[10.73405,59.75204],[10.73426,59.75199],[10.73439,59.75203],[10.73472,59.75185],[10.73526,59.7517],[10.73492,59.75167],[10.73398,59.75199],[10.73354,59.75219],[10.7335,59.75234],[10.73363,59.75239]]]},"properties":{"a":1560,"v":2596,"dh":1.66,"pl":0,"fo":1,"c":520}},{"type":"Feature","geometry":{"type":"Polygon","coordinates":[[[10.73291,59.75199],[10.73296,59.75193],[10.73271,59.75195],[10.73268,59.75202],[10.73281,59.75205],[10.73294,59.75224],[10.73313,59.75234],[10.73341,59.75234],[10.73336,59.75232],[10.73337,59.75226],[10.73317,59.75224],[10.73297,59.75214],[10.73296,59.75198],[10.73291,59.75199]],[[10.73291,59.75199],[10.73289,59.752],[10.73289,59.75199],[10.73291,59.75199]],[[10.73325,59.75232],[10.73327,59.7523],[10.73327,59.75232],[10.73325,59.75232]],[[10.73286,59.75208],[10.73288,59.75206],[10.73288,59.75207],[10.73286,59.75208]]]},"properties":{"a":555,"v":559,"dh":1.01,"pl":0,"fo":1,"c":520}},{"type":"Feature","geometry":{"type":"Polygon","coordinates":[[[10.737,59.75229],[10.73737,59.75216],[10.73751,59.75203],[10.73768,59.75204],[10.73775,59.75197],[10.7377,59.75192],[10.73754,59.75193],[10.73708,59.75215],[10.73678,59.75219],[10.73668,59.75217],[10.73663,59.75221],[10.73614,59.75217],[10.73583,59.75207],[10.73577,59.75213],[10.73554,59.75217],[10.73556,59.7522],[10.73595,59.75221],[10.73656,59.7523],[10.737,59.75229]]]},"properties":{"a":1378,"v":2105,"dh":1.53,"pl":0,"fo":1,"c":520}},{"type":"Feature","geometry":{"type":"Polygon","coordinates":[[[10.73344,59.75224],[10.73363,59.75215],[10.73368,59.75211],[10.73335,59.75218],[10.73333,59.75221],[10.73344,59.75224]]]},"properties":{"a":104,"v":-180,"dh":1.73,"pl":0,"fo":1,"c":520}},{"type":"Feature","geometry":{"type":"Polygon","coordinates":[[[10.74904,59.7506],[10.74907,59.75061],[10.74933,59.75037],[10.74937,59.75028],[10.74918,59.75038],[10.74904,59.7506]]]},"properties":{"a":157,"v":-349,"dh":2.22,"pl":0,"sl":1,"c":521}},{"type":"Feature","geometry":{"type":"MultiPolygon","coordinates":[[[[10.7474,59.75398],[10.74729,59.75392],[10.7473,59.75389],[10.7472,59.75386],[10.74727,59.75393],[10.7472,59.75394],[10.74727,59.75395],[10.74729,59.75401],[10.7474,59.75398]]],[[[10.7474,59.75398],[10.74751,59.75405],[10.74749,59.75408],[10.74765,59.75412],[10.74764,59.75416],[10.7478,59.7542],[10.74752,59.75402],[10.74747,59.75399],[10.74743,59.75399],[10.74743,59.75398],[10.7474,59.75398]]]]},"properties":{"a":169,"v":185,"dh":1.09,"pl":0,"sl":1,"c":522}},{"type":"Feature","geometry":{"type":"Polygon","coordinates":[[[10.74855,59.75418],[10.74834,59.75401],[10.74812,59.75391],[10.74844,59.75416],[10.74855,59.75418]]]},"properties":{"a":103,"v":119,"dh":1.16,"pl":0,"fo":1,"c":523}},{"type":"Feature","geometry":{"type":"Polygon","coordinates":[[[10.73764,59.75249],[10.73772,59.75236],[10.7375,59.75236],[10.73749,59.75244],[10.73764,59.75249]]]},"properties":{"a":152,"v":219,"dh":1.44,"pl":0,"fo":1,"c":520}},{"type":"Feature","geometry":{"type":"MultiPolygon","coordinates":[[[[10.7379,59.75268],[10.73798,59.75262],[10.73797,59.75243],[10.73804,59.75232],[10.73793,59.75224],[10.73777,59.75232],[10.73779,59.75236],[10.73772,59.75239],[10.73772,59.75245],[10.73757,59.75262],[10.73759,59.75272],[10.73768,59.75272],[10.7377,59.75277],[10.73785,59.75275],[10.73793,59.75271],[10.7379,59.75268]]],[[[10.73797,59.75269],[10.73798,59.75266],[10.73793,59.75269],[10.73797,59.75269]]]]},"properties":{"a":903,"v":-1879,"dh":2.08,"pl":0,"fo":1,"c":520}},{"type":"Feature","geometry":{"type":"MultiPolygon","coordinates":[[[[10.7361,59.75413],[10.73619,59.75408],[10.73615,59.754],[10.73608,59.75401],[10.73613,59.75404],[10.7361,59.75413]]],[[[10.7361,59.75413],[10.73599,59.75412],[10.73603,59.75414],[10.73595,59.75428],[10.73607,59.75428],[10.7361,59.75413]]]]},"properties":{"a":125,"v":107,"dh":0.86,"pl":0,"sl":1,"c":524}},{"type":"Feature","geometry":{"type":"Polygon","coordinates":[[[10.73619,59.75444],[10.73631,59.75445],[10.73627,59.75432],[10.73632,59.7543],[10.73629,59.75427],[10.73637,59.75419],[10.73637,59.75412],[10.73645,59.75408],[10.73644,59.75404],[10.73652,59.75402],[10.7365,59.75397],[10.7363,59.7541],[10.7362,59.75428],[10.73619,59.75444]]]},"properties":{"a":302,"v":-405,"dh":1.34,"pl":0,"sl":1,"c":524}},{"type":"Feature","geometry":{"type":"MultiPolygon","coordinates":[[[[10.7369,59.75617],[10.73695,59.75602],[10.73686,59.75607],[10.73681,59.75606],[10.73693,59.75598],[10.73692,59.75593],[10.73685,59.75592],[10.73692,59.7559],[10.73694,59.75582],[10.73683,59.7558],[10.7368,59.75585],[10.73671,59.75585],[10.73664,59.756],[10.73675,59.7559],[10.73682,59.75591],[10.73663,59.75614],[10.7367,59.75613],[10.73671,59.75619],[10.73661,59.75629],[10.73664,59.75634],[10.73673,59.75633],[10.73682,59.75624],[10.73676,59.75623],[10.73678,59.7562],[10.73687,59.75621],[10.7369,59.75617]],[[10.73687,59.75618],[10.73688,59.75616],[10.73688,59.75618],[10.73687,59.75618]],[[10.73666,59.75628],[10.73669,59.7563],[10.73666,59.7563],[10.73666,59.75628]],[[10.73678,59.75618],[10.73685,59.75611],[10.73688,59.75613],[10.73678,59.75618]]],[[[10.73668,59.75634],[10.73667,59.75643],[10.7367,59.75643],[10.73679,59.75633],[10.73668,59.75634]]]]},"properties":{"a":583,"v":-679,"dh":1.16,"pl":0,"fo":1,"c":525}},{"type":"Feature","geometry":{"type":"Polygon","coordinates":[[[10.73507,59.75699],[10.73528,59.75679],[10.73524,59.75671],[10.73517,59.75669],[10.73524,59.75665],[10.73522,59.75662],[10.73509,59.75667],[10.73522,59.75674],[10.73512,59.75687],[10.73512,59.7569],[10.73502,59.75697],[10.73507,59.75699]],[[10.73517,59.75683],[10.73521,59.75681],[10.73521,59.75683],[10.73517,59.75683]]]},"properties":{"a":144,"v":149,"dh":1.04,"pl":0,"sl":1,"c":526}},{"type":"Feature","geometry":{"type":"MultiPolygon","coordinates":[[[[10.73666,59.75726],[10.73672,59.7572],[10.7367,59.75712],[10.73675,59.75711],[10.73671,59.75703],[10.73676,59.75693],[10.73668,59.75697],[10.73664,59.75694],[10.73678,59.75685],[10.73676,59.75678],[10.73662,59.75683],[10.7365,59.75702],[10.73664,59.75698],[10.73652,59.75707],[10.73659,59.75706],[10.73654,59.75711],[10.73663,59.75708],[10.73663,59.75712],[10.73654,59.75718],[10.73658,59.75722],[10.73653,59.7573],[10.73655,59.75735],[10.73647,59.7575],[10.73664,59.7574],[10.73666,59.75726]],[[10.73666,59.75709],[10.73668,59.7571],[10.73667,59.7571],[10.73666,59.75709]]],[[[10.73665,59.75741],[10.73668,59.7574],[10.73664,59.7574],[10.73665,59.75741]]]]},"properties":{"a":569,"v":-639,"dh":1.12,"pl":0,"fo":1,"c":525}},{"type":"Feature","geometry":{"type":"Polygon","coordinates":[[[10.73329,59.75793],[10.73368,59.75788],[10.73375,59.7578],[10.73337,59.75777],[10.73338,59.75785],[10.73329,59.75793]]]},"properties":{"a":302,"v":499,"dh":1.65,"pl":0,"fo":1,"c":527}},{"type":"Feature","geometry":{"type":"Polygon","coordinates":[[[10.73374,59.75798],[10.73396,59.75789],[10.73398,59.75782],[10.73389,59.75779],[10.7337,59.7579],[10.73349,59.75794],[10.73361,59.75793],[10.73361,59.75798],[10.73374,59.75798]]]},"properties":{"a":257,"v":-332,"dh":1.29,"pl":0,"fo":1,"c":527}},{"type":"Feature","geometry":{"type":"MultiPolygon","coordinates":[[[[10.73045,59.75295],[10.73051,59.75297],[10.73054,59.75292],[10.73045,59.75295]]],[[[10.73043,59.75297],[10.7303,59.7531],[10.73034,59.75321],[10.73039,59.75323],[10.73043,59.7532],[10.73037,59.75319],[10.73037,59.75307],[10.73043,59.75297]]]]},"properties":{"a":102,"v":154,"dh":1.51,"pl":0,"sl":1,"c":528}},{"type":"Feature","geometry":{"type":"MultiPolygon","coordinates":[[[[10.72944,59.75959],[10.72941,59.7596],[10.72944,59.7596],[10.72944,59.75959]]],[[[10.72939,59.75961],[10.72941,59.7596],[10.72939,59.7596],[10.72939,59.75961]]],[[[10.72946,59.75966],[10.72964,59.75958],[10.72964,59.75956],[10.72941,59.75965],[10.72946,59.75966]]],[[[10.72941,59.75968],[10.72939,59.75961],[10.72923,59.75966],[10.7292,59.7597],[10.72934,59.75967],[10.72936,59.75971],[10.72941,59.75968]]]]},"properties":{"a":106,"v":-118,"dh":1.11,"pl":1,"pn":"Reguleringsplan for et område mellom Nebba brygge og Oppegård grense","pd":"2013-10-09","sl":1,"c":529}},{"type":"Feature","geometry":{"type":"Polygon","coordinates":[[[10.72721,59.76192],[10.72753,59.76193],[10.72753,59.76187],[10.72735,59.76179],[10.72724,59.7618],[10.72717,59.76188],[10.72721,59.76192]]]},"properties":{"a":229,"v":451,"dh":1.97,"pl":1,"pn":"Reguleringsplan for et område mellom Nebba brygge og Oppegård grense","pd":"2013-10-09","fo":1,"c":530}},{"type":"Feature","geometry":{"type":"Polygon","coordinates":[[[10.73674,59.75812],[10.73675,59.75804],[10.73683,59.75796],[10.73704,59.75788],[10.73704,59.75784],[10.73693,59.75778],[10.73684,59.75779],[10.73692,59.75781],[10.73671,59.75795],[10.7367,59.75802],[10.73661,59.75803],[10.73674,59.75812]]]},"properties":{"a":270,"v":-458,"dh":1.69,"pl":0,"sl":1,"c":531}},{"type":"Feature","geometry":{"type":"MultiPolygon","coordinates":[[[[10.73627,59.75811],[10.73625,59.7581],[10.73625,59.75811],[10.73627,59.75811]]],[[[10.73591,59.75825],[10.73587,59.75823],[10.73585,59.75825],[10.73591,59.75825]]],[[[10.73589,59.75837],[10.73578,59.75857],[10.73579,59.75874],[10.73586,59.75877],[10.73586,59.75883],[10.73592,59.7588],[10.73591,59.75874],[10.73586,59.75873],[10.73589,59.75869],[10.73587,59.75855],[10.73616,59.75829],[10.73609,59.75829],[10.73615,59.75819],[10.73621,59.75822],[10.73626,59.75814],[10.73608,59.75814],[10.73609,59.75807],[10.73618,59.758],[10.73632,59.75798],[10.7363,59.75792],[10.73646,59.75792],[10.73651,59.75787],[10.73649,59.75783],[10.7363,59.75789],[10.73621,59.75797],[10.73616,59.75797],[10.73619,59.75792],[10.73612,59.75794],[10.73616,59.75799],[10.7359,59.7582],[10.73599,59.75823],[10.73591,59.75825],[10.73585,59.75829],[10.7358,59.75829],[10.73582,59.75839],[10.73589,59.75837]],[[10.73587,59.75855],[10.73585,59.75853],[10.73587,59.75853],[10.73587,59.75855]],[[10.73621,59.75797],[10.73625,59.75799],[10.73621,59.75799],[10.73621,59.75797]],[[10.73615,59.75817],[10.73613,59.75816],[10.73615,59.75816],[10.73615,59.75817]],[[10.73613,59.75817],[10.73608,59.75819],[10.73608,59.75817],[10.73613,59.75817]],[[10.73584,59.75837],[10.73588,59.75836],[10.73588,59.75837],[10.73584,59.75837]],[[10.73598,59.75835],[10.73603,59.75829],[10.73605,59.75832],[10.73598,59.75835]],[[10.73591,59.75828],[10.73594,59.75831],[10.73587,59.75834],[10.73587,59.75831],[10.73591,59.75828]]]]},"properties":{"a":804,"v":-905,"dh":1.13,"pl":0,"fo":1,"c":525}},{"type":"Feature","geometry":{"type":"Polygon","coordinates":[[[10.73606,59.75919],[10.73611,59.75915],[10.73604,59.75913],[10.73605,59.75905],[10.736,59.75901],[10.73607,59.75898],[10.73599,59.75891],[10.73616,59.75875],[10.73614,59.75871],[10.73599,59.75882],[10.73594,59.75892],[10.73595,59.75905],[10.73606,59.75919]]]},"properties":{"a":184,"v":-191,"dh":1.04,"pl":0,"sl":1,"c":532}}]}