{"type":"FeatureCollection","features":[{"type":"Feature","geometry":{"type":"Polygon","coordinates":[[[10.95622,59.91161],[10.95599,59.91155],[10.9559,59.91156],[10.95587,59.91159],[10.95589,59.91171],[10.95575,59.91176],[10.95578,59.91257],[10.95626,59.91255],[10.9561,59.91251],[10.95594,59.91233],[10.9559,59.91219],[10.95593,59.9121],[10.95586,59.91207],[10.95589,59.91196],[10.95583,59.91194],[10.95583,59.91189],[10.95588,59.91187],[10.95583,59.91186],[10.95582,59.91182],[10.9559,59.91183],[10.95589,59.91175],[10.95619,59.91166],[10.95622,59.91161]],[[10.95606,59.9116],[10.9561,59.91162],[10.95606,59.91163],[10.95606,59.9116]]]},"properties":{"a":1218,"v":1676,"dh":1.38,"pl":0,"c":0}},{"type":"Feature","geometry":{"type":"Polygon","coordinates":[[[10.95771,59.915],[10.9581,59.91495],[10.9572,59.9148],[10.95707,59.9147],[10.95663,59.91461],[10.95561,59.9145],[10.95534,59.91454],[10.95539,59.91448],[10.95507,59.91448],[10.95516,59.91451],[10.95515,59.91458],[10.95538,59.91464],[10.95535,59.91468],[10.95544,59.91472],[10.95543,59.91479],[10.956,59.91482],[10.95606,59.91485],[10.95603,59.91494],[10.95615,59.91498],[10.95632,59.91499],[10.95628,59.91494],[10.95617,59.91493],[10.9562,59.91488],[10.95658,59.91487],[10.95771,59.915]]]},"properties":{"a":3836,"v":7860,"dh":2.05,"pl":1,"pn":"Masserud gård","pd":"2013-06-26","c":1}},{"type":"Feature","geometry":{"type":"Polygon","coordinates":[[[10.95621,59.9151],[10.95628,59.91504],[10.9561,59.91506],[10.95594,59.91498],[10.95594,59.91492],[10.95602,59.91491],[10.95595,59.91484],[10.95563,59.91483],[10.95576,59.91492],[10.95567,59.91496],[10.95573,59.9151],[10.95603,59.91506],[10.95621,59.9151]]]},"properties":{"a":518,"v":-556,"dh":1.07,"pl":1,"pn":"Masserud gård","pd":"2013-06-26","c":1}},{"type":"Feature","geometry":{"type":"Polygon","coordinates":[[[10.95514,59.91511],[10.95543,59.91507],[10.95555,59.91508],[10.95556,59.91496],[10.95531,59.91499],[10.9552,59.91495],[10.95514,59.91511]]]},"properties":{"a":302,"v":-360,"dh":1.19,"pl":1,"pn":"Masserud gård","pd":"2013-06-26","c":1}},{"type":"Feature","geometry":{"type":"Polygon","coordinates":[[[10.9545,59.91521],[10.95472,59.91519],[10.95457,59.9151],[10.9546,59.91506],[10.95453,59.91506],[10.9545,59.91521]]]},"properties":{"a":127,"v":-139,"dh":1.1,"pl":1,"pn":"Berger","pd":"1988-12-14","c":2}},{"type":"Feature","geometry":{"type":"Polygon","coordinates":[[[10.95574,59.91526],[10.95642,59.91527],[10.95642,59.91519],[10.95615,59.91515],[10.9562,59.91513],[10.95616,59.91511],[10.95596,59.91509],[10.95572,59.91515],[10.95568,59.91505],[10.95546,59.91511],[10.95547,59.91515],[10.95561,59.91514],[10.95561,59.91518],[10.95554,59.91521],[10.95576,59.9152],[10.95574,59.91526]]]},"properties":{"a":735,"v":834,"dh":1.13,"pl":1,"pn":"Masserud gård","pd":"2013-06-26","c":1}},{"type":"Feature","geometry":{"type":"Polygon","coordinates":[[[10.95534,59.91539],[10.95564,59.9153],[10.95563,59.91524],[10.95507,59.91533],[10.95534,59.91539]]]},"properties":{"a":287,"v":297,"dh":1.04,"pl":1,"pn":"Masserud gård","pd":"2013-06-26","c":1}},{"type":"Feature","geometry":{"type":"Polygon","coordinates":[[[10.95536,59.91555],[10.95547,59.91551],[10.95552,59.91545],[10.95522,59.91547],[10.95524,59.91554],[10.95536,59.91555]]]},"properties":{"a":139,"v":199,"dh":1.43,"pl":1,"pn":"Masserud gård","pd":"2013-06-26","c":1}},{"type":"Feature","geometry":{"type":"Polygon","coordinates":[[[10.95524,59.91614],[10.95556,59.91613],[10.95554,59.91638],[10.95574,59.91645],[10.95571,59.91652],[10.95593,59.91658],[10.95646,59.91655],[10.95672,59.91637],[10.95685,59.91639],[10.9567,59.91629],[10.9565,59.9163],[10.95646,59.9162],[10.95667,59.91615],[10.9564,59.91589],[10.95642,59.91581],[10.95656,59.91578],[10.95641,59.9156],[10.95608,59.91554],[10.95609,59.9155],[10.95626,59.91554],[10.95622,59.91549],[10.95633,59.91548],[10.95632,59.91545],[10.95622,59.91542],[10.95598,59.91544],[10.95599,59.9155],[10.9558,59.91564],[10.95537,59.91565],[10.95535,59.91588],[10.95519,59.91598],[10.95514,59.91607],[10.95524,59.91614]],[[10.95534,59.91613],[10.95536,59.91612],[10.95536,59.91613],[10.95534,59.91613]],[[10.95606,59.91586],[10.9561,59.91581],[10.95613,59.91581],[10.95606,59.91586]]]},"properties":{"a":6768,"v":-11512,"dh":1.7,"pl":1,"pn":"Skårer syd","pd":"2014-06-25","c":3}},{"type":"Feature","geometry":{"type":"MultiPolygon","coordinates":[[[[10.95464,59.91598],[10.95461,59.91602],[10.95471,59.91606],[10.95477,59.91603],[10.95469,59.91592],[10.9546,59.91592],[10.95458,59.91598],[10.95464,59.91598]],[[10.95469,59.91602],[10.95471,59.91603],[10.9547,59.91603],[10.95469,59.91602]],[[10.95462,59.91596],[10.95464,59.91597],[10.95462,59.91597],[10.95462,59.91596]]],[[[10.95424,59.91619],[10.95431,59.91623],[10.95434,59.91633],[10.95442,59.91628],[10.95437,59.91626],[10.95449,59.91625],[10.95454,59.91617],[10.9545,59.91611],[10.95459,59.91606],[10.95458,59.91598],[10.95452,59.91602],[10.95448,59.91601],[10.95449,59.91592],[10.95428,59.91595],[10.95429,59.91579],[10.95418,59.91576],[10.95413,59.91622],[10.95418,59.91616],[10.95429,59.91615],[10.95424,59.91619]],[[10.95451,59.91618],[10.95449,59.91618],[10.95449,59.91618],[10.95451,59.91618]],[[10.95449,59.91616],[10.95447,59.91617],[10.95447,59.91616],[10.95449,59.91616]],[[10.9542,59.9161],[10.95418,59.91611],[10.95418,59.9161],[10.9542,59.9161]],[[10.95431,59.91609],[10.95429,59.91611],[10.95429,59.91609],[10.95431,59.91609]],[[10.95444,59.91597],[10.95437,59.91597],[10.95435,59.91599],[10.95435,59.91596],[10.95444,59.91597]]],[[[10.95422,59.91618],[10.95424,59.91619],[10.95424,59.91618],[10.95422,59.91618]]]]},"properties":{"a":916,"v":-779,"dh":0.85,"pl":1,"pn":"Skårer syd","pd":"2014-06-25","c":3}},{"type":"Feature","geometry":{"type":"MultiPolygon","coordinates":[[[[10.95789,59.91049],[10.95793,59.91049],[10.95787,59.91043],[10.95791,59.91041],[10.95778,59.91041],[10.95782,59.91039],[10.95776,59.91035],[10.95756,59.91031],[10.95761,59.91054],[10.95793,59.91052],[10.95789,59.91049]]],[[[10.95795,59.91051],[10.95793,59.9105],[10.95793,59.91051],[10.95795,59.91051]]]]},"properties":{"a":355,"v":340,"dh":0.96,"pl":1,"pn":"Losbyveien 52 og del av Finstad, 98/3","pd":"1975-10-20","sh":1,"c":4}},{"type":"Feature","geometry":{"type":"Polygon","coordinates":[[[10.95748,59.91192],[10.95749,59.91183],[10.95756,59.91184],[10.95754,59.91178],[10.95715,59.9118],[10.95733,59.91187],[10.95731,59.91189],[10.95748,59.91192]]]},"properties":{"a":211,"v":244,"dh":1.16,"pl":0,"c":5}},{"type":"Feature","geometry":{"type":"Polygon","coordinates":[[[10.95862,59.91196],[10.95871,59.91193],[10.95869,59.91184],[10.9584,59.91186],[10.95844,59.91191],[10.95862,59.91196]]]},"properties":{"a":169,"v":-280,"dh":1.66,"pl":1,"pn":"Losbyveien 38, 98/28","pd":"1980-05-06","c":6}},{"type":"Feature","geometry":{"type":"MultiPolygon","coordinates":[[[[10.95766,59.91442],[10.95764,59.9144],[10.95764,59.91442],[10.95766,59.91442]]],[[[10.958,59.91451],[10.95735,59.9144],[10.95766,59.91448],[10.958,59.91451]]]]},"properties":{"a":159,"v":172,"dh":1.08,"pl":1,"pn":"Nordjordet - eldreboliger","pd":"1988-08-24","c":7}},{"type":"Feature","geometry":{"type":"Polygon","coordinates":[[[10.95848,59.91495],[10.95858,59.91487],[10.95861,59.91452],[10.95843,59.91452],[10.95845,59.91456],[10.95854,59.91456],[10.95852,59.91469],[10.95843,59.91474],[10.95842,59.91481],[10.95827,59.91484],[10.95832,59.91493],[10.95848,59.91495]]]},"properties":{"a":439,"v":606,"dh":1.38,"pl":1,"pn":"Losbyveien - gang-/sykkelvei","pd":"2020-09-16","c":8}},{"type":"Feature","geometry":{"type":"MultiPolygon","coordinates":[[[[10.95901,59.91485],[10.95899,59.91484],[10.95895,59.91485],[10.95901,59.91485]]],[[[10.95901,59.91485],[10.95896,59.91494],[10.95911,59.91498],[10.95935,59.9149],[10.95927,59.91481],[10.95901,59.91485]]]]},"properties":{"a":272,"v":263,"dh":0.97,"pl":1,"pn":"Losbyveien - gang-/sykkelvei","pd":"2020-09-16","sh":1,"c":8}},{"type":"Feature","geometry":{"type":"Polygon","coordinates":[[[10.9573,59.915],[10.95699,59.91493],[10.95647,59.91492],[10.95653,59.91499],[10.95666,59.915],[10.9573,59.915]]]},"properties":{"a":271,"v":-475,"dh":1.75,"pl":1,"pn":"Masserud gård","pd":"2013-06-26","c":1}},{"type":"Feature","geometry":{"type":"MultiPolygon","coordinates":[[[[10.95681,59.91583],[10.95665,59.91586],[10.95666,59.91593],[10.95674,59.91605],[10.95683,59.91608],[10.95689,59.91595],[10.95688,59.9158],[10.95692,59.91579],[10.95691,59.91574],[10.95686,59.91572],[10.95696,59.91567],[10.957,59.91546],[10.95641,59.91537],[10.95663,59.91553],[10.95683,59.91557],[10.95669,59.91561],[10.95685,59.91578],[10.95681,59.91583]],[[10.95685,59.91558],[10.95687,59.91559],[10.95685,59.91559],[10.95685,59.91558]],[[10.95692,59.91552],[10.95683,59.91549],[10.95692,59.91548],[10.95692,59.91552]]],[[[10.95674,59.91579],[10.95672,59.91582],[10.95674,59.91582],[10.95674,59.91579]]]]},"properties":{"a":851,"v":852,"dh":1.0,"pl":1,"pn":"Masserud gård","pd":"2013-06-26","c":1}},{"type":"Feature","geometry":{"type":"Polygon","coordinates":[[[10.95826,59.9167],[10.95831,59.91634],[10.95797,59.91633],[10.95796,59.91656],[10.95825,59.91656],[10.95821,59.9167],[10.95826,59.9167]],[[10.95826,59.91644],[10.95824,59.91645],[10.95824,59.91644],[10.95826,59.91644]],[[10.95826,59.91644],[10.95828,59.91642],[10.95828,59.91644],[10.95826,59.91644]],[[10.95826,59.91638],[10.95828,59.91637],[10.95828,59.91638],[10.95826,59.91638]]]},"properties":{"a":534,"v":638,"dh":1.2,"pl":0,"c":9}},{"type":"Feature","geometry":{"type":"Polygon","coordinates":[[[10.95987,59.918],[10.95987,59.91796],[10.95971,59.91794],[10.9597,59.91785],[10.95984,59.91777],[10.9598,59.91762],[10.95913,59.91776],[10.95917,59.91784],[10.95987,59.918]]]},"properties":{"a":884,"v":-1439,"dh":1.63,"pl":1,"pn":"Løkenåsveien 45 og Gamleveien 104 m.fl.","pd":"2018-04-25","c":10}},{"type":"Feature","geometry":{"type":"Polygon","coordinates":[[[10.95424,59.91742],[10.95501,59.91742],[10.95503,59.91738],[10.955,59.91703],[10.95491,59.91691],[10.95435,59.91684],[10.95436,59.9168],[10.95423,59.91671],[10.95409,59.91673],[10.95404,59.91699],[10.95422,59.91703],[10.95439,59.91715],[10.95412,59.9172],[10.95409,59.91725],[10.954,59.91725],[10.95398,59.91732],[10.95415,59.91732],[10.95424,59.91742]]]},"properties":{"a":3075,"v":-10629,"dh":3.46,"pl":1,"pn":"Skårer syd","pd":"2014-06-25","c":3}},{"type":"Feature","geometry":{"type":"MultiPolygon","coordinates":[[[[10.95701,59.9167],[10.95699,59.91673],[10.95701,59.91673],[10.95701,59.9167]]],[[[10.95438,59.91683],[10.95437,59.91684],[10.95439,59.91684],[10.95438,59.91683]]],[[[10.95449,59.91682],[10.95493,59.91691],[10.95497,59.91702],[10.95502,59.91703],[10.95501,59.91716],[10.95505,59.91719],[10.955,59.9173],[10.95504,59.91738],[10.95501,59.91743],[10.95483,59.91744],[10.95459,59.91756],[10.95437,59.91749],[10.95438,59.91743],[10.95433,59.91744],[10.9543,59.91749],[10.95433,59.91781],[10.9546,59.91777],[10.95475,59.91782],[10.9548,59.91778],[10.95491,59.91785],[10.95491,59.91791],[10.95502,59.91788],[10.95502,59.91794],[10.95511,59.91795],[10.95538,59.9179],[10.95543,59.91783],[10.95538,59.91772],[10.95555,59.9177],[10.95556,59.91796],[10.95551,59.91798],[10.95551,59.91807],[10.95544,59.91807],[10.95545,59.91816],[10.95552,59.91817],[10.9555,59.9182],[10.95618,59.91819],[10.95686,59.91808],[10.95692,59.91802],[10.957,59.91806],[10.95703,59.91802],[10.95712,59.91802],[10.95703,59.91806],[10.95711,59.91808],[10.95702,59.91809],[10.95709,59.9181],[10.95728,59.91806],[10.95723,59.91803],[10.95735,59.91797],[10.9577,59.9179],[10.95777,59.91779],[10.95798,59.91773],[10.958,59.91752],[10.95787,59.91742],[10.95756,59.91735],[10.95771,59.91735],[10.9577,59.9173],[10.95793,59.91726],[10.95798,59.91718],[10.95811,59.91718],[10.95806,59.91691],[10.95789,59.91684],[10.95777,59.9169],[10.95776,59.91678],[10.95753,59.9168],[10.95755,59.91673],[10.95747,59.9167],[10.95751,59.91668],[10.95747,59.91664],[10.95754,59.91659],[10.95745,59.91655],[10.95727,59.91655],[10.957,59.91664],[10.95709,59.91666],[10.95704,59.91669],[10.95707,59.91678],[10.95715,59.91679],[10.95723,59.91689],[10.95722,59.91693],[10.95715,59.91694],[10.95695,59.91689],[10.95691,59.91681],[10.95685,59.91681],[10.95685,59.91675],[10.95694,59.91674],[10.95699,59.91668],[10.95684,59.91668],[10.9569,59.91669],[10.95687,59.91673],[10.95686,59.9167],[10.95665,59.91669],[10.95669,59.91672],[10.95662,59.91674],[10.95647,59.91668],[10.95647,59.91662],[10.95631,59.91667],[10.95616,59.91662],[10.95589,59.91662],[10.95579,59.9167],[10.95566,59.91669],[10.95557,59.91663],[10.95551,59.9165],[10.95552,59.91643],[10.95545,59.91643],[10.95546,59.91627],[10.95525,59.91635],[10.95517,59.9165],[10.95513,59.91644],[10.95499,59.91645],[10.95492,59.9165],[10.95502,59.91639],[10.95511,59.91638],[10.95505,59.91636],[10.95505,59.91621],[10.95496,59.91624],[10.95498,59.91634],[10.95487,59.9163],[10.95474,59.91643],[10.95468,59.91642],[10.95442,59.91653],[10.95438,59.91683],[10.95449,59.91682]],[[10.95723,59.91803],[10.95721,59.91802],[10.95723,59.91802],[10.95723,59.91803]],[[10.95442,59.91681],[10.95442,59.9168],[10.95446,59.91681],[10.95442,59.91681]],[[10.95762,59.91708],[10.95769,59.91708],[10.95768,59.9172],[10.95762,59.91717],[10.95762,59.91708]],[[10.95519,59.91708],[10.95526,59.91712],[10.95519,59.91714],[10.95519,59.91708]],[[10.95679,59.9169],[10.95634,59.91691],[10.95669,59.91685],[10.95679,59.9169]]],[[[10.957,59.91811],[10.95702,59.9181],[10.957,59.9181],[10.957,59.91811]]]]},"properties":{"a":28495,"v":85536,"dh":3.0,"pl":1,"pn":"Skårer syd","pd":"2014-06-25","c":3}},{"type":"Feature","geometry":{"type":"Polygon","coordinates":[[[10.95417,59.91749],[10.95429,59.91743],[10.95406,59.91738],[10.95397,59.9174],[10.95398,59.91749],[10.95417,59.91749]]]},"properties":{"a":154,"v":145,"dh":0.94,"pl":1,"pn":"Skårer syd","pd":"2014-06-25","sh":1,"c":3}},{"type":"Feature","geometry":{"type":"Polygon","coordinates":[[[10.95388,59.91824],[10.95438,59.91825],[10.95436,59.91816],[10.95453,59.91807],[10.95458,59.91794],[10.9543,59.91781],[10.95426,59.91768],[10.95416,59.9176],[10.95395,59.91758],[10.95388,59.91824]]]},"properties":{"a":1969,"v":-7474,"dh":3.8,"pl":1,"pn":"Skårer syd","pd":"2014-06-25","c":3}},{"type":"Feature","geometry":{"type":"Polygon","coordinates":[[[10.95518,59.91885],[10.95523,59.91872],[10.95519,59.91867],[10.95531,59.91859],[10.95545,59.91859],[10.95548,59.9185],[10.95524,59.91855],[10.95503,59.91868],[10.95517,59.91871],[10.95515,59.91883],[10.95518,59.91885]]]},"properties":{"a":227,"v":-254,"dh":1.12,"pl":1,"pn":"Skårer syd","pd":"2014-06-25","c":3}},{"type":"Feature","geometry":{"type":"Polygon","coordinates":[[[10.95505,59.91894],[10.95496,59.91901],[10.95496,59.91909],[10.95509,59.91907],[10.95507,59.91914],[10.95497,59.9192],[10.95497,59.91924],[10.95505,59.91926],[10.95501,59.91931],[10.95507,59.91938],[10.955,59.91946],[10.95502,59.9195],[10.95506,59.91943],[10.95514,59.91941],[10.95509,59.91939],[10.95514,59.91936],[10.9551,59.91933],[10.95515,59.91926],[10.95511,59.91909],[10.95516,59.91905],[10.95515,59.91893],[10.95511,59.91906],[10.95503,59.91902],[10.95505,59.91894]]]},"properties":{"a":315,"v":-273,"dh":0.87,"pl":1,"pn":"Skårersletta","pd":"2008-02-06","sh":1,"c":11}},{"type":"Feature","geometry":{"type":"Polygon","coordinates":[[[10.95511,59.91976],[10.95513,59.91985],[10.95504,59.91983],[10.95502,59.91979],[10.95509,59.91963],[10.95507,59.9196],[10.95502,59.91973],[10.95495,59.91974],[10.95489,59.91992],[10.95498,59.91996],[10.95495,59.92007],[10.95499,59.92008],[10.95513,59.92007],[10.95516,59.91992],[10.95521,59.9199],[10.95515,59.91983],[10.95519,59.91957],[10.95515,59.91957],[10.95513,59.91971],[10.95516,59.91971],[10.95511,59.91976]],[[10.95513,59.91976],[10.95515,59.91977],[10.95513,59.91977],[10.95513,59.91976]],[[10.95503,59.91993],[10.95502,59.91997],[10.95501,59.91993],[10.95503,59.91993]],[[10.95503,59.91993],[10.95507,59.91991],[10.95507,59.91993],[10.95503,59.91993]]]},"properties":{"a":492,"v":-453,"dh":0.92,"pl":1,"pn":"Skårersletta","pd":"2008-02-06","sh":1,"c":12}},{"type":"Feature","geometry":{"type":"Polygon","coordinates":[[[10.95588,59.91974],[10.95556,59.91978],[10.95555,59.91991],[10.95568,59.91995],[10.9558,59.91991],[10.95582,59.91987],[10.95574,59.91987],[10.95587,59.91982],[10.95588,59.91974]],[[10.95574,59.91978],[10.95576,59.91979],[10.95574,59.91979],[10.95574,59.91978]]]},"properties":{"a":276,"v":209,"dh":0.76,"pl":1,"pn":"Skårer gård og området mellom Skårerveien og Løkenåsveien","pd":"1974-10-15","sh":1,"c":3}},{"type":"Feature","geometry":{"type":"MultiPolygon","coordinates":[[[[10.95486,59.91906],[10.95491,59.91877],[10.95407,59.91874],[10.95401,59.91895],[10.95392,59.91893],[10.95387,59.919],[10.9538,59.91876],[10.95352,59.921],[10.95353,59.9211],[10.95364,59.92114],[10.95358,59.92117],[10.95359,59.92125],[10.95379,59.92125],[10.95392,59.92136],[10.95388,59.92157],[10.95381,59.9216],[10.95381,59.92165],[10.95392,59.92168],[10.95396,59.92182],[10.95407,59.92182],[10.95413,59.92168],[10.95438,59.92165],[10.95443,59.92126],[10.95455,59.92123],[10.95463,59.92107],[10.95471,59.92113],[10.9547,59.9212],[10.95477,59.92119],[10.95475,59.92126],[10.95497,59.92123],[10.95499,59.92111],[10.95494,59.92107],[10.95495,59.92095],[10.9549,59.92097],[10.9549,59.92103],[10.95485,59.92102],[10.95486,59.92091],[10.95495,59.9209],[10.95487,59.92084],[10.95495,59.92072],[10.9549,59.92072],[10.95482,59.92061],[10.95475,59.92062],[10.95475,59.92066],[10.95466,59.92065],[10.95454,59.9207],[10.95439,59.92055],[10.95444,59.92047],[10.95458,59.92044],[10.95464,59.92032],[10.95464,59.92018],[10.95449,59.92022],[10.95448,59.9202],[10.95458,59.92013],[10.95463,59.9198],[10.95473,59.91973],[10.95475,59.91941],[10.95464,59.9194],[10.95466,59.91933],[10.95456,59.91927],[10.95426,59.91925],[10.95429,59.91911],[10.95413,59.91917],[10.95407,59.91907],[10.95446,59.91904],[10.95477,59.9191],[10.95486,59.91906]],[[10.9548,59.9212],[10.95474,59.92112],[10.95484,59.92119],[10.9548,59.9212]],[[10.95433,59.92162],[10.95429,59.92163],[10.95429,59.92162],[10.95433,59.92162]],[[10.95447,59.92105],[10.95446,59.92109],[10.95445,59.92105],[10.95447,59.92105]],[[10.95449,59.92103],[10.95447,59.92104],[10.95447,59.92104],[10.95449,59.92103]],[[10.95467,59.92104],[10.95458,59.921],[10.95468,59.92096],[10.95467,59.92104]],[[10.95462,59.9209],[10.95465,59.92078],[10.9546,59.92075],[10.95467,59.92076],[10.95467,59.92073],[10.95472,59.92072],[10.95472,59.92067],[10.95475,59.92067],[10.95476,59.92078],[10.95471,59.92082],[10.95468,59.92094],[10.95462,59.9209]],[[10.95484,59.92093],[10.95482,59.92094],[10.95482,59.92093],[10.95484,59.92093]],[[10.9548,59.92091],[10.95479,59.92092],[10.95479,59.92091],[10.9548,59.92091]],[[10.95421,59.92057],[10.95419,59.9206],[10.95419,59.92057],[10.95421,59.92057]]],[[[10.95489,59.92063],[10.95492,59.92069],[10.95491,59.92063],[10.95489,59.92063]]],[[[10.95431,59.92167],[10.95433,59.92168],[10.95433,59.92167],[10.95431,59.92167]]]]},"properties":{"a":17056,"v":-40332,"dh":2.36,"pl":1,"pn":"Skårer vest, delområde 8","pd":"2017-02-08","c":3}},{"type":"Feature","geometry":{"type":"MultiPolygon","coordinates":[[[[10.95481,59.92018],[10.95485,59.92019],[10.95485,59.92018],[10.95481,59.92018]]],[[[10.95485,59.92017],[10.95494,59.92021],[10.95482,59.92023],[10.9548,59.92028],[10.95486,59.92035],[10.95478,59.92043],[10.9549,59.92044],[10.95485,59.92053],[10.95501,59.9205],[10.95504,59.92062],[10.95509,59.92053],[10.95504,59.92043],[10.95509,59.92038],[10.95507,59.92032],[10.95513,59.92033],[10.95509,59.92029],[10.95514,59.92028],[10.95498,59.92023],[10.95509,59.92023],[10.9551,59.92015],[10.95495,59.92012],[10.95485,59.92017]]]]},"properties":{"a":544,"v":-520,"dh":0.96,"pl":1,"pn":"Skårersletta","pd":"2008-02-06","c":12}},{"type":"Feature","geometry":{"type":"Polygon","coordinates":[[[10.95808,59.91827],[10.95827,59.91805],[10.95843,59.91804],[10.9584,59.91796],[10.95812,59.91804],[10.95814,59.91808],[10.95807,59.9181],[10.95808,59.91827]]]},"properties":{"a":199,"v":195,"dh":0.98,"pl":1,"pn":"Løkenåsveien 45 og Gamleveien 104 m.fl.","pd":"2018-04-25","sh":1,"c":10}},{"type":"Feature","geometry":{"type":"Polygon","coordinates":[[[10.95775,59.91837],[10.9579,59.91827],[10.95793,59.91814],[10.95758,59.9182],[10.95749,59.9183],[10.95775,59.91837]]]},"properties":{"a":372,"v":-424,"dh":1.14,"pl":1,"pn":"Løkenåsveien 45 og Gamleveien 104 m.fl.","pd":"2018-04-25","c":10}},{"type":"Feature","geometry":{"type":"Polygon","coordinates":[[[10.95859,59.91841],[10.95878,59.91825],[10.95903,59.91827],[10.95912,59.9182],[10.95886,59.91817],[10.95855,59.91824],[10.9585,59.91839],[10.95859,59.91841]],[[10.95857,59.91828],[10.95858,59.91827],[10.95858,59.91828],[10.95857,59.91828]]]},"properties":{"a":374,"v":339,"dh":0.91,"pl":1,"pn":"Løkenåsveien 45 og Gamleveien 104 m.fl.","pd":"2018-04-25","sh":1,"c":10}},{"type":"Feature","geometry":{"type":"Polygon","coordinates":[[[10.95816,59.91864],[10.95826,59.91853],[10.95808,59.9185],[10.95794,59.91859],[10.95816,59.91864]]]},"properties":{"a":161,"v":-168,"dh":1.05,"pl":1,"pn":"Området mellom Gamleveien, Løkenåsveien og Skårer gård","pd":"1977-01-20","c":10}},{"type":"Feature","geometry":{"type":"Polygon","coordinates":[[[10.95918,59.92568],[10.95959,59.92567],[10.95966,59.9256],[10.95967,59.92551],[10.95984,59.92559],[10.96019,59.9255],[10.95999,59.92539],[10.95973,59.92532],[10.95969,59.92527],[10.95975,59.92525],[10.95973,59.92522],[10.95962,59.92523],[10.95938,59.92515],[10.95921,59.9252],[10.95937,59.92521],[10.95926,59.92523],[10.95927,59.92529],[10.95898,59.92533],[10.95888,59.9254],[10.95901,59.92558],[10.95918,59.92568]],[[10.95954,59.92547],[10.95956,59.92548],[10.95955,59.92548],[10.95954,59.92547]],[[10.95954,59.92547],[10.95953,59.92546],[10.95954,59.92546],[10.95954,59.92547]],[[10.95953,59.92544],[10.95947,59.92545],[10.95947,59.92542],[10.95953,59.92544]],[[10.95978,59.92547],[10.95965,59.92543],[10.95957,59.92535],[10.95965,59.92535],[10.95978,59.92547]]]},"properties":{"a":2360,"v":-5483,"dh":2.32,"pl":1,"pn":"Solheim senter","pd":"2005-10-19","c":13}},{"type":"Feature","geometry":{"type":"Polygon","coordinates":[[[10.95888,59.92607],[10.95888,59.92596],[10.95882,59.92595],[10.95889,59.92584],[10.95876,59.92584],[10.95871,59.92589],[10.95874,59.92601],[10.95888,59.92607]]]},"properties":{"a":183,"v":-162,"dh":0.89,"pl":1,"pn":"Solheim senter","pd":"2005-10-19","sh":1,"c":13}},{"type":"Feature","geometry":{"type":"Polygon","coordinates":[[[10.95997,59.92653],[10.96019,59.92643],[10.96001,59.92637],[10.96007,59.92617],[10.95994,59.92602],[10.9596,59.92587],[10.95937,59.92587],[10.95928,59.92581],[10.95903,59.92584],[10.9592,59.92594],[10.95913,59.926],[10.95912,59.9261],[10.95997,59.92653]]]},"properties":{"a":2504,"v":-4659,"dh":1.86,"pl":1,"pn":"Lørenskog nye sentrum","pd":"2000-04-18","c":14}},{"type":"Feature","geometry":{"type":"Polygon","coordinates":[[[10.95854,59.9263],[10.95855,59.92623],[10.95846,59.92619],[10.95744,59.92614],[10.95724,59.92617],[10.95712,59.92625],[10.95854,59.9263]]]},"properties":{"a":1003,"v":-1612,"dh":1.61,"pl":1,"pn":"Solheim senter","pd":"2005-10-19","c":13}},{"type":"Feature","geometry":{"type":"Polygon","coordinates":[[[10.95918,59.92653],[10.95924,59.92642],[10.95904,59.92628],[10.95899,59.9263],[10.95892,59.92648],[10.95918,59.92653]]]},"properties":{"a":313,"v":572,"dh":1.83,"pl":1,"pn":"Lørenskog nye sentrum","pd":"2000-04-18","c":14}},{"type":"Feature","geometry":{"type":"Polygon","coordinates":[[[10.95987,59.92669],[10.95928,59.92645],[10.95916,59.92654],[10.95899,59.92694],[10.95892,59.92698],[10.9582,59.92689],[10.95812,59.92684],[10.95814,59.9268],[10.95798,59.92687],[10.95767,59.92683],[10.95769,59.92679],[10.95762,59.92677],[10.95742,59.92676],[10.95737,59.92679],[10.95639,59.92666],[10.956,59.92666],[10.95599,59.92671],[10.95622,59.92673],[10.95615,59.92679],[10.95624,59.92682],[10.95632,59.92697],[10.95624,59.92713],[10.95637,59.92719],[10.95836,59.92745],[10.95881,59.92755],[10.95948,59.92778],[10.96068,59.92774],[10.96155,59.92756],[10.96153,59.92751],[10.96029,59.92689],[10.96004,59.92681],[10.95987,59.92669]],[[10.95987,59.92669],[10.95985,59.9267],[10.95985,59.92669],[10.95987,59.92669]]]},"properties":{"a":22119,"v":-107627,"dh":4.87,"pl":1,"pn":"Lørenskog nye sentrum","pd":"2000-04-18","c":14}},{"type":"Feature","geometry":{"type":"Polygon","coordinates":[[[10.95623,59.92139],[10.95644,59.9213],[10.95646,59.92117],[10.95627,59.92113],[10.95616,59.92118],[10.95612,59.92134],[10.95623,59.92139]]]},"properties":{"a":425,"v":475,"dh":1.12,"pl":1,"pn":"Området mellom Skårerveien og Løkenåsveien nord for Skaarer gård","pd":"1977-03-28","c":15}},{"type":"Feature","geometry":{"type":"Polygon","coordinates":[[[10.95462,59.9215],[10.95489,59.92151],[10.95491,59.92142],[10.95478,59.92143],[10.95462,59.9215]]]},"properties":{"a":128,"v":-206,"dh":1.61,"pl":1,"pn":"Skårersletta","pd":"2008-02-06","c":12}},{"type":"Feature","geometry":{"type":"Polygon","coordinates":[[[10.95653,59.92232],[10.95662,59.92227],[10.95659,59.92212],[10.95654,59.92209],[10.95655,59.92202],[10.9566,59.92201],[10.95658,59.92196],[10.9567,59.9219],[10.95678,59.92173],[10.95703,59.92167],[10.95708,59.9216],[10.95658,59.92155],[10.9562,59.92156],[10.95613,59.92159],[10.9552,59.92153],[10.95499,59.92157],[10.95494,59.92177],[10.95486,59.9219],[10.95484,59.92217],[10.95495,59.92224],[10.95587,59.92232],[10.95653,59.92232]]]},"properties":{"a":8200,"v":27675,"dh":3.38,"pl":1,"pn":"Skårersletta 50","pd":"2016-10-12","c":12}},{"type":"Feature","geometry":{"type":"Polygon","coordinates":[[[10.95367,59.92235],[10.95365,59.92227],[10.9537,59.92223],[10.9537,59.92216],[10.95339,59.92209],[10.95336,59.92228],[10.95367,59.92235]]]},"properties":{"a":395,"v":-408,"dh":1.03,"pl":1,"pn":"Skårer Vest - delområde 5","pd":"2008-05-05","c":3}},{"type":"Feature","geometry":{"type":"Polygon","coordinates":[[[10.95355,59.92276],[10.95365,59.92264],[10.95372,59.92264],[10.95366,59.92251],[10.95352,59.92247],[10.95344,59.9226],[10.95344,59.92269],[10.95348,59.92275],[10.95355,59.92276]]]},"properties":{"a":337,"v":391,"dh":1.16,"pl":1,"pn":"Skårer Vest - delområde 5","pd":"2008-05-05","c":3}},{"type":"Feature","geometry":{"type":"Polygon","coordinates":[[[10.95322,59.92351],[10.95399,59.92351],[10.95415,59.92286],[10.95422,59.92286],[10.95427,59.92274],[10.95431,59.92249],[10.95426,59.92264],[10.95421,59.92266],[10.95423,59.9227],[10.95419,59.9227],[10.95419,59.92264],[10.95393,59.92256],[10.95402,59.92197],[10.95395,59.92197],[10.95393,59.92211],[10.95387,59.92214],[10.95391,59.92217],[10.95383,59.92229],[10.95387,59.92238],[10.95381,59.92261],[10.95373,59.92273],[10.95369,59.92303],[10.95361,59.9231],[10.95368,59.92313],[10.95371,59.92306],[10.95386,59.92306],[10.9539,59.92311],[10.95389,59.92324],[10.9538,59.92332],[10.9533,59.92336],[10.95322,59.92342],[10.95322,59.92351]],[[10.95416,59.92282],[10.95418,59.92281],[10.95418,59.92282],[10.95416,59.92282]]]},"properties":{"a":3032,"v":-4189,"dh":1.38,"pl":1,"pn":"Skårer Vest - delområde 5","pd":"2008-05-05","c":3}},{"type":"Feature","geometry":{"type":"Polygon","coordinates":[[[10.95459,59.92368],[10.95473,59.92368],[10.95473,59.92365],[10.95462,59.92364],[10.95462,59.9235],[10.95447,59.92348],[10.95443,59.92339],[10.95448,59.92329],[10.95459,59.92331],[10.95461,59.92309],[10.95465,59.9231],[10.95463,59.92321],[10.95481,59.92322],[10.95484,59.92331],[10.95566,59.92331],[10.95576,59.92323],[10.95646,59.92326],[10.95647,59.92313],[10.95633,59.9231],[10.95651,59.92311],[10.95666,59.92299],[10.95664,59.92294],[10.95668,59.92293],[10.9566,59.92291],[10.95662,59.92285],[10.95676,59.92278],[10.9568,59.92267],[10.9568,59.92237],[10.95695,59.9218],[10.95686,59.92183],[10.95676,59.92198],[10.95661,59.92207],[10.95669,59.9222],[10.95667,59.9223],[10.95678,59.92234],[10.95675,59.92241],[10.95631,59.92243],[10.95551,59.92234],[10.95483,59.92236],[10.95484,59.92249],[10.95477,59.92253],[10.95476,59.92265],[10.95468,59.92269],[10.95471,59.92242],[10.95461,59.92245],[10.95464,59.92212],[10.95464,59.92205],[10.95458,59.92203],[10.95465,59.92203],[10.9547,59.92183],[10.95464,59.92179],[10.95452,59.92182],[10.95448,59.92187],[10.95458,59.92193],[10.9545,59.92207],[10.95452,59.92218],[10.95447,59.92221],[10.95446,59.92236],[10.95441,59.92237],[10.95436,59.9225],[10.95434,59.92275],[10.95426,59.92288],[10.95425,59.92309],[10.95417,59.92323],[10.95428,59.92333],[10.95426,59.92345],[10.9543,59.92353],[10.95457,59.92358],[10.95428,59.92361],[10.95446,59.92367],[10.95452,59.92367],[10.95452,59.92362],[10.95459,59.92368]],[[10.95448,59.92326],[10.95448,59.92306],[10.95455,59.92299],[10.95453,59.92326],[10.95448,59.92326]],[[10.95586,59.9231],[10.95588,59.92309],[10.95588,59.9231],[10.95586,59.9231]]]},"properties":{"a":14506,"v":-54116,"dh":3.73,"pl":1,"pn":"Skårersletta 50","pd":"2016-10-12","c":12}},{"type":"Feature","geometry":{"type":"Polygon","coordinates":[[[10.95535,59.92379],[10.95544,59.92376],[10.95515,59.92376],[10.95522,59.92372],[10.95516,59.92367],[10.95506,59.92368],[10.95497,59.92374],[10.95535,59.92379]]]},"properties":{"a":149,"v":-178,"dh":1.2,"pl":1,"pn":"Skårersletta","pd":"2008-02-06","c":12}},{"type":"Feature","geometry":{"type":"Polygon","coordinates":[[[10.95451,59.92411],[10.95452,59.92405],[10.95467,59.92407],[10.95484,59.92395],[10.95443,59.92395],[10.95442,59.92409],[10.95451,59.92411]]]},"properties":{"a":281,"v":-357,"dh":1.27,"pl":1,"pn":"Endret plan for Skårersletta","pd":"1969-08-28","c":12}},{"type":"Feature","geometry":{"type":"Polygon","coordinates":[[[10.95446,59.92484],[10.95466,59.9248],[10.95467,59.92475],[10.9544,59.92475],[10.95429,59.9246],[10.95428,59.9245],[10.95424,59.9245],[10.95438,59.92378],[10.95461,59.92379],[10.95429,59.92376],[10.95413,59.92443],[10.95414,59.9245],[10.95421,59.92452],[10.95414,59.92453],[10.95411,59.92459],[10.95428,59.92482],[10.95446,59.92484]]]},"properties":{"a":1023,"v":-3187,"dh":3.12,"pl":1,"pn":"Skårersletta","pd":"2008-02-06","c":12}},{"type":"Feature","geometry":{"type":"Polygon","coordinates":[[[10.9549,59.9246],[10.95489,59.92456],[10.95441,59.92453],[10.95443,59.92458],[10.9549,59.9246]]]},"properties":{"a":155,"v":-401,"dh":2.59,"pl":1,"pn":"Endret plan for Skårersletta","pd":"1969-08-28","c":12}},{"type":"Feature","geometry":{"type":"Polygon","coordinates":[[[10.95476,59.92479],[10.95496,59.92476],[10.95508,59.92477],[10.95513,59.92471],[10.95474,59.92474],[10.95476,59.92479]]]},"properties":{"a":142,"v":112,"dh":0.79,"pl":1,"pn":"Endret plan for Skårersletta","pd":"1969-08-28","sh":1,"c":12}},{"type":"Feature","geometry":{"type":"Polygon","coordinates":[[[10.95404,59.92583],[10.95413,59.92584],[10.95412,59.92576],[10.95419,59.92567],[10.95413,59.9255],[10.95403,59.92573],[10.95404,59.92583]]]},"properties":{"a":186,"v":-214,"dh":1.15,"pl":1,"pn":"Skårersletta","pd":"2008-02-06","c":12}},{"type":"Feature","geometry":{"type":"Polygon","coordinates":[[[10.95709,59.92639],[10.95713,59.92633],[10.957,59.92631],[10.9567,59.92616],[10.95663,59.92603],[10.95636,59.92608],[10.9566,59.92617],[10.95684,59.92637],[10.95709,59.92639]]]},"properties":{"a":498,"v":-1352,"dh":2.71,"pl":1,"pn":"Solheim senter","pd":"2005-10-19","c":13}},{"type":"Feature","geometry":{"type":"Polygon","coordinates":[[[10.95699,59.92649],[10.95704,59.92646],[10.9567,59.92637],[10.95666,59.92639],[10.95672,59.92645],[10.95699,59.92649]]]},"properties":{"a":104,"v":137,"dh":1.32,"pl":1,"pn":"Solheim senter","pd":"2005-10-19","c":13}},{"type":"Feature","geometry":{"type":"Polygon","coordinates":[[[10.95378,59.92693],[10.95392,59.9269],[10.95395,59.92671],[10.954,59.92666],[10.954,59.92638],[10.95391,59.92639],[10.95386,59.92677],[10.95378,59.92686],[10.95378,59.92693]]]},"properties":{"a":362,"v":-427,"dh":1.18,"pl":1,"pn":"Skårersletta","pd":"2008-02-06","c":12}},{"type":"Feature","geometry":{"type":"Polygon","coordinates":[[[10.95381,59.9274],[10.95398,59.92729],[10.95398,59.92727],[10.95385,59.92722],[10.95378,59.9273],[10.95379,59.92736],[10.95373,59.92736],[10.95375,59.9274],[10.95381,59.9274]],[[10.95377,59.92739],[10.95379,59.92738],[10.95379,59.92739],[10.95377,59.92739]]]},"properties":{"a":115,"v":-157,"dh":1.36,"pl":1,"pn":"Skårersletta","pd":"2008-02-06","c":12}},{"type":"Feature","geometry":{"type":"Polygon","coordinates":[[[10.95266,59.92793],[10.95315,59.92785],[10.95324,59.92771],[10.95323,59.92757],[10.95308,59.9275],[10.95296,59.92736],[10.95274,59.92727],[10.95266,59.92793]]]},"properties":{"a":1613,"v":3905,"dh":2.42,"pl":1,"pn":"Lørenskog Sentrum Vest","pd":"2012-10-24","c":16}},{"type":"Feature","geometry":{"type":"Polygon","coordinates":[[[10.95562,59.92784],[10.9556,59.9274],[10.95554,59.92733],[10.95543,59.92733],[10.95532,59.92751],[10.95536,59.92761],[10.95533,59.92768],[10.95538,59.92773],[10.95531,59.92776],[10.95541,59.92782],[10.95562,59.92784]]]},"properties":{"a":741,"v":1681,"dh":2.27,"pl":1,"pn":"Lørenskog nye sentrum","pd":"2000-04-18","c":14}},{"type":"Feature","geometry":{"type":"Polygon","coordinates":[[[10.9564,59.92801],[10.95638,59.92796],[10.95616,59.92791],[10.95602,59.92795],[10.95613,59.92802],[10.9564,59.92801]]]},"properties":{"a":185,"v":-369,"dh":2.0,"pl":1,"pn":"Lørenskog nye sentrum","pd":"2000-04-18","c":14}},{"type":"Feature","geometry":{"type":"Polygon","coordinates":[[[10.95582,59.92784],[10.95581,59.9279],[10.95597,59.92796],[10.95606,59.92789],[10.95618,59.92789],[10.95654,59.928],[10.95896,59.92799],[10.96134,59.92824],[10.96228,59.92819],[10.96239,59.92815],[10.96237,59.92808],[10.96243,59.92794],[10.96255,59.92787],[10.96247,59.92777],[10.96234,59.92774],[10.96243,59.92768],[10.96244,59.92755],[10.96194,59.92746],[10.96166,59.92758],[10.96158,59.92757],[10.96093,59.92777],[10.96035,59.92786],[10.95945,59.92789],[10.9587,59.92754],[10.95621,59.92719],[10.95612,59.92724],[10.95596,59.92726],[10.95591,59.92747],[10.9558,59.92755],[10.9557,59.92756],[10.95579,59.92767],[10.95576,59.92768],[10.95576,59.92782],[10.95582,59.92784]],[[10.95585,59.92781],[10.95584,59.92781],[10.95585,59.92779],[10.95585,59.92781]],[[10.95703,59.92779],[10.95689,59.92773],[10.95708,59.92772],[10.95703,59.92779]]]},"properties":{"a":20880,"v":72953,"dh":3.49,"pl":1,"pn":"Lørenskog nye sentrum","pd":"2000-04-18","c":14}},{"type":"Feature","geometry":{"type":"Polygon","coordinates":[[[10.95847,59.92909],[10.95857,59.92901],[10.9585,59.92892],[10.95856,59.92886],[10.95849,59.92883],[10.95819,59.92887],[10.95815,59.92883],[10.95767,59.92884],[10.95775,59.92878],[10.95808,59.92879],[10.95804,59.92875],[10.95816,59.92872],[10.95814,59.9287],[10.958,59.92873],[10.95789,59.92868],[10.95753,59.92867],[10.95747,59.92878],[10.95759,59.92878],[10.95759,59.92871],[10.9577,59.92871],[10.9577,59.92875],[10.95761,59.92876],[10.95766,59.92878],[10.95765,59.92883],[10.95665,59.92884],[10.95647,59.92892],[10.95648,59.92904],[10.95654,59.92906],[10.95661,59.92905],[10.95655,59.92903],[10.95664,59.92905],[10.9568,59.92899],[10.95732,59.92903],[10.95768,59.92896],[10.95793,59.92898],[10.958,59.92905],[10.95832,59.92893],[10.95841,59.92897],[10.95834,59.92909],[10.95847,59.92909]],[[10.95767,59.92895],[10.95771,59.92891],[10.95773,59.92894],[10.95767,59.92895]]]},"properties":{"a":2534,"v":3676,"dh":1.45,"pl":1,"pn":"Kjenn - felt M","pd":"2006-09-25","c":17}},{"type":"Feature","geometry":{"type":"Polygon","coordinates":[[[10.95831,59.92911],[10.95829,59.92906],[10.95836,59.92903],[10.95837,59.92897],[10.95821,59.92897],[10.9582,59.92911],[10.95831,59.92911]]]},"properties":{"a":125,"v":-169,"dh":1.35,"pl":1,"pn":"Kjenn - felt M","pd":"2006-09-25","c":17}},{"type":"Feature","geometry":{"type":"Polygon","coordinates":[[[10.95942,59.92918],[10.9595,59.92899],[10.95936,59.92898],[10.9594,59.92904],[10.95931,59.92905],[10.95921,59.92895],[10.95903,59.92894],[10.95918,59.92898],[10.95922,59.92908],[10.95942,59.92918]]]},"properties":{"a":237,"v":218,"dh":0.92,"pl":1,"pn":"Kjenn - felt M","pd":"2006-09-25","sh":1,"c":17}},{"type":"Feature","geometry":{"type":"Polygon","coordinates":[[[10.95875,59.92929],[10.95884,59.92922],[10.95883,59.92911],[10.95896,59.92894],[10.95892,59.92887],[10.95871,59.92886],[10.95862,59.9289],[10.95862,59.92918],[10.95857,59.92926],[10.95875,59.92929]]]},"properties":{"a":653,"v":-1249,"dh":1.91,"pl":1,"pn":"Kjenn - felt M","pd":"2006-09-25","c":17}},{"type":"Feature","geometry":{"type":"Polygon","coordinates":[[[10.9581,59.92922],[10.95814,59.92918],[10.95814,59.92901],[10.95799,59.92908],[10.95801,59.9292],[10.9581,59.92922]]]},"properties":{"a":145,"v":-224,"dh":1.54,"pl":1,"pn":"Kjenn - felt M","pd":"2006-09-25","c":17}},{"type":"Feature","geometry":{"type":"MultiPolygon","coordinates":[[[[10.95962,59.92925],[10.95964,59.92917],[10.95976,59.92909],[10.95982,59.92894],[10.95964,59.92893],[10.95955,59.92915],[10.95957,59.92925],[10.95945,59.92928],[10.95962,59.92925]]],[[[10.95959,59.92929],[10.95961,59.92931],[10.95966,59.9293],[10.95966,59.92927],[10.95959,59.92929]]]]},"properties":{"a":317,"v":-354,"dh":1.12,"pl":1,"pn":"Kjenn - felt M","pd":"2006-09-25","c":17}},{"type":"Feature","geometry":{"type":"Polygon","coordinates":[[[10.9585,59.92928],[10.95855,59.92921],[10.95849,59.92913],[10.95828,59.92923],[10.9585,59.92928]]]},"properties":{"a":124,"v":-138,"dh":1.11,"pl":1,"pn":"Kjenn - felt M","pd":"2006-09-25","c":17}},{"type":"Feature","geometry":{"type":"Polygon","coordinates":[[[10.95979,59.92987],[10.95973,59.9298],[10.95973,59.9296],[10.9596,59.9295],[10.95946,59.92953],[10.95932,59.92948],[10.95929,59.9294],[10.95899,59.92935],[10.95893,59.92936],[10.95897,59.9294],[10.95894,59.9294],[10.95868,59.92933],[10.95814,59.92929],[10.95935,59.92952],[10.95937,59.92956],[10.95927,59.92968],[10.95932,59.9298],[10.95979,59.92987]]]},"properties":{"a":1209,"v":-1340,"dh":1.11,"pl":1,"pn":"Kjenn - felt M","pd":"2006-09-25","c":17}},{"type":"Feature","geometry":{"type":"Polygon","coordinates":[[[10.95898,59.92983],[10.9591,59.92979],[10.95916,59.92963],[10.95887,59.92975],[10.95889,59.92981],[10.95898,59.92983]]]},"properties":{"a":196,"v":-193,"dh":0.98,"pl":1,"pn":"Kjenn - felt M","pd":"2006-09-25","sh":1,"c":17}},{"type":"Feature","geometry":{"type":"MultiPolygon","coordinates":[[[[10.96118,59.92717],[10.96109,59.92706],[10.96098,59.92706],[10.96118,59.92717]]],[[[10.9612,59.92717],[10.96118,59.92717],[10.96118,59.92718],[10.9612,59.92718],[10.9612,59.92717]]],[[[10.9612,59.92718],[10.96122,59.92719],[10.96122,59.92718],[10.9612,59.92718]]],[[[10.96122,59.9272],[10.96124,59.92719],[10.96122,59.92719],[10.96122,59.9272]]],[[[10.96124,59.9272],[10.96168,59.92742],[10.96182,59.92738],[10.96218,59.92701],[10.96187,59.92695],[10.96142,59.92718],[10.96124,59.9272]]]]},"properties":{"a":1400,"v":1418,"dh":1.01,"pl":1,"pn":"Lørenskog sentrum - felt B, E og F","pd":"2005-06-29","c":18}},{"type":"Feature","geometry":{"type":"MultiPolygon","coordinates":[[[[10.96262,59.92717],[10.96263,59.92717],[10.96263,59.92717],[10.96262,59.92717]]],[[[10.96265,59.92718],[10.96263,59.92717],[10.96263,59.92718],[10.96265,59.92718]]],[[[10.96265,59.92718],[10.96267,59.92719],[10.96267,59.92718],[10.96265,59.92718]]],[[[10.96322,59.92746],[10.96287,59.92729],[10.9628,59.9272],[10.96267,59.92719],[10.96271,59.92725],[10.96322,59.92746]]],[[[10.96326,59.92748],[10.96324,59.92746],[10.96322,59.92746],[10.96322,59.92748],[10.96326,59.92748]]]]},"properties":{"a":112,"v":-168,"dh":1.5,"pl":1,"pn":"Lørenskog sentrum - felt B, E og F","pd":"2005-06-29","sl":1,"c":18}},{"type":"Feature","geometry":{"type":"MultiPolygon","coordinates":[[[[10.96302,59.92727],[10.96294,59.92721],[10.96291,59.92722],[10.96302,59.92727]]],[[[10.96305,59.92727],[10.96302,59.92727],[10.96302,59.92729],[10.96305,59.92728],[10.96305,59.92727]]],[[[10.96311,59.92729],[10.96305,59.9273],[10.96311,59.92732],[10.96311,59.92729]]],[[[10.96313,59.92734],[10.9634,59.92747],[10.9634,59.9275],[10.96326,59.92749],[10.96326,59.92752],[10.96346,59.92755],[10.96336,59.92741],[10.96313,59.92734]]]]},"properties":{"a":124,"v":-168,"dh":1.36,"pl":1,"pn":"Lørenskog sentrum - felt B, E og F","pd":"2005-06-29","sl":1,"c":18}},{"type":"Feature","geometry":{"type":"Polygon","coordinates":[[[10.96288,59.92748],[10.96259,59.92735],[10.96236,59.92738],[10.9622,59.92747],[10.96288,59.92748]]]},"properties":{"a":351,"v":-383,"dh":1.09,"pl":1,"pn":"Lørenskog sentrum - felt B, E og F","pd":"2005-06-29","c":18}},{"type":"Feature","geometry":{"type":"Polygon","coordinates":[[[10.96211,59.92918],[10.96212,59.92913],[10.96207,59.9291],[10.96221,59.92908],[10.96201,59.92902],[10.9616,59.929],[10.96172,59.92902],[10.96171,59.92907],[10.96165,59.92908],[10.96171,59.92913],[10.96211,59.92918]]]},"properties":{"a":371,"v":438,"dh":1.18,"pl":1,"pn":"Lørenskog sentralområde - Kjenn","pd":"2005-06-01","c":19}},{"type":"Feature","geometry":{"type":"MultiPolygon","coordinates":[[[[10.96007,59.93004],[10.96023,59.93014],[10.96046,59.93014],[10.96042,59.93004],[10.9602,59.92982],[10.96009,59.92963],[10.96065,59.92962],[10.96068,59.92959],[10.96064,59.92955],[10.96054,59.92957],[10.9606,59.92945],[10.96049,59.92939],[10.96085,59.92938],[10.96083,59.92929],[10.96077,59.92927],[10.96091,59.92924],[10.96103,59.92907],[10.96099,59.92901],[10.9612,59.92901],[10.96133,59.92906],[10.96142,59.92902],[10.96046,59.92886],[10.96021,59.92885],[10.96019,59.92883],[10.96033,59.92879],[10.96033,59.92874],[10.96018,59.92868],[10.96006,59.92872],[10.96005,59.92882],[10.95938,59.92879],[10.95944,59.9288],[10.95942,59.92886],[10.95948,59.92892],[10.95967,59.92887],[10.95987,59.92893],[10.9597,59.92924],[10.9597,59.92929],[10.95979,59.92931],[10.95981,59.92938],[10.95978,59.92943],[10.95965,59.92944],[10.95978,59.92947],[10.95975,59.92957],[10.95984,59.9296],[10.95977,59.92964],[10.9598,59.92975],[10.96005,59.92977],[10.96,59.92979],[10.96,59.92987],[10.9599,59.9299],[10.95986,59.92997],[10.96007,59.93004]],[[10.96104,59.92899],[10.96102,59.92899],[10.96104,59.92899],[10.96104,59.92899]],[[10.96004,59.92964],[10.96008,59.92966],[10.96004,59.92966],[10.96004,59.92964]],[[10.95989,59.92958],[10.95991,59.92959],[10.9599,59.92959],[10.95989,59.92958]],[[10.9605,59.92945],[10.96053,59.9295],[10.96046,59.92951],[10.9605,59.92945]],[[10.96053,59.92946],[10.96055,59.92945],[10.96055,59.92946],[10.96053,59.92946]],[[10.96055,59.92946],[10.96057,59.92947],[10.96055,59.92947],[10.96055,59.92946]],[[10.96072,59.9293],[10.96074,59.92927],[10.96075,59.9293],[10.96072,59.9293]],[[10.9606,59.92908],[10.96058,59.92902],[10.96072,59.92901],[10.96072,59.92907],[10.9606,59.92908]],[[10.96081,59.929],[10.96018,59.92894],[10.96018,59.92891],[10.96081,59.929]],[[10.96088,59.92894],[10.9609,59.92895],[10.96088,59.92895],[10.96088,59.92894]],[[10.95996,59.92892],[10.96,59.92893],[10.95996,59.92893],[10.95996,59.92892]],[[10.9605,59.92891],[10.96052,59.92892],[10.9605,59.92892],[10.9605,59.92891]],[[10.95985,59.9289],[10.95989,59.92891],[10.95986,59.92891],[10.95985,59.9289]],[[10.96009,59.92888],[10.9601,59.92889],[10.96009,59.92889],[10.96009,59.92888]],[[10.95992,59.92887],[10.95996,59.92884],[10.95998,59.92887],[10.95992,59.92887]]],[[[10.96005,59.93006],[10.96007,59.93005],[10.96005,59.93005],[10.96005,59.93006]]]]},"properties":{"a":6353,"v":12668,"dh":1.99,"pl":1,"pn":"Lørenskog sentralområde - Kjenn","pd":"2005-06-01","c":19}},{"type":"Feature","geometry":{"type":"Polygon","coordinates":[[[10.96281,59.93011],[10.96293,59.93008],[10.96293,59.93004],[10.96264,59.93007],[10.96281,59.93011]]]},"properties":{"a":106,"v":-112,"dh":1.05,"pl":1,"pn":"Lørenskog sentralområde - Kjenn","pd":"2005-06-01","c":19}},{"type":"Feature","geometry":{"type":"Polygon","coordinates":[[[10.96042,59.93021],[10.96061,59.9302],[10.96064,59.93008],[10.96051,59.93003],[10.96055,59.93014],[10.96042,59.93021]]]},"properties":{"a":143,"v":152,"dh":1.07,"pl":1,"pn":"Kjenn - felt M","pd":"2006-09-25","c":17}},{"type":"Feature","geometry":{"type":"Polygon","coordinates":[[[10.96079,59.93023],[10.96109,59.93013],[10.96122,59.93014],[10.96122,59.93019],[10.96127,59.93019],[10.96136,59.93009],[10.96121,59.93002],[10.96104,59.93011],[10.96089,59.9301],[10.96086,59.93016],[10.96075,59.93013],[10.96083,59.93018],[10.96079,59.93023]]]},"properties":{"a":322,"v":-309,"dh":0.96,"pl":1,"pn":"Kjenn - felt M","pd":"2006-09-25","sh":1,"c":17}},{"type":"Feature","geometry":{"type":"Polygon","coordinates":[[[10.96161,59.93036],[10.96182,59.93035],[10.96178,59.93029],[10.96187,59.93027],[10.96185,59.93024],[10.96169,59.93022],[10.96155,59.93028],[10.96161,59.93036]]]},"properties":{"a":208,"v":-312,"dh":1.5,"pl":1,"pn":"Lørenskog sentralområde - Kjenn","pd":"2005-06-01","c":19}},{"type":"Feature","geometry":{"type":"Polygon","coordinates":[[[10.95651,59.92886],[10.95654,59.92878],[10.95675,59.92882],[10.95677,59.92876],[10.95729,59.92877],[10.95725,59.92872],[10.95732,59.92867],[10.95621,59.92871],[10.95591,59.9288],[10.95599,59.92883],[10.95629,59.92877],[10.95651,59.92886]],[[10.95652,59.92877],[10.95654,59.92876],[10.95654,59.92877],[10.95652,59.92877]],[[10.95643,59.92874],[10.95644,59.92873],[10.95645,59.92874],[10.95643,59.92874]]]},"properties":{"a":807,"v":1069,"dh":1.33,"pl":1,"pn":"Kjenn - felt M","pd":"2006-09-25","c":17}},{"type":"Feature","geometry":{"type":"Polygon","coordinates":[[[10.95644,59.92898],[10.95644,59.92891],[10.95626,59.92889],[10.95625,59.92882],[10.9562,59.9288],[10.95588,59.92885],[10.95585,59.92889],[10.95618,59.92885],[10.95619,59.92892],[10.95632,59.92898],[10.95644,59.92898]]]},"properties":{"a":266,"v":-353,"dh":1.33,"pl":1,"pn":"Kjenn - felt M","pd":"2006-09-25","c":17}},{"type":"Feature","geometry":{"type":"MultiPolygon","coordinates":[[[[10.95455,59.92903],[10.955,59.92906],[10.9551,59.92897],[10.95455,59.92903]]],[[[10.95475,59.92906],[10.95478,59.92907],[10.95478,59.92906],[10.95475,59.92906]]]]},"properties":{"a":184,"v":265,"dh":1.44,"pl":1,"pn":"Kjenn - felt M","pd":"2006-09-25","c":17}},{"type":"Feature","geometry":{"type":"Polygon","coordinates":[[[10.95402,59.92913],[10.95439,59.92912],[10.95441,59.92907],[10.954,59.92909],[10.95402,59.92913]]]},"properties":{"a":144,"v":205,"dh":1.42,"pl":1,"pn":"Kjenn - felt M","pd":"2006-09-25","c":17}},{"type":"Feature","geometry":{"type":"Polygon","coordinates":[[[10.955,59.92918],[10.95611,59.9292],[10.95592,59.9292],[10.95609,59.92916],[10.956,59.92914],[10.95547,59.92913],[10.95551,59.92902],[10.95542,59.92895],[10.95526,59.92896],[10.95526,59.92901],[10.95516,59.92905],[10.95487,59.9291],[10.95509,59.92913],[10.95497,59.92916],[10.955,59.92918]]]},"properties":{"a":860,"v":-898,"dh":1.04,"pl":1,"pn":"Lørenskog sentralområde - Kjenn","pd":"2005-06-01","c":19}},{"type":"Feature","geometry":{"type":"Polygon","coordinates":[[[10.95328,59.92937],[10.95329,59.92933],[10.95319,59.9293],[10.95318,59.92925],[10.95321,59.92917],[10.95335,59.92914],[10.95335,59.92906],[10.95305,59.9291],[10.95305,59.92936],[10.95328,59.92937]]]},"properties":{"a":385,"v":879,"dh":2.28,"pl":1,"pn":"Lørenskog sentralområde - Kjenn","pd":"2005-06-01","c":19}},{"type":"Feature","geometry":{"type":"Polygon","coordinates":[[[10.95332,59.92945],[10.95335,59.92936],[10.95344,59.9293],[10.95379,59.92925],[10.95381,59.92923],[10.95352,59.92924],[10.95356,59.9292],[10.95346,59.92912],[10.9533,59.92916],[10.95323,59.9292],[10.95322,59.92929],[10.95331,59.92929],[10.95329,59.92932],[10.95335,59.92934],[10.95326,59.92942],[10.95332,59.92945]],[[10.9534,59.92924],[10.95349,59.92923],[10.9535,59.92922],[10.95345,59.92926],[10.9534,59.92924]]]},"properties":{"a":367,"v":-385,"dh":1.05,"pl":1,"pn":"Lørenskog sentralområde - Kjenn","pd":"2005-06-01","c":19}},{"type":"Feature","geometry":{"type":"Polygon","coordinates":[[[10.95542,59.92931],[10.95567,59.92928],[10.95567,59.92924],[10.95572,59.92923],[10.95531,59.92922],[10.95542,59.92931]]]},"properties":{"a":127,"v":113,"dh":0.89,"pl":1,"pn":"Lørenskog sentralområde - Kjenn","pd":"2005-06-01","sh":1,"c":19}},{"type":"Feature","geometry":{"type":"Polygon","coordinates":[[[10.95414,59.92938],[10.9542,59.92926],[10.95427,59.92924],[10.954,59.92923],[10.95403,59.92935],[10.95414,59.92938]]]},"properties":{"a":149,"v":151,"dh":1.01,"pl":1,"pn":"Lørenskog sentralområde - Kjenn","pd":"2005-06-01","c":19}},{"type":"Feature","geometry":{"type":"Polygon","coordinates":[[[10.95349,59.92954],[10.95364,59.92948],[10.95395,59.92949],[10.95403,59.92942],[10.95401,59.92939],[10.95391,59.92944],[10.95357,59.92941],[10.95348,59.92949],[10.95349,59.92954]]]},"properties":{"a":222,"v":-295,"dh":1.33,"pl":1,"pn":"Lørenskog sentralområde - Kjenn","pd":"2005-06-01","c":19}},{"type":"Feature","geometry":{"type":"Polygon","coordinates":[[[10.96064,59.93075],[10.96066,59.9307],[10.96075,59.93072],[10.96082,59.93068],[10.96091,59.93046],[10.96068,59.93051],[10.96055,59.93041],[10.96058,59.93035],[10.96037,59.93035],[10.96051,59.93052],[10.9606,59.93055],[10.96057,59.9307],[10.96059,59.93075],[10.96064,59.93075]]]},"properties":{"a":510,"v":-513,"dh":1.01,"pl":1,"pn":"Lørenskog sentralområde - Kjenn","pd":"2005-06-01","c":19}},{"type":"Feature","geometry":{"type":"Polygon","coordinates":[[[10.96159,59.93068],[10.96178,59.93061],[10.96178,59.93056],[10.96167,59.93055],[10.96168,59.93047],[10.96158,59.93046],[10.96155,59.93056],[10.96146,59.93056],[10.96159,59.93068]],[[10.9616,59.9306],[10.96156,59.93058],[10.9616,59.93057],[10.9616,59.9306]]]},"properties":{"a":240,"v":-272,"dh":1.13,"pl":1,"pn":"Lørenskog sentralområde - Kjenn","pd":"2005-06-01","c":19}},{"type":"Feature","geometry":{"type":"MultiPolygon","coordinates":[[[[10.96257,59.93059],[10.96258,59.93058],[10.96257,59.93058],[10.96257,59.93059]]],[[[10.96111,59.93083],[10.96115,59.93091],[10.96123,59.93095],[10.96122,59.93107],[10.96135,59.93124],[10.96152,59.93137],[10.96163,59.93137],[10.96172,59.93134],[10.96162,59.93128],[10.96162,59.93091],[10.96167,59.93084],[10.96204,59.93078],[10.96236,59.93065],[10.96252,59.93064],[10.96251,59.93061],[10.9628,59.93037],[10.96291,59.9304],[10.96316,59.9303],[10.96308,59.93027],[10.96282,59.93034],[10.9631,59.93017],[10.96301,59.93016],[10.96303,59.9302],[10.96298,59.93023],[10.96276,59.93027],[10.96258,59.93013],[10.96223,59.93007],[10.96228,59.93001],[10.9616,59.92997],[10.96159,59.93003],[10.96141,59.93013],[10.96135,59.93023],[10.96169,59.9302],[10.96188,59.93022],[10.96192,59.93028],[10.96172,59.93042],[10.96141,59.93039],[10.96097,59.93057],[10.96091,59.93066],[10.96107,59.93072],[10.961,59.93077],[10.96111,59.93083]],[[10.96145,59.93071],[10.96139,59.93069],[10.9614,59.93052],[10.96156,59.93044],[10.96172,59.93045],[10.96185,59.93055],[10.96185,59.93061],[10.96157,59.93074],[10.96141,59.93076],[10.96145,59.93071]],[[10.96237,59.93058],[10.96232,59.93061],[10.96232,59.93058],[10.96237,59.93058]],[[10.96238,59.93015],[10.96238,59.93012],[10.96242,59.93015],[10.96238,59.93015]]],[[[10.96106,59.93083],[10.96108,59.93082],[10.96106,59.93082],[10.96106,59.93083]]]]},"properties":{"a":6756,"v":11064,"dh":1.64,"pl":1,"pn":"Lørenskog sentralområde - Kjenn","pd":"2005-06-01","c":19}},{"type":"Feature","geometry":{"type":"Polygon","coordinates":[[[10.96229,59.9313],[10.96265,59.93114],[10.96266,59.93094],[10.96257,59.93095],[10.96257,59.93088],[10.96267,59.93084],[10.96267,59.93077],[10.96254,59.93072],[10.96254,59.93068],[10.96222,59.93081],[10.96207,59.93098],[10.96216,59.9312],[10.9623,59.93119],[10.96229,59.9313]]]},"properties":{"a":1486,"v":-2502,"dh":1.68,"pl":1,"pn":"Lørenskog sentralområde - Kjenn","pd":"2005-06-01","c":19}},{"type":"Feature","geometry":{"type":"Polygon","coordinates":[[[10.96191,59.93124],[10.96199,59.93114],[10.96201,59.93088],[10.96178,59.93092],[10.96182,59.93122],[10.96191,59.93124]]]},"properties":{"a":411,"v":-411,"dh":1.0,"pl":1,"pn":"Lørenskog sentralområde - Kjenn","pd":"2005-06-01","c":19}},{"type":"Feature","geometry":{"type":"Polygon","coordinates":[[[10.96061,59.93139],[10.96075,59.93133],[10.96067,59.93127],[10.96057,59.93128],[10.96058,59.9312],[10.9603,59.93122],[10.96021,59.93132],[10.96034,59.93136],[10.96036,59.93142],[10.96045,59.93133],[10.96061,59.93139]],[[10.96061,59.93138],[10.96063,59.93137],[10.96063,59.93138],[10.96061,59.93138]]]},"properties":{"a":415,"v":368,"dh":0.89,"pl":1,"pn":"Området mellom motorveien, Kjennveien og Hasselveien","pd":"1981-02-06","sh":1,"c":20}},{"type":"Feature","geometry":{"type":"Polygon","coordinates":[[[10.96203,59.93143],[10.96222,59.93142],[10.96215,59.93132],[10.96216,59.93127],[10.96207,59.93124],[10.96195,59.93131],[10.96202,59.93132],[10.96203,59.93143]]]},"properties":{"a":192,"v":305,"dh":1.59,"pl":1,"pn":"Lørenskog sentralområde - Kjenn","pd":"2005-06-01","c":19}},{"type":"Feature","geometry":{"type":"MultiPolygon","coordinates":[[[[10.96227,59.93255],[10.96238,59.93255],[10.96241,59.93249],[10.96207,59.93246],[10.96227,59.93255]]],[[[10.96215,59.93254],[10.96218,59.93255],[10.96218,59.93254],[10.96215,59.93254]]]]},"properties":{"a":150,"v":247,"dh":1.65,"pl":1,"pn":"Langvannet vest friområde","pd":"2008-02-06","fo":1,"c":21}},{"type":"Feature","geometry":{"type":"Polygon","coordinates":[[[10.95922,59.9102],[10.95936,59.91012],[10.95931,59.91002],[10.95915,59.90993],[10.95916,59.90986],[10.95893,59.90985],[10.95886,59.9099],[10.95886,59.90998],[10.9591,59.90997],[10.95914,59.91017],[10.95922,59.9102]]]},"properties":{"a":473,"v":531,"dh":1.12,"pl":1,"pn":"Losbyveien 52 og del av Finstad, 98/3","pd":"1975-10-20","c":22}},{"type":"Feature","geometry":{"type":"Polygon","coordinates":[[[10.96106,59.9102],[10.96103,59.91002],[10.9608,59.91002],[10.96078,59.91006],[10.96091,59.91009],[10.96106,59.9102]]]},"properties":{"a":172,"v":181,"dh":1.05,"pl":1,"pn":"Losbyveien 52 og del av Finstad, 98/3","pd":"1975-10-20","c":22}},{"type":"Feature","geometry":{"type":"Polygon","coordinates":[[[10.95942,59.91336],[10.95943,59.91327],[10.95925,59.9132],[10.95927,59.9133],[10.95942,59.91336]]]},"properties":{"a":103,"v":93,"dh":0.9,"pl":1,"pn":"Losbyveien 32 m.m.","pd":"1984-02-01","sh":1,"c":23}},{"type":"Feature","geometry":{"type":"Polygon","coordinates":[[[10.96173,59.91436],[10.96204,59.91431],[10.96205,59.91427],[10.96159,59.91434],[10.96173,59.91436]]]},"properties":{"a":113,"v":-95,"dh":0.84,"pl":1,"pn":"Friområde nedre Finstad","pd":"1982-07-09","sh":1,"c":24}},{"type":"Feature","geometry":{"type":"Polygon","coordinates":[[[10.96231,59.91684],[10.96263,59.91685],[10.96261,59.91682],[10.96231,59.91679],[10.96231,59.91684]]]},"properties":{"a":119,"v":107,"dh":0.9,"pl":1,"pn":"Løken - Sørli","pd":"1971-12-06","sh":1,"c":25}},{"type":"Feature","geometry":{"type":"MultiPolygon","coordinates":[[[[10.96225,59.91819],[10.96253,59.91822],[10.96269,59.91806],[10.96238,59.91805],[10.96224,59.91814],[10.96225,59.91819]]],[[[10.96221,59.91821],[10.96223,59.91822],[10.96223,59.91821],[10.96221,59.91821]]]]},"properties":{"a":283,"v":-300,"dh":1.06,"pl":1,"pn":"Løkenåsveien 45 og Gamleveien 104 m.fl.","pd":"2018-04-25","c":10}},{"type":"Feature","geometry":{"type":"Polygon","coordinates":[[[10.96199,59.91831],[10.96181,59.91842],[10.96178,59.91848],[10.96194,59.91851],[10.96218,59.91825],[10.96199,59.91831]],[[10.96207,59.91831],[10.96208,59.91833],[10.96204,59.91831],[10.96207,59.91831]]]},"properties":{"a":248,"v":-335,"dh":1.35,"pl":1,"pn":"Løkenåsveien 45 og Gamleveien 104 m.fl.","pd":"2018-04-25","c":10}},{"type":"Feature","geometry":{"type":"Polygon","coordinates":[[[10.96214,59.91852],[10.96208,59.91844],[10.96198,59.91853],[10.96176,59.91848],[10.96186,59.91835],[10.96182,59.91825],[10.96173,59.91822],[10.96174,59.91815],[10.96162,59.91821],[10.96082,59.91826],[10.96042,59.91815],[10.96035,59.91823],[10.96033,59.91838],[10.96017,59.91871],[10.96028,59.91877],[10.96026,59.91886],[10.96023,59.9189],[10.96016,59.91888],[10.96013,59.91896],[10.96025,59.91891],[10.96047,59.91871],[10.96058,59.91869],[10.96083,59.91873],[10.96089,59.91879],[10.96085,59.91885],[10.96109,59.91891],[10.96172,59.91895],[10.96201,59.91873],[10.96223,59.91847],[10.96214,59.91852]],[[10.96211,59.91852],[10.96209,59.91853],[10.96209,59.91852],[10.96211,59.91852]],[[10.96026,59.91872],[10.96027,59.91869],[10.96027,59.91872],[10.96026,59.91872]],[[10.9604,59.91841],[10.96039,59.91827],[10.96048,59.91823],[10.9605,59.91839],[10.9604,59.91841]]]},"properties":{"a":6584,"v":12188,"dh":1.85,"pl":1,"pn":"Løkenåsveien 45 og Gamleveien 104 m.fl.","pd":"2018-04-25","c":10}},{"type":"Feature","geometry":{"type":"Polygon","coordinates":[[[10.95957,59.91925],[10.9597,59.91922],[10.95969,59.91914],[10.95953,59.91915],[10.95957,59.91925]]]},"properties":{"a":102,"v":160,"dh":1.57,"pl":1,"pn":"Skårer gård og området mellom Skårerveien og Løkenåsveien","pd":"1974-10-15","c":10}},{"type":"Feature","geometry":{"type":"Polygon","coordinates":[[[10.96113,59.92025],[10.9612,59.92022],[10.96122,59.92014],[10.96142,59.92002],[10.96142,59.91993],[10.96126,59.91993],[10.96113,59.91985],[10.96113,59.91989],[10.961,59.91988],[10.96095,59.91991],[10.96107,59.92],[10.96107,59.92013],[10.96102,59.92022],[10.96113,59.92025]]]},"properties":{"a":606,"v":-794,"dh":1.31,"pl":1,"pn":"Del av Løkenåsen","pd":"1965-05-18","c":26}},{"type":"Feature","geometry":{"type":"Polygon","coordinates":[[[10.96928,59.90864],[10.96933,59.90857],[10.96943,59.90862],[10.96951,59.90854],[10.96937,59.90851],[10.96917,59.90861],[10.96928,59.90864]]]},"properties":{"a":123,"v":119,"dh":0.97,"pl":2,"pn":"Detaljregulering Feiring Bruk Lørenskog","pd":"2025-12-10","sh":1,"c":27}},{"type":"Feature","geometry":{"type":"Polygon","coordinates":[[[10.96642,59.90983],[10.9664,59.90972],[10.96618,59.90971],[10.96624,59.9098],[10.96642,59.90983]]]},"properties":{"a":147,"v":128,"dh":0.87,"pl":0,"sh":1,"c":28}},{"type":"Feature","geometry":{"type":"Polygon","coordinates":[[[10.97156,59.91109],[10.9715,59.91108],[10.9715,59.91102],[10.97157,59.91093],[10.97142,59.91095],[10.97139,59.91106],[10.97149,59.9111],[10.97156,59.91109]]]},"properties":{"a":110,"v":103,"dh":0.94,"pl":0,"sh":1,"c":29}},{"type":"Feature","geometry":{"type":"MultiPolygon","coordinates":[[[[10.96754,59.91661],[10.96757,59.91658],[10.96692,59.91644],[10.96669,59.91649],[10.9668,59.91653],[10.96705,59.91651],[10.96743,59.91657],[10.96743,59.9166],[10.96734,59.91659],[10.96742,59.91671],[10.96754,59.91669],[10.96754,59.91661]],[[10.96689,59.9165],[10.9669,59.91648],[10.96694,59.9165],[10.96689,59.9165]]],[[[10.96759,59.91663],[10.96756,59.91662],[10.96756,59.91664],[10.96759,59.91663]]]]},"properties":{"a":382,"v":302,"dh":0.79,"pl":1,"pn":"Søndre del av Løken","pd":"1977-11-28","sh":1,"c":30}},{"type":"Feature","geometry":{"type":"Polygon","coordinates":[[[10.97025,59.91927],[10.97032,59.91918],[10.97016,59.91913],[10.97005,59.91917],[10.97016,59.91927],[10.97025,59.91927]]]},"properties":{"a":130,"v":-114,"dh":0.87,"pl":0,"sh":1,"c":31}},{"type":"Feature","geometry":{"type":"Polygon","coordinates":[[[10.96806,59.92003],[10.96797,59.91995],[10.96811,59.92],[10.96805,59.91989],[10.96793,59.91986],[10.96796,59.9199],[10.96795,59.91993],[10.96782,59.91989],[10.96792,59.92],[10.96806,59.92003]]]},"properties":{"a":155,"v":172,"dh":1.11,"pl":1,"pn":"Sørlifeltet (del av Sørli, 110/1)","pd":"1961-06-23","fo":1,"c":32}},{"type":"Feature","geometry":{"type":"Polygon","coordinates":[[[10.96746,59.92099],[10.96756,59.92096],[10.96749,59.92092],[10.9675,59.92088],[10.96731,59.92089],[10.96731,59.92094],[10.96746,59.92099]]]},"properties":{"a":113,"v":134,"dh":1.19,"pl":1,"pn":"Sørlifeltet (del av Sørli, 110/1)","pd":"1961-06-23","fo":1,"c":33}},{"type":"Feature","geometry":{"type":"Polygon","coordinates":[[[10.96802,59.92105],[10.96805,59.92099],[10.96799,59.92096],[10.96767,59.92101],[10.96778,59.92105],[10.96802,59.92105]]]},"properties":{"a":141,"v":-176,"dh":1.25,"pl":1,"pn":"Sørlifeltet (del av Sørli, 110/1)","pd":"1961-06-23","c":33}},{"type":"Feature","geometry":{"type":"Polygon","coordinates":[[[10.97302,59.92183],[10.9732,59.92163],[10.97275,59.92152],[10.97261,59.92164],[10.97302,59.92183]]]},"properties":{"a":634,"v":-2014,"dh":3.18,"pl":0,"c":34}},{"type":"Feature","geometry":{"type":"Polygon","coordinates":[[[10.96747,59.92218],[10.96745,59.9221],[10.96793,59.922],[10.96775,59.92175],[10.96756,59.9216],[10.96744,59.92166],[10.9675,59.92178],[10.96749,59.92192],[10.96719,59.92197],[10.96693,59.92209],[10.96693,59.92213],[10.9674,59.92211],[10.96742,59.92217],[10.96747,59.92218]]]},"properties":{"a":1267,"v":2027,"dh":1.6,"pl":2,"pn":"Åsen og Løkenåsen skoler","pd":"2025-10-29","c":35}},{"type":"Feature","geometry":{"type":"Polygon","coordinates":[[[10.96396,59.91446],[10.96417,59.91441],[10.96402,59.91435],[10.96354,59.91433],[10.96356,59.91442],[10.96387,59.91442],[10.96396,59.91446]]]},"properties":{"a":318,"v":-383,"dh":1.2,"pl":1,"pn":"Friområde nedre Finstad","pd":"1982-07-09","c":36}},{"type":"Feature","geometry":{"type":"Polygon","coordinates":[[[10.96526,59.91505],[10.96562,59.91505],[10.9654,59.91501],[10.96536,59.91494],[10.96527,59.9149],[10.96521,59.91498],[10.96526,59.91505]]]},"properties":{"a":187,"v":-166,"dh":0.89,"pl":1,"pn":"Tulipanveien. Gnr 100 bnr 235 m.fl.","pd":"2016-10-12","sh":1,"c":37}},{"type":"Feature","geometry":{"type":"Polygon","coordinates":[[[10.96638,59.91555],[10.96669,59.91553],[10.96682,59.91535],[10.96689,59.91512],[10.96608,59.91492],[10.96537,59.91483],[10.96538,59.91487],[10.96551,59.91494],[10.96592,59.91503],[10.96604,59.91511],[10.9663,59.9151],[10.96636,59.9152],[10.96618,59.9152],[10.96619,59.91525],[10.96612,59.91525],[10.96607,59.91534],[10.96613,59.91542],[10.96638,59.91555]]]},"properties":{"a":2665,"v":3616,"dh":1.36,"pl":1,"pn":"Tulipanveien. Gnr 100 bnr 235 m.fl.","pd":"2016-10-12","c":37}},{"type":"Feature","geometry":{"type":"Polygon","coordinates":[[[10.96598,59.91535],[10.9661,59.91524],[10.96595,59.91522],[10.96606,59.91519],[10.96604,59.91514],[10.96577,59.9151],[10.96575,59.91516],[10.96568,59.91517],[10.96536,59.91512],[10.96532,59.91518],[10.96533,59.91522],[10.96538,59.91523],[10.96533,59.91526],[10.96598,59.91535]]]},"properties":{"a":751,"v":850,"dh":1.13,"pl":1,"pn":"Tulipanveien. Gnr 100 bnr 235 m.fl.","pd":"2016-10-12","c":37}},{"type":"Feature","geometry":{"type":"Polygon","coordinates":[[[10.96368,59.91801],[10.9637,59.91795],[10.96341,59.91787],[10.96326,59.91786],[10.9632,59.91792],[10.96333,59.91799],[10.96347,59.91796],[10.96368,59.91801]]]},"properties":{"a":235,"v":262,"dh":1.11,"pl":1,"pn":"Del av Løkenåsen","pd":"1965-05-18","c":26}},{"type":"Feature","geometry":{"type":"MultiPolygon","coordinates":[[[[10.96312,59.91813],[10.96306,59.91811],[10.96305,59.91813],[10.96312,59.91813]]],[[[10.96301,59.91809],[10.96294,59.91809],[10.96296,59.91815],[10.96287,59.91817],[10.96289,59.91825],[10.96302,59.9183],[10.9632,59.91829],[10.96322,59.91825],[10.96349,59.91827],[10.96355,59.91819],[10.96356,59.91803],[10.96328,59.91805],[10.96312,59.9182],[10.96314,59.91823],[10.96298,59.91821],[10.96298,59.91816],[10.96305,59.91814],[10.96301,59.91809]]]]},"properties":{"a":657,"v":-1447,"dh":2.2,"pl":1,"pn":"Del av Løkenåsen","pd":"1965-05-18","c":26}},{"type":"Feature","geometry":{"type":"Polygon","coordinates":[[[10.96512,59.91866],[10.96536,59.91851],[10.96535,59.91839],[10.96492,59.91829],[10.96492,59.91836],[10.96482,59.91846],[10.96486,59.9185],[10.96472,59.91852],[10.96504,59.91859],[10.96512,59.91866]]]},"properties":{"a":803,"v":1670,"dh":2.08,"pl":1,"pn":"Del av Løkenåsen","pd":"1965-05-18","c":26}},{"type":"Feature","geometry":{"type":"Polygon","coordinates":[[[10.96667,59.91912],[10.96668,59.919],[10.96659,59.91897],[10.96658,59.91889],[10.96595,59.91905],[10.966,59.9191],[10.96613,59.91911],[10.96622,59.91909],[10.96616,59.91901],[10.96634,59.91897],[10.96639,59.91903],[10.96648,59.91902],[10.96652,59.91908],[10.96667,59.91912]]]},"properties":{"a":421,"v":439,"dh":1.04,"pl":1,"pn":"Del av Løkenåsen","pd":"1965-05-18","fo":1,"c":38}},{"type":"Feature","geometry":{"type":"Polygon","coordinates":[[[10.96413,59.91978],[10.96419,59.91968],[10.9643,59.91964],[10.96417,59.9196],[10.964,59.91968],[10.96406,59.91978],[10.96413,59.91978]]]},"properties":{"a":164,"v":189,"dh":1.16,"pl":1,"pn":"Del av Løkenåsen","pd":"1965-05-18","c":26}},{"type":"Feature","geometry":{"type":"Polygon","coordinates":[[[10.96527,59.91978],[10.96549,59.91978],[10.96543,59.91968],[10.96523,59.91971],[10.96527,59.91978]]]},"properties":{"a":141,"v":-212,"dh":1.5,"pl":1,"pn":"Del av Løkenåsen","pd":"1965-05-18","c":26}},{"type":"Feature","geometry":{"type":"Polygon","coordinates":[[[10.96025,59.92069],[10.96047,59.92046],[10.96056,59.92048],[10.96055,59.92039],[10.96045,59.92041],[10.96017,59.92065],[10.96025,59.92069]]]},"properties":{"a":199,"v":216,"dh":1.08,"pl":1,"pn":"Skårertoppen eneboliger, 101/25","pd":"1971-08-24","c":39}},{"type":"Feature","geometry":{"type":"Polygon","coordinates":[[[10.96127,59.921],[10.9613,59.92089],[10.96119,59.92083],[10.96126,59.9208],[10.96122,59.92073],[10.96109,59.92064],[10.96089,59.92072],[10.96085,59.92064],[10.9609,59.92059],[10.9607,59.92055],[10.96073,59.92064],[10.96078,59.92066],[10.96075,59.9208],[10.96084,59.9208],[10.96083,59.92087],[10.96105,59.92089],[10.96116,59.92098],[10.96127,59.921]]]},"properties":{"a":769,"v":-921,"dh":1.2,"pl":1,"pn":"Skårertoppen eneboliger, 101/25","pd":"1971-08-24","c":39}},{"type":"Feature","geometry":{"type":"Polygon","coordinates":[[[10.96295,59.92107],[10.96304,59.92102],[10.96286,59.92098],[10.9628,59.92093],[10.96237,59.92095],[10.96265,59.92106],[10.96281,59.92101],[10.96295,59.92107]]]},"properties":{"a":248,"v":-257,"dh":1.04,"pl":1,"pn":"Del av Løkenåsen","pd":"1965-05-18","c":26}},{"type":"Feature","geometry":{"type":"Polygon","coordinates":[[[10.96198,59.92133],[10.96202,59.92126],[10.96178,59.92115],[10.96175,59.92107],[10.96155,59.92094],[10.96137,59.92091],[10.9613,59.92101],[10.96104,59.92102],[10.96106,59.92106],[10.96122,59.9211],[10.96124,59.92116],[10.96155,59.92123],[10.96152,59.92126],[10.96184,59.92126],[10.96198,59.92133]]]},"properties":{"a":1033,"v":2233,"dh":2.16,"pl":1,"pn":"Skårertoppen eneboliger, 101/25","pd":"1971-08-24","c":39}},{"type":"Feature","geometry":{"type":"MultiPolygon","coordinates":[[[[10.96108,59.92143],[10.96103,59.92155],[10.96113,59.92142],[10.96153,59.92129],[10.96092,59.92115],[10.96089,59.92124],[10.96093,59.92128],[10.96087,59.92132],[10.96109,59.92136],[10.96108,59.92143]]],[[[10.96104,59.92139],[10.96106,59.9214],[10.96106,59.92139],[10.96104,59.92139]]],[[[10.96108,59.9214],[10.96106,59.9214],[10.96106,59.9214],[10.96108,59.9214]]]]},"properties":{"a":614,"v":-881,"dh":1.43,"pl":1,"pn":"Skårertoppen eneboliger, 101/25","pd":"1971-08-24","c":39}},{"type":"Feature","geometry":{"type":"Polygon","coordinates":[[[10.96316,59.9216],[10.96257,59.92133],[10.96243,59.92134],[10.96286,59.92153],[10.96316,59.9216]]]},"properties":{"a":231,"v":-379,"dh":1.64,"pl":2,"pn":"Åsen og Løkenåsen skoler","pd":"2025-10-29","c":35}},{"type":"Feature","geometry":{"type":"Polygon","coordinates":[[[10.96218,59.92282],[10.96223,59.92268],[10.96199,59.92267],[10.96198,59.92276],[10.96218,59.92282]]]},"properties":{"a":186,"v":-197,"dh":1.06,"pl":1,"pn":"Skårertoppen","pd":"1967-07-14","c":40}},{"type":"Feature","geometry":{"type":"Polygon","coordinates":[[[10.9612,59.92524],[10.96128,59.9252],[10.96128,59.92515],[10.96096,59.92516],[10.961,59.92522],[10.9612,59.92524]]]},"properties":{"a":125,"v":219,"dh":1.75,"pl":1,"pn":"Skårertoppen","pd":"1967-07-14","fo":1,"c":41}},{"type":"Feature","geometry":{"type":"Polygon","coordinates":[[[10.96187,59.92607],[10.96186,59.92611],[10.96191,59.92614],[10.962,59.92615],[10.96193,59.92611],[10.96196,59.92609],[10.96192,59.92603],[10.96178,59.92598],[10.96176,59.92606],[10.96182,59.92609],[10.96187,59.92607]],[[10.96182,59.92607],[10.9618,59.92606],[10.96183,59.92605],[10.96182,59.92607]]]},"properties":{"a":103,"v":112,"dh":1.09,"pl":1,"pn":"Lørenskog nye sentrum","pd":"2000-04-18","c":14}},{"type":"Feature","geometry":{"type":"Polygon","coordinates":[[[10.96176,59.92625],[10.96206,59.92619],[10.96205,59.92615],[10.96191,59.92617],[10.96189,59.92612],[10.96165,59.926],[10.9616,59.92595],[10.96163,59.92592],[10.96151,59.92597],[10.96188,59.92615],[10.96176,59.92625]],[[10.9619,59.92621],[10.96188,59.9262],[10.9619,59.9262],[10.9619,59.92621]]]},"properties":{"a":192,"v":-354,"dh":1.84,"pl":1,"pn":"Lørenskog nye sentrum","pd":"2000-04-18","c":14}},{"type":"Feature","geometry":{"type":"Polygon","coordinates":[[[10.96271,59.92001],[10.96287,59.92],[10.96288,59.9199],[10.96276,59.91991],[10.96278,59.91995],[10.96271,59.92001]]]},"properties":{"a":103,"v":-125,"dh":1.22,"pl":1,"pn":"Del av Løkenåsen","pd":"1965-05-18","c":26}},{"type":"Feature","geometry":{"type":"Polygon","coordinates":[[[10.96384,59.92126],[10.96398,59.92124],[10.964,59.92116],[10.96396,59.92114],[10.96414,59.92118],[10.96416,59.92112],[10.96432,59.92112],[10.96427,59.92097],[10.96388,59.92099],[10.96385,59.92103],[10.96356,59.92099],[10.96358,59.9211],[10.96368,59.9212],[10.96384,59.92126]]]},"properties":{"a":897,"v":-1376,"dh":1.53,"pl":1,"pn":"Del av Løkenåsen","pd":"1965-05-18","c":26}},{"type":"Feature","geometry":{"type":"Polygon","coordinates":[[[10.96437,59.92147],[10.96469,59.92143],[10.96471,59.92139],[10.96421,59.92141],[10.96433,59.92142],[10.96437,59.92147]]]},"properties":{"a":171,"v":230,"dh":1.34,"pl":2,"pn":"Åsen og Løkenåsen skoler","pd":"2025-10-29","c":35}},{"type":"Feature","geometry":{"type":"Polygon","coordinates":[[[10.96479,59.92305],[10.9645,59.92279],[10.96459,59.92273],[10.96441,59.92274],[10.9646,59.92297],[10.96479,59.92305]]]},"properties":{"a":143,"v":234,"dh":1.64,"pl":2,"pn":"Åsen og Løkenåsen skoler","pd":"2025-10-29","c":35}},{"type":"Feature","geometry":{"type":"Polygon","coordinates":[[[10.96402,59.92456],[10.964,59.92449],[10.96385,59.92441],[10.96356,59.92431],[10.9637,59.92437],[10.96385,59.92452],[10.96402,59.92456]]]},"properties":{"a":161,"v":173,"dh":1.07,"pl":2,"pn":"Åsen og Løkenåsen skoler","pd":"2025-10-29","c":35}},{"type":"Feature","geometry":{"type":"MultiPolygon","coordinates":[[[[10.96687,59.92534],[10.96709,59.92528],[10.96715,59.92521],[10.96692,59.92523],[10.96703,59.92524],[10.96687,59.92531],[10.96687,59.92534]]],[[[10.96687,59.92536],[10.96686,59.92535],[10.96682,59.92536],[10.96687,59.92536]]],[[[10.96682,59.92537],[10.9667,59.92537],[10.9667,59.92539],[10.96682,59.92537]]]]},"properties":{"a":102,"v":75,"dh":0.74,"pl":2,"pn":"Åsen og Løkenåsen skoler","pd":"2025-10-29","sh":1,"c":35}},{"type":"Feature","geometry":{"type":"Polygon","coordinates":[[[10.96681,59.92577],[10.96715,59.92577],[10.96733,59.92572],[10.96738,59.92566],[10.9675,59.92566],[10.96757,59.9256],[10.96758,59.9255],[10.96741,59.92539],[10.96727,59.92538],[10.96679,59.92548],[10.96676,59.92553],[10.96657,59.92557],[10.9666,59.9256],[10.96652,59.92563],[10.96679,59.9257],[10.96681,59.92577]]]},"properties":{"a":1658,"v":1919,"dh":1.16,"pl":2,"pn":"Åsen og Løkenåsen skoler","pd":"2025-10-29","c":35}},{"type":"Feature","geometry":{"type":"Polygon","coordinates":[[[10.96538,59.92673],[10.96606,59.92669],[10.96589,59.92657],[10.96556,59.9265],[10.96561,59.92639],[10.96585,59.92641],[10.9659,59.92634],[10.96609,59.92627],[10.96603,59.92625],[10.96601,59.92613],[10.96617,59.92607],[10.96616,59.92601],[10.96582,59.92592],[10.96576,59.92583],[10.96584,59.92574],[10.96574,59.92577],[10.96555,59.92561],[10.96533,59.92563],[10.9653,59.92568],[10.96518,59.9257],[10.9652,59.92576],[10.96497,59.9258],[10.96488,59.92587],[10.96483,59.92593],[10.96488,59.92608],[10.96505,59.9262],[10.96518,59.92638],[10.96536,59.92645],[10.9653,59.9265],[10.96535,59.92656],[10.96531,59.92666],[10.96538,59.92673]],[[10.96559,59.92568],[10.9656,59.92567],[10.96561,59.92567],[10.96559,59.92568]]]},"properties":{"a":5198,"v":-37159,"dh":7.15,"pl":1,"pn":"Sentrum øst - gjenvinningsstasjon","pd":"2012-03-07","c":42}},{"type":"Feature","geometry":{"type":"Polygon","coordinates":[[[10.96546,59.92711],[10.96547,59.92707],[10.96562,59.92711],[10.96585,59.92705],[10.96595,59.92693],[10.96587,59.92683],[10.9661,59.9268],[10.9661,59.92674],[10.96581,59.92673],[10.96571,59.92681],[10.96563,59.92675],[10.96536,59.92672],[10.96528,59.92686],[10.96536,59.92695],[10.96537,59.9271],[10.96546,59.92711]]]},"properties":{"a":1279,"v":4604,"dh":3.6,"pl":1,"pn":"Sentrum øst - gjenvinningsstasjon","pd":"2012-03-07","c":42}},{"type":"Feature","geometry":{"type":"Polygon","coordinates":[[[10.9658,59.92723],[10.96609,59.9272],[10.96609,59.92717],[10.96601,59.92713],[10.96571,59.92716],[10.9658,59.92723]]]},"properties":{"a":176,"v":-150,"dh":0.85,"pl":1,"pn":"Sentrum øst - gjenvinningsstasjon","pd":"2012-03-07","sh":1,"c":42}},{"type":"Feature","geometry":{"type":"Polygon","coordinates":[[[10.96732,59.9275],[10.96708,59.9273],[10.96688,59.92725],[10.96714,59.92744],[10.96732,59.9275]]]},"properties":{"a":180,"v":-226,"dh":1.26,"pl":1,"pn":"Sentrum øst - gjenvinningsstasjon","pd":"2012-03-07","c":42}},{"type":"Feature","geometry":{"type":"Polygon","coordinates":[[[10.96719,59.92774],[10.96738,59.92761],[10.9674,59.92756],[10.96733,59.92756],[10.96712,59.9277],[10.96719,59.92774]]]},"properties":{"a":106,"v":-128,"dh":1.21,"pl":1,"pn":"Sentrum øst - gjenvinningsstasjon","pd":"2012-03-07","c":42}},{"type":"Feature","geometry":{"type":"Polygon","coordinates":[[[10.9667,59.9281],[10.96673,59.92802],[10.96653,59.92795],[10.96659,59.92784],[10.96652,59.92778],[10.96651,59.92764],[10.9667,59.92762],[10.96696,59.92768],[10.96703,59.92768],[10.96706,59.92763],[10.96654,59.92757],[10.96631,59.92768],[10.96606,59.92769],[10.96608,59.92765],[10.96603,59.92764],[10.96606,59.92761],[10.966,59.92757],[10.96568,59.92778],[10.96539,59.92782],[10.96578,59.928],[10.96558,59.92797],[10.96494,59.92803],[10.96587,59.928],[10.9667,59.9281]],[[10.96601,59.92763],[10.96602,59.92762],[10.96602,59.92763],[10.96601,59.92763]]]},"properties":{"a":2609,"v":-4194,"dh":1.61,"pl":1,"pn":"Sentrum øst - gjenvinningsstasjon","pd":"2012-03-07","c":42}},{"type":"Feature","geometry":{"type":"Polygon","coordinates":[[[10.96707,59.92803],[10.96757,59.92771],[10.96757,59.92768],[10.96746,59.92768],[10.967,59.92801],[10.96707,59.92803]]]},"properties":{"a":257,"v":-274,"dh":1.07,"pl":1,"pn":"Sentrum øst - gjenvinningsstasjon","pd":"2012-03-07","c":42}},{"type":"Feature","geometry":{"type":"Polygon","coordinates":[[[10.96485,59.92862],[10.96499,59.92854],[10.96495,59.92844],[10.96473,59.9284],[10.96443,59.92844],[10.96467,59.92862],[10.96485,59.92862]]]},"properties":{"a":543,"v":-620,"dh":1.14,"pl":1,"pn":"Lørenskog nye sentrum","pd":"2000-04-18","c":14}},{"type":"Feature","geometry":{"type":"Polygon","coordinates":[[[10.96572,59.93369],[10.96579,59.93361],[10.96602,59.93353],[10.96612,59.93354],[10.96609,59.9335],[10.96628,59.93344],[10.96628,59.93339],[10.96607,59.93331],[10.96572,59.93342],[10.96576,59.93349],[10.9655,59.93363],[10.96572,59.93369]]]},"properties":{"a":782,"v":-1788,"dh":2.29,"pl":1,"pn":"Fjellhamarskogen","pd":"1987-02-25","c":43}},{"type":"Feature","geometry":{"type":"Polygon","coordinates":[[[10.96685,59.93367],[10.9671,59.93369],[10.96704,59.93362],[10.9671,59.93362],[10.96711,59.93357],[10.96698,59.93352],[10.96701,59.93341],[10.96696,59.93341],[10.96696,59.93347],[10.96682,59.93354],[10.96685,59.93367]]]},"properties":{"a":290,"v":408,"dh":1.41,"pl":1,"pn":"Fjellhamarskogen","pd":"1987-02-25","c":43}},{"type":"Feature","geometry":{"type":"Polygon","coordinates":[[[10.96372,59.93402],[10.96384,59.93395],[10.96376,59.93389],[10.96389,59.93388],[10.96387,59.93383],[10.96353,59.93386],[10.96372,59.93402]],[[10.96369,59.93392],[10.96364,59.93387],[10.96373,59.93388],[10.96369,59.93392]]]},"properties":{"a":219,"v":228,"dh":1.04,"pl":1,"pn":"Fjellhamarskogen","pd":"1987-02-25","c":43}},{"type":"Feature","geometry":{"type":"Polygon","coordinates":[[[10.96639,59.93499],[10.96651,59.93489],[10.96627,59.93487],[10.96626,59.93499],[10.96639,59.93499]]]},"properties":{"a":125,"v":-179,"dh":1.43,"pl":1,"pn":"Fjellhamarskogen","pd":"1987-02-25","c":43}},{"type":"Feature","geometry":{"type":"MultiPolygon","coordinates":[[[[10.96873,59.92828],[10.96903,59.92819],[10.96915,59.92811],[10.96873,59.92828]]],[[[10.96855,59.92831],[10.96873,59.92828],[10.96866,59.92827],[10.96855,59.92831]]],[[[10.96854,59.92832],[10.96855,59.92831],[10.96853,59.92831],[10.96854,59.92832]]]]},"properties":{"a":103,"v":-116,"dh":1.13,"pl":1,"pn":"Sentrum øst - gjenvinningsstasjon","pd":"2012-03-07","c":42}},{"type":"Feature","geometry":{"type":"MultiPolygon","coordinates":[[[[10.96602,59.92808],[10.966,59.92809],[10.96602,59.92809],[10.96602,59.92808]]],[[[10.96603,59.92809],[10.96837,59.9285],[10.96851,59.92849],[10.96886,59.92833],[10.96871,59.92831],[10.9685,59.92839],[10.96833,59.9284],[10.96838,59.92835],[10.96823,59.92828],[10.96714,59.92805],[10.96695,59.92809],[10.9668,59.92806],[10.96673,59.92814],[10.96603,59.92809]]]]},"properties":{"a":2473,"v":4330,"dh":1.75,"pl":1,"pn":"Sentrum øst - gjenvinningsstasjon","pd":"2012-03-07","c":42}},{"type":"Feature","geometry":{"type":"Polygon","coordinates":[[[10.97258,59.93012],[10.97192,59.92991],[10.97196,59.92988],[10.9718,59.92992],[10.9718,59.93],[10.97177,59.93001],[10.97205,59.93002],[10.97235,59.93012],[10.97258,59.93012]]]},"properties":{"a":347,"v":311,"dh":0.9,"pl":1,"pn":"Lørenskog grønne sentrum, Elveparken","pd":"2007-03-21","sh":1,"c":44}},{"type":"Feature","geometry":{"type":"Polygon","coordinates":[[[10.97103,59.93078],[10.97101,59.93074],[10.97109,59.93073],[10.97109,59.93069],[10.97089,59.93066],[10.97088,59.93074],[10.97103,59.93078]]]},"properties":{"a":118,"v":148,"dh":1.26,"pl":1,"pn":"Lørenskog grønne sentrum, Elveparken","pd":"2007-03-21","fo":1,"c":45}},{"type":"Feature","geometry":{"type":"Polygon","coordinates":[[[10.97324,59.93104],[10.97328,59.931],[10.97323,59.93091],[10.97345,59.93085],[10.97343,59.93081],[10.97312,59.93075],[10.97314,59.93087],[10.97291,59.93095],[10.97308,59.93103],[10.97324,59.93104]]]},"properties":{"a":447,"v":-551,"dh":1.23,"pl":1,"pn":"Lørenskog grønne sentrum,  del av Torshov, Hammer, Røiri, Norum og Nordli.","pd":"2007-06-20","fo":1,"c":79}},{"type":"Feature","geometry":{"type":"Polygon","coordinates":[[[10.97107,59.93119],[10.97116,59.93102],[10.971,59.9309],[10.97078,59.93087],[10.97063,59.93099],[10.97065,59.93103],[10.97058,59.93105],[10.97089,59.93117],[10.97107,59.93119]]]},"properties":{"a":702,"v":879,"dh":1.25,"pl":1,"pn":"Lørenskog grønne sentrum, Elveparken","pd":"2007-03-21","fo":1,"c":45}},{"type":"Feature","geometry":{"type":"Polygon","coordinates":[[[10.96857,59.93194],[10.96864,59.93189],[10.96862,59.93183],[10.96845,59.93173],[10.96833,59.93179],[10.96799,59.93175],[10.9683,59.93188],[10.9685,59.93187],[10.96857,59.93194]]]},"properties":{"a":369,"v":545,"dh":1.48,"pl":1,"pn":"Friområde rundt Langvannet","pd":"1980-06-16","c":46}},{"type":"Feature","geometry":{"type":"Polygon","coordinates":[[[10.96889,59.93375],[10.96924,59.9336],[10.96926,59.93354],[10.9692,59.93348],[10.96893,59.93348],[10.96881,59.93354],[10.96868,59.93352],[10.96867,59.93361],[10.96863,59.93361],[10.96865,59.93355],[10.96856,59.93354],[10.96846,59.93372],[10.96846,59.93375],[10.96889,59.93375]]]},"properties":{"a":915,"v":1502,"dh":1.64,"pl":1,"pn":"Fjellhamarskogen","pd":"1987-02-25","c":43}},{"type":"Feature","geometry":{"type":"Polygon","coordinates":[[[10.97383,59.9343],[10.97397,59.9342],[10.97398,59.93413],[10.97389,59.93413],[10.97374,59.93426],[10.97383,59.9343]]]},"properties":{"a":131,"v":131,"dh":1.0,"pl":1,"pn":"Området ved Fjellsrud","pd":"2000-02-09","c":47}},{"type":"Feature","geometry":{"type":"MultiPolygon","coordinates":[[[[10.97131,59.93473],[10.97138,59.93471],[10.97133,59.93469],[10.97131,59.93473]]],[[[10.97131,59.93474],[10.97125,59.93486],[10.97113,59.93494],[10.97127,59.93497],[10.97141,59.9348],[10.97138,59.93472],[10.97131,59.93474]]]]},"properties":{"a":176,"v":172,"dh":0.98,"pl":1,"pn":"Fjellhamarskogen","pd":"1987-02-25","sh":1,"c":48}},{"type":"Feature","geometry":{"type":"Polygon","coordinates":[[[10.97018,59.93499],[10.97036,59.93498],[10.97037,59.93489],[10.97009,59.93493],[10.96978,59.93483],[10.96975,59.93491],[10.96982,59.93496],[10.96991,59.93493],[10.97018,59.93499]]]},"properties":{"a":280,"v":296,"dh":1.06,"pl":1,"pn":"Fjellhamarskogen","pd":"1987-02-25","fo":1,"c":49}},{"type":"Feature","geometry":{"type":"Polygon","coordinates":[[[10.97343,59.93541],[10.97364,59.93537],[10.97364,59.9353],[10.97339,59.93534],[10.97343,59.93541]]]},"properties":{"a":147,"v":182,"dh":1.24,"pl":1,"pn":"Området ved Fjellsrud","pd":"2000-02-09","c":47}},{"type":"Feature","geometry":{"type":"Polygon","coordinates":[[[10.97075,59.93606],[10.9708,59.93597],[10.97047,59.93593],[10.97049,59.93598],[10.97069,59.93597],[10.97067,59.93603],[10.97075,59.93606]]]},"properties":{"a":108,"v":-133,"dh":1.23,"pl":1,"pn":"Fjellhamarskogen","pd":"1987-02-25","c":43}},{"type":"Feature","geometry":{"type":"Polygon","coordinates":[[[10.97322,59.93606],[10.97328,59.93592],[10.97312,59.93592],[10.97313,59.93604],[10.97322,59.93606]]]},"properties":{"a":119,"v":-147,"dh":1.23,"pl":1,"pn":"Området begrenset av Per Sivles vei, Marcus Thranes vei og Nordahl Griegs vei","pd":"1992-02-19","c":50}},{"type":"Feature","geometry":{"type":"Polygon","coordinates":[[[10.9728,59.9362],[10.97303,59.93617],[10.97295,59.9361],[10.97281,59.9361],[10.97276,59.93616],[10.9728,59.9362]]]},"properties":{"a":123,"v":-155,"dh":1.26,"pl":1,"pn":"Området begrenset av Per Sivles vei, Marcus Thranes vei og Nordahl Griegs vei","pd":"1992-02-19","c":50}},{"type":"Feature","geometry":{"type":"MultiPolygon","coordinates":[[[[10.96807,59.93707],[10.96811,59.93723],[10.96822,59.93725],[10.96836,59.9371],[10.96874,59.93714],[10.96875,59.93707],[10.96867,59.93699],[10.96851,59.93698],[10.96848,59.93705],[10.96843,59.93704],[10.96835,59.93695],[10.96822,59.93692],[10.96817,59.93703],[10.96807,59.93707]],[[10.96813,59.93718],[10.96815,59.93719],[10.96813,59.93719],[10.96813,59.93718]]],[[[10.9687,59.93716],[10.9687,59.9372],[10.96881,59.93722],[10.96879,59.93716],[10.9687,59.93716]]]]},"properties":{"a":690,"v":-1026,"dh":1.49,"pl":1,"pn":"Fjellhamarskogen","pd":"1987-02-25","c":43}},{"type":"Feature","geometry":{"type":"MultiPolygon","coordinates":[[[[10.96906,59.93709],[10.96904,59.93708],[10.96904,59.93709],[10.96906,59.93709]]],[[[10.96902,59.93705],[10.96905,59.93704],[10.96903,59.93697],[10.96895,59.93711],[10.96897,59.93722],[10.96889,59.93733],[10.96897,59.93725],[10.96905,59.93725],[10.96901,59.93722],[10.96902,59.93705]]]]},"properties":{"a":107,"v":-127,"dh":1.19,"pl":1,"pn":"Fjellhamarskogen","pd":"1987-02-25","sl":1,"c":43}},{"type":"Feature","geometry":{"type":"Polygon","coordinates":[[[10.96796,59.93792],[10.96831,59.93784],[10.96846,59.93766],[10.96852,59.93765],[10.96848,59.93769],[10.96854,59.93769],[10.96862,59.93767],[10.96862,59.93762],[10.96801,59.93759],[10.96798,59.93763],[10.96828,59.93763],[10.96836,59.93768],[10.96833,59.9378],[10.96803,59.93784],[10.96796,59.93792]]]},"properties":{"a":403,"v":-584,"dh":1.45,"pl":1,"pn":"Fjellhamarskogen","pd":"1987-02-25","c":43}},{"type":"Feature","geometry":{"type":"Polygon","coordinates":[[[10.97167,59.93799],[10.97185,59.93798],[10.97207,59.9379],[10.97184,59.93788],[10.97186,59.93792],[10.97177,59.93795],[10.97168,59.93787],[10.97167,59.93799]]]},"properties":{"a":135,"v":116,"dh":0.86,"pl":0,"sh":1,"c":51}},{"type":"Feature","geometry":{"type":"Polygon","coordinates":[[[10.96301,59.93376],[10.96336,59.93376],[10.96338,59.93369],[10.96307,59.93367],[10.963,59.93372],[10.96301,59.93376]]]},"properties":{"a":191,"v":203,"dh":1.06,"pl":1,"pn":"Friområde rundt Langvannet","pd":"1980-06-16","fo":1,"c":52}},{"type":"Feature","geometry":{"type":"Polygon","coordinates":[[[10.96312,59.9345],[10.96324,59.93446],[10.96324,59.93439],[10.96344,59.93442],[10.96354,59.93439],[10.96354,59.93436],[10.96338,59.93428],[10.96306,59.93434],[10.96317,59.93439],[10.96313,59.93444],[10.96303,59.93446],[10.96312,59.9345]]]},"properties":{"a":325,"v":358,"dh":1.1,"pl":1,"pn":"Fjellhamarskogen","pd":"1987-02-25","c":43}},{"type":"Feature","geometry":{"type":"Polygon","coordinates":[[[10.96381,59.9362],[10.9638,59.93606],[10.96364,59.93601],[10.9635,59.93601],[10.96343,59.9361],[10.96358,59.93618],[10.96381,59.9362]]]},"properties":{"a":330,"v":-371,"dh":1.12,"pl":1,"pn":"Fjellhamarskogen","pd":"1987-02-25","c":43}},{"type":"Feature","geometry":{"type":"Polygon","coordinates":[[[10.96235,59.93804],[10.9626,59.93806],[10.96247,59.93795],[10.96232,59.93799],[10.96235,59.93804]]]},"properties":{"a":125,"v":-210,"dh":1.68,"pl":1,"pn":"Fjellhamarskogen","pd":"1987-02-25","c":43}},{"type":"Feature","geometry":{"type":"Polygon","coordinates":[[[10.96311,59.93948],[10.9633,59.93942],[10.964,59.93941],[10.964,59.93934],[10.96405,59.93931],[10.96442,59.9393],[10.96453,59.93921],[10.9638,59.93929],[10.96298,59.93947],[10.96311,59.93948]]]},"properties":{"a":653,"v":-2252,"dh":3.45,"pl":1,"pn":"Hanaborg holdeplass","pd":"2011-05-25","c":53}},{"type":"Feature","geometry":{"type":"MultiPolygon","coordinates":[[[[10.96117,59.93999],[10.96101,59.94001],[10.96101,59.94002],[10.96109,59.94006],[10.96117,59.94003],[10.96117,59.93999]]],[[[10.96108,59.93987],[10.96132,59.94004],[10.96151,59.94003],[10.96159,59.94008],[10.96157,59.94014],[10.96145,59.94021],[10.96121,59.94026],[10.9613,59.94035],[10.962,59.94013],[10.96169,59.94004],[10.96165,59.93999],[10.96149,59.93999],[10.96147,59.93995],[10.96122,59.93985],[10.96108,59.93987]]]]},"properties":{"a":968,"v":1208,"dh":1.25,"pl":0,"c":54}},{"type":"Feature","geometry":{"type":"Polygon","coordinates":[[[10.9662,59.93547],[10.96627,59.93536],[10.96609,59.93536],[10.96611,59.93545],[10.9662,59.93547]]]},"properties":{"a":112,"v":170,"dh":1.52,"pl":1,"pn":"Fjellhamarskogen","pd":"1987-02-25","c":43}},{"type":"Feature","geometry":{"type":"Polygon","coordinates":[[[10.96396,59.93624],[10.96409,59.93613],[10.9642,59.93612],[10.96418,59.93606],[10.96423,59.93602],[10.96401,59.93591],[10.96394,59.93593],[10.96392,59.93599],[10.964,59.93606],[10.96393,59.93607],[10.96395,59.93612],[10.9639,59.93613],[10.96387,59.93621],[10.96396,59.93624]]]},"properties":{"a":367,"v":442,"dh":1.2,"pl":1,"pn":"Fjellhamarskogen","pd":"1987-02-25","c":43}},{"type":"Feature","geometry":{"type":"Polygon","coordinates":[[[10.96481,59.93666],[10.96507,59.93664],[10.96508,59.93649],[10.96522,59.93642],[10.96537,59.93645],[10.96536,59.93642],[10.96525,59.93638],[10.96485,59.9365],[10.9648,59.93656],[10.96484,59.93663],[10.96481,59.93666]]]},"properties":{"a":368,"v":-510,"dh":1.39,"pl":1,"pn":"Fjellhamarskogen","pd":"1987-02-25","c":43}},{"type":"Feature","geometry":{"type":"Polygon","coordinates":[[[10.96665,59.93702],[10.96672,59.93695],[10.9667,59.93687],[10.9665,59.93689],[10.96653,59.93683],[10.96646,59.93683],[10.96643,59.93685],[10.96647,59.93689],[10.96638,59.93688],[10.96642,59.93697],[10.96665,59.93702]]]},"properties":{"a":271,"v":518,"dh":1.91,"pl":1,"pn":"Fjellhamarskogen","pd":"1987-02-25","c":43}},{"type":"Feature","geometry":{"type":"Polygon","coordinates":[[[10.96569,59.93731],[10.96577,59.93724],[10.96566,59.93721],[10.96552,59.93725],[10.96556,59.93731],[10.96569,59.93731]]]},"properties":{"a":112,"v":-191,"dh":1.7,"pl":1,"pn":"Fjellhamarskogen","pd":"1987-02-25","c":43}},{"type":"Feature","geometry":{"type":"Polygon","coordinates":[[[10.96661,59.93773],[10.9666,59.93767],[10.96658,59.93769],[10.96651,59.93767],[10.96663,59.93755],[10.96667,59.9374],[10.96663,59.93717],[10.96654,59.93718],[10.96654,59.93725],[10.96644,59.93734],[10.96638,59.93733],[10.9664,59.93725],[10.96631,59.93727],[10.96628,59.93736],[10.96634,59.9374],[10.96625,59.93744],[10.96627,59.93751],[10.96645,59.93756],[10.96642,59.93767],[10.9665,59.93769],[10.96646,59.93772],[10.96661,59.93773]]]},"properties":{"a":813,"v":1681,"dh":2.07,"pl":1,"pn":"Fjellhamarskogen","pd":"1987-02-25","c":43}},{"type":"Feature","geometry":{"type":"Polygon","coordinates":[[[10.96597,59.93823],[10.96602,59.93819],[10.966,59.93813],[10.9657,59.93816],[10.96574,59.9382],[10.96597,59.93823]],[[10.96597,59.93817],[10.96599,59.93816],[10.96599,59.93817],[10.96597,59.93817]]]},"properties":{"a":160,"v":-184,"dh":1.15,"pl":1,"pn":"Fjellhamarskogen","pd":"1987-02-25","c":43}},{"type":"Feature","geometry":{"type":"Polygon","coordinates":[[[10.96393,59.93851],[10.96394,59.93845],[10.96417,59.93835],[10.96408,59.93833],[10.96385,59.93844],[10.96384,59.93847],[10.96393,59.93851]]]},"properties":{"a":114,"v":-126,"dh":1.1,"pl":1,"pn":"Fjellhamarskogen","pd":"1987-02-25","c":43}},{"type":"Feature","geometry":{"type":"Polygon","coordinates":[[[10.96685,59.9389],[10.96723,59.93893],[10.96721,59.9389],[10.96732,59.93885],[10.96685,59.9389]]]},"properties":{"a":104,"v":-156,"dh":1.5,"pl":1,"pn":"Hanaborg holdeplass","pd":"2011-05-25","c":53}},{"type":"Feature","geometry":{"type":"Polygon","coordinates":[[[10.96588,59.93912],[10.96602,59.93908],[10.96605,59.939],[10.96575,59.93903],[10.96588,59.93912]]]},"properties":{"a":133,"v":-159,"dh":1.2,"pl":1,"pn":"Hanaborg holdeplass","pd":"2011-05-25","c":53}},{"type":"Feature","geometry":{"type":"Polygon","coordinates":[[[10.97954,59.9163],[10.97962,59.91609],[10.97961,59.916],[10.97954,59.91605],[10.97955,59.9162],[10.97948,59.91621],[10.97951,59.91613],[10.97949,59.91609],[10.97946,59.91619],[10.97939,59.91623],[10.97941,59.9163],[10.97947,59.91627],[10.97954,59.9163]]]},"properties":{"a":152,"v":124,"dh":0.81,"pl":1,"pn":"Losbydalen spesialområde","pd":"2005-08-31","sh":1,"c":55}},{"type":"Feature","geometry":{"type":"Polygon","coordinates":[[[10.97916,59.91685],[10.97927,59.91679],[10.97924,59.91675],[10.97939,59.91671],[10.97936,59.91666],[10.97951,59.9164],[10.97946,59.9164],[10.97943,59.91649],[10.97934,59.91651],[10.9793,59.91647],[10.97925,59.91651],[10.97921,59.91675],[10.97916,59.91679],[10.97916,59.91685]],[[10.97928,59.91672],[10.9793,59.9167],[10.9793,59.91672],[10.97928,59.91672]],[[10.97927,59.91665],[10.97929,59.91663],[10.97929,59.91665],[10.97927,59.91665]]]},"properties":{"a":345,"v":324,"dh":0.94,"pl":1,"pn":"Losbydalen spesialområde","pd":"2005-08-31","sh":1,"c":55}},{"type":"Feature","geometry":{"type":"Polygon","coordinates":[[[10.97882,59.91825],[10.97877,59.91809],[10.97881,59.91783],[10.97869,59.91802],[10.97876,59.91821],[10.97882,59.91825]]]},"properties":{"a":136,"v":132,"dh":0.97,"pl":1,"pn":"Losbydalen spesialområde","pd":"2005-08-31","sh":1,"c":55}},{"type":"Feature","geometry":{"type":"Polygon","coordinates":[[[10.97872,59.91839],[10.97873,59.9183],[10.97857,59.9181],[10.97857,59.91829],[10.97872,59.91839]]]},"properties":{"a":159,"v":-179,"dh":1.13,"pl":1,"pn":"Losbydalen spesialområde","pd":"2005-08-31","fo":1,"c":56}},{"type":"Feature","geometry":{"type":"Polygon","coordinates":[[[10.97896,59.91859],[10.97912,59.91854],[10.97915,59.91848],[10.97889,59.91834],[10.97884,59.91841],[10.97875,59.91842],[10.9788,59.91856],[10.97896,59.91859]]]},"properties":{"a":362,"v":543,"dh":1.5,"pl":1,"pn":"Losbydalen spesialområde","pd":"2005-08-31","fo":1,"c":56}},{"type":"Feature","geometry":{"type":"Polygon","coordinates":[[[10.97791,59.91951],[10.97827,59.91952],[10.97835,59.91947],[10.97795,59.9194],[10.97798,59.91947],[10.97791,59.91951]]]},"properties":{"a":222,"v":234,"dh":1.05,"pl":1,"pn":"Sørlihavna","pd":"2013-12-18","fo":1,"c":57}},{"type":"Feature","geometry":{"type":"Polygon","coordinates":[[[10.97968,59.91959],[10.97982,59.91955],[10.97986,59.91951],[10.97973,59.91948],[10.97957,59.91956],[10.97968,59.91959]]]},"properties":{"a":105,"v":113,"dh":1.08,"pl":1,"pn":"Sørlihavna","pd":"2013-12-18","c":58}},{"type":"Feature","geometry":{"type":"MultiPolygon","coordinates":[[[[10.98,59.91976],[10.97994,59.91974],[10.97994,59.91976],[10.98,59.91976]]],[[[10.97982,59.91974],[10.97985,59.91971],[10.97971,59.91975],[10.97961,59.91987],[10.9799,59.91987],[10.97996,59.91977],[10.97982,59.91974]],[[10.97979,59.91986],[10.97977,59.9198],[10.97988,59.91983],[10.97979,59.91986]]]]},"properties":{"a":213,"v":234,"dh":1.1,"pl":1,"pn":"Sørlihavna","pd":"2013-12-18","fo":1,"c":58}},{"type":"Feature","geometry":{"type":"Polygon","coordinates":[[[10.97951,59.91996],[10.97963,59.91991],[10.97956,59.91986],[10.9796,59.91977],[10.97951,59.9197],[10.97937,59.91973],[10.97936,59.91991],[10.97951,59.91996]]]},"properties":{"a":305,"v":591,"dh":1.94,"pl":1,"pn":"Sørlihavna","pd":"2013-12-18","c":58}},{"type":"Feature","geometry":{"type":"Polygon","coordinates":[[[10.97389,59.91332],[10.97397,59.91323],[10.97383,59.91317],[10.9738,59.91328],[10.97389,59.91332]]]},"properties":{"a":112,"v":137,"dh":1.23,"pl":1,"pn":"Nesåsen","pd":"1989-04-19","c":59}},{"type":"Feature","geometry":{"type":"Polygon","coordinates":[[[10.97489,59.91414],[10.97509,59.91394],[10.97505,59.91365],[10.97501,59.91377],[10.97502,59.91397],[10.97485,59.91412],[10.97489,59.91414]]]},"properties":{"a":169,"v":-305,"dh":1.8,"pl":1,"pn":"Nesåsen","pd":"1989-04-19","sl":1,"c":60}},{"type":"Feature","geometry":{"type":"Polygon","coordinates":[[[10.97393,59.91468],[10.97393,59.91463],[10.97401,59.91467],[10.97393,59.91453],[10.97397,59.91441],[10.97392,59.9144],[10.97388,59.91443],[10.97392,59.91448],[10.97387,59.91453],[10.97393,59.9146],[10.97388,59.91466],[10.97393,59.91468]]]},"properties":{"a":113,"v":-208,"dh":1.84,"pl":1,"pn":"Nesåsen","pd":"1989-04-19","sl":1,"c":60}},{"type":"Feature","geometry":{"type":"Polygon","coordinates":[[[10.97475,59.91478],[10.97477,59.91464],[10.97471,59.91455],[10.97472,59.91438],[10.97468,59.91436],[10.97468,59.91455],[10.97474,59.91468],[10.97471,59.91476],[10.97475,59.91478]]]},"properties":{"a":107,"v":-151,"dh":1.41,"pl":1,"pn":"Nesåsen","pd":"1989-04-19","sl":1,"c":60}},{"type":"Feature","geometry":{"type":"Polygon","coordinates":[[[10.97494,59.91513],[10.97492,59.91507],[10.9747,59.915],[10.97473,59.91508],[10.97494,59.91513]]]},"properties":{"a":109,"v":143,"dh":1.31,"pl":1,"pn":"Nesåsen","pd":"1989-04-19","fo":1,"c":61}},{"type":"Feature","geometry":{"type":"Polygon","coordinates":[[[10.97504,59.91709],[10.97565,59.91706],[10.97566,59.91699],[10.97535,59.91683],[10.97529,59.91675],[10.9753,59.91657],[10.97521,59.91651],[10.97497,59.91649],[10.97492,59.91651],[10.97491,59.91658],[10.97474,59.91655],[10.9746,59.91659],[10.97467,59.91677],[10.97485,59.91685],[10.97504,59.91709]]]},"properties":{"a":2230,"v":4868,"dh":2.18,"pl":0,"c":62}},{"type":"Feature","geometry":{"type":"Polygon","coordinates":[[[10.97361,59.92253],[10.97345,59.92244],[10.9735,59.92238],[10.97346,59.92233],[10.97326,59.92233],[10.97318,59.92239],[10.97334,59.92251],[10.97361,59.92253]]]},"properties":{"a":300,"v":-426,"dh":1.42,"pl":1,"pn":"Sørlifeltet (del av Sørli, 110/1)","pd":"1961-06-23","c":63}},{"type":"Feature","geometry":{"type":"Polygon","coordinates":[[[10.97352,59.92279],[10.97377,59.92271],[10.97327,59.92255],[10.97301,59.9223],[10.97292,59.9223],[10.97285,59.92235],[10.97315,59.9225],[10.97319,59.92255],[10.97315,59.9226],[10.97326,59.92268],[10.97325,59.9227],[10.97352,59.92279]]]},"properties":{"a":692,"v":890,"dh":1.29,"pl":1,"pn":"Sørlifeltet (del av Sørli, 110/1)","pd":"1961-06-23","c":63}},{"type":"Feature","geometry":{"type":"Polygon","coordinates":[[[10.97546,59.92283],[10.97561,59.9227],[10.97567,59.92252],[10.9754,59.9225],[10.97538,59.92267],[10.97527,59.92276],[10.97546,59.92283]]]},"properties":{"a":478,"v":899,"dh":1.88,"pl":1,"pn":"Del av Nordre Sørli","pd":"1982-07-23","fo":1,"c":64}},{"type":"Feature","geometry":{"type":"Polygon","coordinates":[[[10.97415,59.92378],[10.97419,59.92377],[10.97413,59.92375],[10.97417,59.92372],[10.97414,59.92363],[10.97401,59.92349],[10.97401,59.92341],[10.97386,59.92339],[10.97396,59.9236],[10.97415,59.92378]]]},"properties":{"a":272,"v":-330,"dh":1.21,"pl":1,"pn":"Del av Nordre Sørli gård","pd":"1992-08-26","fo":1,"c":65}},{"type":"Feature","geometry":{"type":"MultiPolygon","coordinates":[[[[10.97892,59.91998],[10.97916,59.91986],[10.97914,59.91976],[10.97899,59.91974],[10.97895,59.91988],[10.97888,59.91993],[10.97892,59.91998]]],[[[10.97892,59.92005],[10.97888,59.91997],[10.97887,59.92003],[10.97892,59.92005]]],[[[10.97894,59.92005],[10.97892,59.92005],[10.97892,59.92006],[10.97894,59.92006],[10.97894,59.92005]]]]},"properties":{"a":226,"v":295,"dh":1.3,"pl":1,"pn":"Sørlihavna","pd":"2013-12-18","fo":1,"c":58}},{"type":"Feature","geometry":{"type":"MultiPolygon","coordinates":[[[[10.97842,59.91974],[10.97849,59.91971],[10.97838,59.91972],[10.97834,59.91993],[10.97846,59.9198],[10.97842,59.91974]],[[10.97842,59.91974],[10.9784,59.91974],[10.97842,59.91973],[10.97842,59.91974]]],[[[10.97833,59.91994],[10.9782,59.91997],[10.97836,59.92015],[10.97846,59.92016],[10.9785,59.92009],[10.97835,59.92004],[10.97829,59.91999],[10.97833,59.91994]]]]},"properties":{"a":261,"v":278,"dh":1.07,"pl":1,"pn":"Sørlihavna","pd":"2013-12-18","fo":1,"c":58}},{"type":"Feature","geometry":{"type":"Polygon","coordinates":[[[10.97957,59.92014],[10.97959,59.92008],[10.97969,59.92005],[10.97946,59.92003],[10.97929,59.92013],[10.97957,59.92014]]]},"properties":{"a":156,"v":206,"dh":1.32,"pl":1,"pn":"Sørlihavna","pd":"2013-12-18","fo":1,"c":58}},{"type":"Feature","geometry":{"type":"MultiPolygon","coordinates":[[[[10.97894,59.92011],[10.9788,59.92008],[10.97868,59.92018],[10.97895,59.92018],[10.97894,59.92011]]],[[[10.97897,59.92018],[10.97902,59.92016],[10.97896,59.92016],[10.97897,59.92018]]]]},"properties":{"a":132,"v":165,"dh":1.25,"pl":1,"pn":"Sørlihavna","pd":"2013-12-18","fo":1,"c":58}},{"type":"Feature","geometry":{"type":"Polygon","coordinates":[[[10.98378,59.92026],[10.98403,59.92023],[10.98405,59.92017],[10.98392,59.92013],[10.98372,59.92015],[10.98378,59.92026]]]},"properties":{"a":210,"v":228,"dh":1.09,"pl":1,"pn":"Lørenskog grønne sentrum,  del av Torshov, Hammer, Røiri, Norum og Nordli.","pd":"2007-06-20","c":66}},{"type":"Feature","geometry":{"type":"MultiPolygon","coordinates":[[[[10.97866,59.92096],[10.97867,59.92095],[10.97865,59.92095],[10.97866,59.92096]]],[[[10.97886,59.92103],[10.97871,59.92096],[10.97867,59.92096],[10.97886,59.92103]]],[[[10.97876,59.92124],[10.97878,59.92118],[10.9787,59.9211],[10.97869,59.92101],[10.97855,59.92097],[10.97865,59.92094],[10.97856,59.92091],[10.9786,59.92094],[10.97856,59.92095],[10.97849,59.92088],[10.97827,59.92088],[10.97803,59.921],[10.97802,59.92106],[10.97795,59.92109],[10.97817,59.92118],[10.97838,59.92115],[10.97876,59.92124]],[[10.97866,59.92111],[10.97865,59.9211],[10.97866,59.9211],[10.97866,59.92111]],[[10.97865,59.9211],[10.97863,59.92109],[10.97864,59.92109],[10.97865,59.9211]],[[10.97861,59.92105],[10.97859,59.92106],[10.97859,59.92105],[10.97861,59.92105]]]]},"properties":{"a":1111,"v":1100,"dh":0.99,"pl":1,"pn":"Lørenskog grønne sentrum, Elveparken","pd":"2007-03-21","c":67}},{"type":"Feature","geometry":{"type":"MultiPolygon","coordinates":[[[[10.98564,59.92225],[10.98568,59.9221],[10.98554,59.92209],[10.98558,59.92224],[10.98564,59.92225]]],[[[10.98558,59.92225],[10.98562,59.92226],[10.98562,59.92225],[10.98558,59.92225]]]]},"properties":{"a":109,"v":94,"dh":0.86,"pl":1,"pn":"Lørenskog grønne sentrum,  del av Torshov, Hammer, Røiri, Norum og Nordli.","pd":"2007-06-20","sh":1,"c":68}},{"type":"Feature","geometry":{"type":"Polygon","coordinates":[[[10.98871,59.92248],[10.98947,59.92238],[10.98951,59.92233],[10.98871,59.92248]]]},"properties":{"a":181,"v":197,"dh":1.09,"pl":1,"pn":"Lørenskog grønne sentrum,  del av Torshov, Hammer, Røiri, Norum og Nordli.","pd":"2007-06-20","c":69}},{"type":"Feature","geometry":{"type":"Polygon","coordinates":[[[10.99117,59.9235],[10.99135,59.92352],[10.99131,59.92339],[10.99146,59.92324],[10.99144,59.92319],[10.99156,59.92315],[10.99159,59.92307],[10.99129,59.9232],[10.99121,59.92331],[10.99117,59.9235]]]},"properties":{"a":409,"v":577,"dh":1.41,"pl":0,"c":70}},{"type":"Feature","geometry":{"type":"Polygon","coordinates":[[[10.98136,59.92407],[10.98162,59.9241],[10.98185,59.92382],[10.98259,59.92327],[10.98311,59.92345],[10.98326,59.92345],[10.98333,59.9234],[10.98321,59.92332],[10.98274,59.92318],[10.9826,59.92317],[10.98256,59.92321],[10.98249,59.92322],[10.98256,59.92314],[10.98256,59.92308],[10.98248,59.92304],[10.98135,59.9239],[10.98132,59.92401],[10.98136,59.92407]]]},"properties":{"a":2897,"v":5260,"dh":1.82,"pl":1,"pn":"Hammer skole","pd":"2011-11-30","c":71}},{"type":"Feature","geometry":{"type":"MultiPolygon","coordinates":[[[[10.96838,59.92177],[10.9685,59.92172],[10.96803,59.92167],[10.96815,59.92179],[10.96824,59.92181],[10.96825,59.92193],[10.96901,59.92188],[10.96941,59.9219],[10.96953,59.92184],[10.97067,59.92176],[10.97123,59.92185],[10.97188,59.92219],[10.97251,59.92263],[10.97301,59.9229],[10.97354,59.92335],[10.97363,59.92334],[10.97361,59.92342],[10.97389,59.92361],[10.97372,59.92344],[10.97375,59.9234],[10.97383,59.92345],[10.97377,59.92333],[10.97376,59.92314],[10.9737,59.92308],[10.97371,59.92299],[10.9735,59.923],[10.97348,59.92294],[10.97324,59.9229],[10.97313,59.92274],[10.97305,59.92275],[10.97278,59.92267],[10.97259,59.92243],[10.97238,59.92229],[10.97218,59.92224],[10.97216,59.92215],[10.97199,59.92209],[10.97203,59.92212],[10.97202,59.92215],[10.97189,59.92207],[10.97168,59.9219],[10.97172,59.92173],[10.97165,59.9217],[10.97194,59.92178],[10.97196,59.92174],[10.97188,59.92169],[10.97131,59.92169],[10.97111,59.92164],[10.9708,59.92147],[10.97047,59.92148],[10.97032,59.92157],[10.97,59.92157],[10.97007,59.9216],[10.96984,59.92165],[10.96973,59.92163],[10.96976,59.92154],[10.9696,59.92149],[10.9695,59.92164],[10.969,59.92162],[10.96902,59.92167],[10.96897,59.92174],[10.96838,59.92177]],[[10.97203,59.92215],[10.97205,59.92216],[10.97203,59.92216],[10.97203,59.92215]],[[10.97205,59.92216],[10.97207,59.92217],[10.97205,59.92217],[10.97205,59.92216]],[[10.96836,59.92179],[10.96833,59.92179],[10.96826,59.92181],[10.96831,59.92178],[10.96836,59.92179]],[[10.97368,59.92338],[10.97364,59.92335],[10.9737,59.92336],[10.97368,59.92338]],[[10.97213,59.92221],[10.97215,59.92222],[10.97213,59.92222],[10.97213,59.92221]]],[[[10.97311,59.92272],[10.97309,59.92274],[10.97311,59.92274],[10.97311,59.92272]]],[[[10.97391,59.92361],[10.97389,59.92363],[10.97391,59.92363],[10.97391,59.92361]]]]},"properties":{"a":8178,"v":15205,"dh":1.86,"pl":1,"pn":"Lørenskog grønne sentrum,  del av Torshov, Hammer, Røiri, Norum og Nordli.","pd":"2007-06-20","c":72}},{"type":"Feature","geometry":{"type":"Polygon","coordinates":[[[10.96743,59.92686],[10.96742,59.92664],[10.96733,59.92647],[10.9673,59.92651],[10.96736,59.92685],[10.96743,59.92686]]]},"properties":{"a":160,"v":-172,"dh":1.07,"pl":2,"pn":"Åsen og Løkenåsen skoler","pd":"2025-10-29","c":35}},{"type":"Feature","geometry":{"type":"Polygon","coordinates":[[[10.97157,59.92674],[10.97185,59.9266],[10.97187,59.92656],[10.97178,59.92654],[10.97167,59.92661],[10.97168,59.92667],[10.97157,59.92667],[10.97157,59.92674]]]},"properties":{"a":120,"v":105,"dh":0.88,"pl":1,"pn":"Lørenskog grønne sentrum,  del av Torshov, Hammer, Røiri, Norum og Nordli.","pd":"2007-06-20","sh":1,"c":73}},{"type":"Feature","geometry":{"type":"Polygon","coordinates":[[[10.96791,59.92747],[10.96798,59.92743],[10.96789,59.92743],[10.96787,59.92737],[10.96767,59.92737],[10.9676,59.92725],[10.96754,59.92726],[10.96762,59.92738],[10.96791,59.92747]],[[10.96773,59.9274],[10.96775,59.92739],[10.96775,59.9274],[10.96773,59.9274]]]},"properties":{"a":155,"v":157,"dh":1.01,"pl":2,"pn":"Åsen og Løkenåsen skoler","pd":"2025-10-29","c":35}},{"type":"Feature","geometry":{"type":"Polygon","coordinates":[[[10.96976,59.92758],[10.97007,59.92758],[10.97019,59.9275],[10.97035,59.92751],[10.97045,59.92743],[10.97036,59.92737],[10.96989,59.92739],[10.96972,59.9275],[10.96976,59.92758]]]},"properties":{"a":637,"v":-1202,"dh":1.89,"pl":2,"pn":"Åsen og Løkenåsen skoler","pd":"2025-10-29","fo":1,"c":74}},{"type":"Feature","geometry":{"type":"Polygon","coordinates":[[[10.96942,59.92759],[10.96958,59.92756],[10.96965,59.9275],[10.96929,59.9275],[10.96942,59.92759]]]},"properties":{"a":130,"v":178,"dh":1.37,"pl":2,"pn":"Åsen og Løkenåsen skoler","pd":"2025-10-29","fo":1,"c":74}},{"type":"Feature","geometry":{"type":"Polygon","coordinates":[[[10.96839,59.92792],[10.96856,59.92785],[10.96826,59.92784],[10.96824,59.92778],[10.96796,59.92772],[10.9681,59.92784],[10.96839,59.92792]]]},"properties":{"a":251,"v":-225,"dh":0.9,"pl":1,"pn":"Sentrum øst - gjenvinningsstasjon","pd":"2012-03-07","sh":1,"c":42}},{"type":"Feature","geometry":{"type":"Polygon","coordinates":[[[10.96922,59.9281],[10.96953,59.92788],[10.96959,59.92774],[10.96904,59.92773],[10.96913,59.92777],[10.9694,59.92774],[10.96941,59.9279],[10.96918,59.92808],[10.96922,59.9281]]]},"properties":{"a":306,"v":-382,"dh":1.25,"pl":1,"pn":"Sentrum øst - gjenvinningsstasjon","pd":"2012-03-07","c":42}},{"type":"Feature","geometry":{"type":"Polygon","coordinates":[[[10.97077,59.92803],[10.97086,59.92799],[10.9709,59.92782],[10.97067,59.92776],[10.9705,59.92787],[10.97052,59.92801],[10.97077,59.92803]]]},"properties":{"a":503,"v":571,"dh":1.13,"pl":1,"pn":"Lørenskog grønne sentrum, Elveparken","pd":"2007-03-21","c":75}},{"type":"Feature","geometry":{"type":"Polygon","coordinates":[[[10.96848,59.92831],[10.96882,59.92822],[10.96922,59.92803],[10.96935,59.92793],[10.9694,59.92775],[10.96895,59.9278],[10.96891,59.92771],[10.9685,59.92768],[10.9682,59.92774],[10.96843,59.92782],[10.96874,59.92778],[10.9686,59.92789],[10.96869,59.92799],[10.9687,59.92814],[10.96876,59.92818],[10.96843,59.92828],[10.96848,59.92831]]]},"properties":{"a":1858,"v":2392,"dh":1.29,"pl":1,"pn":"Sentrum øst - gjenvinningsstasjon","pd":"2012-03-07","c":42}},{"type":"Feature","geometry":{"type":"MultiPolygon","coordinates":[[[[10.98931,59.92355],[10.98929,59.92353],[10.98929,59.92355],[10.98931,59.92355]]],[[[10.98929,59.92355],[10.98916,59.92362],[10.98905,59.92358],[10.98898,59.92362],[10.9892,59.9237],[10.98921,59.92362],[10.98929,59.92355]]]]},"properties":{"a":126,"v":125,"dh":0.99,"pl":1,"pn":"Lørenskog grønne sentrum,  del av Torshov, Hammer, Røiri, Norum og Nordli.","pd":"2007-06-20","sh":1,"c":69}},{"type":"Feature","geometry":{"type":"Polygon","coordinates":[[[10.9889,59.92383],[10.98909,59.9238],[10.98911,59.92374],[10.98896,59.92373],[10.9889,59.9236],[10.98842,59.92355],[10.98841,59.92345],[10.98824,59.92358],[10.98824,59.92363],[10.98834,59.92368],[10.98861,59.92371],[10.9889,59.92383]],[[10.98864,59.92367],[10.98869,59.92365],[10.98869,59.92367],[10.98864,59.92367]]]},"properties":{"a":814,"v":1317,"dh":1.62,"pl":1,"pn":"Lørenskog grønne sentrum,  del av Torshov, Hammer, Røiri, Norum og Nordli.","pd":"2007-06-20","c":69}},{"type":"Feature","geometry":{"type":"Polygon","coordinates":[[[10.98328,59.92385],[10.98347,59.92376],[10.98356,59.92377],[10.98356,59.92374],[10.98338,59.92368],[10.98344,59.92372],[10.98342,59.92376],[10.98308,59.92373],[10.98301,59.92378],[10.98328,59.92385]]]},"properties":{"a":249,"v":209,"dh":0.84,"pl":1,"pn":"Hammer skole","pd":"2011-11-30","sh":1,"c":71}},{"type":"Feature","geometry":{"type":"Polygon","coordinates":[[[10.98077,59.92377],[10.98075,59.92371],[10.98068,59.92376],[10.9806,59.92391],[10.98061,59.92401],[10.9807,59.92403],[10.98074,59.9239],[10.98081,59.92387],[10.98084,59.92378],[10.98077,59.92377]],[[10.98077,59.92377],[10.98076,59.92378],[10.98075,59.92377],[10.98077,59.92377]]]},"properties":{"a":245,"v":228,"dh":0.93,"pl":1,"pn":"Lørenskog grønne sentrum, Elveparken","pd":"2007-03-21","sh":1,"c":76}},{"type":"Feature","geometry":{"type":"MultiPolygon","coordinates":[[[[10.98226,59.92382],[10.98224,59.92381],[10.98221,59.92382],[10.98226,59.92382]]],[[[10.9834,59.92404],[10.98272,59.92403],[10.98276,59.92402],[10.98273,59.92388],[10.98276,59.92382],[10.98306,59.92365],[10.98302,59.9236],[10.98272,59.92351],[10.98255,59.92357],[10.98251,59.92372],[10.98229,59.92379],[10.98226,59.92382],[10.98226,59.92384],[10.98217,59.92388],[10.98201,59.92387],[10.98208,59.92375],[10.98189,59.92386],[10.98189,59.9239],[10.98209,59.92393],[10.98226,59.92412],[10.98271,59.92413],[10.98313,59.92422],[10.98344,59.92418],[10.98359,59.92421],[10.98359,59.92428],[10.98411,59.92419],[10.98394,59.92411],[10.98378,59.9241],[10.98379,59.92404],[10.98376,59.92401],[10.98381,59.92402],[10.98381,59.92398],[10.98366,59.92394],[10.98347,59.92402],[10.98351,59.92408],[10.98346,59.92409],[10.9834,59.92404]],[[10.98337,59.92405],[10.98338,59.92406],[10.98337,59.92406],[10.98337,59.92405]],[[10.98376,59.92406],[10.98378,59.92405],[10.98378,59.92406],[10.98376,59.92406]],[[10.98371,59.92407],[10.98367,59.92408],[10.98367,59.92407],[10.98371,59.92407]],[[10.98297,59.92406],[10.98296,59.92407],[10.98295,59.92406],[10.98297,59.92406]]],[[[10.98383,59.92403],[10.98381,59.92402],[10.98381,59.92403],[10.98383,59.92403]]]]},"properties":{"a":3361,"v":-4466,"dh":1.33,"pl":1,"pn":"Hammer skole","pd":"2011-11-30","c":71}},{"type":"Feature","geometry":{"type":"Polygon","coordinates":[[[10.98115,59.92406],[10.98114,59.92399],[10.98101,59.92392],[10.98089,59.92397],[10.98091,59.92404],[10.98115,59.92406]]]},"properties":{"a":166,"v":144,"dh":0.87,"pl":1,"pn":"Lørenskog grønne sentrum, Elveparken","pd":"2007-03-21","sh":1,"c":76}},{"type":"Feature","geometry":{"type":"Polygon","coordinates":[[[10.98247,59.9244],[10.98262,59.9244],[10.98268,59.92431],[10.98245,59.92429],[10.98254,59.92433],[10.98247,59.9244]]]},"properties":{"a":109,"v":113,"dh":1.04,"pl":1,"pn":"Lørenskog grønne sentrum,  del av Torshov, Hammer, Røiri, Norum og Nordli.","pd":"2007-06-20","c":71}},{"type":"Feature","geometry":{"type":"Polygon","coordinates":[[[10.9817,59.92495],[10.9818,59.92486],[10.98182,59.92478],[10.98172,59.92472],[10.9816,59.92481],[10.98161,59.92491],[10.9817,59.92495]]]},"properties":{"a":208,"v":269,"dh":1.29,"pl":1,"pn":"Lørenskog grønne sentrum,  del av Torshov, Hammer, Røiri, Norum og Nordli.","pd":"2007-06-20","c":71}},{"type":"Feature","geometry":{"type":"Polygon","coordinates":[[[10.98553,59.92665],[10.98537,59.92653],[10.98531,59.92657],[10.98531,59.92664],[10.98553,59.92665]]]},"properties":{"a":112,"v":-135,"dh":1.21,"pl":1,"pn":"Lørenskog grønne sentrum,  del av Torshov, Hammer, Røiri, Norum og Nordli.","pd":"2007-06-20","c":71}},{"type":"Feature","geometry":{"type":"MultiPolygon","coordinates":[[[[10.98408,59.9261],[10.98406,59.92611],[10.98408,59.92611],[10.98408,59.9261]]],[[[10.98363,59.92698],[10.98352,59.92699],[10.98348,59.92692],[10.9833,59.92688],[10.98307,59.92695],[10.98299,59.92705],[10.98292,59.92706],[10.98293,59.92719],[10.98273,59.92727],[10.98271,59.92746],[10.98263,59.92758],[10.98272,59.92757],[10.98272,59.92762],[10.98283,59.92764],[10.98281,59.92766],[10.98315,59.92766],[10.98319,59.92777],[10.98316,59.92785],[10.98333,59.92788],[10.98345,59.92787],[10.98331,59.92785],[10.98332,59.92782],[10.98372,59.92783],[10.9837,59.92778],[10.98352,59.92776],[10.98351,59.92772],[10.9836,59.92768],[10.98387,59.92771],[10.98413,59.92782],[10.98445,59.92778],[10.98455,59.92765],[10.9849,59.92762],[10.98539,59.92768],[10.9856,59.9276],[10.98575,59.92747],[10.98609,59.92747],[10.98623,59.92742],[10.98628,59.92735],[10.98648,59.92732],[10.98665,59.9272],[10.98666,59.92711],[10.98679,59.92707],[10.98667,59.92698],[10.9864,59.92695],[10.9864,59.92691],[10.98631,59.92692],[10.98629,59.92688],[10.98604,59.92681],[10.98527,59.92665],[10.98527,59.92656],[10.9852,59.92654],[10.98521,59.92646],[10.98467,59.92636],[10.9841,59.92611],[10.98403,59.92617],[10.98358,59.92612],[10.98353,59.92619],[10.98327,59.92627],[10.9832,59.92641],[10.98324,59.92648],[10.98319,59.92651],[10.9833,59.9266],[10.98324,59.92673],[10.98326,59.92679],[10.98335,59.92677],[10.98339,59.92683],[10.98348,59.92684],[10.98363,59.92698]],[[10.98432,59.92778],[10.9843,59.92778],[10.98432,59.92777],[10.98432,59.92778]],[[10.98363,59.92701],[10.98365,59.92702],[10.98363,59.92702],[10.98363,59.92701]],[[10.98604,59.92721],[10.98602,59.92722],[10.98602,59.92721],[10.98604,59.92721]],[[10.9838,59.92721],[10.98372,59.92722],[10.98369,59.92716],[10.98384,59.92717],[10.98377,59.92719],[10.9838,59.92721]],[[10.98627,59.9269],[10.98624,59.92691],[10.98624,59.9269],[10.98627,59.9269]],[[10.98607,59.92686],[10.98606,59.92687],[10.98606,59.92686],[10.98607,59.92686]],[[10.98324,59.92651],[10.98323,59.92652],[10.98323,59.92651],[10.98324,59.92651]]],[[[10.98375,59.92721],[10.98377,59.9272],[10.98375,59.9272],[10.98375,59.92721]]]]},"properties":{"a":25980,"v":39006,"dh":1.5,"pl":1,"pn":"Lørenskog grønne sentrum,  del av Torshov, Hammer, Røiri, Norum og Nordli.","pd":"2007-06-20","c":71}},{"type":"Feature","geometry":{"type":"Polygon","coordinates":[[[10.97658,59.92424],[10.97665,59.9242],[10.97653,59.92412],[10.97656,59.92398],[10.97642,59.92396],[10.97647,59.92395],[10.97647,59.92389],[10.97629,59.92394],[10.97609,59.9241],[10.97596,59.92409],[10.976,59.92407],[10.97596,59.92401],[10.97585,59.92401],[10.9759,59.92403],[10.97587,59.92405],[10.97547,59.92401],[10.97526,59.92402],[10.97526,59.92406],[10.9751,59.9241],[10.97626,59.92425],[10.97658,59.92424]],[[10.97586,59.92415],[10.97582,59.92413],[10.97591,59.92415],[10.97586,59.92415]],[[10.97571,59.92413],[10.97573,59.92412],[10.97573,59.92413],[10.97571,59.92413]],[[10.97535,59.92411],[10.97546,59.92411],[10.97533,59.92408],[10.97544,59.92406],[10.97582,59.9241],[10.9755,59.9241],[10.97552,59.92413],[10.97535,59.92411]],[[10.97559,59.92412],[10.9756,59.92412],[10.9756,59.92412],[10.97559,59.92412]],[[10.97562,59.92412],[10.97566,59.92411],[10.97566,59.92412],[10.97562,59.92412]],[[10.97589,59.92411],[10.97592,59.92409],[10.97593,59.92411],[10.97589,59.92411]],[[10.97585,59.9241],[10.97587,59.92409],[10.97587,59.9241],[10.97585,59.9241]],[[10.97537,59.92405],[10.97542,59.92404],[10.97542,59.92405],[10.97537,59.92405]],[[10.97546,59.92405],[10.97547,59.92404],[10.97547,59.92405],[10.97546,59.92405]],[[10.97549,59.92405],[10.97551,59.92404],[10.97551,59.92404],[10.97549,59.92405]]]},"properties":{"a":1488,"v":1895,"dh":1.27,"pl":1,"pn":"Lørenskog grønne sentrum, Elveparken","pd":"2007-03-21","c":77}},{"type":"Feature","geometry":{"type":"Polygon","coordinates":[[[10.9777,59.92442],[10.97775,59.92437],[10.97737,59.92437],[10.97743,59.9244],[10.9777,59.92442]]]},"properties":{"a":104,"v":103,"dh":0.99,"pl":1,"pn":"Lørenskog grønne sentrum, Elveparken","pd":"2007-03-21","sh":1,"c":77}},{"type":"Feature","geometry":{"type":"Polygon","coordinates":[[[10.97811,59.92473],[10.97823,59.92462],[10.97819,59.92454],[10.97837,59.92421],[10.97822,59.92426],[10.97814,59.92436],[10.97804,59.9244],[10.9781,59.92451],[10.97806,59.92472],[10.97811,59.92473]]]},"properties":{"a":442,"v":453,"dh":1.02,"pl":1,"pn":"Lørenskog grønne sentrum, Elveparken","pd":"2007-03-21","c":77}},{"type":"Feature","geometry":{"type":"Polygon","coordinates":[[[10.97783,59.9275],[10.97741,59.92739],[10.97698,59.92731],[10.97687,59.92733],[10.97684,59.9274],[10.97686,59.92744],[10.97691,59.92734],[10.97701,59.92733],[10.97783,59.9275]]]},"properties":{"a":112,"v":-91,"dh":0.81,"pl":1,"pn":"Lørenskog grønne sentrum, Elveparken","pd":"2007-03-21","sh":1,"c":78}},{"type":"Feature","geometry":{"type":"Polygon","coordinates":[[[10.97554,59.93],[10.97572,59.92999],[10.97568,59.92994],[10.97552,59.92989],[10.97539,59.92991],[10.97554,59.93]]]},"properties":{"a":131,"v":130,"dh":1.0,"pl":1,"pn":"Lørenskog grønne sentrum, Elveparken","pd":"2007-03-21","sh":1,"c":79}},{"type":"Feature","geometry":{"type":"Polygon","coordinates":[[[10.97346,59.93014],[10.97365,59.93005],[10.97393,59.93001],[10.97359,59.93001],[10.97337,59.93012],[10.97346,59.93014]]]},"properties":{"a":153,"v":124,"dh":0.81,"pl":1,"pn":"Lørenskog grønne sentrum, Elveparken","pd":"2007-03-21","sh":1,"c":44}},{"type":"Feature","geometry":{"type":"Polygon","coordinates":[[[10.97591,59.93024],[10.97611,59.93018],[10.97626,59.93007],[10.97633,59.92995],[10.97629,59.92986],[10.97608,59.93007],[10.97591,59.93009],[10.97595,59.93016],[10.97584,59.93019],[10.97591,59.93024]]]},"properties":{"a":358,"v":374,"dh":1.05,"pl":1,"pn":"Lørenskog grønne sentrum, Elveparken","pd":"2007-03-21","c":79}},{"type":"Feature","geometry":{"type":"Polygon","coordinates":[[[10.97586,59.93114],[10.97589,59.9311],[10.97388,59.9306],[10.97495,59.93092],[10.97586,59.93114]]]},"properties":{"a":536,"v":629,"dh":1.17,"pl":1,"pn":"Lørenskog grønne sentrum, Elveparken","pd":"2007-03-21","c":79}},{"type":"Feature","geometry":{"type":"Polygon","coordinates":[[[10.98753,59.92762],[10.98765,59.92749],[10.98751,59.92747],[10.98745,59.92749],[10.98749,59.92754],[10.98739,59.92753],[10.98733,59.92758],[10.98735,59.92761],[10.98753,59.92762]],[[10.98755,59.92752],[10.98758,59.92751],[10.98758,59.92752],[10.98755,59.92752]]]},"properties":{"a":163,"v":132,"dh":0.81,"pl":1,"pn":"Lørenskog grønne sentrum,  del av Torshov, Hammer, Røiri, Norum og Nordli.","pd":"2007-06-20","sh":1,"c":80}},{"type":"Feature","geometry":{"type":"Polygon","coordinates":[[[10.98857,59.92759],[10.98884,59.9276],[10.98884,59.92756],[10.98842,59.92746],[10.98857,59.92759]]]},"properties":{"a":175,"v":-167,"dh":0.96,"pl":1,"pn":"Lørenskog grønne sentrum,  del av Torshov, Hammer, Røiri, Norum og Nordli.","pd":"2007-06-20","sh":1,"c":80}},{"type":"Feature","geometry":{"type":"Polygon","coordinates":[[[10.98623,59.92795],[10.98664,59.92786],[10.98662,59.92782],[10.98669,59.92779],[10.98665,59.92777],[10.98668,59.92774],[10.98651,59.92764],[10.98641,59.92765],[10.98641,59.92769],[10.98639,59.92765],[10.98625,59.92767],[10.98602,59.92777],[10.98595,59.92785],[10.986,59.92796],[10.98623,59.92795]],[[10.98608,59.9279],[10.9861,59.92789],[10.9861,59.9279],[10.98608,59.9279]],[[10.98655,59.92769],[10.98657,59.92768],[10.98657,59.92769],[10.98655,59.92769]]]},"properties":{"a":951,"v":897,"dh":0.94,"pl":1,"pn":"Lørenskog grønne sentrum,  del av Torshov, Hammer, Røiri, Norum og Nordli.","pd":"2007-06-20","fo":1,"c":71}},{"type":"Feature","geometry":{"type":"Polygon","coordinates":[[[10.98819,59.92776],[10.98773,59.92785],[10.98773,59.92789],[10.98807,59.92792],[10.98824,59.92783],[10.98819,59.92776]],[[10.98812,59.92778],[10.98815,59.92781],[10.9881,59.92779],[10.98812,59.92778]]]},"properties":{"a":315,"v":270,"dh":0.86,"pl":1,"pn":"Lørenskog grønne sentrum,  del av Torshov, Hammer, Røiri, Norum og Nordli.","pd":"2007-06-20","sh":1,"c":80}},{"type":"Feature","geometry":{"type":"Polygon","coordinates":[[[10.98476,59.92795],[10.98509,59.92799],[10.98507,59.92795],[10.98494,59.92794],[10.9849,59.92787],[10.98483,59.92788],[10.98476,59.92795]]]},"properties":{"a":128,"v":190,"dh":1.48,"pl":1,"pn":"Lørenskog grønne sentrum,  del av Torshov, Hammer, Røiri, Norum og Nordli.","pd":"2007-06-20","c":71}},{"type":"Feature","geometry":{"type":"Polygon","coordinates":[[[10.98128,59.92958],[10.98137,59.92953],[10.98147,59.92924],[10.98147,59.92914],[10.98128,59.92921],[10.98115,59.92943],[10.98115,59.92951],[10.98128,59.92958]]]},"properties":{"a":519,"v":1006,"dh":1.94,"pl":1,"pn":"Lørenskog grønne sentrum,  del av Torshov, Hammer, Røiri, Norum og Nordli.","pd":"2007-06-20","c":71}},{"type":"Feature","geometry":{"type":"Polygon","coordinates":[[[10.9825,59.93061],[10.98177,59.93031],[10.98168,59.93031],[10.9817,59.93037],[10.982,59.9305],[10.9825,59.93061]]]},"properties":{"a":331,"v":468,"dh":1.42,"pl":1,"pn":"Lørenskog grønne sentrum,  del av Torshov, Hammer, Røiri, Norum og Nordli.","pd":"2007-06-20","c":71}},{"type":"Feature","geometry":{"type":"Polygon","coordinates":[[[10.98152,59.93479],[10.98155,59.93474],[10.9815,59.93472],[10.98126,59.93472],[10.9813,59.93476],[10.98152,59.93479]]]},"properties":{"a":109,"v":148,"dh":1.36,"pl":0,"fo":1,"c":81}},{"type":"Feature","geometry":{"type":"Polygon","coordinates":[[[10.98012,59.9353],[10.9802,59.93523],[10.98018,59.93517],[10.98004,59.93516],[10.98003,59.93527],[10.98012,59.9353]]]},"properties":{"a":122,"v":124,"dh":1.02,"pl":1,"pn":"Fjellhamar sentrum - del 1-3","pd":"1983-10-31","fo":1,"c":82}},{"type":"Feature","geometry":{"type":"Polygon","coordinates":[[[10.97793,59.9317],[10.97615,59.93115],[10.97593,59.93113],[10.97597,59.9312],[10.97793,59.9317]]]},"properties":{"a":761,"v":1062,"dh":1.4,"pl":1,"pn":"Lørenskog grønne sentrum, Elveparken","pd":"2007-03-21","c":79}},{"type":"Feature","geometry":{"type":"Polygon","coordinates":[[[10.9749,59.93395],[10.97489,59.93384],[10.97507,59.93372],[10.97506,59.93364],[10.97486,59.93352],[10.97441,59.93348],[10.97418,59.93355],[10.97409,59.93364],[10.97408,59.93376],[10.9743,59.93381],[10.97427,59.93384],[10.9749,59.93395]]]},"properties":{"a":1959,"v":3769,"dh":1.92,"pl":1,"pn":"Elveveien 26","pd":"2016-12-14","c":83}},{"type":"Feature","geometry":{"type":"Polygon","coordinates":[[[10.97755,59.93424],[10.97756,59.93407],[10.97739,59.93405],[10.97742,59.93419],[10.97755,59.93424]]]},"properties":{"a":146,"v":174,"dh":1.19,"pl":1,"pn":"Området ved Fjellsrud","pd":"2000-02-09","sl":1,"c":84}},{"type":"Feature","geometry":{"type":"Polygon","coordinates":[[[10.97464,59.93467],[10.9748,59.93461],[10.97479,59.93457],[10.97465,59.93454],[10.97449,59.9346],[10.97464,59.93467]]]},"properties":{"a":144,"v":-236,"dh":1.64,"pl":1,"pn":"Området ved Fjellsrud","pd":"2000-02-09","c":47}},{"type":"Feature","geometry":{"type":"Polygon","coordinates":[[[10.97849,59.93525],[10.9785,59.93518],[10.97826,59.93509],[10.9781,59.93513],[10.97814,59.93517],[10.97849,59.93525]]]},"properties":{"a":180,"v":-270,"dh":1.5,"pl":1,"pn":"Området ved Fjellsrud","pd":"2000-02-09","c":47}},{"type":"Feature","geometry":{"type":"MultiPolygon","coordinates":[[[[10.97744,59.93519],[10.97748,59.93522],[10.97752,59.93519],[10.97744,59.93519]]],[[[10.97744,59.93519],[10.97735,59.93514],[10.97703,59.93511],[10.97691,59.93515],[10.9768,59.93512],[10.97668,59.93527],[10.97693,59.93529],[10.977,59.93524],[10.97703,59.93538],[10.97708,59.93538],[10.97718,59.93533],[10.9772,59.93524],[10.97744,59.93519]]]]},"properties":{"a":623,"v":926,"dh":1.49,"pl":1,"pn":"Området ved Fjellsrud","pd":"2000-02-09","c":47}},{"type":"Feature","geometry":{"type":"Polygon","coordinates":[[[10.97727,59.93556],[10.97746,59.9354],[10.97724,59.93543],[10.97718,59.93548],[10.97703,59.93547],[10.977,59.93551],[10.97727,59.93556]]]},"properties":{"a":209,"v":-222,"dh":1.06,"pl":1,"pn":"Området ved Fjellsrud","pd":"2000-02-09","c":47}},{"type":"Feature","geometry":{"type":"Polygon","coordinates":[[[10.9789,59.93558],[10.97907,59.93546],[10.97908,59.93536],[10.97901,59.93536],[10.97883,59.93555],[10.97883,59.93558],[10.9789,59.93558]]]},"properties":{"a":155,"v":250,"dh":1.61,"pl":1,"pn":"Området ved Fjellsrud","pd":"2000-02-09","c":47}},{"type":"Feature","geometry":{"type":"MultiPolygon","coordinates":[[[[10.97692,59.93547],[10.97696,59.9355],[10.97698,59.93546],[10.97692,59.93547]]],[[[10.97691,59.93553],[10.97672,59.93562],[10.97672,59.93564],[10.97688,59.93567],[10.97693,59.9356],[10.97691,59.93553]]]]},"properties":{"a":112,"v":100,"dh":0.89,"pl":1,"pn":"Aasmund Vinjes vei 4-6","pd":"2002-09-16","sh":1,"c":85}},{"type":"Feature","geometry":{"type":"Polygon","coordinates":[[[10.97852,59.93582],[10.97864,59.93575],[10.97862,59.93565],[10.97872,59.93557],[10.9787,59.93548],[10.97847,59.93556],[10.97849,59.93561],[10.9786,59.93563],[10.97853,59.93569],[10.97852,59.93582]]]},"properties":{"a":236,"v":246,"dh":1.04,"pl":1,"pn":"Området ved Fjellsrud","pd":"2000-02-09","c":47}},{"type":"Feature","geometry":{"type":"Polygon","coordinates":[[[10.97463,59.9367],[10.97482,59.93657],[10.97482,59.93648],[10.9746,59.93642],[10.97439,59.93647],[10.97427,59.93663],[10.97463,59.9367]]]},"properties":{"a":642,"v":-784,"dh":1.22,"pl":1,"pn":"Området begrenset av Per Sivles vei, Marcus Thranes vei og Nordahl Griegs vei","pd":"1992-02-19","c":50}},{"type":"Feature","geometry":{"type":"Polygon","coordinates":[[[10.97838,59.93708],[10.97867,59.93708],[10.97864,59.93699],[10.97837,59.93697],[10.97832,59.93702],[10.97838,59.93708]]]},"properties":{"a":213,"v":-464,"dh":2.18,"pl":2,"pn":"Del av Marcus Thranes vei og Kloppaveien","pd":"2021-06-23","c":86}},{"type":"Feature","geometry":{"type":"Polygon","coordinates":[[[10.9775,59.93731],[10.97801,59.93724],[10.97817,59.93709],[10.97804,59.93704],[10.97797,59.93718],[10.97748,59.93726],[10.9775,59.93731]]]},"properties":{"a":351,"v":-578,"dh":1.65,"pl":1,"pn":"Området ved Fjellsrud","pd":"2000-02-09","c":47}},{"type":"Feature","geometry":{"type":"Polygon","coordinates":[[[10.97839,59.9375],[10.9786,59.93747],[10.97853,59.93723],[10.97834,59.93722],[10.97832,59.93735],[10.97838,59.93739],[10.97839,59.9375]]]},"properties":{"a":348,"v":-892,"dh":2.56,"pl":2,"pn":"Del av Marcus Thranes vei og Kloppaveien","pd":"2021-06-23","c":86}},{"type":"Feature","geometry":{"type":"Polygon","coordinates":[[[10.97688,59.93797],[10.97714,59.93791],[10.97716,59.93787],[10.97705,59.93782],[10.97683,59.93781],[10.97676,59.9379],[10.97688,59.93797]]]},"properties":{"a":251,"v":446,"dh":1.78,"pl":1,"pn":"Fjellhamar skole","pd":"2020-01-28","c":87}},{"type":"Feature","geometry":{"type":"MultiPolygon","coordinates":[[[[10.97775,59.9382],[10.97797,59.93823],[10.97814,59.93807],[10.97785,59.93803],[10.97765,59.93807],[10.97757,59.93812],[10.9774,59.93809],[10.97755,59.93814],[10.9775,59.93816],[10.97753,59.93819],[10.97768,59.93817],[10.97771,59.93812],[10.97775,59.9382]],[[10.97767,59.93816],[10.97766,59.93815],[10.97767,59.93815],[10.97767,59.93816]],[[10.97765,59.9381],[10.97764,59.93811],[10.97764,59.9381],[10.97765,59.9381]],[[10.97776,59.93817],[10.97778,59.93816],[10.97778,59.93817],[10.97776,59.93817]],[[10.97758,59.93814],[10.9776,59.93815],[10.97758,59.93815],[10.97758,59.93814]],[[10.97776,59.93809],[10.97778,59.9381],[10.97776,59.9381],[10.97776,59.93809]]],[[[10.97768,59.93818],[10.97771,59.93817],[10.97768,59.93817],[10.97768,59.93818]]]]},"properties":{"a":444,"v":368,"dh":0.83,"pl":1,"pn":"Fjellhamar skole","pd":"2020-01-28","sh":1,"c":87}},{"type":"Feature","geometry":{"type":"MultiPolygon","coordinates":[[[[10.97612,59.93873],[10.97621,59.93877],[10.97649,59.93866],[10.97674,59.93846],[10.97681,59.93835],[10.9769,59.93832],[10.977,59.9382],[10.97724,59.93803],[10.978,59.93798],[10.97819,59.93803],[10.9782,59.93798],[10.97796,59.93779],[10.97766,59.93786],[10.97719,59.93785],[10.9772,59.93792],[10.97698,59.93796],[10.97686,59.93804],[10.97675,59.93798],[10.97662,59.93811],[10.97671,59.93818],[10.9765,59.93833],[10.97654,59.93837],[10.97651,59.93841],[10.97644,59.93838],[10.97644,59.93843],[10.97637,59.93847],[10.97641,59.93855],[10.97637,59.93857],[10.97618,59.93859],[10.97629,59.93867],[10.97612,59.93873]]],[[[10.97612,59.93873],[10.97606,59.93871],[10.97606,59.93873],[10.97612,59.93873]]]]},"properties":{"a":2586,"v":-3885,"dh":1.5,"pl":1,"pn":"Fjellhamar skole","pd":"2020-01-28","c":87}},{"type":"Feature","geometry":{"type":"Polygon","coordinates":[[[10.97488,59.9385],[10.97493,59.93843],[10.97468,59.93837],[10.97472,59.93839],[10.9747,59.93846],[10.97488,59.9385]]]},"properties":{"a":109,"v":90,"dh":0.83,"pl":0,"sh":1,"c":88}},{"type":"Feature","geometry":{"type":"Polygon","coordinates":[[[10.97613,59.93866],[10.97602,59.93854],[10.97577,59.93856],[10.97568,59.93862],[10.97613,59.93866]]]},"properties":{"a":241,"v":322,"dh":1.34,"pl":1,"pn":"Fjellhamar skole","pd":"2020-01-28","c":87}},{"type":"Feature","geometry":{"type":"MultiPolygon","coordinates":[[[[10.97742,59.93874],[10.97769,59.93849],[10.97708,59.93839],[10.97698,59.93847],[10.97711,59.93854],[10.97748,59.93855],[10.97735,59.93864],[10.97733,59.9387],[10.97728,59.9387],[10.97729,59.93864],[10.97724,59.93864],[10.97725,59.93879],[10.97742,59.93874]],[[10.97738,59.93865],[10.97744,59.93867],[10.97738,59.93867],[10.97738,59.93865]]],[[[10.97739,59.93876],[10.97741,59.93876],[10.97741,59.93876],[10.97739,59.93876]]]]},"properties":{"a":593,"v":518,"dh":0.87,"pl":1,"pn":"Fjellhamar skole","pd":"2020-01-28","c":87}},{"type":"Feature","geometry":{"type":"Polygon","coordinates":[[[10.97971,59.93543],[10.97998,59.93533],[10.97999,59.9353],[10.97987,59.9353],[10.97982,59.93536],[10.97978,59.93536],[10.97981,59.93529],[10.97974,59.9353],[10.97971,59.93543]]]},"properties":{"a":118,"v":109,"dh":0.92,"pl":1,"pn":"Fjellhamar sentrum - del 1-3","pd":"1983-10-31","sh":1,"c":89}},{"type":"Feature","geometry":{"type":"Polygon","coordinates":[[[10.98035,59.93556],[10.98025,59.93546],[10.97998,59.93545],[10.97992,59.9355],[10.98003,59.93555],[10.98035,59.93556]]]},"properties":{"a":218,"v":-530,"dh":2.43,"pl":1,"pn":"Fjellhamar sentrum - del 1-3","pd":"1983-10-31","fo":1,"c":82}},{"type":"Feature","geometry":{"type":"Polygon","coordinates":[[[10.97944,59.93983],[10.97961,59.93973],[10.9798,59.93982],[10.97983,59.93978],[10.97956,59.93968],[10.97938,59.9398],[10.97944,59.93983]]]},"properties":{"a":143,"v":124,"dh":0.86,"pl":1,"pn":"Fjellhamar sentrum - del 1-3","pd":"1983-10-31","sh":1,"c":90}},{"type":"Feature","geometry":{"type":"Polygon","coordinates":[[[10.98071,59.9408],[10.98077,59.94075],[10.981,59.94073],[10.98092,59.94064],[10.98063,59.94055],[10.98041,59.94057],[10.98031,59.94065],[10.98039,59.9407],[10.98039,59.94075],[10.98071,59.9408]]]},"properties":{"a":668,"v":952,"dh":1.42,"pl":1,"pn":"Fjellhamar sentrum vest","pd":"2014-09-17","c":91}},{"type":"Feature","geometry":{"type":"MultiPolygon","coordinates":[[[[10.97922,59.94097],[10.97896,59.94109],[10.97896,59.94112],[10.97918,59.94124],[10.98015,59.94119],[10.98036,59.94116],[10.98046,59.9411],[10.98031,59.94094],[10.98028,59.94078],[10.97997,59.9406],[10.98004,59.94058],[10.98,59.94055],[10.97991,59.94053],[10.97934,59.94061],[10.97913,59.94059],[10.97904,59.94072],[10.9791,59.94072],[10.9791,59.94078],[10.97921,59.94079],[10.9792,59.94089],[10.97929,59.94092],[10.97922,59.94097]],[[10.97933,59.94092],[10.97925,59.94087],[10.9793,59.94087],[10.97933,59.94092]],[[10.97946,59.94115],[10.97948,59.94116],[10.97946,59.94116],[10.97946,59.94115]],[[10.97979,59.94113],[10.9795,59.9411],[10.9798,59.94109],[10.97979,59.94113]]],[[[10.97913,59.94099],[10.97912,59.941],[10.97913,59.941],[10.97913,59.94099]]]]},"properties":{"a":4442,"v":5825,"dh":1.31,"pl":1,"pn":"Fjellhamar sentrum vest","pd":"2014-09-17","c":91}},{"type":"Feature","geometry":{"type":"Polygon","coordinates":[[[10.981,59.94112],[10.98118,59.94104],[10.98109,59.94102],[10.98117,59.94094],[10.98105,59.9408],[10.98079,59.94084],[10.9805,59.94079],[10.98043,59.94089],[10.98055,59.94105],[10.981,59.94112]]]},"properties":{"a":1029,"v":-1494,"dh":1.45,"pl":1,"pn":"Fjellhamar sentrum vest","pd":"2014-09-17","c":91}},{"type":"Feature","geometry":{"type":"Polygon","coordinates":[[[10.9808,59.94137],[10.98096,59.94126],[10.9806,59.94128],[10.98064,59.94131],[10.9808,59.94137]],[[10.98082,59.94129],[10.98083,59.94128],[10.98083,59.94129],[10.98082,59.94129]]]},"properties":{"a":153,"v":-118,"dh":0.77,"pl":1,"pn":"Fjellhamar sentrum vest","pd":"2014-09-17","sh":1,"c":91}},{"type":"Feature","geometry":{"type":"Polygon","coordinates":[[[10.98016,59.9414],[10.98025,59.94134],[10.98019,59.9413],[10.98062,59.94125],[10.98015,59.94127],[10.98012,59.94133],[10.98001,59.94134],[10.98007,59.9414],[10.98016,59.9414]]]},"properties":{"a":187,"v":-150,"dh":0.8,"pl":1,"pn":"Fjellhamar sentrum vest","pd":"2014-09-17","sh":1,"c":91}},{"type":"Feature","geometry":{"type":"Polygon","coordinates":[[[10.9807,59.94237],[10.98142,59.94235],[10.98147,59.94179],[10.98159,59.94172],[10.98153,59.94151],[10.98115,59.94154],[10.98096,59.94161],[10.98093,59.94177],[10.9805,59.94225],[10.98054,59.94233],[10.9807,59.94237]]]},"properties":{"a":3717,"v":-17885,"dh":4.81,"pl":1,"pn":"Fjellhamar sentrum vest","pd":"2014-09-17","c":91}},{"type":"Feature","geometry":{"type":"Polygon","coordinates":[[[10.98045,59.94321],[10.98055,59.94319],[10.98057,59.94312],[10.98074,59.94304],[10.98079,59.94295],[10.981,59.94291],[10.98083,59.94268],[10.98072,59.94243],[10.98052,59.94233],[10.9805,59.94224],[10.98085,59.94183],[10.98082,59.94164],[10.9812,59.9415],[10.98145,59.94135],[10.98141,59.9413],[10.98112,59.94128],[10.98053,59.94157],[10.98045,59.94176],[10.98025,59.94196],[10.98019,59.94227],[10.98002,59.94239],[10.97998,59.94252],[10.98018,59.94257],[10.98018,59.94263],[10.98011,59.94269],[10.98021,59.9428],[10.98004,59.94308],[10.98028,59.94307],[10.98045,59.94321]]]},"properties":{"a":6107,"v":17126,"dh":2.8,"pl":1,"pn":"Fjellhamar sentrum vest","pd":"2014-09-17","c":91}},{"type":"Feature","geometry":{"type":"Polygon","coordinates":[[[10.95861,59.93021],[10.95857,59.93019],[10.95863,59.93005],[10.9586,59.93004],[10.95769,59.9299],[10.95761,59.92991],[10.95756,59.93],[10.9576,59.93006],[10.95861,59.93021]]]},"properties":{"a":1090,"v":-1291,"dh":1.18,"pl":1,"pn":"Lørenskog sentralområde - Kjenn","pd":"2005-06-01","c":19}},{"type":"Feature","geometry":{"type":"Polygon","coordinates":[[[10.95838,59.93064],[10.95859,59.93046],[10.95857,59.93042],[10.95842,59.93043],[10.95838,59.9306],[10.95838,59.93064]]]},"properties":{"a":154,"v":185,"dh":1.2,"pl":1,"pn":"Lørenskog sentralområde - Kjenn","pd":"2005-06-01","c":19}},{"type":"Feature","geometry":{"type":"Polygon","coordinates":[[[10.95993,59.93077],[10.96008,59.93068],[10.96006,59.93061],[10.95997,59.93057],[10.95963,59.93061],[10.95966,59.93071],[10.9598,59.93071],[10.95984,59.93077],[10.95993,59.93077]]]},"properties":{"a":428,"v":-445,"dh":1.04,"pl":1,"pn":"Lørenskog sentralområde - Kjenn","pd":"2005-06-01","c":19}},{"type":"Feature","geometry":{"type":"Polygon","coordinates":[[[10.95979,59.93107],[10.95989,59.93103],[10.95987,59.93096],[10.95956,59.93091],[10.95942,59.93098],[10.95948,59.93103],[10.95979,59.93107]]]},"properties":{"a":333,"v":355,"dh":1.07,"pl":1,"pn":"Lørenskog sentralområde - Kjenn","pd":"2005-06-01","c":19}},{"type":"Feature","geometry":{"type":"Polygon","coordinates":[[[10.95772,59.93609],[10.95782,59.93602],[10.95799,59.93578],[10.95793,59.93577],[10.9578,59.93588],[10.9577,59.93604],[10.95772,59.93609]]]},"properties":{"a":155,"v":-152,"dh":0.98,"pl":1,"pn":"Langvannet vest friområde","pd":"2008-02-06","sh":1,"c":92}},{"type":"Feature","geometry":{"type":"Polygon","coordinates":[[[10.96054,59.93683],[10.96067,59.9367],[10.96059,59.93673],[10.96039,59.93671],[10.96039,59.93676],[10.96054,59.93683]]]},"properties":{"a":129,"v":153,"dh":1.18,"pl":1,"pn":"Fjellhamarskogen","pd":"1987-02-25","c":43}},{"type":"Feature","geometry":{"type":"Polygon","coordinates":[[[10.95958,59.93734],[10.95967,59.93726],[10.95965,59.93719],[10.95945,59.9372],[10.95942,59.93734],[10.95958,59.93734]]]},"properties":{"a":195,"v":386,"dh":1.98,"pl":1,"pn":"Fjellhamarskogen","pd":"1987-02-25","c":43}},{"type":"Feature","geometry":{"type":"MultiPolygon","coordinates":[[[[10.95874,59.93757],[10.95868,59.93751],[10.95877,59.93745],[10.95876,59.9374],[10.95852,59.93747],[10.95854,59.93756],[10.95874,59.93757]]],[[[10.95876,59.9376],[10.95877,59.93759],[10.95876,59.93759],[10.95876,59.9376]]]]},"properties":{"a":170,"v":202,"dh":1.19,"pl":1,"pn":"Friområde rundt Langvannet","pd":"1980-06-16","c":93}},{"type":"Feature","geometry":{"type":"Polygon","coordinates":[[[10.95944,59.9377],[10.95947,59.93758],[10.95933,59.93757],[10.95933,59.93767],[10.95944,59.9377]]]},"properties":{"a":112,"v":127,"dh":1.13,"pl":1,"pn":"Fjellhamarskogen","pd":"1987-02-25","c":43}},{"type":"Feature","geometry":{"type":"MultiPolygon","coordinates":[[[[10.9596,59.93785],[10.95954,59.93774],[10.95936,59.93773],[10.95947,59.93782],[10.9596,59.93785]]],[[[10.95962,59.93788],[10.95963,59.93786],[10.95961,59.93786],[10.95962,59.93788]]]]},"properties":{"a":100,"v":-138,"dh":1.38,"pl":1,"pn":"Fjellhamarskogen","pd":"1987-02-25","c":43}},{"type":"Feature","geometry":{"type":"Polygon","coordinates":[[[10.95729,59.93034],[10.95729,59.93031],[10.95741,59.93029],[10.95768,59.93031],[10.95779,59.93025],[10.95778,59.93018],[10.95764,59.93011],[10.95717,59.93007],[10.95708,59.93014],[10.95707,59.93025],[10.95729,59.93034]],[[10.95744,59.93015],[10.95733,59.93014],[10.95744,59.93012],[10.95744,59.93015]]]},"properties":{"a":860,"v":861,"dh":1.0,"pl":1,"pn":"Lørenskog sentralområde - Kjenn","pd":"2005-06-01","c":19}},{"type":"Feature","geometry":{"type":"Polygon","coordinates":[[[10.95598,59.93119],[10.9562,59.9312],[10.95627,59.93118],[10.95626,59.93113],[10.95612,59.93109],[10.95598,59.93119]]]},"properties":{"a":116,"v":98,"dh":0.84,"pl":1,"pn":"Kinnskogen nord for rådhuset og lettbetonghusfeltet","pd":"1981-06-04","sh":1,"c":94}},{"type":"Feature","geometry":{"type":"Polygon","coordinates":[[[10.95594,59.94143],[10.95611,59.94134],[10.95616,59.94127],[10.95581,59.94139],[10.95583,59.94143],[10.95594,59.94143]]]},"properties":{"a":132,"v":168,"dh":1.27,"pl":0,"c":95}},{"type":"Feature","geometry":{"type":"Polygon","coordinates":[[[10.95561,59.9416],[10.95575,59.9415],[10.95549,59.94145],[10.95561,59.9416]]]},"properties":{"a":132,"v":-227,"dh":1.72,"pl":1,"pn":"Hans Egedes vei undergang","pd":"2017-04-26","c":96}},{"type":"Feature","geometry":{"type":"Polygon","coordinates":[[[10.95712,59.94233],[10.9571,59.9422],[10.95692,59.9422],[10.95692,59.94227],[10.95712,59.94233]]]},"properties":{"a":127,"v":-132,"dh":1.04,"pl":0,"c":97}},{"type":"Feature","geometry":{"type":"Polygon","coordinates":[[[10.95803,59.94311],[10.95795,59.94304],[10.958,59.94293],[10.95779,59.94298],[10.95779,59.94303],[10.9577,59.94307],[10.95803,59.94311]]]},"properties":{"a":188,"v":195,"dh":1.04,"pl":1,"pn":"Ødegården felt B1, O1 og Af2","pd":"2012-12-19","c":98}},{"type":"Feature","geometry":{"type":"Polygon","coordinates":[[[10.9571,59.94324],[10.95713,59.94316],[10.95731,59.94312],[10.95739,59.94303],[10.9572,59.94303],[10.95713,59.94315],[10.95705,59.9432],[10.9571,59.94324]]]},"properties":{"a":164,"v":201,"dh":1.22,"pl":1,"pn":"Ødegården felt B1, O1 og Af2","pd":"2012-12-19","c":98}},{"type":"Feature","geometry":{"type":"Polygon","coordinates":[[[10.95766,59.94388],[10.95804,59.94361],[10.95807,59.94352],[10.95801,59.9435],[10.95801,59.94344],[10.95802,59.94338],[10.95808,59.94338],[10.95806,59.94334],[10.95818,59.94327],[10.95814,59.94319],[10.95792,59.94313],[10.9578,59.94317],[10.95753,59.94316],[10.95732,59.94325],[10.9572,59.94336],[10.95766,59.94388]]]},"properties":{"a":2695,"v":5577,"dh":2.07,"pl":1,"pn":"Ødegården felt B1, O1 og Af2","pd":"2012-12-19","c":98}},{"type":"Feature","geometry":{"type":"Polygon","coordinates":[[[10.95799,59.94373],[10.95817,59.94366],[10.95837,59.94347],[10.95856,59.94339],[10.95858,59.94334],[10.9583,59.94327],[10.95824,59.94343],[10.95817,59.94343],[10.95819,59.9435],[10.95799,59.94369],[10.95799,59.94373]]]},"properties":{"a":499,"v":-869,"dh":1.74,"pl":1,"pn":"Ødegården felt B1, O1 og Af2","pd":"2012-12-19","fo":1,"c":98}},{"type":"Feature","geometry":{"type":"Polygon","coordinates":[[[10.95942,59.93796],[10.95944,59.93791],[10.95938,59.93788],[10.95913,59.93786],[10.95917,59.93793],[10.95942,59.93796]]]},"properties":{"a":132,"v":-171,"dh":1.29,"pl":1,"pn":"Fjellhamarskogen","pd":"1987-02-25","c":43}},{"type":"Feature","geometry":{"type":"Polygon","coordinates":[[[10.9601,59.93882],[10.96028,59.9388],[10.96029,59.93874],[10.96022,59.9387],[10.96002,59.93872],[10.9601,59.93882]]]},"properties":{"a":136,"v":-145,"dh":1.06,"pl":1,"pn":"Fjellhamarskogen","pd":"1987-02-25","c":43}},{"type":"Feature","geometry":{"type":"Polygon","coordinates":[[[10.95963,59.93963],[10.95984,59.93953],[10.95987,59.93946],[10.95932,59.93952],[10.95938,59.93961],[10.95963,59.93963]]]},"properties":{"a":405,"v":488,"dh":1.21,"pl":1,"pn":"Fjellhamarskogen","pd":"1987-02-25","c":43}},{"type":"Feature","geometry":{"type":"Polygon","coordinates":[[[10.95831,59.94058],[10.95868,59.94053],[10.95871,59.94047],[10.95831,59.94058]]]},"properties":{"a":127,"v":147,"dh":1.15,"pl":0,"c":99}},{"type":"Feature","geometry":{"type":"Polygon","coordinates":[[[10.95994,59.9406],[10.96,59.94053],[10.96016,59.94052],[10.96018,59.94041],[10.95982,59.94053],[10.95985,59.94058],[10.95994,59.9406]]]},"properties":{"a":227,"v":-296,"dh":1.31,"pl":0,"c":100}},{"type":"Feature","geometry":{"type":"Polygon","coordinates":[[[10.95939,59.94103],[10.95964,59.94097],[10.95963,59.94093],[10.95951,59.94092],[10.95939,59.94098],[10.95939,59.94103]]]},"properties":{"a":114,"v":-147,"dh":1.29,"pl":0,"c":100}},{"type":"Feature","geometry":{"type":"Polygon","coordinates":[[[10.95971,59.94123],[10.95986,59.94118],[10.9599,59.94114],[10.9598,59.94108],[10.9597,59.9411],[10.95961,59.9412],[10.95971,59.94123]]]},"properties":{"a":155,"v":-162,"dh":1.04,"pl":0,"c":100}},{"type":"Feature","geometry":{"type":"Polygon","coordinates":[[[10.9605,59.94432],[10.96062,59.94425],[10.96076,59.9443],[10.96091,59.94427],[10.96095,59.94414],[10.96082,59.94411],[10.96065,59.94415],[10.9604,59.94427],[10.9605,59.94432]]]},"properties":{"a":383,"v":583,"dh":1.52,"pl":1,"pn":"Ødegården - felt B10-B13","pd":"2013-05-29","fo":1,"c":101}},{"type":"Feature","geometry":{"type":"Polygon","coordinates":[[[10.96003,59.94458],[10.96006,59.94452],[10.96027,59.94451],[10.96034,59.94442],[10.96025,59.94439],[10.96019,59.94431],[10.95992,59.94423],[10.95956,59.9442],[10.95928,59.94402],[10.95916,59.94404],[10.95907,59.94416],[10.95877,59.9442],[10.95865,59.9443],[10.95868,59.94443],[10.95875,59.94447],[10.95916,59.94443],[10.95927,59.94447],[10.95975,59.94449],[10.96003,59.94458]]]},"properties":{"a":2981,"v":10761,"dh":3.61,"pl":1,"pn":"Ødegården - felt B10-B13","pd":"2013-05-29","c":101}},{"type":"Feature","geometry":{"type":"MultiPolygon","coordinates":[[[[10.9627,59.94494],[10.96259,59.94482],[10.96267,59.94478],[10.96267,59.94471],[10.96281,59.94464],[10.9628,59.94459],[10.96261,59.94456],[10.96252,59.94463],[10.96232,59.9446],[10.96241,59.94452],[10.96222,59.94447],[10.96225,59.94432],[10.9622,59.94414],[10.96225,59.944],[10.96212,59.94399],[10.96212,59.94393],[10.96252,59.94364],[10.9626,59.94355],[10.96266,59.94337],[10.96232,59.94341],[10.96215,59.94349],[10.9621,59.94358],[10.96197,59.9435],[10.96178,59.94355],[10.9618,59.94359],[10.96196,59.94356],[10.96197,59.94358],[10.96176,59.94365],[10.96175,59.94373],[10.96188,59.94381],[10.96178,59.94396],[10.9615,59.94396],[10.9613,59.94404],[10.96109,59.94401],[10.96097,59.9441],[10.96111,59.94417],[10.96109,59.94431],[10.96114,59.94433],[10.96103,59.94434],[10.9609,59.94443],[10.96079,59.94442],[10.96083,59.94452],[10.96065,59.94456],[10.96062,59.94463],[10.96068,59.94465],[10.96052,59.94468],[10.96052,59.94476],[10.9607,59.94479],[10.96071,59.94483],[10.96082,59.94487],[10.96101,59.94476],[10.96136,59.94472],[10.96148,59.94465],[10.96157,59.94467],[10.96142,59.94481],[10.96119,59.94487],[10.96116,59.94495],[10.9612,59.945],[10.96101,59.94506],[10.96102,59.94523],[10.96095,59.94532],[10.96075,59.94535],[10.96069,59.94546],[10.96044,59.94557],[10.96003,59.94551],[10.95994,59.94558],[10.95985,59.94558],[10.95957,59.94555],[10.95958,59.9455],[10.95953,59.9455],[10.95948,59.94555],[10.95937,59.94553],[10.95916,59.9456],[10.95947,59.94596],[10.96007,59.94592],[10.96013,59.94598],[10.96004,59.94603],[10.96008,59.94606],[10.96022,59.94603],[10.96029,59.94599],[10.96029,59.94594],[10.96041,59.9459],[10.96063,59.94593],[10.96093,59.94586],[10.96104,59.94593],[10.96099,59.94606],[10.96111,59.94621],[10.96141,59.94608],[10.96155,59.94613],[10.96172,59.94599],[10.96188,59.94593],[10.96138,59.94597],[10.96137,59.94601],[10.96129,59.94601],[10.96111,59.94594],[10.96118,59.94584],[10.96112,59.94577],[10.96124,59.94572],[10.96156,59.94573],[10.96158,59.94568],[10.96186,59.94556],[10.96197,59.94558],[10.96239,59.94549],[10.9623,59.94539],[10.9624,59.94528],[10.96235,59.94512],[10.96244,59.94511],[10.96244,59.94507],[10.96233,59.94497],[10.96261,59.94499],[10.9627,59.94494]],[[10.96099,59.94562],[10.96094,59.94547],[10.96101,59.94544],[10.961,59.94531],[10.96107,59.94531],[10.96114,59.94524],[10.96108,59.94513],[10.96138,59.94499],[10.96169,59.94487],[10.96186,59.94499],[10.9619,59.94497],[10.96187,59.94487],[10.96212,59.94479],[10.96211,59.9449],[10.96229,59.94495],[10.96226,59.94502],[10.96217,59.94504],[10.96217,59.94509],[10.96208,59.94509],[10.96221,59.94515],[10.96225,59.94522],[10.96206,59.94534],[10.96203,59.94543],[10.9616,59.94542],[10.96129,59.94557],[10.96107,59.94562],[10.96099,59.94562]],[[10.96074,59.94475],[10.96077,59.94473],[10.96081,59.94471],[10.96074,59.94475]],[[10.96141,59.94429],[10.96139,59.94428],[10.96141,59.94428],[10.96141,59.94429]],[[10.96139,59.94428],[10.9613,59.94425],[10.96139,59.94426],[10.96139,59.94428]],[[10.96182,59.94423],[10.96189,59.94422],[10.96191,59.94423],[10.96184,59.94425],[10.96182,59.94423]],[[10.96111,59.94408],[10.96116,59.94407],[10.96116,59.94411],[10.96113,59.94411],[10.96111,59.94408]]],[[[10.96271,59.94488],[10.96269,59.94484],[10.96266,59.94488],[10.96271,59.94488]]],[[[10.95908,59.94551],[10.95912,59.94556],[10.95914,59.94556],[10.95913,59.9455],[10.95908,59.94551]]],[[[10.95916,59.94558],[10.95914,59.94556],[10.95914,59.94558],[10.95916,59.94558]]]]},"properties":{"a":17900,"v":53598,"dh":2.99,"pl":1,"pn":"Ødegården - felt B10-B13","pd":"2013-05-29","c":101}},{"type":"Feature","geometry":{"type":"Polygon","coordinates":[[[10.95993,59.94557],[10.96032,59.94529],[10.96019,59.94522],[10.96017,59.94517],[10.96022,59.94513],[10.96017,59.94508],[10.96032,59.94494],[10.96058,59.94485],[10.96045,59.94469],[10.96076,59.94451],[10.96064,59.94434],[10.9603,59.94436],[10.96045,59.94444],[10.9601,59.94455],[10.96006,59.94459],[10.95918,59.94444],[10.95881,59.94449],[10.95868,59.94449],[10.95864,59.94443],[10.95852,59.94447],[10.95854,59.94451],[10.95847,59.94457],[10.95852,59.94488],[10.95876,59.94515],[10.9589,59.94518],[10.9591,59.94529],[10.95911,59.94533],[10.95902,59.94538],[10.95906,59.94549],[10.95922,59.94551],[10.95924,59.94544],[10.95951,59.94544],[10.95971,59.94554],[10.95993,59.94557]]]},"properties":{"a":10464,"v":-58468,"dh":5.59,"pl":1,"pn":"Ødegården - felt B10-B13","pd":"2013-05-29","c":101}},{"type":"Feature","geometry":{"type":"Polygon","coordinates":[[[10.96034,59.94533],[10.96045,59.94528],[10.96043,59.94524],[10.96053,59.94512],[10.96028,59.94522],[10.96034,59.94533]]]},"properties":{"a":150,"v":203,"dh":1.35,"pl":1,"pn":"Ødegården - felt B10-B13","pd":"2013-05-29","c":101}},{"type":"Feature","geometry":{"type":"Polygon","coordinates":[[[10.96046,59.94554],[10.96051,59.94548],[10.96065,59.94544],[10.96066,59.94533],[10.96082,59.9453],[10.9608,59.94527],[10.96087,59.94525],[10.96096,59.94526],[10.96098,59.94523],[10.96091,59.9452],[10.96101,59.9451],[10.9609,59.94505],[10.96102,59.94503],[10.961,59.94495],[10.96086,59.94496],[10.96088,59.94502],[10.96076,59.94508],[10.9607,59.94503],[10.9608,59.94498],[10.96077,59.94494],[10.96068,59.94498],[10.96057,59.94518],[10.96046,59.94524],[10.96043,59.94534],[10.96031,59.94534],[10.96022,59.94542],[10.96022,59.94548],[10.96031,59.94547],[10.96034,59.94554],[10.96046,59.94554]]]},"properties":{"a":1189,"v":-2062,"dh":1.73,"pl":1,"pn":"Ødegården - felt B10-B13","pd":"2013-05-29","c":101}},{"type":"Feature","geometry":{"type":"Polygon","coordinates":[[[10.96084,59.94649],[10.96087,59.94646],[10.96119,59.94644],[10.96132,59.94648],[10.96148,59.94646],[10.96155,59.94638],[10.9614,59.9463],[10.96152,59.94623],[10.96152,59.94613],[10.96146,59.9461],[10.96132,59.94612],[10.9612,59.94618],[10.96124,59.94633],[10.96101,59.94633],[10.96107,59.94618],[10.96098,59.94612],[10.96097,59.94589],[10.96087,59.94587],[10.96065,59.94595],[10.96061,59.94626],[10.96077,59.94625],[10.96077,59.94629],[10.96056,59.94634],[10.96062,59.94635],[10.96059,59.94644],[10.96084,59.94649]],[[10.96071,59.94636],[10.96076,59.94634],[10.96076,59.94636],[10.96071,59.94636]]]},"properties":{"a":2023,"v":-4276,"dh":2.11,"pl":1,"pn":"Ødegården - felt B10-B13","pd":"2013-05-29","c":101}},{"type":"Feature","geometry":{"type":"Polygon","coordinates":[[[10.95981,59.94629],[10.95989,59.94621],[10.95989,59.94612],[10.95975,59.94619],[10.95975,59.94628],[10.95981,59.94629]]]},"properties":{"a":105,"v":-153,"dh":1.45,"pl":1,"pn":"Ødegården - felt B10-B13","pd":"2013-05-29","fo":1,"c":101}},{"type":"Feature","geometry":{"type":"Polygon","coordinates":[[[10.96047,59.94635],[10.96055,59.94622],[10.96033,59.94628],[10.96036,59.94633],[10.96047,59.94635]]]},"properties":{"a":104,"v":126,"dh":1.21,"pl":1,"pn":"Ødegården - felt B10-B13","pd":"2013-05-29","fo":1,"c":101}},{"type":"Feature","geometry":{"type":"Polygon","coordinates":[[[10.96007,59.94647],[10.96014,59.9464],[10.9599,59.94636],[10.95988,59.94631],[10.95981,59.94633],[10.95985,59.94645],[10.96007,59.94647]]]},"properties":{"a":152,"v":161,"dh":1.06,"pl":1,"pn":"Ødegården - felt B10-B13","pd":"2013-05-29","fo":1,"c":101}},{"type":"Feature","geometry":{"type":"Polygon","coordinates":[[[10.96005,59.94685],[10.96016,59.94674],[10.96017,59.94661],[10.95999,59.9467],[10.95998,59.94675],[10.96005,59.94685]]]},"properties":{"a":150,"v":-216,"dh":1.44,"pl":1,"pn":"Ødegården - vei","pd":"2014-02-12","fo":1,"c":102}},{"type":"Feature","geometry":{"type":"MultiPolygon","coordinates":[[[[10.96195,59.9465],[10.96197,59.94649],[10.96195,59.94649],[10.96195,59.9465]]],[[[10.96198,59.94647],[10.96196,59.94644],[10.96204,59.94642],[10.96207,59.94635],[10.96171,59.9464],[10.96148,59.94648],[10.96116,59.94646],[10.96106,59.94651],[10.96089,59.94648],[10.96041,59.94688],[10.96043,59.94681],[10.9603,59.94683],[10.96034,59.94677],[10.96018,59.94676],[10.96006,59.94688],[10.96018,59.94708],[10.9603,59.94701],[10.96028,59.94725],[10.96033,59.94735],[10.96039,59.94735],[10.96049,59.94724],[10.96047,59.94718],[10.96056,59.94717],[10.96059,59.94705],[10.96094,59.94694],[10.96137,59.9467],[10.96141,59.94676],[10.96164,59.94669],[10.96174,59.94656],[10.96188,59.94654],[10.96193,59.94649],[10.96198,59.94647]],[[10.96081,59.94695],[10.96058,59.94688],[10.96059,59.94678],[10.96084,59.94676],[10.96093,59.94681],[10.96083,59.94688],[10.96081,59.94695]],[[10.96153,59.94661],[10.96143,59.94652],[10.96168,59.94651],[10.96162,59.94662],[10.96153,59.94661]]]]},"properties":{"a":3365,"v":5525,"dh":1.64,"pl":1,"pn":"Ødegården - felt B10-B13","pd":"2013-05-29","c":101}},{"type":"Feature","geometry":{"type":"Polygon","coordinates":[[[10.96098,59.94703],[10.96116,59.94699],[10.96112,59.94698],[10.96117,59.94693],[10.96129,59.94692],[10.96127,59.94687],[10.96136,59.94677],[10.96106,59.9469],[10.96096,59.947],[10.96089,59.94701],[10.96098,59.94703]]]},"properties":{"a":208,"v":-204,"dh":0.98,"pl":0,"sh":1,"c":103}},{"type":"Feature","geometry":{"type":"MultiPolygon","coordinates":[[[[10.96962,59.93962],[10.9696,59.93963],[10.96962,59.93963],[10.96962,59.93962]]],[[[10.9696,59.93965],[10.96975,59.93973],[10.96993,59.9397],[10.96985,59.93964],[10.9696,59.93965]]]]},"properties":{"a":107,"v":-189,"dh":1.77,"pl":1,"pn":"Haneborglia I","pd":"1974-11-12","c":104}},{"type":"Feature","geometry":{"type":"Polygon","coordinates":[[[10.97397,59.94028],[10.97404,59.94023],[10.97395,59.9402],[10.97394,59.94015],[10.97378,59.94011],[10.97376,59.94001],[10.97361,59.94002],[10.97382,59.94022],[10.97397,59.94028]],[[10.97365,59.94003],[10.97367,59.94002],[10.97367,59.94003],[10.97365,59.94003]]]},"properties":{"a":220,"v":193,"dh":0.88,"pl":1,"pn":"Området ved Solvangveien, Sven Foyns vei og del av Bjørn Farmanns vei","pd":"1979-10-29","sh":1,"c":105}},{"type":"Feature","geometry":{"type":"Polygon","coordinates":[[[10.97304,59.94064],[10.97313,59.94055],[10.97282,59.94051],[10.97295,59.94063],[10.97304,59.94064]]]},"properties":{"a":131,"v":-165,"dh":1.26,"pl":1,"pn":"Haneborglia I","pd":"1974-11-12","c":104}},{"type":"Feature","geometry":{"type":"Polygon","coordinates":[[[10.97291,59.94074],[10.97301,59.94066],[10.97283,59.94067],[10.97284,59.94062],[10.97275,59.9406],[10.97278,59.94066],[10.97269,59.9407],[10.97291,59.94074]]]},"properties":{"a":133,"v":-115,"dh":0.87,"pl":1,"pn":"Haneborglia I","pd":"1974-11-12","sh":1,"c":104}},{"type":"Feature","geometry":{"type":"Polygon","coordinates":[[[10.97053,59.94111],[10.97071,59.94111],[10.97067,59.94105],[10.97059,59.94101],[10.97051,59.94104],[10.97053,59.94111]]]},"properties":{"a":105,"v":136,"dh":1.3,"pl":0,"c":106}},{"type":"Feature","geometry":{"type":"MultiPolygon","coordinates":[[[[10.97279,59.94128],[10.97276,59.9413],[10.9728,59.9413],[10.97279,59.94128]]],[[[10.97278,59.94132],[10.97302,59.94149],[10.97327,59.94144],[10.97303,59.94126],[10.97294,59.94127],[10.97292,59.94136],[10.97283,59.94129],[10.97278,59.94132]]]]},"properties":{"a":365,"v":-663,"dh":1.82,"pl":0,"c":107}},{"type":"Feature","geometry":{"type":"Polygon","coordinates":[[[10.9737,59.94201],[10.97378,59.94192],[10.9739,59.94189],[10.97385,59.9418],[10.97375,59.94173],[10.97347,59.94178],[10.97353,59.94183],[10.97353,59.94196],[10.9737,59.94201]],[[10.97374,59.94187],[10.97367,59.94185],[10.97367,59.94182],[10.97374,59.94187]]]},"properties":{"a":461,"v":585,"dh":1.27,"pl":1,"pn":"Haneborglia I","pd":"1974-11-12","c":104}},{"type":"Feature","geometry":{"type":"Polygon","coordinates":[[[10.9691,59.94204],[10.96944,59.94204],[10.9694,59.94197],[10.96925,59.94193],[10.96927,59.94185],[10.96923,59.94182],[10.96909,59.94184],[10.969,59.94193],[10.9691,59.94204]]]},"properties":{"a":387,"v":873,"dh":2.25,"pl":1,"pn":"Haneborglia I","pd":"1974-11-12","c":104}},{"type":"Feature","geometry":{"type":"Polygon","coordinates":[[[10.97354,59.94203],[10.97344,59.94189],[10.97345,59.94182],[10.9734,59.94179],[10.97313,59.94186],[10.97321,59.94198],[10.97325,59.94198],[10.97324,59.94186],[10.97329,59.94185],[10.97335,59.94189],[10.97335,59.94196],[10.97354,59.94203]]]},"properties":{"a":243,"v":-275,"dh":1.13,"pl":0,"c":107}},{"type":"Feature","geometry":{"type":"Polygon","coordinates":[[[10.96998,59.94217],[10.97012,59.94209],[10.97006,59.94191],[10.96973,59.94181],[10.9697,59.94189],[10.96986,59.94186],[10.96982,59.94191],[10.96957,59.94192],[10.9697,59.94197],[10.96965,59.94202],[10.96967,59.94211],[10.96953,59.94214],[10.96998,59.94217]]]},"properties":{"a":791,"v":-1460,"dh":1.85,"pl":1,"pn":"Haneborglia I","pd":"1974-11-12","c":104}},{"type":"Feature","geometry":{"type":"Polygon","coordinates":[[[10.97703,59.9388],[10.97723,59.93878],[10.97701,59.93878],[10.97689,59.93873],[10.97692,59.9387],[10.97688,59.93867],[10.97681,59.93868],[10.97685,59.93876],[10.97703,59.9388]]]},"properties":{"a":105,"v":83,"dh":0.79,"pl":1,"pn":"Fjellhamar skole","pd":"2020-01-28","sh":1,"c":87}},{"type":"Feature","geometry":{"type":"MultiPolygon","coordinates":[[[[10.97672,59.93889],[10.97667,59.9388],[10.9766,59.93878],[10.97655,59.93882],[10.97662,59.93882],[10.97659,59.93886],[10.97663,59.93888],[10.97652,59.9389],[10.97672,59.93889]]],[[[10.97672,59.93889],[10.97676,59.93904],[10.9768,59.93903],[10.97676,59.93895],[10.97682,59.9389],[10.97675,59.9389],[10.97675,59.93889],[10.97672,59.93889]]]]},"properties":{"a":115,"v":-87,"dh":0.75,"pl":1,"pn":"Fjellhamar skole","pd":"2020-01-28","sh":1,"c":87}},{"type":"Feature","geometry":{"type":"Polygon","coordinates":[[[10.97738,59.93927],[10.97763,59.93918],[10.97748,59.93914],[10.97744,59.93908],[10.97719,59.93911],[10.9772,59.93917],[10.97707,59.93919],[10.97687,59.93911],[10.97677,59.93915],[10.97679,59.93919],[10.97689,59.93917],[10.97738,59.93927]]]},"properties":{"a":438,"v":-449,"dh":1.02,"pl":1,"pn":"Fjellhamar skole","pd":"2020-01-28","c":87}},{"type":"Feature","geometry":{"type":"Polygon","coordinates":[[[10.97548,59.93952],[10.9756,59.93943],[10.97566,59.93945],[10.97574,59.93936],[10.97554,59.93928],[10.97527,59.93927],[10.97512,59.9392],[10.97502,59.93929],[10.97524,59.9394],[10.97525,59.93945],[10.97548,59.93952]],[[10.97508,59.9393],[10.97511,59.93928],[10.97511,59.93929],[10.97508,59.9393]],[[10.97518,59.93928],[10.97522,59.93927],[10.97522,59.93928],[10.97518,59.93928]]]},"properties":{"a":695,"v":832,"dh":1.2,"pl":1,"pn":"Området ved Solvangveien, Sven Foyns vei og del av Bjørn Farmanns vei","pd":"1979-10-29","c":105}},{"type":"Feature","geometry":{"type":"Polygon","coordinates":[[[10.97713,59.93977],[10.97741,59.93974],[10.97746,59.9397],[10.97725,59.93967],[10.97713,59.93977]]]},"properties":{"a":118,"v":-112,"dh":0.95,"pl":1,"pn":"Fjellhamar skole","pd":"2020-01-28","sh":1,"c":87}},{"type":"Feature","geometry":{"type":"Polygon","coordinates":[[[10.97568,59.94195],[10.97576,59.94183],[10.97582,59.94182],[10.97581,59.94174],[10.97553,59.94185],[10.97568,59.94195]]]},"properties":{"a":180,"v":-218,"dh":1.21,"pl":0,"c":108}},{"type":"Feature","geometry":{"type":"Polygon","coordinates":[[[10.97487,59.94211],[10.97486,59.94202],[10.97477,59.94192],[10.97453,59.94192],[10.97468,59.94205],[10.97487,59.94211]]]},"properties":{"a":205,"v":241,"dh":1.17,"pl":0,"c":108}},{"type":"Feature","geometry":{"type":"Polygon","coordinates":[[[10.97565,59.94326],[10.97566,59.94342],[10.97578,59.94338],[10.97583,59.94331],[10.97569,59.94331],[10.97572,59.94326],[10.97554,59.94321],[10.97554,59.94327],[10.97565,59.94326]],[[10.97567,59.94328],[10.97569,59.94327],[10.97569,59.94328],[10.97567,59.94328]]]},"properties":{"a":126,"v":148,"dh":1.17,"pl":1,"pn":"Gardermobanen: tunnel Oslo grense - Skedsmo grense","pd":"1994-05-04","c":109}},{"type":"Feature","geometry":{"type":"Polygon","coordinates":[[[10.9769,59.94353],[10.97703,59.94354],[10.97721,59.94351],[10.97704,59.94343],[10.9769,59.94353]]]},"properties":{"a":133,"v":150,"dh":1.13,"pl":1,"pn":"Haneborg allé","pd":"2009-09-02","c":110}},{"type":"Feature","geometry":{"type":"Polygon","coordinates":[[[10.97753,59.94361],[10.97759,59.94358],[10.97755,59.9435],[10.97738,59.9435],[10.97741,59.94356],[10.97737,59.94357],[10.97753,59.94361]]]},"properties":{"a":120,"v":-132,"dh":1.1,"pl":1,"pn":"Haneborg allé","pd":"2009-09-02","c":110}},{"type":"Feature","geometry":{"type":"MultiPolygon","coordinates":[[[[10.97767,59.94382],[10.97763,59.94378],[10.97762,59.94381],[10.97767,59.94382]]],[[[10.97767,59.94382],[10.97773,59.94387],[10.9777,59.94391],[10.97793,59.94393],[10.978,59.944],[10.97809,59.94394],[10.97822,59.94394],[10.97823,59.94389],[10.97812,59.94388],[10.97799,59.9438],[10.97792,59.94382],[10.97805,59.94391],[10.97791,59.9439],[10.97776,59.94383],[10.97773,59.94382],[10.97767,59.94382]]]]},"properties":{"a":293,"v":-310,"dh":1.06,"pl":1,"pn":"Fjellhamar sentrum - del 1-3","pd":"1983-10-31","c":111}},{"type":"Feature","geometry":{"type":"Polygon","coordinates":[[[10.9752,59.94408],[10.9753,59.944],[10.97537,59.94401],[10.97539,59.94396],[10.97513,59.94389],[10.97514,59.94393],[10.97524,59.94395],[10.97518,59.94402],[10.9752,59.94408]]]},"properties":{"a":118,"v":95,"dh":0.8,"pl":0,"sh":1,"c":112}},{"type":"Feature","geometry":{"type":"Polygon","coordinates":[[[10.97978,59.94458],[10.97961,59.94443],[10.97962,59.94431],[10.97974,59.94429],[10.97968,59.94422],[10.97952,59.9442],[10.97926,59.94437],[10.97932,59.94445],[10.97952,59.94452],[10.97963,59.94447],[10.97965,59.94455],[10.97978,59.94458]]]},"properties":{"a":539,"v":642,"dh":1.19,"pl":1,"pn":"Fjellhamar sentrum - del 1-3","pd":"1983-10-31","c":111}},{"type":"Feature","geometry":{"type":"Polygon","coordinates":[[[10.9757,59.94471],[10.9757,59.94464],[10.97582,59.94463],[10.97587,59.94457],[10.97562,59.94456],[10.9755,59.94461],[10.97551,59.94455],[10.9753,59.94455],[10.97501,59.94449],[10.9755,59.94469],[10.9757,59.94471]]]},"properties":{"a":403,"v":-505,"dh":1.25,"pl":0,"c":112}},{"type":"Feature","geometry":{"type":"Polygon","coordinates":[[[10.97966,59.94527],[10.97974,59.94522],[10.97954,59.94514],[10.97944,59.94519],[10.97966,59.94527]]]},"properties":{"a":129,"v":146,"dh":1.13,"pl":1,"pn":"Fjellhamar sentrum - del 1-3","pd":"1983-10-31","c":111}},{"type":"Feature","geometry":{"type":"Polygon","coordinates":[[[10.97621,59.94539],[10.97621,59.94535],[10.97584,59.94526],[10.97586,59.94531],[10.97594,59.94533],[10.97594,59.94538],[10.97621,59.94539]]]},"properties":{"a":147,"v":-208,"dh":1.42,"pl":0,"c":113}},{"type":"Feature","geometry":{"type":"Polygon","coordinates":[[[10.97591,59.94547],[10.97625,59.94551],[10.97625,59.94544],[10.97599,59.94542],[10.97591,59.94547]]]},"properties":{"a":151,"v":321,"dh":2.13,"pl":0,"c":113}},{"type":"Feature","geometry":{"type":"Polygon","coordinates":[[[10.97766,59.9455],[10.97758,59.94558],[10.97783,59.94559],[10.97772,59.94554],[10.97779,59.94551],[10.97777,59.94546],[10.97764,59.94543],[10.97766,59.9455]],[[10.97768,59.9455],[10.97768,59.94551],[10.97766,59.94551],[10.97766,59.9455],[10.97768,59.9455]]]},"properties":{"a":150,"v":-189,"dh":1.26,"pl":0,"c":114}},{"type":"Feature","geometry":{"type":"Polygon","coordinates":[[[10.97608,59.94631],[10.97649,59.94621],[10.97633,59.94599],[10.97613,59.94582],[10.97592,59.94592],[10.97582,59.94604],[10.97592,59.94622],[10.97608,59.94631]]]},"properties":{"a":1204,"v":-2050,"dh":1.7,"pl":0,"fo":1,"c":113}},{"type":"Feature","geometry":{"type":"Polygon","coordinates":[[[10.97863,59.94608],[10.97873,59.94602],[10.97836,59.94599],[10.97847,59.94609],[10.97863,59.94608]]]},"properties":{"a":151,"v":-202,"dh":1.34,"pl":0,"c":115}},{"type":"Feature","geometry":{"type":"Polygon","coordinates":[[[10.98117,59.94427],[10.98115,59.9442],[10.98102,59.94414],[10.98089,59.94411],[10.98086,59.94416],[10.98088,59.94422],[10.98104,59.94421],[10.98106,59.94426],[10.98117,59.94427]],[[10.98091,59.94415],[10.98093,59.94414],[10.98093,59.94415],[10.98091,59.94415]]]},"properties":{"a":145,"v":114,"dh":0.78,"pl":1,"pn":"Fjellhamar sentrum - del 1-3","pd":"1983-10-31","sh":1,"c":111}},{"type":"Feature","geometry":{"type":"Polygon","coordinates":[[[10.97993,59.94453],[10.98013,59.94443],[10.9799,59.94431],[10.97981,59.94432],[10.97984,59.94441],[10.97993,59.94445],[10.97993,59.94453]]]},"properties":{"a":197,"v":267,"dh":1.36,"pl":1,"pn":"Fjellhamar sentrum - del 1-3","pd":"1983-10-31","c":111}},{"type":"Feature","geometry":{"type":"Polygon","coordinates":[[[10.98033,59.94492],[10.9805,59.94473],[10.9805,59.94465],[10.9804,59.94458],[10.98032,59.94475],[10.98033,59.94492]]]},"properties":{"a":225,"v":247,"dh":1.1,"pl":1,"pn":"Fjellhamar sentrum - del 1-3","pd":"1983-10-31","c":111}},{"type":"Feature","geometry":{"type":"Polygon","coordinates":[[[10.98077,59.94507],[10.98093,59.94498],[10.98085,59.94491],[10.98101,59.94487],[10.98069,59.94487],[10.98068,59.94495],[10.98052,59.94503],[10.98052,59.94507],[10.98077,59.94507]]]},"properties":{"a":357,"v":-485,"dh":1.36,"pl":0,"c":116}},{"type":"Feature","geometry":{"type":"Polygon","coordinates":[[[10.97977,59.9459],[10.97976,59.94586],[10.97985,59.94584],[10.97985,59.9458],[10.97974,59.94574],[10.97964,59.94585],[10.97977,59.9459]]]},"properties":{"a":114,"v":119,"dh":1.05,"pl":0,"c":117}},{"type":"Feature","geometry":{"type":"Polygon","coordinates":[[[10.98014,59.94623],[10.98029,59.94621],[10.98026,59.94611],[10.98044,59.94603],[10.98027,59.94603],[10.98012,59.94613],[10.98014,59.94623]]]},"properties":{"a":175,"v":-294,"dh":1.68,"pl":0,"c":117}},{"type":"Feature","geometry":{"type":"Polygon","coordinates":[[[10.96672,59.93913],[10.96715,59.93903],[10.96758,59.93901],[10.96765,59.93907],[10.96765,59.93901],[10.96757,59.93897],[10.96718,59.93899],[10.9669,59.93905],[10.96672,59.93913]]]},"properties":{"a":199,"v":-259,"dh":1.3,"pl":1,"pn":"Hanaborg holdeplass","pd":"2011-05-25","c":53}},{"type":"Feature","geometry":{"type":"Polygon","coordinates":[[[10.96519,59.93923],[10.96524,59.93918],[10.96515,59.93915],[10.9651,59.93918],[10.96514,59.93924],[10.96509,59.93928],[10.96494,59.93929],[10.96492,59.93922],[10.96504,59.93919],[10.96499,59.93917],[10.96506,59.93915],[10.96506,59.9391],[10.96477,59.93913],[10.96486,59.93914],[10.96479,59.93919],[10.96489,59.93926],[10.96468,59.93934],[10.9646,59.93932],[10.96461,59.93936],[10.96476,59.93945],[10.96497,59.93944],[10.96511,59.93932],[10.96533,59.93925],[10.96519,59.93923]],[[10.96519,59.93924],[10.96517,59.93925],[10.96517,59.93924],[10.96519,59.93924]],[[10.96501,59.93913],[10.96502,59.93912],[10.96502,59.93913],[10.96501,59.93913]]]},"properties":{"a":630,"v":552,"dh":0.88,"pl":1,"pn":"Hanaborg holdeplass","pd":"2011-05-25","c":53}},{"type":"Feature","geometry":{"type":"Polygon","coordinates":[[[10.9672,59.93994],[10.96723,59.93988],[10.96698,59.93981],[10.96673,59.93987],[10.9672,59.93994]]]},"properties":{"a":208,"v":-278,"dh":1.34,"pl":0,"c":118}},{"type":"Feature","geometry":{"type":"Polygon","coordinates":[[[10.96482,59.94052],[10.96509,59.94053],[10.96517,59.94042],[10.96508,59.94041],[10.96482,59.94052]]]},"properties":{"a":148,"v":184,"dh":1.24,"pl":1,"pn":"Gardermobanen: tunnel Oslo grense - Skedsmo grense","pd":"1994-05-04","c":109}},{"type":"Feature","geometry":{"type":"Polygon","coordinates":[[[10.96702,59.94079],[10.96723,59.94079],[10.96725,59.94068],[10.96702,59.94073],[10.96702,59.94079]]]},"properties":{"a":124,"v":121,"dh":0.97,"pl":1,"pn":"Del av Oscar Wistings vei","pd":"1999-03-17","sh":1,"c":119}},{"type":"Feature","geometry":{"type":"Polygon","coordinates":[[[10.96721,59.94164],[10.96737,59.94155],[10.96773,59.94158],[10.96774,59.94149],[10.96749,59.94146],[10.9677,59.94143],[10.96772,59.94139],[10.96718,59.94139],[10.9671,59.94151],[10.96726,59.9415],[10.96719,59.94158],[10.96721,59.94164]]]},"properties":{"a":655,"v":-991,"dh":1.51,"pl":1,"pn":"Haneborglia I","pd":"1974-11-12","c":104}},{"type":"Feature","geometry":{"type":"Polygon","coordinates":[[[10.96621,59.942],[10.96621,59.94187],[10.96625,59.94178],[10.96597,59.94177],[10.96595,59.94182],[10.96601,59.94185],[10.96592,59.94196],[10.96621,59.942]]]},"properties":{"a":323,"v":-536,"dh":1.66,"pl":1,"pn":"Haneborglia I","pd":"1974-11-12","c":104}},{"type":"Feature","geometry":{"type":"Polygon","coordinates":[[[10.96629,59.94201],[10.96641,59.94204],[10.96646,59.94199],[10.96644,59.94196],[10.96653,59.94195],[10.96651,59.94186],[10.9664,59.94184],[10.96633,59.94189],[10.96636,59.94198],[10.96629,59.94201]]]},"properties":{"a":176,"v":-238,"dh":1.35,"pl":1,"pn":"Del av Oscar Wistings vei","pd":"1999-03-17","c":119}},{"type":"Feature","geometry":{"type":"Polygon","coordinates":[[[10.96669,59.94249],[10.96699,59.9425],[10.96701,59.94245],[10.96667,59.94244],[10.96669,59.94249]]]},"properties":{"a":121,"v":193,"dh":1.6,"pl":0,"c":120}},{"type":"Feature","geometry":{"type":"Polygon","coordinates":[[[10.96777,59.94288],[10.96789,59.94285],[10.96793,59.94279],[10.96773,59.94276],[10.96755,59.94283],[10.96777,59.94288]]]},"properties":{"a":183,"v":232,"dh":1.27,"pl":0,"c":120}},{"type":"Feature","geometry":{"type":"Polygon","coordinates":[[[10.96352,59.94027],[10.96383,59.94017],[10.96388,59.94013],[10.96383,59.9401],[10.96351,59.94011],[10.96342,59.94018],[10.96341,59.94025],[10.96352,59.94027]]]},"properties":{"a":307,"v":573,"dh":1.87,"pl":1,"pn":"Gardermobanen: tunnel Oslo grense - Skedsmo grense","pd":"1994-05-04","c":109}},{"type":"Feature","geometry":{"type":"Polygon","coordinates":[[[10.96288,59.94191],[10.96293,59.94187],[10.96293,59.94181],[10.96283,59.94176],[10.96277,59.94188],[10.96288,59.94191]]]},"properties":{"a":107,"v":166,"dh":1.55,"pl":1,"pn":"Haneborglia I","pd":"1974-11-12","c":104}},{"type":"Feature","geometry":{"type":"Polygon","coordinates":[[[10.96389,59.94211],[10.964,59.94206],[10.96391,59.94204],[10.96395,59.94195],[10.96383,59.94195],[10.96368,59.94209],[10.96389,59.94211]]]},"properties":{"a":196,"v":204,"dh":1.04,"pl":1,"pn":"Haneborglia I","pd":"1974-11-12","c":104}},{"type":"Feature","geometry":{"type":"Polygon","coordinates":[[[10.96294,59.94239],[10.96299,59.94229],[10.96317,59.94228],[10.9634,59.9422],[10.96268,59.94219],[10.96271,59.94235],[10.96294,59.94239]]]},"properties":{"a":446,"v":-835,"dh":1.87,"pl":1,"pn":"Haneborglia I","pd":"1974-11-12","c":104}},{"type":"Feature","geometry":{"type":"Polygon","coordinates":[[[10.9621,59.94269],[10.96215,59.94263],[10.96207,59.94252],[10.96184,59.94255],[10.96192,59.94265],[10.9621,59.94269]]]},"properties":{"a":228,"v":357,"dh":1.57,"pl":1,"pn":"Haneborglia I","pd":"1974-11-12","c":104}},{"type":"Feature","geometry":{"type":"MultiPolygon","coordinates":[[[[10.96306,59.94472],[10.96356,59.94459],[10.96371,59.94451],[10.96373,59.94446],[10.96365,59.94442],[10.96351,59.94446],[10.96309,59.94466],[10.96306,59.94472]]],[[[10.96306,59.94475],[10.96297,59.94474],[10.96291,59.94482],[10.96306,59.94475]]]]},"properties":{"a":439,"v":697,"dh":1.59,"pl":1,"pn":"Haneborglia I","pd":"1974-11-12","fo":1,"c":121}},{"type":"Feature","geometry":{"type":"Polygon","coordinates":[[[10.96109,59.9449],[10.96115,59.94484],[10.96137,59.94482],[10.96149,59.94472],[10.96141,59.9447],[10.96094,59.94484],[10.96109,59.9449]]]},"properties":{"a":212,"v":-333,"dh":1.57,"pl":1,"pn":"Ødegården - felt B10-B13","pd":"2013-05-29","fo":1,"c":101}},{"type":"Feature","geometry":{"type":"Polygon","coordinates":[[[10.96133,59.94545],[10.96099,59.94549],[10.96105,59.9455],[10.96102,59.9456],[10.96132,59.94554],[10.9614,59.94545],[10.96155,59.94541],[10.96199,59.9454],[10.96222,59.94524],[10.96221,59.94517],[10.96179,59.94498],[10.96159,59.94496],[10.96152,59.94506],[10.96119,59.94513],[10.96113,59.94528],[10.96115,59.94537],[10.96131,59.94541],[10.96133,59.94545]],[[10.96116,59.94548],[10.96117,59.94549],[10.96116,59.94549],[10.96116,59.94548]]]},"properties":{"a":2391,"v":-6900,"dh":2.89,"pl":1,"pn":"Ødegården - felt B10-B13","pd":"2013-05-29","c":101}},{"type":"Feature","geometry":{"type":"Polygon","coordinates":[[[10.96171,59.94638],[10.96199,59.94634],[10.96206,59.94627],[10.96233,59.94622],[10.96236,59.94613],[10.96243,59.94611],[10.96238,59.94619],[10.9625,59.94615],[10.96262,59.94604],[10.96272,59.94589],[10.9629,59.94524],[10.96289,59.94511],[10.96276,59.94506],[10.963,59.94486],[10.96284,59.94492],[10.96286,59.94496],[10.96276,59.94502],[10.96241,59.94515],[10.9625,59.94523],[10.96247,59.94534],[10.96237,59.94538],[10.96237,59.94543],[10.96253,59.94548],[10.96248,59.94554],[10.96199,59.9456],[10.96199,59.94566],[10.96182,59.94586],[10.962,59.9459],[10.96201,59.94596],[10.96215,59.94594],[10.96229,59.94586],[10.96233,59.94591],[10.96228,59.94594],[10.96228,59.94601],[10.96221,59.94605],[10.96189,59.94601],[10.96168,59.9461],[10.96165,59.94619],[10.96181,59.94627],[10.96171,59.94638]],[[10.96207,59.94609],[10.9621,59.94607],[10.9621,59.94609],[10.96207,59.94609]]]},"properties":{"a":4662,"v":-12016,"dh":2.58,"pl":1,"pn":"Ødegården - felt B10-B13","pd":"2013-05-29","c":101}},{"type":"Feature","geometry":{"type":"Polygon","coordinates":[[[10.96136,59.94595],[10.96145,59.94587],[10.96155,59.94586],[10.96157,59.94581],[10.96142,59.94575],[10.96119,59.94576],[10.96125,59.9458],[10.96125,59.94589],[10.9612,59.94594],[10.96136,59.94595]]]},"properties":{"a":303,"v":-537,"dh":1.77,"pl":1,"pn":"Ødegården - felt B10-B13","pd":"2013-05-29","c":101}},{"type":"Feature","geometry":{"type":"Polygon","coordinates":[[[10.96562,59.94281],[10.96573,59.9429],[10.96607,59.94289],[10.96562,59.94281]]]},"properties":{"a":111,"v":109,"dh":0.99,"pl":0,"sh":1,"c":120}},{"type":"Feature","geometry":{"type":"Polygon","coordinates":[[[10.96586,59.94302],[10.96633,59.94298],[10.9665,59.94289],[10.96617,59.9428],[10.96605,59.94291],[10.96584,59.94296],[10.96586,59.94302]]]},"properties":{"a":461,"v":-1342,"dh":2.91,"pl":0,"c":120}},{"type":"Feature","geometry":{"type":"Polygon","coordinates":[[[10.96806,59.94301],[10.96817,59.94296],[10.96811,59.94293],[10.96816,59.94287],[10.96805,59.94281],[10.96777,59.94294],[10.96788,59.943],[10.96806,59.94301]]]},"properties":{"a":273,"v":-300,"dh":1.1,"pl":1,"pn":"Haneborglia I","pd":"1974-11-12","c":104}},{"type":"Feature","geometry":{"type":"Polygon","coordinates":[[[10.96412,59.94327],[10.96435,59.94324],[10.96437,59.94317],[10.96419,59.94312],[10.96408,59.94314],[10.96412,59.94327]]]},"properties":{"a":208,"v":-300,"dh":1.44,"pl":0,"c":122}},{"type":"Feature","geometry":{"type":"Polygon","coordinates":[[[10.96708,59.94333],[10.96719,59.9433],[10.96716,59.94323],[10.96686,59.94322],[10.96679,59.94329],[10.96708,59.94333]]]},"properties":{"a":211,"v":217,"dh":1.03,"pl":0,"c":120}},{"type":"Feature","geometry":{"type":"Polygon","coordinates":[[[10.96682,59.94351],[10.96711,59.94351],[10.96714,59.94344],[10.9671,59.9434],[10.967,59.94344],[10.96683,59.94341],[10.96682,59.94351]]]},"properties":{"a":177,"v":-213,"dh":1.2,"pl":0,"c":120}},{"type":"Feature","geometry":{"type":"Polygon","coordinates":[[[10.96812,59.94358],[10.96833,59.94361],[10.96822,59.94355],[10.96825,59.94345],[10.96805,59.94343],[10.96794,59.94334],[10.96756,59.9433],[10.9676,59.94337],[10.96757,59.94344],[10.96766,59.94344],[10.96771,59.94337],[10.96774,59.94355],[10.96791,59.94351],[10.96811,59.94354],[10.96812,59.94358]]]},"properties":{"a":663,"v":1058,"dh":1.6,"pl":0,"c":120}},{"type":"Feature","geometry":{"type":"Polygon","coordinates":[[[10.96706,59.94365],[10.96706,59.94355],[10.96676,59.94359],[10.96681,59.94364],[10.96706,59.94365]]]},"properties":{"a":145,"v":-218,"dh":1.51,"pl":0,"c":120}},{"type":"Feature","geometry":{"type":"Polygon","coordinates":[[[10.96753,59.94372],[10.9676,59.94369],[10.96763,59.9436],[10.96751,59.94357],[10.96752,59.9435],[10.96748,59.94349],[10.96711,59.94354],[10.9671,59.94372],[10.9674,59.94365],[10.96753,59.94372]]]},"properties":{"a":528,"v":809,"dh":1.53,"pl":0,"c":120}},{"type":"Feature","geometry":{"type":"Polygon","coordinates":[[[10.96457,59.94383],[10.96469,59.94378],[10.96474,59.94366],[10.96459,59.94365],[10.96448,59.9438],[10.96457,59.94383]]]},"properties":{"a":159,"v":321,"dh":2.02,"pl":0,"c":122}},{"type":"Feature","geometry":{"type":"Polygon","coordinates":[[[10.96974,59.94227],[10.96984,59.94219],[10.96954,59.94217],[10.96954,59.94225],[10.96974,59.94227]]]},"properties":{"a":152,"v":288,"dh":1.9,"pl":1,"pn":"Haneborglia I","pd":"1974-11-12","c":104}},{"type":"Feature","geometry":{"type":"Polygon","coordinates":[[[10.97135,59.94235],[10.97144,59.94229],[10.97138,59.94223],[10.97126,59.94223],[10.97117,59.94229],[10.97123,59.94234],[10.97135,59.94235]]]},"properties":{"a":149,"v":-213,"dh":1.43,"pl":0,"c":123}},{"type":"Feature","geometry":{"type":"Polygon","coordinates":[[[10.97284,59.9433],[10.97289,59.94322],[10.97282,59.94315],[10.9728,59.94321],[10.97264,59.94324],[10.97265,59.94329],[10.97284,59.9433]]]},"properties":{"a":130,"v":-165,"dh":1.27,"pl":0,"c":124}},{"type":"Feature","geometry":{"type":"Polygon","coordinates":[[[10.96929,59.9434],[10.96915,59.94329],[10.96887,59.94329],[10.9688,59.94335],[10.96893,59.9434],[10.96929,59.9434]]]},"properties":{"a":227,"v":-214,"dh":0.94,"pl":1,"pn":"Haneborglia I","pd":"1974-11-12","sl":1,"c":125}},{"type":"Feature","geometry":{"type":"Polygon","coordinates":[[[10.9713,59.94356],[10.97154,59.94373],[10.97153,59.94377],[10.97163,59.94374],[10.97152,59.94369],[10.97156,59.94363],[10.97143,59.94361],[10.97146,59.94358],[10.97144,59.94348],[10.97132,59.94351],[10.9713,59.94356]],[[10.97134,59.94356],[10.97135,59.94355],[10.97135,59.94356],[10.97134,59.94356]]]},"properties":{"a":168,"v":-265,"dh":1.58,"pl":0,"sl":1,"c":126}},{"type":"Feature","geometry":{"type":"Polygon","coordinates":[[[10.97098,59.94387],[10.97104,59.94371],[10.97097,59.94366],[10.97082,59.94368],[10.97085,59.94381],[10.97098,59.94387]]]},"properties":{"a":214,"v":-289,"dh":1.35,"pl":0,"c":126}},{"type":"Feature","geometry":{"type":"Polygon","coordinates":[[[10.97344,59.94455],[10.97354,59.94449],[10.97339,59.94443],[10.97329,59.94449],[10.97344,59.94455]]]},"properties":{"a":107,"v":137,"dh":1.28,"pl":1,"pn":"Odins vei 64 m.fl.","pd":"1993-06-21","c":127}},{"type":"Feature","geometry":{"type":"Polygon","coordinates":[[[10.97319,59.94461],[10.97326,59.94456],[10.9732,59.94453],[10.97321,59.94441],[10.97295,59.94452],[10.97299,59.94457],[10.97319,59.94461]]]},"properties":{"a":231,"v":-456,"dh":1.98,"pl":1,"pn":"Odins vei 64 m.fl.","pd":"1993-06-21","c":127}},{"type":"Feature","geometry":{"type":"Polygon","coordinates":[[[10.97318,59.94484],[10.97331,59.94475],[10.97311,59.94481],[10.97307,59.94477],[10.97312,59.94472],[10.97296,59.94474],[10.97308,59.94484],[10.97318,59.94484]]]},"properties":{"a":128,"v":197,"dh":1.54,"pl":1,"pn":"Odins vei 64 m.fl.","pd":"1993-06-21","c":127}},{"type":"Feature","geometry":{"type":"Polygon","coordinates":[[[10.97405,59.94495],[10.974,59.94491],[10.97405,59.94487],[10.97403,59.94482],[10.97388,59.94473],[10.97387,59.94487],[10.97405,59.94495]]]},"properties":{"a":133,"v":-203,"dh":1.52,"pl":1,"pn":"Odins vei 64 m.fl.","pd":"1993-06-21","c":127}}]}