{"type":"FeatureCollection","features":[{"type":"Feature","geometry":{"type":"Polygon","coordinates":[[[11.16601,59.40131],[11.16602,59.40123],[11.16609,59.40119],[11.16618,59.40122],[11.16631,59.40114],[11.16634,59.40103],[11.16619,59.40106],[11.16607,59.40095],[11.166,59.40095],[11.16564,59.4011],[11.16596,59.40115],[11.16599,59.40121],[11.1659,59.40126],[11.16599,59.40127],[11.16601,59.40131]],[[11.1661,59.4011],[11.16596,59.40112],[11.16585,59.40108],[11.16589,59.40105],[11.16608,59.40104],[11.1661,59.4011]]]},"properties":{"a":545,"v":769,"dh":1.41,"pl":0,"fo":1,"c":0}},{"type":"Feature","geometry":{"type":"MultiPolygon","coordinates":[[[[11.17452,59.40412],[11.1745,59.40413],[11.17452,59.40413],[11.17452,59.40412]]],[[[11.17459,59.40413],[11.17438,59.40416],[11.17437,59.4042],[11.17458,59.40426],[11.17469,59.40422],[11.17459,59.40413]]]]},"properties":{"a":173,"v":-300,"dh":1.73,"pl":0,"fo":1,"c":1}},{"type":"Feature","geometry":{"type":"Polygon","coordinates":[[[11.1738,59.40448],[11.17415,59.40442],[11.17418,59.40429],[11.17404,59.40428],[11.17408,59.40433],[11.17392,59.40442],[11.17377,59.40443],[11.1738,59.40448]]]},"properties":{"a":224,"v":-304,"dh":1.36,"pl":0,"fo":1,"c":1}},{"type":"Feature","geometry":{"type":"Polygon","coordinates":[[[11.17331,59.40741],[11.17363,59.40731],[11.17376,59.40738],[11.17385,59.40735],[11.17376,59.40727],[11.17346,59.40731],[11.17337,59.40736],[11.17347,59.40725],[11.17366,59.40723],[11.17345,59.40722],[11.17327,59.40738],[11.17331,59.40741]]]},"properties":{"a":259,"v":285,"dh":1.1,"pl":0,"fo":1,"c":2}},{"type":"Feature","geometry":{"type":"Polygon","coordinates":[[[11.17584,59.40327],[11.17602,59.40323],[11.17619,59.40323],[11.17614,59.40319],[11.17584,59.40322],[11.17584,59.40327]]]},"properties":{"a":106,"v":-139,"dh":1.31,"pl":0,"fo":1,"c":3}},{"type":"Feature","geometry":{"type":"MultiPolygon","coordinates":[[[[11.17557,59.40726],[11.17569,59.40723],[11.17558,59.40711],[11.17545,59.40712],[11.17546,59.40719],[11.17557,59.40726]],[[11.17548,59.40719],[11.17555,59.40718],[11.17555,59.4072],[11.17548,59.40719]],[[11.17555,59.40722],[11.1756,59.40721],[11.1756,59.40723],[11.17555,59.40722]]],[[[11.17551,59.40724],[11.1755,59.40725],[11.17552,59.40725],[11.17551,59.40724]]]]},"properties":{"a":114,"v":-141,"dh":1.24,"pl":0,"sl":1,"c":4}},{"type":"Feature","geometry":{"type":"Polygon","coordinates":[[[11.1762,59.40748],[11.17632,59.40741],[11.17631,59.4073],[11.1762,59.40723],[11.17622,59.40719],[11.17594,59.4073],[11.176,59.40743],[11.1762,59.40748]]]},"properties":{"a":415,"v":759,"dh":1.83,"pl":0,"fo":1,"c":5}},{"type":"Feature","geometry":{"type":"Polygon","coordinates":[[[11.1551,59.39796],[11.15525,59.39785],[11.15523,59.3978],[11.15514,59.39779],[11.15511,59.39787],[11.15499,59.39792],[11.1551,59.39796]]]},"properties":{"a":119,"v":-152,"dh":1.28,"pl":0,"fo":1,"c":6}},{"type":"Feature","geometry":{"type":"Polygon","coordinates":[[[11.16045,59.40003],[11.16059,59.40001],[11.1606,59.39995],[11.16043,59.39994],[11.16045,59.40003]]]},"properties":{"a":100,"v":197,"dh":1.97,"pl":0,"fo":1,"c":7}},{"type":"Feature","geometry":{"type":"Polygon","coordinates":[[[11.15978,59.40257],[11.15978,59.4025],[11.15963,59.40239],[11.15962,59.40251],[11.15978,59.40257]]]},"properties":{"a":103,"v":-107,"dh":1.04,"pl":0,"fo":1,"c":8}},{"type":"Feature","geometry":{"type":"Polygon","coordinates":[[[11.16068,59.40288],[11.16069,59.40278],[11.16029,59.40258],[11.16038,59.40275],[11.16059,59.40288],[11.16068,59.40288]]]},"properties":{"a":330,"v":592,"dh":1.79,"pl":0,"fo":1,"c":8}},{"type":"Feature","geometry":{"type":"Polygon","coordinates":[[[11.16484,59.40723],[11.16501,59.40716],[11.165,59.4071],[11.16483,59.40714],[11.16484,59.40723]]]},"properties":{"a":101,"v":186,"dh":1.84,"pl":0,"sl":1,"c":9}},{"type":"Feature","geometry":{"type":"Polygon","coordinates":[[[11.16326,59.41515],[11.16334,59.41506],[11.16303,59.41504],[11.16305,59.41509],[11.16313,59.41508],[11.16317,59.41514],[11.16326,59.41515]]]},"properties":{"a":120,"v":184,"dh":1.53,"pl":0,"fo":1,"c":10}},{"type":"Feature","geometry":{"type":"Polygon","coordinates":[[[11.16537,59.41778],[11.16574,59.41757],[11.16598,59.41748],[11.16584,59.41744],[11.16524,59.41773],[11.16537,59.41778]]]},"properties":{"a":349,"v":335,"dh":0.96,"pl":0,"sh":1,"c":11}},{"type":"Feature","geometry":{"type":"Polygon","coordinates":[[[11.16036,59.43711],[11.16066,59.4371],[11.16069,59.43698],[11.16054,59.43691],[11.16044,59.43693],[11.16058,59.43699],[11.16059,59.43704],[11.16036,59.43711]]]},"properties":{"a":195,"v":260,"dh":1.33,"pl":0,"fo":1,"c":12}},{"type":"Feature","geometry":{"type":"Polygon","coordinates":[[[11.15428,59.39637],[11.15413,59.39624],[11.15414,59.39615],[11.15396,59.39606],[11.15405,59.39616],[11.15399,59.39619],[11.15411,59.39625],[11.15408,59.39628],[11.15415,59.39633],[11.15428,59.39637]]]},"properties":{"a":165,"v":663,"dh":4.02,"pl":0,"sl":1,"c":13}},{"type":"Feature","geometry":{"type":"Polygon","coordinates":[[[11.14903,59.40414],[11.14904,59.40404],[11.14896,59.40394],[11.14871,59.40384],[11.14886,59.40392],[11.14898,59.40413],[11.14903,59.40414]]]},"properties":{"a":148,"v":-493,"dh":3.33,"pl":0,"sl":1,"c":14}},{"type":"Feature","geometry":{"type":"Polygon","coordinates":[[[11.14702,59.42999],[11.14706,59.42989],[11.14681,59.42984],[11.14682,59.4299],[11.14702,59.42999]]]},"properties":{"a":164,"v":273,"dh":1.67,"pl":0,"fo":1,"c":15}},{"type":"Feature","geometry":{"type":"Polygon","coordinates":[[[11.15595,59.43065],[11.15606,59.43053],[11.15602,59.43048],[11.15609,59.43044],[11.15589,59.43053],[11.15587,59.43061],[11.15595,59.43065]]]},"properties":{"a":118,"v":296,"dh":2.51,"pl":0,"sl":1,"c":16}},{"type":"Feature","geometry":{"type":"Polygon","coordinates":[[[11.15323,59.43363],[11.15319,59.43359],[11.15324,59.4335],[11.15336,59.43345],[11.15345,59.43328],[11.1532,59.43343],[11.15314,59.43358],[11.15323,59.43363]]]},"properties":{"a":212,"v":238,"dh":1.12,"pl":0,"fo":1,"c":17}},{"type":"Feature","geometry":{"type":"Polygon","coordinates":[[[11.15706,59.43623],[11.157,59.43611],[11.15721,59.43606],[11.15726,59.43599],[11.15693,59.43608],[11.15693,59.43615],[11.15706,59.43623]]]},"properties":{"a":172,"v":198,"dh":1.15,"pl":0,"c":18}},{"type":"Feature","geometry":{"type":"Polygon","coordinates":[[[11.15075,59.43681],[11.15071,59.43673],[11.15049,59.43668],[11.15059,59.43678],[11.15075,59.43681]]]},"properties":{"a":100,"v":-227,"dh":2.27,"pl":0,"sl":1,"c":19}},{"type":"Feature","geometry":{"type":"Polygon","coordinates":[[[11.15222,59.44367],[11.15231,59.44363],[11.15227,59.44355],[11.15215,59.44353],[11.15202,59.44358],[11.15207,59.44366],[11.15222,59.44367]]]},"properties":{"a":195,"v":228,"dh":1.17,"pl":0,"c":20}},{"type":"Feature","geometry":{"type":"Polygon","coordinates":[[[11.15779,59.44581],[11.15761,59.4457],[11.15753,59.44557],[11.15743,59.44559],[11.1576,59.44575],[11.15779,59.44581]]]},"properties":{"a":107,"v":122,"dh":1.14,"pl":0,"fo":1,"c":21}},{"type":"Feature","geometry":{"type":"Polygon","coordinates":[[[11.17698,59.42926],[11.17719,59.42924],[11.1772,59.42916],[11.17703,59.42914],[11.17694,59.42919],[11.17698,59.42926]]]},"properties":{"a":175,"v":238,"dh":1.36,"pl":0,"fo":1,"c":22}},{"type":"Feature","geometry":{"type":"Polygon","coordinates":[[[11.17572,59.41923],[11.17583,59.41909],[11.17566,59.41905],[11.17551,59.41918],[11.17572,59.41923]]]},"properties":{"a":235,"v":-538,"dh":2.29,"pl":0,"c":23}},{"type":"Feature","geometry":{"type":"Polygon","coordinates":[[[11.17582,59.41936],[11.17578,59.41932],[11.17602,59.41922],[11.17603,59.41918],[11.17587,59.41912],[11.17574,59.41923],[11.17573,59.41935],[11.17582,59.41936]]]},"properties":{"a":219,"v":448,"dh":2.04,"pl":0,"c":23}},{"type":"Feature","geometry":{"type":"Polygon","coordinates":[[[11.17642,59.42303],[11.17656,59.42298],[11.17654,59.42288],[11.17642,59.42291],[11.17635,59.42301],[11.17642,59.42303]]]},"properties":{"a":114,"v":221,"dh":1.94,"pl":0,"fo":1,"c":24}},{"type":"Feature","geometry":{"type":"Polygon","coordinates":[[[11.1713,59.42693],[11.1712,59.42684],[11.17112,59.42696],[11.17125,59.42698],[11.1713,59.42693]]]},"properties":{"a":110,"v":178,"dh":1.62,"pl":0,"fo":1,"c":25}},{"type":"Feature","geometry":{"type":"Polygon","coordinates":[[[11.17329,59.42937],[11.17335,59.42925],[11.17314,59.42928],[11.17316,59.42933],[11.17329,59.42937]]]},"properties":{"a":100,"v":162,"dh":1.62,"pl":0,"fo":1,"c":26}},{"type":"Feature","geometry":{"type":"MultiPolygon","coordinates":[[[[11.16895,59.43898],[11.1689,59.43885],[11.16875,59.43893],[11.16875,59.43898],[11.1689,59.43901],[11.16902,59.43898],[11.16895,59.43898]]],[[[11.16902,59.43896],[11.16905,59.43896],[11.16905,59.43895],[11.16902,59.43896]]]]},"properties":{"a":141,"v":-153,"dh":1.09,"pl":0,"c":27}},{"type":"Feature","geometry":{"type":"Polygon","coordinates":[[[11.17549,59.44177],[11.17559,59.44171],[11.17557,59.44166],[11.17534,59.44164],[11.17533,59.44173],[11.17549,59.44177]]]},"properties":{"a":144,"v":-334,"dh":2.32,"pl":0,"fo":1,"c":28}},{"type":"Feature","geometry":{"type":"MultiPolygon","coordinates":[[[[11.17416,59.44245],[11.1743,59.44247],[11.17439,59.4424],[11.17446,59.44243],[11.17453,59.44241],[11.17449,59.44235],[11.17444,59.44235],[11.17426,59.44238],[11.1742,59.44245],[11.17416,59.44245]]],[[[11.17419,59.44243],[11.17418,59.44244],[11.17419,59.44244],[11.17419,59.44243]]]]},"properties":{"a":123,"v":-120,"dh":0.98,"pl":0,"sh":1,"c":29}},{"type":"Feature","geometry":{"type":"Polygon","coordinates":[[[11.17354,59.44383],[11.17361,59.44378],[11.17378,59.44374],[11.17355,59.44372],[11.17356,59.44376],[11.17343,59.44379],[11.17344,59.44382],[11.17354,59.44383]]]},"properties":{"a":108,"v":-111,"dh":1.02,"pl":0,"fo":1,"c":30}},{"type":"Feature","geometry":{"type":"Polygon","coordinates":[[[11.1768,59.44841],[11.17685,59.44837],[11.17673,59.44833],[11.17674,59.4483],[11.17662,59.44831],[11.17659,59.44835],[11.17664,59.44841],[11.1768,59.44841]]]},"properties":{"a":119,"v":-148,"dh":1.25,"pl":0,"c":31}},{"type":"Feature","geometry":{"type":"Polygon","coordinates":[[[11.17679,59.44856],[11.17689,59.44846],[11.1767,59.44845],[11.17654,59.44852],[11.17679,59.44856]]]},"properties":{"a":172,"v":248,"dh":1.44,"pl":0,"c":31}},{"type":"Feature","geometry":{"type":"Polygon","coordinates":[[[11.17228,59.45249],[11.17228,59.45239],[11.17249,59.45224],[11.17232,59.45228],[11.17226,59.45239],[11.1722,59.45239],[11.17224,59.45241],[11.17217,59.45244],[11.17219,59.45248],[11.17228,59.45249]]]},"properties":{"a":119,"v":-102,"dh":0.86,"pl":0,"sh":1,"c":32}},{"type":"Feature","geometry":{"type":"Polygon","coordinates":[[[11.17161,59.45325],[11.17176,59.45319],[11.17126,59.45314],[11.17143,59.45324],[11.17161,59.45325]],[[11.17145,59.45322],[11.17148,59.45321],[11.17148,59.45322],[11.17145,59.45322]]]},"properties":{"a":179,"v":-177,"dh":0.99,"pl":0,"sh":1,"c":33}},{"type":"Feature","geometry":{"type":"Polygon","coordinates":[[[11.16972,59.45631],[11.16975,59.45618],[11.16969,59.45617],[11.16938,59.45619],[11.16929,59.45624],[11.16972,59.45631]]]},"properties":{"a":258,"v":358,"dh":1.39,"pl":0,"fo":1,"c":34}},{"type":"Feature","geometry":{"type":"Polygon","coordinates":[[[11.17662,59.46037],[11.17677,59.46032],[11.17684,59.46021],[11.17677,59.46023],[11.1768,59.46017],[11.17675,59.46017],[11.17666,59.46025],[11.17656,59.46025],[11.17656,59.4603],[11.17647,59.46032],[11.17662,59.46037]],[[11.17658,59.46034],[11.1766,59.46032],[11.1766,59.46034],[11.17658,59.46034]]]},"properties":{"a":207,"v":206,"dh":0.99,"pl":0,"sh":1,"c":35}},{"type":"Feature","geometry":{"type":"Polygon","coordinates":[[[11.17773,59.46061],[11.17779,59.46051],[11.1776,59.46051],[11.1776,59.46059],[11.17773,59.46061]]]},"properties":{"a":120,"v":-172,"dh":1.43,"pl":0,"fo":1,"c":36}},{"type":"Feature","geometry":{"type":"Polygon","coordinates":[[[11.17911,59.4616],[11.17913,59.46155],[11.17897,59.46152],[11.17903,59.4614],[11.17903,59.46133],[11.17897,59.46131],[11.17891,59.46138],[11.17891,59.4615],[11.17911,59.4616]]]},"properties":{"a":145,"v":166,"dh":1.14,"pl":0,"c":37}},{"type":"Feature","geometry":{"type":"Polygon","coordinates":[[[11.16017,59.44965],[11.16012,59.44939],[11.15994,59.44937],[11.15991,59.44944],[11.15995,59.44953],[11.16017,59.44965]]]},"properties":{"a":285,"v":502,"dh":1.76,"pl":0,"c":38}},{"type":"Feature","geometry":{"type":"Polygon","coordinates":[[[11.16837,59.45232],[11.16844,59.4523],[11.16844,59.45225],[11.16865,59.45222],[11.16863,59.45217],[11.16831,59.45226],[11.16837,59.45232]]]},"properties":{"a":117,"v":136,"dh":1.16,"pl":0,"c":39}},{"type":"Feature","geometry":{"type":"Polygon","coordinates":[[[11.16782,59.45256],[11.16785,59.45244],[11.16801,59.45244],[11.16828,59.4523],[11.16802,59.45231],[11.16779,59.45241],[11.16777,59.45253],[11.16782,59.45256]]]},"properties":{"a":243,"v":315,"dh":1.3,"pl":0,"c":39}},{"type":"Feature","geometry":{"type":"Polygon","coordinates":[[[11.16868,59.45627],[11.16887,59.45623],[11.16892,59.45618],[11.16858,59.45606],[11.16844,59.45608],[11.16837,59.45614],[11.16839,59.45623],[11.16845,59.45626],[11.16859,59.45623],[11.16868,59.45627]]]},"properties":{"a":501,"v":-1013,"dh":2.02,"pl":0,"fo":1,"c":34}},{"type":"Feature","geometry":{"type":"Polygon","coordinates":[[[11.16386,59.45679],[11.1638,59.45676],[11.16386,59.45675],[11.16379,59.45662],[11.16365,59.45664],[11.16368,59.45669],[11.16375,59.45669],[11.16373,59.45678],[11.16386,59.45679]]]},"properties":{"a":125,"v":168,"dh":1.34,"pl":0,"c":40}},{"type":"Feature","geometry":{"type":"Polygon","coordinates":[[[11.1619,59.45873],[11.16186,59.45867],[11.16168,59.45865],[11.16174,59.4587],[11.16173,59.4588],[11.1619,59.45873]],[[11.16188,59.45873],[11.16186,59.45872],[11.16188,59.45872],[11.16188,59.45873]],[[11.16186,59.45872],[11.16185,59.45871],[11.16186,59.45871],[11.16186,59.45872]]]},"properties":{"a":131,"v":127,"dh":0.97,"pl":0,"sh":1,"c":41}},{"type":"Feature","geometry":{"type":"Polygon","coordinates":[[[11.16101,59.46106],[11.1612,59.46103],[11.16118,59.46099],[11.16133,59.46093],[11.16149,59.4608],[11.16146,59.46072],[11.16141,59.46071],[11.16145,59.46058],[11.16109,59.46044],[11.16087,59.46052],[11.16085,59.46057],[11.16092,59.46053],[11.16117,59.46055],[11.1613,59.46062],[11.16134,59.46072],[11.16118,59.46077],[11.16095,59.46072],[11.1609,59.46075],[11.16092,59.46081],[11.16087,59.4608],[11.16086,59.46091],[11.16093,59.46093],[11.16088,59.46096],[11.16106,59.46101],[11.16101,59.46106]]]},"properties":{"a":1173,"v":1690,"dh":1.44,"pl":0,"c":42}},{"type":"Feature","geometry":{"type":"Polygon","coordinates":[[[11.16771,59.4629],[11.16745,59.46294],[11.16747,59.46299],[11.16731,59.4631],[11.16738,59.46323],[11.1675,59.4633],[11.16751,59.46336],[11.16754,59.46336],[11.16755,59.46326],[11.16766,59.46324],[11.16764,59.46317],[11.16779,59.46307],[11.16771,59.4629]]]},"properties":{"a":756,"v":-1590,"dh":2.1,"pl":0,"c":43}},{"type":"Feature","geometry":{"type":"MultiPolygon","coordinates":[[[[11.16663,59.46401],[11.16682,59.46397],[11.16729,59.46401],[11.16748,59.46396],[11.16756,59.46389],[11.1676,59.46398],[11.16773,59.46403],[11.16773,59.46382],[11.16778,59.4638],[11.16777,59.46356],[11.16765,59.46343],[11.16767,59.46338],[11.1676,59.46336],[11.16748,59.46348],[11.16706,59.46358],[11.1671,59.46366],[11.16686,59.46377],[11.1668,59.46393],[11.16665,59.46396],[11.16663,59.46401]],[[11.16753,59.46377],[11.16756,59.46366],[11.16762,59.46366],[11.16765,59.46372],[11.16757,59.46382],[11.16753,59.46377]],[[11.16753,59.46365],[11.16737,59.46362],[11.16735,59.46359],[11.16747,59.46357],[11.16753,59.46365]],[[11.16733,59.46358],[11.16731,59.46359],[11.16731,59.46358],[11.16733,59.46358]],[[11.16724,59.46358],[11.16726,59.46355],[11.16731,59.46356],[11.16731,59.46358],[11.16724,59.46358]]],[[[11.16665,59.46403],[11.16669,59.46404],[11.16669,59.46403],[11.16665,59.46403]]]]},"properties":{"a":2488,"v":4964,"dh":2.0,"pl":0,"c":43}},{"type":"Feature","geometry":{"type":"Polygon","coordinates":[[[11.16653,59.4638],[11.16678,59.4638],[11.16683,59.46377],[11.16677,59.46371],[11.16667,59.46372],[11.16653,59.4638]]]},"properties":{"a":123,"v":-185,"dh":1.5,"pl":0,"c":43}},{"type":"Feature","geometry":{"type":"Polygon","coordinates":[[[11.17697,59.4645],[11.1771,59.46434],[11.17703,59.46427],[11.17685,59.46428],[11.1768,59.46437],[11.1769,59.46443],[11.1769,59.4645],[11.17697,59.4645]]]},"properties":{"a":277,"v":515,"dh":1.86,"pl":0,"c":44}},{"type":"Feature","geometry":{"type":"Polygon","coordinates":[[[11.17376,59.46646],[11.17386,59.46641],[11.17384,59.46636],[11.17349,59.4663],[11.17376,59.46646]]]},"properties":{"a":174,"v":240,"dh":1.38,"pl":0,"fo":1,"c":45}},{"type":"Feature","geometry":{"type":"Polygon","coordinates":[[[11.17336,59.46647],[11.17341,59.46644],[11.1734,59.46635],[11.17298,59.46637],[11.17336,59.46647]]]},"properties":{"a":222,"v":-274,"dh":1.23,"pl":0,"fo":1,"c":45}},{"type":"Feature","geometry":{"type":"Polygon","coordinates":[[[11.17338,59.46686],[11.17359,59.46688],[11.17358,59.46672],[11.17346,59.46667],[11.17341,59.46669],[11.17343,59.46677],[11.17338,59.46686]]]},"properties":{"a":221,"v":-308,"dh":1.39,"pl":0,"fo":1,"c":45}},{"type":"Feature","geometry":{"type":"Polygon","coordinates":[[[11.17355,59.46697],[11.17361,59.46692],[11.1734,59.4669],[11.17333,59.46694],[11.17355,59.46697]]]},"properties":{"a":102,"v":157,"dh":1.53,"pl":0,"fo":1,"c":45}},{"type":"Feature","geometry":{"type":"Polygon","coordinates":[[[11.17437,59.46738],[11.17438,59.46733],[11.17431,59.46732],[11.17434,59.46724],[11.17416,59.46724],[11.17424,59.46733],[11.17417,59.46728],[11.17404,59.4673],[11.17414,59.46737],[11.17429,59.46734],[11.17437,59.46738]]]},"properties":{"a":182,"v":-190,"dh":1.04,"pl":1,"pn":"Skiptvet Kirke med omkringliggende områder","pd":"2016-12-13","fo":1,"c":47}},{"type":"Feature","geometry":{"type":"Polygon","coordinates":[[[11.17559,59.46751],[11.17566,59.46748],[11.17566,59.46744],[11.1755,59.46743],[11.17537,59.46734],[11.17527,59.46736],[11.17536,59.46738],[11.17531,59.46745],[11.1754,59.46744],[11.1754,59.46749],[11.17545,59.46745],[11.17547,59.4675],[11.17559,59.46751]],[[11.17554,59.46749],[11.17557,59.46748],[11.17557,59.46749],[11.17554,59.46749]]]},"properties":{"a":171,"v":-193,"dh":1.13,"pl":1,"pn":"Skiptvet Kirke med omkringliggende områder","pd":"2016-12-13","fo":1,"c":46}},{"type":"Feature","geometry":{"type":"Polygon","coordinates":[[[11.17526,59.46753],[11.17535,59.46749],[11.17528,59.4675],[11.17515,59.46744],[11.17513,59.46737],[11.17504,59.46736],[11.1751,59.46746],[11.17501,59.46749],[11.17526,59.46753]]]},"properties":{"a":140,"v":-181,"dh":1.29,"pl":1,"pn":"Skiptvet Kirke med omkringliggende områder","pd":"2016-12-13","fo":1,"c":46}},{"type":"Feature","geometry":{"type":"MultiPolygon","coordinates":[[[[11.17568,59.46754],[11.17565,59.46753],[11.17568,59.46756],[11.17568,59.46754]]],[[[11.17553,59.46767],[11.17568,59.46772],[11.17564,59.46769],[11.17576,59.46765],[11.1757,59.46756],[11.17553,59.46767]]],[[[11.1755,59.46771],[11.17555,59.4677],[11.1755,59.4677],[11.1755,59.46771]]]]},"properties":{"a":122,"v":-126,"dh":1.03,"pl":1,"pn":"Skiptvet Kirke med omkringliggende områder","pd":"2016-12-13","fo":1,"c":46}},{"type":"Feature","geometry":{"type":"Polygon","coordinates":[[[11.17258,59.46865],[11.17278,59.46857],[11.17277,59.46842],[11.17292,59.46827],[11.17307,59.46785],[11.17321,59.4678],[11.17346,59.46782],[11.17341,59.46766],[11.17369,59.46754],[11.17341,59.46753],[11.17322,59.46765],[11.17287,59.46768],[11.17263,59.46783],[11.17242,59.46814],[11.1723,59.46842],[11.17241,59.46855],[11.17258,59.46865]]]},"properties":{"a":3273,"v":8632,"dh":2.64,"pl":1,"pn":"Skiptvet Kirke med omkringliggende områder","pd":"2016-12-13","c":47}},{"type":"Feature","geometry":{"type":"Polygon","coordinates":[[[11.16697,59.46411],[11.1671,59.4641],[11.16704,59.46406],[11.16707,59.46402],[11.16682,59.46399],[11.16677,59.46404],[11.16697,59.46411]]]},"properties":{"a":155,"v":-264,"dh":1.7,"pl":0,"c":43}},{"type":"Feature","geometry":{"type":"Polygon","coordinates":[[[11.16735,59.46413],[11.16739,59.46406],[11.16732,59.46403],[11.16711,59.46409],[11.16713,59.46413],[11.16735,59.46413]]]},"properties":{"a":143,"v":-245,"dh":1.71,"pl":0,"c":43}},{"type":"Feature","geometry":{"type":"Polygon","coordinates":[[[11.16373,59.46505],[11.16391,59.46503],[11.16385,59.46497],[11.16387,59.4649],[11.16367,59.46491],[11.16373,59.46505]]]},"properties":{"a":165,"v":206,"dh":1.25,"pl":0,"c":48}},{"type":"Feature","geometry":{"type":"Polygon","coordinates":[[[11.16221,59.47051],[11.16238,59.47044],[11.16295,59.47043],[11.16218,59.47033],[11.16208,59.47041],[11.16207,59.47049],[11.16221,59.47051]]]},"properties":{"a":434,"v":-535,"dh":1.23,"pl":0,"c":49}},{"type":"Feature","geometry":{"type":"Polygon","coordinates":[[[11.16333,59.4706],[11.16407,59.47058],[11.16382,59.47056],[11.16359,59.47047],[11.1636,59.47034],[11.16351,59.47036],[11.1635,59.47044],[11.16341,59.47047],[11.16338,59.47054],[11.16324,59.47056],[11.16333,59.4706]]]},"properties":{"a":461,"v":670,"dh":1.45,"pl":0,"c":49}},{"type":"Feature","geometry":{"type":"Polygon","coordinates":[[[11.16904,59.47074],[11.16914,59.47066],[11.1691,59.47058],[11.16894,59.47063],[11.16895,59.4707],[11.16904,59.47074]]]},"properties":{"a":137,"v":127,"dh":0.93,"pl":0,"sh":1,"c":50}},{"type":"Feature","geometry":{"type":"Polygon","coordinates":[[[11.16317,59.47086],[11.16326,59.47083],[11.16316,59.47077],[11.16318,59.4707],[11.16305,59.47071],[11.16304,59.47079],[11.16317,59.47086]]]},"properties":{"a":133,"v":114,"dh":0.86,"pl":0,"sh":1,"c":49}},{"type":"Feature","geometry":{"type":"Polygon","coordinates":[[[11.16366,59.47111],[11.16397,59.47094],[11.16391,59.47089],[11.164,59.47088],[11.16404,59.47074],[11.16346,59.4707],[11.16346,59.47078],[11.16399,59.47077],[11.16391,59.47083],[11.16363,59.4709],[11.16357,59.47101],[11.16348,59.47105],[11.16352,59.4711],[11.16366,59.47111]]]},"properties":{"a":645,"v":795,"dh":1.23,"pl":0,"fo":1,"c":49}},{"type":"Feature","geometry":{"type":"Polygon","coordinates":[[[11.16341,59.471],[11.16339,59.47096],[11.16347,59.47092],[11.16345,59.47088],[11.16352,59.47088],[11.16352,59.47082],[11.16323,59.47095],[11.16341,59.471]],[[11.16349,59.47087],[11.1635,59.47087],[11.16351,59.47087],[11.16349,59.47087]]]},"properties":{"a":144,"v":-141,"dh":0.98,"pl":0,"sh":1,"c":49}},{"type":"Feature","geometry":{"type":"Polygon","coordinates":[[[11.16216,59.47108],[11.16224,59.47096],[11.16199,59.47093],[11.16198,59.47098],[11.16205,59.47107],[11.16216,59.47108]]]},"properties":{"a":174,"v":211,"dh":1.21,"pl":0,"c":49}},{"type":"Feature","geometry":{"type":"Polygon","coordinates":[[[11.18337,59.41323],[11.18354,59.41317],[11.18354,59.41311],[11.18349,59.41309],[11.18335,59.41316],[11.18337,59.41323]]]},"properties":{"a":125,"v":217,"dh":1.74,"pl":1,"pn":"Glennetangen ferie- og fritidssenter","pd":"2005-09-20","c":51}},{"type":"Feature","geometry":{"type":"Polygon","coordinates":[[[11.18864,59.44711],[11.18889,59.44706],[11.1889,59.44702],[11.18874,59.44697],[11.18852,59.44707],[11.18864,59.44711]]]},"properties":{"a":196,"v":-328,"dh":1.68,"pl":0,"c":52}},{"type":"Feature","geometry":{"type":"MultiPolygon","coordinates":[[[[11.18902,59.44721],[11.18896,59.44717],[11.18903,59.44711],[11.18899,59.44706],[11.1887,59.44715],[11.18882,59.44717],[11.18886,59.44724],[11.18902,59.44721]],[[11.18891,59.44719],[11.18895,59.4472],[11.18891,59.44721],[11.18891,59.44719]]],[[[11.189,59.44724],[11.18904,59.44723],[11.189,59.44723],[11.189,59.44724]]]]},"properties":{"a":179,"v":216,"dh":1.21,"pl":0,"c":52}},{"type":"Feature","geometry":{"type":"Polygon","coordinates":[[[11.19379,59.45],[11.19398,59.44999],[11.19392,59.44995],[11.19404,59.44982],[11.19403,59.44972],[11.19394,59.44967],[11.19355,59.44989],[11.19364,59.44997],[11.19375,59.44994],[11.19373,59.44998],[11.19379,59.45]],[[11.19366,59.44995],[11.1937,59.44994],[11.1937,59.44995],[11.19366,59.44995]],[[11.19371,59.44992],[11.19371,59.44987],[11.19376,59.44989],[11.19376,59.44992],[11.19371,59.44992]]]},"properties":{"a":600,"v":1261,"dh":2.1,"pl":0,"fo":1,"c":53}},{"type":"Feature","geometry":{"type":"Polygon","coordinates":[[[11.18654,59.45036],[11.18664,59.45032],[11.18664,59.45021],[11.18658,59.4502],[11.1865,59.45026],[11.18649,59.45032],[11.18654,59.45036]]]},"properties":{"a":105,"v":137,"dh":1.31,"pl":0,"fo":1,"c":54}},{"type":"Feature","geometry":{"type":"Polygon","coordinates":[[[11.17785,59.43975],[11.17766,59.43961],[11.1777,59.43966],[11.17751,59.43967],[11.17751,59.43971],[11.17769,59.43975],[11.17771,59.43979],[11.17785,59.43975]],[[11.17776,59.4397],[11.17772,59.43972],[11.17772,59.4397],[11.17776,59.4397]]]},"properties":{"a":159,"v":-163,"dh":1.02,"pl":0,"c":55}},{"type":"Feature","geometry":{"type":"Polygon","coordinates":[[[11.1795,59.44107],[11.1795,59.44104],[11.17966,59.44102],[11.17942,59.44092],[11.17944,59.44097],[11.17938,59.441],[11.17941,59.44104],[11.17938,59.44107],[11.1795,59.44107]],[[11.17943,59.44101],[11.1795,59.44099],[11.1795,59.44101],[11.17943,59.44101]]]},"properties":{"a":124,"v":-105,"dh":0.85,"pl":0,"sh":1,"c":56}},{"type":"Feature","geometry":{"type":"Polygon","coordinates":[[[11.17961,59.4581],[11.17984,59.45808],[11.17986,59.45804],[11.17968,59.45799],[11.17961,59.4581]]]},"properties":{"a":122,"v":170,"dh":1.4,"pl":0,"fo":1,"c":57}},{"type":"Feature","geometry":{"type":"Polygon","coordinates":[[[11.18285,59.46474],[11.18286,59.4647],[11.18309,59.46472],[11.18312,59.46467],[11.18285,59.46447],[11.18286,59.46435],[11.18275,59.4643],[11.18259,59.46433],[11.18244,59.46453],[11.1823,59.46446],[11.18215,59.46455],[11.18195,59.46457],[11.18197,59.4646],[11.18192,59.46462],[11.18198,59.46466],[11.18238,59.46461],[11.18254,59.46472],[11.18285,59.46474]],[[11.18239,59.46457],[11.18243,59.46454],[11.18243,59.46456],[11.18239,59.46457]]]},"properties":{"a":1514,"v":-4342,"dh":2.87,"pl":1,"pn":"Mørk Bergsjø","pd":"2018-12-18","fo":1,"c":69}},{"type":"Feature","geometry":{"type":"MultiPolygon","coordinates":[[[[11.18355,59.46468],[11.18379,59.46458],[11.1838,59.46454],[11.18359,59.46455],[11.18353,59.46462],[11.18355,59.46468]]],[[[11.18351,59.46468],[11.18353,59.46469],[11.18353,59.46468],[11.18351,59.46468]]]]},"properties":{"a":136,"v":-208,"dh":1.53,"pl":1,"pn":"Mørk Bergsjø","pd":"2018-12-18","fo":1,"c":69}},{"type":"Feature","geometry":{"type":"Polygon","coordinates":[[[11.20147,59.45094],[11.20147,59.4509],[11.20139,59.45087],[11.20148,59.45084],[11.20146,59.45077],[11.20129,59.45069],[11.20124,59.45069],[11.20133,59.45072],[11.20135,59.45078],[11.20123,59.45079],[11.20122,59.45083],[11.20147,59.45094]]]},"properties":{"a":194,"v":284,"dh":1.46,"pl":0,"sl":1,"c":58}},{"type":"Feature","geometry":{"type":"Polygon","coordinates":[[[11.20265,59.45932],[11.20285,59.45935],[11.20279,59.4593],[11.20282,59.45917],[11.20269,59.45911],[11.2027,59.45923],[11.20265,59.45932]]]},"properties":{"a":174,"v":390,"dh":2.24,"pl":0,"sl":1,"c":59}},{"type":"Feature","geometry":{"type":"Polygon","coordinates":[[[11.20341,59.45954],[11.20341,59.45934],[11.20329,59.45933],[11.20334,59.45929],[11.20326,59.45926],[11.20329,59.45942],[11.20341,59.45954]]]},"properties":{"a":138,"v":-126,"dh":0.92,"pl":0,"sh":1,"c":59}},{"type":"Feature","geometry":{"type":"Polygon","coordinates":[[[11.2,59.46117],[11.20016,59.46113],[11.20005,59.46108],[11.19999,59.46098],[11.19966,59.46089],[11.19967,59.46095],[11.19985,59.46102],[11.19993,59.46111],[11.20002,59.46114],[11.2,59.46117]]]},"properties":{"a":289,"v":416,"dh":1.44,"pl":0,"fo":1,"c":60}},{"type":"Feature","geometry":{"type":"Polygon","coordinates":[[[11.19566,59.45032],[11.1958,59.45023],[11.19581,59.45016],[11.19577,59.45014],[11.19563,59.45019],[11.19566,59.45032]]]},"properties":{"a":116,"v":169,"dh":1.46,"pl":0,"fo":1,"c":61}},{"type":"Feature","geometry":{"type":"Polygon","coordinates":[[[11.18734,59.45092],[11.18762,59.45092],[11.1876,59.45083],[11.18765,59.45081],[11.18733,59.45088],[11.18734,59.45092]]]},"properties":{"a":124,"v":126,"dh":1.02,"pl":0,"c":62}},{"type":"Feature","geometry":{"type":"Polygon","coordinates":[[[11.18695,59.45121],[11.18696,59.45113],[11.18718,59.451],[11.18733,59.45084],[11.18721,59.45084],[11.18697,59.45104],[11.18685,59.45107],[11.18684,59.45119],[11.18695,59.45121]]]},"properties":{"a":330,"v":523,"dh":1.58,"pl":0,"fo":1,"c":62}},{"type":"Feature","geometry":{"type":"Polygon","coordinates":[[[11.18685,59.453],[11.18717,59.45297],[11.18738,59.453],[11.18725,59.45294],[11.18685,59.453]]]},"properties":{"a":123,"v":-151,"dh":1.23,"pl":0,"fo":1,"c":63}},{"type":"Feature","geometry":{"type":"Polygon","coordinates":[[[11.18656,59.4534],[11.18668,59.45335],[11.18666,59.45332],[11.18682,59.45327],[11.18695,59.45316],[11.18706,59.45316],[11.18719,59.45326],[11.18731,59.45326],[11.18734,59.45317],[11.18716,59.45308],[11.18682,59.45307],[11.18657,59.45329],[11.18656,59.4534]],[[11.18718,59.45319],[11.1872,59.45317],[11.18722,59.45319],[11.18718,59.45319]]]},"properties":{"a":630,"v":885,"dh":1.4,"pl":0,"fo":1,"c":63}},{"type":"Feature","geometry":{"type":"Polygon","coordinates":[[[11.18683,59.45346],[11.18713,59.45343],[11.18713,59.4534],[11.18692,59.45342],[11.18711,59.45335],[11.18677,59.4534],[11.18683,59.45346]]]},"properties":{"a":126,"v":-114,"dh":0.91,"pl":0,"sh":1,"c":64}},{"type":"Feature","geometry":{"type":"Polygon","coordinates":[[[11.19448,59.45387],[11.19474,59.45377],[11.19474,59.45358],[11.1947,59.45352],[11.19445,59.45345],[11.19442,59.45352],[11.19427,59.4536],[11.19427,59.4537],[11.19433,59.45377],[11.19447,59.4538],[11.19448,59.45387]]]},"properties":{"a":852,"v":1706,"dh":2.0,"pl":0,"fo":1,"c":65}},{"type":"Feature","geometry":{"type":"Polygon","coordinates":[[[11.19035,59.46284],[11.19061,59.46281],[11.19061,59.46274],[11.19055,59.4627],[11.19043,59.4627],[11.19031,59.46277],[11.19035,59.46284]]]},"properties":{"a":195,"v":284,"dh":1.46,"pl":0,"c":66}},{"type":"Feature","geometry":{"type":"Polygon","coordinates":[[[11.19609,59.46545],[11.19604,59.46514],[11.19609,59.46508],[11.19604,59.46508],[11.19605,59.4651],[11.19597,59.46515],[11.19602,59.46534],[11.19599,59.46539],[11.19602,59.46545],[11.19609,59.46545]]]},"properties":{"a":149,"v":-254,"dh":1.7,"pl":0,"sl":1,"c":67}},{"type":"Feature","geometry":{"type":"Polygon","coordinates":[[[11.18449,59.46724],[11.18459,59.4672],[11.18455,59.46711],[11.18429,59.46715],[11.18449,59.46724]]]},"properties":{"a":138,"v":-164,"dh":1.19,"pl":1,"pn":"Mørk Bergsjø","pd":"2018-12-18","fo":1,"c":68}},{"type":"Feature","geometry":{"type":"Polygon","coordinates":[[[11.18199,59.46482],[11.182,59.46477],[11.18189,59.46474],[11.18187,59.46467],[11.18168,59.46469],[11.18172,59.4648],[11.18199,59.46482]]]},"properties":{"a":209,"v":-554,"dh":2.65,"pl":1,"pn":"Mørk Bergsjø","pd":"2018-12-18","fo":1,"c":69}},{"type":"Feature","geometry":{"type":"Polygon","coordinates":[[[11.18245,59.46489],[11.18255,59.4648],[11.18253,59.46471],[11.18244,59.46473],[11.18237,59.46467],[11.18231,59.4647],[11.1822,59.46462],[11.18191,59.46468],[11.18191,59.46473],[11.18204,59.46477],[11.18227,59.46477],[11.18233,59.46472],[11.18233,59.46488],[11.18245,59.46489]]]},"properties":{"a":528,"v":1398,"dh":2.65,"pl":1,"pn":"Mørk Bergsjø","pd":"2018-12-18","fo":1,"c":69}},{"type":"Feature","geometry":{"type":"Polygon","coordinates":[[[11.18364,59.46501],[11.18365,59.46494],[11.18358,59.46491],[11.18361,59.46476],[11.18348,59.46478],[11.18349,59.46492],[11.18364,59.46501]]]},"properties":{"a":163,"v":257,"dh":1.58,"pl":1,"pn":"Mørk Bergsjø","pd":"2018-12-18","fo":1,"c":69}},{"type":"Feature","geometry":{"type":"Polygon","coordinates":[[[11.18158,59.46509],[11.1817,59.46503],[11.18163,59.46497],[11.18166,59.46494],[11.18164,59.46487],[11.1815,59.46498],[11.18151,59.46507],[11.18158,59.46509]]]},"properties":{"a":157,"v":217,"dh":1.38,"pl":1,"pn":"Mørk Bergsjø","pd":"2018-12-18","fo":1,"c":69}},{"type":"Feature","geometry":{"type":"Polygon","coordinates":[[[11.18209,59.4653],[11.18221,59.46523],[11.18192,59.4652],[11.18184,59.46524],[11.18189,59.4653],[11.18209,59.4653]]]},"properties":{"a":190,"v":484,"dh":2.55,"pl":1,"pn":"Mørk Bergsjø","pd":"2018-12-18","fo":1,"c":69}},{"type":"Feature","geometry":{"type":"Polygon","coordinates":[[[11.18077,59.46543],[11.18104,59.46526],[11.18111,59.46513],[11.18073,59.46539],[11.18077,59.46543]]]},"properties":{"a":131,"v":135,"dh":1.03,"pl":1,"pn":"Mørk Bergsjø","pd":"2018-12-18","c":69}},{"type":"Feature","geometry":{"type":"Polygon","coordinates":[[[11.18331,59.46584],[11.18327,59.46578],[11.18335,59.46575],[11.18328,59.46569],[11.18333,59.4656],[11.1834,59.46563],[11.18344,59.46573],[11.1836,59.46573],[11.18358,59.46568],[11.18347,59.46567],[11.18351,59.46566],[11.18347,59.46561],[11.1834,59.46561],[11.18343,59.46554],[11.18333,59.46539],[11.18324,59.4654],[11.18324,59.46535],[11.18338,59.4653],[11.18334,59.46524],[11.18334,59.46528],[11.18325,59.46527],[11.1835,59.46508],[11.18333,59.46491],[11.18345,59.46484],[11.18336,59.46472],[11.18313,59.46479],[11.18321,59.46494],[11.18313,59.46501],[11.18306,59.46497],[11.18294,59.46505],[11.18257,59.46506],[11.18216,59.4653],[11.18184,59.46531],[11.18192,59.46539],[11.18202,59.46538],[11.18202,59.46533],[11.18237,59.46531],[11.18241,59.46537],[11.18255,59.46538],[11.18275,59.46551],[11.18308,59.46542],[11.18314,59.46548],[11.18302,59.46554],[11.18304,59.46558],[11.1829,59.46562],[11.18308,59.46569],[11.18311,59.46574],[11.18296,59.46575],[11.18312,59.46576],[11.18331,59.46584]]]},"properties":{"a":3835,"v":-16537,"dh":4.31,"pl":1,"pn":"Mørk Bergsjø","pd":"2018-12-18","c":69}},{"type":"Feature","geometry":{"type":"Polygon","coordinates":[[[11.18392,59.46579],[11.18386,59.46571],[11.18393,59.46567],[11.18378,59.46557],[11.18357,59.46553],[11.18352,59.46559],[11.18352,59.46563],[11.18363,59.46564],[11.18392,59.46579]]]},"properties":{"a":287,"v":467,"dh":1.63,"pl":1,"pn":"Mørk Bergsjø","pd":"2018-12-18","fo":1,"c":69}},{"type":"Feature","geometry":{"type":"Polygon","coordinates":[[[11.18243,59.46592],[11.18264,59.46586],[11.18283,59.46586],[11.1829,59.46578],[11.18241,59.46584],[11.18226,59.46575],[11.18222,59.4659],[11.18243,59.46592]]]},"properties":{"a":368,"v":-561,"dh":1.52,"pl":1,"pn":"Mørk Bergsjø","pd":"2018-12-18","fo":1,"c":69}},{"type":"Feature","geometry":{"type":"Polygon","coordinates":[[[11.18355,59.46609],[11.1836,59.46604],[11.18351,59.46601],[11.18341,59.46587],[11.18334,59.46588],[11.18345,59.4661],[11.18355,59.46609]]]},"properties":{"a":168,"v":-224,"dh":1.33,"pl":1,"pn":"Mørk Bergsjø","pd":"2018-12-18","fo":1,"c":69}},{"type":"Feature","geometry":{"type":"Polygon","coordinates":[[[11.18276,59.46617],[11.18283,59.46613],[11.18272,59.46607],[11.18271,59.46592],[11.1825,59.46591],[11.18241,59.46594],[11.18257,59.46615],[11.18276,59.46617]]]},"properties":{"a":381,"v":673,"dh":1.77,"pl":1,"pn":"Mørk Bergsjø","pd":"2018-12-18","fo":1,"c":69}},{"type":"Feature","geometry":{"type":"Polygon","coordinates":[[[11.18387,59.46639],[11.18374,59.46629],[11.18384,59.46626],[11.18384,59.46622],[11.18368,59.46616],[11.18361,59.46619],[11.18367,59.46628],[11.18378,59.46633],[11.18378,59.46639],[11.18387,59.46639]]]},"properties":{"a":139,"v":-158,"dh":1.14,"pl":1,"pn":"Mørk Bergsjø","pd":"2018-12-18","fo":1,"c":69}},{"type":"Feature","geometry":{"type":"Polygon","coordinates":[[[11.18317,59.46641],[11.18327,59.46633],[11.18324,59.46625],[11.18307,59.46623],[11.18296,59.46627],[11.18295,59.46632],[11.183,59.46637],[11.18317,59.46641]],[[11.18311,59.46639],[11.18313,59.46638],[11.18313,59.46639],[11.18311,59.46639]]]},"properties":{"a":269,"v":-695,"dh":2.58,"pl":1,"pn":"Mørk Bergsjø","pd":"2018-12-18","fo":1,"c":69}},{"type":"Feature","geometry":{"type":"Polygon","coordinates":[[[11.17973,59.46656],[11.17998,59.46648],[11.17997,59.46638],[11.17988,59.4664],[11.17991,59.46634],[11.17974,59.46635],[11.17949,59.46641],[11.17954,59.4665],[11.17967,59.46647],[11.17973,59.4665],[11.17973,59.46656]],[[11.17971,59.4664],[11.17969,59.46637],[11.17972,59.46638],[11.17971,59.4664]]]},"properties":{"a":386,"v":-343,"dh":0.89,"pl":0,"sh":1,"c":70}},{"type":"Feature","geometry":{"type":"Polygon","coordinates":[[[11.18107,59.4667],[11.18139,59.46645],[11.1814,59.46638],[11.18135,59.46637],[11.18104,59.46664],[11.18101,59.46668],[11.18107,59.4667]]]},"properties":{"a":195,"v":253,"dh":1.3,"pl":0,"c":71}},{"type":"Feature","geometry":{"type":"Polygon","coordinates":[[[11.1834,59.46669],[11.18346,59.46662],[11.18344,59.46656],[11.18351,59.4665],[11.18327,59.46659],[11.1833,59.46665],[11.18325,59.46668],[11.1834,59.46669]]]},"properties":{"a":151,"v":-167,"dh":1.11,"pl":1,"pn":"Mørk Bergsjø","pd":"2018-12-18","fo":1,"c":68}},{"type":"Feature","geometry":{"type":"Polygon","coordinates":[[[11.18424,59.46723],[11.18426,59.46719],[11.1842,59.46713],[11.18425,59.4671],[11.18413,59.46708],[11.18406,59.46719],[11.18424,59.46723]]]},"properties":{"a":110,"v":110,"dh":1.0,"pl":1,"pn":"Mørk Bergsjø","pd":"2018-12-18","fo":1,"c":68}},{"type":"Feature","geometry":{"type":"Polygon","coordinates":[[[11.18376,59.46739],[11.18395,59.4673],[11.18394,59.46726],[11.18363,59.46738],[11.18376,59.46739]]]},"properties":{"a":106,"v":-145,"dh":1.36,"pl":1,"pn":"Mørk Bergsjø","pd":"2018-12-18","fo":1,"c":68}},{"type":"Feature","geometry":{"type":"Polygon","coordinates":[[[11.18343,59.46749],[11.18335,59.4674],[11.18312,59.4674],[11.18318,59.46748],[11.1833,59.46744],[11.18334,59.46749],[11.18343,59.46749]]]},"properties":{"a":117,"v":-151,"dh":1.29,"pl":1,"pn":"Mørk Bergsjø","pd":"2018-12-18","fo":1,"c":68}},{"type":"Feature","geometry":{"type":"Polygon","coordinates":[[[11.1829,59.46754],[11.18302,59.4675],[11.18302,59.46745],[11.18264,59.4675],[11.1829,59.46754]]]},"properties":{"a":152,"v":-219,"dh":1.44,"pl":1,"pn":"Mørk Bergsjø","pd":"2018-12-18","fo":1,"c":68}},{"type":"Feature","geometry":{"type":"Polygon","coordinates":[[[11.19989,59.46659],[11.19998,59.46651],[11.19987,59.46645],[11.1998,59.46649],[11.1998,59.46657],[11.19989,59.46659]]]},"properties":{"a":106,"v":-215,"dh":2.03,"pl":0,"sl":1,"c":72}},{"type":"Feature","geometry":{"type":"Polygon","coordinates":[[[11.21159,59.4665],[11.21175,59.4665],[11.21174,59.46631],[11.21163,59.46627],[11.21167,59.46635],[11.21159,59.4665]]]},"properties":{"a":152,"v":289,"dh":1.9,"pl":0,"c":73}},{"type":"Feature","geometry":{"type":"Polygon","coordinates":[[[11.21817,59.47692],[11.21809,59.4768],[11.21789,59.47676],[11.21795,59.4768],[11.21792,59.47688],[11.21817,59.47692]]]},"properties":{"a":128,"v":179,"dh":1.4,"pl":0,"fo":1,"c":74}},{"type":"Feature","geometry":{"type":"Polygon","coordinates":[[[11.20856,59.47775],[11.20854,59.47769],[11.20861,59.47767],[11.20859,59.47765],[11.20847,59.47766],[11.20845,59.4776],[11.20815,59.47757],[11.20821,59.4777],[11.20856,59.47775]],[[11.20831,59.47767],[11.20836,59.47764],[11.20837,59.47767],[11.20831,59.47767]]]},"properties":{"a":309,"v":342,"dh":1.11,"pl":0,"c":75}},{"type":"Feature","geometry":{"type":"Polygon","coordinates":[[[11.20874,59.47778],[11.20893,59.4777],[11.20913,59.4777],[11.20907,59.47768],[11.20916,59.47764],[11.20917,59.47758],[11.20899,59.4777],[11.20888,59.47765],[11.20889,59.47761],[11.20882,59.47756],[11.20884,59.47767],[11.20865,59.47776],[11.20874,59.47778]]]},"properties":{"a":202,"v":186,"dh":0.92,"pl":0,"sh":1,"c":75}},{"type":"Feature","geometry":{"type":"MultiPolygon","coordinates":[[[[11.20978,59.47792],[11.20974,59.47791],[11.20974,59.47793],[11.20978,59.47792]]],[[[11.20978,59.47796],[11.20973,59.47806],[11.20946,59.47821],[11.20948,59.47826],[11.20931,59.47832],[11.20931,59.47838],[11.20949,59.47847],[11.20974,59.47846],[11.21022,59.47829],[11.21023,59.47811],[11.21009,59.47812],[11.20979,59.47792],[11.20978,59.47792],[11.20978,59.47796]]]]},"properties":{"a":1728,"v":6775,"dh":3.92,"pl":0,"c":76}},{"type":"Feature","geometry":{"type":"Polygon","coordinates":[[[11.2176,59.48113],[11.21759,59.48104],[11.21741,59.48104],[11.21742,59.48108],[11.21735,59.4811],[11.2176,59.48113]]]},"properties":{"a":114,"v":144,"dh":1.26,"pl":0,"c":77}},{"type":"Feature","geometry":{"type":"Polygon","coordinates":[[[11.13213,59.42877],[11.13216,59.42872],[11.13232,59.42874],[11.13226,59.42864],[11.13227,59.42849],[11.13221,59.42861],[11.13227,59.4287],[11.13211,59.42871],[11.13208,59.42876],[11.13213,59.42877]]]},"properties":{"a":105,"v":91,"dh":0.87,"pl":0,"sh":1,"c":78}},{"type":"Feature","geometry":{"type":"Polygon","coordinates":[[[11.14445,59.45382],[11.14423,59.45368],[11.14419,59.45357],[11.14406,59.45347],[11.14395,59.45343],[11.14394,59.45348],[11.14387,59.45349],[11.14396,59.4536],[11.14424,59.45373],[11.1442,59.45377],[11.14445,59.45382]]]},"properties":{"a":363,"v":550,"dh":1.51,"pl":0,"fo":1,"c":79}},{"type":"Feature","geometry":{"type":"Polygon","coordinates":[[[11.14298,59.45611],[11.14326,59.45608],[11.14329,59.456],[11.1432,59.45598],[11.14295,59.45607],[11.14298,59.45611]]]},"properties":{"a":176,"v":162,"dh":0.92,"pl":0,"sh":1,"c":80}},{"type":"Feature","geometry":{"type":"Polygon","coordinates":[[[11.14273,59.45638],[11.14284,59.45626],[11.14279,59.45618],[11.14266,59.45621],[11.14255,59.45633],[11.14273,59.45638]]]},"properties":{"a":220,"v":246,"dh":1.12,"pl":0,"c":80}},{"type":"Feature","geometry":{"type":"Polygon","coordinates":[[[11.14392,59.46409],[11.14348,59.46401],[11.14342,59.46403],[11.14357,59.46412],[11.14347,59.46417],[11.14392,59.46409]],[[11.1438,59.46408],[11.14376,59.4641],[11.14376,59.46409],[11.1438,59.46408]]]},"properties":{"a":234,"v":-298,"dh":1.27,"pl":0,"fo":1,"c":81}},{"type":"Feature","geometry":{"type":"Polygon","coordinates":[[[11.14619,59.4796],[11.14605,59.47949],[11.14599,59.47949],[11.14603,59.47956],[11.14592,59.47951],[11.14584,59.47956],[11.14595,59.4796],[11.14619,59.4796]]]},"properties":{"a":148,"v":-154,"dh":1.04,"pl":0,"c":82}},{"type":"Feature","geometry":{"type":"Polygon","coordinates":[[[11.14399,59.48217],[11.14431,59.48217],[11.1443,59.48209],[11.14437,59.48201],[11.1441,59.48201],[11.14412,59.48197],[11.14362,59.48185],[11.14347,59.48176],[11.14324,59.48175],[11.14319,59.48178],[11.14323,59.48184],[11.14338,59.4818],[11.14378,59.48197],[11.14407,59.48199],[11.14404,59.48207],[11.14395,59.4821],[11.144,59.48211],[11.14399,59.48217]],[[11.14407,59.48209],[11.14409,59.48208],[11.14409,59.48209],[11.14407,59.48209]]]},"properties":{"a":663,"v":903,"dh":1.36,"pl":1,"pn":"Fjellshagen (vest)","pd":"1999-06-15","fo":1,"c":83}},{"type":"Feature","geometry":{"type":"Polygon","coordinates":[[[11.14238,59.48217],[11.14259,59.48212],[11.14266,59.48205],[11.14233,59.48211],[11.14238,59.48217]]]},"properties":{"a":123,"v":-139,"dh":1.13,"pl":1,"pn":"Fjellshagen (vest)","pd":"1999-06-15","fo":1,"c":83}},{"type":"Feature","geometry":{"type":"Polygon","coordinates":[[[11.14411,59.48239],[11.14427,59.48234],[11.14435,59.48226],[11.14429,59.48223],[11.14407,59.48233],[11.14411,59.48239]]]},"properties":{"a":116,"v":-142,"dh":1.22,"pl":1,"pn":"Fjellshagen (vest)","pd":"1999-06-15","c":83}},{"type":"Feature","geometry":{"type":"Polygon","coordinates":[[[11.12511,59.45885],[11.12531,59.45884],[11.1256,59.45866],[11.12545,59.45865],[11.12511,59.45885]]]},"properties":{"a":191,"v":261,"dh":1.37,"pl":0,"fo":1,"c":84}},{"type":"Feature","geometry":{"type":"Polygon","coordinates":[[[11.12797,59.46134],[11.128,59.46128],[11.12821,59.46121],[11.12824,59.46113],[11.12808,59.46116],[11.12791,59.46127],[11.12792,59.46133],[11.12797,59.46134]]]},"properties":{"a":150,"v":177,"dh":1.18,"pl":0,"fo":1,"c":85}},{"type":"Feature","geometry":{"type":"Polygon","coordinates":[[[11.11909,59.4647],[11.1192,59.46449],[11.11906,59.46446],[11.11889,59.46463],[11.11909,59.4647]]]},"properties":{"a":280,"v":328,"dh":1.17,"pl":0,"c":86}},{"type":"Feature","geometry":{"type":"Polygon","coordinates":[[[11.11157,59.46614],[11.11169,59.46601],[11.11185,59.46598],[11.11176,59.46596],[11.11175,59.4659],[11.11167,59.46592],[11.11167,59.46598],[11.11148,59.46608],[11.1115,59.46614],[11.11157,59.46614]]]},"properties":{"a":169,"v":163,"dh":0.97,"pl":0,"sh":1,"c":87}},{"type":"Feature","geometry":{"type":"Polygon","coordinates":[[[11.12262,59.46605],[11.12283,59.46598],[11.1228,59.46589],[11.12266,59.4659],[11.12262,59.46605]]]},"properties":{"a":149,"v":151,"dh":1.01,"pl":0,"c":88}},{"type":"Feature","geometry":{"type":"Polygon","coordinates":[[[11.08603,59.46727],[11.08608,59.4672],[11.08612,59.4672],[11.08612,59.46726],[11.08616,59.46726],[11.08615,59.46719],[11.08623,59.46724],[11.0862,59.46718],[11.08636,59.46712],[11.08636,59.46708],[11.08606,59.46718],[11.08603,59.46727]]]},"properties":{"a":133,"v":337,"dh":2.53,"pl":0,"sl":1,"c":89}},{"type":"Feature","geometry":{"type":"Polygon","coordinates":[[[11.11528,59.47202],[11.11536,59.47187],[11.11525,59.47185],[11.11524,59.47177],[11.11519,59.47173],[11.11511,59.47194],[11.11528,59.47202]]]},"properties":{"a":233,"v":207,"dh":0.89,"pl":0,"sh":1,"c":90}},{"type":"Feature","geometry":{"type":"Polygon","coordinates":[[[11.11187,59.47229],[11.11199,59.4723],[11.11201,59.47222],[11.11213,59.47225],[11.11209,59.47219],[11.11218,59.47217],[11.11202,59.47214],[11.11205,59.4721],[11.11201,59.47201],[11.11196,59.47202],[11.112,59.47207],[11.11195,59.47217],[11.11206,59.47217],[11.11197,59.47218],[11.1119,59.47227],[11.11185,59.47227],[11.11187,59.47229]],[[11.11192,59.47228],[11.1119,59.47228],[11.11192,59.47228],[11.11192,59.47228]],[[11.11206,59.47222],[11.11208,59.47221],[11.11208,59.47222],[11.11206,59.47222]]]},"properties":{"a":191,"v":182,"dh":0.95,"pl":0,"sh":1,"c":91}},{"type":"Feature","geometry":{"type":"Polygon","coordinates":[[[11.1121,59.47261],[11.1122,59.47245],[11.11233,59.47235],[11.11244,59.47216],[11.11234,59.4722],[11.11221,59.47236],[11.11206,59.47258],[11.1121,59.47261]]]},"properties":{"a":181,"v":161,"dh":0.89,"pl":0,"sh":1,"c":91}},{"type":"Feature","geometry":{"type":"Polygon","coordinates":[[[11.15332,59.46557],[11.1537,59.46547],[11.15398,59.46544],[11.15399,59.46539],[11.1539,59.46536],[11.15328,59.46552],[11.15332,59.46557]]]},"properties":{"a":264,"v":281,"dh":1.07,"pl":0,"fo":1,"c":92}},{"type":"Feature","geometry":{"type":"Polygon","coordinates":[[[11.154,59.46912],[11.15434,59.46911],[11.15423,59.46908],[11.15426,59.46902],[11.15417,59.46902],[11.15426,59.46897],[11.15415,59.46891],[11.15405,59.46877],[11.15361,59.46882],[11.15371,59.46891],[11.15377,59.46887],[11.15389,59.46896],[11.1541,59.46897],[11.15416,59.46906],[11.154,59.46912]],[[11.15381,59.4689],[11.15384,59.46885],[11.15386,59.46889],[11.15381,59.4689]]]},"properties":{"a":595,"v":701,"dh":1.18,"pl":2,"pn":"Brekke Vest","pd":"2025-05-22","c":93}},{"type":"Feature","geometry":{"type":"Polygon","coordinates":[[[11.153,59.46923],[11.153,59.4692],[11.15316,59.46914],[11.15333,59.4689],[11.15354,59.46884],[11.15376,59.46871],[11.15342,59.46877],[11.15324,59.46886],[11.153,59.46913],[11.15295,59.46923],[11.153,59.46923]]]},"properties":{"a":448,"v":496,"dh":1.11,"pl":2,"pn":"Brekke Vest","pd":"2025-05-22","c":93}},{"type":"Feature","geometry":{"type":"Polygon","coordinates":[[[11.15332,59.46926],[11.15351,59.46919],[11.15349,59.46914],[11.15342,59.46914],[11.15343,59.46906],[11.15324,59.46907],[11.15313,59.4692],[11.15332,59.46926]]]},"properties":{"a":330,"v":437,"dh":1.32,"pl":2,"pn":"Brekke Vest","pd":"2025-05-22","c":93}},{"type":"Feature","geometry":{"type":"Polygon","coordinates":[[[11.15303,59.46966],[11.15309,59.46955],[11.15341,59.46955],[11.15344,59.46949],[11.15334,59.46947],[11.15335,59.46939],[11.15312,59.46939],[11.15311,59.46932],[11.15304,59.46932],[11.15297,59.46949],[11.15298,59.46965],[11.15303,59.46966]],[[11.15325,59.4695],[11.15328,59.46947],[11.15328,59.46949],[11.15325,59.4695]]]},"properties":{"a":496,"v":512,"dh":1.03,"pl":2,"pn":"Brekke Vest","pd":"2025-05-22","c":93}},{"type":"Feature","geometry":{"type":"Polygon","coordinates":[[[11.15341,59.47011],[11.15364,59.47008],[11.15358,59.47001],[11.15365,59.47],[11.15372,59.46994],[11.15371,59.46987],[11.15382,59.46983],[11.15381,59.46967],[11.15412,59.46953],[11.15416,59.46944],[11.1539,59.46938],[11.15386,59.46931],[11.15378,59.46929],[11.15382,59.46926],[11.15373,59.46929],[11.15363,59.46942],[11.15374,59.46943],[11.15356,59.46945],[11.15347,59.46959],[11.15341,59.46975],[11.15341,59.46987],[11.15353,59.46995],[11.15353,59.47001],[11.15332,59.47007],[11.15341,59.47011]],[[11.15383,59.46948],[11.15388,59.46948],[11.15387,59.4695],[11.15383,59.46948]]]},"properties":{"a":1744,"v":2739,"dh":1.57,"pl":2,"pn":"Brekke Vest","pd":"2025-05-22","c":93}},{"type":"Feature","geometry":{"type":"Polygon","coordinates":[[[11.15295,59.46985],[11.15306,59.46979],[11.15336,59.4698],[11.15341,59.46973],[11.1533,59.4697],[11.15324,59.46962],[11.15294,59.46968],[11.15285,59.46981],[11.15295,59.46985]]]},"properties":{"a":422,"v":-614,"dh":1.46,"pl":2,"pn":"Brekke Vest","pd":"2025-05-22","c":93}},{"type":"Feature","geometry":{"type":"Polygon","coordinates":[[[11.14666,59.46999],[11.14676,59.4699],[11.14678,59.46984],[11.14653,59.46987],[11.14661,59.46999],[11.14666,59.46999]]]},"properties":{"a":129,"v":181,"dh":1.4,"pl":0,"fo":1,"c":94}},{"type":"Feature","geometry":{"type":"Polygon","coordinates":[[[11.15342,59.47053],[11.15342,59.47046],[11.15327,59.47041],[11.15332,59.4703],[11.15317,59.47026],[11.15318,59.47012],[11.15311,59.47015],[11.15311,59.47009],[11.15298,59.46998],[11.153,59.47008],[11.15306,59.47009],[11.15307,59.47021],[11.1531,59.47021],[11.15304,59.47032],[11.15313,59.47032],[11.15306,59.47036],[11.15305,59.47052],[11.15342,59.47053]]]},"properties":{"a":542,"v":-600,"dh":1.11,"pl":2,"pn":"Brekke Vest","pd":"2025-05-22","fo":1,"c":93}},{"type":"Feature","geometry":{"type":"Polygon","coordinates":[[[11.15347,59.47074],[11.15345,59.47068],[11.1535,59.47063],[11.15389,59.47064],[11.15392,59.4706],[11.15369,59.4706],[11.1537,59.47054],[11.15358,59.47055],[11.15353,59.47061],[11.15346,59.47057],[11.15337,59.47062],[11.15338,59.47067],[11.15347,59.47074]]]},"properties":{"a":204,"v":247,"dh":1.21,"pl":2,"pn":"Brekke Vest","pd":"2025-05-22","fo":1,"c":93}},{"type":"Feature","geometry":{"type":"Polygon","coordinates":[[[11.15826,59.47755],[11.15826,59.47746],[11.1584,59.47738],[11.15839,59.47733],[11.15826,59.47728],[11.15819,59.47729],[11.15818,59.47734],[11.15807,59.47733],[11.15808,59.47745],[11.15826,59.47755]]]},"properties":{"a":319,"v":-318,"dh":1.0,"pl":0,"sh":1,"c":95}},{"type":"Feature","geometry":{"type":"Polygon","coordinates":[[[11.15883,59.47817],[11.15909,59.47796],[11.1591,59.47792],[11.15898,59.47796],[11.15876,59.47815],[11.15883,59.47817]]]},"properties":{"a":126,"v":-140,"dh":1.11,"pl":0,"fo":1,"c":96}},{"type":"Feature","geometry":{"type":"Polygon","coordinates":[[[11.14962,59.47937],[11.14971,59.47932],[11.1497,59.47926],[11.14956,59.47922],[11.14956,59.4793],[11.14949,59.47931],[11.14962,59.47937]]]},"properties":{"a":113,"v":102,"dh":0.9,"pl":0,"sh":1,"c":97}},{"type":"Feature","geometry":{"type":"Polygon","coordinates":[[[11.14679,59.47956],[11.14686,59.47952],[11.14719,59.47944],[11.147,59.47921],[11.14696,59.47921],[11.14703,59.47943],[11.14677,59.47952],[11.14679,59.47956]]]},"properties":{"a":225,"v":247,"dh":1.1,"pl":0,"c":82}},{"type":"Feature","geometry":{"type":"Polygon","coordinates":[[[11.1602,59.47932],[11.16019,59.47923],[11.16038,59.47921],[11.16036,59.47915],[11.16041,59.47907],[11.16014,59.47906],[11.16008,59.47922],[11.16012,59.47925],[11.16005,59.47926],[11.16005,59.4793],[11.1602,59.47932]]]},"properties":{"a":338,"v":297,"dh":0.88,"pl":1,"pn":"Gbnr 54/8 Vesterås Boligfelt","pd":"2019-12-17","sh":1,"c":98}},{"type":"Feature","geometry":{"type":"Polygon","coordinates":[[[11.14772,59.47969],[11.14779,59.47963],[11.14778,59.47956],[11.1479,59.47951],[11.14781,59.47951],[11.14793,59.47936],[11.14781,59.47922],[11.14759,59.47929],[11.14759,59.47937],[11.14766,59.47937],[11.14767,59.47944],[11.14762,59.47946],[11.14763,59.47949],[11.14755,59.47959],[11.14748,59.47961],[11.14759,59.47969],[11.14772,59.47969]]]},"properties":{"a":679,"v":998,"dh":1.47,"pl":0,"c":82}},{"type":"Feature","geometry":{"type":"Polygon","coordinates":[[[11.15116,59.48109],[11.15136,59.48108],[11.15123,59.48107],[11.15114,59.481],[11.1512,59.48083],[11.15106,59.48087],[11.15105,59.48098],[11.15116,59.48104],[11.15116,59.48109]]]},"properties":{"a":177,"v":221,"dh":1.25,"pl":0,"c":99}},{"type":"Feature","geometry":{"type":"MultiPolygon","coordinates":[[[[11.15709,59.48127],[11.15707,59.48126],[11.15707,59.48127],[11.15709,59.48127]]],[[[11.15705,59.48126],[11.15693,59.48126],[11.15694,59.4814],[11.15763,59.48139],[11.15764,59.48132],[11.15758,59.48127],[11.15754,59.48136],[11.15725,59.48134],[11.15715,59.48133],[11.15705,59.48126]]]]},"properties":{"a":368,"v":349,"dh":0.95,"pl":0,"sh":1,"c":100}},{"type":"Feature","geometry":{"type":"Polygon","coordinates":[[[11.1474,59.48302],[11.14747,59.48293],[11.14771,59.48282],[11.14805,59.48292],[11.148,59.48298],[11.14815,59.48295],[11.14777,59.48279],[11.14751,59.48279],[11.1473,59.48286],[11.14713,59.483],[11.1474,59.48302]]]},"properties":{"a":460,"v":-819,"dh":1.78,"pl":1,"pn":"Fjellshagen (øst) og Trialbane","pd":"2003-06-17","c":83}},{"type":"Feature","geometry":{"type":"Polygon","coordinates":[[[11.14821,59.48322],[11.14827,59.48314],[11.14838,59.48309],[11.14832,59.48299],[11.14825,59.48299],[11.14828,59.48305],[11.1482,59.48316],[11.14821,59.48322]]]},"properties":{"a":106,"v":-190,"dh":1.79,"pl":0,"fo":1,"c":101}},{"type":"Feature","geometry":{"type":"Polygon","coordinates":[[[11.14109,59.48245],[11.14131,59.48249],[11.14141,59.48237],[11.14109,59.48245]]]},"properties":{"a":121,"v":-160,"dh":1.32,"pl":1,"pn":"Fjellshagen (vest)","pd":"1999-06-15","fo":1,"c":83}},{"type":"Feature","geometry":{"type":"Polygon","coordinates":[[[11.14361,59.48256],[11.14394,59.48255],[11.144,59.48252],[11.14359,59.4825],[11.14361,59.48256]]]},"properties":{"a":126,"v":223,"dh":1.77,"pl":1,"pn":"Fjellshagen (vest)","pd":"1999-06-15","c":83}},{"type":"Feature","geometry":{"type":"Polygon","coordinates":[[[11.14587,59.48263],[11.14617,59.48259],[11.14624,59.48254],[11.1462,59.48249],[11.14587,59.48255],[11.14587,59.48263]]]},"properties":{"a":195,"v":354,"dh":1.82,"pl":1,"pn":"Fjellshagen (øst) og Trialbane","pd":"2003-06-17","c":83}},{"type":"Feature","geometry":{"type":"Polygon","coordinates":[[[11.14383,59.48272],[11.14381,59.48262],[11.14384,59.4826],[11.14407,59.48264],[11.14407,59.48259],[11.14398,59.48255],[11.14365,59.48262],[11.14352,59.48259],[11.14354,59.48251],[11.14331,59.48255],[11.14358,59.48269],[11.14383,59.48272]]]},"properties":{"a":365,"v":-557,"dh":1.53,"pl":1,"pn":"Fjellshagen (vest)","pd":"1999-06-15","c":83}},{"type":"Feature","geometry":{"type":"MultiPolygon","coordinates":[[[[11.14546,59.48278],[11.14538,59.48268],[11.14552,59.48258],[11.14549,59.48247],[11.14508,59.48242],[11.14494,59.48259],[11.14514,59.48269],[11.14535,59.4827],[11.14527,59.48278],[11.14536,59.48282],[11.14546,59.48278]]],[[[11.14547,59.48272],[11.14555,59.48278],[11.14576,59.4828],[11.1459,59.48272],[11.14589,59.48267],[11.14578,59.48257],[11.14555,59.48258],[11.14547,59.48265],[11.14547,59.48272]]]]},"properties":{"a":1348,"v":4091,"dh":3.04,"pl":1,"pn":"Fjellshagen (øst) og Trialbane","pd":"2003-06-17","c":83}},{"type":"Feature","geometry":{"type":"Polygon","coordinates":[[[11.14248,59.48281],[11.14254,59.48274],[11.14244,59.48277],[11.14237,59.48271],[11.14241,59.48266],[11.14228,59.4827],[11.14248,59.48281]]]},"properties":{"a":103,"v":93,"dh":0.91,"pl":1,"pn":"Fjellshagen (vest)","pd":"1999-06-15","sh":1,"c":83}},{"type":"Feature","geometry":{"type":"Polygon","coordinates":[[[11.14381,59.48294],[11.14396,59.48281],[11.14392,59.48279],[11.14408,59.48277],[11.1441,59.48272],[11.14389,59.48261],[11.14384,59.48265],[11.14394,59.4827],[11.14387,59.48273],[11.14364,59.48271],[11.14357,59.48276],[11.14343,59.48272],[11.14361,59.48286],[11.14381,59.48294]]]},"properties":{"a":561,"v":927,"dh":1.65,"pl":1,"pn":"Fjellshagen (vest)","pd":"1999-06-15","c":83}},{"type":"Feature","geometry":{"type":"MultiPolygon","coordinates":[[[[11.14195,59.48282],[11.14197,59.48283],[11.14197,59.48282],[11.14195,59.48282]]],[[[11.14198,59.48283],[11.14249,59.483],[11.14258,59.48307],[11.14346,59.48334],[11.14341,59.4834],[11.14358,59.48351],[11.14365,59.48344],[11.14364,59.48337],[11.14359,59.48338],[11.14364,59.48337],[11.1436,59.48331],[11.14366,59.4833],[11.1436,59.48329],[11.14358,59.48323],[11.14368,59.48315],[11.14388,59.48322],[11.14387,59.48331],[11.14378,59.4833],[11.14385,59.48336],[11.14422,59.48334],[11.1442,59.48328],[11.14415,59.4833],[11.14417,59.48333],[11.14408,59.4833],[11.14413,59.48328],[11.14414,59.48315],[11.14421,59.48315],[11.14419,59.48312],[11.14366,59.48305],[11.14329,59.48284],[11.14321,59.48273],[11.14303,59.48262],[11.1428,59.48265],[11.14274,59.48273],[11.14244,59.48283],[11.14226,59.48271],[11.14234,59.48264],[11.14231,59.48261],[11.14145,59.48256],[11.14198,59.48283]],[[11.14391,59.48333],[11.14392,59.48326],[11.14404,59.48321],[11.14406,59.48328],[11.14399,59.48328],[11.14403,59.48333],[11.14391,59.48333]],[[11.14348,59.4833],[11.14353,59.48329],[11.14355,59.48331],[11.14352,59.48331],[11.14348,59.4833]],[[11.14339,59.48329],[11.14341,59.4833],[11.14339,59.4833],[11.14339,59.48329]],[[11.14272,59.48308],[11.14274,59.48299],[11.14288,59.48296],[11.14298,59.483],[11.14295,59.48308],[11.14272,59.48308]]]]},"properties":{"a":4885,"v":-15613,"dh":3.2,"pl":1,"pn":"Fjellshagen (vest)","pd":"1999-06-15","c":83}},{"type":"Feature","geometry":{"type":"Polygon","coordinates":[[[11.14613,59.48337],[11.14629,59.48335],[11.14635,59.48325],[11.14625,59.48322],[11.14626,59.48311],[11.14616,59.48302],[11.14593,59.48294],[11.14641,59.48301],[11.14655,59.48293],[11.14661,59.48283],[11.14653,59.48267],[11.1464,59.48265],[11.14633,59.48256],[11.14591,59.48265],[11.1459,59.48273],[11.14579,59.48276],[11.14589,59.48283],[11.14571,59.48281],[11.14559,59.48287],[11.14561,59.48293],[11.14585,59.48301],[11.14592,59.48309],[11.14594,59.48317],[11.14584,59.48326],[11.14586,59.48329],[11.14613,59.48337]],[[11.14594,59.48283],[11.14597,59.48281],[11.14598,59.48283],[11.14594,59.48283]],[[11.14601,59.4828],[11.14604,59.48278],[11.14604,59.4828],[11.14601,59.4828]]]},"properties":{"a":2698,"v":-11438,"dh":4.24,"pl":1,"pn":"Fjellshagen (øst) og Trialbane","pd":"2003-06-17","c":83}},{"type":"Feature","geometry":{"type":"Polygon","coordinates":[[[11.14451,59.48318],[11.14453,59.48313],[11.14437,59.4831],[11.14432,59.48293],[11.14401,59.48308],[11.14424,59.48309],[11.14451,59.48318]]]},"properties":{"a":281,"v":434,"dh":1.54,"pl":1,"pn":"Fjellshagen (vest)","pd":"1999-06-15","c":83}},{"type":"Feature","geometry":{"type":"Polygon","coordinates":[[[11.14594,59.48338],[11.14599,59.48334],[11.14583,59.48329],[11.14591,59.48318],[11.14585,59.48303],[11.14576,59.48302],[11.14574,59.48306],[11.14557,59.4831],[11.14576,59.48331],[11.14594,59.48338]]]},"properties":{"a":423,"v":1103,"dh":2.61,"pl":1,"pn":"Fjellshagen (øst) og Trialbane","pd":"2003-06-17","c":83}},{"type":"Feature","geometry":{"type":"Polygon","coordinates":[[[11.14541,59.48342],[11.14562,59.48335],[11.14562,59.48328],[11.14549,59.4832],[11.14506,59.48317],[11.14497,59.48306],[11.14474,59.48308],[11.14478,59.48326],[11.14516,59.48328],[11.14525,59.48332],[11.14525,59.4834],[11.14541,59.48342]]]},"properties":{"a":931,"v":-2729,"dh":2.93,"pl":1,"pn":"Fjellshagen (øst) og Trialbane","pd":"2003-06-17","c":83}},{"type":"Feature","geometry":{"type":"Polygon","coordinates":[[[11.14452,59.4835],[11.14468,59.48328],[11.14427,59.48326],[11.14428,59.48332],[11.14445,59.48335],[11.14444,59.4834],[11.1445,59.48346],[11.14446,59.4835],[11.14452,59.4835]]]},"properties":{"a":299,"v":-334,"dh":1.12,"pl":1,"pn":"Fjellshagen (øst) og Trialbane","pd":"2003-06-17","c":83}},{"type":"Feature","geometry":{"type":"MultiPolygon","coordinates":[[[[11.14344,59.48357],[11.14395,59.48371],[11.14415,59.48364],[11.14415,59.48358],[11.14396,59.4834],[11.14375,59.48339],[11.1437,59.48344],[11.14377,59.48345],[11.14376,59.48357],[11.14355,59.48359],[11.14344,59.48344],[11.14321,59.48328],[11.1426,59.48308],[11.14248,59.48311],[11.14242,59.4833],[11.14222,59.48343],[11.14222,59.48351],[11.14227,59.4835],[11.14245,59.48344],[11.14254,59.48331],[11.14267,59.48332],[11.14265,59.48328],[11.1427,59.48325],[11.14284,59.48325],[11.14318,59.48337],[11.14344,59.48357]],[[11.14394,59.48364],[11.14396,59.48365],[11.14394,59.48365],[11.14394,59.48364]],[[11.14371,59.4836],[11.14373,59.48361],[11.14371,59.48361],[11.14371,59.4836]]],[[[11.14386,59.4837],[11.14375,59.48372],[11.14386,59.48372],[11.14386,59.4837]]]]},"properties":{"a":1769,"v":3676,"dh":2.08,"pl":1,"pn":"Fjellshagen (øst) og Trialbane","pd":"2003-06-17","c":83}},{"type":"Feature","geometry":{"type":"MultiPolygon","coordinates":[[[[11.14567,59.48336],[11.14565,59.48335],[11.14566,59.48336],[11.14567,59.48336]]],[[[11.14564,59.48337],[11.14534,59.48346],[11.14522,59.48341],[11.14514,59.4833],[11.14491,59.4833],[11.14501,59.48342],[11.14494,59.48348],[11.14515,59.48346],[11.14526,59.48351],[11.14534,59.48347],[11.14544,59.48357],[11.14556,59.48356],[11.14547,59.48351],[11.14564,59.48337]]]]},"properties":{"a":466,"v":806,"dh":1.73,"pl":1,"pn":"Fjellshagen (øst) og Trialbane","pd":"2003-06-17","c":83}},{"type":"Feature","geometry":{"type":"Polygon","coordinates":[[[11.14595,59.4836],[11.14644,59.48353],[11.14663,59.48347],[11.14665,59.48342],[11.14596,59.48347],[11.14591,59.48351],[11.14595,59.4836]],[[11.14606,59.48355],[11.14609,59.48351],[11.14611,59.48353],[11.14606,59.48355]]]},"properties":{"a":409,"v":622,"dh":1.52,"pl":1,"pn":"Fjellshagen (øst) og Trialbane","pd":"2003-06-17","c":83}},{"type":"Feature","geometry":{"type":"Polygon","coordinates":[[[11.14503,59.48374],[11.14515,59.48371],[11.14505,59.48358],[11.14491,59.48352],[11.14479,59.48341],[11.14462,59.48341],[11.14462,59.48347],[11.1445,59.48351],[11.14503,59.48374]]]},"properties":{"a":592,"v":1479,"dh":2.5,"pl":1,"pn":"Fjellshagen (øst) og Trialbane","pd":"2003-06-17","c":83}},{"type":"Feature","geometry":{"type":"Polygon","coordinates":[[[11.14416,59.48374],[11.14428,59.48365],[11.14418,59.48354],[11.14423,59.48345],[11.14411,59.48352],[11.14422,59.48363],[11.14421,59.48367],[11.14409,59.48371],[11.14409,59.48374],[11.14416,59.48374]]]},"properties":{"a":121,"v":-142,"dh":1.17,"pl":1,"pn":"Fjellshagen (øst) og Trialbane","pd":"2003-06-17","c":83}},{"type":"Feature","geometry":{"type":"Polygon","coordinates":[[[11.14423,59.48375],[11.14449,59.48365],[11.14454,59.48357],[11.14441,59.48349],[11.14427,59.48351],[11.14431,59.48363],[11.14423,59.48375]]]},"properties":{"a":263,"v":363,"dh":1.38,"pl":1,"pn":"Fjellshagen (øst) og Trialbane","pd":"2003-06-17","c":83}},{"type":"Feature","geometry":{"type":"Polygon","coordinates":[[[11.14231,59.48385],[11.14259,59.48382],[11.14273,59.4837],[11.14267,59.48367],[11.14257,59.48371],[11.14257,59.48374],[11.14229,59.4838],[11.14231,59.48385]]]},"properties":{"a":208,"v":-281,"dh":1.35,"pl":1,"pn":"Fjellshagen (øst) og Trialbane","pd":"2003-06-17","c":83}},{"type":"Feature","geometry":{"type":"Polygon","coordinates":[[[11.14558,59.48392],[11.1456,59.48385],[11.14549,59.48381],[11.14547,59.48375],[11.14561,59.48375],[11.14568,59.48367],[11.14555,59.48362],[11.14536,59.48365],[11.14542,59.4838],[11.14558,59.48392]]]},"properties":{"a":248,"v":468,"dh":1.89,"pl":1,"pn":"Fjellshagen (øst) og Trialbane","pd":"2003-06-17","c":83}},{"type":"Feature","geometry":{"type":"MultiPolygon","coordinates":[[[[11.14422,59.48377],[11.1442,59.48376],[11.1442,59.48377],[11.14422,59.48377]]],[[[11.14413,59.4838],[11.1442,59.48381],[11.14424,59.48388],[11.14406,59.48404],[11.14427,59.484],[11.14447,59.4839],[11.14429,59.48385],[11.1442,59.48377],[11.14413,59.4838]]]]},"properties":{"a":237,"v":327,"dh":1.38,"pl":1,"pn":"Fjellshagen (øst) og Trialbane","pd":"2003-06-17","c":83}},{"type":"Feature","geometry":{"type":"Polygon","coordinates":[[[11.14369,59.48405],[11.14359,59.48397],[11.14364,59.48392],[11.1438,59.48392],[11.14369,59.48386],[11.14371,59.4838],[11.14342,59.48399],[11.14354,59.48405],[11.14369,59.48405]]]},"properties":{"a":236,"v":228,"dh":0.97,"pl":1,"pn":"Fjellshagen (øst) og Trialbane","pd":"2003-06-17","sh":1,"c":83}},{"type":"Feature","geometry":{"type":"Polygon","coordinates":[[[11.14381,59.484],[11.144,59.484],[11.14416,59.48394],[11.14391,59.4839],[11.14387,59.48395],[11.14391,59.48396],[11.14381,59.484]]]},"properties":{"a":148,"v":-168,"dh":1.13,"pl":1,"pn":"Fjellshagen (øst) og Trialbane","pd":"2003-06-17","c":83}},{"type":"Feature","geometry":{"type":"Polygon","coordinates":[[[11.13891,59.48424],[11.13928,59.48416],[11.13931,59.48412],[11.13913,59.4841],[11.13893,59.484],[11.13879,59.48403],[11.13879,59.48399],[11.1387,59.48398],[11.13877,59.48421],[11.13891,59.48424]]]},"properties":{"a":544,"v":-1087,"dh":2.0,"pl":1,"pn":"Fjellshagen (vest)","pd":"1999-06-15","fo":1,"c":83}},{"type":"Feature","geometry":{"type":"Polygon","coordinates":[[[11.13932,59.4846],[11.13932,59.48448],[11.13943,59.48439],[11.13968,59.4843],[11.13964,59.48423],[11.13967,59.48417],[11.14016,59.48422],[11.14023,59.48411],[11.14032,59.48408],[11.14049,59.48411],[11.14064,59.48419],[11.14083,59.48415],[11.14002,59.48384],[11.14022,59.48376],[11.13997,59.4837],[11.13986,59.4836],[11.13967,59.48361],[11.13964,59.48368],[11.1397,59.48381],[11.13963,59.48382],[11.13949,59.48395],[11.13921,59.48399],[11.13912,59.48392],[11.13893,59.48394],[11.13904,59.48396],[11.13911,59.48406],[11.13913,59.48401],[11.13923,59.48402],[11.1392,59.48408],[11.13952,59.48407],[11.13944,59.48414],[11.13893,59.48428],[11.13916,59.48454],[11.13932,59.4846]],[[11.13988,59.48412],[11.13995,59.48416],[11.1399,59.48418],[11.13988,59.48412]],[[11.13993,59.48412],[11.13995,59.4841],[11.13995,59.48412],[11.13993,59.48412]],[[11.13981,59.48413],[11.1397,59.48415],[11.1397,59.48413],[11.13981,59.48413]],[[11.13964,59.48406],[11.13966,59.48404],[11.13966,59.48406],[11.13964,59.48406]],[[11.13971,59.48405],[11.13969,59.48402],[11.13975,59.48402],[11.13971,59.48405]]]},"properties":{"a":3766,"v":6944,"dh":1.84,"pl":1,"pn":"Fjellshagen (vest)","pd":"1999-06-15","c":83}},{"type":"Feature","geometry":{"type":"Polygon","coordinates":[[[11.1408,59.48499],[11.14078,59.48495],[11.14084,59.48487],[11.14134,59.48441],[11.14147,59.48447],[11.14142,59.48451],[11.14165,59.48448],[11.14177,59.48454],[11.14183,59.48457],[11.14176,59.48463],[11.1418,59.48469],[11.14192,59.48462],[11.14187,59.48458],[11.14192,59.48456],[11.14187,59.48444],[11.14151,59.4843],[11.14132,59.48428],[11.14115,59.4842],[11.14112,59.48424],[11.1412,59.48432],[11.14037,59.48414],[11.14022,59.48432],[11.13985,59.48424],[11.13963,59.48436],[11.13963,59.48447],[11.13955,59.48451],[11.13955,59.48456],[11.13941,59.4846],[11.13954,59.48463],[11.13981,59.48479],[11.14002,59.48477],[11.14019,59.48485],[11.14031,59.48479],[11.1405,59.4848],[11.14065,59.4849],[11.14065,59.48495],[11.14055,59.48498],[11.1408,59.48499]],[[11.14125,59.48436],[11.14127,59.48434],[11.14127,59.48436],[11.14125,59.48436]]]},"properties":{"a":6331,"v":-13096,"dh":2.07,"pl":1,"pn":"Fjellshagen (vest)","pd":"1999-06-15","c":83}},{"type":"Feature","geometry":{"type":"Polygon","coordinates":[[[11.1451,59.4846],[11.14552,59.48459],[11.14564,59.48455],[11.145,59.48451],[11.14493,59.48448],[11.14496,59.48442],[11.14481,59.48448],[11.14481,59.48452],[11.1451,59.4846]]]},"properties":{"a":309,"v":311,"dh":1.01,"pl":1,"pn":"Fjellshagen (øst) og Trialbane","pd":"2003-06-17","fo":1,"c":102}},{"type":"Feature","geometry":{"type":"Polygon","coordinates":[[[11.14303,59.48477],[11.14345,59.48473],[11.14353,59.48467],[11.14311,59.48471],[11.14303,59.48477]]]},"properties":{"a":147,"v":137,"dh":0.93,"pl":1,"pn":"Fjellshagen (øst) og Trialbane","pd":"2003-06-17","sh":1,"c":103}},{"type":"Feature","geometry":{"type":"Polygon","coordinates":[[[11.14199,59.4849],[11.14255,59.48483],[11.14262,59.48471],[11.14238,59.48458],[11.14224,59.48464],[11.14211,59.48461],[11.14215,59.48467],[11.14198,59.48476],[11.14197,59.48484],[11.14179,59.48481],[11.14179,59.48486],[11.14172,59.48487],[11.14199,59.4849]]]},"properties":{"a":905,"v":992,"dh":1.1,"pl":1,"pn":"Fjellshagen (vest)","pd":"1999-06-15","fo":1,"c":83}},{"type":"Feature","geometry":{"type":"Polygon","coordinates":[[[11.11158,59.47304],[11.11169,59.47304],[11.11168,59.47299],[11.11197,59.4728],[11.11195,59.47276],[11.11209,59.47263],[11.11203,59.47263],[11.11187,59.47282],[11.11165,59.47297],[11.11165,59.47303],[11.11158,59.47304]]]},"properties":{"a":175,"v":151,"dh":0.86,"pl":0,"sh":1,"c":91}},{"type":"Feature","geometry":{"type":"Polygon","coordinates":[[[11.10131,59.47573],[11.10145,59.47565],[11.10108,59.47565],[11.10108,59.47569],[11.10116,59.47572],[11.10131,59.47573]]]},"properties":{"a":137,"v":187,"dh":1.37,"pl":0,"c":104}},{"type":"Feature","geometry":{"type":"Polygon","coordinates":[[[11.10516,59.48311],[11.1053,59.48295],[11.10524,59.48289],[11.1051,59.48288],[11.10508,59.48292],[11.10517,59.48299],[11.10513,59.4831],[11.10516,59.48311]]]},"properties":{"a":156,"v":162,"dh":1.04,"pl":0,"c":105}},{"type":"Feature","geometry":{"type":"Polygon","coordinates":[[[11.09614,59.48346],[11.09619,59.48337],[11.09602,59.48339],[11.09597,59.48345],[11.09604,59.48349],[11.09614,59.48346]]]},"properties":{"a":105,"v":100,"dh":0.95,"pl":0,"sh":1,"c":106}},{"type":"Feature","geometry":{"type":"Polygon","coordinates":[[[11.09572,59.48369],[11.09592,59.48354],[11.09592,59.48348],[11.09565,59.48353],[11.09566,59.48366],[11.09547,59.48365],[11.09572,59.48369]]]},"properties":{"a":254,"v":359,"dh":1.41,"pl":0,"c":106}},{"type":"Feature","geometry":{"type":"Polygon","coordinates":[[[11.10787,59.49712],[11.10805,59.49705],[11.10804,59.497],[11.1079,59.49697],[11.1078,59.49702],[11.10787,59.49712]]]},"properties":{"a":157,"v":187,"dh":1.19,"pl":0,"fo":1,"c":107}},{"type":"Feature","geometry":{"type":"Polygon","coordinates":[[[11.10201,59.49771],[11.10206,59.49768],[11.10207,59.49758],[11.1018,59.49744],[11.10159,59.49746],[11.10184,59.49755],[11.10184,59.4976],[11.10194,59.49764],[11.10192,59.49768],[11.10201,59.49771]],[[11.1018,59.49749],[11.10182,59.49748],[11.10182,59.49749],[11.1018,59.49749]]]},"properties":{"a":299,"v":274,"dh":0.92,"pl":0,"sh":1,"c":108}},{"type":"Feature","geometry":{"type":"Polygon","coordinates":[[[11.07947,59.50032],[11.07966,59.50022],[11.07955,59.50021],[11.07945,59.50027],[11.07942,59.50036],[11.07933,59.5004],[11.07935,59.50047],[11.07941,59.50046],[11.0794,59.50041],[11.07949,59.50037],[11.07947,59.50032]]]},"properties":{"a":140,"v":131,"dh":0.93,"pl":0,"sh":1,"c":109}},{"type":"Feature","geometry":{"type":"Polygon","coordinates":[[[11.10743,59.50282],[11.1075,59.50273],[11.10737,59.50267],[11.10722,59.50271],[11.10732,59.50276],[11.10735,59.50282],[11.10743,59.50282]]]},"properties":{"a":154,"v":158,"dh":1.03,"pl":0,"c":110}},{"type":"Feature","geometry":{"type":"Polygon","coordinates":[[[11.10755,59.50294],[11.1077,59.50283],[11.10762,59.50275],[11.10759,59.50282],[11.10747,59.50287],[11.10755,59.50294]]]},"properties":{"a":105,"v":107,"dh":1.02,"pl":0,"c":110}},{"type":"Feature","geometry":{"type":"MultiPolygon","coordinates":[[[[11.15226,59.48286],[11.15225,59.48287],[11.15226,59.48287],[11.15226,59.48286]]],[[[11.15226,59.48287],[11.15229,59.48297],[11.15201,59.48305],[11.15189,59.48313],[11.1519,59.48318],[11.15198,59.48317],[11.15199,59.48322],[11.15204,59.48322],[11.15219,59.48315],[11.15196,59.48314],[11.15196,59.4831],[11.15231,59.48301],[11.15236,59.48292],[11.15226,59.48287]]]]},"properties":{"a":190,"v":167,"dh":0.88,"pl":0,"sh":1,"c":111}},{"type":"Feature","geometry":{"type":"MultiPolygon","coordinates":[[[[11.14791,59.4833],[11.14795,59.48331],[11.14807,59.48326],[11.14798,59.48326],[11.14791,59.4833]]],[[[11.14795,59.48327],[11.14771,59.4832],[11.14754,59.48326],[11.14713,59.48327],[11.14686,59.48337],[11.14712,59.48341],[11.14761,59.48327],[11.14795,59.48327]],[[11.14729,59.48329],[11.14735,59.4833],[11.14729,59.48331],[11.14729,59.48329]],[[11.1478,59.48325],[11.14784,59.48326],[11.1478,59.48326],[11.1478,59.48325]]]]},"properties":{"a":491,"v":598,"dh":1.22,"pl":1,"pn":"Fjellshagen (øst) og Trialbane","pd":"2003-06-17","c":83}},{"type":"Feature","geometry":{"type":"Polygon","coordinates":[[[11.149,59.48456],[11.14908,59.48444],[11.14904,59.48439],[11.14911,59.48434],[11.14905,59.48422],[11.14893,59.48425],[11.14878,59.48421],[11.14871,59.48425],[11.14847,59.48427],[11.14851,59.48433],[11.14846,59.48443],[11.14857,59.48453],[11.149,59.48456]]]},"properties":{"a":1112,"v":1998,"dh":1.8,"pl":1,"pn":"Fjellshagen (øst) og Trialbane","pd":"2003-06-17","fo":1,"c":102}},{"type":"Feature","geometry":{"type":"Polygon","coordinates":[[[11.1477,59.48461],[11.14769,59.48457],[11.14787,59.48459],[11.14787,59.48457],[11.14778,59.48456],[11.14779,59.48447],[11.14748,59.48452],[11.1475,59.48458],[11.1477,59.48461]]]},"properties":{"a":202,"v":247,"dh":1.22,"pl":1,"pn":"Fjellshagen (øst) og Trialbane","pd":"2003-06-17","fo":1,"c":102}},{"type":"Feature","geometry":{"type":"Polygon","coordinates":[[[11.14689,59.48465],[11.14681,59.4846],[11.14682,59.48452],[11.14632,59.48459],[11.14635,59.48463],[11.14676,59.48459],[11.14678,59.48463],[11.14689,59.48465]]]},"properties":{"a":218,"v":196,"dh":0.9,"pl":1,"pn":"Fjellshagen (øst) og Trialbane","pd":"2003-06-17","sh":1,"c":103}},{"type":"Feature","geometry":{"type":"Polygon","coordinates":[[[11.14998,59.48464],[11.1504,59.48463],[11.1505,59.4846],[11.15053,59.48454],[11.14999,59.48461],[11.14998,59.48464]]]},"properties":{"a":176,"v":160,"dh":0.91,"pl":1,"pn":"Fjellshagen (øst) og Trialbane","pd":"2003-06-17","sh":1,"c":103}},{"type":"Feature","geometry":{"type":"Polygon","coordinates":[[[11.14941,59.48465],[11.14987,59.48464],[11.1498,59.48459],[11.1493,59.48457],[11.14934,59.48464],[11.14941,59.48465]]]},"properties":{"a":227,"v":216,"dh":0.95,"pl":1,"pn":"Fjellshagen (øst) og Trialbane","pd":"2003-06-17","sh":1,"c":103}},{"type":"Feature","geometry":{"type":"Polygon","coordinates":[[[11.14878,59.48479],[11.14903,59.48473],[11.14895,59.48468],[11.14897,59.48461],[11.1486,59.4846],[11.14833,59.48453],[11.14822,59.48458],[11.14792,59.48455],[11.14798,59.48461],[11.14793,59.48462],[11.14793,59.48467],[11.14814,59.48468],[11.14807,59.48471],[11.14813,59.48476],[11.14878,59.48479]]]},"properties":{"a":1168,"v":2044,"dh":1.75,"pl":1,"pn":"Fjellshagen (øst) og Trialbane","pd":"2003-06-17","fo":1,"c":102}},{"type":"Feature","geometry":{"type":"Polygon","coordinates":[[[11.1528,59.48495],[11.15286,59.48481],[11.15269,59.48482],[11.15271,59.48495],[11.1528,59.48495]]]},"properties":{"a":119,"v":125,"dh":1.05,"pl":0,"fo":1,"c":112}},{"type":"Feature","geometry":{"type":"MultiPolygon","coordinates":[[[[11.14143,59.48467],[11.14159,59.48465],[11.14139,59.48461],[11.14143,59.48467]]],[[[11.14159,59.4847],[11.14124,59.48476],[11.14125,59.48486],[11.14111,59.48489],[11.14131,59.48494],[11.14169,59.4849],[11.14164,59.48488],[11.14167,59.4848],[11.14159,59.4847]]]]},"properties":{"a":600,"v":708,"dh":1.18,"pl":1,"pn":"Fjellshagen (vest)","pd":"1999-06-15","fo":1,"c":83}},{"type":"Feature","geometry":{"type":"MultiPolygon","coordinates":[[[[11.14247,59.48995],[11.14245,59.48996],[11.14247,59.48996],[11.14247,59.48995]]],[[[11.14245,59.48997],[11.14251,59.49008],[11.14244,59.4901],[11.14248,59.49014],[11.14284,59.49013],[11.14283,59.49005],[11.14272,59.49003],[11.14274,59.48999],[11.14265,59.49001],[11.14267,59.48998],[11.14259,59.48996],[11.14245,59.48997]],[[11.14249,59.48997],[11.14251,59.48998],[11.14249,59.48998],[11.14249,59.48997]]]]},"properties":{"a":323,"v":301,"dh":0.93,"pl":0,"sh":1,"c":113}},{"type":"Feature","geometry":{"type":"Polygon","coordinates":[[[11.14208,59.49328],[11.14238,59.49324],[11.14239,59.49321],[11.14227,59.49318],[11.14197,59.49325],[11.14208,59.49328]]]},"properties":{"a":115,"v":122,"dh":1.06,"pl":0,"fo":1,"c":114}},{"type":"Feature","geometry":{"type":"Polygon","coordinates":[[[11.14294,59.50818],[11.14252,59.50803],[11.142,59.50793],[11.14201,59.50798],[11.14215,59.50803],[11.14294,59.50818]]]},"properties":{"a":333,"v":502,"dh":1.51,"pl":0,"c":115}},{"type":"Feature","geometry":{"type":"Polygon","coordinates":[[[11.14185,59.51499],[11.14218,59.5149],[11.14222,59.51466],[11.14212,59.5146],[11.14212,59.51453],[11.14184,59.51449],[11.14179,59.51454],[11.14195,59.51462],[11.14188,59.51465],[11.14195,59.51465],[11.14194,59.51478],[11.14188,59.51484],[11.14159,59.51488],[11.1416,59.51491],[11.14185,59.51499]]]},"properties":{"a":941,"v":2337,"dh":2.48,"pl":0,"fo":1,"c":116}},{"type":"Feature","geometry":{"type":"Polygon","coordinates":[[[11.13678,59.51979],[11.13677,59.51971],[11.13666,59.51965],[11.13647,59.5197],[11.13678,59.51979]]]},"properties":{"a":150,"v":231,"dh":1.54,"pl":0,"fo":1,"c":117}},{"type":"Feature","geometry":{"type":"MultiPolygon","coordinates":[[[[11.1377,59.5203],[11.13789,59.52023],[11.13785,59.52016],[11.13807,59.52004],[11.13813,59.51989],[11.13821,59.51984],[11.13838,59.51993],[11.13866,59.5199],[11.13878,59.51983],[11.13879,59.51974],[11.13895,59.51974],[11.13902,59.5197],[11.13877,59.51966],[11.13867,59.51973],[11.13869,59.51982],[11.13857,59.51988],[11.13841,59.51989],[11.13834,59.51987],[11.13834,59.51982],[11.13819,59.51981],[11.13808,59.51989],[11.138,59.52005],[11.13783,59.52011],[11.13781,59.52023],[11.1377,59.5203]]],[[[11.13768,59.52033],[11.1377,59.52032],[11.13768,59.52032],[11.13768,59.52033]]],[[[11.13768,59.52033],[11.13766,59.52034],[11.13768,59.52034],[11.13768,59.52033]]],[[[11.13759,59.52035],[11.13758,59.52044],[11.13765,59.52049],[11.13761,59.52037],[11.13766,59.52034],[11.13759,59.52035]]]]},"properties":{"a":533,"v":-535,"dh":1.0,"pl":0,"fo":1,"c":118}},{"type":"Feature","geometry":{"type":"Polygon","coordinates":[[[11.19411,59.46716],[11.19409,59.46692],[11.19379,59.46697],[11.19387,59.46707],[11.19411,59.46716]]]},"properties":{"a":276,"v":237,"dh":0.86,"pl":0,"sh":1,"c":119}},{"type":"Feature","geometry":{"type":"Polygon","coordinates":[[[11.18445,59.46736],[11.18469,59.46732],[11.18469,59.46728],[11.18453,59.46725],[11.18442,59.46732],[11.18445,59.46736]]]},"properties":{"a":136,"v":197,"dh":1.45,"pl":1,"pn":"Mørk Bergsjø","pd":"2018-12-18","fo":1,"c":68}},{"type":"Feature","geometry":{"type":"Polygon","coordinates":[[[11.18836,59.47331],[11.18856,59.47311],[11.18875,59.47312],[11.18889,59.47324],[11.18897,59.47323],[11.18893,59.47314],[11.1891,59.47322],[11.18917,59.47321],[11.18902,59.47308],[11.18866,59.473],[11.18825,59.47318],[11.18836,59.47331]]]},"properties":{"a":636,"v":874,"dh":1.37,"pl":0,"c":120}},{"type":"Feature","geometry":{"type":"Polygon","coordinates":[[[11.19755,59.47314],[11.19765,59.47313],[11.19764,59.47296],[11.19755,59.47292],[11.19755,59.47314]]]},"properties":{"a":120,"v":-230,"dh":1.92,"pl":0,"sl":1,"c":121}},{"type":"Feature","geometry":{"type":"Polygon","coordinates":[[[11.18705,59.47541],[11.18725,59.4753],[11.18695,59.47529],[11.18677,59.47522],[11.1867,59.47525],[11.18689,59.4754],[11.18705,59.47541]]]},"properties":{"a":274,"v":324,"dh":1.18,"pl":0,"fo":1,"c":122}},{"type":"Feature","geometry":{"type":"Polygon","coordinates":[[[11.19616,59.47545],[11.19612,59.47535],[11.19615,59.47532],[11.19612,59.47511],[11.19607,59.47511],[11.1961,59.47535],[11.19605,59.47541],[11.19616,59.47545]]]},"properties":{"a":107,"v":-146,"dh":1.36,"pl":0,"sl":1,"c":123}},{"type":"Feature","geometry":{"type":"Polygon","coordinates":[[[11.18533,59.47611],[11.18538,59.47587],[11.18508,59.47576],[11.18517,59.47586],[11.18514,59.47592],[11.18519,59.47594],[11.18518,59.47599],[11.18523,59.476],[11.18526,59.4761],[11.18533,59.47611]]]},"properties":{"a":333,"v":460,"dh":1.38,"pl":0,"fo":1,"c":124}},{"type":"Feature","geometry":{"type":"Polygon","coordinates":[[[11.18547,59.47884],[11.18574,59.47861],[11.1857,59.47854],[11.18552,59.47852],[11.18551,59.47858],[11.1854,59.47862],[11.18534,59.47871],[11.18525,59.47872],[11.18525,59.47876],[11.18536,59.47874],[11.18547,59.47884]]]},"properties":{"a":424,"v":479,"dh":1.13,"pl":0,"fo":1,"c":125}},{"type":"Feature","geometry":{"type":"Polygon","coordinates":[[[11.19508,59.48224],[11.19506,59.4822],[11.19518,59.48212],[11.19516,59.48209],[11.1953,59.48202],[11.19512,59.48205],[11.19501,59.4822],[11.19508,59.48224]]]},"properties":{"a":104,"v":-164,"dh":1.58,"pl":0,"sl":1,"c":126}},{"type":"Feature","geometry":{"type":"Polygon","coordinates":[[[11.22829,59.48426],[11.22849,59.48424],[11.22846,59.48417],[11.22825,59.4842],[11.22829,59.48426]]]},"properties":{"a":111,"v":115,"dh":1.04,"pl":0,"c":127}},{"type":"Feature","geometry":{"type":"Polygon","coordinates":[[[11.21078,59.48678],[11.21101,59.48674],[11.21105,59.48664],[11.21095,59.48663],[11.21083,59.48669],[11.21088,59.48675],[11.21078,59.48678]]]},"properties":{"a":150,"v":-170,"dh":1.13,"pl":0,"c":128}},{"type":"Feature","geometry":{"type":"Polygon","coordinates":[[[11.23026,59.48731],[11.23075,59.4873],[11.23075,59.48724],[11.2306,59.48714],[11.23063,59.48705],[11.23058,59.48702],[11.23,59.48713],[11.23026,59.48731]]]},"properties":{"a":947,"v":-1930,"dh":2.04,"pl":0,"c":129}},{"type":"Feature","geometry":{"type":"Polygon","coordinates":[[[11.22437,59.48911],[11.22435,59.48905],[11.22404,59.4889],[11.22367,59.48885],[11.22405,59.48896],[11.22437,59.48911]]]},"properties":{"a":192,"v":197,"dh":1.03,"pl":0,"c":130}},{"type":"Feature","geometry":{"type":"Polygon","coordinates":[[[11.21879,59.48941],[11.21879,59.48931],[11.21868,59.48927],[11.21854,59.48936],[11.2186,59.4894],[11.21879,59.48941]]]},"properties":{"a":155,"v":208,"dh":1.34,"pl":0,"c":131}},{"type":"Feature","geometry":{"type":"Polygon","coordinates":[[[11.23337,59.49006],[11.23355,59.48998],[11.23356,59.48989],[11.23342,59.48991],[11.2334,59.48996],[11.23332,59.48999],[11.23337,59.49006]]]},"properties":{"a":124,"v":-133,"dh":1.07,"pl":0,"fo":1,"c":132}},{"type":"Feature","geometry":{"type":"Polygon","coordinates":[[[11.21828,59.49581],[11.21861,59.49569],[11.21857,59.49564],[11.21867,59.4956],[11.21856,59.49556],[11.21848,59.49565],[11.21836,59.49566],[11.21838,59.49569],[11.21827,59.49574],[11.21828,59.49581]],[[11.21846,59.4957],[11.21848,59.49569],[11.21848,59.4957],[11.21846,59.4957]]]},"properties":{"a":245,"v":264,"dh":1.08,"pl":0,"fo":1,"c":133}},{"type":"Feature","geometry":{"type":"Polygon","coordinates":[[[11.21376,59.49858],[11.21381,59.49854],[11.21407,59.49844],[11.21377,59.4985],[11.2137,59.49855],[11.21376,59.49858]]]},"properties":{"a":103,"v":132,"dh":1.28,"pl":0,"c":134}},{"type":"Feature","geometry":{"type":"Polygon","coordinates":[[[11.22362,59.50019],[11.22387,59.50021],[11.22386,59.50016],[11.22372,59.50013],[11.22368,59.50001],[11.22347,59.50006],[11.22351,59.5001],[11.22359,59.50009],[11.22362,59.50019]]]},"properties":{"a":211,"v":-272,"dh":1.29,"pl":0,"fo":1,"c":135}},{"type":"Feature","geometry":{"type":"Polygon","coordinates":[[[11.1833,59.4677],[11.18353,59.46768],[11.1836,59.46764],[11.1836,59.46759],[11.18378,59.46752],[11.18393,59.46753],[11.18429,59.46738],[11.18433,59.46726],[11.18425,59.46731],[11.18398,59.46732],[11.18371,59.46745],[11.18351,59.46743],[11.18341,59.46752],[11.18318,59.4675],[11.18282,59.46756],[11.18293,59.46765],[11.18319,59.46763],[11.1833,59.4677]]]},"properties":{"a":1338,"v":2600,"dh":1.94,"pl":1,"pn":"Mørk Bergsjø","pd":"2018-12-18","fo":1,"c":68}},{"type":"Feature","geometry":{"type":"MultiPolygon","coordinates":[[[[11.18354,59.49715],[11.18353,59.49714],[11.18353,59.49715],[11.18354,59.49715]]],[[[11.18353,59.49715],[11.18351,59.49716],[11.18353,59.49716],[11.18353,59.49715]]],[[[11.18344,59.49718],[11.18324,59.49733],[11.18321,59.49741],[11.18293,59.49757],[11.18308,59.49759],[11.18333,59.49745],[11.18343,59.49734],[11.18341,59.49722],[11.18351,59.49716],[11.18344,59.49718]]]]},"properties":{"a":375,"v":-468,"dh":1.25,"pl":0,"fo":1,"c":136}},{"type":"Feature","geometry":{"type":"Polygon","coordinates":[[[11.1832,59.49764],[11.1835,59.49752],[11.18356,59.49738],[11.18364,59.49734],[11.18366,59.49725],[11.18354,59.4973],[11.18334,59.49751],[11.18313,59.49761],[11.1832,59.49764]]]},"properties":{"a":304,"v":362,"dh":1.19,"pl":0,"fo":1,"c":136}},{"type":"Feature","geometry":{"type":"Polygon","coordinates":[[[11.18154,59.49928],[11.18179,59.49928],[11.1817,59.49921],[11.18186,59.49904],[11.18179,59.49896],[11.18154,59.49897],[11.1815,59.49911],[11.18155,59.49917],[11.1815,59.49923],[11.18154,59.49928]]]},"properties":{"a":506,"v":902,"dh":1.78,"pl":0,"fo":1,"c":137}},{"type":"Feature","geometry":{"type":"Polygon","coordinates":[[[11.18507,59.51253],[11.18524,59.51252],[11.18526,59.51245],[11.18503,59.51245],[11.18507,59.51253]]]},"properties":{"a":116,"v":143,"dh":1.23,"pl":0,"c":138}},{"type":"Feature","geometry":{"type":"Polygon","coordinates":[[[11.18348,59.5162],[11.18365,59.51607],[11.18362,59.51603],[11.18366,59.51597],[11.18377,59.51595],[11.18382,59.51585],[11.18382,59.51561],[11.18371,59.51564],[11.18365,59.51579],[11.18335,59.51605],[11.18332,59.51617],[11.18348,59.5162]]]},"properties":{"a":735,"v":1026,"dh":1.4,"pl":0,"c":139}},{"type":"Feature","geometry":{"type":"Polygon","coordinates":[[[11.18388,59.5163],[11.1839,59.51599],[11.18382,59.51597],[11.18372,59.51621],[11.18376,59.51629],[11.18388,59.5163]]]},"properties":{"a":274,"v":406,"dh":1.48,"pl":0,"c":139}},{"type":"Feature","geometry":{"type":"Polygon","coordinates":[[[11.18793,59.52774],[11.18811,59.52754],[11.1881,59.52736],[11.18802,59.52725],[11.18791,59.52726],[11.18792,59.52732],[11.18802,59.52733],[11.18803,59.52737],[11.18785,59.52739],[11.18789,59.52743],[11.18807,59.52744],[11.18805,59.5275],[11.18793,59.52748],[11.18788,59.52754],[11.18797,59.5276],[11.18783,59.52761],[11.18794,59.52768],[11.18769,59.52768],[11.18775,59.52773],[11.18793,59.52774]]]},"properties":{"a":429,"v":493,"dh":1.15,"pl":0,"c":140}},{"type":"Feature","geometry":{"type":"MultiPolygon","coordinates":[[[[11.18733,59.53106],[11.18731,59.53105],[11.18731,59.53106],[11.18733,59.53106]]],[[[11.18731,59.53106],[11.18728,59.53115],[11.18721,59.53118],[11.18721,59.53135],[11.18734,59.53128],[11.18732,59.5312],[11.18737,59.53112],[11.18731,59.53106]]]]},"properties":{"a":157,"v":-246,"dh":1.57,"pl":0,"fo":1,"c":141}},{"type":"Feature","geometry":{"type":"Polygon","coordinates":[[[11.21664,59.50048],[11.21669,59.50042],[11.21639,59.50044],[11.21641,59.50049],[11.21664,59.50048]]]},"properties":{"a":113,"v":162,"dh":1.44,"pl":0,"c":142}},{"type":"Feature","geometry":{"type":"Polygon","coordinates":[[[11.22415,59.50044],[11.22403,59.50034],[11.22386,59.50034],[11.22394,59.50044],[11.22415,59.50044]]]},"properties":{"a":139,"v":148,"dh":1.06,"pl":0,"fo":1,"c":135}},{"type":"Feature","geometry":{"type":"Polygon","coordinates":[[[11.20305,59.50211],[11.20303,59.50209],[11.20324,59.50198],[11.20359,59.50195],[11.20315,59.50198],[11.20302,59.50207],[11.20305,59.50211]]]},"properties":{"a":104,"v":93,"dh":0.9,"pl":0,"sh":1,"c":143}},{"type":"Feature","geometry":{"type":"Polygon","coordinates":[[[11.20089,59.50518],[11.20092,59.50511],[11.20084,59.50506],[11.20101,59.50494],[11.20094,59.50493],[11.20081,59.50505],[11.2007,59.50508],[11.20072,59.50514],[11.20089,59.50518]]]},"properties":{"a":178,"v":180,"dh":1.01,"pl":0,"c":144}},{"type":"Feature","geometry":{"type":"Polygon","coordinates":[[[11.21446,59.50661],[11.21447,59.50651],[11.21459,59.50645],[11.21433,59.50641],[11.21444,59.50651],[11.21437,59.50653],[11.21439,59.5066],[11.21446,59.50661]]]},"properties":{"a":164,"v":-170,"dh":1.04,"pl":0,"fo":1,"c":145}},{"type":"Feature","geometry":{"type":"Polygon","coordinates":[[[11.20873,59.50677],[11.20884,59.50663],[11.20912,59.50654],[11.2087,59.50663],[11.20859,59.50674],[11.20873,59.50677]]]},"properties":{"a":165,"v":156,"dh":0.94,"pl":0,"sh":1,"c":146}},{"type":"Feature","geometry":{"type":"Polygon","coordinates":[[[11.20814,59.50745],[11.20824,59.50741],[11.20822,59.50736],[11.20831,59.50735],[11.20827,59.50727],[11.20809,59.50725],[11.20792,59.5073],[11.20792,59.50737],[11.20799,59.50735],[11.20814,59.50745]]]},"properties":{"a":299,"v":-441,"dh":1.47,"pl":0,"c":147}},{"type":"Feature","geometry":{"type":"Polygon","coordinates":[[[11.2058,59.50847],[11.20585,59.50842],[11.20574,59.5084],[11.20588,59.50836],[11.20584,59.50828],[11.20563,59.50832],[11.20551,59.5083],[11.20544,59.50836],[11.20576,59.50836],[11.20571,59.50838],[11.20571,59.50845],[11.2058,59.50847]]]},"properties":{"a":202,"v":200,"dh":0.99,"pl":0,"sh":1,"c":148}},{"type":"Feature","geometry":{"type":"Polygon","coordinates":[[[11.20913,59.51776],[11.20938,59.51772],[11.20925,59.51766],[11.20909,59.51769],[11.20913,59.51776]]]},"properties":{"a":118,"v":-144,"dh":1.22,"pl":0,"fo":1,"c":149}},{"type":"Feature","geometry":{"type":"Polygon","coordinates":[[[11.20646,59.51906],[11.20654,59.51898],[11.2065,59.51891],[11.20629,59.51895],[11.20638,59.51895],[11.20646,59.51906]]]},"properties":{"a":109,"v":-130,"dh":1.19,"pl":0,"fo":1,"c":150}},{"type":"Feature","geometry":{"type":"Polygon","coordinates":[[[11.19784,59.51046],[11.1979,59.51039],[11.19784,59.51032],[11.19761,59.51032],[11.1978,59.51043],[11.19785,59.51039],[11.19784,59.51046]]]},"properties":{"a":104,"v":-96,"dh":0.92,"pl":0,"sh":1,"c":151}},{"type":"Feature","geometry":{"type":"Polygon","coordinates":[[[11.19512,59.51375],[11.1952,59.51366],[11.19516,59.51363],[11.19525,59.51364],[11.19532,59.51358],[11.1953,59.51353],[11.19512,59.5135],[11.19518,59.51357],[11.19504,59.51363],[11.19506,59.51371],[11.19503,59.51373],[11.19512,59.51375]]]},"properties":{"a":223,"v":206,"dh":0.92,"pl":0,"sh":1,"c":152}},{"type":"Feature","geometry":{"type":"Polygon","coordinates":[[[11.189,59.51424],[11.18906,59.51417],[11.1888,59.51418],[11.18886,59.51425],[11.189,59.51424]]]},"properties":{"a":117,"v":155,"dh":1.32,"pl":0,"c":153}},{"type":"Feature","geometry":{"type":"Polygon","coordinates":[[[11.19402,59.52129],[11.19406,59.52124],[11.19395,59.52116],[11.1938,59.52119],[11.19382,59.52124],[11.19402,59.52129]]]},"properties":{"a":143,"v":-179,"dh":1.25,"pl":0,"c":154}},{"type":"Feature","geometry":{"type":"Polygon","coordinates":[[[11.19109,59.53145],[11.19125,59.53131],[11.19136,59.53131],[11.19136,59.53125],[11.19149,59.53119],[11.19147,59.53115],[11.19156,59.53106],[11.19155,59.53094],[11.19146,59.53101],[11.19149,59.53111],[11.19137,59.53113],[11.19132,59.53123],[11.1911,59.53135],[11.19109,59.53145]]]},"properties":{"a":301,"v":892,"dh":2.96,"pl":0,"sl":1,"c":155}},{"type":"Feature","geometry":{"type":"Polygon","coordinates":[[[11.18557,59.5362],[11.18579,59.53621],[11.18576,59.53611],[11.18566,59.53608],[11.18562,59.53612],[11.18566,59.53615],[11.18557,59.5362]]]},"properties":{"a":102,"v":-98,"dh":0.96,"pl":0,"sh":1,"c":156}},{"type":"Feature","geometry":{"type":"Polygon","coordinates":[[[11.18633,59.53631],[11.18637,59.53622],[11.18642,59.5362],[11.18671,59.53625],[11.18649,59.53615],[11.18652,59.5361],[11.18654,59.53614],[11.18669,59.53614],[11.1867,59.53608],[11.18654,59.53609],[11.18648,59.53602],[11.18638,59.53603],[11.18644,59.53611],[11.18633,59.53614],[11.18637,59.53619],[11.18627,59.53621],[11.18632,59.53623],[11.18633,59.53631]]]},"properties":{"a":315,"v":-335,"dh":1.06,"pl":0,"fo":1,"c":157}},{"type":"Feature","geometry":{"type":"MultiPolygon","coordinates":[[[[11.18585,59.53641],[11.18583,59.53639],[11.1858,59.53639],[11.18585,59.53641]]],[[[11.18585,59.53641],[11.18589,59.53649],[11.18597,59.5365],[11.18595,59.53653],[11.18605,59.53645],[11.18591,59.53638],[11.18587,59.53638],[11.18589,59.53641],[11.18585,59.53641]]]]},"properties":{"a":106,"v":-105,"dh":0.99,"pl":0,"sh":1,"c":156}},{"type":"Feature","geometry":{"type":"Polygon","coordinates":[[[11.18633,59.53661],[11.18636,59.53657],[11.18632,59.53654],[11.18639,59.53653],[11.1864,59.53644],[11.18619,59.53647],[11.18618,59.53651],[11.18625,59.53657],[11.1862,59.53659],[11.18633,59.53661]]]},"properties":{"a":155,"v":-183,"dh":1.18,"pl":0,"sl":1,"c":156}},{"type":"Feature","geometry":{"type":"Polygon","coordinates":[[[11.18642,59.53718],[11.1863,59.53705],[11.18632,59.53701],[11.18607,59.53697],[11.18607,59.53701],[11.18623,59.53706],[11.18618,59.53709],[11.1862,59.53714],[11.18631,59.53718],[11.18629,59.5371],[11.18632,59.53709],[11.18634,59.53716],[11.18642,59.53718]]]},"properties":{"a":180,"v":-175,"dh":0.97,"pl":0,"sl":1,"c":156}},{"type":"Feature","geometry":{"type":"Polygon","coordinates":[[[11.18657,59.53741],[11.18666,59.53742],[11.18669,59.53734],[11.18646,59.5373],[11.18636,59.53734],[11.18636,59.53739],[11.18648,59.53734],[11.18657,59.53741]],[[11.18657,59.53741],[11.18662,59.53739],[11.18663,59.5374],[11.18657,59.53741]]]},"properties":{"a":116,"v":-98,"dh":0.84,"pl":0,"sh":1,"c":156}},{"type":"Feature","geometry":{"type":"Polygon","coordinates":[[[11.18677,59.53765],[11.18678,59.5376],[11.18687,59.53758],[11.18657,59.53759],[11.18658,59.53756],[11.18648,59.53754],[11.18638,59.53743],[11.18626,59.53748],[11.18635,59.53748],[11.18634,59.53756],[11.18639,59.53761],[11.18677,59.53765]]]},"properties":{"a":253,"v":-255,"dh":1.01,"pl":0,"sl":1,"c":156}},{"type":"Feature","geometry":{"type":"Polygon","coordinates":[[[11.15401,59.47089],[11.15396,59.47064],[11.15352,59.47065],[11.15349,59.47085],[11.15384,59.47079],[11.15387,59.47087],[11.15401,59.47089]]]},"properties":{"a":582,"v":-1055,"dh":1.81,"pl":2,"pn":"Brekke Vest","pd":"2025-05-22","fo":1,"c":93}},{"type":"Feature","geometry":{"type":"Polygon","coordinates":[[[11.15444,59.47136],[11.15451,59.47129],[11.15484,59.47124],[11.15503,59.47109],[11.15502,59.47103],[11.15488,59.47103],[11.15484,59.47098],[11.15468,59.47116],[11.15454,59.47121],[11.15448,59.4711],[11.15436,59.47109],[11.15435,59.47103],[11.15447,59.47092],[11.15458,59.47093],[11.15454,59.47091],[11.15457,59.47087],[11.15476,59.47084],[11.15469,59.47083],[11.15471,59.47077],[11.15465,59.47076],[11.15459,59.47062],[11.15413,59.47062],[11.15398,59.47067],[11.15407,59.47104],[11.15412,59.47102],[11.15422,59.4711],[11.15423,59.47124],[11.15432,59.47135],[11.15444,59.47136]],[[11.15455,59.47084],[11.15462,59.47078],[11.15467,59.47078],[11.15464,59.47083],[11.15455,59.47084]]]},"properties":{"a":2398,"v":5137,"dh":2.14,"pl":2,"pn":"Brekke Vest","pd":"2025-05-22","c":93}},{"type":"Feature","geometry":{"type":"Polygon","coordinates":[[[11.15464,59.47111],[11.15472,59.47102],[11.15458,59.47098],[11.15446,59.471],[11.15441,59.47105],[11.15464,59.47111]]]},"properties":{"a":156,"v":-178,"dh":1.14,"pl":0,"c":158}},{"type":"Feature","geometry":{"type":"Polygon","coordinates":[[[11.15405,59.47126],[11.15417,59.4712],[11.15409,59.4711],[11.15396,59.47123],[11.15405,59.47126]]]},"properties":{"a":131,"v":-199,"dh":1.52,"pl":2,"pn":"Brekke Vest","pd":"2025-05-22","c":93}},{"type":"Feature","geometry":{"type":"Polygon","coordinates":[[[11.15497,59.47129],[11.15514,59.47122],[11.15512,59.47112],[11.15515,59.47108],[11.15494,59.47117],[11.15497,59.47123],[11.15488,59.47127],[11.15497,59.47129]]]},"properties":{"a":179,"v":-271,"dh":1.51,"pl":0,"c":158}},{"type":"Feature","geometry":{"type":"Polygon","coordinates":[[[11.1537,59.47192],[11.15404,59.47189],[11.15407,59.47179],[11.15415,59.47176],[11.1542,59.47168],[11.15373,59.47176],[11.15373,59.47172],[11.15385,59.47167],[11.15376,59.47163],[11.15384,59.4716],[11.15387,59.47151],[11.15404,59.47139],[11.15383,59.47137],[11.15357,59.47144],[11.15354,59.47135],[11.15368,59.47122],[11.15389,59.47129],[11.15389,59.47122],[11.154,59.47109],[11.15393,59.47104],[11.15393,59.47097],[11.15378,59.47095],[11.15378,59.47087],[11.15369,59.47085],[11.15355,59.47091],[11.15355,59.47096],[11.15334,59.47091],[11.1533,59.47083],[11.15335,59.47074],[11.15327,59.47058],[11.15316,59.47057],[11.15293,59.47065],[11.15303,59.47072],[11.15303,59.47079],[11.15284,59.47084],[11.15284,59.4709],[11.15306,59.47095],[11.15316,59.47091],[11.15326,59.47099],[11.15321,59.47105],[11.15305,59.47107],[11.15298,59.47114],[11.15325,59.47121],[11.15324,59.47132],[11.15339,59.47145],[11.15335,59.47167],[11.15348,59.47171],[11.15358,59.47184],[11.1537,59.47192]],[[11.15381,59.47139],[11.15383,59.47141],[11.15381,59.47141],[11.15381,59.47139]],[[11.15372,59.4719],[11.1537,59.47188],[11.15374,59.47188],[11.15372,59.4719]],[[11.15375,59.47185],[11.15373,59.47184],[11.15375,59.47183],[11.15375,59.47185]],[[11.15375,59.47149],[11.15367,59.47145],[11.15376,59.47147],[11.15375,59.47149]],[[11.15388,59.47142],[11.1539,59.47141],[11.1539,59.47142],[11.15388,59.47142]],[[11.15354,59.47101],[11.15355,59.47097],[11.15358,59.47101],[11.15354,59.47101]]]},"properties":{"a":4282,"v":7162,"dh":1.67,"pl":2,"pn":"Brekke Vest","pd":"2025-05-22","c":93}},{"type":"Feature","geometry":{"type":"Polygon","coordinates":[[[11.15388,59.47161],[11.15423,59.47159],[11.15417,59.47148],[11.15388,59.47161]]]},"properties":{"a":173,"v":-242,"dh":1.4,"pl":2,"pn":"Brekke Vest","pd":"2025-05-22","c":93}},{"type":"Feature","geometry":{"type":"Polygon","coordinates":[[[11.15627,59.47209],[11.15629,59.47205],[11.1562,59.47199],[11.15598,59.47195],[11.15601,59.47207],[11.15627,59.47209]]]},"properties":{"a":190,"v":230,"dh":1.21,"pl":0,"c":159}},{"type":"Feature","geometry":{"type":"Polygon","coordinates":[[[11.15412,59.47345],[11.15415,59.47339],[11.15408,59.47338],[11.15409,59.47329],[11.1542,59.47331],[11.15432,59.47325],[11.15419,59.47322],[11.15402,59.4733],[11.15404,59.47338],[11.15401,59.47342],[11.15412,59.47345]]]},"properties":{"a":151,"v":141,"dh":0.93,"pl":0,"sh":1,"c":160}},{"type":"Feature","geometry":{"type":"Polygon","coordinates":[[[11.15574,59.47458],[11.15564,59.47436],[11.15552,59.47435],[11.15548,59.47452],[11.15574,59.47458]]]},"properties":{"a":239,"v":231,"dh":0.97,"pl":0,"sh":1,"c":161}},{"type":"Feature","geometry":{"type":"Polygon","coordinates":[[[11.17494,59.47017],[11.17504,59.47014],[11.17512,59.47001],[11.17511,59.46993],[11.17516,59.4699],[11.17514,59.46979],[11.17505,59.46978],[11.17504,59.46984],[11.17511,59.46985],[11.17504,59.46987],[11.17505,59.46996],[11.17498,59.47006],[11.17486,59.47009],[11.17485,59.47016],[11.17494,59.47017]],[[11.17492,59.47016],[11.17493,59.47015],[11.17493,59.47015],[11.17492,59.47016]]]},"properties":{"a":280,"v":290,"dh":1.03,"pl":1,"pn":"Skiptvet Kirke med omkringliggende områder","pd":"2016-12-13","fo":1,"c":46}},{"type":"Feature","geometry":{"type":"Polygon","coordinates":[[[11.17154,59.47044],[11.17172,59.47035],[11.1718,59.47022],[11.17169,59.4702],[11.17164,59.47028],[11.17149,59.47036],[11.17154,59.47044]]]},"properties":{"a":196,"v":155,"dh":0.79,"pl":0,"sh":1,"c":162}},{"type":"Feature","geometry":{"type":"Polygon","coordinates":[[[11.17811,59.47098],[11.17827,59.47098],[11.17827,59.47092],[11.17836,59.4708],[11.17826,59.47079],[11.17811,59.47098]]]},"properties":{"a":155,"v":196,"dh":1.26,"pl":0,"fo":1,"c":163}},{"type":"Feature","geometry":{"type":"Polygon","coordinates":[[[11.178,59.47168],[11.1781,59.47161],[11.17811,59.47153],[11.17807,59.4715],[11.1778,59.47155],[11.1778,59.47165],[11.178,59.47168]]]},"properties":{"a":264,"v":348,"dh":1.32,"pl":2,"pn":"Boligfelt øst for Karlsrudkrysset","pd":"2023-12-05","fo":1,"c":164}},{"type":"Feature","geometry":{"type":"Polygon","coordinates":[[[11.17721,59.47178],[11.17717,59.47175],[11.17726,59.47172],[11.17749,59.47177],[11.17748,59.47166],[11.17737,59.47152],[11.17726,59.47151],[11.17711,59.4716],[11.17714,59.47175],[11.17721,59.47178]]]},"properties":{"a":463,"v":-749,"dh":1.62,"pl":2,"pn":"Boligfelt øst for Karlsrudkrysset","pd":"2023-12-05","fo":1,"c":164}},{"type":"Feature","geometry":{"type":"Polygon","coordinates":[[[11.17046,59.47606],[11.17072,59.47606],[11.17066,59.47597],[11.17042,59.47596],[11.17046,59.47606]]]},"properties":{"a":214,"v":464,"dh":2.17,"pl":0,"c":165}},{"type":"Feature","geometry":{"type":"MultiPolygon","coordinates":[[[[11.17106,59.47687],[11.17111,59.47692],[11.17115,59.4769],[11.17106,59.47687]]],[[[11.17112,59.47696],[11.17086,59.47686],[11.17087,59.47674],[11.17093,59.47673],[11.17087,59.47668],[11.1709,59.47663],[11.17097,59.47664],[11.17094,59.47668],[11.17099,59.47663],[11.17086,59.47657],[11.1707,59.47659],[11.17054,59.47654],[11.17027,59.47666],[11.17026,59.47683],[11.17032,59.47687],[11.17044,59.47687],[11.17046,59.47692],[11.17027,59.47697],[11.17027,59.47701],[11.1705,59.47702],[11.17039,59.47712],[11.17049,59.47716],[11.17051,59.47722],[11.17112,59.47732],[11.17131,59.47729],[11.17147,59.47718],[11.17115,59.47722],[11.17095,59.47712],[11.17076,59.47693],[11.17086,59.47689],[11.17085,59.47692],[11.17103,59.47697],[11.17112,59.47696]]]]},"properties":{"a":2569,"v":8468,"dh":3.3,"pl":0,"c":166}},{"type":"Feature","geometry":{"type":"Polygon","coordinates":[[[11.17139,59.47717],[11.17134,59.47713],[11.17143,59.47714],[11.17149,59.47705],[11.17162,59.47706],[11.17151,59.47704],[11.1716,59.47701],[11.17142,59.47701],[11.17144,59.47705],[11.17127,59.4771],[11.17139,59.47717]],[[11.17134,59.4771],[11.17139,59.47709],[11.17139,59.4771],[11.17134,59.4771]]]},"properties":{"a":133,"v":114,"dh":0.86,"pl":0,"sh":1,"c":166}},{"type":"Feature","geometry":{"type":"Polygon","coordinates":[[[11.17065,59.47745],[11.17059,59.47732],[11.17048,59.47726],[11.17048,59.47717],[11.17035,59.47712],[11.1704,59.47703],[11.17029,59.47703],[11.17032,59.47728],[11.1704,59.47733],[11.17042,59.47741],[11.17065,59.47745]],[[11.17047,59.47731],[11.17048,59.4773],[11.17049,59.47731],[11.17047,59.47731]]]},"properties":{"a":383,"v":-503,"dh":1.31,"pl":0,"c":166}},{"type":"Feature","geometry":{"type":"Polygon","coordinates":[[[11.17082,59.47761],[11.17106,59.47753],[11.1711,59.47749],[11.1709,59.47745],[11.17073,59.47758],[11.17082,59.47761]]]},"properties":{"a":173,"v":270,"dh":1.56,"pl":0,"c":166}},{"type":"Feature","geometry":{"type":"Polygon","coordinates":[[[11.16287,59.47142],[11.16306,59.47136],[11.16305,59.47122],[11.16333,59.47112],[11.16334,59.47106],[11.16314,59.47099],[11.16304,59.47102],[11.16301,59.47119],[11.16275,59.47116],[11.16293,59.47123],[11.16293,59.4713],[11.16282,59.4714],[11.16287,59.47142]]]},"properties":{"a":557,"v":778,"dh":1.4,"pl":0,"c":49}},{"type":"Feature","geometry":{"type":"Polygon","coordinates":[[[11.16203,59.47147],[11.16207,59.47134],[11.16184,59.47137],[11.16188,59.47142],[11.16203,59.47147]]]},"properties":{"a":112,"v":-163,"dh":1.46,"pl":0,"c":49}},{"type":"Feature","geometry":{"type":"Polygon","coordinates":[[[11.16141,59.47286],[11.16161,59.47269],[11.16157,59.47264],[11.16139,59.47264],[11.16145,59.47267],[11.16142,59.47273],[11.16149,59.47275],[11.16134,59.47282],[11.16141,59.47286]]]},"properties":{"a":144,"v":130,"dh":0.9,"pl":0,"sh":1,"c":167}},{"type":"Feature","geometry":{"type":"Polygon","coordinates":[[[11.16012,59.4751],[11.16026,59.47507],[11.16026,59.47501],[11.16037,59.47506],[11.1604,59.47501],[11.16052,59.47501],[11.16051,59.47489],[11.16035,59.47488],[11.16033,59.47471],[11.15994,59.47472],[11.15995,59.4749],[11.16007,59.47488],[11.16007,59.47491],[11.16016,59.47491],[11.16012,59.4751]]]},"properties":{"a":805,"v":-1356,"dh":1.68,"pl":1,"pn":"Torget i Meieribyen","pd":"2019-09-03","c":168}},{"type":"Feature","geometry":{"type":"Polygon","coordinates":[[[11.1702,59.47665],[11.17025,59.47662],[11.17024,59.47652],[11.17008,59.47646],[11.17013,59.4765],[11.17011,59.47661],[11.1702,59.47665]]]},"properties":{"a":109,"v":-99,"dh":0.91,"pl":0,"sh":1,"c":166}},{"type":"Feature","geometry":{"type":"Polygon","coordinates":[[[11.16442,59.47695],[11.16454,59.4769],[11.16445,59.47683],[11.16413,59.4768],[11.16419,59.47687],[11.16442,59.47695]]]},"properties":{"a":207,"v":232,"dh":1.12,"pl":0,"c":169}},{"type":"Feature","geometry":{"type":"Polygon","coordinates":[[[11.16507,59.4774],[11.16525,59.47724],[11.16533,59.4771],[11.16516,59.47718],[11.16512,59.4773],[11.16502,59.47738],[11.16507,59.4774]]]},"properties":{"a":166,"v":145,"dh":0.87,"pl":0,"sh":1,"c":169}},{"type":"Feature","geometry":{"type":"Polygon","coordinates":[[[11.16256,59.48146],[11.16264,59.48138],[11.16253,59.48133],[11.1624,59.48142],[11.16256,59.48146]]]},"properties":{"a":132,"v":168,"dh":1.27,"pl":0,"c":170}},{"type":"Feature","geometry":{"type":"Polygon","coordinates":[[[11.16457,59.482],[11.16488,59.48194],[11.16502,59.48184],[11.16481,59.48163],[11.16467,59.48167],[11.16477,59.48175],[11.16472,59.4818],[11.16466,59.48181],[11.16463,59.48175],[11.16465,59.4819],[11.16457,59.482]]]},"properties":{"a":526,"v":817,"dh":1.55,"pl":1,"pn":"Idrettsveien 12, gbnr. 54/82","pd":"2019-09-03","c":171}},{"type":"Feature","geometry":{"type":"Polygon","coordinates":[[[11.16484,59.48212],[11.16494,59.48203],[11.16504,59.48189],[11.1648,59.482],[11.16479,59.48206],[11.16484,59.48212]]]},"properties":{"a":145,"v":-198,"dh":1.36,"pl":1,"pn":"Idrettsveien 12, gbnr. 54/82","pd":"2019-09-03","c":171}},{"type":"Feature","geometry":{"type":"Polygon","coordinates":[[[11.1616,59.48585],[11.16179,59.48577],[11.16184,59.48569],[11.16211,59.48553],[11.16211,59.48549],[11.1623,59.48537],[11.16229,59.4853],[11.16217,59.4853],[11.1619,59.48547],[11.16177,59.48543],[11.16154,59.4855],[11.16133,59.48548],[11.16132,59.48551],[11.1614,59.48552],[11.16125,59.48554],[11.16103,59.4855],[11.16052,59.48552],[11.16055,59.48566],[11.16064,59.48571],[11.16076,59.48567],[11.16079,59.4856],[11.16106,59.48564],[11.16113,59.48558],[11.16124,59.48565],[11.16124,59.48571],[11.16108,59.48572],[11.16112,59.48577],[11.16095,59.48579],[11.16086,59.48587],[11.16141,59.48582],[11.1616,59.48585]],[[11.1617,59.48575],[11.16163,59.48575],[11.16163,59.48568],[11.1617,59.48568],[11.1617,59.48575]],[[11.1613,59.48574],[11.16135,59.48573],[11.16135,59.48574],[11.1613,59.48574]],[[11.16159,59.48564],[11.16153,59.4856],[11.16166,59.48564],[11.16159,59.48564]],[[11.16129,59.48562],[11.1613,59.48561],[11.16131,59.48562],[11.16129,59.48562]],[[11.1612,59.4856],[11.16123,59.48559],[11.16123,59.4856],[11.1612,59.4856]],[[11.16086,59.4856],[11.16088,59.48559],[11.16088,59.4856],[11.16086,59.4856]],[[11.16148,59.48556],[11.16142,59.48553],[11.16155,59.48555],[11.16148,59.48556]],[[11.161,59.48555],[11.16102,59.48553],[11.16105,59.48555],[11.161,59.48555]],[[11.161,59.48554],[11.16098,59.48553],[11.161,59.48553],[11.161,59.48554]]]},"properties":{"a":2450,"v":3115,"dh":1.27,"pl":0,"c":172}},{"type":"Feature","geometry":{"type":"Polygon","coordinates":[[[11.1675,59.49607],[11.1675,59.49597],[11.16735,59.49589],[11.16725,59.49591],[11.16729,59.49603],[11.1675,59.49607]]]},"properties":{"a":188,"v":326,"dh":1.74,"pl":0,"c":173}},{"type":"Feature","geometry":{"type":"Polygon","coordinates":[[[11.16766,59.49661],[11.16796,59.49656],[11.16793,59.49638],[11.16759,59.49632],[11.16754,59.49629],[11.16751,59.49615],[11.16746,59.49615],[11.16749,59.49621],[11.16732,59.49631],[11.16729,59.49637],[11.16733,59.49639],[11.16726,59.49643],[11.16737,59.49649],[11.16767,59.49646],[11.1676,59.49653],[11.16766,59.49661]],[[11.16769,59.49644],[11.1677,59.49643],[11.1677,59.49644],[11.16769,59.49644]]]},"properties":{"a":898,"v":-1482,"dh":1.65,"pl":0,"c":173}},{"type":"Feature","geometry":{"type":"Polygon","coordinates":[[[11.16787,59.49788],[11.16798,59.49773],[11.16789,59.49721],[11.16804,59.4972],[11.1681,59.49715],[11.16793,59.497],[11.16791,59.49689],[11.16767,59.49697],[11.16777,59.49727],[11.16783,59.4973],[11.16786,59.4975],[11.16793,59.49753],[11.16788,59.49754],[11.16794,59.49759],[11.16794,59.49768],[11.16787,59.49788]]]},"properties":{"a":852,"v":1038,"dh":1.22,"pl":0,"fo":1,"c":173}},{"type":"Feature","geometry":{"type":"MultiPolygon","coordinates":[[[[11.16729,59.49961],[11.16716,59.49947],[11.16724,59.49941],[11.16701,59.49939],[11.16731,59.49971],[11.16772,59.49967],[11.16745,59.49965],[11.16729,59.49961]]],[[[11.16729,59.49957],[11.16727,59.49956],[11.16727,59.49957],[11.16729,59.49957]]]]},"properties":{"a":341,"v":580,"dh":1.7,"pl":0,"fo":1,"c":174}},{"type":"Feature","geometry":{"type":"Polygon","coordinates":[[[11.16801,59.50066],[11.16813,59.50057],[11.16827,59.50056],[11.16823,59.50048],[11.16795,59.50056],[11.16783,59.50054],[11.16784,59.50057],[11.16776,59.5006],[11.16801,59.50066]]]},"properties":{"a":249,"v":320,"dh":1.28,"pl":0,"fo":1,"c":175}},{"type":"Feature","geometry":{"type":"Polygon","coordinates":[[[11.16339,59.50575],[11.16348,59.5056],[11.16335,59.50566],[11.16306,59.50562],[11.16308,59.50567],[11.16339,59.50575]]]},"properties":{"a":190,"v":269,"dh":1.42,"pl":0,"c":176}},{"type":"Feature","geometry":{"type":"Polygon","coordinates":[[[11.17094,59.53635],[11.17094,59.5363],[11.17085,59.53631],[11.1709,59.53628],[11.17083,59.53624],[11.17084,59.5362],[11.17072,59.53623],[11.17078,59.53635],[11.17094,59.53635]]]},"properties":{"a":115,"v":-91,"dh":0.79,"pl":0,"sl":1,"c":177}},{"type":"Feature","geometry":{"type":"Polygon","coordinates":[[[11.18053,59.50086],[11.18069,59.50082],[11.1807,59.50077],[11.18043,59.50069],[11.1803,59.50081],[11.18053,59.50086]]]},"properties":{"a":264,"v":-280,"dh":1.06,"pl":0,"c":178}},{"type":"Feature","geometry":{"type":"Polygon","coordinates":[[[11.17884,59.50093],[11.179,59.50087],[11.17899,59.50079],[11.17876,59.50083],[11.17873,59.5009],[11.17884,59.50093]]]},"properties":{"a":166,"v":-180,"dh":1.08,"pl":0,"c":179}},{"type":"Feature","geometry":{"type":"Polygon","coordinates":[[[11.18009,59.52008],[11.17966,59.52018],[11.17968,59.52022],[11.17963,59.52027],[11.17928,59.52039],[11.17908,59.52053],[11.17928,59.5206],[11.17931,59.52056],[11.17918,59.52049],[11.17934,59.52041],[11.17951,59.52042],[11.17955,59.52037],[11.17967,59.52033],[11.17985,59.52034],[11.18001,59.52021],[11.18017,59.52022],[11.18009,59.52034],[11.1802,59.52039],[11.18021,59.52027],[11.1803,59.52025],[11.18026,59.52016],[11.18009,59.52008]],[[11.17975,59.52017],[11.17973,59.52018],[11.17973,59.52017],[11.17975,59.52017]],[[11.17973,59.52018],[11.17971,59.52019],[11.17971,59.52018],[11.17973,59.52018]]]},"properties":{"a":973,"v":1432,"dh":1.47,"pl":0,"fo":1,"c":180}},{"type":"Feature","geometry":{"type":"MultiPolygon","coordinates":[[[[11.17837,59.52127],[11.17835,59.52126],[11.17835,59.52127],[11.17837,59.52127]]],[[[11.17833,59.52129],[11.17829,59.52138],[11.17829,59.52145],[11.17834,59.52147],[11.17833,59.52159],[11.17852,59.52169],[11.17858,59.5215],[11.17843,59.52148],[11.17848,59.52137],[11.17841,59.5214],[11.17843,59.52144],[11.17834,59.52141],[11.17837,59.5213],[11.17842,59.52127],[11.17833,59.52129]],[[11.17834,59.52145],[11.17836,59.52146],[11.17834,59.52146],[11.17834,59.52145]]]]},"properties":{"a":345,"v":403,"dh":1.17,"pl":0,"fo":1,"c":181}},{"type":"Feature","geometry":{"type":"Polygon","coordinates":[[[11.17811,59.52275],[11.17819,59.52268],[11.1781,59.5226],[11.178,59.52266],[11.17811,59.52275]]]},"properties":{"a":102,"v":114,"dh":1.11,"pl":0,"fo":1,"c":182}},{"type":"Feature","geometry":{"type":"Polygon","coordinates":[[[11.17848,59.52691],[11.17868,59.5267],[11.17874,59.52651],[11.17872,59.52643],[11.17826,59.52643],[11.17804,59.52629],[11.1781,59.52625],[11.17808,59.5262],[11.17794,59.52617],[11.17789,59.52621],[11.17792,59.52632],[11.17785,59.52641],[11.17762,59.52642],[11.17757,59.52646],[11.17761,59.5266],[11.17758,59.52667],[11.17773,59.52675],[11.17773,59.52681],[11.17797,59.5267],[11.17808,59.5267],[11.17848,59.52691]]]},"properties":{"a":2808,"v":9493,"dh":3.38,"pl":0,"c":183}},{"type":"Feature","geometry":{"type":"Polygon","coordinates":[[[11.17462,59.53825],[11.17482,59.53813],[11.1748,59.53802],[11.17442,59.5382],[11.17444,59.53825],[11.17462,59.53825]]]},"properties":{"a":276,"v":-327,"dh":1.18,"pl":0,"fo":1,"c":194}},{"type":"Feature","geometry":{"type":"MultiPolygon","coordinates":[[[[11.15667,59.52196],[11.15664,59.5219],[11.15661,59.52194],[11.15667,59.52196]]],[[[11.15667,59.52196],[11.15674,59.52198],[11.1567,59.52201],[11.15674,59.52209],[11.15687,59.52212],[11.15684,59.52195],[11.15679,59.52193],[11.15681,59.52199],[11.15676,59.52199],[11.15672,59.52196],[11.15667,59.52196]]]]},"properties":{"a":148,"v":123,"dh":0.83,"pl":0,"sh":1,"c":184}},{"type":"Feature","geometry":{"type":"Polygon","coordinates":[[[11.15413,59.52296],[11.1542,59.52274],[11.15415,59.5227],[11.15414,59.52255],[11.15405,59.52248],[11.1539,59.52246],[11.15388,59.52263],[11.15401,59.52269],[11.15403,59.52276],[11.15399,59.52277],[11.15407,59.52277],[11.15399,59.52294],[11.15413,59.52296]],[[11.15398,59.5225],[11.15399,59.5225],[11.15399,59.5225],[11.15398,59.5225]]]},"properties":{"a":545,"v":-627,"dh":1.15,"pl":0,"fo":1,"c":185}},{"type":"Feature","geometry":{"type":"Polygon","coordinates":[[[11.15629,59.52464],[11.15634,59.52457],[11.15631,59.52448],[11.15636,59.52444],[11.15636,59.52433],[11.1563,59.5243],[11.15625,59.52433],[11.15628,59.52451],[11.15622,59.52463],[11.15629,59.52464]]]},"properties":{"a":169,"v":199,"dh":1.18,"pl":0,"c":186}},{"type":"Feature","geometry":{"type":"Polygon","coordinates":[[[11.15538,59.52502],[11.1554,59.52487],[11.15553,59.5247],[11.15546,59.52471],[11.15533,59.52485],[11.15531,59.52503],[11.15538,59.52502]]]},"properties":{"a":164,"v":206,"dh":1.25,"pl":0,"c":186}},{"type":"Feature","geometry":{"type":"Polygon","coordinates":[[[11.1597,59.52539],[11.15985,59.52534],[11.15993,59.52525],[11.15982,59.52519],[11.15959,59.52537],[11.1597,59.52539]]]},"properties":{"a":197,"v":317,"dh":1.61,"pl":0,"c":187}},{"type":"Feature","geometry":{"type":"Polygon","coordinates":[[[11.1569,59.52585],[11.1568,59.52576],[11.15685,59.52569],[11.15669,59.52571],[11.15668,59.52578],[11.1569,59.52585]]]},"properties":{"a":123,"v":127,"dh":1.03,"pl":0,"c":188}},{"type":"Feature","geometry":{"type":"Polygon","coordinates":[[[11.15691,59.52629],[11.15715,59.52623],[11.15717,59.52619],[11.15711,59.52615],[11.15692,59.52618],[11.15691,59.52629]]]},"properties":{"a":137,"v":199,"dh":1.45,"pl":0,"c":188}},{"type":"Feature","geometry":{"type":"Polygon","coordinates":[[[11.15417,59.53695],[11.15417,59.5369],[11.15424,59.53688],[11.15413,59.53684],[11.15397,59.53687],[11.15397,59.53681],[11.15383,59.53679],[11.15389,59.53687],[11.15417,59.53695]],[[11.15415,59.53689],[11.15419,59.53688],[11.15419,59.53689],[11.15415,59.53689]]]},"properties":{"a":151,"v":118,"dh":0.78,"pl":0,"sh":1,"c":189}},{"type":"Feature","geometry":{"type":"MultiPolygon","coordinates":[[[[11.16337,59.5367],[11.16336,59.53672],[11.16337,59.53672],[11.16337,59.5367]]],[[[11.16332,59.53672],[11.16338,59.53676],[11.16338,59.53673],[11.16332,59.53672]]],[[[11.16361,59.5368],[11.16343,59.53677],[11.16338,59.5368],[11.16324,59.53676],[11.16333,59.53682],[11.16361,59.5368]]],[[[11.16342,59.53682],[11.16343,59.53683],[11.16343,59.53682],[11.16342,59.53682]]],[[[11.16356,59.53682],[11.16358,59.53683],[11.16358,59.53682],[11.16356,59.53682]]]]},"properties":{"a":101,"v":-83,"dh":0.82,"pl":0,"sh":1,"c":190}},{"type":"Feature","geometry":{"type":"Polygon","coordinates":[[[11.16224,59.53689],[11.16223,59.53686],[11.16244,59.53684],[11.1623,59.53681],[11.16232,59.53676],[11.16225,59.53676],[11.16225,59.5368],[11.16219,59.53676],[11.16212,59.53679],[11.16218,59.53681],[11.16215,59.53686],[11.16224,59.53689]]]},"properties":{"a":112,"v":-91,"dh":0.81,"pl":0,"sh":1,"c":190}},{"type":"Feature","geometry":{"type":"Polygon","coordinates":[[[11.17065,59.53647],[11.17054,59.53651],[11.17045,59.53648],[11.17053,59.53652],[11.17037,59.53656],[11.17067,59.53662],[11.17079,59.53655],[11.1707,59.53654],[11.17064,59.5366],[11.17055,59.53658],[11.17056,59.53654],[11.17077,59.53651],[11.17075,59.53645],[11.17086,59.53643],[11.17069,59.5364],[11.17064,59.53645],[11.17055,59.53641],[11.17065,59.53647]],[[11.17068,59.53648],[11.17065,59.53649],[11.17065,59.53647],[11.17068,59.53648]],[[11.17063,59.5365],[11.17065,59.53649],[11.17065,59.5365],[11.17063,59.5365]]]},"properties":{"a":216,"v":-173,"dh":0.8,"pl":0,"sl":1,"c":177}},{"type":"Feature","geometry":{"type":"Polygon","coordinates":[[[11.17306,59.5368],[11.17327,59.5368],[11.17321,59.53679],[11.17319,59.53672],[11.17291,59.53668],[11.17301,59.53664],[11.17308,59.53668],[11.17301,59.53662],[11.1728,59.53664],[11.1726,59.53657],[11.17258,59.53653],[11.17246,59.53657],[11.1724,59.53654],[11.17245,59.5365],[11.1724,59.53644],[11.17225,59.53639],[11.17231,59.53651],[11.17263,59.53671],[11.17302,59.53681],[11.173,59.53678],[11.17305,59.53676],[11.173,59.53675],[11.17305,59.53673],[11.17311,59.53679],[11.17306,59.5368]],[[11.17289,59.53674],[11.17291,59.53673],[11.17291,59.53674],[11.17289,59.53674]],[[11.17268,59.53669],[11.1727,59.5367],[11.17268,59.5367],[11.17268,59.53669]],[[11.17268,59.53669],[11.17266,59.53669],[11.17268,59.53669],[11.17268,59.53669]]]},"properties":{"a":630,"v":-572,"dh":0.91,"pl":0,"fo":1,"c":191}},{"type":"Feature","geometry":{"type":"MultiPolygon","coordinates":[[[[11.16903,59.53685],[11.16912,59.53691],[11.16922,59.5369],[11.16903,59.53685]]],[[[11.16905,59.53688],[11.16888,59.53683],[11.16892,59.53688],[11.16901,59.53689],[11.16894,59.53694],[11.16921,59.53697],[11.16905,59.53693],[11.16905,59.53688]]],[[[11.16924,59.53689],[11.16922,59.5369],[11.16924,59.5369],[11.16924,59.53689]]],[[[11.16871,59.53695],[11.16892,59.53694],[11.16894,59.53692],[11.16892,59.53688],[11.16882,59.53689],[11.16871,59.53695]]]]},"properties":{"a":149,"v":-122,"dh":0.82,"pl":0,"sh":1,"c":192}},{"type":"Feature","geometry":{"type":"Polygon","coordinates":[[[11.17341,59.53709],[11.17369,59.53707],[11.17398,59.53709],[11.17342,59.53699],[11.17337,59.53704],[11.17341,59.53709]]]},"properties":{"a":199,"v":-188,"dh":0.95,"pl":0,"sh":1,"c":193}},{"type":"Feature","geometry":{"type":"MultiPolygon","coordinates":[[[[11.17257,59.5373],[11.17261,59.53732],[11.17261,59.5373],[11.17257,59.5373]]],[[[11.17261,59.5373],[11.1727,59.53731],[11.17258,59.53738],[11.1729,59.53738],[11.17281,59.53731],[11.17287,59.53727],[11.17278,59.53726],[11.17282,59.53723],[11.17262,59.53726],[11.17261,59.5373]],[[11.17267,59.53735],[11.17272,59.53737],[11.17267,59.53737],[11.17267,59.53735]]]]},"properties":{"a":226,"v":-191,"dh":0.84,"pl":0,"sh":1,"c":193}},{"type":"Feature","geometry":{"type":"MultiPolygon","coordinates":[[[[11.1733,59.53819],[11.17357,59.53816],[11.17346,59.53815],[11.17342,59.5381],[11.17347,59.53806],[11.17342,59.53803],[11.17319,59.53804],[11.17326,59.53808],[11.17325,59.5381],[11.17335,59.53812],[11.1733,59.53814],[11.1733,59.53819]]],[[[11.17334,59.53822],[11.17336,59.53823],[11.17336,59.53822],[11.17334,59.53822]]]]},"properties":{"a":190,"v":-165,"dh":0.87,"pl":0,"sh":1,"c":194}},{"type":"Feature","geometry":{"type":"Polygon","coordinates":[[[11.17438,59.53895],[11.17468,59.53892],[11.17474,59.53882],[11.17479,59.53881],[11.17474,59.53874],[11.17486,59.53841],[11.17483,59.5383],[11.17473,59.53832],[11.17472,59.53848],[11.17464,59.53858],[11.17455,59.5386],[11.17461,59.53874],[11.17458,59.53882],[11.17451,59.53883],[11.17453,59.5389],[11.17427,59.53885],[11.17435,59.53871],[11.17448,59.53866],[11.17446,59.53855],[11.17426,59.53852],[11.17439,59.5383],[11.17435,59.53823],[11.17447,59.53811],[11.17474,59.53801],[11.17483,59.53802],[11.17486,59.53813],[11.17481,59.53816],[11.17479,59.53824],[11.17486,59.53824],[11.1749,59.53797],[11.17474,59.53794],[11.17411,59.53802],[11.17394,59.53811],[11.17398,59.53828],[11.17393,59.53834],[11.17396,59.53851],[11.17389,59.53857],[11.17395,59.53866],[11.17389,59.53877],[11.17391,59.53886],[11.17402,59.53894],[11.17438,59.53895]],[[11.17438,59.53893],[11.17439,59.53892],[11.1744,59.53893],[11.17438,59.53893]],[[11.17434,59.53866],[11.17436,59.53865],[11.17436,59.53866],[11.17434,59.53866]]]},"properties":{"a":3491,"v":6324,"dh":1.81,"pl":0,"c":194}},{"type":"Feature","geometry":{"type":"Polygon","coordinates":[[[11.17467,59.53849],[11.17466,59.53843],[11.17449,59.53842],[11.17433,59.53847],[11.17467,59.53849]],[[11.17456,59.53845],[11.17458,59.53844],[11.17458,59.53845],[11.17456,59.53845]]]},"properties":{"a":103,"v":-85,"dh":0.83,"pl":0,"sh":1,"c":194}},{"type":"Feature","geometry":{"type":"Polygon","coordinates":[[[11.18172,59.53888],[11.18194,59.53888],[11.18198,59.5388],[11.18203,59.53881],[11.18201,59.53877],[11.18187,59.53874],[11.18169,59.53883],[11.18172,59.53888]]]},"properties":{"a":217,"v":-229,"dh":1.06,"pl":0,"fo":1,"c":194}},{"type":"Feature","geometry":{"type":"Polygon","coordinates":[[[11.17875,59.54064],[11.17882,59.54058],[11.17881,59.5405],[11.17898,59.54036],[11.17897,59.54025],[11.17911,59.54021],[11.17924,59.54025],[11.17925,59.54022],[11.1792,59.54021],[11.17923,59.54016],[11.1793,59.54016],[11.1794,59.54028],[11.1799,59.54011],[11.18016,59.5402],[11.18086,59.54022],[11.18097,59.54016],[11.18178,59.53994],[11.18191,59.53973],[11.18191,59.53966],[11.18181,59.5396],[11.18185,59.53955],[11.18179,59.53917],[11.18209,59.53917],[11.18203,59.53907],[11.18208,59.53903],[11.18207,59.53895],[11.18179,59.53896],[11.18172,59.53902],[11.18151,59.53906],[11.18143,59.53916],[11.18126,59.53922],[11.18125,59.53932],[11.18118,59.53933],[11.18112,59.53926],[11.18096,59.53922],[11.1809,59.53918],[11.1809,59.53907],[11.18082,59.53903],[11.18099,59.53886],[11.18092,59.53861],[11.18068,59.53841],[11.18046,59.53832],[11.18041,59.53818],[11.18015,59.53799],[11.18011,59.53783],[11.1799,59.53767],[11.17986,59.53755],[11.17962,59.53741],[11.17911,59.53737],[11.17901,59.53724],[11.17885,59.53727],[11.17863,59.53742],[11.17811,59.53761],[11.17794,59.53772],[11.17745,59.53778],[11.1774,59.53783],[11.17746,59.53788],[11.17743,59.53792],[11.17754,59.53799],[11.17764,59.5382],[11.17773,59.53823],[11.17779,59.53831],[11.17778,59.5385],[11.17805,59.5386],[11.178,59.53886],[11.17808,59.53898],[11.17826,59.5391],[11.17834,59.53921],[11.17845,59.53925],[11.17848,59.53919],[11.17857,59.53922],[11.17856,59.53927],[11.17843,59.5393],[11.17835,59.53939],[11.17832,59.53938],[11.17845,59.53928],[11.17833,59.53926],[11.17795,59.5394],[11.1774,59.5395],[11.17702,59.53952],[11.17705,59.53955],[11.17698,59.53959],[11.17701,59.53964],[11.17687,59.53968],[11.17685,59.53976],[11.177,59.53983],[11.17723,59.53979],[11.17729,59.53997],[11.17834,59.54027],[11.17858,59.54049],[11.17878,59.54052],[11.17878,59.54058],[11.17871,59.5406],[11.17875,59.54064]],[[11.17838,59.54013],[11.17808,59.5401],[11.17807,59.53998],[11.17824,59.54009],[11.17838,59.54008],[11.17838,59.54013]],[[11.17893,59.54008],[11.17896,59.54008],[11.17896,59.54008],[11.17893,59.54008]],[[11.17788,59.53975],[11.17793,59.53977],[11.17788,59.53977],[11.17788,59.53975]],[[11.17784,59.53975],[11.17781,59.53972],[11.17756,59.53969],[11.17759,59.53966],[11.17775,59.53966],[11.1779,59.53972],[11.17784,59.53975]],[[11.17758,59.53975],[11.1776,59.53973],[11.1776,59.53975],[11.17758,59.53975]],[[11.18139,59.53959],[11.1812,59.53959],[11.18122,59.53936],[11.18147,59.5395],[11.18148,59.53955],[11.18139,59.53959]],[[11.18013,59.5393],[11.18014,59.53919],[11.1802,59.53917],[11.18024,59.53927],[11.18013,59.5393]],[[11.17836,59.53929],[11.17838,59.53928],[11.17838,59.53929],[11.17836,59.53929]],[[11.18013,59.53905],[11.18019,59.53902],[11.18019,59.53904],[11.18013,59.53905]],[[11.18018,59.53901],[11.18,59.53895],[11.18,59.53893],[11.18005,59.53889],[11.1802,59.53892],[11.18018,59.53901]]]},"properties":{"a":56594,"v":422611,"dh":7.47,"pl":0,"c":194}},{"type":"Feature","geometry":{"type":"Polygon","coordinates":[[[11.18119,59.5392],[11.18138,59.53914],[11.18151,59.539],[11.18094,59.53898],[11.18089,59.53902],[11.18097,59.53916],[11.18119,59.5392]]]},"properties":{"a":538,"v":-846,"dh":1.57,"pl":0,"fo":1,"c":194}},{"type":"Feature","geometry":{"type":"Polygon","coordinates":[[[11.17423,59.54021],[11.1747,59.54011],[11.17475,59.54005],[11.1751,59.53993],[11.17511,59.53987],[11.17527,59.53987],[11.17526,59.53992],[11.17531,59.53993],[11.17564,59.53982],[11.17585,59.53984],[11.17586,59.53964],[11.17575,59.53963],[11.17582,59.5396],[11.17574,59.53954],[11.17516,59.53948],[11.17492,59.53935],[11.17461,59.53928],[11.17425,59.53946],[11.17399,59.53952],[11.17382,59.53961],[11.17419,59.53966],[11.1743,59.53972],[11.17426,59.5399],[11.174,59.54015],[11.17423,59.54021]],[[11.17529,59.53957],[11.17534,59.53956],[11.17534,59.53957],[11.17529,59.53957]],[[11.17557,59.53954],[11.17565,59.53954],[11.17557,59.53957],[11.17557,59.53954]],[[11.17526,59.53951],[11.17528,59.5395],[11.17528,59.53951],[11.17526,59.53951]]]},"properties":{"a":5993,"v":14867,"dh":2.48,"pl":0,"c":194}},{"type":"Feature","geometry":{"type":"Polygon","coordinates":[[[11.17661,59.54011],[11.17696,59.53999],[11.17697,59.53995],[11.17683,59.53995],[11.17676,59.54001],[11.1765,59.54009],[11.17661,59.54011]]]},"properties":{"a":150,"v":158,"dh":1.06,"pl":0,"fo":1,"c":194}},{"type":"Feature","geometry":{"type":"MultiPolygon","coordinates":[[[[11.17406,59.54089],[11.17425,59.54085],[11.17436,59.5409],[11.17463,59.54087],[11.17505,59.54089],[11.17515,59.54097],[11.17534,59.54098],[11.17537,59.54093],[11.17535,59.54081],[11.17541,59.54074],[11.17598,59.54066],[11.17602,59.54079],[11.17607,59.54081],[11.17679,59.54103],[11.17762,59.54116],[11.17796,59.54096],[11.17819,59.54095],[11.17813,59.54088],[11.17825,59.54083],[11.17857,59.54085],[11.1788,59.54081],[11.17879,59.54076],[11.17812,59.54077],[11.17807,59.54073],[11.17787,59.54073],[11.17805,59.54051],[11.17824,59.54042],[11.17848,59.54051],[11.17853,59.54049],[11.17832,59.54028],[11.17785,59.54013],[11.17764,59.54012],[11.17715,59.53997],[11.17706,59.54],[11.17705,59.54006],[11.17661,59.54013],[11.17636,59.54012],[11.17651,59.53998],[11.17664,59.53999],[11.17664,59.53994],[11.17671,59.53992],[11.17686,59.53991],[11.17686,59.53987],[11.17668,59.53984],[11.17677,59.53982],[11.17673,59.53976],[11.17676,59.53972],[11.17669,59.53964],[11.17614,59.53971],[11.17604,59.53977],[11.17613,59.53982],[11.17599,59.53984],[11.17614,59.53987],[11.17626,59.53982],[11.17652,59.53982],[11.17656,59.53992],[11.17555,59.53987],[11.17528,59.53996],[11.17494,59.53999],[11.1746,59.54017],[11.1746,59.54021],[11.17456,59.54018],[11.17432,59.54021],[11.17427,59.54023],[11.17431,59.54029],[11.1742,59.54027],[11.17415,59.54038],[11.17422,59.54039],[11.17438,59.5403],[11.17441,59.54033],[11.17426,59.54041],[11.17415,59.54042],[11.17408,59.54063],[11.17416,59.5407],[11.17403,59.54075],[11.17402,59.54085],[11.1739,59.54083],[11.17386,59.54078],[11.1737,59.54078],[11.17368,59.54074],[11.17359,59.54075],[11.17361,59.54072],[11.17348,59.54071],[11.17339,59.54063],[11.17292,59.54049],[11.17292,59.54045],[11.17246,59.54025],[11.17248,59.5402],[11.17235,59.54013],[11.17239,59.54022],[11.17283,59.54048],[11.17388,59.54088],[11.1741,59.54091],[11.17406,59.54089]],[[11.17637,59.54055],[11.17634,59.54051],[11.17637,59.54051],[11.17637,59.54055]],[[11.1764,59.54038],[11.17643,59.54032],[11.17647,59.54036],[11.17643,59.54039],[11.1764,59.54038]],[[11.1742,59.54035],[11.17422,59.54032],[11.17427,59.54031],[11.1742,59.54035]],[[11.17617,59.53981],[11.17619,59.53982],[11.17617,59.53982],[11.17617,59.53981]],[[11.1765,59.53968],[11.17655,59.53969],[11.1765,59.53969],[11.1765,59.53968]],[[11.17667,59.53968],[11.17669,59.53969],[11.17667,59.53969],[11.17667,59.53968]]],[[[11.1741,59.54092],[11.17412,59.54091],[11.1741,59.54091],[11.1741,59.54092]]]]},"properties":{"a":24032,"v":-132999,"dh":5.53,"pl":0,"c":194}},{"type":"Feature","geometry":{"type":"Polygon","coordinates":[[[11.17826,59.54072],[11.17842,59.5407],[11.17843,59.54065],[11.17838,59.54062],[11.17845,59.5406],[11.17844,59.54053],[11.17832,59.54046],[11.17812,59.54052],[11.17802,59.5406],[11.17804,59.54065],[11.17822,59.54064],[11.17828,59.54068],[11.17826,59.54072]]]},"properties":{"a":406,"v":629,"dh":1.55,"pl":0,"fo":1,"c":194}},{"type":"Feature","geometry":{"type":"Polygon","coordinates":[[[11.17363,59.53936],[11.17351,59.53925],[11.17362,59.53926],[11.17356,59.53919],[11.17359,59.53913],[11.17352,59.53911],[11.17363,59.53909],[11.17362,59.53905],[11.17356,59.53908],[11.17354,59.53903],[11.17339,59.53904],[11.1734,59.53909],[11.17347,59.53908],[11.17349,59.53917],[11.17354,59.53918],[11.17348,59.53929],[11.17363,59.53936]]]},"properties":{"a":165,"v":-155,"dh":0.94,"pl":0,"sl":1,"c":194}},{"type":"Feature","geometry":{"type":"Polygon","coordinates":[[[11.17379,59.5395],[11.17409,59.53935],[11.17398,59.53928],[11.17393,59.5394],[11.17365,59.5394],[11.17343,59.5393],[11.17327,59.53933],[11.17324,59.53937],[11.17342,59.53938],[11.17358,59.53946],[11.17379,59.5395]]]},"properties":{"a":406,"v":501,"dh":1.23,"pl":0,"fo":1,"c":194}},{"type":"Feature","geometry":{"type":"Polygon","coordinates":[[[11.17341,59.54039],[11.17343,59.54036],[11.17328,59.54028],[11.17316,59.54005],[11.17318,59.53984],[11.17331,59.53973],[11.17331,59.53968],[11.17324,59.53969],[11.17328,59.53967],[11.17324,59.53965],[11.17296,59.53973],[11.17296,59.53978],[11.17289,59.53979],[11.17285,59.53964],[11.17276,59.53968],[11.17273,59.53972],[11.17282,59.53973],[11.17285,59.5399],[11.17296,59.53997],[11.17299,59.54015],[11.1731,59.54022],[11.17308,59.54028],[11.17341,59.54039]]]},"properties":{"a":1124,"v":1839,"dh":1.64,"pl":0,"c":194}},{"type":"Feature","geometry":{"type":"Polygon","coordinates":[[[11.17198,59.54037],[11.17203,59.54033],[11.17199,59.54024],[11.17177,59.54024],[11.17183,59.54032],[11.17198,59.54037]]]},"properties":{"a":174,"v":632,"dh":3.63,"pl":0,"c":194}},{"type":"Feature","geometry":{"type":"MultiPolygon","coordinates":[[[[11.17198,59.54074],[11.17197,59.54075],[11.17198,59.54075],[11.17198,59.54074]]],[[[11.1719,59.54077],[11.17175,59.54072],[11.17165,59.54073],[11.17168,59.5407],[11.1715,59.54066],[11.17148,59.54061],[11.17171,59.5404],[11.17169,59.54037],[11.17176,59.54038],[11.17181,59.54033],[11.17175,59.54022],[11.17195,59.5402],[11.17231,59.54007],[11.17231,59.54003],[11.17245,59.54001],[11.17218,59.5399],[11.17248,59.53972],[11.17233,59.5398],[11.17211,59.53977],[11.17224,59.53983],[11.17205,59.53984],[11.17214,59.53993],[11.17182,59.54008],[11.1716,59.5401],[11.17163,59.54019],[11.17133,59.54048],[11.17126,59.5405],[11.17128,59.54054],[11.17119,59.54056],[11.17125,59.5406],[11.17118,59.54066],[11.17091,59.54082],[11.17096,59.54085],[11.17083,59.54097],[11.17104,59.54099],[11.17115,59.54107],[11.17142,59.54113],[11.17134,59.54117],[11.17136,59.54121],[11.17159,59.54118],[11.17182,59.54124],[11.17242,59.5412],[11.17239,59.54124],[11.17255,59.54127],[11.17241,59.54127],[11.17237,59.54133],[11.17261,59.5414],[11.17297,59.54149],[11.17364,59.54153],[11.17374,59.54166],[11.17369,59.54178],[11.17381,59.54171],[11.17377,59.54161],[11.17392,59.54149],[11.17394,59.54141],[11.17416,59.54134],[11.17396,59.54131],[11.17396,59.54126],[11.1738,59.54129],[11.17352,59.54123],[11.17352,59.5412],[11.17337,59.54121],[11.17323,59.5411],[11.17286,59.54098],[11.17292,59.54095],[11.1729,59.54092],[11.17281,59.54098],[11.17256,59.54086],[11.1725,59.54078],[11.17241,59.54078],[11.17233,59.54072],[11.17243,59.54048],[11.17231,59.54063],[11.1722,59.54058],[11.17225,59.54049],[11.17218,59.54052],[11.17211,59.54049],[11.17213,59.54036],[11.17202,59.54043],[11.17207,59.54045],[11.17204,59.54047],[11.17206,59.54057],[11.17213,59.54058],[11.17219,59.54068],[11.17206,59.54062],[11.17205,59.54068],[11.17214,59.54073],[11.1719,59.54077]],[[11.17383,59.54136],[11.17381,59.54137],[11.17381,59.54136],[11.17383,59.54136]],[[11.174,59.54132],[11.17398,59.54133],[11.17398,59.54132],[11.174,59.54132]],[[11.17253,59.54129],[11.1725,59.5413],[11.1725,59.54129],[11.17253,59.54129]],[[11.17172,59.54113],[11.17176,59.54113],[11.17181,59.54111],[11.1718,59.54115],[11.17172,59.54113]],[[11.17171,59.54112],[11.17169,59.54111],[11.17171,59.54111],[11.17171,59.54112]],[[11.17169,59.54111],[11.17167,59.5411],[11.17169,59.5411],[11.17169,59.54111]],[[11.17167,59.5411],[11.17165,59.54109],[11.17167,59.54109],[11.17167,59.5411]],[[11.17162,59.5411],[11.17152,59.54105],[11.17152,59.54103],[11.17165,59.54106],[11.17162,59.5411]],[[11.17197,59.54104],[11.17195,59.54103],[11.17197,59.54103],[11.17197,59.54104]],[[11.17195,59.541],[11.17193,59.54102],[11.17189,59.541],[11.17195,59.541]],[[11.17294,59.541],[11.17292,59.54101],[11.17292,59.541],[11.17294,59.541]],[[11.17156,59.54101],[11.17164,59.54098],[11.17164,59.54099],[11.17156,59.54101]],[[11.17205,59.54097],[11.17203,59.54098],[11.17203,59.54097],[11.17205,59.54097]],[[11.17182,59.54096],[11.1718,59.54097],[11.1718,59.54096],[11.17182,59.54096]],[[11.17199,59.54094],[11.17198,59.54095],[11.17198,59.54094],[11.17199,59.54094]],[[11.17134,59.54093],[11.17125,59.54088],[11.1713,59.54085],[11.17134,59.54093]],[[11.17141,59.54086],[11.17146,59.54084],[11.17148,59.54086],[11.17141,59.54086]],[[11.17167,59.54084],[11.17165,59.54085],[11.17165,59.54084],[11.17167,59.54084]],[[11.17186,59.54076],[11.17182,59.54077],[11.17182,59.54076],[11.17186,59.54076]]],[[[11.17339,59.54117],[11.17337,59.54118],[11.17339,59.54118],[11.17339,59.54117]]],[[[11.17416,59.54133],[11.17432,59.54131],[11.17432,59.54128],[11.17416,59.54133]]]]},"properties":{"a":10164,"v":-21395,"dh":2.1,"pl":0,"c":194}},{"type":"Feature","geometry":{"type":"Polygon","coordinates":[[[11.17481,59.54123],[11.17495,59.5412],[11.17346,59.54086],[11.17297,59.54067],[11.17255,59.54044],[11.1724,59.54043],[11.17243,59.54048],[11.17266,59.54053],[11.17288,59.54068],[11.17391,59.54101],[11.17393,59.54106],[11.17418,59.54105],[11.17481,59.54123]]]},"properties":{"a":668,"v":1561,"dh":2.34,"pl":0,"c":194}},{"type":"Feature","geometry":{"type":"Polygon","coordinates":[[[11.10107,59.50422],[11.10116,59.50415],[11.1011,59.50411],[11.10069,59.50409],[11.10064,59.50413],[11.10066,59.50419],[11.10077,59.50415],[11.10107,59.50422]]]},"properties":{"a":252,"v":239,"dh":0.95,"pl":0,"sh":1,"c":195}},{"type":"Feature","geometry":{"type":"Polygon","coordinates":[[[11.0997,59.50495],[11.09974,59.5049],[11.09988,59.50491],[11.09996,59.50483],[11.09968,59.5048],[11.09952,59.50487],[11.09961,59.50491],[11.0996,59.50494],[11.0997,59.50495]]]},"properties":{"a":231,"v":253,"dh":1.1,"pl":0,"c":196}},{"type":"Feature","geometry":{"type":"Polygon","coordinates":[[[11.09874,59.50502],[11.09946,59.50503],[11.09954,59.50495],[11.09902,59.50497],[11.09881,59.50485],[11.09871,59.50487],[11.09871,59.50493],[11.09866,59.50495],[11.09874,59.50502]]]},"properties":{"a":476,"v":747,"dh":1.57,"pl":0,"c":196}},{"type":"Feature","geometry":{"type":"Polygon","coordinates":[[[11.09753,59.50547],[11.09772,59.50545],[11.09773,59.50538],[11.09754,59.50539],[11.09753,59.50547]]]},"properties":{"a":125,"v":224,"dh":1.79,"pl":0,"fo":1,"c":197}},{"type":"Feature","geometry":{"type":"MultiPolygon","coordinates":[[[[11.13073,59.50971],[11.13131,59.50955],[11.13137,59.50949],[11.13077,59.50965],[11.13015,59.50992],[11.13073,59.50971]]],[[[11.13077,59.50973],[11.13075,59.50973],[11.13075,59.50973],[11.13077,59.50973]]],[[[11.13015,59.50992],[11.13013,59.50993],[11.13015,59.50993],[11.13015,59.50992]]],[[[11.13011,59.50994],[11.13013,59.50993],[11.13011,59.50993],[11.13011,59.50994]]]]},"properties":{"a":223,"v":-203,"dh":0.91,"pl":0,"sh":1,"c":198}},{"type":"Feature","geometry":{"type":"Polygon","coordinates":[[[11.11562,59.5141],[11.11579,59.51404],[11.1155,59.51394],[11.1154,59.514],[11.11545,59.51403],[11.11544,59.51407],[11.11562,59.5141]]]},"properties":{"a":233,"v":281,"dh":1.21,"pl":0,"fo":1,"c":199}},{"type":"Feature","geometry":{"type":"Polygon","coordinates":[[[11.11669,59.51439],[11.11679,59.51431],[11.11681,59.51424],[11.11653,59.51429],[11.11655,59.51439],[11.11669,59.51439]]]},"properties":{"a":204,"v":364,"dh":1.78,"pl":0,"fo":1,"c":199}},{"type":"Feature","geometry":{"type":"Polygon","coordinates":[[[11.12822,59.51418],[11.12853,59.51422],[11.12856,59.51416],[11.12822,59.51418]]]},"properties":{"a":127,"v":-125,"dh":0.98,"pl":0,"sh":1,"c":200}},{"type":"Feature","geometry":{"type":"Polygon","coordinates":[[[11.11578,59.51468],[11.11603,59.51474],[11.11597,59.51466],[11.11578,59.51468]]]},"properties":{"a":102,"v":159,"dh":1.56,"pl":0,"fo":1,"c":199}},{"type":"Feature","geometry":{"type":"MultiPolygon","coordinates":[[[[11.12435,59.51584],[11.12456,59.51575],[11.12459,59.5157],[11.12445,59.51573],[11.12411,59.51594],[11.12429,59.51593],[11.1243,59.51587],[11.12435,59.51584]],[[11.12445,59.51577],[11.12447,59.51577],[11.12445,59.51577],[11.12445,59.51577]]],[[[11.12433,59.51588],[11.12437,59.51585],[11.12433,59.51585],[11.12433,59.51588]]]]},"properties":{"a":171,"v":137,"dh":0.8,"pl":0,"sh":1,"c":201}},{"type":"Feature","geometry":{"type":"Polygon","coordinates":[[[11.12482,59.51594],[11.12501,59.51586],[11.12502,59.51582],[11.12474,59.51588],[11.12482,59.51594]]]},"properties":{"a":114,"v":95,"dh":0.83,"pl":0,"sh":1,"c":201}},{"type":"Feature","geometry":{"type":"Polygon","coordinates":[[[11.13272,59.52244],[11.1328,59.52231],[11.13257,59.52224],[11.1326,59.52242],[11.13272,59.52244]]]},"properties":{"a":153,"v":199,"dh":1.3,"pl":0,"fo":1,"c":202}},{"type":"Feature","geometry":{"type":"Polygon","coordinates":[[[11.12043,59.52489],[11.12057,59.52485],[11.12058,59.52476],[11.12066,59.5247],[11.12053,59.52478],[11.12031,59.52471],[11.1203,59.52476],[11.1204,59.52479],[11.12043,59.52489]]]},"properties":{"a":175,"v":-279,"dh":1.59,"pl":0,"c":203}},{"type":"Feature","geometry":{"type":"Polygon","coordinates":[[[11.12048,59.52518],[11.12069,59.52511],[11.12093,59.52491],[11.1209,59.5248],[11.12101,59.52482],[11.12102,59.52477],[11.12093,59.52474],[11.12083,59.52481],[11.12086,59.52493],[11.12051,59.525],[11.12055,59.5251],[11.12046,59.52514],[11.12048,59.52518]]]},"properties":{"a":362,"v":292,"dh":0.81,"pl":0,"sh":1,"c":203}},{"type":"Feature","geometry":{"type":"Polygon","coordinates":[[[11.11992,59.52521],[11.11998,59.52514],[11.11984,59.52513],[11.11979,59.52507],[11.11996,59.52505],[11.12005,59.5251],[11.12012,59.52504],[11.1202,59.52512],[11.12017,59.52506],[11.12022,59.525],[11.11999,59.52496],[11.11994,59.52501],[11.11989,59.52498],[11.11994,59.52494],[11.11976,59.5249],[11.11955,59.52496],[11.11959,59.525],[11.11971,59.52494],[11.11973,59.52502],[11.11966,59.52505],[11.1197,59.52512],[11.11967,59.52516],[11.11992,59.52521]]]},"properties":{"a":513,"v":-622,"dh":1.21,"pl":0,"c":203}},{"type":"Feature","geometry":{"type":"Polygon","coordinates":[[[11.12015,59.52559],[11.12022,59.52554],[11.12018,59.52551],[11.12024,59.5255],[11.12015,59.52528],[11.12004,59.52521],[11.1199,59.52524],[11.12,59.52546],[11.12015,59.52559]]]},"properties":{"a":437,"v":886,"dh":2.03,"pl":0,"c":203}},{"type":"Feature","geometry":{"type":"Polygon","coordinates":[[[11.12048,59.52678],[11.12071,59.52676],[11.12067,59.52671],[11.12073,59.52665],[11.12044,59.52671],[11.12048,59.52678]]]},"properties":{"a":149,"v":-161,"dh":1.08,"pl":0,"c":204}},{"type":"Feature","geometry":{"type":"Polygon","coordinates":[[[11.12092,59.5293],[11.12124,59.52915],[11.12133,59.52916],[11.12135,59.52911],[11.12117,59.52913],[11.12106,59.52903],[11.12096,59.52911],[11.12075,59.52909],[11.12072,59.52918],[11.12086,59.52922],[11.12086,59.52928],[11.12092,59.5293]],[[11.12088,59.52922],[11.12089,59.52921],[11.12089,59.52922],[11.12088,59.52922]],[[11.12102,59.52917],[11.12098,59.52914],[11.12101,59.52914],[11.12102,59.52917]],[[11.12114,59.52915],[11.12116,59.52914],[11.12116,59.52915],[11.12114,59.52915]]]},"properties":{"a":464,"v":-533,"dh":1.15,"pl":0,"c":205}},{"type":"Feature","geometry":{"type":"Polygon","coordinates":[[[11.13333,59.53072],[11.13381,59.53064],[11.13386,59.5306],[11.1335,59.53064],[11.13333,59.53072]]]},"properties":{"a":143,"v":158,"dh":1.11,"pl":0,"c":206}},{"type":"Feature","geometry":{"type":"Polygon","coordinates":[[[11.12849,59.53194],[11.12868,59.53184],[11.12909,59.5318],[11.12912,59.53171],[11.12894,59.53168],[11.12898,59.53173],[11.12892,59.53175],[11.12894,59.53179],[11.12848,59.5318],[11.12852,59.53183],[11.1284,59.53185],[11.12839,59.53193],[11.12849,59.53194]]]},"properties":{"a":355,"v":386,"dh":1.09,"pl":0,"c":207}},{"type":"Feature","geometry":{"type":"Polygon","coordinates":[[[11.14053,59.52262],[11.14053,59.52257],[11.14061,59.52256],[11.14063,59.52249],[11.14075,59.52252],[11.14094,59.52243],[11.14076,59.52228],[11.1406,59.52229],[11.14039,59.5224],[11.14041,59.52246],[11.14033,59.52248],[11.14038,59.5225],[11.14039,59.52257],[11.14046,59.52256],[11.14046,59.52261],[11.14053,59.52262]]]},"properties":{"a":676,"v":-1317,"dh":1.95,"pl":0,"fo":1,"c":208}},{"type":"Feature","geometry":{"type":"Polygon","coordinates":[[[11.14876,59.52242],[11.14882,59.52237],[11.14881,59.52222],[11.14871,59.52227],[11.1486,59.52224],[11.14859,59.5223],[11.1485,59.52233],[11.14861,59.5224],[11.14876,59.52242]]]},"properties":{"a":252,"v":338,"dh":1.34,"pl":0,"c":209}},{"type":"Feature","geometry":{"type":"Polygon","coordinates":[[[11.14038,59.52279],[11.14036,59.52267],[11.14027,59.52263],[11.14024,59.52247],[11.14041,59.52237],[11.14015,59.52244],[11.1401,59.52248],[11.14011,59.52263],[11.14004,59.52269],[11.14025,59.5227],[11.14038,59.52279]]]},"properties":{"a":387,"v":457,"dh":1.18,"pl":0,"fo":1,"c":208}},{"type":"Feature","geometry":{"type":"Polygon","coordinates":[[[11.14087,59.52273],[11.14085,59.52263],[11.14079,59.5226],[11.14086,59.5225],[11.14067,59.52253],[11.14064,59.52261],[11.14069,59.52262],[11.14071,59.5227],[11.14087,59.52273]]]},"properties":{"a":196,"v":259,"dh":1.32,"pl":0,"fo":1,"c":208}},{"type":"Feature","geometry":{"type":"Polygon","coordinates":[[[11.14879,59.52267],[11.14842,59.5224],[11.14833,59.5224],[11.14828,59.52247],[11.14829,59.52252],[11.14845,59.52254],[11.1485,59.52261],[11.14879,59.52267]]]},"properties":{"a":324,"v":552,"dh":1.7,"pl":0,"c":209}},{"type":"Feature","geometry":{"type":"MultiPolygon","coordinates":[[[[11.14816,59.52253],[11.14818,59.52252],[11.14816,59.52252],[11.14816,59.52253]]],[[[11.14814,59.52251],[11.14788,59.5225],[11.14783,59.52256],[11.14817,59.52261],[11.14814,59.52251]]]]},"properties":{"a":199,"v":354,"dh":1.78,"pl":0,"c":209}},{"type":"Feature","geometry":{"type":"Polygon","coordinates":[[[11.14073,59.52296],[11.14092,59.52291],[11.14097,59.52287],[11.14083,59.52285],[11.14088,59.52282],[11.14087,59.52275],[11.14084,59.52276],[11.14081,59.52279],[11.14084,59.52281],[11.14074,59.52283],[11.14083,59.52288],[11.14069,59.52291],[11.14073,59.52296]]]},"properties":{"a":128,"v":137,"dh":1.07,"pl":0,"fo":1,"c":208}},{"type":"Feature","geometry":{"type":"Polygon","coordinates":[[[11.14042,59.52537],[11.14051,59.52531],[11.1404,59.52529],[11.14028,59.52516],[11.14018,59.52514],[11.14013,59.52521],[11.14006,59.52522],[11.14015,59.52533],[11.14042,59.52537]]]},"properties":{"a":325,"v":525,"dh":1.62,"pl":0,"fo":1,"c":210}},{"type":"Feature","geometry":{"type":"Polygon","coordinates":[[[11.14257,59.5258],[11.14278,59.52571],[11.14284,59.52562],[11.14265,59.52562],[11.14246,59.52576],[11.14257,59.5258]]]},"properties":{"a":223,"v":273,"dh":1.23,"pl":0,"c":211}},{"type":"Feature","geometry":{"type":"MultiPolygon","coordinates":[[[[11.14054,59.52618],[11.14045,59.52607],[11.14034,59.5261],[11.14035,59.52615],[11.14042,59.52618],[11.14054,59.52618]]],[[[11.14054,59.52618],[11.1406,59.52623],[11.1406,59.52618],[11.14054,59.52618]]]]},"properties":{"a":118,"v":141,"dh":1.19,"pl":0,"fo":1,"c":212}},{"type":"Feature","geometry":{"type":"Polygon","coordinates":[[[11.14644,59.52852],[11.14649,59.52845],[11.14622,59.52844],[11.14626,59.52848],[11.14644,59.52852]]]},"properties":{"a":103,"v":100,"dh":0.98,"pl":0,"sh":1,"c":213}},{"type":"Feature","geometry":{"type":"Polygon","coordinates":[[[11.14638,59.52868],[11.1465,59.52863],[11.14618,59.52855],[11.14638,59.52868]]]},"properties":{"a":118,"v":122,"dh":1.03,"pl":0,"c":213}},{"type":"Feature","geometry":{"type":"MultiPolygon","coordinates":[[[[11.14961,59.53811],[11.14963,59.53812],[11.14963,59.53811],[11.14961,59.53811]]],[[[11.14986,59.53809],[11.14986,59.53812],[11.14974,59.5381],[11.14955,59.53815],[11.14962,59.53819],[11.14974,59.53814],[11.14992,59.53817],[11.14985,59.53813],[11.14995,59.53809],[11.14986,59.53809]]],[[[11.14997,59.53812],[11.14992,59.53815],[11.14999,59.53815],[11.14997,59.53812]]],[[[11.14999,59.53816],[11.14994,59.53817],[11.14999,59.53817],[11.14999,59.53816]]],[[[11.15011,59.53814],[11.15002,59.53814],[11.14999,59.53815],[11.14999,59.53816],[11.15008,59.53817],[11.15008,59.53819],[11.15011,59.53814]]],[[[11.14958,59.53819],[11.14962,59.5382],[11.14962,59.53819],[11.14958,59.53819]]]]},"properties":{"a":154,"v":116,"dh":0.75,"pl":0,"sh":1,"c":216}},{"type":"Feature","geometry":{"type":"MultiPolygon","coordinates":[[[[11.14884,59.53844],[11.14886,59.53843],[11.14884,59.53843],[11.14884,59.53844]]],[[[11.14882,59.53842],[11.14873,59.53846],[11.14862,59.53839],[11.14847,59.53841],[11.14847,59.53845],[11.14856,59.53846],[11.14854,59.53852],[11.14863,59.53853],[11.14884,59.53847],[11.14882,59.53842]],[[11.14868,59.53848],[11.14865,59.53846],[11.14874,59.53848],[11.14868,59.53848]],[[11.14861,59.53843],[11.14863,59.53844],[11.14861,59.53844],[11.14861,59.53843]]]]},"properties":{"a":164,"v":-130,"dh":0.79,"pl":0,"sh":1,"c":216}},{"type":"Feature","geometry":{"type":"MultiPolygon","coordinates":[[[[11.14974,59.53903],[11.14987,59.53908],[11.14985,59.53901],[11.14971,59.53899],[11.14964,59.53902],[11.14974,59.53903]],[[11.14979,59.539],[11.14976,59.53902],[11.14976,59.539],[11.14979,59.539]]],[[[11.14976,59.53906],[11.14962,59.53907],[11.14953,59.53906],[11.14964,59.5391],[11.14976,59.53906]]],[[[11.14977,59.5391],[11.14984,59.53911],[11.14975,59.53908],[11.14977,59.5391]]]]},"properties":{"a":109,"v":-86,"dh":0.79,"pl":0,"sl":1,"c":216}},{"type":"Feature","geometry":{"type":"Polygon","coordinates":[[[11.14627,59.53921],[11.1461,59.53906],[11.14591,59.53909],[11.146,59.53909],[11.14595,59.53912],[11.14603,59.53913],[11.146,59.53916],[11.14611,59.53918],[11.14609,59.53921],[11.14627,59.53921]],[[11.14604,59.53915],[11.14605,59.53914],[11.14605,59.53915],[11.14604,59.53915]]]},"properties":{"a":152,"v":-122,"dh":0.81,"pl":0,"sh":1,"c":214}},{"type":"Feature","geometry":{"type":"MultiPolygon","coordinates":[[[[11.14569,59.5396],[11.14574,59.53956],[11.14523,59.5396],[11.14523,59.53962],[11.14569,59.5396]],[[11.14553,59.53959],[11.14548,59.53959],[11.14553,59.53959],[11.14553,59.53959]],[[11.14553,59.53959],[11.14555,59.53958],[11.14555,59.53959],[11.14553,59.53959]],[[11.14559,59.5396],[11.1456,59.53959],[11.1456,59.5396],[11.14559,59.5396]]],[[[11.14555,59.53961],[11.14559,59.53962],[11.14559,59.53961],[11.14555,59.53961]]]]},"properties":{"a":100,"v":80,"dh":0.8,"pl":0,"sh":1,"c":214}},{"type":"Feature","geometry":{"type":"Polygon","coordinates":[[[11.1408,59.54248],[11.1408,59.54243],[11.14069,59.5424],[11.14053,59.54239],[11.14044,59.54243],[11.1408,59.54248]],[[11.14069,59.54243],[11.14074,59.54243],[11.14073,59.54245],[11.14069,59.54243]],[[11.14055,59.54242],[11.1406,59.54241],[11.1406,59.54242],[11.14055,59.54242]]]},"properties":{"a":116,"v":-90,"dh":0.78,"pl":0,"sl":1,"c":215}},{"type":"Feature","geometry":{"type":"MultiPolygon","coordinates":[[[[11.14106,59.54264],[11.14095,59.54259],[11.14077,59.54262],[11.14092,59.54264],[11.14106,59.54264]]],[[[11.14125,59.54267],[11.14126,59.54271],[11.14134,59.54272],[11.14132,59.54264],[11.14143,59.54261],[11.14118,59.54257],[11.14116,59.54259],[11.14127,59.54262],[11.14111,59.5426],[11.14107,59.54263],[11.14113,59.54266],[11.14104,59.54265],[11.14106,59.5427],[11.14125,59.54267]],[[11.14122,59.54266],[11.14125,59.54264],[11.14127,59.54266],[11.14122,59.54266]],[[11.14129,59.54268],[11.14131,59.54269],[11.14129,59.54269],[11.14129,59.54268]],[[11.14128,59.54259],[11.14132,59.5426],[11.14129,59.54261],[11.14128,59.54259]]]]},"properties":{"a":220,"v":-179,"dh":0.81,"pl":0,"sl":1,"c":215}},{"type":"Feature","geometry":{"type":"MultiPolygon","coordinates":[[[[11.14142,59.54314],[11.1413,59.5431],[11.1413,59.54314],[11.14114,59.54317],[11.14106,59.54317],[11.14111,59.54315],[11.14105,59.54314],[11.141,59.54319],[11.14111,59.54318],[11.14115,59.54323],[11.14118,59.54318],[11.14129,59.54322],[11.14132,59.54317],[11.14142,59.54314]],[[11.14132,59.54317],[11.1413,59.54316],[11.14132,59.54316],[11.14132,59.54317]],[[11.14137,59.54315],[11.14134,59.54314],[11.14137,59.54314],[11.14137,59.54315]]],[[[11.14132,59.5432],[11.14134,59.54319],[11.14132,59.54319],[11.14132,59.5432]]]]},"properties":{"a":120,"v":95,"dh":0.79,"pl":0,"sl":1,"c":215}},{"type":"Feature","geometry":{"type":"MultiPolygon","coordinates":[[[[11.16165,59.53712],[11.16163,59.53706],[11.16132,59.53693],[11.16147,59.53707],[11.16165,59.53712]]],[[[11.16167,59.53713],[11.16186,59.53717],[11.16173,59.53707],[11.16173,59.53697],[11.16164,59.537],[11.16172,59.53706],[11.16167,59.53713]]],[[[11.16165,59.53712],[11.16167,59.53713],[11.16167,59.53712],[11.16165,59.53712]]]]},"properties":{"a":194,"v":-175,"dh":0.9,"pl":0,"sh":1,"c":190}},{"type":"Feature","geometry":{"type":"MultiPolygon","coordinates":[[[[11.15063,59.5374],[11.15034,59.53753],[11.15038,59.53757],[11.15025,59.53757],[11.15027,59.5376],[11.15043,59.53759],[11.15039,59.53757],[11.15077,59.53736],[11.15077,59.53731],[11.15083,59.53728],[11.15068,59.5373],[11.15068,59.53735],[11.15057,59.53733],[11.15056,59.53737],[11.15063,59.5374]],[[11.15041,59.5375],[11.15042,59.53751],[11.15041,59.53751],[11.15041,59.5375]],[[11.1507,59.53734],[11.15073,59.53736],[11.1507,59.53736],[11.1507,59.53734]]],[[[11.1504,59.53745],[11.15039,59.53746],[11.1504,59.53746],[11.1504,59.53745]]]]},"properties":{"a":209,"v":-190,"dh":0.91,"pl":0,"sl":1,"c":216}},{"type":"Feature","geometry":{"type":"MultiPolygon","coordinates":[[[[11.1501,59.53774],[11.15008,59.53773],[11.15009,59.53774],[11.1501,59.53774]]],[[[11.15007,59.53775],[11.14979,59.53777],[11.14981,59.53784],[11.14969,59.53789],[11.14996,59.53778],[11.15012,59.53779],[11.15007,59.53775]],[[11.15003,59.53776],[11.15007,59.53777],[11.15003,59.53777],[11.15003,59.53776]]]]},"properties":{"a":100,"v":-92,"dh":0.92,"pl":0,"sl":1,"c":216}},{"type":"Feature","geometry":{"type":"Polygon","coordinates":[[[11.15166,59.53827],[11.15166,59.53823],[11.15133,59.53816],[11.1514,59.53818],[11.15139,59.53823],[11.15152,59.53825],[11.1515,59.53831],[11.15166,59.53827]],[[11.15162,59.53827],[11.1516,59.53826],[11.15162,59.53825],[11.15162,59.53827]]]},"properties":{"a":114,"v":92,"dh":0.81,"pl":0,"sh":1,"c":217}},{"type":"Feature","geometry":{"type":"Polygon","coordinates":[[[11.15003,59.53857],[11.15007,59.53853],[11.15019,59.53857],[11.15024,59.53854],[11.14996,59.53852],[11.15001,59.53848],[11.14992,59.53844],[11.14978,59.53846],[11.15003,59.53857]],[[11.14989,59.53849],[11.1499,59.53847],[11.1499,59.53849],[11.14989,59.53849]]]},"properties":{"a":122,"v":95,"dh":0.78,"pl":0,"sh":1,"c":216}},{"type":"Feature","geometry":{"type":"MultiPolygon","coordinates":[[[[11.14992,59.53877],[11.15024,59.53871],[11.14997,59.5387],[11.1499,59.53872],[11.14997,59.53874],[11.14985,59.53873],[11.14992,59.53877]]],[[[11.15015,59.53876],[11.15017,59.53875],[11.15015,59.53875],[11.15015,59.53876]]]]},"properties":{"a":101,"v":82,"dh":0.81,"pl":0,"sh":1,"c":216}},{"type":"Feature","geometry":{"type":"MultiPolygon","coordinates":[[[[11.15547,59.53922],[11.15543,59.5392],[11.1554,59.5392],[11.15543,59.53923],[11.15547,59.53922]]],[[[11.1554,59.53923],[11.15542,59.53922],[11.1554,59.53922],[11.1554,59.53923]]],[[[11.15538,59.53923],[11.1554,59.53924],[11.1554,59.53923],[11.15538,59.53923]]],[[[11.15493,59.53933],[11.15479,59.53941],[11.15488,59.53936],[11.15507,59.5394],[11.15511,59.53936],[11.15507,59.53937],[11.15505,59.53936],[11.15526,59.5393],[11.15525,59.53936],[11.1553,59.53936],[11.15547,59.53927],[11.1554,59.53924],[11.1553,59.5393],[11.15521,59.53925],[11.15493,59.53933]],[[11.15502,59.53933],[11.15503,59.53934],[11.15502,59.53934],[11.15502,59.53933]],[[11.1551,59.53931],[11.15505,59.53933],[11.15505,59.53931],[11.1551,59.53931]],[[11.15517,59.53929],[11.15515,59.53928],[11.15517,59.53928],[11.15517,59.53929]]],[[[11.15479,59.53942],[11.15477,59.53941],[11.15477,59.53942],[11.15479,59.53942]]]]},"properties":{"a":209,"v":-168,"dh":0.8,"pl":0,"sh":1,"c":218}},{"type":"Feature","geometry":{"type":"MultiPolygon","coordinates":[[[[11.15619,59.53917],[11.15616,59.53919],[11.15619,59.53919],[11.15619,59.53917]]],[[[11.15603,59.53922],[11.15604,59.53925],[11.15578,59.53932],[11.1558,59.53937],[11.15569,59.53935],[11.15576,59.53931],[11.1557,59.53929],[11.15558,59.53934],[11.15564,59.53937],[11.15557,59.53936],[11.1555,59.53942],[11.15536,59.53944],[11.15561,59.53945],[11.15583,59.53938],[11.15584,59.53942],[11.15596,59.53942],[11.1559,59.53937],[11.15601,59.53933],[11.15589,59.53937],[11.15585,59.53935],[11.15606,59.53928],[11.15616,59.53919],[11.15603,59.53922]],[[11.15553,59.53941],[11.15558,59.53938],[11.15562,59.53939],[11.15559,59.53939],[11.15557,59.53941],[11.15553,59.53941]],[[11.1556,59.5394],[11.15559,59.53941],[11.15559,59.5394],[11.1556,59.5394]],[[11.15569,59.53937],[11.15567,59.53938],[11.15567,59.53937],[11.15569,59.53937]],[[11.15585,59.53933],[11.15583,59.53934],[11.15583,59.53933],[11.15585,59.53933]]],[[[11.15584,59.53942],[11.1558,59.53943],[11.15584,59.53943],[11.15584,59.53942]]],[[[11.15547,59.53946],[11.15545,59.53947],[11.15547,59.53947],[11.15547,59.53946]]]]},"properties":{"a":306,"v":-257,"dh":0.84,"pl":0,"sl":1,"c":218}},{"type":"Feature","geometry":{"type":"MultiPolygon","coordinates":[[[[11.1541,59.53946],[11.15432,59.53944],[11.15428,59.53941],[11.15433,59.53937],[11.1544,59.53941],[11.15455,59.53928],[11.15434,59.53933],[11.15419,59.53945],[11.15407,59.53943],[11.15406,59.53939],[11.15417,59.53936],[11.15398,59.53939],[11.15405,59.53945],[11.15379,59.53957],[11.15358,59.53956],[11.15365,59.53961],[11.15359,59.53964],[11.15393,59.53956],[11.15405,59.53946],[11.1541,59.53946]]],[[[11.15409,59.53948],[11.15412,59.53949],[11.15412,59.53948],[11.15409,59.53948]]]]},"properties":{"a":313,"v":-305,"dh":0.97,"pl":0,"sl":1,"c":218}},{"type":"Feature","geometry":{"type":"MultiPolygon","coordinates":[[[[11.10748,59.53467],[11.10749,59.53466],[11.10748,59.53466],[11.10748,59.53467]]],[[[11.10746,59.53468],[11.10741,59.53468],[11.10707,59.5347],[11.1072,59.53475],[11.10727,59.53474],[11.10718,59.5347],[11.10743,59.5347],[11.10746,59.53473],[11.10775,59.53477],[11.10764,59.53475],[11.10771,59.53472],[11.10759,59.53472],[11.10746,59.53468]]]]},"properties":{"a":168,"v":150,"dh":0.89,"pl":0,"sh":1,"c":219}},{"type":"Feature","geometry":{"type":"Polygon","coordinates":[[[11.12697,59.53729],[11.12692,59.53726],[11.12693,59.53722],[11.12656,59.53723],[11.12658,59.53726],[11.12678,59.53724],[11.12685,59.53727],[11.12683,59.53729],[11.12697,59.53729]]]},"properties":{"a":117,"v":-120,"dh":1.03,"pl":0,"sl":1,"c":220}},{"type":"Feature","geometry":{"type":"MultiPolygon","coordinates":[[[[11.12566,59.53744],[11.12583,59.53745],[11.12613,59.5374],[11.12608,59.53737],[11.1262,59.53737],[11.12618,59.53734],[11.12636,59.53736],[11.12637,59.53732],[11.12632,59.53733],[11.12634,59.53728],[11.12611,59.53731],[11.12599,59.53739],[11.12583,59.53739],[11.12583,59.53744],[11.12566,59.53744]]],[[[11.12561,59.53747],[11.12566,59.53747],[11.1256,59.53745],[11.12561,59.53747]]]]},"properties":{"a":193,"v":-218,"dh":1.13,"pl":0,"sl":1,"c":220}},{"type":"Feature","geometry":{"type":"Polygon","coordinates":[[[11.12756,59.54568],[11.12764,59.54564],[11.1278,59.54564],[11.12783,59.54561],[11.12771,59.54556],[11.12747,59.54567],[11.12756,59.54568]]]},"properties":{"a":104,"v":85,"dh":0.82,"pl":0,"sh":1,"c":221}},{"type":"Feature","geometry":{"type":"MultiPolygon","coordinates":[[[[11.12798,59.54603],[11.12797,59.54601],[11.12797,59.54603],[11.12798,59.54603]]],[[[11.128,59.54605],[11.12772,59.54603],[11.12774,59.54605],[11.12756,59.54603],[11.12771,59.5461],[11.12787,59.5461],[11.12779,59.54606],[11.128,59.54605]],[[11.12776,59.54604],[11.12777,59.54605],[11.12776,59.54605],[11.12776,59.54604]]]]},"properties":{"a":118,"v":97,"dh":0.82,"pl":0,"sh":1,"c":221}},{"type":"Feature","geometry":{"type":"MultiPolygon","coordinates":[[[[11.13219,59.54627],[11.13228,59.54621],[11.13208,59.54616],[11.13199,59.54616],[11.13196,59.5462],[11.13219,59.54627]]],[[[11.13237,59.54629],[11.13235,59.54626],[11.13232,59.54626],[11.13237,59.54629]]],[[[11.13252,59.54642],[11.1325,59.54636],[11.13239,59.5463],[11.13232,59.54631],[11.13228,59.54625],[11.13218,59.54628],[11.1322,59.54633],[11.13229,59.54634],[11.13231,59.5464],[11.13252,59.54642]]],[[[11.13254,59.54645],[11.1325,59.54644],[11.13251,59.54645],[11.13254,59.54645]]]]},"properties":{"a":295,"v":271,"dh":0.92,"pl":0,"sh":1,"c":222}},{"type":"Feature","geometry":{"type":"MultiPolygon","coordinates":[[[[11.13124,59.54629],[11.13117,59.5463],[11.13111,59.54628],[11.13114,59.54632],[11.13124,59.54629]]],[[[11.13131,59.54632],[11.13128,59.5463],[11.13126,59.54632],[11.13131,59.54632]]],[[[11.13121,59.54632],[11.13123,59.54637],[11.13117,59.54636],[11.13112,59.54632],[11.13108,59.54634],[11.13114,59.54644],[11.13121,59.54643],[11.13117,59.54639],[11.13131,59.54637],[11.13126,59.54636],[11.13131,59.54633],[11.13121,59.54632]]],[[[11.13128,59.54642],[11.13125,59.54643],[11.13128,59.54644],[11.13128,59.54642]]],[[[11.13127,59.54645],[11.1312,59.54646],[11.13111,59.54649],[11.1312,59.5465],[11.13118,59.54648],[11.13127,59.54645]]],[[[11.13122,59.54648],[11.1313,59.54647],[11.13139,59.54646],[11.13134,59.54646],[11.13132,59.54645],[11.13127,59.54645],[11.13122,59.54648]]]]},"properties":{"a":159,"v":127,"dh":0.8,"pl":0,"sh":1,"c":222}},{"type":"Feature","geometry":{"type":"MultiPolygon","coordinates":[[[[11.13148,59.54615],[11.1315,59.54616],[11.1315,59.54615],[11.13148,59.54615]]],[[[11.1315,59.54616],[11.13155,59.54619],[11.13159,59.54621],[11.1315,59.54616]]],[[[11.13161,59.54622],[11.13159,59.54623],[11.13162,59.54623],[11.13161,59.54622]]],[[[11.13204,59.54657],[11.13199,59.54662],[11.13207,59.54661],[11.13201,59.54648],[11.13196,59.54643],[11.13187,59.54644],[11.13188,59.54639],[11.13177,59.54637],[11.13177,59.54632],[11.13162,59.54623],[11.13167,59.54635],[11.13174,59.54638],[11.13169,59.54641],[11.13185,59.54642],[11.13185,59.54648],[11.13196,59.54647],[11.13195,59.54655],[11.13204,59.54657]],[[11.1319,59.54646],[11.13189,59.54646],[11.1319,59.54646],[11.1319,59.54646]]],[[[11.13193,59.54654],[11.13194,59.54653],[11.13193,59.54653],[11.13193,59.54654]]]]},"properties":{"a":204,"v":169,"dh":0.83,"pl":0,"sh":1,"c":222}},{"type":"Feature","geometry":{"type":"MultiPolygon","coordinates":[[[[11.13138,59.54649],[11.13139,59.5465],[11.13139,59.54649],[11.13138,59.54649]]],[[[11.13141,59.54651],[11.13139,59.5465],[11.13139,59.54651],[11.13141,59.54651]]],[[[11.13115,59.54661],[11.13119,59.54663],[11.13119,59.54661],[11.13115,59.54661]]],[[[11.13119,59.54663],[11.13123,59.54673],[11.13132,59.54671],[11.13125,59.54675],[11.13143,59.54683],[11.13145,59.54689],[11.13149,59.54688],[11.13145,59.54683],[11.13148,59.54674],[11.13141,59.54671],[11.1314,59.54663],[11.13158,59.54667],[11.13158,59.54671],[11.13165,59.54669],[11.13166,59.54675],[11.13178,59.54675],[11.13156,59.54665],[11.1315,59.54655],[11.13143,59.54657],[11.13144,59.54663],[11.13137,59.54661],[11.13142,59.54659],[11.13139,59.54651],[11.13122,59.54651],[11.13128,59.54658],[11.13126,59.54664],[11.13131,59.54661],[11.13135,59.54665],[11.1313,59.54668],[11.13119,59.54663]],[[11.13135,59.54659],[11.13133,59.5466],[11.13133,59.54659],[11.13135,59.54659]]]]},"properties":{"a":432,"v":372,"dh":0.86,"pl":0,"sh":1,"c":222}},{"type":"Feature","geometry":{"type":"Polygon","coordinates":[[[11.13181,59.5469],[11.13195,59.5469],[11.13193,59.54686],[11.13202,59.54686],[11.13196,59.54681],[11.13208,59.54679],[11.13207,59.54676],[11.13186,59.54682],[11.13181,59.5469]],[[11.1319,59.54687],[11.13191,59.54686],[11.13191,59.54687],[11.1319,59.54687]]]},"properties":{"a":128,"v":115,"dh":0.9,"pl":0,"sh":1,"c":222}},{"type":"Feature","geometry":{"type":"MultiPolygon","coordinates":[[[[11.12728,59.54697],[11.1273,59.54694],[11.12726,59.54694],[11.12728,59.54697]]],[[[11.12717,59.5471],[11.12731,59.54707],[11.12731,59.54703],[11.12741,59.547],[11.12735,59.54696],[11.12725,59.54699],[11.12724,59.54691],[11.12719,59.5469],[11.12721,59.54693],[11.12716,59.54694],[11.12721,59.54696],[11.12718,59.54698],[11.12723,59.54699],[11.12718,59.54701],[11.12722,59.54706],[11.12717,59.5471]]],[[[11.12722,59.54711],[11.12719,59.5471],[11.12719,59.54711],[11.12722,59.54711]]]]},"properties":{"a":129,"v":-105,"dh":0.81,"pl":0,"sl":1,"c":223}},{"type":"Feature","geometry":{"type":"Polygon","coordinates":[[[11.12691,59.54724],[11.12709,59.54721],[11.12721,59.54713],[11.12703,59.54711],[11.12701,59.54716],[11.12712,59.54714],[11.12693,59.54718],[11.12694,59.54714],[11.12689,59.54712],[11.12699,59.54712],[11.12704,59.54706],[11.12683,59.54704],[11.12689,59.5471],[11.1268,59.54712],[11.12676,59.54705],[11.12667,59.54706],[11.12671,59.5471],[11.12655,59.54707],[11.12673,59.54715],[11.12683,59.54714],[11.12684,59.54719],[11.12691,59.54724]]]},"properties":{"a":271,"v":-233,"dh":0.86,"pl":0,"sl":1,"c":223}},{"type":"Feature","geometry":{"type":"MultiPolygon","coordinates":[[[[11.12647,59.54704],[11.12638,59.54699],[11.12633,59.547],[11.12642,59.54703],[11.12635,59.54706],[11.12647,59.54704]]],[[[11.12637,59.54711],[11.12636,59.54712],[11.12637,59.54712],[11.12637,59.54711]]],[[[11.12588,59.54709],[11.12575,59.54706],[11.1258,59.54708],[11.12575,59.54713],[11.12595,59.54711],[11.12593,59.54716],[11.12585,59.54717],[11.12583,59.54721],[11.12583,59.54726],[11.12591,59.54729],[11.12586,59.54733],[11.12594,59.54733],[11.12593,59.5474],[11.12602,59.54737],[11.12598,59.54732],[11.12603,59.54733],[11.12594,59.54729],[11.12599,59.54723],[11.12637,59.54735],[11.12692,59.54732],[11.12697,59.54727],[11.12683,59.54727],[11.12686,59.54724],[11.1268,59.54716],[11.12673,59.54721],[11.12659,59.5472],[11.12662,59.54714],[11.12651,59.5471],[11.12653,59.54707],[11.12646,59.54708],[11.12646,59.54715],[11.12653,59.54714],[11.12648,59.54719],[11.12634,59.54714],[11.12634,59.5471],[11.12641,59.54707],[11.12628,59.54706],[11.12628,59.54711],[11.12608,59.54717],[11.12598,59.54708],[11.12588,59.54709]],[[11.1267,59.54732],[11.12669,59.54731],[11.1267,59.54731],[11.1267,59.54732]],[[11.12584,59.54708],[11.12579,59.54711],[11.12579,59.54709],[11.12584,59.54708]],[[11.12626,59.5473],[11.12619,59.54727],[11.12633,59.54727],[11.12624,59.54728],[11.12626,59.5473]],[[11.12635,59.54728],[11.1264,59.54728],[11.12638,59.5473],[11.12635,59.54728]],[[11.12661,59.54729],[11.1266,59.5473],[11.1266,59.54729],[11.12661,59.54729]],[[11.12672,59.54726],[11.1267,59.54727],[11.1267,59.54726],[11.12672,59.54726]],[[11.12592,59.54723],[11.1259,59.5472],[11.12597,59.54719],[11.12592,59.54723]],[[11.12602,59.54717],[11.12599,59.54719],[11.12599,59.54717],[11.12602,59.54717]],[[11.12624,59.54718],[11.12622,59.54719],[11.12622,59.54718],[11.12624,59.54718]]],[[[11.12604,59.54738],[11.12602,59.54737],[11.12602,59.54738],[11.12604,59.54738]]]]},"properties":{"a":1129,"v":-1090,"dh":0.97,"pl":0,"fo":1,"c":224}},{"type":"Feature","geometry":{"type":"MultiPolygon","coordinates":[[[[11.13458,59.54687],[11.13455,59.54689],[11.13459,59.54689],[11.13458,59.54687]]],[[[11.13462,59.54692],[11.13459,59.54689],[11.13457,59.54692],[11.13462,59.54692]]],[[[11.13453,59.54692],[11.1345,59.54688],[11.13454,59.54696],[11.13449,59.547],[11.13454,59.54702],[11.13451,59.54705],[11.13463,59.547],[11.1346,59.54704],[11.13463,59.54708],[11.1346,59.54709],[11.13465,59.54711],[11.1346,59.54713],[11.13466,59.54717],[11.13463,59.54724],[11.13475,59.54725],[11.13468,59.54733],[11.13474,59.54732],[11.13476,59.54741],[11.13481,59.54741],[11.13483,59.54732],[11.13475,59.54733],[11.13481,59.5473],[11.13475,59.54729],[11.1348,59.54723],[11.13467,59.54711],[11.13467,59.54708],[11.13472,59.5471],[11.13465,59.54702],[11.1347,59.54696],[11.13461,59.54696],[11.13453,59.54692]],[[11.13479,59.54734],[11.13477,59.54735],[11.13477,59.54734],[11.13479,59.54734]],[[11.13467,59.54705],[11.13465,59.54707],[11.13465,59.54705],[11.13467,59.54705]],[[11.13461,59.54698],[11.13457,59.547],[11.13457,59.54698],[11.13461,59.54698]]]]},"properties":{"a":316,"v":328,"dh":1.04,"pl":0,"sl":1,"c":225}},{"type":"Feature","geometry":{"type":"MultiPolygon","coordinates":[[[[11.12553,59.54729],[11.12552,59.5473],[11.12553,59.5473],[11.12553,59.54729]]],[[[11.1258,59.54731],[11.12543,59.54732],[11.12573,59.54736],[11.12566,59.54738],[11.12565,59.54737],[11.12538,59.54733],[11.12534,59.54733],[11.12556,59.54745],[11.12591,59.54741],[11.1258,59.54731]],[[11.1256,59.54743],[11.12561,59.54741],[11.12561,59.54743],[11.1256,59.54743]],[[11.12565,59.5474],[11.12567,59.54741],[11.12565,59.54741],[11.12565,59.5474]],[[11.1257,59.5474],[11.12572,59.54741],[11.1257,59.54741],[11.1257,59.5474]],[[11.12579,59.54737],[11.12582,59.54738],[11.12579,59.54738],[11.12579,59.54737]]]]},"properties":{"a":261,"v":-248,"dh":0.95,"pl":0,"sl":1,"c":223}},{"type":"Feature","geometry":{"type":"Polygon","coordinates":[[[11.12759,59.54742],[11.12784,59.54743],[11.12794,59.54735],[11.12757,59.54736],[11.12759,59.54742]]]},"properties":{"a":158,"v":-254,"dh":1.61,"pl":0,"fo":1,"c":224}},{"type":"Feature","geometry":{"type":"Polygon","coordinates":[[[11.13201,59.54814],[11.1319,59.54808],[11.1319,59.54804],[11.13174,59.54808],[11.13194,59.54813],[11.13189,59.54822],[11.1318,59.54821],[11.13181,59.54824],[11.13195,59.54825],[11.13192,59.54831],[11.13203,59.54837],[11.13209,59.54833],[11.13206,59.54832],[11.13207,59.54828],[11.13202,59.54828],[11.13205,59.54823],[11.13201,59.54814]],[[11.13201,59.54821],[11.13198,59.54822],[11.13191,59.54822],[11.13201,59.54821]],[[11.13187,59.54809],[11.13188,59.54807],[11.13188,59.54809],[11.13187,59.54809]]]},"properties":{"a":222,"v":-174,"dh":0.79,"pl":0,"sh":1,"c":226}},{"type":"Feature","geometry":{"type":"MultiPolygon","coordinates":[[[[11.13275,59.54829],[11.13294,59.54827],[11.13303,59.54831],[11.133,59.54835],[11.13312,59.54833],[11.13308,59.54831],[11.1331,59.54825],[11.13281,59.54825],[11.13275,59.54829]]],[[[11.13275,59.54828],[11.13253,59.54829],[11.1325,59.54831],[11.13271,59.54833],[11.13275,59.54828]]]]},"properties":{"a":141,"v":-125,"dh":0.89,"pl":0,"sl":1,"c":226}},{"type":"Feature","geometry":{"type":"Polygon","coordinates":[[[11.13074,59.54852],[11.13078,59.54847],[11.13065,59.54845],[11.13065,59.54839],[11.1307,59.54841],[11.13073,59.54833],[11.13057,59.54831],[11.13063,59.54834],[11.13056,59.54837],[11.13064,59.5485],[11.13074,59.54852]]]},"properties":{"a":135,"v":-120,"dh":0.89,"pl":0,"sh":1,"c":227}},{"type":"Feature","geometry":{"type":"MultiPolygon","coordinates":[[[[11.1289,59.54847],[11.12887,59.54848],[11.1289,59.54848],[11.1289,59.54847]]],[[[11.12924,59.54846],[11.12897,59.54845],[11.12888,59.54849],[11.12887,59.54854],[11.12924,59.54849],[11.12924,59.54846]],[[11.12896,59.54851],[11.12897,59.54852],[11.12892,59.54852],[11.12896,59.54851]],[[11.12901,59.5485],[11.12899,59.54851],[11.12899,59.5485],[11.12901,59.5485]],[[11.12906,59.54849],[11.12903,59.54851],[11.12902,59.54849],[11.12906,59.54849]]],[[[11.12927,59.5485],[11.12924,59.54849],[11.12924,59.5485],[11.12927,59.5485]]]]},"properties":{"a":118,"v":-93,"dh":0.78,"pl":0,"sh":1,"c":227}},{"type":"Feature","geometry":{"type":"MultiPolygon","coordinates":[[[[11.12999,59.54844],[11.12998,59.54843],[11.12998,59.54844],[11.12999,59.54844]]],[[[11.12991,59.54853],[11.12995,59.54853],[11.12993,59.54858],[11.13014,59.54856],[11.13003,59.54844],[11.12998,59.54845],[11.12994,59.54843],[11.12989,59.54846],[11.12989,59.54847],[11.12995,59.54849],[11.12991,59.54853]],[[11.12995,59.54851],[11.12996,59.54852],[11.12995,59.54852],[11.12995,59.54851]],[[11.12993,59.54847],[11.12994,59.54848],[11.12993,59.54848],[11.12993,59.54847]],[[11.12998,59.54847],[11.13002,59.54849],[11.12998,59.54849],[11.12998,59.54847]]]]},"properties":{"a":141,"v":-121,"dh":0.86,"pl":0,"sh":1,"c":227}},{"type":"Feature","geometry":{"type":"Polygon","coordinates":[[[11.12952,59.54869],[11.12946,59.54872],[11.12971,59.54876],[11.12969,59.5487],[11.1296,59.54869],[11.12964,59.54863],[11.12944,59.54861],[11.12946,59.54869],[11.12953,59.54865],[11.12952,59.54869]],[[11.12953,59.54869],[11.12955,59.54868],[11.12955,59.54869],[11.12953,59.54869]],[[11.12955,59.54868],[11.12957,59.54867],[11.12957,59.54868],[11.12955,59.54868]]]},"properties":{"a":140,"v":-120,"dh":0.86,"pl":0,"sh":1,"c":227}}]}