{"type":"FeatureCollection","features":[{"type":"Feature","geometry":{"type":"Polygon","coordinates":[[[10.6113,59.72529],[10.6115,59.72522],[10.61156,59.72496],[10.61147,59.72499],[10.61144,59.72512],[10.6113,59.72529]]]},"properties":{"a":181,"v":154,"dh":0.85,"pl":0,"sh":1,"c":0}},{"type":"Feature","geometry":{"type":"Polygon","coordinates":[[[10.61182,59.7256],[10.6118,59.72552],[10.61169,59.72547],[10.61142,59.72548],[10.61136,59.72543],[10.61126,59.72543],[10.61148,59.72552],[10.61158,59.7255],[10.61166,59.7256],[10.61182,59.7256]]]},"properties":{"a":210,"v":337,"dh":1.6,"pl":0,"fo":1,"c":1}},{"type":"Feature","geometry":{"type":"Polygon","coordinates":[[[10.61196,59.72557],[10.61221,59.72554],[10.61231,59.72549],[10.6119,59.72551],[10.61196,59.72557]]]},"properties":{"a":109,"v":88,"dh":0.8,"pl":0,"sh":1,"c":0}},{"type":"Feature","geometry":{"type":"Polygon","coordinates":[[[10.61279,59.72583],[10.61301,59.72569],[10.61312,59.72574],[10.61337,59.72573],[10.61344,59.72568],[10.61319,59.72568],[10.61322,59.72559],[10.61318,59.72551],[10.6128,59.72543],[10.61286,59.72555],[10.61269,59.72556],[10.6126,59.72565],[10.61285,59.72563],[10.61275,59.72572],[10.61282,59.72579],[10.61279,59.72583]]]},"properties":{"a":787,"v":1368,"dh":1.74,"pl":0,"fo":1,"c":1}},{"type":"Feature","geometry":{"type":"Polygon","coordinates":[[[10.61193,59.72575],[10.61212,59.72572],[10.61214,59.72569],[10.61209,59.72564],[10.61196,59.72565],[10.61179,59.72572],[10.61193,59.72575]]]},"properties":{"a":164,"v":334,"dh":2.04,"pl":0,"fo":1,"c":1}},{"type":"Feature","geometry":{"type":"Polygon","coordinates":[[[10.61151,59.72588],[10.61181,59.72585],[10.61156,59.72583],[10.61145,59.7258],[10.61147,59.72576],[10.61138,59.72576],[10.61151,59.72588]]]},"properties":{"a":122,"v":127,"dh":1.04,"pl":0,"fo":1,"c":1}},{"type":"Feature","geometry":{"type":"Polygon","coordinates":[[[10.61226,59.72597],[10.61247,59.72593],[10.6124,59.72578],[10.6122,59.72579],[10.61208,59.72586],[10.6122,59.72589],[10.61226,59.72597]]]},"properties":{"a":282,"v":577,"dh":2.04,"pl":0,"fo":1,"c":1}},{"type":"Feature","geometry":{"type":"Polygon","coordinates":[[[10.6086,59.72944],[10.60866,59.7294],[10.60862,59.72936],[10.60846,59.72934],[10.60835,59.72939],[10.6086,59.72944]]]},"properties":{"a":111,"v":-142,"dh":1.28,"pl":0,"fo":1,"c":2}},{"type":"Feature","geometry":{"type":"Polygon","coordinates":[[[10.60899,59.72961],[10.60927,59.72959],[10.6093,59.72951],[10.60919,59.72947],[10.60917,59.72936],[10.60901,59.72936],[10.60901,59.72929],[10.60888,59.7293],[10.60892,59.72939],[10.6088,59.72947],[10.609,59.72954],[10.60916,59.72952],[10.60897,59.72956],[10.60899,59.72961]]]},"properties":{"a":515,"v":780,"dh":1.51,"pl":0,"fo":1,"c":2}},{"type":"Feature","geometry":{"type":"Polygon","coordinates":[[[10.61358,59.73009],[10.61383,59.73002],[10.61384,59.72999],[10.61354,59.73],[10.61345,59.73005],[10.61358,59.73009]]]},"properties":{"a":125,"v":145,"dh":1.16,"pl":0,"fo":1,"c":3}},{"type":"Feature","geometry":{"type":"Polygon","coordinates":[[[10.60817,59.72924],[10.60805,59.72908],[10.60808,59.72896],[10.60822,59.72886],[10.60799,59.72895],[10.60796,59.72901],[10.60798,59.72913],[10.60817,59.72924]]]},"properties":{"a":197,"v":165,"dh":0.84,"pl":0,"sh":1,"c":4}},{"type":"Feature","geometry":{"type":"Polygon","coordinates":[[[10.59531,59.73],[10.59543,59.72999],[10.59539,59.72991],[10.59548,59.72989],[10.59545,59.72988],[10.59546,59.72984],[10.59518,59.72987],[10.59518,59.72992],[10.59529,59.72994],[10.59531,59.73]]]},"properties":{"a":183,"v":188,"dh":1.03,"pl":1,"pn":"Strandlia","pd":"2015-05-26","fo":1,"c":5}},{"type":"Feature","geometry":{"type":"MultiPolygon","coordinates":[[[[10.5969,59.73013],[10.59675,59.73],[10.59666,59.73001],[10.59666,59.73007],[10.59678,59.73016],[10.5969,59.73013]]],[[[10.59692,59.73016],[10.59693,59.73015],[10.59692,59.73015],[10.59692,59.73016]]]]},"properties":{"a":128,"v":159,"dh":1.24,"pl":1,"pn":"Strandlia","pd":"2015-05-26","c":5}},{"type":"Feature","geometry":{"type":"Polygon","coordinates":[[[10.59658,59.73023],[10.59669,59.7302],[10.59668,59.73011],[10.59661,59.73005],[10.59643,59.7301],[10.59651,59.73015],[10.59646,59.73019],[10.59658,59.73023]]]},"properties":{"a":188,"v":-262,"dh":1.39,"pl":1,"pn":"Strandlia","pd":"2015-05-26","c":5}},{"type":"Feature","geometry":{"type":"Polygon","coordinates":[[[10.59583,59.73038],[10.596,59.73034],[10.59594,59.73025],[10.59584,59.73025],[10.59585,59.73021],[10.59576,59.73017],[10.59558,59.73019],[10.59561,59.73028],[10.59583,59.73038]]]},"properties":{"a":309,"v":305,"dh":0.99,"pl":1,"pn":"Strandlia","pd":"2015-05-26","sh":1,"c":5}},{"type":"Feature","geometry":{"type":"Polygon","coordinates":[[[10.59689,59.73033],[10.59711,59.73036],[10.59712,59.73025],[10.59697,59.73018],[10.59671,59.73025],[10.59683,59.73026],[10.59689,59.73033]]]},"properties":{"a":264,"v":-330,"dh":1.25,"pl":1,"pn":"Strandlia","pd":"2015-05-26","c":5}},{"type":"Feature","geometry":{"type":"Polygon","coordinates":[[[10.59565,59.73043],[10.59572,59.73039],[10.59559,59.73028],[10.59536,59.73033],[10.59538,59.73038],[10.59565,59.73043]]]},"properties":{"a":196,"v":-262,"dh":1.34,"pl":1,"pn":"Strandlia","pd":"2015-05-26","c":5}},{"type":"Feature","geometry":{"type":"MultiPolygon","coordinates":[[[[10.59659,59.73041],[10.59661,59.73036],[10.59652,59.73031],[10.59635,59.73029],[10.5963,59.73035],[10.59604,59.73036],[10.59608,59.73043],[10.59603,59.73048],[10.59613,59.73054],[10.59626,59.73049],[10.59636,59.73051],[10.59633,59.73047],[10.59659,59.73041]],[[10.59617,59.73045],[10.59616,59.73042],[10.5962,59.73045],[10.59617,59.73045]]],[[[10.59654,59.73043],[10.59656,59.73044],[10.59656,59.73043],[10.59654,59.73043]]]]},"properties":{"a":494,"v":528,"dh":1.07,"pl":1,"pn":"Strandlia","pd":"2015-05-26","c":5}},{"type":"Feature","geometry":{"type":"MultiPolygon","coordinates":[[[[10.59553,59.7305],[10.59538,59.73041],[10.59521,59.73043],[10.59515,59.73036],[10.59506,59.73038],[10.59524,59.73051],[10.59553,59.7305]]],[[[10.59555,59.73051],[10.59556,59.73049],[10.59555,59.73049],[10.59555,59.73051]]]]},"properties":{"a":182,"v":186,"dh":1.02,"pl":1,"pn":"Strandlia","pd":"2015-05-26","c":5}},{"type":"Feature","geometry":{"type":"Polygon","coordinates":[[[10.5971,59.73059],[10.59735,59.73055],[10.59718,59.73042],[10.59705,59.73043],[10.59711,59.73045],[10.59704,59.73049],[10.5971,59.73059]]]},"properties":{"a":194,"v":200,"dh":1.03,"pl":1,"pn":"Strandlia","pd":"2015-05-26","c":5}},{"type":"Feature","geometry":{"type":"MultiPolygon","coordinates":[[[[10.59501,59.73007],[10.59508,59.7301],[10.5951,59.73001],[10.59515,59.73004],[10.5952,59.73003],[10.59509,59.7299],[10.595,59.72989],[10.59506,59.72997],[10.59499,59.72998],[10.59501,59.73007]]],[[[10.59479,59.73],[10.59469,59.73003],[10.59478,59.73014],[10.59492,59.73014],[10.595,59.7302],[10.59494,59.73015],[10.59494,59.73008],[10.59499,59.73006],[10.5949,59.72999],[10.59499,59.72998],[10.59497,59.72994],[10.59477,59.72992],[10.59479,59.73]],[[10.59478,59.73008],[10.59481,59.73004],[10.59481,59.73008],[10.59478,59.73008]],[[10.59492,59.73006],[10.59483,59.73004],[10.59481,59.73],[10.59492,59.73002],[10.59492,59.73006]]]]},"properties":{"a":374,"v":364,"dh":0.97,"pl":1,"pn":"Strandlia","pd":"2015-05-26","sh":1,"c":5}},{"type":"Feature","geometry":{"type":"Polygon","coordinates":[[[10.59428,59.73015],[10.59435,59.73009],[10.59431,59.72999],[10.59419,59.72998],[10.59419,59.73009],[10.59428,59.73015]]]},"properties":{"a":127,"v":-159,"dh":1.25,"pl":1,"pn":"Strandlia","pd":"2015-05-26","c":5}},{"type":"Feature","geometry":{"type":"Polygon","coordinates":[[[10.5946,59.7304],[10.5946,59.73036],[10.59468,59.73031],[10.59451,59.73033],[10.5944,59.73029],[10.59444,59.73037],[10.5946,59.7304]]]},"properties":{"a":108,"v":-120,"dh":1.11,"pl":1,"pn":"Strandlia","pd":"2015-05-26","c":5}},{"type":"Feature","geometry":{"type":"MultiPolygon","coordinates":[[[[10.59464,59.73016],[10.59453,59.73008],[10.59441,59.73013],[10.59447,59.73026],[10.59461,59.73027],[10.59459,59.73021],[10.59464,59.73016]]],[[[10.59468,59.73018],[10.59477,59.73036],[10.59462,59.73042],[10.59462,59.73047],[10.59489,59.73047],[10.59503,59.73058],[10.59518,59.73056],[10.59532,59.7306],[10.59517,59.73045],[10.5949,59.73037],[10.59489,59.73017],[10.59468,59.73018]]]]},"properties":{"a":820,"v":-989,"dh":1.21,"pl":1,"pn":"Strandlia","pd":"2015-05-26","c":5}},{"type":"Feature","geometry":{"type":"Polygon","coordinates":[[[10.59391,59.73089],[10.59386,59.73058],[10.59367,59.73005],[10.59348,59.73004],[10.59356,59.73022],[10.59344,59.73034],[10.59362,59.73036],[10.59362,59.73041],[10.59355,59.73042],[10.59364,59.73053],[10.59363,59.73058],[10.59377,59.73065],[10.59384,59.73083],[10.59391,59.73089]]]},"properties":{"a":860,"v":-1385,"dh":1.61,"pl":1,"pn":"Strandlia","pd":"2015-05-26","c":5}},{"type":"Feature","geometry":{"type":"Polygon","coordinates":[[[10.59343,59.73059],[10.59352,59.73051],[10.59341,59.73048],[10.59352,59.73047],[10.59352,59.73043],[10.5934,59.73035],[10.5933,59.73042],[10.59338,59.73057],[10.59343,59.73059]],[[10.59345,59.73053],[10.59347,59.73052],[10.59347,59.73053],[10.59345,59.73053]]]},"properties":{"a":169,"v":216,"dh":1.28,"pl":1,"pn":"Strandlia","pd":"2015-05-26","c":5}},{"type":"Feature","geometry":{"type":"Polygon","coordinates":[[[10.59372,59.73105],[10.59425,59.73101],[10.59427,59.73096],[10.59441,59.73093],[10.59409,59.73062],[10.59438,59.73059],[10.59445,59.73068],[10.59446,59.73057],[10.59437,59.73049],[10.59425,59.73051],[10.59424,59.73034],[10.59418,59.7303],[10.59424,59.73027],[10.59429,59.73037],[10.59437,59.73035],[10.59432,59.73024],[10.59439,59.73017],[10.59423,59.73017],[10.59405,59.72999],[10.59374,59.73002],[10.59369,59.73005],[10.5937,59.73012],[10.59374,59.73025],[10.59383,59.73032],[10.59388,59.73055],[10.59393,59.73058],[10.59388,59.73065],[10.59392,59.73081],[10.59403,59.73082],[10.59411,59.73098],[10.59363,59.73101],[10.59372,59.73105]],[[10.59418,59.73098],[10.59423,59.73096],[10.59424,59.73098],[10.59418,59.73098]]]},"properties":{"a":2634,"v":4910,"dh":1.86,"pl":1,"pn":"Strandlia","pd":"2015-05-26","c":5}},{"type":"Feature","geometry":{"type":"Polygon","coordinates":[[[10.59296,59.73106],[10.59328,59.73108],[10.59326,59.73099],[10.59335,59.73101],[10.59325,59.73088],[10.59328,59.73078],[10.59316,59.73075],[10.59317,59.7307],[10.59331,59.73064],[10.59329,59.73053],[10.5932,59.73046],[10.59326,59.73037],[10.59312,59.73035],[10.59317,59.73033],[10.59319,59.73026],[10.59344,59.73029],[10.59341,59.73017],[10.59345,59.73017],[10.59346,59.73004],[10.59263,59.73012],[10.59251,59.73019],[10.5925,59.73041],[10.59238,59.73039],[10.59234,59.73041],[10.59236,59.73047],[10.59231,59.73045],[10.59231,59.7305],[10.59226,59.73051],[10.59265,59.7305],[10.59266,59.73043],[10.59273,59.73045],[10.59269,59.73037],[10.59277,59.73037],[10.59275,59.73044],[10.59281,59.73049],[10.59274,59.73052],[10.59273,59.73065],[10.59279,59.73082],[10.5929,59.73086],[10.59286,59.73093],[10.59296,59.73106]],[[10.59318,59.7309],[10.59315,59.73092],[10.59315,59.7309],[10.59318,59.7309]],[[10.59314,59.7308],[10.593,59.73074],[10.59309,59.73074],[10.59314,59.7308]],[[10.59294,59.73077],[10.59296,59.73076],[10.59296,59.73077],[10.59294,59.73077]],[[10.59294,59.73064],[10.59294,59.73058],[10.59302,59.73054],[10.59301,59.73065],[10.59294,59.73064]],[[10.59282,59.73043],[10.59288,59.73044],[10.59289,59.7304],[10.59295,59.73046],[10.59282,59.73047],[10.59282,59.73043]],[[10.59329,59.73022],[10.59327,59.73014],[10.59332,59.73015],[10.59334,59.7302],[10.59329,59.73022]]]},"properties":{"a":3581,"v":7438,"dh":2.08,"pl":1,"pn":"Strandlia","pd":"2015-05-26","c":5}},{"type":"Feature","geometry":{"type":"Polygon","coordinates":[[[10.59456,59.7307],[10.59488,59.73065],[10.59493,59.73066],[10.59491,59.73059],[10.59478,59.73055],[10.59478,59.7305],[10.59462,59.73049],[10.59454,59.73056],[10.59459,59.73064],[10.59456,59.7307]]]},"properties":{"a":357,"v":471,"dh":1.32,"pl":1,"pn":"Strandlia","pd":"2015-05-26","c":5}},{"type":"Feature","geometry":{"type":"Polygon","coordinates":[[[10.59343,59.73079],[10.59366,59.73078],[10.59356,59.73068],[10.5934,59.7307],[10.59343,59.73079]]]},"properties":{"a":132,"v":156,"dh":1.18,"pl":1,"pn":"Strandlia","pd":"2015-05-26","c":5}},{"type":"Feature","geometry":{"type":"MultiPolygon","coordinates":[[[[10.59651,59.73049],[10.59649,59.73048],[10.59649,59.73049],[10.59651,59.73049]]],[[[10.59665,59.73056],[10.5964,59.73051],[10.59645,59.73052],[10.59648,59.7306],[10.59644,59.73062],[10.59637,59.73061],[10.5964,59.73057],[10.59633,59.73058],[10.59633,59.73061],[10.59623,59.73059],[10.59629,59.73071],[10.59673,59.73063],[10.59665,59.73056]],[[10.59639,59.73066],[10.59641,59.73064],[10.59643,59.73066],[10.59639,59.73066]]]]},"properties":{"a":314,"v":283,"dh":0.9,"pl":1,"pn":"Strandlia","pd":"2015-05-26","sh":1,"c":5}},{"type":"Feature","geometry":{"type":"Polygon","coordinates":[[[10.59559,59.7307],[10.59575,59.73066],[10.59575,59.73062],[10.59562,59.73052],[10.59541,59.7306],[10.59548,59.73068],[10.59559,59.7307]]]},"properties":{"a":221,"v":261,"dh":1.18,"pl":1,"pn":"Strandlia","pd":"2015-05-26","c":5}},{"type":"Feature","geometry":{"type":"Polygon","coordinates":[[[10.59704,59.73084],[10.59727,59.73083],[10.59721,59.73076],[10.59704,59.7308],[10.59704,59.73084]]]},"properties":{"a":103,"v":107,"dh":1.04,"pl":1,"pn":"Strandlia","pd":"2015-05-26","c":5}},{"type":"Feature","geometry":{"type":"Polygon","coordinates":[[[10.59732,59.73108],[10.59743,59.73089],[10.5972,59.73086],[10.59724,59.73091],[10.59717,59.73095],[10.59726,59.73099],[10.59719,59.73103],[10.59732,59.73108]]]},"properties":{"a":208,"v":-234,"dh":1.13,"pl":1,"pn":"Strandlia","pd":"2015-05-26","c":5}},{"type":"Feature","geometry":{"type":"Polygon","coordinates":[[[10.59651,59.73126],[10.59645,59.73121],[10.59647,59.73114],[10.59627,59.73115],[10.59635,59.73122],[10.59651,59.73126]]]},"properties":{"a":101,"v":-96,"dh":0.95,"pl":1,"pn":"Strandlia","pd":"2015-05-26","sh":1,"c":5}},{"type":"Feature","geometry":{"type":"Polygon","coordinates":[[[10.59669,59.73134],[10.59685,59.7313],[10.59685,59.73126],[10.59675,59.7312],[10.59673,59.73113],[10.59661,59.73111],[10.59648,59.73116],[10.59656,59.73127],[10.59669,59.73134]]]},"properties":{"a":313,"v":388,"dh":1.24,"pl":1,"pn":"Strandlia","pd":"2015-05-26","c":5}},{"type":"Feature","geometry":{"type":"Polygon","coordinates":[[[10.59717,59.73169],[10.59711,59.73163],[10.59759,59.73153],[10.5976,59.73147],[10.59744,59.73141],[10.59732,59.73147],[10.5969,59.73121],[10.59688,59.73131],[10.59694,59.73138],[10.59709,59.73144],[10.59695,59.73161],[10.59709,59.73163],[10.59717,59.73169]]]},"properties":{"a":819,"v":-1203,"dh":1.47,"pl":1,"pn":"Strandlia","pd":"2015-05-26","c":5}},{"type":"Feature","geometry":{"type":"Polygon","coordinates":[[[10.5962,59.7316],[10.59591,59.73137],[10.59578,59.73138],[10.59595,59.73145],[10.59595,59.7315],[10.5962,59.7316]]]},"properties":{"a":134,"v":-136,"dh":1.01,"pl":1,"pn":"Strandlia","pd":"2015-05-26","c":5}},{"type":"Feature","geometry":{"type":"MultiPolygon","coordinates":[[[[10.59584,59.73097],[10.5958,59.73095],[10.59578,59.73098],[10.59584,59.73097]]],[[[10.59584,59.73098],[10.59591,59.73109],[10.59581,59.7311],[10.5957,59.73101],[10.5955,59.73097],[10.59529,59.731],[10.59547,59.73122],[10.59583,59.73115],[10.59585,59.73122],[10.5958,59.73124],[10.5958,59.73132],[10.59631,59.73163],[10.59652,59.73187],[10.59668,59.73194],[10.59669,59.732],[10.59663,59.73202],[10.59691,59.73233],[10.59697,59.73233],[10.59691,59.73229],[10.59696,59.73223],[10.59716,59.73229],[10.59725,59.73227],[10.5971,59.7322],[10.59716,59.73216],[10.59708,59.73209],[10.59713,59.73201],[10.59747,59.7321],[10.59756,59.73207],[10.59745,59.73203],[10.59748,59.73198],[10.59736,59.73194],[10.59763,59.73197],[10.59796,59.73191],[10.59785,59.73184],[10.59755,59.73187],[10.59733,59.73177],[10.59735,59.73184],[10.59721,59.73184],[10.59732,59.73193],[10.59714,59.73192],[10.59694,59.73181],[10.59678,59.73185],[10.59679,59.7319],[10.59684,59.73192],[10.59677,59.73194],[10.59655,59.73177],[10.59655,59.73173],[10.59674,59.73168],[10.59667,59.7316],[10.5967,59.73155],[10.59652,59.73149],[10.59664,59.73143],[10.59665,59.73137],[10.59658,59.73138],[10.59649,59.73131],[10.59635,59.73132],[10.59637,59.73135],[10.5963,59.73136],[10.59601,59.73131],[10.59592,59.73118],[10.5961,59.73127],[10.59615,59.73123],[10.59602,59.73107],[10.59584,59.73098]],[[10.59689,59.73192],[10.59686,59.7319],[10.59693,59.73189],[10.59689,59.73192]]]]},"properties":{"a":4145,"v":5457,"dh":1.32,"pl":1,"pn":"Strandlia","pd":"2015-05-26","c":5}},{"type":"Feature","geometry":{"type":"Polygon","coordinates":[[[10.59799,59.73185],[10.59805,59.73181],[10.59801,59.73177],[10.59768,59.7317],[10.59749,59.7318],[10.59757,59.73184],[10.59787,59.73181],[10.59799,59.73185]]]},"properties":{"a":273,"v":-444,"dh":1.63,"pl":1,"pn":"Strandlia","pd":"2015-05-26","c":5}},{"type":"Feature","geometry":{"type":"MultiPolygon","coordinates":[[[[10.59628,59.73212],[10.59621,59.73202],[10.59629,59.7319],[10.59611,59.73179],[10.5961,59.7317],[10.59599,59.73159],[10.59564,59.73142],[10.59552,59.73146],[10.59556,59.73163],[10.59593,59.73176],[10.59621,59.73219],[10.59629,59.73222],[10.59627,59.73218],[10.59635,59.73215],[10.59625,59.73214],[10.59628,59.73212]]],[[[10.59628,59.73212],[10.5963,59.73212],[10.59628,59.73212],[10.59628,59.73212]]]]},"properties":{"a":1068,"v":1543,"dh":1.44,"pl":1,"pn":"Strandlia","pd":"2015-05-26","c":5}},{"type":"Feature","geometry":{"type":"Polygon","coordinates":[[[10.5981,59.73191],[10.59848,59.73189],[10.59849,59.73185],[10.59842,59.73176],[10.59808,59.73182],[10.5981,59.73191]]]},"properties":{"a":287,"v":369,"dh":1.28,"pl":1,"pn":"Strandlia","pd":"2015-05-26","c":5}},{"type":"Feature","geometry":{"type":"Polygon","coordinates":[[[10.59551,59.73198],[10.5958,59.732],[10.59585,59.73194],[10.59572,59.73181],[10.59552,59.73177],[10.59555,59.73197],[10.59551,59.73198]]]},"properties":{"a":335,"v":589,"dh":1.76,"pl":1,"pn":"Strandlia","pd":"2015-05-26","c":5}},{"type":"Feature","geometry":{"type":"Polygon","coordinates":[[[10.59642,59.73207],[10.59662,59.73204],[10.59663,59.73199],[10.59641,59.73179],[10.5964,59.73195],[10.59649,59.73202],[10.59642,59.73201],[10.59638,59.73202],[10.59642,59.73207]]]},"properties":{"a":238,"v":-331,"dh":1.39,"pl":1,"pn":"Strandlia","pd":"2015-05-26","c":5}},{"type":"Feature","geometry":{"type":"Polygon","coordinates":[[[10.59636,59.73233],[10.59625,59.73227],[10.59608,59.732],[10.59601,59.73198],[10.59599,59.73202],[10.59605,59.73205],[10.59599,59.73206],[10.59602,59.73215],[10.59607,59.73215],[10.59604,59.73222],[10.59636,59.73233]]]},"properties":{"a":237,"v":-226,"dh":0.95,"pl":1,"pn":"Strandlia","pd":"2015-05-26","sh":1,"c":5}},{"type":"Feature","geometry":{"type":"Polygon","coordinates":[[[10.5971,59.73249],[10.59722,59.73246],[10.59709,59.73237],[10.59715,59.73232],[10.5969,59.73235],[10.59669,59.73216],[10.59654,59.73222],[10.59661,59.73224],[10.59659,59.73229],[10.5967,59.7323],[10.59672,59.73238],[10.59681,59.73238],[10.59692,59.73247],[10.59708,59.73244],[10.5971,59.73249]]]},"properties":{"a":463,"v":-400,"dh":0.86,"pl":1,"pn":"Strandlia","pd":"2015-05-26","sh":1,"c":5}},{"type":"Feature","geometry":{"type":"Polygon","coordinates":[[[10.59692,59.73278],[10.59716,59.73268],[10.59698,59.73264],[10.597,59.73257],[10.59676,59.73246],[10.59659,59.73258],[10.59644,59.73247],[10.59644,59.73242],[10.59602,59.73233],[10.59604,59.73229],[10.59597,59.73225],[10.59592,59.73208],[10.59585,59.73203],[10.59566,59.73206],[10.59574,59.7323],[10.59569,59.73237],[10.59571,59.73243],[10.59629,59.73265],[10.59692,59.73278]]]},"properties":{"a":2246,"v":4539,"dh":2.02,"pl":1,"pn":"Strandlia","pd":"2015-05-26","c":5}},{"type":"Feature","geometry":{"type":"Polygon","coordinates":[[[10.59895,59.73281],[10.59934,59.73276],[10.59983,59.73258],[10.59991,59.73255],[10.6,59.7324],[10.5999,59.73238],[10.59961,59.73251],[10.59947,59.73252],[10.5991,59.73228],[10.59892,59.7323],[10.59892,59.73224],[10.5991,59.73222],[10.59904,59.7322],[10.59906,59.73213],[10.59891,59.73212],[10.59923,59.73203],[10.59917,59.73196],[10.59893,59.732],[10.59867,59.73192],[10.5986,59.73193],[10.59855,59.73203],[10.59811,59.73203],[10.59802,59.73207],[10.59797,59.73203],[10.59794,59.73213],[10.59785,59.73218],[10.59784,59.73227],[10.59796,59.73236],[10.59799,59.73244],[10.59848,59.73231],[10.59866,59.73235],[10.59874,59.73229],[10.5988,59.73234],[10.59875,59.73237],[10.59879,59.73244],[10.59893,59.73251],[10.59894,59.73257],[10.59908,59.73269],[10.59905,59.73276],[10.59895,59.73281]],[[10.59905,59.73199],[10.59907,59.73198],[10.59907,59.73199],[10.59905,59.73199]]]},"properties":{"a":4405,"v":6427,"dh":1.46,"pl":1,"pn":"Strandlia","pd":"2015-05-26","c":5}},{"type":"Feature","geometry":{"type":"Polygon","coordinates":[[[10.60445,59.73336],[10.60447,59.73329],[10.60459,59.73323],[10.60455,59.73316],[10.60481,59.73298],[10.60482,59.73289],[10.60475,59.73293],[10.60459,59.73289],[10.60447,59.73299],[10.60439,59.73313],[10.60446,59.73316],[10.60437,59.73316],[10.6043,59.73324],[10.60436,59.73327],[10.60432,59.73329],[10.60435,59.73335],[10.60445,59.73336]],[[10.60474,59.73296],[10.60475,59.73294],[10.60475,59.73296],[10.60474,59.73296]]]},"properties":{"a":634,"v":666,"dh":1.05,"pl":0,"fo":1,"c":6}},{"type":"Feature","geometry":{"type":"Polygon","coordinates":[[[10.60215,59.73359],[10.60222,59.7335],[10.60184,59.7335],[10.60186,59.73353],[10.60215,59.73359]]]},"properties":{"a":129,"v":116,"dh":0.9,"pl":1,"pn":"FAGERSTRAND I og II","pd":"1975-04-24","sh":1,"c":7}},{"type":"Feature","geometry":{"type":"Polygon","coordinates":[[[10.59479,59.73098],[10.59487,59.73096],[10.59478,59.73092],[10.59482,59.73086],[10.59458,59.73082],[10.59459,59.73092],[10.59479,59.73098]]]},"properties":{"a":170,"v":220,"dh":1.3,"pl":1,"pn":"Strandlia","pd":"2015-05-26","c":5}},{"type":"Feature","geometry":{"type":"Polygon","coordinates":[[[10.59445,59.7325],[10.59452,59.73245],[10.59441,59.73245],[10.59439,59.73242],[10.59448,59.73242],[10.59441,59.73235],[10.59435,59.73235],[10.59436,59.7324],[10.59414,59.73239],[10.59418,59.73246],[10.59445,59.7325]]]},"properties":{"a":178,"v":179,"dh":1.0,"pl":1,"pn":"NEDRE FAGERSTRAND","pd":"2005-11-10","c":8}},{"type":"Feature","geometry":{"type":"Polygon","coordinates":[[[10.59255,59.73415],[10.59259,59.73409],[10.59289,59.73411],[10.59294,59.73408],[10.59294,59.73402],[10.59279,59.73397],[10.59242,59.73403],[10.59255,59.73415]]]},"properties":{"a":352,"v":424,"dh":1.2,"pl":1,"pn":"NEDRE FAGERSTRAND","pd":"2005-11-10","c":8}},{"type":"Feature","geometry":{"type":"Polygon","coordinates":[[[10.59398,59.73424],[10.59408,59.73417],[10.59395,59.73405],[10.59358,59.73406],[10.59362,59.73411],[10.59373,59.7341],[10.59387,59.73423],[10.59398,59.73424]]]},"properties":{"a":347,"v":447,"dh":1.29,"pl":1,"pn":"NEDRE FAGERSTRAND","pd":"2005-11-10","c":8}},{"type":"Feature","geometry":{"type":"Polygon","coordinates":[[[10.59379,59.73428],[10.59373,59.73418],[10.59364,59.73418],[10.59357,59.73426],[10.59379,59.73428]]]},"properties":{"a":106,"v":-105,"dh":1.0,"pl":1,"pn":"NEDRE FAGERSTRAND","pd":"2005-11-10","sh":1,"c":8}},{"type":"Feature","geometry":{"type":"Polygon","coordinates":[[[10.59184,59.73439],[10.59198,59.73433],[10.5919,59.73425],[10.5917,59.73425],[10.59173,59.73433],[10.59166,59.73438],[10.59184,59.73439]]]},"properties":{"a":198,"v":377,"dh":1.9,"pl":1,"pn":"NEDRE FAGERSTRAND","pd":"2005-11-10","c":8}},{"type":"Feature","geometry":{"type":"Polygon","coordinates":[[[10.5907,59.73446],[10.59082,59.73445],[10.59079,59.73442],[10.59116,59.73435],[10.59119,59.73428],[10.59064,59.73434],[10.5907,59.73446]]]},"properties":{"a":336,"v":351,"dh":1.04,"pl":1,"pn":"NEDRE FAGERSTRAND","pd":"2005-11-10","c":8}},{"type":"Feature","geometry":{"type":"Polygon","coordinates":[[[10.58667,59.73461],[10.58672,59.73447],[10.58652,59.73451],[10.58654,59.73458],[10.58667,59.73461]]]},"properties":{"a":134,"v":239,"dh":1.78,"pl":0,"c":9}},{"type":"Feature","geometry":{"type":"Polygon","coordinates":[[[10.59074,59.73452],[10.59111,59.73451],[10.59113,59.73449],[10.59074,59.73448],[10.59074,59.73452]]]},"properties":{"a":111,"v":103,"dh":0.92,"pl":1,"pn":"NEDRE FAGERSTRAND","pd":"2005-11-10","sh":1,"c":8}},{"type":"Feature","geometry":{"type":"Polygon","coordinates":[[[10.59,59.73476],[10.5903,59.73466],[10.59039,59.73457],[10.59015,59.73456],[10.59008,59.7345],[10.58982,59.73455],[10.58981,59.73474],[10.58995,59.7347],[10.59,59.73476]]]},"properties":{"a":587,"v":848,"dh":1.44,"pl":1,"pn":"NEDRE FAGERSTRAND","pd":"2005-11-10","c":8}},{"type":"Feature","geometry":{"type":"Polygon","coordinates":[[[10.59013,59.73485],[10.5902,59.73481],[10.59045,59.73475],[10.59039,59.73469],[10.59021,59.73469],[10.59015,59.73476],[10.59013,59.73485]]]},"properties":{"a":176,"v":-338,"dh":1.92,"pl":1,"pn":"NEDRE FAGERSTRAND","pd":"2005-11-10","c":8}},{"type":"Feature","geometry":{"type":"Polygon","coordinates":[[[10.59081,59.73484],[10.59089,59.73479],[10.59085,59.73469],[10.59071,59.73471],[10.59072,59.73482],[10.59081,59.73484]]]},"properties":{"a":140,"v":-205,"dh":1.46,"pl":1,"pn":"NEDRE FAGERSTRAND","pd":"2005-11-10","c":8}},{"type":"Feature","geometry":{"type":"MultiPolygon","coordinates":[[[[10.59303,59.73476],[10.59301,59.73475],[10.59301,59.73476],[10.59303,59.73476]]],[[[10.59301,59.73477],[10.59292,59.73475],[10.59301,59.73471],[10.59299,59.73466],[10.59293,59.73466],[10.5924,59.73476],[10.59239,59.73479],[10.5925,59.73495],[10.59256,59.73494],[10.59255,59.73491],[10.5928,59.73492],[10.59285,59.73484],[10.59296,59.73489],[10.59301,59.73477]]]]},"properties":{"a":674,"v":714,"dh":1.06,"pl":1,"pn":"NEDRE FAGERSTRAND","pd":"2005-11-10","c":8}},{"type":"Feature","geometry":{"type":"Polygon","coordinates":[[[10.58687,59.73499],[10.58711,59.73482],[10.58712,59.73479],[10.58691,59.73477],[10.58679,59.73482],[10.58674,59.73494],[10.58687,59.73499]]]},"properties":{"a":311,"v":-551,"dh":1.77,"pl":0,"c":9}},{"type":"Feature","geometry":{"type":"Polygon","coordinates":[[[10.59364,59.73499],[10.5936,59.73489],[10.59389,59.73484],[10.59376,59.7348],[10.59346,59.73485],[10.59346,59.7349],[10.59364,59.73499]]]},"properties":{"a":176,"v":208,"dh":1.18,"pl":1,"pn":"NEDRE FAGERSTRAND","pd":"2005-11-10","c":8}},{"type":"Feature","geometry":{"type":"Polygon","coordinates":[[[10.58654,59.73533],[10.5866,59.73494],[10.58658,59.73489],[10.5865,59.73506],[10.58651,59.73532],[10.58654,59.73533]]]},"properties":{"a":136,"v":-270,"dh":1.98,"pl":0,"sl":1,"c":9}},{"type":"Feature","geometry":{"type":"Polygon","coordinates":[[[10.59316,59.73525],[10.59305,59.73516],[10.59319,59.73513],[10.59307,59.73498],[10.59316,59.73499],[10.59328,59.73493],[10.59326,59.73489],[10.59275,59.73499],[10.59281,59.735],[10.59279,59.73507],[10.59294,59.73517],[10.59316,59.73525]]]},"properties":{"a":506,"v":783,"dh":1.55,"pl":1,"pn":"NEDRE FAGERSTRAND","pd":"2005-11-10","c":8}},{"type":"Feature","geometry":{"type":"Polygon","coordinates":[[[10.59203,59.73546],[10.59219,59.73547],[10.59213,59.73541],[10.59224,59.73547],[10.59235,59.73544],[10.59234,59.73532],[10.59222,59.73529],[10.59199,59.73533],[10.59203,59.73546]]]},"properties":{"a":331,"v":425,"dh":1.28,"pl":1,"pn":"NEDRE FAGERSTRAND","pd":"2005-11-10","c":8}},{"type":"Feature","geometry":{"type":"Polygon","coordinates":[[[10.59377,59.73586],[10.59418,59.73572],[10.59424,59.73562],[10.5943,59.73565],[10.5943,59.73561],[10.59399,59.73548],[10.59358,59.73561],[10.5936,59.73567],[10.59375,59.73575],[10.59377,59.73586]]]},"properties":{"a":934,"v":1166,"dh":1.25,"pl":1,"pn":"NEDRE FAGERSTRAND","pd":"2005-11-10","c":8}},{"type":"Feature","geometry":{"type":"Polygon","coordinates":[[[10.59409,59.73719],[10.59424,59.73706],[10.59476,59.73685],[10.59474,59.73678],[10.59465,59.73675],[10.59501,59.73669],[10.59424,59.73666],[10.59374,59.73692],[10.59363,59.73693],[10.59372,59.73705],[10.59341,59.73729],[10.59388,59.73726],[10.59409,59.73719]],[[10.59405,59.73719],[10.59396,59.73718],[10.59405,59.73717],[10.59405,59.73719]],[[10.59458,59.73682],[10.5946,59.73681],[10.5946,59.73682],[10.59458,59.73682]],[[10.5946,59.73677],[10.59462,59.73676],[10.59462,59.73677],[10.5946,59.73677]]]},"properties":{"a":2615,"v":4264,"dh":1.63,"pl":1,"pn":"NEDRE FAGERSTRAND","pd":"2005-11-10","c":8}},{"type":"Feature","geometry":{"type":"Polygon","coordinates":[[[10.58998,59.73722],[10.59006,59.73717],[10.58988,59.73706],[10.58981,59.73707],[10.58984,59.73721],[10.58998,59.73722]]]},"properties":{"a":157,"v":175,"dh":1.11,"pl":0,"c":10}},{"type":"Feature","geometry":{"type":"Polygon","coordinates":[[[10.59477,59.73892],[10.59486,59.73891],[10.59491,59.73885],[10.59462,59.73874],[10.59463,59.7388],[10.59477,59.73892]]]},"properties":{"a":170,"v":165,"dh":0.97,"pl":1,"pn":"FAGERSTRAND SKOG NORD","pd":"2003-06-17","sh":1,"c":11}},{"type":"Feature","geometry":{"type":"Polygon","coordinates":[[[10.58623,59.73916],[10.58639,59.73914],[10.58621,59.73914],[10.58608,59.73906],[10.58607,59.73894],[10.586,59.73897],[10.58601,59.73907],[10.58608,59.73911],[10.58623,59.73916]]]},"properties":{"a":103,"v":247,"dh":2.4,"pl":0,"sl":1,"c":12}},{"type":"Feature","geometry":{"type":"Polygon","coordinates":[[[10.58681,59.73954],[10.58683,59.7395],[10.58659,59.73942],[10.58663,59.73936],[10.58659,59.73932],[10.58664,59.73926],[10.58655,59.73928],[10.58652,59.7394],[10.5866,59.73948],[10.58681,59.73954]]]},"properties":{"a":135,"v":267,"dh":1.98,"pl":0,"sl":1,"c":12}},{"type":"Feature","geometry":{"type":"MultiPolygon","coordinates":[[[[10.5872,59.73982],[10.58713,59.73975],[10.58717,59.73962],[10.58712,59.73963],[10.58706,59.73975],[10.58713,59.73982],[10.5872,59.73982]]],[[[10.58722,59.73984],[10.58731,59.73989],[10.58742,59.73989],[10.58722,59.73984]]]]},"properties":{"a":122,"v":221,"dh":1.81,"pl":0,"sl":1,"c":12}},{"type":"Feature","geometry":{"type":"Polygon","coordinates":[[[10.59184,59.74013],[10.592,59.74011],[10.59194,59.74004],[10.59178,59.74003],[10.59184,59.74013]]]},"properties":{"a":103,"v":101,"dh":0.98,"pl":0,"sh":1,"c":13}},{"type":"Feature","geometry":{"type":"Polygon","coordinates":[[[10.58793,59.74025],[10.58793,59.74022],[10.5877,59.74016],[10.58769,59.74],[10.58764,59.74002],[10.58761,59.74011],[10.58768,59.74021],[10.58793,59.74025]]]},"properties":{"a":111,"v":244,"dh":2.2,"pl":0,"sl":1,"c":33}},{"type":"Feature","geometry":{"type":"Polygon","coordinates":[[[10.60772,59.73617],[10.60793,59.73611],[10.60808,59.73593],[10.60812,59.73598],[10.60808,59.73602],[10.60819,59.73603],[10.60823,59.73599],[10.6082,59.73584],[10.60747,59.73573],[10.60736,59.73582],[10.60708,59.73578],[10.60703,59.73584],[10.60692,59.73584],[10.60683,59.7358],[10.60664,59.73591],[10.60666,59.73594],[10.6066,59.73592],[10.60666,59.73602],[10.60693,59.736],[10.60691,59.73607],[10.60697,59.7361],[10.60725,59.73608],[10.60743,59.73615],[10.60772,59.73617]],[[10.60675,59.73599],[10.60677,59.73598],[10.60677,59.73599],[10.60675,59.73599]],[[10.60664,59.73599],[10.60666,59.73597],[10.60666,59.73599],[10.60664,59.73599]],[[10.60697,59.73587],[10.60701,59.73586],[10.60701,59.73587],[10.60697,59.73587]]]},"properties":{"a":2785,"v":4005,"dh":1.44,"pl":1,"pn":"Bakkeløkka","pd":"2014-03-26","c":14}},{"type":"Feature","geometry":{"type":"Polygon","coordinates":[[[10.60595,59.73603],[10.60597,59.73599],[10.60582,59.73599],[10.60578,59.73615],[10.60589,59.73619],[10.60589,59.73626],[10.60575,59.73628],[10.60573,59.73633],[10.60586,59.73638],[10.60606,59.73638],[10.60611,59.73643],[10.60618,59.73641],[10.60616,59.73633],[10.60603,59.73625],[10.606,59.73606],[10.60595,59.73603]],[[10.60595,59.73606],[10.60593,59.73607],[10.60593,59.73606],[10.60595,59.73606]]]},"properties":{"a":587,"v":-613,"dh":1.04,"pl":1,"pn":"Bakkeløkka","pd":"2014-03-26","c":14}},{"type":"Feature","geometry":{"type":"Polygon","coordinates":[[[10.60691,59.73629],[10.60696,59.73622],[10.60683,59.73615],[10.60674,59.73616],[10.60682,59.73627],[10.60691,59.73629]]]},"properties":{"a":101,"v":-110,"dh":1.09,"pl":1,"pn":"Bakkeløkka","pd":"2014-03-26","c":14}},{"type":"Feature","geometry":{"type":"Polygon","coordinates":[[[10.60712,59.73641],[10.60704,59.73655],[10.60717,59.73655],[10.60725,59.73637],[10.60732,59.73634],[10.60729,59.73625],[10.60722,59.73622],[10.60738,59.73622],[10.6074,59.73618],[10.60717,59.73618],[10.60717,59.73623],[10.60705,59.73623],[10.60708,59.73629],[10.60701,59.7363],[10.60703,59.73638],[10.607,59.73639],[10.60712,59.73641]],[[10.60711,59.73647],[10.60713,59.73648],[10.60711,59.73648],[10.60711,59.73647]]]},"properties":{"a":426,"v":-468,"dh":1.1,"pl":1,"pn":"Bakkeløkka","pd":"2014-03-26","c":14}},{"type":"Feature","geometry":{"type":"Polygon","coordinates":[[[10.60806,59.73693],[10.60819,59.73674],[10.60819,59.73665],[10.60829,59.73659],[10.60825,59.73651],[10.60841,59.73644],[10.60839,59.73639],[10.60847,59.7363],[10.60841,59.7362],[10.60862,59.73604],[10.60883,59.73599],[10.60888,59.7359],[10.60886,59.73585],[10.60861,59.7359],[10.60843,59.73583],[10.60836,59.7359],[10.60847,59.73593],[10.60839,59.73605],[10.60828,59.73609],[10.6083,59.73613],[10.60823,59.73615],[10.6082,59.73611],[10.60816,59.73613],[10.60818,59.7362],[10.60799,59.73627],[10.60787,59.73638],[10.60763,59.73647],[10.60772,59.73648],[10.6077,59.73654],[10.60775,59.73656],[10.60767,59.73666],[10.60768,59.73676],[10.60787,59.73681],[10.6079,59.7369],[10.60806,59.73693]]]},"properties":{"a":2793,"v":-4074,"dh":1.46,"pl":1,"pn":"Bakkeløkka","pd":"2014-03-26","c":14}},{"type":"Feature","geometry":{"type":"Polygon","coordinates":[[[10.60691,59.73747],[10.60726,59.73741],[10.60731,59.7373],[10.60719,59.73733],[10.60717,59.73725],[10.60724,59.73724],[10.60727,59.73715],[10.60734,59.73718],[10.60732,59.73714],[10.60753,59.7371],[10.60758,59.73702],[10.60753,59.73675],[10.60733,59.73669],[10.6073,59.73662],[10.60706,59.73664],[10.6069,59.73653],[10.60686,59.73647],[10.60694,59.73632],[10.60632,59.73628],[10.6063,59.73637],[10.60638,59.73642],[10.60645,59.73641],[10.60646,59.73632],[10.60661,59.73635],[10.60663,59.73646],[10.60652,59.73651],[10.60655,59.73657],[10.60669,59.73662],[10.60666,59.73665],[10.60624,59.73657],[10.60609,59.73668],[10.60612,59.73658],[10.60619,59.73656],[10.60617,59.73649],[10.60608,59.7365],[10.60598,59.73657],[10.60587,59.73654],[10.60569,59.73659],[10.60554,59.73648],[10.60552,59.73638],[10.60557,59.73627],[10.60573,59.73622],[10.60565,59.73613],[10.60542,59.73607],[10.60568,59.73605],[10.60573,59.73592],[10.60555,59.7359],[10.6053,59.73615],[10.60535,59.73623],[10.60523,59.73626],[10.6051,59.73643],[10.6051,59.73646],[10.60542,59.73652],[10.60541,59.73658],[10.6053,59.73659],[10.6053,59.73664],[10.60522,59.7367],[10.60556,59.73673],[10.60592,59.73686],[10.60629,59.73709],[10.60643,59.73712],[10.60641,59.73717],[10.60652,59.73718],[10.6066,59.73725],[10.60656,59.7373],[10.60664,59.73733],[10.60662,59.73741],[10.60691,59.73747]],[[10.60692,59.73704],[10.60694,59.73702],[10.60694,59.73704],[10.60692,59.73704]],[[10.60707,59.73677],[10.60673,59.73665],[10.60673,59.73661],[10.60685,59.7366],[10.60682,59.73665],[10.60692,59.73666],[10.60712,59.73665],[10.60703,59.73669],[10.60709,59.73673],[10.60707,59.73677]]]},"properties":{"a":8781,"v":16509,"dh":1.88,"pl":1,"pn":"Bakkeløkka","pd":"2014-03-26","c":14}},{"type":"Feature","geometry":{"type":"Polygon","coordinates":[[[10.60193,59.73712],[10.60196,59.73708],[10.60192,59.73693],[10.60181,59.73696],[10.60184,59.73709],[10.60193,59.73712]]]},"properties":{"a":121,"v":137,"dh":1.13,"pl":1,"pn":"FAGERSTRAND UNGDOMSKOLE(BAKKELØKKA)","pd":"2001-05-15","c":15}},{"type":"Feature","geometry":{"type":"Polygon","coordinates":[[[10.60205,59.73823],[10.60207,59.73819],[10.60169,59.73803],[10.6016,59.73803],[10.60148,59.73813],[10.60157,59.73819],[10.6018,59.73815],[10.60205,59.73823]]]},"properties":{"a":319,"v":348,"dh":1.09,"pl":0,"fo":1,"c":16}},{"type":"Feature","geometry":{"type":"Polygon","coordinates":[[[10.59877,59.73948],[10.59894,59.73947],[10.59891,59.73942],[10.59896,59.73938],[10.59871,59.73941],[10.59877,59.73948]]]},"properties":{"a":124,"v":186,"dh":1.5,"pl":0,"fo":1,"c":17}},{"type":"Feature","geometry":{"type":"Polygon","coordinates":[[[10.60021,59.73979],[10.60027,59.73973],[10.60043,59.73971],[10.60046,59.73963],[10.60013,59.73938],[10.60029,59.73937],[10.60033,59.73932],[10.60004,59.73928],[10.60014,59.73925],[10.60016,59.73919],[10.60014,59.7391],[10.60003,59.73905],[10.59944,59.73913],[10.59939,59.7392],[10.59927,59.73925],[10.59881,59.73931],[10.59919,59.73934],[10.59907,59.73938],[10.599,59.73946],[10.59919,59.73946],[10.59928,59.73937],[10.59955,59.73937],[10.59944,59.7394],[10.59942,59.73945],[10.5993,59.73942],[10.59927,59.73951],[10.59936,59.73951],[10.5992,59.73957],[10.59927,59.73965],[10.59926,59.73971],[10.59931,59.73974],[10.5996,59.73973],[10.60005,59.73958],[10.60028,59.73957],[10.60034,59.73961],[10.60029,59.7397],[10.60009,59.7397],[10.60013,59.73977],[10.60021,59.73979]],[[10.59973,59.73949],[10.59966,59.73947],[10.5999,59.73938],[10.59989,59.73945],[10.59973,59.73949]],[[10.59952,59.73949],[10.59944,59.73949],[10.59944,59.73946],[10.59952,59.73949]],[[10.59985,59.73935],[10.59967,59.7393],[10.59979,59.73928],[10.59985,59.73935]],[[10.59956,59.73932],[10.5996,59.7393],[10.5996,59.73932],[10.59956,59.73932]]]},"properties":{"a":3602,"v":9235,"dh":2.56,"pl":0,"c":17}},{"type":"Feature","geometry":{"type":"Polygon","coordinates":[[[10.61325,59.73023],[10.61328,59.73017],[10.61323,59.73011],[10.61337,59.73011],[10.61335,59.73007],[10.61319,59.73009],[10.6129,59.72998],[10.61303,59.73013],[10.61325,59.73023]]]},"properties":{"a":236,"v":212,"dh":0.9,"pl":0,"sh":1,"c":18}},{"type":"Feature","geometry":{"type":"Polygon","coordinates":[[[10.61407,59.73055],[10.61465,59.73044],[10.61466,59.73038],[10.61459,59.73034],[10.6143,59.73034],[10.61416,59.73026],[10.61385,59.73041],[10.61387,59.73046],[10.61407,59.73055]]]},"properties":{"a":806,"v":1941,"dh":2.41,"pl":0,"fo":1,"c":3}},{"type":"Feature","geometry":{"type":"Polygon","coordinates":[[[10.61194,59.74284],[10.61213,59.74285],[10.61202,59.74279],[10.61214,59.74274],[10.61193,59.74276],[10.61194,59.74284]]]},"properties":{"a":107,"v":121,"dh":1.13,"pl":0,"fo":1,"c":19}},{"type":"Feature","geometry":{"type":"Polygon","coordinates":[[[10.61142,59.74353],[10.61174,59.74353],[10.61186,59.74347],[10.6118,59.74338],[10.61171,59.74337],[10.61145,59.74345],[10.61142,59.74353]]]},"properties":{"a":343,"v":363,"dh":1.06,"pl":0,"c":20}},{"type":"Feature","geometry":{"type":"Polygon","coordinates":[[[10.61594,59.74575],[10.61612,59.74577],[10.61611,59.74565],[10.61604,59.74559],[10.61582,59.74556],[10.61593,59.74569],[10.61594,59.74575]]]},"properties":{"a":224,"v":234,"dh":1.05,"pl":0,"fo":1,"c":21}},{"type":"Feature","geometry":{"type":"Polygon","coordinates":[[[10.60936,59.746],[10.60934,59.74595],[10.60894,59.74575],[10.60882,59.74574],[10.60884,59.74579],[10.60906,59.74591],[10.60936,59.746]]]},"properties":{"a":249,"v":272,"dh":1.09,"pl":1,"pn":"Myklerudveien,118- Fagerstrand Legesenter","pd":"2014-06-19","fo":1,"c":22}},{"type":"Feature","geometry":{"type":"Polygon","coordinates":[[[10.61398,59.74659],[10.61423,59.74656],[10.61416,59.74646],[10.61391,59.74651],[10.61398,59.74659]]]},"properties":{"a":206,"v":210,"dh":1.02,"pl":0,"c":23}},{"type":"Feature","geometry":{"type":"Polygon","coordinates":[[[10.61053,59.74734],[10.61035,59.74721],[10.61042,59.74713],[10.61027,59.74714],[10.61028,59.74725],[10.61053,59.74734]]]},"properties":{"a":125,"v":134,"dh":1.07,"pl":0,"fo":1,"c":24}},{"type":"Feature","geometry":{"type":"Polygon","coordinates":[[[10.61458,59.74777],[10.61482,59.74775],[10.61484,59.74764],[10.61465,59.74749],[10.61458,59.74758],[10.61458,59.74777]]]},"properties":{"a":347,"v":-1104,"dh":3.18,"pl":1,"pn":"Damengveien 17","pd":"2015-12-10","fo":1,"c":25}},{"type":"Feature","geometry":{"type":"Polygon","coordinates":[[[10.61403,59.74821],[10.61435,59.7482],[10.6144,59.74812],[10.61454,59.74811],[10.61464,59.74801],[10.6146,59.74799],[10.61463,59.74781],[10.61449,59.74782],[10.61451,59.74784],[10.61442,59.74788],[10.6144,59.74783],[10.61445,59.74782],[10.61443,59.74774],[10.61448,59.74773],[10.61458,59.74753],[10.61467,59.74747],[10.61464,59.74735],[10.61352,59.7476],[10.61391,59.74756],[10.61385,59.74781],[10.61376,59.74786],[10.61382,59.74789],[10.61392,59.74814],[10.61399,59.74812],[10.61403,59.74821]]]},"properties":{"a":3357,"v":6435,"dh":1.92,"pl":1,"pn":"Damengveien 17","pd":"2015-12-10","c":25}},{"type":"Feature","geometry":{"type":"Polygon","coordinates":[[[10.59784,59.74019],[10.59802,59.74018],[10.59796,59.74007],[10.5978,59.74014],[10.59784,59.74019]]]},"properties":{"a":110,"v":-142,"dh":1.29,"pl":0,"fo":1,"c":26}},{"type":"Feature","geometry":{"type":"Polygon","coordinates":[[[10.60457,59.7407],[10.60488,59.74074],[10.60489,59.7407],[10.60451,59.7406],[10.60457,59.7407]]]},"properties":{"a":191,"v":221,"dh":1.16,"pl":1,"pn":"Deler av Nygård-Bråten boligfelt","pd":"2013-10-31","c":27}},{"type":"Feature","geometry":{"type":"Polygon","coordinates":[[[10.60489,59.74101],[10.60542,59.74101],[10.6051,59.74086],[10.60529,59.74074],[10.60528,59.7407],[10.60516,59.74069],[10.60489,59.74101]]]},"properties":{"a":455,"v":629,"dh":1.38,"pl":1,"pn":"Deler av Nygård-Bråten boligfelt","pd":"2013-10-31","c":27}},{"type":"Feature","geometry":{"type":"Polygon","coordinates":[[[10.59549,59.74125],[10.59613,59.74117],[10.5962,59.74112],[10.59619,59.74106],[10.5958,59.74108],[10.59566,59.74115],[10.59545,59.74118],[10.59549,59.74125]]]},"properties":{"a":497,"v":630,"dh":1.27,"pl":1,"pn":"FAGERSTRAND SKOG NORD","pd":"2003-06-17","c":28}},{"type":"Feature","geometry":{"type":"Polygon","coordinates":[[[10.60472,59.74117],[10.60501,59.74119],[10.60509,59.74115],[10.60486,59.74107],[10.60472,59.74117]]]},"properties":{"a":163,"v":171,"dh":1.05,"pl":1,"pn":"Deler av Nygård-Bråten boligfelt","pd":"2013-10-31","c":27}},{"type":"Feature","geometry":{"type":"Polygon","coordinates":[[[10.60441,59.74132],[10.60444,59.74128],[10.60436,59.74118],[10.60422,59.74121],[10.60426,59.7413],[10.60441,59.74132]]]},"properties":{"a":145,"v":-228,"dh":1.57,"pl":1,"pn":"Deler av Nygård-Bråten boligfelt","pd":"2013-10-31","c":27}},{"type":"Feature","geometry":{"type":"Polygon","coordinates":[[[10.60309,59.74164],[10.60327,59.74164],[10.60314,59.74156],[10.60336,59.74141],[10.60353,59.74149],[10.60367,59.74149],[10.60377,59.74139],[10.60332,59.74122],[10.60292,59.74154],[10.60293,59.74161],[10.60311,59.7417],[10.60316,59.74166],[10.60309,59.74164]],[[10.60314,59.74163],[10.60318,59.74162],[10.60318,59.74163],[10.60314,59.74163]]]},"properties":{"a":990,"v":1252,"dh":1.26,"pl":1,"pn":"NYGÅRD-BRÅTEN","pd":"1988-09-08","c":29}},{"type":"Feature","geometry":{"type":"Polygon","coordinates":[[[10.60237,59.74181],[10.60234,59.74172],[10.60225,59.7417],[10.60223,59.74153],[10.60208,59.74148],[10.602,59.74153],[10.60205,59.74156],[10.60196,59.74158],[10.60197,59.74163],[10.60237,59.74181]]]},"properties":{"a":345,"v":501,"dh":1.45,"pl":0,"c":30}},{"type":"Feature","geometry":{"type":"Polygon","coordinates":[[[10.6035,59.74209],[10.60365,59.74196],[10.60332,59.74201],[10.60321,59.74194],[10.60314,59.74195],[10.60332,59.74206],[10.6035,59.74209]]]},"properties":{"a":184,"v":184,"dh":1.0,"pl":1,"pn":"NYGÅRD-BRÅTEN","pd":"1988-09-08","c":29}},{"type":"Feature","geometry":{"type":"Polygon","coordinates":[[[10.609,59.74282],[10.60897,59.7427],[10.60882,59.74274],[10.60884,59.74281],[10.609,59.74282]]]},"properties":{"a":118,"v":-131,"dh":1.11,"pl":1,"pn":"Nygård og Felt J3A","pd":"1980-11-25","c":31}},{"type":"Feature","geometry":{"type":"Polygon","coordinates":[[[10.59167,59.74025],[10.59176,59.74023],[10.59176,59.74018],[10.5915,59.74011],[10.59152,59.74018],[10.59167,59.74025]]]},"properties":{"a":138,"v":155,"dh":1.13,"pl":0,"fo":1,"c":32}},{"type":"Feature","geometry":{"type":"Polygon","coordinates":[[[10.58936,59.74105],[10.5895,59.74098],[10.58949,59.7409],[10.58899,59.74073],[10.58899,59.74067],[10.58882,59.74054],[10.58823,59.74044],[10.58785,59.74044],[10.58786,59.74049],[10.58821,59.74056],[10.58829,59.74063],[10.58827,59.74067],[10.58842,59.74068],[10.58834,59.74055],[10.58857,59.74056],[10.58915,59.74082],[10.58928,59.74096],[10.58927,59.74104],[10.58936,59.74105]]]},"properties":{"a":1040,"v":1500,"dh":1.44,"pl":0,"c":33}},{"type":"Feature","geometry":{"type":"Polygon","coordinates":[[[10.59127,59.74231],[10.59129,59.74227],[10.59091,59.74214],[10.59083,59.74207],[10.59053,59.74204],[10.59052,59.74221],[10.59091,59.74218],[10.59127,59.74231]]]},"properties":{"a":444,"v":610,"dh":1.37,"pl":0,"c":34}},{"type":"Feature","geometry":{"type":"Polygon","coordinates":[[[10.59565,59.7435],[10.59575,59.74347],[10.5957,59.74342],[10.59563,59.74342],[10.59555,59.7432],[10.59533,59.7431],[10.59527,59.74298],[10.5951,59.74284],[10.59508,59.74275],[10.5949,59.74265],[10.59476,59.74245],[10.59478,59.7424],[10.59469,59.74237],[10.59457,59.74246],[10.59475,59.74284],[10.5955,59.74333],[10.59565,59.7435]]]},"properties":{"a":1653,"v":-2527,"dh":1.53,"pl":1,"pn":"Fagerstrand Skog Nord-2","pd":"2006-04-14","fo":1,"c":35}},{"type":"Feature","geometry":{"type":"Polygon","coordinates":[[[10.59019,59.74911],[10.59029,59.74903],[10.59014,59.74892],[10.59002,59.74892],[10.58988,59.74902],[10.59019,59.74911]]]},"properties":{"a":297,"v":356,"dh":1.2,"pl":0,"c":36}},{"type":"Feature","geometry":{"type":"Polygon","coordinates":[[[10.58969,59.74916],[10.58973,59.74914],[10.5897,59.74897],[10.58963,59.74896],[10.5896,59.74908],[10.58969,59.74916]]]},"properties":{"a":108,"v":-152,"dh":1.4,"pl":0,"fo":1,"c":36}},{"type":"Feature","geometry":{"type":"Polygon","coordinates":[[[10.58919,59.7503],[10.58922,59.75012],[10.58901,59.7501],[10.58899,59.75005],[10.58888,59.75009],[10.58887,59.75026],[10.58919,59.7503]]]},"properties":{"a":399,"v":469,"dh":1.18,"pl":0,"fo":1,"c":37}},{"type":"Feature","geometry":{"type":"Polygon","coordinates":[[[10.58975,59.75575],[10.58998,59.7557],[10.58989,59.75566],[10.58998,59.75559],[10.58966,59.75565],[10.58975,59.75575]]]},"properties":{"a":188,"v":-230,"dh":1.22,"pl":0,"fo":1,"c":38}},{"type":"Feature","geometry":{"type":"Polygon","coordinates":[[[10.58962,59.75595],[10.58962,59.75589],[10.58949,59.75584],[10.58952,59.75564],[10.5896,59.75553],[10.58942,59.75543],[10.58938,59.75566],[10.58943,59.7557],[10.58936,59.75574],[10.58935,59.75589],[10.58962,59.75595]]]},"properties":{"a":459,"v":444,"dh":0.97,"pl":1,"pn":"Gang- og sykkelvei Fv157 Spro-Fagerstrand","pd":"2018-10-24","sh":1,"c":39}},{"type":"Feature","geometry":{"type":"Polygon","coordinates":[[[10.59129,59.75589],[10.59127,59.75573],[10.59143,59.75572],[10.59155,59.75565],[10.59153,59.7556],[10.59144,59.75557],[10.59116,59.75574],[10.59116,59.75583],[10.59129,59.75589]]]},"properties":{"a":291,"v":397,"dh":1.36,"pl":0,"fo":1,"c":40}},{"type":"Feature","geometry":{"type":"Polygon","coordinates":[[[10.60555,59.74429],[10.60572,59.74426],[10.60563,59.74417],[10.60533,59.74424],[10.60555,59.74429]]]},"properties":{"a":171,"v":150,"dh":0.88,"pl":0,"sh":1,"c":41}},{"type":"Feature","geometry":{"type":"MultiPolygon","coordinates":[[[[10.60105,59.74432],[10.60102,59.74423],[10.60079,59.74411],[10.60105,59.74432]]],[[[10.60105,59.74433],[10.60123,59.74441],[10.6016,59.74448],[10.6016,59.74444],[10.60142,59.74438],[10.60115,59.74436],[10.6011,59.74433],[10.60106,59.74433],[10.60106,59.74432],[10.60105,59.74432],[10.60105,59.74433]]]]},"properties":{"a":244,"v":294,"dh":1.21,"pl":0,"c":42}},{"type":"Feature","geometry":{"type":"Polygon","coordinates":[[[10.60773,59.7453],[10.60767,59.74526],[10.60771,59.7452],[10.60752,59.74507],[10.60724,59.74517],[10.60726,59.74522],[10.60739,59.74525],[10.60773,59.7453]]]},"properties":{"a":367,"v":325,"dh":0.89,"pl":0,"sh":1,"c":43}},{"type":"Feature","geometry":{"type":"Polygon","coordinates":[[[10.60816,59.74546],[10.60805,59.7453],[10.60794,59.74527],[10.60796,59.74533],[10.60789,59.74533],[10.60816,59.74546]]]},"properties":{"a":118,"v":-96,"dh":0.81,"pl":1,"pn":"Myklerudveien,118- Fagerstrand Legesenter","pd":"2014-06-19","sh":1,"c":44}},{"type":"Feature","geometry":{"type":"Polygon","coordinates":[[[10.60795,59.74577],[10.60796,59.74571],[10.60785,59.74568],[10.60796,59.74563],[10.60785,59.74563],[10.6078,59.74557],[10.60797,59.74552],[10.60802,59.74548],[10.608,59.74544],[10.6078,59.74538],[10.60779,59.74543],[10.60773,59.74539],[10.60749,59.74547],[10.60754,59.7455],[10.60755,59.74559],[10.60762,59.74561],[10.60772,59.74556],[10.60778,59.7456],[10.60776,59.74566],[10.60795,59.74577]]]},"properties":{"a":515,"v":-438,"dh":0.85,"pl":1,"pn":"Myklerudveien,118- Fagerstrand Legesenter","pd":"2014-06-19","fo":1,"c":22}},{"type":"Feature","geometry":{"type":"Polygon","coordinates":[[[10.60758,59.74586],[10.60759,59.74578],[10.60756,59.74577],[10.60708,59.74579],[10.60704,59.74582],[10.60738,59.74581],[10.60758,59.74586]]]},"properties":{"a":166,"v":157,"dh":0.95,"pl":0,"sh":1,"c":45}},{"type":"Feature","geometry":{"type":"MultiPolygon","coordinates":[[[[10.60797,59.7458],[10.60793,59.74578],[10.60793,59.7458],[10.60797,59.7458]]],[[[10.60791,59.7458],[10.60785,59.74585],[10.60792,59.74603],[10.60828,59.74611],[10.6083,59.74602],[10.60822,59.74588],[10.60791,59.7458]]]]},"properties":{"a":546,"v":-790,"dh":1.45,"pl":1,"pn":"Myklerudveien,118- Fagerstrand Legesenter","pd":"2014-06-19","fo":1,"c":22}},{"type":"Feature","geometry":{"type":"Polygon","coordinates":[[[10.60411,59.75005],[10.60447,59.75006],[10.60451,59.74988],[10.60411,59.75005]]]},"properties":{"a":216,"v":357,"dh":1.65,"pl":0,"fo":1,"c":46}},{"type":"Feature","geometry":{"type":"Polygon","coordinates":[[[10.60476,59.7506],[10.60483,59.75054],[10.60481,59.7504],[10.60494,59.75027],[10.60469,59.75022],[10.60462,59.75026],[10.60465,59.75051],[10.60469,59.7506],[10.60476,59.7506]]]},"properties":{"a":452,"v":808,"dh":1.79,"pl":0,"c":46}},{"type":"Feature","geometry":{"type":"Polygon","coordinates":[[[10.60308,59.75446],[10.60333,59.75441],[10.60324,59.75419],[10.6031,59.75413],[10.60305,59.75431],[10.60309,59.75435],[10.60308,59.75446]]]},"properties":{"a":339,"v":376,"dh":1.11,"pl":0,"fo":1,"c":47}},{"type":"Feature","geometry":{"type":"Polygon","coordinates":[[[10.61465,59.74816],[10.61481,59.74815],[10.61478,59.74806],[10.61489,59.74792],[10.61469,59.74785],[10.61465,59.74816]]]},"properties":{"a":301,"v":-639,"dh":2.12,"pl":1,"pn":"Damengveien 17","pd":"2015-12-10","fo":1,"c":25}},{"type":"Feature","geometry":{"type":"Polygon","coordinates":[[[10.61495,59.74851],[10.61504,59.74848],[10.61496,59.74841],[10.61503,59.74825],[10.61493,59.7482],[10.61474,59.74818],[10.61476,59.74826],[10.61483,59.74831],[10.61478,59.74841],[10.61495,59.74851]]]},"properties":{"a":370,"v":-805,"dh":2.17,"pl":1,"pn":"Damengveien 17","pd":"2015-12-10","fo":1,"c":25}},{"type":"Feature","geometry":{"type":"Polygon","coordinates":[[[10.61406,59.74845],[10.61403,59.74835],[10.61414,59.7483],[10.61394,59.74828],[10.61395,59.74841],[10.61406,59.74845]]]},"properties":{"a":128,"v":-154,"dh":1.2,"pl":1,"pn":"Damengveien 17","pd":"2015-12-10","fo":1,"c":25}},{"type":"Feature","geometry":{"type":"Polygon","coordinates":[[[10.61428,59.7486],[10.61427,59.74854],[10.61447,59.74848],[10.61446,59.74836],[10.6147,59.74842],[10.61468,59.74837],[10.61473,59.74833],[10.61465,59.7483],[10.61469,59.74825],[10.61465,59.74818],[10.61442,59.74834],[10.61407,59.74837],[10.61409,59.74846],[10.61401,59.74854],[10.61428,59.7486]],[[10.6142,59.74851],[10.61413,59.74845],[10.61418,59.74845],[10.6142,59.74851]]]},"properties":{"a":724,"v":798,"dh":1.1,"pl":1,"pn":"Damengveien 17","pd":"2015-12-10","fo":1,"c":25}},{"type":"Feature","geometry":{"type":"Polygon","coordinates":[[[10.61468,59.74878],[10.61473,59.74873],[10.61487,59.74876],[10.61494,59.74869],[10.61481,59.74859],[10.61474,59.7486],[10.61471,59.74869],[10.61464,59.74871],[10.61467,59.74867],[10.61462,59.74866],[10.61459,59.74871],[10.61468,59.74878]]]},"properties":{"a":223,"v":196,"dh":0.88,"pl":1,"pn":"Damengveien 17","pd":"2015-12-10","sh":1,"c":25}},{"type":"Feature","geometry":{"type":"Polygon","coordinates":[[[10.6137,59.74889],[10.6137,59.74884],[10.61383,59.74885],[10.61389,59.74863],[10.61378,59.74866],[10.6138,59.74871],[10.61362,59.74865],[10.6137,59.74889]]]},"properties":{"a":215,"v":234,"dh":1.09,"pl":1,"pn":"RV.157 GJØFJELL-MUNKERUD","pd":"1992-02-16","fo":1,"c":48}},{"type":"Feature","geometry":{"type":"Polygon","coordinates":[[[10.61457,59.74909],[10.61456,59.74903],[10.61449,59.749],[10.61449,59.7489],[10.61435,59.74892],[10.61435,59.74906],[10.61457,59.74909]]]},"properties":{"a":185,"v":-178,"dh":0.96,"pl":1,"pn":"RV.157 GJØFJELL-MUNKERUD","pd":"1992-02-16","sh":1,"c":48}},{"type":"Feature","geometry":{"type":"Polygon","coordinates":[[[10.61745,59.75233],[10.61775,59.75231],[10.61768,59.75227],[10.61771,59.7522],[10.61743,59.75224],[10.61745,59.75233]]]},"properties":{"a":190,"v":217,"dh":1.14,"pl":0,"fo":1,"c":49}},{"type":"Feature","geometry":{"type":"Polygon","coordinates":[[[10.61089,59.7548],[10.61074,59.75466],[10.61053,59.75465],[10.61044,59.7547],[10.61071,59.75471],[10.6108,59.7548],[10.61089,59.7548]]]},"properties":{"a":163,"v":181,"dh":1.11,"pl":0,"fo":1,"c":50}},{"type":"Feature","geometry":{"type":"Polygon","coordinates":[[[10.6118,59.7549],[10.61191,59.75484],[10.61192,59.7547],[10.61181,59.75463],[10.61174,59.75467],[10.6117,59.75465],[10.61158,59.75465],[10.61169,59.75467],[10.61164,59.75473],[10.61173,59.75478],[10.61173,59.75487],[10.61168,59.75488],[10.6118,59.7549]]]},"properties":{"a":314,"v":315,"dh":1.0,"pl":0,"c":50}},{"type":"Feature","geometry":{"type":"Polygon","coordinates":[[[10.58657,59.75769],[10.58676,59.75763],[10.58673,59.75758],[10.58655,59.75755],[10.58632,59.75757],[10.58655,59.75762],[10.58646,59.75766],[10.58657,59.75769]],[[10.58651,59.75758],[10.58655,59.75757],[10.58655,59.75758],[10.58651,59.75758]]]},"properties":{"a":170,"v":145,"dh":0.85,"pl":0,"sh":1,"c":51}},{"type":"Feature","geometry":{"type":"Polygon","coordinates":[[[10.58705,59.75772],[10.58707,59.75767],[10.58723,59.75763],[10.58707,59.75759],[10.58703,59.75762],[10.58709,59.75766],[10.58682,59.75765],[10.58689,59.75771],[10.58705,59.75772]]]},"properties":{"a":139,"v":119,"dh":0.85,"pl":1,"pn":"Gang- og sykkelvei Fv157 Spro-Fagerstrand","pd":"2018-10-24","sh":1,"c":39}},{"type":"Feature","geometry":{"type":"Polygon","coordinates":[[[10.58408,59.75915],[10.58408,59.75912],[10.58415,59.75911],[10.58411,59.75901],[10.58416,59.75895],[10.58403,59.75898],[10.584,59.75906],[10.584,59.75911],[10.58408,59.75915]]]},"properties":{"a":110,"v":113,"dh":1.03,"pl":0,"c":52}},{"type":"Feature","geometry":{"type":"Polygon","coordinates":[[[10.59086,59.75952],[10.59098,59.75947],[10.59098,59.7594],[10.59083,59.75931],[10.59086,59.75952]]]},"properties":{"a":131,"v":167,"dh":1.27,"pl":0,"fo":1,"c":53}},{"type":"Feature","geometry":{"type":"Polygon","coordinates":[[[10.58831,59.76251],[10.58833,59.76246],[10.58845,59.7624],[10.58839,59.76232],[10.58829,59.76238],[10.58826,59.76252],[10.58831,59.76251]]]},"properties":{"a":113,"v":133,"dh":1.17,"pl":0,"c":54}},{"type":"Feature","geometry":{"type":"Polygon","coordinates":[[[10.58645,59.76263],[10.58666,59.76259],[10.58643,59.76252],[10.58645,59.76263]]]},"properties":{"a":111,"v":-144,"dh":1.3,"pl":0,"c":55}},{"type":"Feature","geometry":{"type":"Polygon","coordinates":[[[10.58708,59.76286],[10.58731,59.76282],[10.58731,59.76272],[10.58708,59.76283],[10.58708,59.76286]]]},"properties":{"a":115,"v":143,"dh":1.25,"pl":0,"c":55}},{"type":"Feature","geometry":{"type":"Polygon","coordinates":[[[10.58594,59.76347],[10.58595,59.76342],[10.58608,59.76342],[10.58609,59.76332],[10.58598,59.76333],[10.58596,59.7633],[10.58602,59.76327],[10.58572,59.76332],[10.58578,59.76344],[10.58594,59.76347]]]},"properties":{"a":297,"v":-422,"dh":1.42,"pl":1,"pn":"SPRO HAVN","pd":"2013-07-31","fo":1,"c":56}},{"type":"Feature","geometry":{"type":"Polygon","coordinates":[[[10.58692,59.76439],[10.58719,59.76429],[10.58723,59.76416],[10.58697,59.76374],[10.58682,59.76366],[10.58666,59.76362],[10.58594,59.76361],[10.58566,59.76371],[10.5854,59.76373],[10.58534,59.76368],[10.58543,59.76361],[10.58545,59.76342],[10.58558,59.76338],[10.5855,59.76329],[10.58552,59.76321],[10.58543,59.76327],[10.58527,59.76324],[10.5849,59.76337],[10.58483,59.76345],[10.58484,59.76354],[10.58478,59.76355],[10.58483,59.76367],[10.58513,59.76376],[10.58499,59.76378],[10.58496,59.76382],[10.58502,59.76407],[10.58513,59.76417],[10.58522,59.76417],[10.58522,59.76411],[10.58543,59.76411],[10.58529,59.764],[10.58528,59.76393],[10.58539,59.76385],[10.58562,59.76383],[10.586,59.76398],[10.58673,59.76399],[10.58678,59.76403],[10.5866,59.76428],[10.58671,59.76437],[10.58692,59.76439]]]},"properties":{"a":6622,"v":31398,"dh":4.74,"pl":1,"pn":"SPRO HAVN","pd":"2013-07-31","c":56}},{"type":"Feature","geometry":{"type":"Polygon","coordinates":[[[10.58774,59.76432],[10.58782,59.76417],[10.58764,59.76416],[10.58766,59.76421],[10.5876,59.76428],[10.58774,59.76432]]]},"properties":{"a":149,"v":190,"dh":1.27,"pl":1,"pn":"SPRO HAVN","pd":"2013-07-31","fo":1,"c":56}},{"type":"Feature","geometry":{"type":"Polygon","coordinates":[[[10.5888,59.76457],[10.5888,59.76448],[10.58873,59.76446],[10.58871,59.7644],[10.58856,59.76443],[10.5888,59.76457]]]},"properties":{"a":131,"v":185,"dh":1.41,"pl":1,"pn":"SPRO HAVN","pd":"2013-07-31","fo":1,"c":56}},{"type":"Feature","geometry":{"type":"Polygon","coordinates":[[[10.58736,59.76459],[10.58736,59.76454],[10.58743,59.76451],[10.58718,59.7645],[10.58725,59.76458],[10.58736,59.76459]]]},"properties":{"a":103,"v":136,"dh":1.32,"pl":1,"pn":"SPRO HAVN","pd":"2013-07-31","fo":1,"c":56}},{"type":"Feature","geometry":{"type":"Polygon","coordinates":[[[10.58597,59.76609],[10.58599,59.766],[10.58588,59.76596],[10.58594,59.76579],[10.58606,59.76577],[10.58608,59.76572],[10.58636,59.76562],[10.58646,59.76553],[10.5866,59.76552],[10.58678,59.76543],[10.58622,59.76528],[10.58625,59.76481],[10.58635,59.76472],[10.58702,59.7645],[10.58721,59.7645],[10.58728,59.76444],[10.5875,59.76449],[10.58743,59.76445],[10.5874,59.76437],[10.58758,59.76426],[10.58761,59.76412],[10.58744,59.76391],[10.58743,59.76384],[10.58752,59.76383],[10.58769,59.76393],[10.58766,59.76403],[10.58782,59.76414],[10.58804,59.76416],[10.58813,59.76424],[10.58824,59.76424],[10.58824,59.76429],[10.58851,59.76439],[10.5887,59.76436],[10.58883,59.76448],[10.58884,59.76456],[10.58913,59.76461],[10.5893,59.76459],[10.58901,59.76446],[10.58877,59.76423],[10.58859,59.76414],[10.58799,59.76402],[10.58783,59.76389],[10.58773,59.76374],[10.58768,59.76374],[10.58769,59.7637],[10.58717,59.76346],[10.58645,59.76337],[10.58645,59.76334],[10.58632,59.76331],[10.58643,59.76341],[10.5864,59.76351],[10.58587,59.76349],[10.58553,59.76353],[10.58553,59.7636],[10.58536,59.76371],[10.58563,59.76371],[10.58591,59.76361],[10.5865,59.76361],[10.58682,59.76366],[10.58698,59.76374],[10.58725,59.76415],[10.5872,59.76428],[10.58687,59.7644],[10.58669,59.76437],[10.58656,59.76424],[10.58597,59.7642],[10.58591,59.76435],[10.58597,59.76457],[10.58585,59.76458],[10.58583,59.76466],[10.58575,59.76469],[10.58557,59.76464],[10.58575,59.76483],[10.58573,59.76504],[10.58588,59.76532],[10.58579,59.76532],[10.58578,59.76542],[10.58589,59.76543],[10.58584,59.76547],[10.58593,59.76552],[10.58593,59.76561],[10.58583,59.76563],[10.58585,59.76572],[10.5858,59.76577],[10.58558,59.76576],[10.58559,59.76593],[10.58554,59.76595],[10.58568,59.76593],[10.58581,59.76598],[10.58583,59.76607],[10.58597,59.76609]],[[10.58588,59.7657],[10.58595,59.76562],[10.58599,59.76563],[10.58597,59.76571],[10.58588,59.7657]],[[10.58603,59.76473],[10.5861,59.76467],[10.58617,59.76467],[10.58607,59.76481],[10.58604,59.76481],[10.58603,59.76473]],[[10.58617,59.76466],[10.58619,59.76464],[10.58619,59.76466],[10.58617,59.76466]],[[10.58685,59.76352],[10.58688,59.7635],[10.58688,59.76352],[10.58685,59.76352]],[[10.58651,59.76348],[10.58654,59.76347],[10.58654,59.76348],[10.58651,59.76348]]]},"properties":{"a":13087,"v":-68856,"dh":5.26,"pl":1,"pn":"SPRO HAVN","pd":"2013-07-31","c":56}},{"type":"Feature","geometry":{"type":"Polygon","coordinates":[[[10.58924,59.76485],[10.58942,59.76474],[10.58938,59.76468],[10.58925,59.76464],[10.58929,59.76461],[10.58891,59.76461],[10.5889,59.76466],[10.58915,59.76467],[10.58924,59.76485]]]},"properties":{"a":289,"v":421,"dh":1.46,"pl":1,"pn":"SPRO HAVN","pd":"2013-07-31","fo":1,"c":56}},{"type":"Feature","geometry":{"type":"Polygon","coordinates":[[[10.58914,59.76488],[10.58919,59.76482],[10.58908,59.76479],[10.5891,59.76474],[10.58902,59.76474],[10.58906,59.76479],[10.58899,59.76482],[10.589,59.76487],[10.58914,59.76488]]]},"properties":{"a":102,"v":121,"dh":1.19,"pl":1,"pn":"SPRO HAVN","pd":"2013-07-31","fo":1,"c":56}},{"type":"Feature","geometry":{"type":"Polygon","coordinates":[[[10.5897,59.76503],[10.58971,59.76499],[10.58962,59.76496],[10.58964,59.7649],[10.58957,59.76488],[10.58956,59.76483],[10.5894,59.76476],[10.58939,59.76484],[10.58944,59.76485],[10.58946,59.76493],[10.5897,59.76503]]]},"properties":{"a":190,"v":-266,"dh":1.4,"pl":1,"pn":"SPRO HAVN","pd":"2013-07-31","fo":1,"c":56}},{"type":"Feature","geometry":{"type":"Polygon","coordinates":[[[10.59006,59.76553],[10.59063,59.76545],[10.59073,59.76541],[10.59074,59.76533],[10.59097,59.76528],[10.59093,59.76514],[10.59059,59.7648],[10.59047,59.76479],[10.59045,59.76472],[10.59025,59.76464],[10.5902,59.76472],[10.59006,59.76477],[10.59008,59.76486],[10.59005,59.76486],[10.59009,59.76507],[10.59002,59.76512],[10.59002,59.76518],[10.59019,59.76533],[10.59012,59.76534],[10.59012,59.76539],[10.59007,59.76541],[10.59006,59.76553]]]},"properties":{"a":3308,"v":-8831,"dh":2.67,"pl":1,"pn":"SPRO HAVN","pd":"2013-07-31","c":56}},{"type":"Feature","geometry":{"type":"Polygon","coordinates":[[[10.58976,59.76559],[10.58999,59.76556],[10.59,59.76534],[10.5901,59.76527],[10.58999,59.7651],[10.5899,59.76513],[10.58993,59.76505],[10.5898,59.76504],[10.58941,59.76506],[10.58937,59.76493],[10.5893,59.76493],[10.58932,59.76506],[10.58929,59.76512],[10.58953,59.76519],[10.58946,59.76522],[10.58933,59.76517],[10.58931,59.76521],[10.58957,59.76527],[10.58973,59.76526],[10.58976,59.76532],[10.58966,59.76535],[10.58956,59.76545],[10.58976,59.76559]]]},"properties":{"a":1579,"v":3184,"dh":2.02,"pl":1,"pn":"SPRO HAVN","pd":"2013-07-31","fo":1,"c":56}},{"type":"Feature","geometry":{"type":"Polygon","coordinates":[[[10.60545,59.75486],[10.60544,59.75467],[10.60533,59.75457],[10.60517,59.75455],[10.60511,59.75443],[10.605,59.75437],[10.60451,59.75428],[10.60448,59.75433],[10.60435,59.75432],[10.60429,59.75438],[10.60411,59.75436],[10.60414,59.7544],[10.60463,59.75444],[10.60481,59.75456],[10.60522,59.75464],[10.60523,59.7547],[10.60536,59.75479],[10.60536,59.75484],[10.60545,59.75486]]]},"properties":{"a":1250,"v":3166,"dh":2.53,"pl":0,"fo":1,"c":47}},{"type":"Feature","geometry":{"type":"Polygon","coordinates":[[[10.60491,59.75482],[10.60489,59.75471],[10.60482,59.75466],[10.60444,59.7546],[10.60464,59.75474],[10.60484,59.75483],[10.60491,59.75482]]]},"properties":{"a":264,"v":383,"dh":1.45,"pl":0,"fo":1,"c":47}},{"type":"Feature","geometry":{"type":"Polygon","coordinates":[[[10.60454,59.75485],[10.60472,59.75482],[10.60448,59.75473],[10.60446,59.75468],[10.60437,59.75469],[10.60441,59.75472],[10.60437,59.75475],[10.6044,59.75482],[10.60454,59.75485]]]},"properties":{"a":189,"v":232,"dh":1.23,"pl":0,"fo":1,"c":47}},{"type":"Feature","geometry":{"type":"Polygon","coordinates":[[[10.6058,59.75516],[10.60588,59.75504],[10.60585,59.75501],[10.60576,59.75496],[10.6056,59.75499],[10.60574,59.75509],[10.60573,59.75516],[10.6058,59.75516]]]},"properties":{"a":186,"v":277,"dh":1.49,"pl":0,"sl":1,"c":57}},{"type":"Feature","geometry":{"type":"Polygon","coordinates":[[[10.60449,59.75527],[10.60466,59.75521],[10.60468,59.75516],[10.60441,59.75516],[10.60438,59.75525],[10.60449,59.75527]]]},"properties":{"a":169,"v":257,"dh":1.52,"pl":0,"fo":1,"c":47}},{"type":"Feature","geometry":{"type":"Polygon","coordinates":[[[10.6056,59.75546],[10.60556,59.75534],[10.60528,59.75542],[10.60528,59.75545],[10.6056,59.75546]]]},"properties":{"a":129,"v":150,"dh":1.16,"pl":0,"fo":1,"c":47}},{"type":"Feature","geometry":{"type":"Polygon","coordinates":[[[10.60529,59.7556],[10.60543,59.75554],[10.6053,59.75555],[10.60532,59.7555],[10.60518,59.75554],[10.60499,59.75543],[10.60505,59.7555],[10.60529,59.7556]]]},"properties":{"a":118,"v":-143,"dh":1.21,"pl":0,"fo":1,"c":47}},{"type":"Feature","geometry":{"type":"Polygon","coordinates":[[[10.60774,59.7741],[10.60781,59.77408],[10.60765,59.77403],[10.60756,59.77394],[10.60738,59.7739],[10.6074,59.77395],[10.60726,59.77395],[10.60736,59.77399],[10.60735,59.77402],[10.60721,59.77404],[10.60723,59.77408],[10.60755,59.77408],[10.6076,59.77403],[10.60774,59.7741]],[[10.60745,59.77403],[10.60742,59.774],[10.60751,59.77403],[10.60745,59.77403]]]},"properties":{"a":293,"v":-298,"dh":1.02,"pl":0,"fo":1,"c":58}},{"type":"Feature","geometry":{"type":"Polygon","coordinates":[[[10.6076,59.77479],[10.60761,59.77475],[10.60782,59.77468],[10.60784,59.7746],[10.60771,59.7746],[10.60769,59.77456],[10.60785,59.77448],[10.60786,59.77437],[10.60767,59.77435],[10.60764,59.77449],[10.60759,59.77452],[10.60762,59.7746],[10.60754,59.7747],[10.60754,59.77478],[10.6076,59.77479]],[[10.60767,59.7745],[10.60772,59.77446],[10.60773,59.77448],[10.60767,59.7745]]]},"properties":{"a":475,"v":534,"dh":1.12,"pl":0,"c":58}},{"type":"Feature","geometry":{"type":"Polygon","coordinates":[[[10.60567,59.77498],[10.60591,59.77496],[10.60591,59.77484],[10.60566,59.7749],[10.60567,59.77498]]]},"properties":{"a":178,"v":162,"dh":0.91,"pl":0,"sh":1,"c":59}},{"type":"Feature","geometry":{"type":"Polygon","coordinates":[[[10.587,59.76569],[10.58743,59.76566],[10.58746,59.7656],[10.58737,59.76553],[10.58746,59.76548],[10.58729,59.76536],[10.5868,59.76542],[10.58673,59.76549],[10.58673,59.76553],[10.58682,59.76556],[10.58677,59.76561],[10.58695,59.76561],[10.58693,59.76566],[10.587,59.76569]]]},"properties":{"a":1082,"v":3067,"dh":2.83,"pl":1,"pn":"SPRO HAVN","pd":"2013-07-31","c":56}},{"type":"Feature","geometry":{"type":"Polygon","coordinates":[[[10.58651,59.76581],[10.58663,59.76573],[10.58661,59.76565],[10.5865,59.76559],[10.58659,59.76557],[10.58659,59.76554],[10.58646,59.76554],[10.58643,59.76558],[10.58647,59.76561],[10.58613,59.76572],[10.58614,59.76578],[10.58651,59.76581]]]},"properties":{"a":516,"v":1205,"dh":2.34,"pl":1,"pn":"SPRO HAVN","pd":"2013-07-31","c":56}},{"type":"Feature","geometry":{"type":"Polygon","coordinates":[[[10.58725,59.76591],[10.58731,59.76583],[10.58731,59.76577],[10.58724,59.76572],[10.58693,59.76572],[10.58669,59.76581],[10.58671,59.76587],[10.58725,59.76591]]]},"properties":{"a":576,"v":1939,"dh":3.37,"pl":1,"pn":"SPRO HAVN","pd":"2013-07-31","c":56}},{"type":"Feature","geometry":{"type":"Polygon","coordinates":[[[10.58732,59.76635],[10.5875,59.76632],[10.58748,59.76629],[10.58757,59.76627],[10.58756,59.76623],[10.58778,59.76619],[10.58773,59.76602],[10.58759,59.766],[10.58766,59.76593],[10.58776,59.76593],[10.58776,59.76584],[10.58769,59.76585],[10.58772,59.76577],[10.58767,59.76574],[10.58754,59.76574],[10.5876,59.76559],[10.58768,59.76557],[10.58765,59.7655],[10.58772,59.76548],[10.58765,59.76541],[10.58767,59.76538],[10.58742,59.76543],[10.58749,59.7655],[10.58744,59.76554],[10.58752,59.76561],[10.58729,59.76572],[10.58733,59.76583],[10.58723,59.76595],[10.58727,59.76606],[10.58717,59.76612],[10.58722,59.7662],[10.58721,59.76626],[10.58734,59.76631],[10.58732,59.76635]]]},"properties":{"a":1961,"v":-9573,"dh":4.88,"pl":1,"pn":"SPRO HAVN","pd":"2013-07-31","c":56}},{"type":"Feature","geometry":{"type":"Polygon","coordinates":[[[10.58629,59.76631],[10.58654,59.76613],[10.58652,59.76599],[10.58625,59.76589],[10.58602,59.76587],[10.58593,59.76591],[10.58614,59.76623],[10.58614,59.76633],[10.58629,59.76631]]]},"properties":{"a":1092,"v":3476,"dh":3.18,"pl":1,"pn":"SPRO HAVN","pd":"2013-07-31","c":56}},{"type":"Feature","geometry":{"type":"Polygon","coordinates":[[[10.58687,59.76654],[10.58688,59.7665],[10.58701,59.7665],[10.58686,59.76649],[10.58699,59.76641],[10.58725,59.76635],[10.58723,59.76629],[10.58712,59.76623],[10.58715,59.76615],[10.5871,59.76614],[10.58724,59.76608],[10.58721,59.76596],[10.58671,59.76591],[10.58668,59.76603],[10.58672,59.76617],[10.58687,59.76621],[10.58703,59.76617],[10.58705,59.76621],[10.58685,59.76622],[10.5868,59.76629],[10.58657,59.76633],[10.58654,59.7664],[10.58656,59.76646],[10.58665,59.7665],[10.58687,59.76654]]]},"properties":{"a":1631,"v":5710,"dh":3.5,"pl":1,"pn":"SPRO HAVN","pd":"2013-07-31","c":56}},{"type":"Feature","geometry":{"type":"Polygon","coordinates":[[[10.58646,59.76661],[10.58671,59.76651],[10.58662,59.76651],[10.58651,59.76644],[10.58631,59.76651],[10.58622,59.76648],[10.58608,59.76616],[10.58597,59.76611],[10.58609,59.76629],[10.58612,59.7665],[10.58622,59.76652],[10.58625,59.76659],[10.58646,59.76661]]]},"properties":{"a":475,"v":-1257,"dh":2.65,"pl":1,"pn":"SPRO HAVN","pd":"2013-07-31","sl":1,"c":56}},{"type":"Feature","geometry":{"type":"Polygon","coordinates":[[[10.58694,59.76702],[10.58721,59.76704],[10.58717,59.76692],[10.58712,59.76694],[10.58716,59.76702],[10.58707,59.76702],[10.58704,59.7669],[10.58692,59.76693],[10.58694,59.76702]]]},"properties":{"a":148,"v":845,"dh":5.71,"pl":0,"sl":1,"c":60}},{"type":"Feature","geometry":{"type":"Polygon","coordinates":[[[10.58719,59.76734],[10.58697,59.76724],[10.58697,59.76715],[10.58702,59.7671],[10.58684,59.76715],[10.58703,59.76732],[10.58719,59.76734]]]},"properties":{"a":148,"v":666,"dh":4.5,"pl":0,"sl":1,"c":60}},{"type":"Feature","geometry":{"type":"Polygon","coordinates":[[[10.61164,59.75488],[10.61159,59.75485],[10.61158,59.75475],[10.61144,59.75475],[10.61142,59.75469],[10.61132,59.75472],[10.61133,59.75475],[10.61127,59.75479],[10.61116,59.75475],[10.61111,59.75482],[10.61098,59.75484],[10.61107,59.75486],[10.61123,59.75482],[10.61132,59.75483],[10.61136,59.7549],[10.61164,59.75488]]]},"properties":{"a":382,"v":338,"dh":0.89,"pl":0,"sh":1,"c":50}},{"type":"Feature","geometry":{"type":"Polygon","coordinates":[[[10.61026,59.75546],[10.61038,59.75531],[10.6104,59.75524],[10.61036,59.75522],[10.61043,59.7552],[10.61043,59.75516],[10.61036,59.75512],[10.61012,59.75511],[10.61019,59.7554],[10.61026,59.75546]]]},"properties":{"a":413,"v":559,"dh":1.35,"pl":0,"fo":1,"c":61}},{"type":"Feature","geometry":{"type":"Polygon","coordinates":[[[10.61181,59.75608],[10.61214,59.75596],[10.61226,59.75585],[10.61229,59.75577],[10.61225,59.75557],[10.61203,59.75554],[10.61195,59.75565],[10.61188,59.75567],[10.61186,59.75558],[10.61196,59.75549],[10.61194,59.75546],[10.61147,59.75536],[10.61156,59.75546],[10.61146,59.7555],[10.61147,59.75545],[10.61127,59.75532],[10.61109,59.75532],[10.61117,59.75541],[10.61139,59.75545],[10.61136,59.7556],[10.61145,59.75561],[10.61145,59.75567],[10.61131,59.75576],[10.61128,59.75584],[10.61134,59.75597],[10.61129,59.75607],[10.6117,59.75601],[10.61181,59.75608]]]},"properties":{"a":3141,"v":4988,"dh":1.59,"pl":0,"c":61}},{"type":"Feature","geometry":{"type":"Polygon","coordinates":[[[10.61572,59.79059],[10.61593,59.79054],[10.61625,59.79056],[10.61635,59.7905],[10.61626,59.79041],[10.61594,59.79041],[10.6158,59.79044],[10.61572,59.79053],[10.61572,59.79059]]]},"properties":{"a":500,"v":881,"dh":1.76,"pl":0,"fo":1,"c":62}},{"type":"Feature","geometry":{"type":"Polygon","coordinates":[[[10.61727,59.79101],[10.61736,59.79099],[10.61737,59.79094],[10.61725,59.79088],[10.61712,59.79075],[10.61695,59.79073],[10.61676,59.79076],[10.61687,59.79086],[10.61727,59.79101]]]},"properties":{"a":514,"v":1235,"dh":2.4,"pl":0,"fo":1,"c":62}},{"type":"Feature","geometry":{"type":"Polygon","coordinates":[[[10.6175,59.79103],[10.61775,59.79104],[10.61779,59.791],[10.61755,59.79093],[10.61757,59.791],[10.6175,59.79103]]]},"properties":{"a":100,"v":100,"dh":1.0,"pl":0,"fo":1,"c":62}},{"type":"Feature","geometry":{"type":"Polygon","coordinates":[[[10.6168,59.79118],[10.61692,59.79112],[10.61691,59.79101],[10.61678,59.79091],[10.61666,59.79089],[10.61666,59.79095],[10.61659,59.79096],[10.61643,59.79087],[10.61636,59.79094],[10.61668,59.79105],[10.61669,59.79114],[10.6168,59.79118]]]},"properties":{"a":468,"v":-398,"dh":0.85,"pl":0,"sh":1,"c":63}},{"type":"Feature","geometry":{"type":"MultiPolygon","coordinates":[[[[10.61743,59.79105],[10.61749,59.79107],[10.61749,59.79105],[10.61743,59.79105]]],[[[10.61742,59.79105],[10.61709,59.79104],[10.61695,59.791],[10.61695,59.79104],[10.61706,59.7911],[10.61705,59.79116],[10.61698,59.79117],[10.61701,59.79119],[10.61733,59.79114],[10.6174,59.79112],[10.61742,59.79105]]]]},"properties":{"a":318,"v":537,"dh":1.69,"pl":0,"fo":1,"c":62}},{"type":"Feature","geometry":{"type":"Polygon","coordinates":[[[10.6116,59.79272],[10.61165,59.79267],[10.61164,59.79255],[10.61137,59.79253],[10.61146,59.79272],[10.6116,59.79272]]]},"properties":{"a":258,"v":-545,"dh":2.11,"pl":0,"c":64}},{"type":"Feature","geometry":{"type":"Polygon","coordinates":[[[10.61343,59.79454],[10.61347,59.79451],[10.61339,59.79443],[10.61325,59.79437],[10.61309,59.79438],[10.61331,59.79453],[10.61343,59.79454]]]},"properties":{"a":196,"v":-436,"dh":2.22,"pl":0,"c":65}},{"type":"Feature","geometry":{"type":"MultiPolygon","coordinates":[[[[10.59157,59.77029],[10.59178,59.77032],[10.5918,59.77031],[10.59178,59.77024],[10.59173,59.77024],[10.59157,59.77029]]],[[[10.59152,59.77032],[10.59148,59.77036],[10.59157,59.77032],[10.59152,59.77032]]]]},"properties":{"a":100,"v":93,"dh":0.93,"pl":0,"sh":1,"c":66}},{"type":"Feature","geometry":{"type":"MultiPolygon","coordinates":[[[[10.59092,59.77054],[10.59101,59.77046],[10.59105,59.77026],[10.59094,59.77029],[10.59091,59.77035],[10.59092,59.77045],[10.59097,59.77047],[10.59092,59.77054]]],[[[10.59092,59.77056],[10.59089,59.77055],[10.59089,59.77057],[10.59092,59.77056]]],[[[10.59092,59.77058],[10.5909,59.77057],[10.5909,59.77058],[10.59092,59.77058]]]]},"properties":{"a":124,"v":-263,"dh":2.12,"pl":0,"sl":1,"c":66}},{"type":"Feature","geometry":{"type":"Polygon","coordinates":[[[10.59469,59.77296],[10.59451,59.7727],[10.5946,59.77264],[10.59456,59.77259],[10.59448,59.77271],[10.59452,59.77282],[10.59469,59.77296]]]},"properties":{"a":112,"v":170,"dh":1.52,"pl":0,"sl":1,"c":67}},{"type":"Feature","geometry":{"type":"Polygon","coordinates":[[[10.59421,59.77377],[10.59413,59.77357],[10.59414,59.77349],[10.59405,59.77338],[10.59409,59.77358],[10.59404,59.7736],[10.59403,59.7737],[10.59421,59.77377]]]},"properties":{"a":198,"v":464,"dh":2.34,"pl":0,"sl":1,"c":68}},{"type":"Feature","geometry":{"type":"Polygon","coordinates":[[[10.59619,59.77798],[10.59603,59.77787],[10.596,59.77772],[10.59624,59.77761],[10.59593,59.7777],[10.59601,59.77791],[10.59619,59.77798]]]},"properties":{"a":179,"v":-447,"dh":2.49,"pl":1,"pn":"SVESTAD-KURS og KONFERANSESENTER","pd":"2006-01-19","sl":1,"c":69}},{"type":"Feature","geometry":{"type":"Polygon","coordinates":[[[10.5974,59.7847],[10.59734,59.78453],[10.59725,59.78443],[10.59728,59.78437],[10.59715,59.78433],[10.59733,59.78467],[10.5974,59.7847]]]},"properties":{"a":139,"v":306,"dh":2.2,"pl":1,"pn":"Nordstrand og Dalbo","pd":"2020-02-19","sl":1,"c":70}},{"type":"Feature","geometry":{"type":"Polygon","coordinates":[[[10.61908,59.73132],[10.61912,59.73127],[10.61908,59.73116],[10.61898,59.73111],[10.61872,59.73116],[10.61872,59.7312],[10.61892,59.73118],[10.61901,59.73124],[10.61901,59.73131],[10.61908,59.73132]]]},"properties":{"a":222,"v":309,"dh":1.39,"pl":0,"fo":1,"c":71}},{"type":"Feature","geometry":{"type":"Polygon","coordinates":[[[10.61732,59.73208],[10.61725,59.73202],[10.61732,59.73204],[10.61737,59.73195],[10.61744,59.73194],[10.61757,59.73203],[10.61764,59.732],[10.61739,59.7319],[10.61721,59.73195],[10.61718,59.732],[10.61711,59.732],[10.61706,59.73208],[10.61698,59.73207],[10.61708,59.73212],[10.61724,59.73213],[10.61732,59.73208]],[[10.61729,59.73208],[10.61727,59.73207],[10.61729,59.73207],[10.61729,59.73208]]]},"properties":{"a":305,"v":303,"dh":0.99,"pl":0,"sh":1,"c":72}},{"type":"Feature","geometry":{"type":"Polygon","coordinates":[[[10.62725,59.73937],[10.62728,59.73932],[10.62717,59.73921],[10.62685,59.73923],[10.6271,59.73936],[10.62725,59.73937]]]},"properties":{"a":242,"v":330,"dh":1.36,"pl":0,"fo":1,"c":73}},{"type":"Feature","geometry":{"type":"Polygon","coordinates":[[[10.62132,59.74447],[10.62137,59.74441],[10.62124,59.74436],[10.62116,59.74438],[10.62114,59.74447],[10.62132,59.74447]]]},"properties":{"a":124,"v":188,"dh":1.52,"pl":2,"pn":"Områderegulering for Fagerstrand miljø- og næringspark (Munkerud)","pd":"2024-12-18","c":74}},{"type":"Feature","geometry":{"type":"Polygon","coordinates":[[[10.62055,59.74466],[10.62071,59.74462],[10.62077,59.74458],[10.62066,59.74453],[10.62056,59.74456],[10.62055,59.74466]]]},"properties":{"a":118,"v":197,"dh":1.67,"pl":2,"pn":"Områderegulering for Fagerstrand miljø- og næringspark (Munkerud)","pd":"2024-12-18","c":74}},{"type":"Feature","geometry":{"type":"Polygon","coordinates":[[[10.62238,59.74465],[10.62241,59.74462],[10.62227,59.74451],[10.62207,59.74453],[10.622,59.74458],[10.62238,59.74465]]]},"properties":{"a":183,"v":257,"dh":1.4,"pl":2,"pn":"Områderegulering for Fagerstrand miljø- og næringspark (Munkerud)","pd":"2024-12-18","c":74}},{"type":"Feature","geometry":{"type":"Polygon","coordinates":[[[10.62007,59.74512],[10.62003,59.74501],[10.6201,59.74499],[10.62008,59.74495],[10.62015,59.74494],[10.62015,59.74487],[10.62029,59.74479],[10.62028,59.74475],[10.62051,59.74471],[10.62053,59.74467],[10.62047,59.74464],[10.62053,59.7446],[10.62018,59.74476],[10.61997,59.74492],[10.61999,59.74496],[10.61994,59.74504],[10.62,59.74506],[10.61996,59.7451],[10.62007,59.74512]]]},"properties":{"a":356,"v":439,"dh":1.23,"pl":2,"pn":"Områderegulering for Fagerstrand miljø- og næringspark (Munkerud)","pd":"2024-12-18","c":74}},{"type":"Feature","geometry":{"type":"Polygon","coordinates":[[[10.62172,59.746],[10.62166,59.74591],[10.62174,59.74588],[10.62179,59.74579],[10.62151,59.74588],[10.62162,59.74592],[10.62161,59.74603],[10.62172,59.746]]]},"properties":{"a":154,"v":208,"dh":1.35,"pl":2,"pn":"Områderegulering for Fagerstrand miljø- og næringspark (Munkerud)","pd":"2024-12-18","c":74}},{"type":"Feature","geometry":{"type":"Polygon","coordinates":[[[10.61973,59.74762],[10.61993,59.74764],[10.61994,59.74758],[10.6199,59.74756],[10.61991,59.74735],[10.61985,59.74727],[10.61989,59.74722],[10.61978,59.74726],[10.61967,59.74751],[10.61973,59.74762]]]},"properties":{"a":459,"v":543,"dh":1.18,"pl":1,"pn":"RV.157 GJØFJELL-MUNKERUD","pd":"1992-02-16","c":48}},{"type":"Feature","geometry":{"type":"Polygon","coordinates":[[[10.62674,59.74869],[10.6269,59.74862],[10.62715,59.74827],[10.62754,59.74834],[10.62763,59.7483],[10.62713,59.74822],[10.62697,59.74837],[10.62698,59.74844],[10.62675,59.74864],[10.62674,59.74869]]]},"properties":{"a":407,"v":559,"dh":1.37,"pl":1,"pn":"RV.157 GJØFJELL-MUNKERUD","pd":"1992-02-16","c":48}},{"type":"Feature","geometry":{"type":"Polygon","coordinates":[[[10.63254,59.74832],[10.63244,59.7481],[10.63229,59.748],[10.63222,59.74802],[10.63223,59.74808],[10.63217,59.74807],[10.63218,59.74813],[10.63209,59.74812],[10.63214,59.74818],[10.63227,59.74819],[10.63236,59.74826],[10.63241,59.74823],[10.63247,59.74831],[10.63254,59.74832]],[[10.63234,59.74821],[10.63236,59.74819],[10.63236,59.74821],[10.63234,59.74821]]]},"properties":{"a":386,"v":-583,"dh":1.51,"pl":0,"fo":1,"c":75}},{"type":"Feature","geometry":{"type":"MultiPolygon","coordinates":[[[[10.62931,59.74845],[10.62933,59.74846],[10.62933,59.74845],[10.62931,59.74845]]],[[[10.62933,59.74848],[10.62948,59.74858],[10.62945,59.74873],[10.62952,59.74881],[10.6297,59.74884],[10.62975,59.7488],[10.62983,59.74853],[10.62981,59.74847],[10.62936,59.74841],[10.62933,59.74848]]]]},"properties":{"a":849,"v":1608,"dh":1.89,"pl":0,"c":76}},{"type":"Feature","geometry":{"type":"MultiPolygon","coordinates":[[[[10.62857,59.74854],[10.62855,59.74852],[10.62855,59.74854],[10.62857,59.74854]]],[[[10.62855,59.74854],[10.62847,59.7487],[10.6282,59.74909],[10.62847,59.74876],[10.62855,59.74854]]]]},"properties":{"a":103,"v":83,"dh":0.8,"pl":1,"pn":"RV.157 GJØFJELL-MUNKERUD","pd":"1992-02-16","sh":1,"c":48}},{"type":"Feature","geometry":{"type":"Polygon","coordinates":[[[10.62865,59.74956],[10.62892,59.74957],[10.62895,59.74951],[10.62868,59.7495],[10.6287,59.74955],[10.62865,59.74956]]]},"properties":{"a":148,"v":-314,"dh":2.12,"pl":0,"fo":1,"c":77}},{"type":"Feature","geometry":{"type":"Polygon","coordinates":[[[10.629,59.74987],[10.62911,59.74979],[10.62905,59.74969],[10.62873,59.74966],[10.6286,59.74972],[10.62849,59.74957],[10.62828,59.7496],[10.62846,59.7497],[10.62843,59.74984],[10.62856,59.74983],[10.62861,59.74974],[10.6287,59.74982],[10.629,59.74987]]]},"properties":{"a":741,"v":-1924,"dh":2.6,"pl":0,"fo":1,"c":77}},{"type":"Feature","geometry":{"type":"Polygon","coordinates":[[[10.62901,59.75004],[10.62938,59.74997],[10.62954,59.74986],[10.62952,59.74979],[10.62937,59.7497],[10.62927,59.74957],[10.62917,59.74957],[10.62919,59.74977],[10.62909,59.74986],[10.6287,59.74986],[10.62885,59.75001],[10.62901,59.75004]]]},"properties":{"a":1008,"v":2716,"dh":2.69,"pl":0,"fo":1,"c":77}},{"type":"Feature","geometry":{"type":"Polygon","coordinates":[[[10.63342,59.75025],[10.63336,59.75006],[10.63257,59.7497],[10.63259,59.74976],[10.63276,59.74985],[10.63274,59.74991],[10.63307,59.75003],[10.633,59.7501],[10.6332,59.7501],[10.63329,59.75021],[10.63328,59.75027],[10.63342,59.75025]]]},"properties":{"a":619,"v":717,"dh":1.16,"pl":0,"fo":1,"c":78}},{"type":"Feature","geometry":{"type":"Polygon","coordinates":[[[10.64098,59.75706],[10.64101,59.75694],[10.64078,59.75691],[10.6409,59.75698],[10.64085,59.75703],[10.64087,59.75706],[10.64098,59.75706]]]},"properties":{"a":129,"v":-212,"dh":1.64,"pl":1,"pn":"TEIGEN FYLLPLASS","pd":"1992-12-05","c":79}},{"type":"Feature","geometry":{"type":"Polygon","coordinates":[[[10.64134,59.7571],[10.6415,59.75708],[10.64144,59.75704],[10.64143,59.75693],[10.64119,59.75693],[10.64106,59.75697],[10.64108,59.75703],[10.64132,59.75703],[10.64134,59.7571]]]},"properties":{"a":313,"v":-448,"dh":1.43,"pl":1,"pn":"TEIGEN FYLLPLASS","pd":"1992-12-05","c":79}},{"type":"Feature","geometry":{"type":"Polygon","coordinates":[[[10.64089,59.75777],[10.64103,59.75771],[10.64099,59.75765],[10.64108,59.75768],[10.64113,59.75765],[10.64077,59.75751],[10.64052,59.75753],[10.64035,59.75765],[10.64035,59.75771],[10.64044,59.75776],[10.64083,59.75773],[10.64089,59.75777]]]},"properties":{"a":892,"v":2242,"dh":2.51,"pl":1,"pn":"TEIGEN FYLLPLASS","pd":"1992-12-05","c":79}},{"type":"Feature","geometry":{"type":"MultiPolygon","coordinates":[[[[10.62687,59.74873],[10.62717,59.74876],[10.62713,59.7487],[10.62725,59.74862],[10.62736,59.74866],[10.62739,59.74859],[10.62732,59.74858],[10.62732,59.74847],[10.62737,59.74844],[10.62739,59.74849],[10.62746,59.7485],[10.62743,59.74855],[10.62748,59.74855],[10.62763,59.74836],[10.62725,59.74831],[10.62728,59.74843],[10.6271,59.74839],[10.62707,59.74846],[10.6271,59.74851],[10.62725,59.7485],[10.62722,59.74862],[10.62707,59.74859],[10.62699,59.74861],[10.62705,59.74855],[10.62703,59.74851],[10.62695,59.74862],[10.62681,59.74869],[10.62687,59.74873]],[[10.62701,59.7487],[10.62702,59.74868],[10.62711,59.74868],[10.6271,59.74872],[10.62701,59.7487]],[[10.62746,59.74846],[10.62749,59.74844],[10.62749,59.74846],[10.62746,59.74846]]],[[[10.62717,59.74877],[10.62719,59.74876],[10.62717,59.74876],[10.62717,59.74877]]]]},"properties":{"a":775,"v":-824,"dh":1.06,"pl":1,"pn":"RV.157 GJØFJELL-MUNKERUD","pd":"1992-02-16","c":48}},{"type":"Feature","geometry":{"type":"Polygon","coordinates":[[[10.62805,59.74931],[10.62803,59.74924],[10.62796,59.74921],[10.62766,59.74924],[10.62805,59.74931]]]},"properties":{"a":143,"v":216,"dh":1.51,"pl":1,"pn":"RV.157 GJØFJELL-MUNKERUD","pd":"1992-02-16","c":48}},{"type":"Feature","geometry":{"type":"Polygon","coordinates":[[[10.62795,59.74973],[10.62802,59.74967],[10.62778,59.74958],[10.6277,59.74948],[10.62758,59.74946],[10.62756,59.74936],[10.62738,59.74937],[10.62737,59.7495],[10.62745,59.74969],[10.62784,59.74967],[10.62795,59.74973]]]},"properties":{"a":718,"v":-1158,"dh":1.61,"pl":0,"fo":1,"c":77}},{"type":"Feature","geometry":{"type":"Polygon","coordinates":[[[10.62087,59.74985],[10.62108,59.74979],[10.62094,59.74979],[10.62059,59.74958],[10.62055,59.74957],[10.62057,59.74962],[10.62049,59.7497],[10.62058,59.7498],[10.62083,59.74977],[10.62087,59.74985]]]},"properties":{"a":366,"v":460,"dh":1.26,"pl":0,"fo":1,"c":80}},{"type":"Feature","geometry":{"type":"Polygon","coordinates":[[[10.62804,59.77843],[10.62823,59.77824],[10.62814,59.7782],[10.62816,59.77816],[10.62803,59.77818],[10.62787,59.77812],[10.62766,59.77814],[10.62713,59.77835],[10.62744,59.77837],[10.62759,59.77832],[10.62804,59.77843]]]},"properties":{"a":1113,"v":3415,"dh":3.07,"pl":0,"c":87}},{"type":"Feature","geometry":{"type":"Polygon","coordinates":[[[10.62688,59.77834],[10.62707,59.77825],[10.62707,59.77823],[10.62677,59.77828],[10.62688,59.77834]]]},"properties":{"a":101,"v":162,"dh":1.6,"pl":0,"c":87}},{"type":"Feature","geometry":{"type":"Polygon","coordinates":[[[10.62915,59.77881],[10.62934,59.77866],[10.62933,59.77859],[10.62947,59.77855],[10.62949,59.77848],[10.62959,59.77841],[10.62927,59.77827],[10.62907,59.77825],[10.62903,59.77817],[10.6288,59.77829],[10.62847,59.77831],[10.62854,59.7784],[10.62835,59.77841],[10.62838,59.77844],[10.62853,59.77843],[10.62849,59.77852],[10.62869,59.77856],[10.62882,59.7787],[10.62915,59.77881]]]},"properties":{"a":2411,"v":16347,"dh":6.78,"pl":0,"c":87}},{"type":"Feature","geometry":{"type":"Polygon","coordinates":[[[10.62683,59.77876],[10.62683,59.77863],[10.62656,59.77863],[10.62665,59.77868],[10.62665,59.77874],[10.62683,59.77876]]]},"properties":{"a":163,"v":-284,"dh":1.74,"pl":0,"fo":1,"c":87}},{"type":"Feature","geometry":{"type":"Polygon","coordinates":[[[10.62867,59.77884],[10.62869,59.77881],[10.62836,59.77864],[10.62821,59.77863],[10.6284,59.77872],[10.62836,59.77875],[10.62842,59.77877],[10.62867,59.77884]],[[10.6284,59.77874],[10.62842,59.77873],[10.62842,59.77874],[10.6284,59.77874]]]},"properties":{"a":195,"v":-241,"dh":1.24,"pl":0,"c":87}},{"type":"Feature","geometry":{"type":"Polygon","coordinates":[[[10.62737,59.77882],[10.62735,59.77871],[10.62708,59.77872],[10.62721,59.77882],[10.62737,59.77882]]]},"properties":{"a":172,"v":-187,"dh":1.09,"pl":0,"fo":1,"c":87}},{"type":"Feature","geometry":{"type":"MultiPolygon","coordinates":[[[[10.63668,59.76381],[10.63663,59.76379],[10.63663,59.76381],[10.63668,59.76381]]],[[[10.63659,59.76384],[10.63656,59.76395],[10.63688,59.76396],[10.63686,59.76385],[10.63659,59.76384]]]]},"properties":{"a":232,"v":219,"dh":0.94,"pl":0,"sh":1,"c":81}},{"type":"Feature","geometry":{"type":"Polygon","coordinates":[[[10.63697,59.76394],[10.63717,59.76391],[10.63711,59.76384],[10.63695,59.76388],[10.63697,59.76394]]]},"properties":{"a":121,"v":209,"dh":1.73,"pl":0,"c":81}},{"type":"Feature","geometry":{"type":"Polygon","coordinates":[[[10.63349,59.76439],[10.63359,59.76427],[10.63353,59.76426],[10.63347,59.76414],[10.63334,59.76405],[10.63297,59.76402],[10.63288,59.76408],[10.63287,59.76416],[10.63319,59.76425],[10.63329,59.76435],[10.63341,59.76433],[10.63349,59.76439]]]},"properties":{"a":914,"v":3097,"dh":3.39,"pl":0,"fo":1,"c":82}},{"type":"Feature","geometry":{"type":"Polygon","coordinates":[[[10.63284,59.76474],[10.63313,59.7647],[10.63325,59.76462],[10.63305,59.76456],[10.633,59.76465],[10.63294,59.76461],[10.63279,59.76466],[10.63284,59.76474]]]},"properties":{"a":268,"v":403,"dh":1.5,"pl":0,"fo":1,"c":82}},{"type":"Feature","geometry":{"type":"Polygon","coordinates":[[[10.63158,59.77778],[10.6319,59.77777],[10.63195,59.77773],[10.63186,59.77769],[10.63161,59.77769],[10.63158,59.77778]]]},"properties":{"a":178,"v":477,"dh":2.68,"pl":0,"fo":1,"c":87}},{"type":"Feature","geometry":{"type":"Polygon","coordinates":[[[10.63199,59.77792],[10.63213,59.77783],[10.6322,59.77784],[10.63214,59.77774],[10.63165,59.77781],[10.63174,59.77789],[10.63199,59.77792]]]},"properties":{"a":399,"v":-1093,"dh":2.74,"pl":0,"c":87}},{"type":"Feature","geometry":{"type":"Polygon","coordinates":[[[10.63141,59.77798],[10.63146,59.77793],[10.63158,59.77792],[10.63158,59.77787],[10.63119,59.77786],[10.63122,59.77789],[10.63121,59.77798],[10.63141,59.77798]]]},"properties":{"a":213,"v":-372,"dh":1.75,"pl":0,"c":87}},{"type":"Feature","geometry":{"type":"Polygon","coordinates":[[[10.63092,59.77814],[10.6312,59.77809],[10.63125,59.77804],[10.63118,59.77798],[10.63121,59.7779],[10.63102,59.77781],[10.63088,59.7778],[10.63079,59.77784],[10.6308,59.77795],[10.63055,59.778],[10.63071,59.77804],[10.63068,59.77808],[10.63075,59.77812],[10.63092,59.77814]]]},"properties":{"a":889,"v":3810,"dh":4.29,"pl":0,"c":87}},{"type":"Feature","geometry":{"type":"Polygon","coordinates":[[[10.63212,59.77829],[10.63241,59.77818],[10.63256,59.77824],[10.63274,59.7782],[10.63277,59.77816],[10.63266,59.77806],[10.63273,59.77798],[10.63249,59.77792],[10.63257,59.778],[10.63232,59.77798],[10.63216,59.77804],[10.6322,59.77814],[10.63217,59.77822],[10.63203,59.77826],[10.63212,59.77829]],[[10.63248,59.77811],[10.63259,59.77809],[10.63263,59.77813],[10.63248,59.77817],[10.63248,59.77811]]]},"properties":{"a":763,"v":1422,"dh":1.86,"pl":0,"c":87}},{"type":"Feature","geometry":{"type":"MultiPolygon","coordinates":[[[[10.62969,59.77812],[10.62983,59.77816],[10.63004,59.77804],[10.62972,59.77803],[10.62965,59.77807],[10.62969,59.77812]]],[[[10.62971,59.77816],[10.62969,59.77817],[10.62971,59.77817],[10.62971,59.77816]]],[[[10.62967,59.77822],[10.62967,59.77812],[10.62961,59.7781],[10.62953,59.77817],[10.62935,59.77818],[10.6293,59.77825],[10.62967,59.77822]]]]},"properties":{"a":367,"v":613,"dh":1.67,"pl":0,"c":87}},{"type":"Feature","geometry":{"type":"Polygon","coordinates":[[[10.64149,59.75657],[10.6417,59.75659],[10.64166,59.75645],[10.64175,59.75642],[10.64175,59.75637],[10.64153,59.75634],[10.64149,59.75657]]]},"properties":{"a":303,"v":469,"dh":1.55,"pl":1,"pn":"TEIGEN FYLLPLASS","pd":"1992-12-05","c":79}},{"type":"Feature","geometry":{"type":"Polygon","coordinates":[[[10.64189,59.7568],[10.64194,59.75666],[10.64203,59.75663],[10.64172,59.7566],[10.64171,59.75672],[10.64178,59.75679],[10.64189,59.7568]]]},"properties":{"a":260,"v":-462,"dh":1.78,"pl":1,"pn":"TEIGEN FYLLPLASS","pd":"1992-12-05","c":79}},{"type":"Feature","geometry":{"type":"Polygon","coordinates":[[[10.64163,59.75718],[10.64187,59.75716],[10.64187,59.75711],[10.64183,59.7571],[10.64185,59.757],[10.64179,59.75699],[10.64181,59.75694],[10.64175,59.75691],[10.64177,59.75686],[10.64168,59.7568],[10.64159,59.75682],[10.64163,59.75718]]]},"properties":{"a":484,"v":749,"dh":1.55,"pl":1,"pn":"TEIGEN FYLLPLASS","pd":"1992-12-05","c":79}},{"type":"Feature","geometry":{"type":"Polygon","coordinates":[[[10.64178,59.75785],[10.64187,59.75775],[10.64186,59.75764],[10.64181,59.75759],[10.64183,59.75729],[10.64188,59.75724],[10.64184,59.7572],[10.64163,59.75724],[10.64146,59.75744],[10.64157,59.75752],[10.64147,59.75756],[10.64147,59.7576],[10.64178,59.75771],[10.64163,59.75771],[10.64162,59.75776],[10.64167,59.75779],[10.64166,59.75783],[10.64178,59.75785]],[[10.64166,59.75748],[10.64167,59.75745],[10.64168,59.75748],[10.64166,59.75748]]]},"properties":{"a":1017,"v":1880,"dh":1.85,"pl":1,"pn":"TEIGEN FYLLPLASS","pd":"1992-12-05","c":79}},{"type":"Feature","geometry":{"type":"Polygon","coordinates":[[[10.65176,59.76883],[10.65183,59.76876],[10.65163,59.76875],[10.65156,59.76879],[10.6516,59.76883],[10.65176,59.76883]]]},"properties":{"a":103,"v":-211,"dh":2.05,"pl":0,"c":83}},{"type":"Feature","geometry":{"type":"Polygon","coordinates":[[[10.64748,59.78605],[10.64767,59.78598],[10.64767,59.78592],[10.6474,59.78589],[10.64723,59.78597],[10.64732,59.78603],[10.64748,59.78605]]]},"properties":{"a":297,"v":417,"dh":1.4,"pl":0,"c":84}},{"type":"Feature","geometry":{"type":"Polygon","coordinates":[[[10.64691,59.78606],[10.64698,59.78602],[10.64696,59.78594],[10.64667,59.78597],[10.64671,59.78603],[10.64691,59.78606]]]},"properties":{"a":167,"v":217,"dh":1.3,"pl":0,"c":84}},{"type":"Feature","geometry":{"type":"MultiPolygon","coordinates":[[[[10.64548,59.78628],[10.64573,59.78625],[10.6458,59.7863],[10.64603,59.78624],[10.64606,59.78622],[10.64604,59.78615],[10.64615,59.78611],[10.64565,59.78613],[10.64553,59.78619],[10.64548,59.78628]]],[[[10.6455,59.78629],[10.64551,59.78628],[10.6455,59.78628],[10.6455,59.78629]]]]},"properties":{"a":486,"v":689,"dh":1.42,"pl":0,"c":84}},{"type":"Feature","geometry":{"type":"Polygon","coordinates":[[[10.64702,59.78645],[10.64714,59.78641],[10.64723,59.78632],[10.64722,59.78626],[10.64704,59.78625],[10.64703,59.78638],[10.64691,59.78641],[10.64702,59.78645]]]},"properties":{"a":196,"v":182,"dh":0.93,"pl":0,"sh":1,"c":84}},{"type":"Feature","geometry":{"type":"Polygon","coordinates":[[[10.64349,59.79377],[10.64365,59.79364],[10.6437,59.79354],[10.64357,59.79358],[10.64345,59.79368],[10.64342,59.79377],[10.64349,59.79377]]]},"properties":{"a":137,"v":-180,"dh":1.31,"pl":0,"c":85}},{"type":"Feature","geometry":{"type":"Polygon","coordinates":[[[10.63041,59.77829],[10.6306,59.77824],[10.63065,59.77819],[10.63029,59.77805],[10.63013,59.77806],[10.62997,59.77816],[10.63003,59.77826],[10.63041,59.77829]]]},"properties":{"a":683,"v":-2646,"dh":3.87,"pl":0,"c":87}},{"type":"Feature","geometry":{"type":"Polygon","coordinates":[[[10.6321,59.77824],[10.63216,59.77815],[10.63214,59.77807],[10.63175,59.77814],[10.63179,59.77818],[10.6321,59.77824]]]},"properties":{"a":279,"v":-838,"dh":3.0,"pl":0,"c":87}},{"type":"Feature","geometry":{"type":"Polygon","coordinates":[[[10.63492,59.77842],[10.63496,59.77848],[10.63504,59.77843],[10.63505,59.77849],[10.63498,59.7785],[10.63509,59.77854],[10.63516,59.77854],[10.63519,59.77845],[10.63535,59.7784],[10.63547,59.77848],[10.63562,59.77844],[10.63558,59.77851],[10.63546,59.77855],[10.63553,59.77859],[10.63562,59.77859],[10.6356,59.77851],[10.63569,59.77851],[10.63589,59.77855],[10.63594,59.7786],[10.63615,59.77848],[10.63613,59.77844],[10.63601,59.77845],[10.63604,59.77838],[10.63596,59.7783],[10.63605,59.77831],[10.63599,59.77819],[10.63587,59.77818],[10.63587,59.7781],[10.63596,59.77814],[10.63595,59.77803],[10.63588,59.778],[10.63589,59.77793],[10.63569,59.77781],[10.63548,59.77783],[10.63535,59.77777],[10.63512,59.77778],[10.63505,59.77785],[10.63477,59.77791],[10.63476,59.77798],[10.63463,59.77801],[10.6348,59.77811],[10.63494,59.77812],[10.63492,59.77816],[10.63475,59.77819],[10.63482,59.77822],[10.63479,59.77826],[10.63484,59.77828],[10.63494,59.77819],[10.635,59.7782],[10.6349,59.77836],[10.63499,59.77841],[10.63492,59.77842]],[[10.63499,59.77841],[10.63501,59.77842],[10.63499,59.77842],[10.63499,59.77841]],[[10.63594,59.77845],[10.63597,59.77845],[10.63595,59.77847],[10.63594,59.77845]],[[10.63581,59.77846],[10.6357,59.77842],[10.63594,59.77844],[10.63581,59.77846]],[[10.63593,59.77825],[10.63594,59.77824],[10.63594,59.77825],[10.63593,59.77825]]]},"properties":{"a":4686,"v":-11223,"dh":2.4,"pl":0,"c":86}},{"type":"Feature","geometry":{"type":"Polygon","coordinates":[[[10.63412,59.77843],[10.63436,59.77823],[10.63441,59.77813],[10.63451,59.7781],[10.63453,59.77802],[10.63444,59.77801],[10.63416,59.77816],[10.63414,59.77822],[10.6342,59.77824],[10.63405,59.7784],[10.63412,59.77843]]]},"properties":{"a":374,"v":-590,"dh":1.58,"pl":0,"c":86}},{"type":"Feature","geometry":{"type":"Polygon","coordinates":[[[10.62959,59.77835],[10.62955,59.77828],[10.62973,59.77829],[10.62973,59.77826],[10.6295,59.77824],[10.62936,59.77829],[10.62959,59.77835]]]},"properties":{"a":130,"v":-139,"dh":1.07,"pl":0,"sl":1,"c":87}},{"type":"Feature","geometry":{"type":"Polygon","coordinates":[[[10.6328,59.77841],[10.63281,59.77835],[10.63263,59.77831],[10.63249,59.7782],[10.6324,59.7782],[10.63247,59.77829],[10.6326,59.7783],[10.6325,59.77838],[10.6328,59.77841]]]},"properties":{"a":222,"v":-585,"dh":2.63,"pl":0,"c":87}},{"type":"Feature","geometry":{"type":"Polygon","coordinates":[[[10.63183,59.77854],[10.63197,59.77851],[10.632,59.77842],[10.63183,59.77825],[10.63194,59.77827],[10.63201,59.77823],[10.63149,59.7782],[10.63137,59.77829],[10.63114,59.77833],[10.63123,59.77842],[10.63141,59.77842],[10.63147,59.77848],[10.63183,59.77854]],[[10.63187,59.77837],[10.63173,59.77837],[10.63171,59.77832],[10.63185,59.77832],[10.63187,59.77837]]]},"properties":{"a":1139,"v":2855,"dh":2.51,"pl":0,"c":87}},{"type":"Feature","geometry":{"type":"Polygon","coordinates":[[[10.63245,59.77852],[10.63262,59.77844],[10.63278,59.77843],[10.63246,59.77838],[10.63255,59.77833],[10.63249,59.77831],[10.63237,59.77835],[10.63234,59.77845],[10.63234,59.77849],[10.63245,59.77852]]]},"properties":{"a":254,"v":577,"dh":2.27,"pl":0,"c":87}},{"type":"Feature","geometry":{"type":"Polygon","coordinates":[[[10.63245,59.77862],[10.63232,59.7785],[10.63234,59.77843],[10.63228,59.77841],[10.63232,59.77836],[10.63205,59.77835],[10.632,59.77843],[10.632,59.77848],[10.63212,59.77843],[10.63207,59.77852],[10.63215,59.77858],[10.63245,59.77862]]]},"properties":{"a":413,"v":-1034,"dh":2.5,"pl":0,"c":87}},{"type":"Feature","geometry":{"type":"MultiPolygon","coordinates":[[[[10.63428,59.77843],[10.63424,59.77846],[10.63428,59.77847],[10.63428,59.77843]]],[[[10.63433,59.77845],[10.63421,59.7785],[10.63418,59.7786],[10.63431,59.77863],[10.6347,59.7786],[10.63444,59.77855],[10.63437,59.77847],[10.6344,59.77838],[10.63452,59.77834],[10.6345,59.77829],[10.63435,59.77834],[10.63428,59.77841],[10.63433,59.77845]]]]},"properties":{"a":380,"v":-708,"dh":1.86,"pl":0,"c":86}},{"type":"Feature","geometry":{"type":"Polygon","coordinates":[[[10.63069,59.77865],[10.63095,59.77854],[10.631,59.77845],[10.63084,59.77842],[10.63076,59.77853],[10.63067,59.77856],[10.63052,59.7785],[10.63051,59.77862],[10.63069,59.77865]]]},"properties":{"a":365,"v":-535,"dh":1.47,"pl":0,"c":87}},{"type":"Feature","geometry":{"type":"Polygon","coordinates":[[[10.6298,59.77862],[10.63005,59.77865],[10.63006,59.77858],[10.62997,59.77853],[10.62978,59.77857],[10.6298,59.77862]]]},"properties":{"a":164,"v":-294,"dh":1.79,"pl":0,"c":87}},{"type":"Feature","geometry":{"type":"Polygon","coordinates":[[[10.63505,59.77858],[10.63544,59.77858],[10.63541,59.77854],[10.63505,59.77858]]]},"properties":{"a":100,"v":135,"dh":1.35,"pl":0,"c":86}},{"type":"Feature","geometry":{"type":"Polygon","coordinates":[[[10.63162,59.77904],[10.63192,59.77903],[10.63197,59.77895],[10.63187,59.77881],[10.63178,59.77879],[10.63176,59.7787],[10.6314,59.77862],[10.63124,59.77862],[10.63117,59.77867],[10.63118,59.77872],[10.63132,59.77877],[10.63125,59.77881],[10.6314,59.77885],[10.63138,59.7789],[10.63144,59.77895],[10.63162,59.77904]],[[10.63154,59.77887],[10.63156,59.77886],[10.63156,59.77887],[10.63154,59.77887]]]},"properties":{"a":1256,"v":-4513,"dh":3.59,"pl":0,"c":87}},{"type":"Feature","geometry":{"type":"Polygon","coordinates":[[[10.63055,59.77901],[10.6309,59.77895],[10.63089,59.77879],[10.63066,59.77874],[10.63031,59.77878],[10.62984,59.77874],[10.62979,59.77878],[10.62985,59.77885],[10.63021,59.77894],[10.63045,59.77891],[10.63063,59.77884],[10.63079,59.77887],[10.63076,59.77895],[10.63056,59.77897],[10.63055,59.77901]]]},"properties":{"a":1018,"v":-2084,"dh":2.05,"pl":0,"c":87}},{"type":"Feature","geometry":{"type":"Polygon","coordinates":[[[10.63423,59.77898],[10.63436,59.77895],[10.63423,59.77885],[10.63414,59.77888],[10.63409,59.77884],[10.63398,59.77885],[10.63407,59.77892],[10.63418,59.77891],[10.63423,59.77898]]]},"properties":{"a":151,"v":-235,"dh":1.56,"pl":0,"c":86}},{"type":"Feature","geometry":{"type":"MultiPolygon","coordinates":[[[[10.6297,59.77952],[10.63015,59.77954],[10.62986,59.77947],[10.62966,59.77932],[10.63,59.77944],[10.63069,59.77935],[10.63078,59.77938],[10.63076,59.77933],[10.63086,59.77928],[10.63088,59.77919],[10.63073,59.77918],[10.63067,59.77903],[10.63001,59.77894],[10.62968,59.77876],[10.62931,59.77888],[10.62946,59.77894],[10.62939,59.779],[10.62939,59.77905],[10.62949,59.77913],[10.62951,59.77924],[10.62919,59.77922],[10.62926,59.77931],[10.62896,59.77938],[10.629,59.77945],[10.62921,59.77935],[10.62915,59.77951],[10.62918,59.77952],[10.62954,59.77946],[10.62965,59.77949],[10.62967,59.77955],[10.62972,59.77955],[10.6297,59.77952]],[[10.62984,59.77948],[10.62986,59.77948],[10.62984,59.77948],[10.62984,59.77948]],[[10.62965,59.77931],[10.62955,59.77928],[10.62949,59.77928],[10.62954,59.77925],[10.62965,59.77931]]],[[[10.62974,59.77954],[10.62976,59.77956],[10.62975,59.77954],[10.62974,59.77954]]]]},"properties":{"a":4799,"v":30012,"dh":6.25,"pl":0,"c":87}},{"type":"Feature","geometry":{"type":"Polygon","coordinates":[[[10.63328,59.77923],[10.63339,59.77917],[10.63338,59.77906],[10.63333,59.779],[10.63322,59.77901],[10.6331,59.77918],[10.63318,59.77924],[10.63328,59.77923]]]},"properties":{"a":285,"v":-667,"dh":2.34,"pl":0,"c":86}},{"type":"Feature","geometry":{"type":"Polygon","coordinates":[[[10.63277,59.77929],[10.63323,59.77928],[10.63309,59.77921],[10.63308,59.77915],[10.63319,59.77907],[10.63315,59.77902],[10.63297,59.77903],[10.63292,59.77916],[10.63275,59.77923],[10.63277,59.77929]]]},"properties":{"a":446,"v":807,"dh":1.81,"pl":0,"c":86}},{"type":"Feature","geometry":{"type":"Polygon","coordinates":[[[10.63365,59.77936],[10.63372,59.77932],[10.63384,59.77934],[10.63395,59.77929],[10.63387,59.77924],[10.63387,59.77916],[10.63394,59.77916],[10.63393,59.77903],[10.63384,59.77902],[10.63372,59.77909],[10.63365,59.77906],[10.63369,59.77911],[10.63364,59.77921],[10.63334,59.77927],[10.63341,59.77934],[10.63365,59.77936]]]},"properties":{"a":644,"v":-1288,"dh":2.0,"pl":0,"c":86}},{"type":"Feature","geometry":{"type":"Polygon","coordinates":[[[10.62924,59.77884],[10.62947,59.7788],[10.62963,59.77871],[10.6295,59.77865],[10.62934,59.77866],[10.62915,59.77882],[10.62924,59.77884]]]},"properties":{"a":296,"v":-756,"dh":2.55,"pl":0,"c":87}},{"type":"Feature","geometry":{"type":"Polygon","coordinates":[[[10.62769,59.77883],[10.62805,59.77881],[10.6281,59.77878],[10.62786,59.77872],[10.62763,59.77876],[10.62783,59.77879],[10.62769,59.77883]]]},"properties":{"a":169,"v":-247,"dh":1.46,"pl":0,"fo":1,"c":87}},{"type":"Feature","geometry":{"type":"Polygon","coordinates":[[[10.62641,59.77919],[10.62662,59.77922],[10.62658,59.77913],[10.62645,59.77908],[10.62635,59.7791],[10.62641,59.77919]]]},"properties":{"a":156,"v":194,"dh":1.25,"pl":0,"c":87}},{"type":"Feature","geometry":{"type":"MultiPolygon","coordinates":[[[[10.62911,59.77944],[10.62895,59.77946],[10.62894,59.77936],[10.62887,59.77932],[10.62889,59.77926],[10.62871,59.77922],[10.62883,59.77922],[10.62875,59.77912],[10.62849,59.7791],[10.62852,59.77903],[10.62848,59.77898],[10.6286,59.77887],[10.62851,59.77885],[10.62848,59.77889],[10.62842,59.77881],[10.62844,59.77889],[10.62837,59.77893],[10.62826,59.77894],[10.62821,59.77883],[10.62805,59.77884],[10.62817,59.77887],[10.62823,59.77894],[10.62805,59.77891],[10.62798,59.77897],[10.6278,59.77899],[10.6277,59.77896],[10.62768,59.77893],[10.62773,59.77889],[10.62737,59.77884],[10.62732,59.77891],[10.62753,59.77892],[10.62763,59.77897],[10.62743,59.77896],[10.62732,59.779],[10.62679,59.77899],[10.62677,59.77896],[10.627,59.77894],[10.62687,59.77887],[10.62668,59.77886],[10.62661,59.7789],[10.62663,59.77895],[10.62649,59.77902],[10.62666,59.77917],[10.62691,59.7792],[10.62689,59.77924],[10.62697,59.77935],[10.62696,59.77949],[10.62706,59.77951],[10.62716,59.77961],[10.6271,59.77962],[10.62711,59.77968],[10.62727,59.77971],[10.62814,59.77969],[10.62825,59.77975],[10.62833,59.77964],[10.62851,59.77965],[10.62853,59.77959],[10.62869,59.77955],[10.62904,59.77956],[10.62915,59.77947],[10.62911,59.77944]],[[10.62882,59.7793],[10.62884,59.77933],[10.62882,59.77933],[10.62882,59.7793]],[[10.62678,59.77915],[10.62672,59.77913],[10.6268,59.77913],[10.62678,59.77915]]],[[[10.62913,59.77941],[10.62916,59.77942],[10.62916,59.7794],[10.62913,59.77941]]]]},"properties":{"a":9169,"v":-109476,"dh":11.94,"pl":0,"c":87}},{"type":"Feature","geometry":{"type":"Polygon","coordinates":[[[10.62915,59.77961],[10.6294,59.77962],[10.62942,59.77959],[10.62931,59.77955],[10.62915,59.77961]]]},"properties":{"a":101,"v":228,"dh":2.26,"pl":0,"c":87}},{"type":"Feature","geometry":{"type":"Polygon","coordinates":[[[10.62727,59.7798],[10.62768,59.77977],[10.62777,59.7798],[10.62813,59.77977],[10.62804,59.77972],[10.62788,59.77974],[10.6279,59.77978],[10.62766,59.77973],[10.62743,59.77976],[10.627,59.77969],[10.62673,59.77959],[10.62662,59.7796],[10.62675,59.77971],[10.62727,59.7798]]]},"properties":{"a":581,"v":734,"dh":1.26,"pl":0,"fo":1,"c":87}},{"type":"Feature","geometry":{"type":"Polygon","coordinates":[[[10.62068,59.79153],[10.62078,59.79143],[10.62076,59.79141],[10.62057,59.79147],[10.62059,59.79153],[10.62068,59.79153]]]},"properties":{"a":106,"v":167,"dh":1.57,"pl":0,"fo":1,"c":88}},{"type":"Feature","geometry":{"type":"Polygon","coordinates":[[[10.62428,59.79553],[10.62465,59.7955],[10.6247,59.79546],[10.62438,59.79545],[10.62428,59.79553]]]},"properties":{"a":138,"v":191,"dh":1.38,"pl":1,"pn":"FV.C44 FJELLSTRANDKRYSSET-FJELLSTRAND SKOLE","pd":"1978-06-08","fo":1,"c":89}},{"type":"Feature","geometry":{"type":"Polygon","coordinates":[[[10.62785,59.79673],[10.62815,59.79678],[10.62819,59.7967],[10.62831,59.79666],[10.62811,59.79656],[10.62782,59.79655],[10.62788,59.79665],[10.62801,59.79667],[10.62786,59.79666],[10.62785,59.79673]],[[10.62808,59.79662],[10.62809,59.7966],[10.62809,59.79662],[10.62808,59.79662]]]},"properties":{"a":430,"v":538,"dh":1.25,"pl":0,"c":90}},{"type":"Feature","geometry":{"type":"Polygon","coordinates":[[[10.62579,59.79686],[10.62571,59.79667],[10.6256,59.79666],[10.62568,59.79679],[10.62579,59.79686]]]},"properties":{"a":105,"v":91,"dh":0.87,"pl":0,"sh":1,"c":91}},{"type":"Feature","geometry":{"type":"Polygon","coordinates":[[[10.63088,59.77952],[10.63098,59.77948],[10.631,59.77942],[10.63135,59.77934],[10.63124,59.77927],[10.63119,59.77932],[10.63089,59.77935],[10.63084,59.77941],[10.63088,59.7795],[10.63073,59.7795],[10.63088,59.77952]]]},"properties":{"a":321,"v":551,"dh":1.72,"pl":0,"c":87}},{"type":"Feature","geometry":{"type":"Polygon","coordinates":[[[10.63032,59.77948],[10.63077,59.77947],[10.6308,59.77942],[10.63048,59.77938],[10.63027,59.77941],[10.63032,59.77948]]]},"properties":{"a":286,"v":-969,"dh":3.39,"pl":0,"sl":1,"c":87}},{"type":"Feature","geometry":{"type":"MultiPolygon","coordinates":[[[[10.63147,59.77934],[10.63166,59.77943],[10.63178,59.77942],[10.63164,59.77938],[10.63158,59.77932],[10.63147,59.77934]]],[[[10.63146,59.77935],[10.63112,59.77941],[10.63096,59.7795],[10.63139,59.77953],[10.6315,59.77947],[10.63146,59.77935]]]]},"properties":{"a":424,"v":-1304,"dh":3.08,"pl":0,"c":87}},{"type":"Feature","geometry":{"type":"Polygon","coordinates":[[[10.62947,59.77963],[10.62985,59.77963],[10.62995,59.77958],[10.62947,59.77959],[10.62947,59.77963]]]},"properties":{"a":173,"v":-287,"dh":1.66,"pl":0,"c":87}},{"type":"Feature","geometry":{"type":"Polygon","coordinates":[[[10.63556,59.78246],[10.63593,59.78242],[10.63587,59.78227],[10.63554,59.78228],[10.63556,59.78246]]]},"properties":{"a":388,"v":807,"dh":2.08,"pl":0,"fo":1,"c":92}},{"type":"Feature","geometry":{"type":"Polygon","coordinates":[[[10.63518,59.78262],[10.63517,59.78253],[10.63503,59.78244],[10.63503,59.78257],[10.63518,59.78262]]]},"properties":{"a":101,"v":-136,"dh":1.34,"pl":0,"fo":1,"c":92}},{"type":"Feature","geometry":{"type":"Polygon","coordinates":[[[10.63573,59.78288],[10.63585,59.78286],[10.63563,59.78275],[10.63552,59.78277],[10.63573,59.78288]]]},"properties":{"a":123,"v":124,"dh":1.01,"pl":0,"fo":1,"c":92}},{"type":"Feature","geometry":{"type":"Polygon","coordinates":[[[10.63822,59.79194],[10.63829,59.7919],[10.6383,59.79183],[10.63843,59.7918],[10.6384,59.79172],[10.63867,59.79169],[10.63842,59.79166],[10.63823,59.79171],[10.63815,59.79191],[10.63822,59.79194]]]},"properties":{"a":304,"v":434,"dh":1.43,"pl":0,"fo":1,"c":93}},{"type":"Feature","geometry":{"type":"Polygon","coordinates":[[[10.64326,59.79341],[10.64333,59.79335],[10.64332,59.79322],[10.64327,59.79317],[10.64289,59.79314],[10.64281,59.79325],[10.64326,59.79341]]]},"properties":{"a":603,"v":-1298,"dh":2.15,"pl":0,"c":85}},{"type":"Feature","geometry":{"type":"Polygon","coordinates":[[[10.63602,59.80464],[10.63604,59.80457],[10.63599,59.80456],[10.63596,59.80447],[10.63587,59.8044],[10.6359,59.80461],[10.63602,59.80464]]]},"properties":{"a":132,"v":-282,"dh":2.13,"pl":0,"fo":1,"c":94}},{"type":"Feature","geometry":{"type":"Polygon","coordinates":[[[10.65132,59.79422],[10.65174,59.79405],[10.65172,59.79392],[10.65166,59.79385],[10.65154,59.79385],[10.65157,59.79383],[10.65153,59.79376],[10.6515,59.79376],[10.65153,59.794],[10.65115,59.79398],[10.6511,59.79411],[10.65097,59.79403],[10.65096,59.79419],[10.65132,59.79422]]]},"properties":{"a":1006,"v":1866,"dh":1.86,"pl":0,"fo":1,"c":95}},{"type":"Feature","geometry":{"type":"Polygon","coordinates":[[[10.64516,59.79584],[10.64522,59.79582],[10.64518,59.79572],[10.64489,59.79571],[10.64516,59.79584]]]},"properties":{"a":126,"v":181,"dh":1.44,"pl":0,"c":96}},{"type":"Feature","geometry":{"type":"Polygon","coordinates":[[[10.65458,59.79949],[10.65458,59.79946],[10.65468,59.79942],[10.65459,59.79943],[10.65461,59.79939],[10.65448,59.79929],[10.65446,59.7992],[10.65428,59.79916],[10.65435,59.79928],[10.6543,59.79931],[10.65432,59.79941],[10.65458,59.79949]]]},"properties":{"a":374,"v":467,"dh":1.25,"pl":0,"fo":1,"c":97}},{"type":"Feature","geometry":{"type":"Polygon","coordinates":[[[10.65332,59.80286],[10.65361,59.80294],[10.65359,59.8029],[10.65384,59.8029],[10.65381,59.80271],[10.65393,59.80267],[10.65393,59.80263],[10.65382,59.80264],[10.6538,59.80261],[10.65383,59.80239],[10.654,59.80229],[10.65393,59.80221],[10.65386,59.80223],[10.65384,59.80219],[10.65366,59.80213],[10.65348,59.80215],[10.65345,59.80222],[10.65332,59.80216],[10.65332,59.80223],[10.65327,59.80225],[10.65325,59.80216],[10.65337,59.80211],[10.65342,59.80198],[10.65313,59.80196],[10.65298,59.80213],[10.65304,59.8022],[10.65302,59.80232],[10.65332,59.80286]],[[10.65375,59.80288],[10.65376,59.80287],[10.65376,59.80288],[10.65375,59.80288]],[[10.65362,59.80276],[10.65363,59.80275],[10.65363,59.80276],[10.65362,59.80276]],[[10.65338,59.80259],[10.65343,59.8026],[10.65343,59.80261],[10.65338,59.80262],[10.65338,59.80259]],[[10.65375,59.80227],[10.65377,59.80226],[10.65377,59.80227],[10.65375,59.80227]],[[10.65391,59.80226],[10.65393,59.80225],[10.65393,59.80226],[10.65391,59.80226]],[[10.65332,59.80211],[10.65333,59.8021],[10.65333,59.80211],[10.65332,59.80211]]]},"properties":{"a":3670,"v":6743,"dh":1.84,"pl":0,"c":98}},{"type":"Feature","geometry":{"type":"Polygon","coordinates":[[[10.65361,59.8034],[10.65388,59.80342],[10.65386,59.80333],[10.6538,59.8033],[10.65371,59.8033],[10.65361,59.8034]]]},"properties":{"a":160,"v":256,"dh":1.6,"pl":0,"fo":1,"c":98}},{"type":"Feature","geometry":{"type":"Polygon","coordinates":[[[10.64749,59.81519],[10.64774,59.81519],[10.64769,59.81514],[10.64772,59.81515],[10.64778,59.81495],[10.64753,59.81492],[10.64734,59.81498],[10.64749,59.81519]],[[10.64758,59.81516],[10.64756,59.81515],[10.64758,59.81515],[10.64758,59.81516]],[[10.64756,59.81515],[10.64754,59.81514],[10.64756,59.81514],[10.64756,59.81515]]]},"properties":{"a":503,"v":546,"dh":1.08,"pl":0,"fo":1,"c":99}},{"type":"Feature","geometry":{"type":"Polygon","coordinates":[[[10.64833,59.81519],[10.64823,59.81503],[10.64789,59.81501],[10.64799,59.81511],[10.64809,59.8151],[10.64833,59.81519]]]},"properties":{"a":255,"v":320,"dh":1.26,"pl":0,"fo":1,"c":99}},{"type":"Feature","geometry":{"type":"Polygon","coordinates":[[[10.64602,59.81537],[10.64641,59.81535],[10.64643,59.81528],[10.64662,59.81524],[10.64674,59.81515],[10.64656,59.81503],[10.64581,59.81503],[10.64585,59.81508],[10.64578,59.81513],[10.64596,59.81518],[10.64603,59.81526],[10.64602,59.81537]]]},"properties":{"a":1407,"v":3069,"dh":2.18,"pl":0,"fo":1,"c":99}},{"type":"Feature","geometry":{"type":"Polygon","coordinates":[[[10.64706,59.81576],[10.64702,59.81574],[10.64703,59.81561],[10.64696,59.81555],[10.64706,59.81554],[10.6472,59.81543],[10.64697,59.81539],[10.64688,59.81552],[10.64678,59.81556],[10.64682,59.81567],[10.64706,59.81576]]]},"properties":{"a":412,"v":460,"dh":1.12,"pl":0,"fo":1,"c":99}},{"type":"Feature","geometry":{"type":"Polygon","coordinates":[[[10.64787,59.81593],[10.64792,59.81588],[10.64791,59.81581],[10.64802,59.81578],[10.64792,59.81566],[10.64778,59.81566],[10.64778,59.81563],[10.64789,59.8156],[10.64748,59.8156],[10.64758,59.81562],[10.64762,59.81568],[10.64767,59.81564],[10.64775,59.81565],[10.64771,59.81572],[10.64763,59.81574],[10.64763,59.8158],[10.6477,59.81584],[10.64772,59.81592],[10.64787,59.81593]]]},"properties":{"a":544,"v":646,"dh":1.19,"pl":0,"fo":1,"c":99}},{"type":"Feature","geometry":{"type":"Polygon","coordinates":[[[10.68296,59.77303],[10.68301,59.77292],[10.68298,59.77285],[10.68304,59.77281],[10.68301,59.77276],[10.6831,59.77268],[10.68289,59.77275],[10.68297,59.77283],[10.68291,59.77282],[10.68293,59.77291],[10.68289,59.77302],[10.68296,59.77303]]]},"properties":{"a":175,"v":160,"dh":0.92,"pl":0,"sh":1,"c":100}},{"type":"Feature","geometry":{"type":"Polygon","coordinates":[[[10.6887,59.77631],[10.6888,59.77626],[10.68882,59.77618],[10.68887,59.77615],[10.68885,59.77609],[10.6886,59.77607],[10.68863,59.77612],[10.68871,59.77611],[10.68869,59.77619],[10.68857,59.77619],[10.68853,59.77624],[10.6887,59.77631]]]},"properties":{"a":296,"v":436,"dh":1.47,"pl":0,"c":101}},{"type":"Feature","geometry":{"type":"Polygon","coordinates":[[[10.68409,59.77711],[10.6843,59.77698],[10.6843,59.77678],[10.68396,59.77675],[10.68382,59.77679],[10.68383,59.77683],[10.68404,59.77685],[10.68418,59.77682],[10.68417,59.77696],[10.68409,59.77707],[10.68409,59.77711]]]},"properties":{"a":433,"v":668,"dh":1.54,"pl":0,"c":102}},{"type":"Feature","geometry":{"type":"Polygon","coordinates":[[[10.68899,59.77709],[10.68922,59.77709],[10.68914,59.77706],[10.68914,59.777],[10.68921,59.777],[10.68919,59.77694],[10.68902,59.77697],[10.68899,59.77709]]]},"properties":{"a":190,"v":-270,"dh":1.42,"pl":0,"c":103}},{"type":"Feature","geometry":{"type":"Polygon","coordinates":[[[10.68965,59.78035],[10.68964,59.78018],[10.6895,59.78018],[10.68948,59.78024],[10.68965,59.78035]]]},"properties":{"a":108,"v":128,"dh":1.19,"pl":0,"c":104}},{"type":"Feature","geometry":{"type":"Polygon","coordinates":[[[10.68391,59.78062],[10.68389,59.78054],[10.68399,59.78051],[10.68397,59.78043],[10.68378,59.78044],[10.68369,59.78052],[10.68371,59.78057],[10.68391,59.78062]]]},"properties":{"a":221,"v":201,"dh":0.91,"pl":0,"sh":1,"c":105}},{"type":"Feature","geometry":{"type":"Polygon","coordinates":[[[10.68833,59.78696],[10.68836,59.78691],[10.6883,59.78673],[10.68818,59.78681],[10.68815,59.78694],[10.68833,59.78696]]]},"properties":{"a":185,"v":-169,"dh":0.91,"pl":0,"sh":1,"c":106}},{"type":"Feature","geometry":{"type":"Polygon","coordinates":[[[10.68753,59.79125],[10.68854,59.79123],[10.68854,59.79117],[10.68836,59.79113],[10.68845,59.79108],[10.68844,59.79103],[10.68858,59.79099],[10.68849,59.7909],[10.68852,59.7908],[10.68835,59.79062],[10.68837,59.79058],[10.68814,59.79061],[10.68817,59.79053],[10.6881,59.79051],[10.68806,59.79043],[10.68816,59.7904],[10.68814,59.79038],[10.68768,59.79036],[10.68749,59.79046],[10.68753,59.79055],[10.6875,59.79073],[10.6876,59.79098],[10.68737,59.791],[10.68739,59.79104],[10.68731,59.79107],[10.68743,59.79112],[10.68753,59.79125]]]},"properties":{"a":4806,"v":9799,"dh":2.04,"pl":1,"pn":"Områdeplan Bomansvik","pd":"2014-10-16","c":107}},{"type":"Feature","geometry":{"type":"Polygon","coordinates":[[[10.68617,59.79118],[10.68663,59.79114],[10.68727,59.7911],[10.68709,59.79108],[10.68702,59.79101],[10.68684,59.79101],[10.6862,59.79108],[10.68624,59.79114],[10.68617,59.79118]]]},"properties":{"a":619,"v":-886,"dh":1.43,"pl":1,"pn":"Områdeplan Bomansvik","pd":"2014-10-16","fo":1,"c":107}},{"type":"Feature","geometry":{"type":"MultiPolygon","coordinates":[[[[10.68284,59.79117],[10.68282,59.79118],[10.68284,59.79118],[10.68284,59.79117]]],[[[10.68286,59.79118],[10.683,59.79128],[10.68326,59.79134],[10.68332,59.79129],[10.68327,59.79126],[10.68327,59.7912],[10.68309,59.79117],[10.6831,59.79111],[10.68296,59.79112],[10.68289,59.79106],[10.68286,59.79118]]]]},"properties":{"a":364,"v":457,"dh":1.25,"pl":1,"pn":"Områdeplan Bomansvik","pd":"2014-10-16","fo":1,"c":108}},{"type":"Feature","geometry":{"type":"Polygon","coordinates":[[[10.68149,59.77537],[10.68156,59.7753],[10.6815,59.77521],[10.68132,59.77521],[10.68136,59.77532],[10.68149,59.77537]]]},"properties":{"a":166,"v":201,"dh":1.21,"pl":0,"fo":1,"c":109}},{"type":"Feature","geometry":{"type":"Polygon","coordinates":[[[10.67769,59.78062],[10.67771,59.78056],[10.67757,59.78028],[10.67744,59.78021],[10.67769,59.78062]]]},"properties":{"a":130,"v":224,"dh":1.72,"pl":0,"sl":1,"c":110}},{"type":"Feature","geometry":{"type":"Polygon","coordinates":[[[10.67935,59.78214],[10.6796,59.78215],[10.67953,59.78211],[10.6796,59.78207],[10.67958,59.78203],[10.67933,59.782],[10.67926,59.78208],[10.67937,59.78209],[10.67944,59.78203],[10.67948,59.78209],[10.67935,59.78214]]]},"properties":{"a":174,"v":205,"dh":1.18,"pl":0,"c":111}},{"type":"Feature","geometry":{"type":"Polygon","coordinates":[[[10.67903,59.78236],[10.6794,59.78228],[10.67956,59.78235],[10.67963,59.7823],[10.67963,59.78224],[10.67952,59.78219],[10.67916,59.7822],[10.67893,59.78227],[10.67895,59.78233],[10.67903,59.78236]]]},"properties":{"a":485,"v":1219,"dh":2.51,"pl":0,"c":111}},{"type":"Feature","geometry":{"type":"Polygon","coordinates":[[[10.68034,59.78255],[10.68032,59.78248],[10.68022,59.78242],[10.68029,59.78236],[10.68024,59.78213],[10.68003,59.78206],[10.6799,59.78208],[10.67991,59.78212],[10.68001,59.78211],[10.68003,59.78218],[10.67982,59.7822],[10.67988,59.78224],[10.67985,59.78239],[10.67996,59.78247],[10.68019,59.78243],[10.68025,59.78253],[10.68034,59.78255]]]},"properties":{"a":898,"v":-2512,"dh":2.8,"pl":0,"c":111}},{"type":"Feature","geometry":{"type":"Polygon","coordinates":[[[10.67932,59.78245],[10.67937,59.78237],[10.67945,59.78235],[10.6794,59.78231],[10.67919,59.78235],[10.67923,59.78242],[10.67919,59.78245],[10.67932,59.78245]]]},"properties":{"a":136,"v":-202,"dh":1.49,"pl":0,"c":111}},{"type":"Feature","geometry":{"type":"Polygon","coordinates":[[[10.68034,59.78261],[10.68034,59.78257],[10.68023,59.78254],[10.68015,59.78246],[10.67989,59.78252],[10.67989,59.7826],[10.67982,59.7826],[10.67977,59.78257],[10.67976,59.78249],[10.67952,59.78253],[10.67951,59.78248],[10.67935,59.78244],[10.6793,59.78248],[10.67916,59.78248],[10.67906,59.78266],[10.67913,59.78273],[10.67954,59.78274],[10.6796,59.78282],[10.67975,59.78283],[10.67979,59.78271],[10.67988,59.78273],[10.67989,59.78279],[10.68003,59.78284],[10.68003,59.7829],[10.6802,59.78301],[10.68013,59.78304],[10.68012,59.78315],[10.67991,59.78318],[10.67986,59.78328],[10.68014,59.7833],[10.68037,59.78321],[10.6804,59.78314],[10.68034,59.78295],[10.68037,59.78283],[10.68046,59.78278],[10.68042,59.78269],[10.68047,59.78263],[10.68046,59.7825],[10.68036,59.7824],[10.68031,59.78241],[10.68037,59.78251],[10.68034,59.78261]],[[10.68032,59.78263],[10.68036,59.78267],[10.68029,59.78267],[10.68032,59.78263]],[[10.68025,59.78289],[10.68016,59.78289],[10.68012,59.78285],[10.68023,59.78286],[10.68025,59.78289]]]},"properties":{"a":3267,"v":10333,"dh":3.16,"pl":0,"c":111}},{"type":"Feature","geometry":{"type":"Polygon","coordinates":[[[10.67747,59.78357],[10.67789,59.78357],[10.67794,59.78344],[10.67806,59.78339],[10.67811,59.7833],[10.67806,59.783],[10.67802,59.78298],[10.67783,59.78302],[10.67768,59.78319],[10.67772,59.78329],[10.67756,59.78335],[10.67751,59.78347],[10.67743,59.78351],[10.67747,59.78357]]]},"properties":{"a":1467,"v":3744,"dh":2.55,"pl":0,"fo":1,"c":112}},{"type":"Feature","geometry":{"type":"Polygon","coordinates":[[[10.68224,59.79136],[10.68225,59.79123],[10.68238,59.79125],[10.68255,59.79121],[10.68258,59.79107],[10.68239,59.79106],[10.68214,59.79117],[10.68218,59.79127],[10.68211,59.79129],[10.68224,59.79136]]]},"properties":{"a":440,"v":485,"dh":1.1,"pl":1,"pn":"Områdeplan Bomansvik","pd":"2014-10-16","fo":1,"c":108}},{"type":"Feature","geometry":{"type":"Polygon","coordinates":[[[10.68167,59.79161],[10.6817,59.79157],[10.68164,59.79152],[10.68152,59.79157],[10.68137,59.79145],[10.68128,59.79146],[10.68138,59.79158],[10.68167,59.79161]]]},"properties":{"a":171,"v":176,"dh":1.03,"pl":1,"pn":"Områdeplan Bomansvik","pd":"2014-10-16","fo":1,"c":108}},{"type":"Feature","geometry":{"type":"Polygon","coordinates":[[[10.70727,59.77821],[10.70728,59.77817],[10.70723,59.77816],[10.70721,59.7781],[10.70706,59.77806],[10.70699,59.77798],[10.707,59.77785],[10.7068,59.77782],[10.70688,59.77794],[10.70687,59.77806],[10.70727,59.77821]]]},"properties":{"a":361,"v":367,"dh":1.02,"pl":1,"pn":"Blylaget","pd":"2013-11-07","fo":1,"c":113}},{"type":"Feature","geometry":{"type":"Polygon","coordinates":[[[10.69409,59.77895],[10.69421,59.7789],[10.69419,59.77881],[10.69399,59.7788],[10.69404,59.77884],[10.69396,59.77888],[10.69409,59.77895]],[[10.6941,59.77891],[10.69414,59.77888],[10.69414,59.7789],[10.6941,59.77891]]]},"properties":{"a":151,"v":-148,"dh":0.98,"pl":0,"sh":1,"c":114}},{"type":"Feature","geometry":{"type":"Polygon","coordinates":[[[10.70294,59.77893],[10.70313,59.77892],[10.703,59.7788],[10.70295,59.77881],[10.70294,59.77893]]]},"properties":{"a":119,"v":117,"dh":0.98,"pl":1,"pn":"Blylaget","pd":"2013-11-07","sh":1,"c":115}},{"type":"Feature","geometry":{"type":"Polygon","coordinates":[[[10.70661,59.77931],[10.707,59.77934],[10.707,59.77924],[10.70659,59.77922],[10.70664,59.77926],[10.70659,59.77928],[10.70661,59.77931]]]},"properties":{"a":278,"v":340,"dh":1.22,"pl":1,"pn":"Blylaget","pd":"2013-11-07","fo":1,"c":113}},{"type":"Feature","geometry":{"type":"Polygon","coordinates":[[[10.70834,59.78153],[10.70839,59.78143],[10.70835,59.7813],[10.70814,59.78135],[10.70832,59.78146],[10.70825,59.78153],[10.70834,59.78153]]]},"properties":{"a":174,"v":151,"dh":0.87,"pl":1,"pn":"Blylaget","pd":"2013-11-07","sh":1,"c":116}},{"type":"Feature","geometry":{"type":"Polygon","coordinates":[[[10.70527,59.78202],[10.70534,59.78195],[10.70532,59.78188],[10.70521,59.78188],[10.70516,59.78191],[10.70516,59.78198],[10.70527,59.78202]]]},"properties":{"a":123,"v":111,"dh":0.9,"pl":1,"pn":"Blylaget","pd":"2013-11-07","sh":1,"c":116}},{"type":"Feature","geometry":{"type":"MultiPolygon","coordinates":[[[[10.69581,59.7823],[10.69573,59.78226],[10.6957,59.78227],[10.69581,59.7823]]],[[[10.69581,59.78231],[10.69573,59.78231],[10.69579,59.78232],[10.69577,59.78239],[10.69583,59.78239],[10.69583,59.7825],[10.69589,59.78254],[10.69588,59.78262],[10.696,59.78262],[10.69605,59.78254],[10.69594,59.78255],[10.6959,59.78249],[10.69593,59.78236],[10.69582,59.7823],[10.69581,59.7823],[10.69581,59.78231]]]]},"properties":{"a":235,"v":-268,"dh":1.14,"pl":0,"c":117}},{"type":"Feature","geometry":{"type":"Polygon","coordinates":[[[10.69372,59.78305],[10.69388,59.78299],[10.69388,59.78295],[10.69363,59.78297],[10.69349,59.78293],[10.69351,59.78298],[10.69372,59.78305]]]},"properties":{"a":163,"v":182,"dh":1.12,"pl":0,"c":118}},{"type":"Feature","geometry":{"type":"Polygon","coordinates":[[[10.69727,59.78337],[10.69744,59.7833],[10.69748,59.78308],[10.69757,59.78305],[10.69755,59.78293],[10.69749,59.78289],[10.6971,59.78288],[10.69673,59.78306],[10.69678,59.78317],[10.69703,59.78316],[10.69708,59.78321],[10.69707,59.78328],[10.69701,59.78329],[10.69703,59.78335],[10.69727,59.78337]],[[10.697,59.78305],[10.69688,59.78306],[10.69689,59.78303],[10.697,59.78305]]]},"properties":{"a":1647,"v":5858,"dh":3.56,"pl":0,"fo":1,"c":119}},{"type":"Feature","geometry":{"type":"Polygon","coordinates":[[[10.70038,59.78953],[10.70052,59.78951],[10.70055,59.78947],[10.70041,59.78939],[10.70032,59.78947],[10.70038,59.78953]]]},"properties":{"a":129,"v":-130,"dh":1.01,"pl":1,"pn":"Bomansvik Gnr/Bnr 14/132,133","pd":"2018-02-28","fo":1,"c":120}},{"type":"Feature","geometry":{"type":"Polygon","coordinates":[[[10.69915,59.78957],[10.69943,59.78954],[10.6995,59.78949],[10.69938,59.78946],[10.69915,59.78957]]]},"properties":{"a":121,"v":-191,"dh":1.58,"pl":1,"pn":"Bomansvik Gnr/Bnr 14/132,133","pd":"2018-02-28","fo":1,"c":120}},{"type":"Feature","geometry":{"type":"Polygon","coordinates":[[[10.69976,59.78974],[10.6999,59.78959],[10.70013,59.78951],[10.70009,59.78945],[10.7002,59.78945],[10.70035,59.78935],[10.70016,59.78938],[10.69951,59.78962],[10.69968,59.78974],[10.69976,59.78974]]]},"properties":{"a":539,"v":783,"dh":1.45,"pl":1,"pn":"Bomansvik Gnr/Bnr 14/132,133","pd":"2018-02-28","fo":1,"c":120}},{"type":"Feature","geometry":{"type":"Polygon","coordinates":[[[10.70019,59.78977],[10.70035,59.78971],[10.70021,59.78966],[10.70026,59.78963],[10.70024,59.78959],[10.70004,59.78957],[10.69994,59.78963],[10.69996,59.78969],[10.70019,59.78977]]]},"properties":{"a":311,"v":306,"dh":0.99,"pl":1,"pn":"Bomansvik Gnr/Bnr 14/132,133","pd":"2018-02-28","sh":1,"c":121}},{"type":"Feature","geometry":{"type":"Polygon","coordinates":[[[10.69867,59.78995],[10.6992,59.78985],[10.69925,59.78982],[10.69927,59.78974],[10.69918,59.78973],[10.69869,59.78989],[10.69867,59.78995]]]},"properties":{"a":350,"v":502,"dh":1.43,"pl":1,"pn":"Bomansvik Gnr/Bnr 14/132,133","pd":"2018-02-28","fo":1,"c":120}},{"type":"Feature","geometry":{"type":"Polygon","coordinates":[[[10.70043,59.78994],[10.7005,59.7899],[10.70048,59.78982],[10.70039,59.78981],[10.70029,59.78987],[10.70033,59.78994],[10.70043,59.78994]]]},"properties":{"a":123,"v":111,"dh":0.9,"pl":1,"pn":"Bomansvik Gnr/Bnr 14/132,133","pd":"2018-02-28","sh":1,"c":121}},{"type":"Feature","geometry":{"type":"Polygon","coordinates":[[[10.70039,59.79004],[10.7006,59.78999],[10.70076,59.79003],[10.70085,59.78996],[10.70064,59.78986],[10.70052,59.78991],[10.70052,59.78996],[10.70031,59.79002],[10.70039,59.79004]]]},"properties":{"a":299,"v":-371,"dh":1.24,"pl":1,"pn":"Bomansvik Gnr/Bnr 14/132,133","pd":"2018-02-28","fo":1,"c":120}},{"type":"Feature","geometry":{"type":"Polygon","coordinates":[[[10.69873,59.79014],[10.69895,59.79012],[10.69891,59.79003],[10.69871,59.79002],[10.6987,59.79012],[10.69873,59.79014]]]},"properties":{"a":164,"v":261,"dh":1.59,"pl":1,"pn":"Bomansvik Gnr/Bnr 14/132,133","pd":"2018-02-28","fo":1,"c":120}},{"type":"Feature","geometry":{"type":"Polygon","coordinates":[[[10.70021,59.79075],[10.70031,59.79067],[10.70042,59.79038],[10.70084,59.79022],[10.70087,59.79005],[10.70076,59.7901],[10.70064,59.79007],[10.70053,59.79012],[10.70037,59.7901],[10.70004,59.79015],[10.7,59.79024],[10.70008,59.79027],[10.70005,59.79036],[10.70012,59.79044],[10.69998,59.79051],[10.70011,59.79058],[10.70002,59.79065],[10.70013,59.79067],[10.70021,59.79075]]]},"properties":{"a":1700,"v":3088,"dh":1.82,"pl":1,"pn":"Bomansvik Gnr/Bnr 14/132,133","pd":"2018-02-28","fo":1,"c":120}},{"type":"Feature","geometry":{"type":"Polygon","coordinates":[[[10.69668,59.79073],[10.69689,59.79064],[10.69713,59.79046],[10.69721,59.79037],[10.69721,59.79028],[10.6973,59.79025],[10.69733,59.79018],[10.69678,59.79056],[10.6968,59.79064],[10.69666,59.7907],[10.69668,59.79073]]]},"properties":{"a":390,"v":-710,"dh":1.82,"pl":1,"pn":"Bomansvik Gnr/Bnr 14/132,133","pd":"2018-02-28","fo":1,"c":120}},{"type":"Feature","geometry":{"type":"Polygon","coordinates":[[[10.70015,59.79096],[10.70046,59.79085],[10.70049,59.79073],[10.7007,59.79053],[10.70103,59.79044],[10.701,59.79027],[10.7007,59.79028],[10.70046,59.79039],[10.70033,59.79071],[10.70014,59.79089],[10.70015,59.79096]]]},"properties":{"a":1320,"v":-2547,"dh":1.93,"pl":1,"pn":"Bomansvik Gnr/Bnr 14/132,133","pd":"2018-02-28","fo":1,"c":120}},{"type":"Feature","geometry":{"type":"Polygon","coordinates":[[[10.69913,59.7909],[10.69939,59.79084],[10.69941,59.79079],[10.69927,59.79078],[10.69907,59.79084],[10.69913,59.7909]]]},"properties":{"a":161,"v":312,"dh":1.94,"pl":1,"pn":"Bomansvik Gnr/Bnr 14/132,133","pd":"2018-02-28","fo":1,"c":122}},{"type":"Feature","geometry":{"type":"Polygon","coordinates":[[[10.7003,59.79117],[10.70042,59.79116],[10.70058,59.79101],[10.70081,59.79096],[10.70072,59.79091],[10.70069,59.79084],[10.70078,59.79074],[10.70079,59.79065],[10.70075,59.79062],[10.70082,59.79058],[10.70063,59.79063],[10.70052,59.79086],[10.70036,59.79093],[10.70028,59.79104],[10.69995,59.79098],[10.70001,59.79109],[10.7003,59.79117]],[[10.70031,59.79109],[10.70035,59.79106],[10.70035,59.79108],[10.70031,59.79109]]]},"properties":{"a":1037,"v":1386,"dh":1.34,"pl":1,"pn":"Bomansvik Gnr/Bnr 14/132,133","pd":"2018-02-28","fo":1,"c":120}},{"type":"Feature","geometry":{"type":"MultiPolygon","coordinates":[[[[10.69874,59.791],[10.69876,59.79093],[10.69859,59.79083],[10.69825,59.7908],[10.69831,59.79092],[10.69853,59.79096],[10.69849,59.79104],[10.69874,59.791]]],[[[10.69873,59.79102],[10.69867,59.79104],[10.69873,59.79104],[10.69873,59.79102]]]]},"properties":{"a":470,"v":979,"dh":2.08,"pl":1,"pn":"Bomansvik Gnr/Bnr 14/132,133","pd":"2018-02-28","fo":1,"c":122}},{"type":"Feature","geometry":{"type":"Polygon","coordinates":[[[10.69972,59.791],[10.69977,59.79098],[10.69975,59.79091],[10.69984,59.79088],[10.69977,59.79081],[10.69965,59.7909],[10.69972,59.791]]]},"properties":{"a":110,"v":-108,"dh":0.98,"pl":1,"pn":"Bomansvik Gnr/Bnr 14/132,133","pd":"2018-02-28","sh":1,"c":121}},{"type":"Feature","geometry":{"type":"Polygon","coordinates":[[[10.69812,59.79108],[10.6981,59.79092],[10.69826,59.7909],[10.6982,59.79078],[10.698,59.79082],[10.69807,59.79104],[10.69812,59.79108]]]},"properties":{"a":225,"v":-395,"dh":1.76,"pl":1,"pn":"Bomansvik Gnr/Bnr 14/132,133","pd":"2018-02-28","c":122}},{"type":"Feature","geometry":{"type":"Polygon","coordinates":[[[10.69832,59.79105],[10.69833,59.79099],[10.69828,59.79095],[10.69812,59.79095],[10.69819,59.79104],[10.69832,59.79105]]]},"properties":{"a":107,"v":152,"dh":1.42,"pl":1,"pn":"Bomansvik Gnr/Bnr 14/132,133","pd":"2018-02-28","c":122}},{"type":"Feature","geometry":{"type":"Polygon","coordinates":[[[10.70114,59.79112],[10.70126,59.79103],[10.70125,59.79099],[10.70111,59.79099],[10.70122,59.79096],[10.70118,59.79086],[10.70113,59.79091],[10.70093,59.79096],[10.70106,59.79104],[10.70105,59.79112],[10.70114,59.79112]]]},"properties":{"a":258,"v":283,"dh":1.1,"pl":1,"pn":"Bomansvik Gnr/Bnr 14/132,133","pd":"2018-02-28","fo":1,"c":120}},{"type":"Feature","geometry":{"type":"Polygon","coordinates":[[[10.69979,59.7912],[10.6998,59.79115],[10.69975,59.79112],[10.69943,59.79113],[10.69948,59.7912],[10.69979,59.7912]]]},"properties":{"a":134,"v":-136,"dh":1.01,"pl":1,"pn":"Bomansvik Gnr/Bnr 14/132,133","pd":"2018-02-28","fo":1,"c":120}},{"type":"Feature","geometry":{"type":"Polygon","coordinates":[[[10.69992,59.79173],[10.70001,59.79167],[10.70004,59.79138],[10.7,59.79129],[10.70012,59.79119],[10.69963,59.79132],[10.6995,59.79128],[10.69929,59.79134],[10.6993,59.79144],[10.69943,59.79151],[10.69945,59.7916],[10.69963,59.79169],[10.69992,59.79173]]]},"properties":{"a":1673,"v":7458,"dh":4.46,"pl":1,"pn":"Bomansvik Gnr/Bnr 14/132,133","pd":"2018-02-28","fo":1,"c":120}},{"type":"Feature","geometry":{"type":"Polygon","coordinates":[[[10.70423,59.79165],[10.70437,59.79154],[10.70443,59.79146],[10.70441,59.79143],[10.70425,59.79147],[10.70426,59.79151],[10.70414,59.79158],[10.70416,59.79164],[10.70423,59.79165]]]},"properties":{"a":177,"v":-414,"dh":2.34,"pl":1,"pn":"Områdeplan Bomansvik","pd":"2014-10-16","fo":1,"c":123}},{"type":"Feature","geometry":{"type":"Polygon","coordinates":[[[10.69918,59.79261],[10.69925,59.79254],[10.69914,59.79246],[10.69903,59.79246],[10.69905,59.79249],[10.699,59.79251],[10.69918,59.79261]]]},"properties":{"a":131,"v":-155,"dh":1.18,"pl":1,"pn":"Områdeplan Bomansvik","pd":"2014-10-16","fo":1,"c":124}},{"type":"Feature","geometry":{"type":"Polygon","coordinates":[[[10.70186,59.79271],[10.70164,59.7927],[10.70184,59.79276],[10.702,59.7927],[10.702,59.79263],[10.70187,59.79262],[10.70186,59.79271]],[[10.70175,59.79271],[10.70181,59.79273],[10.70175,59.79273],[10.70175,59.79271]]]},"properties":{"a":143,"v":138,"dh":0.97,"pl":2,"pn":"Bomansvik nord","pd":"2023-04-26","sh":1,"c":125}},{"type":"Feature","geometry":{"type":"Polygon","coordinates":[[[10.69423,59.79684],[10.69444,59.79684],[10.69456,59.79677],[10.6945,59.7967],[10.69434,59.79666],[10.69419,59.79679],[10.69423,59.79684]]]},"properties":{"a":287,"v":542,"dh":1.89,"pl":0,"fo":1,"c":126}},{"type":"Feature","geometry":{"type":"Polygon","coordinates":[[[10.6935,59.79696],[10.69348,59.79681],[10.69328,59.79673],[10.69319,59.79673],[10.69295,59.79687],[10.69316,59.79693],[10.69334,59.79685],[10.69343,59.79695],[10.6935,59.79696]]]},"properties":{"a":436,"v":598,"dh":1.37,"pl":0,"c":126}},{"type":"Feature","geometry":{"type":"Polygon","coordinates":[[[10.69466,59.79722],[10.69476,59.79719],[10.69481,59.79712],[10.69455,59.79719],[10.69466,59.79722]]]},"properties":{"a":101,"v":116,"dh":1.15,"pl":0,"fo":1,"c":127}},{"type":"Feature","geometry":{"type":"Polygon","coordinates":[[[10.69743,59.79814],[10.69759,59.79811],[10.69757,59.79805],[10.69748,59.79803],[10.69749,59.79797],[10.69728,59.798],[10.69742,59.79803],[10.69739,59.79807],[10.69745,59.7981],[10.69743,59.79814]]]},"properties":{"a":173,"v":261,"dh":1.51,"pl":0,"fo":1,"c":128}},{"type":"Feature","geometry":{"type":"Polygon","coordinates":[[[10.6958,59.79828],[10.69573,59.79801],[10.69569,59.79793],[10.69564,59.79793],[10.69559,59.79798],[10.69558,59.79812],[10.69569,59.79827],[10.6958,59.79828]]]},"properties":{"a":282,"v":-383,"dh":1.36,"pl":0,"c":129}},{"type":"Feature","geometry":{"type":"Polygon","coordinates":[[[10.69575,59.79847],[10.69588,59.7985],[10.69584,59.79844],[10.69596,59.79841],[10.69566,59.79829],[10.69558,59.79816],[10.69538,59.79821],[10.69542,59.79827],[10.69557,59.79833],[10.69557,59.79839],[10.69571,59.79838],[10.69579,59.79843],[10.69575,59.79847]]]},"properties":{"a":383,"v":416,"dh":1.09,"pl":0,"fo":1,"c":129}},{"type":"Feature","geometry":{"type":"Polygon","coordinates":[[[10.69728,59.7987],[10.69762,59.79868],[10.69774,59.79854],[10.69757,59.79848],[10.69752,59.79853],[10.69729,59.7986],[10.69728,59.7987]]]},"properties":{"a":417,"v":1182,"dh":2.84,"pl":0,"fo":1,"c":128}},{"type":"Feature","geometry":{"type":"Polygon","coordinates":[[[10.6932,59.8008],[10.69329,59.80079],[10.69328,59.80071],[10.69342,59.80057],[10.69341,59.8005],[10.69314,59.80041],[10.69302,59.80043],[10.69292,59.80051],[10.69263,59.80054],[10.69276,59.80061],[10.69284,59.80076],[10.69305,59.80075],[10.6932,59.8008]]]},"properties":{"a":1157,"v":-3123,"dh":2.7,"pl":1,"pn":"Nesodden kirkegård utvidelse","pd":"2013-04-25","fo":1,"c":136}},{"type":"Feature","geometry":{"type":"Polygon","coordinates":[[[10.68355,59.79161],[10.68355,59.7915],[10.68335,59.7915],[10.68332,59.79155],[10.68355,59.79161]]]},"properties":{"a":129,"v":136,"dh":1.05,"pl":1,"pn":"Områdeplan Bomansvik","pd":"2014-10-16","fo":1,"c":108}},{"type":"Feature","geometry":{"type":"Polygon","coordinates":[[[10.68522,59.79136],[10.68526,59.79192],[10.68536,59.79211],[10.68547,59.79213],[10.68546,59.79199],[10.68532,59.79165],[10.6853,59.79131],[10.68535,59.79126],[10.68594,59.79113],[10.68592,59.79109],[10.6852,59.79112],[10.68523,59.79124],[10.68516,59.79132],[10.68522,59.79136]],[[10.68522,59.79132],[10.68523,59.79132],[10.68523,59.79132],[10.68522,59.79132]]]},"properties":{"a":1178,"v":1377,"dh":1.17,"pl":1,"pn":"Områdeplan Bomansvik","pd":"2014-10-16","c":107}},{"type":"Feature","geometry":{"type":"Polygon","coordinates":[[[10.68501,59.79257],[10.68519,59.79253],[10.68522,59.79242],[10.68531,59.79241],[10.68526,59.79218],[10.68531,59.79218],[10.68531,59.7921],[10.68521,59.79198],[10.68511,59.79167],[10.68517,59.79152],[10.68513,59.79146],[10.68515,59.79112],[10.6851,59.79112],[10.68514,59.79118],[10.68503,59.79121],[10.68498,59.79133],[10.68507,59.79167],[10.68496,59.79163],[10.68497,59.79167],[10.68512,59.79181],[10.68507,59.79199],[10.68511,59.79208],[10.68504,59.79209],[10.68512,59.79219],[10.68512,59.79228],[10.68504,59.79238],[10.68507,59.79241],[10.68501,59.79257]]]},"properties":{"a":1206,"v":-2118,"dh":1.76,"pl":1,"pn":"Områdeplan Bomansvik","pd":"2014-10-16","fo":1,"c":107}},{"type":"Feature","geometry":{"type":"Polygon","coordinates":[[[10.68357,59.79217],[10.6836,59.79211],[10.68349,59.7921],[10.68349,59.79206],[10.68357,59.79191],[10.68349,59.79184],[10.68333,59.79181],[10.68338,59.792],[10.68351,59.79217],[10.68357,59.79217]]]},"properties":{"a":284,"v":-366,"dh":1.29,"pl":1,"pn":"Områdeplan Bomansvik","pd":"2014-10-16","fo":1,"c":108}},{"type":"Feature","geometry":{"type":"MultiPolygon","coordinates":[[[[10.68395,59.79272],[10.68391,59.79273],[10.68406,59.79277],[10.68409,59.79268],[10.6839,59.79254],[10.68386,59.79244],[10.6837,59.79242],[10.68375,59.79229],[10.68365,59.79219],[10.68366,59.79226],[10.68355,59.79227],[10.68356,59.79234],[10.68375,59.7926],[10.68395,59.79272]],[[10.68389,59.79268],[10.68395,59.79269],[10.68389,59.79269],[10.68389,59.79268]]],[[[10.6839,59.79272],[10.68391,59.79271],[10.68389,59.79271],[10.6839,59.79272]]]]},"properties":{"a":599,"v":-642,"dh":1.07,"pl":1,"pn":"Områdeplan Bomansvik","pd":"2014-10-16","fo":1,"c":108}},{"type":"Feature","geometry":{"type":"Polygon","coordinates":[[[10.68729,59.79818],[10.68725,59.7981],[10.68741,59.79802],[10.68742,59.79796],[10.68713,59.79774],[10.6872,59.79787],[10.68721,59.79801],[10.68716,59.79811],[10.68722,59.79818],[10.68729,59.79818]]]},"properties":{"a":325,"v":454,"dh":1.4,"pl":0,"fo":1,"c":130}},{"type":"Feature","geometry":{"type":"Polygon","coordinates":[[[10.68535,59.80498],[10.68553,59.80497],[10.68551,59.8049],[10.6854,59.80487],[10.68535,59.80491],[10.68535,59.80498]]]},"properties":{"a":107,"v":-111,"dh":1.04,"pl":0,"fo":1,"c":131}},{"type":"Feature","geometry":{"type":"Polygon","coordinates":[[[10.68438,59.80554],[10.68413,59.80551],[10.68324,59.8055],[10.68338,59.80554],[10.68438,59.80554]]]},"properties":{"a":212,"v":238,"dh":1.12,"pl":0,"fo":1,"c":132}},{"type":"Feature","geometry":{"type":"Polygon","coordinates":[[[10.68759,59.80792],[10.68757,59.80789],[10.68765,59.80786],[10.68763,59.80777],[10.68758,59.80775],[10.68782,59.80766],[10.68805,59.80766],[10.68815,59.80771],[10.68832,59.80769],[10.68832,59.80766],[10.6881,59.80756],[10.68736,59.80773],[10.68746,59.80791],[10.68759,59.80792]]]},"properties":{"a":618,"v":614,"dh":0.99,"pl":0,"fo":1,"c":133}},{"type":"Feature","geometry":{"type":"Polygon","coordinates":[[[10.689,59.80839],[10.68933,59.80818],[10.68931,59.80813],[10.68901,59.8083],[10.68896,59.80835],[10.689,59.80839]]]},"properties":{"a":160,"v":215,"dh":1.34,"pl":0,"c":134}},{"type":"Feature","geometry":{"type":"Polygon","coordinates":[[[10.69166,59.80076],[10.6917,59.80072],[10.69164,59.80069],[10.69132,59.80064],[10.69136,59.80069],[10.69166,59.80076]]]},"properties":{"a":160,"v":-187,"dh":1.17,"pl":1,"pn":"Nesodden kirkegård utvidelse","pd":"2013-04-25","fo":1,"c":135}},{"type":"Feature","geometry":{"type":"Polygon","coordinates":[[[10.69225,59.8007],[10.69202,59.80077],[10.69173,59.8007],[10.69195,59.80082],[10.69215,59.80081],[10.6923,59.80074],[10.69225,59.8007]],[[10.69221,59.80072],[10.69223,59.80073],[10.69221,59.80073],[10.69221,59.80072]]]},"properties":{"a":178,"v":154,"dh":0.86,"pl":1,"pn":"Nesodden kirkegård utvidelse","pd":"2013-04-25","sh":1,"c":136}},{"type":"Feature","geometry":{"type":"Polygon","coordinates":[[[10.69199,59.80097],[10.69217,59.80093],[10.69233,59.80097],[10.6924,59.80092],[10.69245,59.8008],[10.69254,59.8008],[10.69241,59.80075],[10.69197,59.80092],[10.69199,59.80097]]]},"properties":{"a":396,"v":495,"dh":1.25,"pl":1,"pn":"Nesodden kirkegård utvidelse","pd":"2013-04-25","fo":1,"c":136}},{"type":"Feature","geometry":{"type":"Polygon","coordinates":[[[10.69173,59.80099],[10.69176,59.80087],[10.69165,59.80082],[10.69162,59.80095],[10.69173,59.80099]]]},"properties":{"a":106,"v":-118,"dh":1.11,"pl":1,"pn":"Nesodden kirkegård utvidelse","pd":"2013-04-25","fo":1,"c":136}},{"type":"Feature","geometry":{"type":"Polygon","coordinates":[[[10.69354,59.80112],[10.69359,59.80107],[10.69356,59.80092],[10.69341,59.80086],[10.69333,59.80095],[10.69346,59.80095],[10.69351,59.80101],[10.69337,59.80111],[10.69354,59.80112]]]},"properties":{"a":216,"v":254,"dh":1.18,"pl":1,"pn":"Nesodden kirkegård utvidelse","pd":"2013-04-25","fo":1,"c":136}},{"type":"Feature","geometry":{"type":"MultiPolygon","coordinates":[[[[10.69407,59.80176],[10.69378,59.80167],[10.69375,59.80155],[10.69367,59.8016],[10.69369,59.80164],[10.69351,59.80171],[10.69335,59.80167],[10.69322,59.80157],[10.69323,59.80152],[10.69334,59.80152],[10.69334,59.80147],[10.69325,59.80143],[10.69337,59.80141],[10.69352,59.8012],[10.6934,59.80126],[10.69332,59.80115],[10.69325,59.80115],[10.69326,59.80124],[10.69314,59.80138],[10.6931,59.80135],[10.69311,59.80126],[10.69294,59.80128],[10.69288,59.80118],[10.69273,59.80113],[10.69263,59.80111],[10.69251,59.80121],[10.69248,59.80138],[10.69257,59.80139],[10.69254,59.80149],[10.69261,59.80159],[10.69282,59.80173],[10.6932,59.80228],[10.69344,59.80247],[10.69383,59.80244],[10.69369,59.8025],[10.69371,59.80252],[10.69408,59.80245],[10.69392,59.80242],[10.69419,59.80235],[10.69403,59.80215],[10.694,59.80189],[10.6938,59.80184],[10.69382,59.80178],[10.69369,59.80168],[10.69379,59.80168],[10.69403,59.80181],[10.69407,59.80176]],[[10.6935,59.80226],[10.69354,59.80226],[10.69354,59.80227],[10.6935,59.80227],[10.6935,59.80226]],[[10.69316,59.80215],[10.69323,59.80213],[10.69323,59.80215],[10.69316,59.80215]],[[10.6937,59.80184],[10.69359,59.80179],[10.69375,59.8018],[10.6937,59.80184]],[[10.69276,59.80165],[10.69285,59.80165],[10.69285,59.80169],[10.69278,59.80169],[10.69276,59.80165]]],[[[10.69405,59.80181],[10.69408,59.8021],[10.69412,59.80213],[10.69412,59.80209],[10.69419,59.80209],[10.69419,59.80204],[10.69412,59.80206],[10.69416,59.80186],[10.69405,59.80181]]],[[[10.69412,59.80213],[10.69414,59.80217],[10.69414,59.80213],[10.69412,59.80213]]],[[[10.69414,59.80219],[10.69418,59.80218],[10.69414,59.80217],[10.69414,59.80219]]]]},"properties":{"a":7035,"v":11536,"dh":1.64,"pl":1,"pn":"Nesodden kirkegård utvidelse","pd":"2013-04-25","c":136}},{"type":"Feature","geometry":{"type":"MultiPolygon","coordinates":[[[[10.6942,59.80221],[10.69418,59.80222],[10.6942,59.80222],[10.6942,59.80221]]],[[[10.69427,59.80229],[10.69423,59.80225],[10.6942,59.80222],[10.69424,59.80228],[10.69427,59.80229]]],[[[10.69427,59.80229],[10.69437,59.80242],[10.69428,59.80245],[10.69439,59.8026],[10.69454,59.8027],[10.6944,59.8024],[10.69433,59.8023],[10.69429,59.8023],[10.69429,59.80229],[10.69427,59.80229]]]]},"properties":{"a":200,"v":170,"dh":0.85,"pl":1,"pn":"Nesodden kirkegård utvidelse","pd":"2013-04-25","sh":1,"c":136}},{"type":"Feature","geometry":{"type":"Polygon","coordinates":[[[10.69646,59.80527],[10.69663,59.80527],[10.69666,59.80519],[10.69645,59.80509],[10.69644,59.80498],[10.69633,59.80496],[10.69632,59.80509],[10.69645,59.80514],[10.69651,59.80525],[10.69646,59.80527]]]},"properties":{"a":307,"v":423,"dh":1.38,"pl":1,"pn":"Nesodden kirkegård utvidelse","pd":"2013-04-25","c":137}},{"type":"Feature","geometry":{"type":"Polygon","coordinates":[[[10.69553,59.806],[10.69573,59.80599],[10.69586,59.80589],[10.69572,59.80588],[10.69551,59.80595],[10.69553,59.806]]]},"properties":{"a":172,"v":210,"dh":1.22,"pl":1,"pn":"NESODDEN KIRKEGÅRD","pd":"1993-04-27","fo":1,"c":138}},{"type":"Feature","geometry":{"type":"Polygon","coordinates":[[[10.69264,59.80879],[10.69296,59.8088],[10.69303,59.80875],[10.69262,59.80866],[10.69264,59.80879]]]},"properties":{"a":236,"v":264,"dh":1.12,"pl":0,"c":139}},{"type":"Feature","geometry":{"type":"Polygon","coordinates":[[[10.68211,59.79204],[10.68233,59.79198],[10.68241,59.79185],[10.68229,59.79162],[10.6822,59.79157],[10.68206,59.79162],[10.68217,59.79176],[10.68197,59.79169],[10.68198,59.79183],[10.68205,59.79189],[10.68195,59.79186],[10.68197,59.79197],[10.68194,59.79201],[10.68211,59.79204]]]},"properties":{"a":897,"v":1234,"dh":1.38,"pl":1,"pn":"Områdeplan Bomansvik","pd":"2014-10-16","fo":1,"c":108}},{"type":"Feature","geometry":{"type":"Polygon","coordinates":[[[10.68193,59.79195],[10.68182,59.79182],[10.68187,59.79179],[10.68187,59.79171],[10.68176,59.7917],[10.6817,59.79189],[10.68193,59.79195]]]},"properties":{"a":227,"v":-304,"dh":1.34,"pl":1,"pn":"Områdeplan Bomansvik","pd":"2014-10-16","fo":1,"c":108}},{"type":"Feature","geometry":{"type":"Polygon","coordinates":[[[10.67748,59.8033],[10.67743,59.80317],[10.67718,59.80315],[10.67731,59.80326],[10.67748,59.8033]]]},"properties":{"a":153,"v":142,"dh":0.93,"pl":0,"sh":1,"c":140}},{"type":"Feature","geometry":{"type":"MultiPolygon","coordinates":[[[[10.68281,59.80401],[10.68279,59.80395],[10.68257,59.80393],[10.68257,59.80399],[10.68247,59.80401],[10.6826,59.80405],[10.68256,59.80411],[10.68262,59.80411],[10.68276,59.8041],[10.68272,59.80404],[10.68281,59.80401]],[[10.68265,59.80404],[10.68267,59.80406],[10.68263,59.80406],[10.68265,59.80404]]],[[[10.68277,59.80406],[10.68281,59.80403],[10.68277,59.80403],[10.68277,59.80406]]]]},"properties":{"a":228,"v":190,"dh":0.83,"pl":0,"sh":1,"c":141}},{"type":"Feature","geometry":{"type":"MultiPolygon","coordinates":[[[[10.68308,59.80551],[10.68201,59.80545],[10.68191,59.80538],[10.68186,59.80541],[10.68188,59.80547],[10.68197,59.80548],[10.68308,59.80551]]],[[[10.68268,59.80547],[10.68267,59.80546],[10.68267,59.80547],[10.68268,59.80547]]]]},"properties":{"a":267,"v":333,"dh":1.25,"pl":0,"fo":1,"c":132}},{"type":"Feature","geometry":{"type":"Polygon","coordinates":[[[10.67728,59.80571],[10.67729,59.80564],[10.67725,59.80563],[10.67688,59.80559],[10.67713,59.80571],[10.67728,59.80571]]]},"properties":{"a":164,"v":277,"dh":1.69,"pl":0,"c":142}},{"type":"Feature","geometry":{"type":"Polygon","coordinates":[[[10.68371,59.81657],[10.68383,59.8165],[10.68383,59.81625],[10.6839,59.81611],[10.68399,59.81622],[10.68402,59.81633],[10.68411,59.81636],[10.68411,59.81642],[10.68427,59.81633],[10.68426,59.81627],[10.68414,59.81623],[10.68418,59.81612],[10.68406,59.81603],[10.68405,59.81595],[10.68398,59.81588],[10.68383,59.81615],[10.68379,59.81615],[10.68375,59.81602],[10.68361,59.81606],[10.68365,59.81619],[10.68374,59.81624],[10.6837,59.81649],[10.68371,59.81657]]]},"properties":{"a":1043,"v":1201,"dh":1.15,"pl":1,"pn":"Gang- og sykkelvei-FV.156, Torvet - Fjordvangen","pd":"2014-10-16","fo":1,"c":143}},{"type":"Feature","geometry":{"type":"Polygon","coordinates":[[[10.6839,59.81694],[10.68396,59.81669],[10.68405,59.8167],[10.68406,59.81644],[10.68397,59.81644],[10.68395,59.81639],[10.68379,59.81675],[10.68385,59.81692],[10.6839,59.81694]]]},"properties":{"a":474,"v":-493,"dh":1.04,"pl":1,"pn":"Gang- og sykkelvei-FV.156, Torvet - Fjordvangen","pd":"2014-10-16","c":143}},{"type":"Feature","geometry":{"type":"MultiPolygon","coordinates":[[[[10.68359,59.8185],[10.68375,59.81845],[10.68383,59.8183],[10.68397,59.81782],[10.68391,59.81775],[10.68386,59.81783],[10.68375,59.81786],[10.68377,59.81774],[10.68371,59.81774],[10.68365,59.81789],[10.68353,59.81798],[10.6835,59.81814],[10.68337,59.81831],[10.68314,59.81881],[10.68338,59.81854],[10.68361,59.81859],[10.68365,59.81851],[10.68359,59.8185]],[[10.6835,59.81837],[10.68351,59.81838],[10.6835,59.81838],[10.6835,59.81837]]],[[[10.68366,59.81851],[10.68364,59.8185],[10.68365,59.81851],[10.68366,59.81851]]]]},"properties":{"a":1927,"v":1845,"dh":0.96,"pl":1,"pn":"Gang- og sykkelvei-FV.156, Torvet - Fjordvangen","pd":"2014-10-16","c":143}},{"type":"Feature","geometry":{"type":"Polygon","coordinates":[[[10.68749,59.81175],[10.68754,59.81162],[10.68733,59.81165],[10.6874,59.81173],[10.68749,59.81175]]]},"properties":{"a":108,"v":136,"dh":1.26,"pl":1,"pn":"Kirkevika-Torvvikveien","pd":"2016-03-09","fo":1,"c":144}},{"type":"Feature","geometry":{"type":"Polygon","coordinates":[[[10.68796,59.81221],[10.68813,59.81198],[10.68813,59.81191],[10.68822,59.81191],[10.68823,59.81184],[10.68841,59.81192],[10.6883,59.81177],[10.68842,59.81166],[10.68839,59.81146],[10.68848,59.81141],[10.68847,59.81136],[10.68837,59.81135],[10.6883,59.8114],[10.68817,59.81164],[10.68817,59.81171],[10.68803,59.81186],[10.68794,59.81214],[10.68796,59.81221]]]},"properties":{"a":866,"v":1412,"dh":1.63,"pl":1,"pn":"Gang- og sykkelvei-FV.156, Torvet - Fjordvangen","pd":"2014-10-16","fo":1,"c":143}},{"type":"Feature","geometry":{"type":"Polygon","coordinates":[[[10.68756,59.81192],[10.68757,59.81187],[10.68768,59.81187],[10.68767,59.81176],[10.68724,59.81175],[10.68756,59.81192]]]},"properties":{"a":276,"v":-412,"dh":1.49,"pl":1,"pn":"Kirkevika-Torvvikveien","pd":"2016-03-09","fo":1,"c":144}},{"type":"Feature","geometry":{"type":"Polygon","coordinates":[[[10.6876,59.81214],[10.68784,59.81185],[10.68788,59.81168],[10.68773,59.81173],[10.68771,59.81186],[10.68758,59.81195],[10.6876,59.81214]]]},"properties":{"a":348,"v":603,"dh":1.73,"pl":1,"pn":"Kirkevika-Torvvikveien","pd":"2016-03-09","fo":1,"c":144}},{"type":"Feature","geometry":{"type":"Polygon","coordinates":[[[10.68709,59.81331],[10.68709,59.81326],[10.68749,59.81298],[10.68748,59.8129],[10.68755,59.81288],[10.68757,59.81281],[10.68777,59.8127],[10.68777,59.81264],[10.68791,59.81247],[10.6879,59.81236],[10.68778,59.81237],[10.68753,59.81276],[10.68701,59.8132],[10.68709,59.81331]]]},"properties":{"a":920,"v":-1955,"dh":2.13,"pl":1,"pn":"Gang- og sykkelvei-FV.156, Torvet - Fjordvangen","pd":"2014-10-16","fo":1,"c":143}},{"type":"Feature","geometry":{"type":"Polygon","coordinates":[[[10.68625,59.81363],[10.68654,59.81338],[10.68659,59.81326],[10.68643,59.81328],[10.68624,59.81339],[10.68628,59.81346],[10.68621,59.8135],[10.68623,59.81357],[10.68613,59.81362],[10.68625,59.81363]]]},"properties":{"a":454,"v":770,"dh":1.7,"pl":1,"pn":"Kirkevika-Torvvikveien","pd":"2016-03-09","fo":1,"c":144}},{"type":"Feature","geometry":{"type":"Polygon","coordinates":[[[10.68622,59.81407],[10.68638,59.81401],[10.68672,59.81367],[10.68698,59.81355],[10.68699,59.81341],[10.68706,59.81337],[10.68702,59.81327],[10.68695,59.81326],[10.68684,59.81333],[10.68616,59.81396],[10.68622,59.81407]]]},"properties":{"a":1170,"v":2103,"dh":1.8,"pl":1,"pn":"Gang- og sykkelvei-FV.156, Torvet - Fjordvangen","pd":"2014-10-16","fo":1,"c":143}},{"type":"Feature","geometry":{"type":"Polygon","coordinates":[[[10.68591,59.8143],[10.68609,59.81421],[10.68612,59.81412],[10.68597,59.81411],[10.68592,59.81415],[10.68591,59.8143]]]},"properties":{"a":155,"v":-233,"dh":1.5,"pl":1,"pn":"Gang- og sykkelvei-FV.156, Torvet - Fjordvangen","pd":"2014-10-16","fo":1,"c":143}},{"type":"Feature","geometry":{"type":"Polygon","coordinates":[[[10.68538,59.81476],[10.68569,59.81454],[10.68574,59.81443],[10.68565,59.81442],[10.68553,59.81456],[10.68546,59.81457],[10.68533,59.81474],[10.68538,59.81476]]]},"properties":{"a":274,"v":284,"dh":1.04,"pl":1,"pn":"Gang- og sykkelvei-FV.156, Torvet - Fjordvangen","pd":"2014-10-16","fo":1,"c":143}},{"type":"Feature","geometry":{"type":"Polygon","coordinates":[[[10.68486,59.81534],[10.68503,59.81515],[10.68522,59.81508],[10.6852,59.81504],[10.68528,59.81494],[10.6853,59.81481],[10.68515,59.81479],[10.68479,59.815],[10.68479,59.81508],[10.68474,59.8151],[10.68478,59.81526],[10.68473,59.81533],[10.68486,59.81534]]]},"properties":{"a":953,"v":1451,"dh":1.52,"pl":1,"pn":"Gang- og sykkelvei-FV.156, Torvet - Fjordvangen","pd":"2014-10-16","fo":1,"c":143}},{"type":"Feature","geometry":{"type":"Polygon","coordinates":[[[10.60651,59.77522],[10.60664,59.77518],[10.60658,59.77515],[10.60657,59.77499],[10.60652,59.77499],[10.60647,59.77503],[10.60654,59.7751],[10.60649,59.77516],[10.60651,59.77522]]]},"properties":{"a":116,"v":137,"dh":1.18,"pl":0,"fo":1,"c":145}},{"type":"Feature","geometry":{"type":"Polygon","coordinates":[[[10.60058,59.7774],[10.60065,59.77733],[10.60031,59.77734],[10.60042,59.77739],[10.60058,59.7774]]]},"properties":{"a":106,"v":104,"dh":0.98,"pl":0,"sh":1,"c":146}},{"type":"Feature","geometry":{"type":"Polygon","coordinates":[[[10.60435,59.77834],[10.60444,59.77831],[10.60445,59.77818],[10.60427,59.7782],[10.60428,59.77831],[10.60436,59.77828],[10.60435,59.77834]]]},"properties":{"a":118,"v":109,"dh":0.93,"pl":1,"pn":"Nordstrand og Dalbo","pd":"2020-02-19","sh":1,"c":147}},{"type":"Feature","geometry":{"type":"Polygon","coordinates":[[[10.60402,59.77844],[10.60425,59.77847],[10.60432,59.77842],[10.6041,59.7784],[10.60409,59.77844],[10.60402,59.77844]]]},"properties":{"a":105,"v":136,"dh":1.3,"pl":1,"pn":"Nordstrand og Dalbo","pd":"2020-02-19","fo":1,"c":148}},{"type":"Feature","geometry":{"type":"Polygon","coordinates":[[[10.60549,59.78274],[10.6057,59.78274],[10.60569,59.7826],[10.60562,59.78256],[10.60546,59.78259],[10.60545,59.78269],[10.60549,59.78274]]]},"properties":{"a":253,"v":537,"dh":2.12,"pl":1,"pn":"Nordstrand og Dalbo","pd":"2020-02-19","fo":1,"c":149}},{"type":"Feature","geometry":{"type":"Polygon","coordinates":[[[10.59948,59.78305],[10.59961,59.78307],[10.59955,59.78301],[10.59956,59.7829],[10.59943,59.78273],[10.59934,59.78271],[10.59939,59.78276],[10.59938,59.78281],[10.59947,59.78287],[10.59948,59.78305]]]},"properties":{"a":167,"v":724,"dh":4.34,"pl":0,"sl":1,"c":150}},{"type":"Feature","geometry":{"type":"Polygon","coordinates":[[[10.60022,59.78362],[10.60024,59.78358],[10.60012,59.78349],[10.60012,59.78339],[10.60003,59.78335],[10.60003,59.78329],[10.5999,59.78329],[10.6,59.78341],[10.60009,59.78342],[10.60007,59.78351],[10.60022,59.78362]]]},"properties":{"a":150,"v":387,"dh":2.58,"pl":0,"sl":1,"c":150}},{"type":"Feature","geometry":{"type":"Polygon","coordinates":[[[10.60705,59.78591],[10.60704,59.78579],[10.6069,59.78578],[10.60692,59.7859],[10.60705,59.78591]]]},"properties":{"a":114,"v":-143,"dh":1.26,"pl":1,"pn":"Nordstrand og Dalbo","pd":"2020-02-19","fo":1,"c":151}},{"type":"Feature","geometry":{"type":"Polygon","coordinates":[[[10.60733,59.78598],[10.60739,59.78594],[10.60738,59.78588],[10.60726,59.78581],[10.60718,59.78583],[10.60726,59.7859],[10.60724,59.78595],[10.60733,59.78598]]]},"properties":{"a":120,"v":112,"dh":0.93,"pl":1,"pn":"Nordstrand og Dalbo","pd":"2020-02-19","sh":1,"c":152}},{"type":"Feature","geometry":{"type":"Polygon","coordinates":[[[10.6063,59.78638],[10.60621,59.78632],[10.60621,59.78625],[10.60635,59.78631],[10.60651,59.78631],[10.60653,59.78627],[10.60637,59.78627],[10.60637,59.7862],[10.60624,59.78614],[10.60613,59.78618],[10.6061,59.78625],[10.60614,59.78636],[10.6063,59.78638]]]},"properties":{"a":275,"v":287,"dh":1.04,"pl":1,"pn":"Nordstrand og Dalbo","pd":"2020-02-19","fo":1,"c":151}},{"type":"Feature","geometry":{"type":"Polygon","coordinates":[[[10.60726,59.78663],[10.60722,59.7865],[10.60711,59.78649],[10.60708,59.78655],[10.60712,59.78661],[10.60726,59.78663]]]},"properties":{"a":114,"v":143,"dh":1.25,"pl":1,"pn":"Nordstrand og Dalbo","pd":"2020-02-19","fo":1,"c":151}},{"type":"Feature","geometry":{"type":"Polygon","coordinates":[[[10.6107,59.78883],[10.61039,59.78879],[10.6104,59.78886],[10.61067,59.78893],[10.61072,59.78888],[10.6107,59.78883]],[[10.6105,59.78882],[10.61046,59.78882],[10.61043,59.78885],[10.61045,59.78881],[10.6105,59.78882]],[[10.61052,59.78882],[10.61052,59.78883],[10.6105,59.78883],[10.6105,59.78882],[10.61052,59.78882]]]},"properties":{"a":151,"v":117,"dh":0.78,"pl":0,"sh":1,"c":153}},{"type":"Feature","geometry":{"type":"Polygon","coordinates":[[[10.60385,59.78903],[10.60381,59.78894],[10.60372,59.78893],[10.60367,59.789],[10.60358,59.78902],[10.60358,59.78907],[10.60371,59.78911],[10.60374,59.78903],[10.60385,59.78903]]]},"properties":{"a":153,"v":247,"dh":1.61,"pl":1,"pn":"Nordstrand og Dalbo","pd":"2020-02-19","fo":1,"c":154}},{"type":"Feature","geometry":{"type":"Polygon","coordinates":[[[10.60751,59.79083],[10.60753,59.79078],[10.60733,59.79073],[10.60712,59.79078],[10.60751,59.79083]]]},"properties":{"a":147,"v":160,"dh":1.09,"pl":0,"fo":1,"c":155}},{"type":"Feature","geometry":{"type":"Polygon","coordinates":[[[10.60851,59.79438],[10.60867,59.79439],[10.60866,59.7943],[10.6085,59.79429],[10.60851,59.79438]]]},"properties":{"a":107,"v":115,"dh":1.08,"pl":0,"fo":1,"c":156}},{"type":"Feature","geometry":{"type":"Polygon","coordinates":[[[10.61122,59.79605],[10.61131,59.796],[10.61125,59.79591],[10.61132,59.79586],[10.6113,59.79583],[10.61116,59.79585],[10.61118,59.7959],[10.61106,59.79598],[10.61122,59.79605]]]},"properties":{"a":208,"v":289,"dh":1.39,"pl":1,"pn":"BRATTBAKKEN","pd":"2012-11-01","fo":1,"c":157}},{"type":"Feature","geometry":{"type":"Polygon","coordinates":[[[10.61186,59.79698],[10.6118,59.7969],[10.61183,59.79673],[10.61168,59.79663],[10.61171,59.79654],[10.61157,59.79655],[10.61172,59.79647],[10.61176,59.79639],[10.61162,59.79641],[10.61153,59.7965],[10.61132,59.79647],[10.6113,59.79643],[10.6114,59.79638],[10.61141,59.79625],[10.61159,59.79617],[10.61148,59.79615],[10.61151,59.79613],[10.61149,59.79607],[10.61119,59.7961],[10.61121,59.79622],[10.61118,59.79625],[10.61124,59.79636],[10.61121,59.79641],[10.6111,59.79641],[10.61108,59.79649],[10.61127,59.79658],[10.61131,59.79668],[10.61138,59.7967],[10.61145,59.79668],[10.61139,59.79658],[10.61143,59.79656],[10.6116,59.79674],[10.6117,59.79676],[10.61171,59.7968],[10.61156,59.79677],[10.61164,59.79691],[10.61186,59.79698]]]},"properties":{"a":1541,"v":2794,"dh":1.81,"pl":1,"pn":"BRATTBAKKEN","pd":"2012-11-01","fo":1,"c":157}},{"type":"Feature","geometry":{"type":"Polygon","coordinates":[[[10.61156,59.79745],[10.61166,59.79737],[10.61168,59.7973],[10.61161,59.79735],[10.61137,59.79733],[10.61139,59.7973],[10.61125,59.79733],[10.61156,59.79745]]]},"properties":{"a":194,"v":-240,"dh":1.24,"pl":1,"pn":"BRATTBAKKEN","pd":"2012-11-01","fo":1,"c":157}},{"type":"Feature","geometry":{"type":"Polygon","coordinates":[[[10.61034,59.80501],[10.61037,59.80487],[10.61047,59.80476],[10.61043,59.80465],[10.61036,59.80481],[10.61029,59.80485],[10.6103,59.80501],[10.61034,59.80501]]]},"properties":{"a":145,"v":-377,"dh":2.6,"pl":0,"sl":1,"c":158}},{"type":"Feature","geometry":{"type":"Polygon","coordinates":[[[10.61443,59.79487],[10.6146,59.79481],[10.6146,59.79473],[10.61455,59.79473],[10.61441,59.79483],[10.61443,59.79487]]]},"properties":{"a":101,"v":155,"dh":1.53,"pl":0,"c":159}},{"type":"Feature","geometry":{"type":"Polygon","coordinates":[[[10.61618,59.79537],[10.6165,59.79535],[10.61632,59.79527],[10.61619,59.79529],[10.61623,59.7952],[10.6163,59.79517],[10.61617,59.79516],[10.61611,59.79528],[10.61618,59.79537]]]},"properties":{"a":249,"v":343,"dh":1.38,"pl":0,"c":160}},{"type":"Feature","geometry":{"type":"Polygon","coordinates":[[[10.61543,59.79538],[10.6155,59.79531],[10.61539,59.79524],[10.61541,59.79521],[10.61525,59.79532],[10.61527,59.79536],[10.61543,59.79538]]]},"properties":{"a":154,"v":287,"dh":1.87,"pl":0,"c":160}},{"type":"Feature","geometry":{"type":"Polygon","coordinates":[[[10.6177,59.79554],[10.61783,59.79549],[10.61749,59.79544],[10.61736,59.7955],[10.61753,59.79553],[10.61767,59.79548],[10.6177,59.79554]]]},"properties":{"a":145,"v":173,"dh":1.19,"pl":1,"pn":"SKOLEVEIEN ØVRE DEL","pd":"2006-03-16","c":161}},{"type":"Feature","geometry":{"type":"Polygon","coordinates":[[[10.61941,59.79591],[10.61961,59.79588],[10.61961,59.79582],[10.61939,59.79582],[10.61941,59.79591]]]},"properties":{"a":107,"v":111,"dh":1.04,"pl":1,"pn":"SKOLEVEIEN ØVRE DEL","pd":"2006-03-16","c":161}},{"type":"Feature","geometry":{"type":"Polygon","coordinates":[[[10.617,59.79601],[10.61706,59.79593],[10.61724,59.79591],[10.61731,59.79579],[10.61708,59.79581],[10.6171,59.79585],[10.61697,59.79588],[10.61685,59.79587],[10.61692,59.79592],[10.61689,59.79599],[10.617,59.79601]]]},"properties":{"a":280,"v":334,"dh":1.19,"pl":1,"pn":"SKOLEVEIEN ØVRE DEL","pd":"2006-03-16","c":161}},{"type":"Feature","geometry":{"type":"Polygon","coordinates":[[[10.61899,59.79605],[10.61885,59.79598],[10.61886,59.79591],[10.61877,59.7959],[10.61874,59.79593],[10.61876,59.79605],[10.61899,59.79605]]]},"properties":{"a":126,"v":112,"dh":0.89,"pl":1,"pn":"SKOLEVEIEN ØVRE DEL","pd":"2006-03-16","sh":1,"c":161}},{"type":"Feature","geometry":{"type":"Polygon","coordinates":[[[10.61964,59.7961],[10.6198,59.79605],[10.61992,59.79595],[10.61978,59.79601],[10.61975,59.79594],[10.61951,59.79595],[10.61947,59.79601],[10.6194,59.79601],[10.61964,59.7961]],[[10.61974,59.79603],[10.61976,59.79602],[10.61976,59.79603],[10.61974,59.79603]],[[10.61954,59.79602],[10.6196,59.79599],[10.6196,59.79602],[10.61954,59.79602]],[[10.61972,59.796],[10.61974,59.79599],[10.61974,59.796],[10.61972,59.796]]]},"properties":{"a":274,"v":261,"dh":0.95,"pl":1,"pn":"SKOLEVEIEN ØVRE DEL","pd":"2006-03-16","sh":1,"c":161}},{"type":"Feature","geometry":{"type":"Polygon","coordinates":[[[10.61863,59.79655],[10.6187,59.79652],[10.61869,59.7964],[10.61858,59.79636],[10.61863,59.79628],[10.61849,59.79626],[10.61833,59.79633],[10.61863,59.79655]]]},"properties":{"a":361,"v":-656,"dh":1.82,"pl":1,"pn":"SKOLEVEIEN ØVRE DEL","pd":"2006-03-16","fo":1,"c":162}},{"type":"Feature","geometry":{"type":"Polygon","coordinates":[[[10.61844,59.79668],[10.61859,59.79664],[10.61855,59.79654],[10.61848,59.79654],[10.6185,59.79648],[10.61835,59.79641],[10.61817,59.79642],[10.61844,59.79668]]]},"properties":{"a":356,"v":474,"dh":1.33,"pl":1,"pn":"SKOLEVEIEN ØVRE DEL","pd":"2006-03-16","fo":1,"c":162}},{"type":"Feature","geometry":{"type":"Polygon","coordinates":[[[10.62606,59.7969],[10.62609,59.79681],[10.62601,59.7967],[10.62592,59.79667],[10.62598,59.79677],[10.62597,59.79684],[10.62606,59.7969]]]},"properties":{"a":108,"v":-100,"dh":0.92,"pl":0,"sh":1,"c":91}},{"type":"Feature","geometry":{"type":"Polygon","coordinates":[[[10.62694,59.79711],[10.62738,59.79707],[10.6275,59.79697],[10.62734,59.79683],[10.62714,59.79687],[10.62711,59.79694],[10.62704,59.79695],[10.62706,59.79701],[10.62701,59.79706],[10.62692,59.79708],[10.62694,59.79711]]]},"properties":{"a":591,"v":600,"dh":1.02,"pl":0,"c":90}},{"type":"Feature","geometry":{"type":"Polygon","coordinates":[[[10.62063,59.79735],[10.62054,59.79706],[10.62045,59.79703],[10.62024,59.79709],[10.62034,59.79733],[10.62055,59.7973],[10.62063,59.79735]]]},"properties":{"a":524,"v":-630,"dh":1.2,"pl":1,"pn":"Marikloppa 3","pd":"2013-02-07","c":163}},{"type":"Feature","geometry":{"type":"Polygon","coordinates":[[[10.62418,59.79751],[10.62434,59.79743],[10.62417,59.7974],[10.62382,59.79749],[10.62418,59.79751]]]},"properties":{"a":184,"v":345,"dh":1.87,"pl":1,"pn":"Marikloppa Persilengen B22 Låvetomta 29/904","pd":"2016-02-03","c":164}},{"type":"Feature","geometry":{"type":"Polygon","coordinates":[[[10.6231,59.7977],[10.62322,59.79766],[10.62344,59.79769],[10.62379,59.79764],[10.62359,59.79752],[10.6231,59.7977]],[[10.62367,59.79763],[10.6236,59.79761],[10.62369,59.7976],[10.62367,59.79763]]]},"properties":{"a":322,"v":372,"dh":1.16,"pl":1,"pn":"Marikloppa Persilengen B22 Låvetomta 29/904","pd":"2016-02-03","c":164}},{"type":"Feature","geometry":{"type":"Polygon","coordinates":[[[10.62329,59.79793],[10.62364,59.79785],[10.62379,59.79788],[10.62454,59.79758],[10.62434,59.7976],[10.6238,59.79782],[10.62359,59.79778],[10.62341,59.79783],[10.62336,59.7979],[10.62322,59.79791],[10.62329,59.79793]]]},"properties":{"a":426,"v":-666,"dh":1.56,"pl":1,"pn":"Marikloppa Persilengen B22 Låvetomta 29/904","pd":"2016-02-03","c":164}},{"type":"Feature","geometry":{"type":"Polygon","coordinates":[[[10.62898,59.79793],[10.62921,59.79793],[10.62921,59.79788],[10.62885,59.79786],[10.62898,59.79793]]]},"properties":{"a":129,"v":-145,"dh":1.13,"pl":0,"c":165}},{"type":"Feature","geometry":{"type":"Polygon","coordinates":[[[10.6251,59.7985],[10.62556,59.79848],[10.62558,59.79845],[10.62547,59.7984],[10.6252,59.7984],[10.62508,59.79846],[10.6251,59.7985]]]},"properties":{"a":245,"v":-274,"dh":1.12,"pl":1,"pn":"Persilengen/Marikloppa B22","pd":"2007-06-14","c":166}},{"type":"Feature","geometry":{"type":"Polygon","coordinates":[[[10.62407,59.79859],[10.62406,59.79841],[10.62399,59.7984],[10.62396,59.79843],[10.62398,59.79855],[10.62407,59.79859]]]},"properties":{"a":104,"v":-94,"dh":0.9,"pl":1,"pn":"Persilengen/Marikloppa B22","pd":"2007-06-14","sh":1,"c":166}},{"type":"Feature","geometry":{"type":"Polygon","coordinates":[[[10.62429,59.79873],[10.62459,59.79864],[10.62463,59.79862],[10.62446,59.79854],[10.62427,59.79858],[10.62429,59.79873]]]},"properties":{"a":256,"v":-315,"dh":1.23,"pl":1,"pn":"Persilengen/Marikloppa B22","pd":"2007-06-14","c":166}},{"type":"Feature","geometry":{"type":"Polygon","coordinates":[[[10.61187,59.79734],[10.61209,59.79734],[10.61212,59.79724],[10.61197,59.79721],[10.61197,59.79711],[10.61191,59.79705],[10.61146,59.79718],[10.61151,59.7972],[10.61148,59.79728],[10.61152,59.7973],[10.6116,59.79729],[10.6116,59.79724],[10.61171,59.79721],[10.61167,59.79728],[10.61178,59.79722],[10.61192,59.79728],[10.61187,59.79734]]]},"properties":{"a":584,"v":835,"dh":1.43,"pl":1,"pn":"BRATTBAKKEN","pd":"2012-11-01","fo":1,"c":157}},{"type":"Feature","geometry":{"type":"Polygon","coordinates":[[[10.61649,59.79724],[10.61651,59.79712],[10.61639,59.7971],[10.61639,59.79719],[10.61649,59.79724]]]},"properties":{"a":104,"v":139,"dh":1.34,"pl":1,"pn":"FV.C44 FJELLSTRANDKRYSSET-FJELLSTRAND SKOLE","pd":"1978-06-08","c":167}},{"type":"Feature","geometry":{"type":"Polygon","coordinates":[[[10.62017,59.79747],[10.62016,59.79731],[10.62023,59.79729],[10.62014,59.79726],[10.62011,59.79711],[10.6199,59.79714],[10.61989,59.79726],[10.62017,59.79747]]]},"properties":{"a":408,"v":-783,"dh":1.92,"pl":1,"pn":"Marikloppa 3","pd":"2013-02-07","c":163}},{"type":"Feature","geometry":{"type":"MultiPolygon","coordinates":[[[[10.61986,59.79744],[10.61988,59.79732],[10.6198,59.79727],[10.61957,59.79728],[10.6194,59.79735],[10.61979,59.79745],[10.61986,59.79744]]],[[[10.61986,59.79745],[10.61988,59.79744],[10.61986,59.79744],[10.61986,59.79745]]]]},"properties":{"a":347,"v":336,"dh":0.97,"pl":1,"pn":"Marikloppa 3","pd":"2013-02-07","sh":1,"c":163}},{"type":"Feature","geometry":{"type":"Polygon","coordinates":[[[10.6206,59.79757],[10.62061,59.79749],[10.62045,59.7974],[10.62018,59.7974],[10.62021,59.79751],[10.6206,59.79757]]]},"properties":{"a":319,"v":391,"dh":1.23,"pl":1,"pn":"Marikloppa 3","pd":"2013-02-07","c":163}},{"type":"Feature","geometry":{"type":"Polygon","coordinates":[[[10.61773,59.79829],[10.618,59.79826],[10.6182,59.7981],[10.61806,59.7981],[10.61769,59.79823],[10.61773,59.79829]]]},"properties":{"a":285,"v":493,"dh":1.73,"pl":1,"pn":"Persilengen boligområde","pd":"2015-12-17","c":168}},{"type":"Feature","geometry":{"type":"MultiPolygon","coordinates":[[[[10.61855,59.79819],[10.61847,59.79818],[10.61851,59.79814],[10.61845,59.79813],[10.61837,59.79821],[10.61817,59.79819],[10.61814,59.79826],[10.61842,59.79826],[10.61853,59.79823],[10.61855,59.79819]]],[[[10.61858,59.79821],[10.61856,59.79821],[10.61858,59.79821],[10.61858,59.79821]]],[[[10.61864,59.79828],[10.6186,59.79823],[10.61851,59.79826],[10.61853,59.7983],[10.61864,59.79828]]]]},"properties":{"a":214,"v":-224,"dh":1.05,"pl":1,"pn":"Persilengen boligområde","pd":"2015-12-17","fo":1,"c":168}},{"type":"Feature","geometry":{"type":"Polygon","coordinates":[[[10.61853,59.79904],[10.61867,59.79899],[10.61869,59.7987],[10.61878,59.79866],[10.6187,59.79841],[10.61852,59.79845],[10.61851,59.79849],[10.61842,59.79846],[10.61811,59.79848],[10.61822,59.79852],[10.61828,59.7986],[10.61831,59.79881],[10.6184,59.79879],[10.61847,59.79884],[10.61853,59.79904]]]},"properties":{"a":1283,"v":-1898,"dh":1.48,"pl":1,"pn":"Persilengen boligområde","pd":"2015-12-17","c":168}},{"type":"Feature","geometry":{"type":"Polygon","coordinates":[[[10.61997,59.79998],[10.62014,59.79994],[10.6201,59.79982],[10.62003,59.79977],[10.62002,59.7996],[10.61996,59.79954],[10.61894,59.79941],[10.61899,59.79923],[10.61914,59.79915],[10.61907,59.79911],[10.61908,59.79896],[10.61926,59.79892],[10.61972,59.79891],[10.61991,59.79883],[10.61992,59.79868],[10.61987,59.79863],[10.6198,59.79839],[10.61927,59.79807],[10.61884,59.79795],[10.61847,59.79775],[10.6184,59.79776],[10.61837,59.79787],[10.61842,59.79789],[10.61841,59.79796],[10.61863,59.7982],[10.61884,59.79832],[10.61889,59.79842],[10.61891,59.79873],[10.6189,59.79889],[10.61871,59.799],[10.61861,59.79916],[10.6185,59.79918],[10.61841,59.7991],[10.6184,59.79894],[10.61832,59.79902],[10.61823,59.79902],[10.6183,59.79907],[10.61822,59.79917],[10.61823,59.79931],[10.61816,59.79941],[10.61844,59.79939],[10.61854,59.79948],[10.61862,59.79966],[10.61846,59.79972],[10.61845,59.79981],[10.61857,59.79978],[10.61854,59.79982],[10.61868,59.79983],[10.61868,59.79977],[10.61862,59.79981],[10.61859,59.7998],[10.61867,59.7997],[10.61871,59.79974],[10.61872,59.79968],[10.61905,59.7998],[10.61956,59.79973],[10.61957,59.79985],[10.61968,59.79982],[10.61968,59.79985],[10.61997,59.79998]],[[10.61964,59.79874],[10.61966,59.79873],[10.61966,59.79874],[10.61964,59.79874]],[[10.61974,59.79867],[10.61971,59.79859],[10.61978,59.7986],[10.61974,59.79867]],[[10.61977,59.79855],[10.61976,59.79852],[10.61979,59.79853],[10.61977,59.79855]]]},"properties":{"a":10882,"v":16208,"dh":1.49,"pl":1,"pn":"Persilengen boligområde","pd":"2015-12-17","c":168}},{"type":"Feature","geometry":{"type":"Polygon","coordinates":[[[10.61458,59.79995],[10.6146,59.79991],[10.61447,59.7998],[10.61447,59.79971],[10.61425,59.79971],[10.61436,59.79975],[10.61435,59.7998],[10.61448,59.79994],[10.61458,59.79995]]]},"properties":{"a":194,"v":238,"dh":1.23,"pl":0,"c":169}},{"type":"Feature","geometry":{"type":"Polygon","coordinates":[[[10.61384,59.80007],[10.61396,59.80002],[10.61378,59.7999],[10.61371,59.79999],[10.61384,59.80007]]]},"properties":{"a":142,"v":-155,"dh":1.09,"pl":0,"c":169}},{"type":"Feature","geometry":{"type":"Polygon","coordinates":[[[10.61831,59.80027],[10.61844,59.80014],[10.61855,59.80015],[10.61863,59.80023],[10.61864,59.8001],[10.61873,59.80008],[10.61867,59.80003],[10.61961,59.80002],[10.61967,59.80006],[10.61995,59.80001],[10.61986,59.79994],[10.61943,59.79997],[10.61932,59.79988],[10.61856,59.79993],[10.61831,59.79986],[10.61814,59.79973],[10.61796,59.79972],[10.6177,59.80017],[10.61804,59.80019],[10.61831,59.80027]],[[10.61824,59.79997],[10.61815,59.79999],[10.61813,59.79996],[10.61824,59.79997]]]},"properties":{"a":2812,"v":-5275,"dh":1.88,"pl":1,"pn":"Persilengen boligområde","pd":"2015-12-17","c":168}},{"type":"Feature","geometry":{"type":"Polygon","coordinates":[[[10.61449,59.80013],[10.61472,59.80014],[10.61472,59.80009],[10.61462,59.80005],[10.6146,59.79997],[10.61453,59.79998],[10.61459,59.80012],[10.61449,59.80013]]]},"properties":{"a":111,"v":124,"dh":1.12,"pl":0,"c":169}},{"type":"Feature","geometry":{"type":"Polygon","coordinates":[[[10.61885,59.80045],[10.61909,59.80051],[10.6191,59.80035],[10.619,59.80012],[10.61892,59.80014],[10.61893,59.8002],[10.61887,59.80019],[10.61889,59.80022],[10.61873,59.80022],[10.61881,59.80026],[10.61877,59.8003],[10.61885,59.80045]]]},"properties":{"a":496,"v":-625,"dh":1.26,"pl":1,"pn":"Persilengen boligområde","pd":"2015-12-17","fo":1,"c":168}},{"type":"Feature","geometry":{"type":"Polygon","coordinates":[[[10.61773,59.80054],[10.618,59.80052],[10.61808,59.80043],[10.6183,59.80049],[10.61839,59.80048],[10.61832,59.80048],[10.61831,59.80043],[10.61848,59.80044],[10.61853,59.80046],[10.61852,59.80051],[10.6186,59.80051],[10.61862,59.80047],[10.61873,59.80045],[10.61872,59.80039],[10.6185,59.80017],[10.61833,59.80031],[10.61817,59.80032],[10.6181,59.80039],[10.61806,59.80038],[10.61811,59.80033],[10.61809,59.80028],[10.61775,59.80025],[10.61769,59.80038],[10.61785,59.8004],[10.61787,59.80044],[10.61773,59.80054]],[[10.61774,59.80037],[10.61776,59.80036],[10.61776,59.80037],[10.61774,59.80037]]]},"properties":{"a":1245,"v":1781,"dh":1.43,"pl":1,"pn":"Persilengen boligområde","pd":"2015-12-17","fo":1,"c":168}},{"type":"Feature","geometry":{"type":"Polygon","coordinates":[[[10.62024,59.80043],[10.62038,59.80043],[10.62039,59.80031],[10.62022,59.80037],[10.62024,59.80043]]]},"properties":{"a":106,"v":105,"dh":0.99,"pl":0,"sh":1,"c":170}},{"type":"Feature","geometry":{"type":"Polygon","coordinates":[[[10.61743,59.80089],[10.61769,59.80082],[10.61774,59.80072],[10.61714,59.80078],[10.61725,59.80088],[10.61743,59.80089]]]},"properties":{"a":365,"v":-407,"dh":1.12,"pl":1,"pn":"SOFIENLUND","pd":"1989-05-02","c":171}},{"type":"Feature","geometry":{"type":"Polygon","coordinates":[[[10.61881,59.80291],[10.61931,59.80304],[10.61929,59.80289],[10.61909,59.80279],[10.61894,59.80263],[10.61894,59.80238],[10.61891,59.80232],[10.61876,59.80231],[10.61839,59.80243],[10.61852,59.80253],[10.61849,59.80258],[10.61793,59.80202],[10.61749,59.80173],[10.61696,59.80149],[10.6167,59.80127],[10.61671,59.80121],[10.61691,59.80125],[10.61767,59.8012],[10.61771,59.80119],[10.61767,59.80107],[10.61729,59.80106],[10.61717,59.80111],[10.61701,59.80099],[10.617,59.80095],[10.61713,59.80092],[10.61691,59.80088],[10.61684,59.8008],[10.61669,59.80082],[10.6167,59.80086],[10.61689,59.80088],[10.6169,59.80093],[10.61679,59.80092],[10.61677,59.80098],[10.6167,59.80099],[10.61668,59.80091],[10.61661,59.80092],[10.6166,59.80104],[10.61649,59.80111],[10.6165,59.80121],[10.6166,59.80136],[10.61691,59.80162],[10.61753,59.80195],[10.61809,59.8024],[10.6182,59.80242],[10.6182,59.80252],[10.61848,59.80273],[10.61881,59.80291]],[[10.61678,59.80085],[10.6168,59.80082],[10.61682,59.80084],[10.61678,59.80085]]]},"properties":{"a":5808,"v":10187,"dh":1.75,"pl":1,"pn":"Gang- og sykkelvei langs fv 157 Ommenveien-Toveien","pd":"2018-02-28","c":39}},{"type":"Feature","geometry":{"type":"Polygon","coordinates":[[[10.6182,59.80214],[10.61825,59.80208],[10.61814,59.80198],[10.618,59.80202],[10.6182,59.80214]]]},"properties":{"a":129,"v":234,"dh":1.82,"pl":1,"pn":"Gang- og sykkelvei langs fv 157 Ommenveien-Toveien","pd":"2018-02-28","c":39}},{"type":"Feature","geometry":{"type":"Polygon","coordinates":[[[10.61379,59.8024],[10.61398,59.80228],[10.61396,59.80225],[10.61402,59.80225],[10.61403,59.80221],[10.61398,59.80218],[10.61408,59.80214],[10.6141,59.80202],[10.61404,59.80201],[10.61393,59.80226],[10.61383,59.80231],[10.61379,59.8024]]]},"properties":{"a":186,"v":-519,"dh":2.79,"pl":1,"pn":"SOFIENLUND","pd":"1989-05-02","sl":1,"c":172}},{"type":"Feature","geometry":{"type":"Polygon","coordinates":[[[10.62117,59.80118],[10.62126,59.80115],[10.62116,59.80111],[10.62109,59.80113],[10.62107,59.80109],[10.62123,59.80108],[10.62129,59.80114],[10.6213,59.80106],[10.62099,59.8011],[10.62117,59.80118]],[[10.62117,59.80115],[10.6212,59.80114],[10.6212,59.80115],[10.62117,59.80115]]]},"properties":{"a":117,"v":-109,"dh":0.93,"pl":0,"sh":1,"c":173}},{"type":"Feature","geometry":{"type":"Polygon","coordinates":[[[10.62153,59.80165],[10.62153,59.80157],[10.62136,59.80149],[10.62111,59.80151],[10.62096,59.80159],[10.62096,59.80163],[10.62128,59.80159],[10.62153,59.80165]]]},"properties":{"a":308,"v":441,"dh":1.43,"pl":0,"c":173}},{"type":"Feature","geometry":{"type":"MultiPolygon","coordinates":[[[[10.62146,59.80202],[10.62149,59.80199],[10.62137,59.80199],[10.62146,59.80202]]],[[[10.62146,59.80202],[10.62145,59.80212],[10.62153,59.80208],[10.6217,59.80223],[10.62177,59.80222],[10.62169,59.80207],[10.62157,59.80202],[10.62146,59.80202]]]]},"properties":{"a":171,"v":184,"dh":1.08,"pl":1,"pn":"Skogsrudveien bnr. 9 gnr. 185, 190 m.fl.,","pd":"2017-05-31","fo":1,"c":174}},{"type":"Feature","geometry":{"type":"Polygon","coordinates":[[[10.62131,59.80259],[10.62163,59.80253],[10.62162,59.80245],[10.62169,59.80242],[10.62161,59.80229],[10.62152,59.80229],[10.62144,59.80245],[10.62132,59.80252],[10.62131,59.80259]]]},"properties":{"a":353,"v":-418,"dh":1.18,"pl":1,"pn":"Skogsrudveien bnr. 9 gnr. 185, 190 m.fl.,","pd":"2017-05-31","fo":1,"c":174}},{"type":"Feature","geometry":{"type":"MultiPolygon","coordinates":[[[[10.621,59.80219],[10.62107,59.80218],[10.621,59.80218],[10.621,59.80219]]],[[[10.62098,59.80216],[10.62082,59.80212],[10.62076,59.80223],[10.62075,59.80243],[10.62079,59.80248],[10.62061,59.80254],[10.62071,59.8028],[10.62089,59.80276],[10.62088,59.80265],[10.62093,59.80261],[10.62101,59.8027],[10.62124,59.80269],[10.62086,59.80254],[10.62094,59.8024],[10.62101,59.80238],[10.62097,59.80233],[10.62102,59.80225],[10.62098,59.80216]]]]},"properties":{"a":1048,"v":-1472,"dh":1.4,"pl":1,"pn":"Skogsrudveien bnr. 9 gnr. 185, 190 m.fl.,","pd":"2017-05-31","fo":1,"c":174}},{"type":"Feature","geometry":{"type":"Polygon","coordinates":[[[10.62115,59.80256],[10.62125,59.80252],[10.62127,59.80247],[10.62114,59.80245],[10.62102,59.8025],[10.62115,59.80256]]]},"properties":{"a":111,"v":105,"dh":0.94,"pl":1,"pn":"Skogsrudveien bnr. 9 gnr. 185, 190 m.fl.,","pd":"2017-05-31","sh":1,"c":175}},{"type":"Feature","geometry":{"type":"Polygon","coordinates":[[[10.62149,59.80305],[10.62149,59.80295],[10.62143,59.80284],[10.62137,59.80283],[10.62137,59.80277],[10.62128,59.80278],[10.6213,59.80282],[10.62125,59.80284],[10.62105,59.8028],[10.62077,59.80289],[10.62104,59.80296],[10.62136,59.80293],[10.62149,59.80305]]]},"properties":{"a":539,"v":574,"dh":1.06,"pl":1,"pn":"Skogsrudveien bnr. 9 gnr. 185, 190 m.fl.,","pd":"2017-05-31","fo":1,"c":174}},{"type":"Feature","geometry":{"type":"Polygon","coordinates":[[[10.6218,59.80363],[10.62235,59.80349],[10.62238,59.80341],[10.62189,59.80318],[10.62144,59.80319],[10.62139,59.80321],[10.62141,59.80325],[10.62104,59.80334],[10.62115,59.80344],[10.62091,59.80351],[10.62094,59.80355],[10.62146,59.80352],[10.62157,59.80361],[10.6218,59.80363]]]},"properties":{"a":2555,"v":6279,"dh":2.46,"pl":0,"c":176}},{"type":"Feature","geometry":{"type":"Polygon","coordinates":[[[10.62111,59.80406],[10.62081,59.80373],[10.6207,59.80369],[10.62069,59.80373],[10.62089,59.80388],[10.62091,59.80395],[10.62111,59.80406]]]},"properties":{"a":188,"v":-243,"dh":1.3,"pl":1,"pn":"Gang- og sykkelvei langs fv 157 Ommenveien-Toveien","pd":"2018-02-28","fo":1,"c":39}},{"type":"Feature","geometry":{"type":"Polygon","coordinates":[[[10.62147,59.80438],[10.62146,59.80431],[10.62137,59.80428],[10.62135,59.80421],[10.62101,59.80409],[10.6213,59.80434],[10.62147,59.80438]]]},"properties":{"a":244,"v":234,"dh":0.96,"pl":1,"pn":"Gang- og sykkelvei langs fv 157 Ommenveien-Toveien","pd":"2018-02-28","sh":1,"c":39}},{"type":"Feature","geometry":{"type":"Polygon","coordinates":[[[10.6191,59.80275],[10.61941,59.80283],[10.61935,59.80274],[10.61906,59.80249],[10.619,59.80249],[10.61899,59.80258],[10.61906,59.80263],[10.61905,59.8027],[10.6191,59.80275]]]},"properties":{"a":365,"v":-566,"dh":1.55,"pl":1,"pn":"Skogsrudveien bnr. 9 gnr. 185, 190 m.fl.,","pd":"2017-05-31","fo":1,"c":174}},{"type":"Feature","geometry":{"type":"Polygon","coordinates":[[[10.62032,59.80314],[10.6205,59.80311],[10.62049,59.80304],[10.62056,59.80303],[10.62054,59.803],[10.62061,59.80299],[10.62056,59.80294],[10.62061,59.80288],[10.62029,59.80297],[10.62031,59.80303],[10.62037,59.80303],[10.6203,59.80304],[10.62035,59.80309],[10.62032,59.80314]]]},"properties":{"a":276,"v":-255,"dh":0.92,"pl":1,"pn":"Skogsrudveien bnr. 9 gnr. 185, 190 m.fl.,","pd":"2017-05-31","sh":1,"c":175}},{"type":"Feature","geometry":{"type":"Polygon","coordinates":[[[10.62054,59.80327],[10.62068,59.80324],[10.62073,59.80318],[10.62057,59.80315],[10.62057,59.80318],[10.62041,59.80324],[10.62054,59.80327]]]},"properties":{"a":142,"v":152,"dh":1.07,"pl":1,"pn":"Skogsrudveien bnr. 9 gnr. 185, 190 m.fl.,","pd":"2017-05-31","fo":1,"c":174}},{"type":"Feature","geometry":{"type":"MultiPolygon","coordinates":[[[[10.62078,59.80304],[10.62076,59.80305],[10.62078,59.80305],[10.62078,59.80304]]],[[[10.62011,59.80326],[10.61939,59.80302],[10.61952,59.80317],[10.61979,59.80319],[10.62039,59.80344],[10.62073,59.80347],[10.62079,59.80339],[10.62085,59.8034],[10.62085,59.80337],[10.62111,59.8033],[10.62081,59.80333],[10.62137,59.80307],[10.6214,59.80297],[10.62126,59.80299],[10.62122,59.80307],[10.6211,59.80312],[10.62097,59.80308],[10.62104,59.80305],[10.62104,59.80301],[10.62088,59.80299],[10.62076,59.80308],[10.62085,59.80316],[10.62066,59.80326],[10.62045,59.80329],[10.62034,59.80325],[10.62011,59.80326]]],[[[10.62011,59.80323],[10.62013,59.80324],[10.62013,59.80323],[10.62011,59.80323]]]]},"properties":{"a":1679,"v":-2960,"dh":1.76,"pl":1,"pn":"Skogsrudveien bnr. 9 gnr. 185, 190 m.fl.,","pd":"2017-05-31","fo":1,"c":174}},{"type":"Feature","geometry":{"type":"Polygon","coordinates":[[[10.61957,59.80603],[10.61951,59.8059],[10.61937,59.80594],[10.61944,59.80603],[10.61957,59.80603]]]},"properties":{"a":118,"v":-202,"dh":1.71,"pl":1,"pn":"Ellingstadåsen","pd":"2019-02-13","fo":1,"c":177}},{"type":"Feature","geometry":{"type":"Polygon","coordinates":[[[10.61608,59.8065],[10.61627,59.80643],[10.61625,59.80641],[10.61644,59.80629],[10.61655,59.8063],[10.6166,59.80624],[10.61659,59.80611],[10.61628,59.80616],[10.61615,59.80623],[10.61619,59.80631],[10.61607,59.80627],[10.61605,59.80636],[10.61613,59.80644],[10.61602,59.8064],[10.61599,59.80645],[10.61608,59.8065]]]},"properties":{"a":635,"v":1310,"dh":2.06,"pl":1,"pn":"Ellingstadåsen","pd":"2019-02-13","fo":1,"c":177}},{"type":"Feature","geometry":{"type":"Polygon","coordinates":[[[10.61629,59.80651],[10.61656,59.8065],[10.61657,59.80642],[10.6165,59.80638],[10.61655,59.80636],[10.61653,59.80631],[10.61646,59.8063],[10.61634,59.80637],[10.61635,59.8065],[10.61629,59.80651]]]},"properties":{"a":275,"v":-475,"dh":1.73,"pl":1,"pn":"Ellingstadåsen","pd":"2019-02-13","fo":1,"c":177}},{"type":"Feature","geometry":{"type":"Polygon","coordinates":[[[10.61611,59.80678],[10.61609,59.80669],[10.61601,59.80667],[10.61604,59.80672],[10.61589,59.80677],[10.6159,59.80688],[10.6162,59.80688],[10.61622,59.80686],[10.61611,59.80678]]]},"properties":{"a":257,"v":333,"dh":1.3,"pl":1,"pn":"Ellingstadåsen","pd":"2019-02-13","fo":1,"c":177}},{"type":"Feature","geometry":{"type":"Polygon","coordinates":[[[10.61968,59.81496],[10.61964,59.81486],[10.61942,59.81483],[10.61944,59.81489],[10.61968,59.81496]]]},"properties":{"a":128,"v":-181,"dh":1.42,"pl":1,"pn":"VESTFJORDTOMTENE - SØNDRE DEL","pd":"2006-01-05","fo":1,"c":178}},{"type":"Feature","geometry":{"type":"Polygon","coordinates":[[[10.6201,59.81659],[10.62027,59.81651],[10.62025,59.81643],[10.62009,59.81646],[10.61997,59.81654],[10.61997,59.81659],[10.6201,59.81659]]]},"properties":{"a":184,"v":-187,"dh":1.02,"pl":1,"pn":"GAMLE ALVÆRNVEI VEST","pd":"2001-05-10","fo":1,"c":179}},{"type":"Feature","geometry":{"type":"Polygon","coordinates":[[[10.62171,59.8174],[10.622,59.81724],[10.62192,59.8171],[10.62176,59.81705],[10.62164,59.81712],[10.62163,59.81721],[10.62182,59.81725],[10.62163,59.81739],[10.62171,59.8174]]]},"properties":{"a":439,"v":1255,"dh":2.86,"pl":1,"pn":"GAMLE ALVÆRNVEI VEST","pd":"2001-05-10","fo":1,"c":179}},{"type":"Feature","geometry":{"type":"Polygon","coordinates":[[[10.62608,59.81778],[10.62613,59.81778],[10.62614,59.81771],[10.62628,59.81767],[10.62621,59.81754],[10.62594,59.81765],[10.62608,59.81778]]]},"properties":{"a":295,"v":502,"dh":1.7,"pl":1,"pn":"VESTFJORDTOMTENE","pd":"1975-10-30","fo":1,"c":180}},{"type":"Feature","geometry":{"type":"Polygon","coordinates":[[[10.62619,59.81785],[10.62661,59.8177],[10.62657,59.81764],[10.6266,59.81757],[10.62651,59.81746],[10.62621,59.81752],[10.6263,59.81769],[10.62619,59.81785]]]},"properties":{"a":648,"v":-1548,"dh":2.39,"pl":1,"pn":"VESTFJORDTOMTENE","pd":"1975-10-30","fo":1,"c":180}},{"type":"Feature","geometry":{"type":"Polygon","coordinates":[[[10.62544,59.81785],[10.62558,59.8178],[10.62559,59.81773],[10.62547,59.81771],[10.62543,59.81776],[10.62531,59.81776],[10.62533,59.81782],[10.62545,59.81779],[10.62544,59.81785]]]},"properties":{"a":143,"v":-176,"dh":1.23,"pl":1,"pn":"VESTFJORDTOMTENE","pd":"1975-10-30","c":180}},{"type":"Feature","geometry":{"type":"Polygon","coordinates":[[[10.62349,59.81846],[10.62374,59.81843],[10.62373,59.81839],[10.62366,59.81834],[10.62346,59.81834],[10.62349,59.81846]]]},"properties":{"a":174,"v":201,"dh":1.16,"pl":1,"pn":"Gnr/Bnr 30/96 - Bebyggelsesplan for Lindemannvei 55/57","pd":"2010-03-16","fo":1,"c":181}},{"type":"Feature","geometry":{"type":"Polygon","coordinates":[[[10.62314,59.81872],[10.6233,59.81871],[10.62328,59.81863],[10.62314,59.81861],[10.6231,59.81856],[10.62313,59.81846],[10.62331,59.81843],[10.62321,59.81829],[10.6232,59.8184],[10.62306,59.81845],[10.62305,59.81863],[10.62314,59.81866],[10.62314,59.81872]]]},"properties":{"a":276,"v":-486,"dh":1.76,"pl":1,"pn":"VESTFJORDTOMTENE","pd":"1975-10-30","fo":1,"c":182}},{"type":"Feature","geometry":{"type":"Polygon","coordinates":[[[10.62233,59.81879],[10.62225,59.81867],[10.62224,59.81855],[10.62197,59.81851],[10.62198,59.81856],[10.62222,59.81878],[10.62233,59.81879]]]},"properties":{"a":327,"v":-677,"dh":2.07,"pl":1,"pn":"VESTFJORDTOMTENE","pd":"1975-10-30","fo":1,"c":182}},{"type":"Feature","geometry":{"type":"Polygon","coordinates":[[[10.62502,59.81872],[10.62516,59.81866],[10.62517,59.81857],[10.62508,59.81853],[10.62497,59.81855],[10.62493,59.81869],[10.62502,59.81872]]]},"properties":{"a":213,"v":-349,"dh":1.64,"pl":1,"pn":"VESTFJORDTOMTENE","pd":"1975-10-30","c":180}},{"type":"Feature","geometry":{"type":"Polygon","coordinates":[[[10.62294,59.81892],[10.62304,59.81884],[10.62304,59.81874],[10.62293,59.81867],[10.62286,59.81877],[10.62287,59.8189],[10.62294,59.81892]]]},"properties":{"a":201,"v":395,"dh":1.97,"pl":1,"pn":"VESTFJORDTOMTENE","pd":"1975-10-30","fo":1,"c":182}},{"type":"Feature","geometry":{"type":"Polygon","coordinates":[[[10.6231,59.81897],[10.62317,59.81892],[10.62313,59.8189],[10.62313,59.81873],[10.62305,59.81874],[10.6231,59.81897]]]},"properties":{"a":122,"v":-131,"dh":1.08,"pl":1,"pn":"VESTFJORDTOMTENE","pd":"1975-10-30","fo":1,"c":182}},{"type":"Feature","geometry":{"type":"Polygon","coordinates":[[[10.62067,59.81732],[10.62104,59.8172],[10.62107,59.81714],[10.62098,59.81712],[10.62056,59.81721],[10.62067,59.81732]]]},"properties":{"a":284,"v":-386,"dh":1.36,"pl":1,"pn":"GAMLE ALVÆRNVEI VEST","pd":"2001-05-10","fo":1,"c":179}},{"type":"Feature","geometry":{"type":"Polygon","coordinates":[[[10.61967,59.8177],[10.61977,59.81766],[10.61975,59.81749],[10.61962,59.81747],[10.61968,59.81753],[10.61967,59.8177]]]},"properties":{"a":119,"v":398,"dh":3.35,"pl":1,"pn":"VESTFJORDTOMTENE","pd":"1975-10-30","sl":1,"c":183}},{"type":"Feature","geometry":{"type":"Polygon","coordinates":[[[10.62126,59.81772],[10.62127,59.81761],[10.62109,59.81763],[10.62111,59.8177],[10.62126,59.81772]]]},"properties":{"a":107,"v":-144,"dh":1.35,"pl":1,"pn":"GAMLE ALVÆRNVEI VEST","pd":"2001-05-10","fo":1,"c":179}},{"type":"Feature","geometry":{"type":"Polygon","coordinates":[[[10.61861,59.8186],[10.61869,59.81856],[10.61833,59.81839],[10.61832,59.81847],[10.61839,59.81852],[10.61837,59.81856],[10.61861,59.8186]]]},"properties":{"a":255,"v":-675,"dh":2.65,"pl":0,"fo":1,"c":184}},{"type":"Feature","geometry":{"type":"Polygon","coordinates":[[[10.61979,59.81873],[10.61976,59.81856],[10.6198,59.81853],[10.61975,59.81852],[10.61974,59.81846],[10.61979,59.81844],[10.61974,59.81844],[10.61969,59.81846],[10.61971,59.81854],[10.61966,59.81854],[10.61973,59.81862],[10.61966,59.81864],[10.61979,59.81873]]]},"properties":{"a":126,"v":252,"dh":2.0,"pl":1,"pn":"VESTFJORDTOMTENE","pd":"1975-10-30","sl":1,"c":183}},{"type":"Feature","geometry":{"type":"MultiPolygon","coordinates":[[[[10.62109,59.81869],[10.62131,59.81876],[10.62136,59.81871],[10.62119,59.8186],[10.621,59.8186],[10.62109,59.81869]]],[[[10.62116,59.81873],[10.62118,59.81874],[10.62118,59.81873],[10.62116,59.81873]]]]},"properties":{"a":200,"v":-363,"dh":1.81,"pl":1,"pn":"GAMLE ALVÆRNVEI VEST","pd":"2001-05-10","fo":1,"c":179}},{"type":"Feature","geometry":{"type":"Polygon","coordinates":[[[10.61995,59.81903],[10.61992,59.81886],[10.61981,59.81879],[10.61986,59.81901],[10.61995,59.81903]]]},"properties":{"a":114,"v":411,"dh":3.61,"pl":1,"pn":"VESTFJORDTOMTENE","pd":"1975-10-30","sl":1,"c":183}},{"type":"Feature","geometry":{"type":"Polygon","coordinates":[[[10.62009,59.81934],[10.62005,59.8193],[10.6201,59.81928],[10.62012,59.81921],[10.62003,59.81916],[10.62,59.81907],[10.61993,59.81904],[10.61996,59.81918],[10.62005,59.8192],[10.62,59.8193],[10.62009,59.81934]]]},"properties":{"a":121,"v":238,"dh":1.97,"pl":1,"pn":"VESTFJORDTOMTENE","pd":"1975-10-30","sl":1,"c":183}},{"type":"Feature","geometry":{"type":"MultiPolygon","coordinates":[[[[10.66236,59.79294],[10.66248,59.79286],[10.66246,59.79273],[10.66241,59.79275],[10.66236,59.79294]]],[[[10.66233,59.79297],[10.66227,59.79298],[10.66228,59.79301],[10.66233,59.79301],[10.66233,59.79297]]]]},"properties":{"a":111,"v":103,"dh":0.93,"pl":0,"sh":1,"c":185}},{"type":"Feature","geometry":{"type":"Polygon","coordinates":[[[10.65933,59.7979],[10.65938,59.79781],[10.65934,59.79778],[10.65937,59.79765],[10.65928,59.79767],[10.65932,59.79777],[10.65927,59.79789],[10.65933,59.7979]]]},"properties":{"a":110,"v":-231,"dh":2.1,"pl":0,"sl":1,"c":186}},{"type":"Feature","geometry":{"type":"Polygon","coordinates":[[[10.66266,59.80326],[10.66273,59.80323],[10.66269,59.8032],[10.66276,59.80317],[10.66274,59.80313],[10.66244,59.80312],[10.66253,59.80322],[10.66266,59.80326]]]},"properties":{"a":172,"v":207,"dh":1.2,"pl":0,"fo":1,"c":188}},{"type":"Feature","geometry":{"type":"Polygon","coordinates":[[[10.66873,59.80335],[10.66881,59.8033],[10.6686,59.80329],[10.66856,59.80324],[10.66859,59.80316],[10.66832,59.80314],[10.66828,59.80307],[10.66834,59.80305],[10.66833,59.80299],[10.66812,59.80297],[10.66815,59.80329],[10.66873,59.80335]]]},"properties":{"a":757,"v":1077,"dh":1.42,"pl":0,"fo":1,"c":187}},{"type":"Feature","geometry":{"type":"Polygon","coordinates":[[[10.6618,59.80391],[10.66201,59.80384],[10.66229,59.8036],[10.66228,59.80343],[10.66221,59.80342],[10.66227,59.80335],[10.66225,59.80328],[10.66166,59.80323],[10.66158,59.80329],[10.6615,59.80328],[10.66152,59.80334],[10.66142,59.80344],[10.66152,59.80358],[10.66145,59.80361],[10.66164,59.80387],[10.6618,59.80391]],[[10.66161,59.80335],[10.66163,59.80335],[10.66163,59.80335],[10.66161,59.80335]]]},"properties":{"a":2675,"v":10147,"dh":3.79,"pl":0,"c":188}},{"type":"Feature","geometry":{"type":"Polygon","coordinates":[[[10.66186,59.80399],[10.66203,59.80392],[10.6621,59.80383],[10.6617,59.80395],[10.66186,59.80399]]]},"properties":{"a":134,"v":-208,"dh":1.55,"pl":0,"fo":1,"c":188}},{"type":"Feature","geometry":{"type":"MultiPolygon","coordinates":[[[[10.67408,59.81191],[10.67427,59.81189],[10.67427,59.81188],[10.67415,59.81188],[10.67408,59.81191]]],[[[10.67408,59.81191],[10.67349,59.81195],[10.67322,59.81192],[10.67305,59.812],[10.67292,59.81199],[10.67287,59.81206],[10.6731,59.81201],[10.67315,59.81196],[10.67363,59.81197],[10.67397,59.81195],[10.67408,59.81191]]]]},"properties":{"a":198,"v":-170,"dh":0.86,"pl":0,"sh":1,"c":189}},{"type":"Feature","geometry":{"type":"Polygon","coordinates":[[[10.67293,59.82741],[10.6729,59.82732],[10.67266,59.82734],[10.6728,59.82741],[10.67293,59.82741]]]},"properties":{"a":112,"v":178,"dh":1.59,"pl":0,"c":190}},{"type":"Feature","geometry":{"type":"MultiPolygon","coordinates":[[[[10.67297,59.83257],[10.67292,59.83252],[10.67281,59.83254],[10.67283,59.83257],[10.67297,59.83257]]],[[[10.67297,59.83257],[10.67297,59.83262],[10.67312,59.83267],[10.6734,59.83266],[10.67332,59.83274],[10.67336,59.83281],[10.6742,59.8328],[10.6745,59.83288],[10.6745,59.83277],[10.67421,59.83275],[10.67416,59.83269],[10.67405,59.83274],[10.67383,59.83268],[10.67374,59.8326],[10.67372,59.83245],[10.67361,59.83241],[10.67357,59.83245],[10.67361,59.83246],[10.67345,59.83248],[10.67319,59.83238],[10.67309,59.83238],[10.67298,59.83244],[10.67303,59.83257],[10.67297,59.83257]],[[10.67339,59.83278],[10.67336,59.83276],[10.67339,59.83275],[10.67339,59.83278]],[[10.67351,59.83263],[10.67346,59.83261],[10.67353,59.83261],[10.67351,59.83263]],[[10.67318,59.83248],[10.6732,59.8325],[10.67316,59.8325],[10.67318,59.83248]]]]},"properties":{"a":1867,"v":2740,"dh":1.47,"pl":0,"c":191}},{"type":"Feature","geometry":{"type":"Polygon","coordinates":[[[10.67509,59.83529],[10.67511,59.83501],[10.67504,59.835],[10.67502,59.83527],[10.67509,59.83529]]]},"properties":{"a":145,"v":163,"dh":1.12,"pl":1,"pn":"OMREGULERING BERGER STADION","pd":"2007-06-02","fo":1,"c":192}},{"type":"Feature","geometry":{"type":"Polygon","coordinates":[[[10.69826,59.81243],[10.69826,59.81236],[10.69817,59.81231],[10.69803,59.8124],[10.69826,59.81243]]]},"properties":{"a":118,"v":-112,"dh":0.95,"pl":1,"pn":"Kirkevika-Torvvikveien","pd":"2016-03-09","sh":1,"c":193}},{"type":"Feature","geometry":{"type":"Polygon","coordinates":[[[10.69807,59.81286],[10.69821,59.81284],[10.69821,59.81279],[10.69812,59.81275],[10.69811,59.81265],[10.69799,59.81268],[10.69807,59.81286]],[[10.6981,59.81278],[10.69812,59.81277],[10.69812,59.81278],[10.6981,59.81278]]]},"properties":{"a":165,"v":-177,"dh":1.07,"pl":1,"pn":"Kirkevika-Torvvikveien","pd":"2016-03-09","fo":1,"c":194}},{"type":"Feature","geometry":{"type":"Polygon","coordinates":[[[10.69795,59.81297],[10.69804,59.81288],[10.69793,59.81282],[10.69786,59.81265],[10.69767,59.81265],[10.69762,59.81277],[10.69783,59.81294],[10.69795,59.81297]]]},"properties":{"a":466,"v":965,"dh":2.07,"pl":1,"pn":"Kirkevika-Torvvikveien","pd":"2016-03-09","fo":1,"c":194}},{"type":"Feature","geometry":{"type":"Polygon","coordinates":[[[10.69958,59.8165],[10.69966,59.81633],[10.69962,59.81628],[10.69951,59.8163],[10.69947,59.81643],[10.69938,59.81646],[10.69943,59.8165],[10.69958,59.8165]]]},"properties":{"a":220,"v":367,"dh":1.67,"pl":1,"pn":"Kirkevika-Torvvikveien","pd":"2016-03-09","fo":1,"c":195}},{"type":"Feature","geometry":{"type":"Polygon","coordinates":[[[10.69629,59.81992],[10.69634,59.81985],[10.69616,59.8198],[10.69615,59.81992],[10.69629,59.81992]],[[10.69618,59.81986],[10.69623,59.81983],[10.69627,59.81984],[10.69618,59.81986]]]},"properties":{"a":103,"v":96,"dh":0.94,"pl":1,"pn":"Solbergskogen","pd":"2018-03-14","sh":1,"c":196}},{"type":"Feature","geometry":{"type":"Polygon","coordinates":[[[10.69601,59.82238],[10.69598,59.82226],[10.69571,59.82227],[10.69575,59.82233],[10.69595,59.82231],[10.69601,59.82238]]]},"properties":{"a":114,"v":124,"dh":1.09,"pl":1,"pn":"Solbergskogen","pd":"2018-03-14","fo":1,"c":197}},{"type":"Feature","geometry":{"type":"Polygon","coordinates":[[[10.69632,59.82609],[10.69642,59.82606],[10.6964,59.82597],[10.69649,59.826],[10.69647,59.82582],[10.69621,59.82597],[10.69619,59.82604],[10.69632,59.82609]]]},"properties":{"a":266,"v":300,"dh":1.13,"pl":1,"pn":"Solbergskogen","pd":"2018-03-14","fo":1,"c":198}},{"type":"Feature","geometry":{"type":"Polygon","coordinates":[[[10.69247,59.82766],[10.69265,59.82763],[10.69264,59.82748],[10.69256,59.82751],[10.69258,59.82758],[10.69247,59.82766]]]},"properties":{"a":101,"v":126,"dh":1.25,"pl":1,"pn":"FJORDVANGEN","pd":"1979-05-15","c":199}},{"type":"Feature","geometry":{"type":"Polygon","coordinates":[[[10.69286,59.82959],[10.69287,59.82953],[10.69282,59.82951],[10.69288,59.82937],[10.69269,59.82955],[10.69286,59.82959]]]},"properties":{"a":112,"v":106,"dh":0.94,"pl":1,"pn":"FJORDVANGEN","pd":"1979-05-15","sh":1,"c":200}},{"type":"Feature","geometry":{"type":"Polygon","coordinates":[[[10.69514,59.82958],[10.69528,59.82961],[10.69526,59.82955],[10.6951,59.82949],[10.69491,59.8296],[10.69505,59.82966],[10.69511,59.82966],[10.69514,59.82958]],[[10.69518,59.82958],[10.69519,59.82957],[10.69519,59.82958],[10.69518,59.82958]]]},"properties":{"a":208,"v":-328,"dh":1.57,"pl":1,"pn":"FJORDVANGEN","pd":"1979-05-15","fo":1,"c":201}},{"type":"Feature","geometry":{"type":"Polygon","coordinates":[[[10.68294,59.81911],[10.68296,59.81905],[10.68293,59.81887],[10.68258,59.81926],[10.68228,59.81941],[10.68209,59.81977],[10.682,59.82019],[10.68203,59.8204],[10.68166,59.82051],[10.68182,59.82054],[10.68201,59.82067],[10.68217,59.82066],[10.68217,59.82033],[10.68224,59.81996],[10.68239,59.81972],[10.68256,59.81956],[10.68264,59.81934],[10.68272,59.81933],[10.68284,59.81921],[10.68283,59.8193],[10.68276,59.81934],[10.68278,59.8194],[10.6827,59.81949],[10.68294,59.81939],[10.68301,59.81935],[10.68297,59.8193],[10.68318,59.81925],[10.68342,59.81905],[10.68339,59.81903],[10.68351,59.81901],[10.68356,59.81887],[10.6834,59.81888],[10.68334,59.8188],[10.68325,59.8188],[10.68314,59.81884],[10.68317,59.819],[10.68294,59.81911]],[[10.68293,59.81912],[10.68291,59.81913],[10.68291,59.81912],[10.68293,59.81912]],[[10.68204,59.82064],[10.68206,59.82062],[10.68206,59.82064],[10.68204,59.82064]],[[10.68207,59.82058],[10.682,59.82052],[10.68211,59.82053],[10.68207,59.82058]],[[10.68286,59.81919],[10.68284,59.8192],[10.68284,59.81919],[10.68286,59.81919]],[[10.68286,59.81919],[10.68288,59.81918],[10.68288,59.81919],[10.68286,59.81919]]]},"properties":{"a":3864,"v":5086,"dh":1.32,"pl":1,"pn":"Gang- og sykkelvei-FV.156, Torvet - Fjordvangen","pd":"2014-10-16","c":143}},{"type":"Feature","geometry":{"type":"Polygon","coordinates":[[[10.68206,59.82109],[10.68207,59.82094],[10.68198,59.82081],[10.68192,59.82107],[10.68206,59.82109]]]},"properties":{"a":174,"v":189,"dh":1.08,"pl":1,"pn":"Gang- og sykkelvei-FV.156, Torvet - Fjordvangen","pd":"2014-10-16","fo":1,"c":143}},{"type":"Feature","geometry":{"type":"Polygon","coordinates":[[[10.67659,59.82112],[10.6768,59.82109],[10.67676,59.82099],[10.67655,59.82103],[10.67659,59.82112]]]},"properties":{"a":177,"v":441,"dh":2.49,"pl":0,"fo":1,"c":202}},{"type":"Feature","geometry":{"type":"Polygon","coordinates":[[[10.68232,59.82192],[10.68234,59.82169],[10.68246,59.82151],[10.68237,59.82149],[10.6822,59.82167],[10.68223,59.82188],[10.68232,59.82192]]]},"properties":{"a":323,"v":-419,"dh":1.3,"pl":1,"pn":"Gang- og sykkelvei-FV.156, Torvet - Fjordvangen","pd":"2014-10-16","fo":1,"c":143}},{"type":"Feature","geometry":{"type":"Polygon","coordinates":[[[10.68196,59.82215],[10.68197,59.82206],[10.68184,59.82203],[10.68182,59.82192],[10.68171,59.82193],[10.6817,59.82209],[10.68196,59.82215]]]},"properties":{"a":240,"v":321,"dh":1.34,"pl":1,"pn":"Gang- og sykkelvei-FV.156, Torvet - Fjordvangen","pd":"2014-10-16","c":143}},{"type":"Feature","geometry":{"type":"Polygon","coordinates":[[[10.68215,59.82273],[10.68224,59.82241],[10.68221,59.82218],[10.68208,59.82221],[10.68204,59.82242],[10.68205,59.82263],[10.68215,59.82273]]]},"properties":{"a":490,"v":-782,"dh":1.6,"pl":1,"pn":"Gang- og sykkelvei-FV.156, Torvet - Fjordvangen","pd":"2014-10-16","fo":1,"c":143}},{"type":"Feature","geometry":{"type":"MultiPolygon","coordinates":[[[[10.68171,59.824],[10.68169,59.82399],[10.68169,59.824],[10.68171,59.824]]],[[[10.68168,59.82401],[10.68111,59.82438],[10.68107,59.82448],[10.68115,59.82449],[10.68137,59.82436],[10.68166,59.82408],[10.68168,59.82401]]]]},"properties":{"a":421,"v":554,"dh":1.32,"pl":1,"pn":"Gang- og sykkelvei-FV.156, Torvet - Fjordvangen","pd":"2014-10-16","c":143}},{"type":"Feature","geometry":{"type":"Polygon","coordinates":[[[10.68019,59.82535],[10.68021,59.82529],[10.68039,59.82533],[10.68035,59.82527],[10.68042,59.82521],[10.68067,59.82531],[10.68066,59.82514],[10.68056,59.82496],[10.68102,59.82452],[10.68074,59.82464],[10.68035,59.82497],[10.68015,59.82523],[10.68019,59.82529],[10.68014,59.82534],[10.68019,59.82535]]]},"properties":{"a":1157,"v":1549,"dh":1.34,"pl":1,"pn":"Gang- og sykkelvei-FV.156, Torvet - Fjordvangen","pd":"2014-10-16","c":143}},{"type":"Feature","geometry":{"type":"Polygon","coordinates":[[[10.67772,59.8251],[10.67782,59.8251],[10.67787,59.82499],[10.67783,59.82493],[10.67768,59.82499],[10.67772,59.8251]]]},"properties":{"a":138,"v":220,"dh":1.6,"pl":0,"c":203}},{"type":"Feature","geometry":{"type":"Polygon","coordinates":[[[10.6842,59.81604],[10.68425,59.816],[10.68423,59.81596],[10.68432,59.81595],[10.68433,59.81582],[10.68442,59.81578],[10.68458,59.81551],[10.68453,59.81547],[10.6845,59.81531],[10.6846,59.81517],[10.68447,59.81513],[10.6844,59.81517],[10.68398,59.81558],[10.68402,59.81563],[10.68401,59.81585],[10.6842,59.81604]]]},"properties":{"a":1869,"v":-4216,"dh":2.26,"pl":1,"pn":"Gang- og sykkelvei-FV.156, Torvet - Fjordvangen","pd":"2014-10-16","fo":1,"c":143}},{"type":"Feature","geometry":{"type":"Polygon","coordinates":[[[10.68507,59.81697],[10.68517,59.81695],[10.68517,59.81691],[10.68499,59.81684],[10.6847,59.81687],[10.68507,59.81697]]]},"properties":{"a":219,"v":349,"dh":1.59,"pl":0,"c":204}},{"type":"Feature","geometry":{"type":"Polygon","coordinates":[[[10.69102,59.81791],[10.69104,59.81771],[10.69092,59.81772],[10.69094,59.81787],[10.69102,59.81791]]]},"properties":{"a":115,"v":-179,"dh":1.55,"pl":0,"fo":1,"c":205}},{"type":"Feature","geometry":{"type":"Polygon","coordinates":[[[10.68476,59.81895],[10.68488,59.81895],[10.68484,59.8188],[10.68473,59.81879],[10.68476,59.81895]]]},"properties":{"a":106,"v":111,"dh":1.05,"pl":0,"c":206}},{"type":"Feature","geometry":{"type":"Polygon","coordinates":[[[10.69191,59.82181],[10.69194,59.82177],[10.69189,59.8217],[10.69167,59.8217],[10.69178,59.82174],[10.69177,59.8218],[10.69191,59.82181]]]},"properties":{"a":119,"v":168,"dh":1.41,"pl":0,"fo":1,"c":207}},{"type":"Feature","geometry":{"type":"Polygon","coordinates":[[[10.69041,59.8225],[10.69057,59.82241],[10.69056,59.82233],[10.69044,59.82232],[10.69041,59.8225]]]},"properties":{"a":134,"v":-189,"dh":1.41,"pl":0,"fo":1,"c":208}},{"type":"Feature","geometry":{"type":"Polygon","coordinates":[[[10.69229,59.82723],[10.69247,59.82726],[10.6925,59.8272],[10.69232,59.82712],[10.69229,59.82723]]]},"properties":{"a":136,"v":-186,"dh":1.37,"pl":1,"pn":"FJORDVANGEN","pd":"1979-05-15","c":199}},{"type":"Feature","geometry":{"type":"MultiPolygon","coordinates":[[[[10.69135,59.82757],[10.69149,59.82769],[10.69171,59.82768],[10.69157,59.82741],[10.69135,59.82757]]],[[[10.69138,59.82764],[10.6914,59.82767],[10.69142,59.82764],[10.69138,59.82764]]]]},"properties":{"a":329,"v":582,"dh":1.77,"pl":1,"pn":"FJORDVANGEN","pd":"1979-05-15","c":199}},{"type":"Feature","geometry":{"type":"Polygon","coordinates":[[[10.69244,59.8284],[10.69252,59.82831],[10.69233,59.82826],[10.69233,59.82837],[10.69244,59.8284]]]},"properties":{"a":115,"v":-125,"dh":1.09,"pl":1,"pn":"FJORDVANGEN","pd":"1979-05-15","c":199}},{"type":"Feature","geometry":{"type":"Polygon","coordinates":[[[10.69253,59.82886],[10.69262,59.82879],[10.69247,59.82872],[10.69238,59.82854],[10.69229,59.82852],[10.69233,59.82869],[10.69228,59.82876],[10.69244,59.82873],[10.69248,59.82877],[10.69239,59.8288],[10.69253,59.82886]],[[10.69242,59.8287],[10.69244,59.82868],[10.69244,59.8287],[10.69242,59.8287]]]},"properties":{"a":255,"v":291,"dh":1.14,"pl":1,"pn":"FJORDVANGEN","pd":"1979-05-15","c":199}},{"type":"Feature","geometry":{"type":"Polygon","coordinates":[[[10.67934,59.8265],[10.67946,59.82644],[10.67952,59.82624],[10.67937,59.82635],[10.67934,59.8265]]]},"properties":{"a":148,"v":-178,"dh":1.2,"pl":1,"pn":"Gang- og sykkelvei-FV.156, Torvet - Fjordvangen","pd":"2014-10-16","fo":1,"c":143}},{"type":"Feature","geometry":{"type":"Polygon","coordinates":[[[10.68093,59.8266],[10.681,59.82654],[10.68099,59.82635],[10.68088,59.82625],[10.68086,59.82659],[10.68093,59.8266]]]},"properties":{"a":232,"v":351,"dh":1.51,"pl":0,"c":209}},{"type":"Feature","geometry":{"type":"Polygon","coordinates":[[[10.67655,59.82669],[10.67663,59.82661],[10.67679,59.82654],[10.67656,59.82654],[10.67658,59.82658],[10.67651,59.82665],[10.67655,59.82669]]]},"properties":{"a":140,"v":191,"dh":1.36,"pl":0,"fo":1,"c":210}},{"type":"Feature","geometry":{"type":"Polygon","coordinates":[[[10.67967,59.82669],[10.67977,59.82661],[10.67973,59.82652],[10.67976,59.82644],[10.67968,59.82651],[10.67967,59.82669]]]},"properties":{"a":103,"v":-108,"dh":1.05,"pl":1,"pn":"Gang- og sykkelvei-FV.156, Torvet - Fjordvangen","pd":"2014-10-16","fo":1,"c":143}},{"type":"Feature","geometry":{"type":"Polygon","coordinates":[[[10.67972,59.82697],[10.6804,59.82696],[10.68045,59.82692],[10.68059,59.82691],[10.68088,59.82673],[10.6809,59.82668],[10.68065,59.8267],[10.68061,59.82665],[10.68051,59.82665],[10.68047,59.82671],[10.68053,59.82674],[10.68051,59.82681],[10.68021,59.82686],[10.68022,59.82692],[10.68006,59.82691],[10.68003,59.82683],[10.67989,59.82673],[10.67971,59.8267],[10.67966,59.82684],[10.67962,59.82685],[10.67963,59.82693],[10.67972,59.82697]]]},"properties":{"a":1112,"v":1720,"dh":1.55,"pl":1,"pn":"Gang- og sykkelvei-FV.156, Torvet - Fjordvangen","pd":"2014-10-16","c":143}},{"type":"Feature","geometry":{"type":"Polygon","coordinates":[[[10.67921,59.82711],[10.67937,59.82667],[10.67922,59.8267],[10.67906,59.82657],[10.67881,59.82657],[10.67904,59.82668],[10.67904,59.8269],[10.67908,59.82697],[10.67917,59.827],[10.67917,59.82711],[10.67921,59.82711]],[[10.67923,59.82681],[10.67921,59.82676],[10.67925,59.82676],[10.67923,59.82681]]]},"properties":{"a":719,"v":730,"dh":1.02,"pl":1,"pn":"Gang- og sykkelvei-FV.156, Torvet - Fjordvangen","pd":"2014-10-16","c":143}},{"type":"Feature","geometry":{"type":"Polygon","coordinates":[[[10.67936,59.82758],[10.67948,59.82746],[10.67946,59.82739],[10.67956,59.82707],[10.67949,59.82708],[10.67938,59.82735],[10.67932,59.82756],[10.67936,59.82758]]]},"properties":{"a":258,"v":229,"dh":0.89,"pl":1,"pn":"Gang- og sykkelvei-FV.156, Torvet - Fjordvangen","pd":"2014-10-16","sh":1,"c":143}},{"type":"Feature","geometry":{"type":"Polygon","coordinates":[[[10.68379,59.82747],[10.68379,59.82738],[10.68374,59.82736],[10.68375,59.82727],[10.68364,59.82727],[10.68365,59.82747],[10.68379,59.82747]]]},"properties":{"a":152,"v":-148,"dh":0.97,"pl":1,"pn":"FJORDVANGEN","pd":"1979-05-15","sh":1,"c":199}},{"type":"Feature","geometry":{"type":"Polygon","coordinates":[[[10.68416,59.82797],[10.68423,59.82794],[10.68421,59.82788],[10.68426,59.82781],[10.68433,59.82781],[10.68437,59.82791],[10.68444,59.82789],[10.68459,59.82777],[10.68461,59.82771],[10.68439,59.82767],[10.68431,59.82772],[10.68429,59.82768],[10.68411,59.82766],[10.68409,59.82773],[10.68417,59.82781],[10.68417,59.82788],[10.68412,59.82793],[10.68416,59.82797]]]},"properties":{"a":539,"v":631,"dh":1.17,"pl":1,"pn":"FJORDVANGEN","pd":"1979-05-15","c":199}},{"type":"Feature","geometry":{"type":"Polygon","coordinates":[[[10.68004,59.82879],[10.68022,59.82878],[10.68027,59.82871],[10.68028,59.82848],[10.6802,59.82841],[10.68014,59.82822],[10.68001,59.8282],[10.68016,59.82833],[10.68011,59.82845],[10.68012,59.82863],[10.68005,59.82865],[10.68004,59.82874],[10.68004,59.82879]]]},"properties":{"a":478,"v":523,"dh":1.09,"pl":1,"pn":"RØERVEIEN 42","pd":"2012-11-01","fo":1,"c":212}},{"type":"Feature","geometry":{"type":"Polygon","coordinates":[[[10.6798,59.82892],[10.67956,59.82886],[10.67956,59.8288],[10.67943,59.82872],[10.67944,59.82855],[10.67954,59.82839],[10.67953,59.82817],[10.67928,59.82814],[10.67935,59.82819],[10.67927,59.8283],[10.67925,59.82854],[10.67917,59.82854],[10.67921,59.82862],[10.67913,59.82863],[10.67913,59.82868],[10.67918,59.82867],[10.67919,59.82877],[10.67912,59.82886],[10.6798,59.82892]],[[10.67939,59.82883],[10.67942,59.82881],[10.67946,59.82881],[10.67939,59.82883]]]},"properties":{"a":1302,"v":2533,"dh":1.95,"pl":1,"pn":"RØERVEIEN 42","pd":"2012-11-01","fo":1,"c":212}},{"type":"Feature","geometry":{"type":"Polygon","coordinates":[[[10.68003,59.82894],[10.68001,59.82886],[10.67994,59.82883],[10.67995,59.82876],[10.6797,59.82879],[10.67974,59.82884],[10.67985,59.82882],[10.6798,59.82885],[10.67983,59.8289],[10.68003,59.82894]]]},"properties":{"a":158,"v":-179,"dh":1.13,"pl":1,"pn":"RØERVEIEN 42","pd":"2012-11-01","fo":1,"c":212}},{"type":"Feature","geometry":{"type":"Polygon","coordinates":[[[10.67916,59.8289],[10.67904,59.82898],[10.67901,59.82911],[10.6789,59.82911],[10.6789,59.82915],[10.6791,59.82917],[10.67904,59.82913],[10.67922,59.8291],[10.67923,59.829],[10.6793,59.82897],[10.67916,59.82896],[10.67916,59.8289]],[[10.67911,59.82897],[10.67922,59.82902],[10.67913,59.82904],[10.67911,59.82897]]]},"properties":{"a":235,"v":284,"dh":1.21,"pl":1,"pn":"BERGER-EKELUND","pd":"1989-06-15","fo":1,"c":211}},{"type":"Feature","geometry":{"type":"Polygon","coordinates":[[[10.68052,59.82967],[10.68048,59.8296],[10.68056,59.82944],[10.68055,59.82931],[10.68038,59.82914],[10.68044,59.82966],[10.68052,59.82967]]]},"properties":{"a":305,"v":381,"dh":1.25,"pl":1,"pn":"RØERVEIEN 42","pd":"2012-11-01","c":212}},{"type":"Feature","geometry":{"type":"Polygon","coordinates":[[[10.67911,59.82967],[10.67894,59.82955],[10.67885,59.82955],[10.67885,59.82964],[10.67911,59.82967]]]},"properties":{"a":109,"v":87,"dh":0.79,"pl":1,"pn":"FJORDVANGVEIEN,ØVRE DEL","pd":"2002-04-25","sh":1,"c":213}},{"type":"Feature","geometry":{"type":"Polygon","coordinates":[[[10.68291,59.8297],[10.68307,59.82967],[10.6831,59.82959],[10.68287,59.8296],[10.68291,59.8297]],[[10.6829,59.82962],[10.68292,59.82961],[10.68292,59.82962],[10.6829,59.82962]]]},"properties":{"a":104,"v":-98,"dh":0.95,"pl":1,"pn":"FJORDVANGEN","pd":"1979-05-15","sh":1,"c":199}},{"type":"Feature","geometry":{"type":"Polygon","coordinates":[[[10.68236,59.82982],[10.68241,59.82973],[10.68237,59.82969],[10.6824,59.82959],[10.68231,59.82957],[10.68228,59.82971],[10.68236,59.82982]]]},"properties":{"a":129,"v":135,"dh":1.05,"pl":1,"pn":"FJORDVANGEN","pd":"1979-05-15","c":199}},{"type":"Feature","geometry":{"type":"Polygon","coordinates":[[[10.67926,59.82994],[10.67921,59.82988],[10.67928,59.82987],[10.67913,59.82983],[10.67907,59.82974],[10.67888,59.82971],[10.67883,59.82976],[10.67901,59.82988],[10.67926,59.82994]]]},"properties":{"a":282,"v":225,"dh":0.8,"pl":1,"pn":"FJORDVANGVEIEN,ØVRE DEL","pd":"2002-04-25","sh":1,"c":213}},{"type":"Feature","geometry":{"type":"Polygon","coordinates":[[[10.68293,59.83006],[10.68289,59.82997],[10.68295,59.82978],[10.68287,59.82972],[10.68275,59.82979],[10.68268,59.82971],[10.68264,59.82974],[10.68271,59.82977],[10.68272,59.82982],[10.68256,59.82993],[10.68247,59.82992],[10.68251,59.82986],[10.68236,59.82983],[10.68238,59.82993],[10.68293,59.83006]]]},"properties":{"a":556,"v":533,"dh":0.96,"pl":1,"pn":"FJORDVANGEN","pd":"1979-05-15","c":199}},{"type":"Feature","geometry":{"type":"Polygon","coordinates":[[[10.68049,59.83023],[10.68042,59.83019],[10.6804,59.83011],[10.68045,59.83005],[10.68039,59.83001],[10.6803,59.83002],[10.68029,59.83013],[10.6802,59.83017],[10.68034,59.83017],[10.68036,59.83021],[10.68049,59.83023]]]},"properties":{"a":171,"v":-182,"dh":1.06,"pl":1,"pn":"RØERVEIEN 42","pd":"2012-11-01","c":212}},{"type":"Feature","geometry":{"type":"Polygon","coordinates":[[[10.6862,59.82911],[10.68626,59.82903],[10.68626,59.82891],[10.68605,59.82898],[10.68614,59.82907],[10.68604,59.82911],[10.6862,59.82911]]]},"properties":{"a":190,"v":272,"dh":1.43,"pl":1,"pn":"FJORDVANGEN","pd":"1979-05-15","c":199}},{"type":"Feature","geometry":{"type":"Polygon","coordinates":[[[10.68746,59.82966],[10.68745,59.82949],[10.68748,59.82949],[10.68744,59.82943],[10.68719,59.82965],[10.68746,59.82966]]]},"properties":{"a":177,"v":240,"dh":1.35,"pl":1,"pn":"FJORDVANGEN","pd":"1979-05-15","c":199}},{"type":"Feature","geometry":{"type":"Polygon","coordinates":[[[10.69265,59.82982],[10.6926,59.82979],[10.69261,59.82972],[10.69252,59.8297],[10.6924,59.82976],[10.69246,59.82982],[10.69265,59.82982]]]},"properties":{"a":124,"v":213,"dh":1.71,"pl":1,"pn":"FJORDVANGEN","pd":"1979-05-15","fo":1,"c":201}},{"type":"Feature","geometry":{"type":"Polygon","coordinates":[[[10.6925,59.83001],[10.69264,59.8299],[10.69237,59.82988],[10.69228,59.82992],[10.6925,59.83001]]]},"properties":{"a":154,"v":257,"dh":1.67,"pl":1,"pn":"FJORDVANGEN","pd":"1979-05-15","fo":1,"c":201}},{"type":"Feature","geometry":{"type":"Polygon","coordinates":[[[10.68477,59.83123],[10.68487,59.83109],[10.68469,59.83106],[10.68467,59.83111],[10.68476,59.83114],[10.68477,59.83123]]]},"properties":{"a":110,"v":-102,"dh":0.93,"pl":1,"pn":"BERGER-EKELUND","pd":"1989-06-15","sh":1,"c":214}},{"type":"Feature","geometry":{"type":"Polygon","coordinates":[[[10.69236,59.83133],[10.69269,59.83127],[10.69274,59.83113],[10.69249,59.83111],[10.69242,59.83113],[10.69242,59.83118],[10.6923,59.83121],[10.6923,59.83126],[10.69237,59.83126],[10.69236,59.83133]]]},"properties":{"a":393,"v":651,"dh":1.66,"pl":1,"pn":"FJORDVANGEN","pd":"1979-05-15","c":199}},{"type":"Feature","geometry":{"type":"Polygon","coordinates":[[[10.68913,59.83145],[10.68915,59.83138],[10.68902,59.8313],[10.68889,59.83129],[10.68903,59.83142],[10.68913,59.83145]]]},"properties":{"a":119,"v":213,"dh":1.79,"pl":1,"pn":"FJORDVANGEN","pd":"1979-05-15","c":199}},{"type":"Feature","geometry":{"type":"Polygon","coordinates":[[[10.69217,59.83359],[10.69224,59.83352],[10.69225,59.83342],[10.69214,59.83338],[10.69198,59.83341],[10.69199,59.83354],[10.69217,59.83359]]]},"properties":{"a":286,"v":507,"dh":1.77,"pl":0,"fo":1,"c":215}},{"type":"Feature","geometry":{"type":"Polygon","coordinates":[[[10.69276,59.83437],[10.69277,59.83423],[10.69261,59.8342],[10.69263,59.8343],[10.69276,59.83437]]]},"properties":{"a":126,"v":175,"dh":1.39,"pl":0,"fo":1,"c":216}},{"type":"Feature","geometry":{"type":"Polygon","coordinates":[[[10.6919,59.83458],[10.69193,59.83444],[10.69175,59.83452],[10.69181,59.83458],[10.6919,59.83458]]]},"properties":{"a":103,"v":115,"dh":1.12,"pl":0,"c":216}},{"type":"Feature","geometry":{"type":"Polygon","coordinates":[[[10.68022,59.83198],[10.68027,59.83187],[10.68009,59.83187],[10.6801,59.83196],[10.68022,59.83198]]]},"properties":{"a":127,"v":196,"dh":1.54,"pl":1,"pn":"Bergerhøgda","pd":"1996-11-19","c":217}},{"type":"Feature","geometry":{"type":"Polygon","coordinates":[[[10.68015,59.83234],[10.68011,59.83226],[10.67922,59.83219],[10.67924,59.83223],[10.68015,59.83234]]]},"properties":{"a":362,"v":-445,"dh":1.23,"pl":1,"pn":"Gang- og sykkelveg FV. 107, Hellvikveien","pd":"2013-05-30","fo":1,"c":218}},{"type":"Feature","geometry":{"type":"Polygon","coordinates":[[[10.68094,59.83245],[10.68069,59.83236],[10.68029,59.83232],[10.68033,59.83238],[10.68058,59.83243],[10.68094,59.83245]]]},"properties":{"a":243,"v":296,"dh":1.22,"pl":1,"pn":"Gang- og sykkelveg FV. 107, Hellvikveien","pd":"2013-05-30","fo":1,"c":218}},{"type":"Feature","geometry":{"type":"Polygon","coordinates":[[[10.68262,59.83278],[10.6826,59.83271],[10.68249,59.83268],[10.68236,59.83272],[10.68227,59.83268],[10.68233,59.83266],[10.68202,59.83258],[10.68191,59.83262],[10.68197,59.83267],[10.68262,59.83278]]]},"properties":{"a":287,"v":-306,"dh":1.07,"pl":1,"pn":"Gang- og sykkelveg FV. 107, Hellvikveien","pd":"2013-05-30","fo":1,"c":218}},{"type":"Feature","geometry":{"type":"Polygon","coordinates":[[[10.67605,59.83303],[10.67621,59.83275],[10.67619,59.83265],[10.67611,59.83261],[10.67604,59.83263],[10.67612,59.83272],[10.67606,59.83288],[10.676,59.83289],[10.67599,59.83301],[10.67605,59.83303]]]},"properties":{"a":231,"v":238,"dh":1.03,"pl":0,"c":219}},{"type":"Feature","geometry":{"type":"Polygon","coordinates":[[[10.6833,59.83317],[10.68338,59.83296],[10.68323,59.83289],[10.68305,59.83287],[10.68307,59.83293],[10.68323,59.83298],[10.68319,59.83314],[10.6833,59.83317]]]},"properties":{"a":266,"v":377,"dh":1.42,"pl":2,"pn":"Detaljregulering for Hellvikveien 46","pd":"2025-01-29","c":220}},{"type":"Feature","geometry":{"type":"Polygon","coordinates":[[[10.67607,59.83672],[10.67644,59.83663],[10.67645,59.83654],[10.6764,59.83648],[10.67645,59.83639],[10.67611,59.83639],[10.67599,59.83647],[10.67583,59.83646],[10.67569,59.8366],[10.67577,59.83669],[10.67607,59.83672]]]},"properties":{"a":1126,"v":2709,"dh":2.41,"pl":1,"pn":"OMREGULERING BERGER STADION","pd":"2007-06-02","fo":1,"c":192}},{"type":"Feature","geometry":{"type":"Polygon","coordinates":[[[10.6763,59.83845],[10.67653,59.8384],[10.67656,59.83831],[10.67663,59.83827],[10.67661,59.8382],[10.67654,59.83817],[10.67655,59.83811],[10.67643,59.83811],[10.67644,59.83805],[10.67628,59.83807],[10.67613,59.83817],[10.6761,59.83839],[10.6763,59.83845]]]},"properties":{"a":936,"v":1118,"dh":1.19,"pl":1,"pn":"VIDEREGÅENDE SKOLE,BERGER SKOLE","pd":"1977-09-10","fo":1,"c":221}},{"type":"Feature","geometry":{"type":"Polygon","coordinates":[[[10.68128,59.83916],[10.68148,59.83917],[10.68154,59.83909],[10.68167,59.83906],[10.68168,59.83899],[10.6818,59.83889],[10.68203,59.83882],[10.68196,59.83879],[10.68199,59.83865],[10.68181,59.83863],[10.68161,59.83868],[10.68126,59.83909],[10.68128,59.83916]]]},"properties":{"a":1215,"v":2042,"dh":1.68,"pl":1,"pn":"WILLY THORESENS VEI OG ALEX OLSSONS VEI","pd":"1983-07-01","c":222}},{"type":"Feature","geometry":{"type":"Polygon","coordinates":[[[10.68492,59.83944],[10.68493,59.83938],[10.68482,59.83936],[10.68486,59.8393],[10.68468,59.83929],[10.68477,59.8394],[10.68492,59.83944]]]},"properties":{"a":121,"v":156,"dh":1.29,"pl":1,"pn":"HELLVIK-SOLÅSEN","pd":"1988-04-29","c":227}},{"type":"Feature","geometry":{"type":"Polygon","coordinates":[[[10.69097,59.83521],[10.69105,59.83513],[10.69103,59.83509],[10.69113,59.83502],[10.6912,59.83487],[10.69104,59.83492],[10.69106,59.83499],[10.69096,59.83503],[10.69088,59.8352],[10.69097,59.83521]]]},"properties":{"a":240,"v":297,"dh":1.24,"pl":0,"fo":1,"c":216}},{"type":"Feature","geometry":{"type":"Polygon","coordinates":[[[10.69132,59.83515],[10.69139,59.83506],[10.69149,59.83505],[10.69137,59.83503],[10.69138,59.83498],[10.69135,59.83497],[10.69126,59.83503],[10.69115,59.83501],[10.69114,59.83507],[10.69119,59.83513],[10.69132,59.83515]]]},"properties":{"a":197,"v":-230,"dh":1.17,"pl":0,"fo":1,"c":223}},{"type":"Feature","geometry":{"type":"Polygon","coordinates":[[[10.69215,59.83529],[10.69223,59.83519],[10.69221,59.83511],[10.69204,59.83525],[10.69215,59.83529]]]},"properties":{"a":104,"v":-166,"dh":1.59,"pl":0,"fo":1,"c":223}},{"type":"Feature","geometry":{"type":"MultiPolygon","coordinates":[[[[10.68771,59.83577],[10.68776,59.83575],[10.68771,59.83575],[10.68771,59.83577]]],[[[10.68773,59.83578],[10.68748,59.83581],[10.68748,59.83585],[10.68763,59.83587],[10.68773,59.83582],[10.68773,59.83578]]]]},"properties":{"a":124,"v":-121,"dh":0.98,"pl":1,"pn":"HELLVIKVEIEN","pd":"1991-10-31","sh":1,"c":224}},{"type":"Feature","geometry":{"type":"Polygon","coordinates":[[[10.69033,59.8367],[10.69039,59.83658],[10.69013,59.83662],[10.69011,59.83665],[10.69033,59.8367]]]},"properties":{"a":149,"v":-248,"dh":1.66,"pl":1,"pn":"HELLVIK SYD/DEL AV BERGER SKOG","pd":"1985-10-31","c":225}},{"type":"Feature","geometry":{"type":"Polygon","coordinates":[[[10.69289,59.83686],[10.69288,59.83679],[10.69295,59.83672],[10.69291,59.83659],[10.69298,59.8365],[10.69269,59.83649],[10.69268,59.83656],[10.69262,59.83658],[10.69266,59.83661],[10.69265,59.8367],[10.69279,59.83677],[10.69283,59.83686],[10.69289,59.83686]]]},"properties":{"a":509,"v":843,"dh":1.66,"pl":1,"pn":"HELLVIK SYD - Revisjon av reguleringsplan","pd":"2011-03-03","fo":1,"c":229}},{"type":"Feature","geometry":{"type":"Polygon","coordinates":[[[10.69288,59.83709],[10.69286,59.83694],[10.69271,59.83684],[10.69272,59.83678],[10.69255,59.83695],[10.6925,59.83691],[10.69262,59.83681],[10.69247,59.8368],[10.69245,59.83703],[10.69257,59.83696],[10.69257,59.83703],[10.69269,59.8371],[10.69288,59.83709]]]},"properties":{"a":499,"v":-913,"dh":1.83,"pl":1,"pn":"HELLVIK SYD - Revisjon av reguleringsplan","pd":"2011-03-03","fo":1,"c":229}},{"type":"Feature","geometry":{"type":"Polygon","coordinates":[[[10.68926,59.83717],[10.68936,59.83695],[10.68921,59.83691],[10.68916,59.83693],[10.68913,59.83703],[10.68919,59.83706],[10.68917,59.83717],[10.68926,59.83717]]]},"properties":{"a":248,"v":-393,"dh":1.58,"pl":1,"pn":"HELLVIKVEIEN","pd":"1991-10-31","c":226}},{"type":"Feature","geometry":{"type":"Polygon","coordinates":[[[10.68735,59.83715],[10.6875,59.83717],[10.68744,59.8371],[10.68745,59.83703],[10.68736,59.837],[10.68735,59.83715]]]},"properties":{"a":104,"v":-107,"dh":1.03,"pl":1,"pn":"HELLVIK-SOLÅSEN","pd":"1988-04-29","c":227}},{"type":"Feature","geometry":{"type":"Polygon","coordinates":[[[10.68585,59.83747],[10.68595,59.83735],[10.68591,59.83728],[10.68603,59.8372],[10.68603,59.83712],[10.68594,59.83713],[10.68592,59.83707],[10.68585,59.83708],[10.68587,59.83721],[10.68573,59.83723],[10.68577,59.83733],[10.68572,59.83736],[10.68571,59.83746],[10.68585,59.83747]]]},"properties":{"a":400,"v":569,"dh":1.42,"pl":1,"pn":"HELLVIK-SOLÅSEN","pd":"1988-04-29","c":227}},{"type":"Feature","geometry":{"type":"Polygon","coordinates":[[[10.6856,59.83745],[10.68563,59.83741],[10.68554,59.83737],[10.68553,59.83712],[10.68532,59.83718],[10.68538,59.83725],[10.68526,59.83734],[10.6853,59.83743],[10.6856,59.83745]],[[10.6854,59.83734],[10.68542,59.83733],[10.68542,59.83734],[10.6854,59.83734]]]},"properties":{"a":442,"v":455,"dh":1.03,"pl":1,"pn":"HELLVIK-SOLÅSEN","pd":"1988-04-29","c":227}},{"type":"Feature","geometry":{"type":"Polygon","coordinates":[[[10.6927,59.83731],[10.69278,59.83723],[10.69276,59.83713],[10.69247,59.83708],[10.69247,59.83712],[10.69262,59.83713],[10.6926,59.83725],[10.6927,59.83731]]]},"properties":{"a":203,"v":329,"dh":1.62,"pl":1,"pn":"HELLVIK SYD - Revisjon av reguleringsplan","pd":"2011-03-03","c":229}},{"type":"Feature","geometry":{"type":"Polygon","coordinates":[[[10.68637,59.83882],[10.68642,59.83877],[10.68641,59.83856],[10.68632,59.83853],[10.68629,59.83876],[10.6862,59.83881],[10.68637,59.83882]]]},"properties":{"a":201,"v":326,"dh":1.62,"pl":1,"pn":"HELLVIK-SOLÅSEN","pd":"1988-04-29","c":227}},{"type":"Feature","geometry":{"type":"Polygon","coordinates":[[[10.68849,59.8392],[10.68841,59.83899],[10.68837,59.83861],[10.68834,59.83897],[10.68839,59.83902],[10.6884,59.83917],[10.68849,59.8392]]]},"properties":{"a":206,"v":-442,"dh":2.15,"pl":1,"pn":"HELLVIKVEIEN","pd":"1991-10-31","sl":1,"c":228}},{"type":"Feature","geometry":{"type":"Polygon","coordinates":[[[10.68837,59.83968],[10.6885,59.83946],[10.6885,59.83931],[10.68845,59.83935],[10.68844,59.83951],[10.6883,59.83965],[10.6883,59.83969],[10.68837,59.83968]]]},"properties":{"a":134,"v":-278,"dh":2.08,"pl":1,"pn":"HELLVIKVEIEN","pd":"1991-10-31","sl":1,"c":228}},{"type":"Feature","geometry":{"type":"Polygon","coordinates":[[[10.68782,59.83971],[10.68787,59.83964],[10.6875,59.83966],[10.68764,59.8397],[10.68782,59.83971]]]},"properties":{"a":118,"v":-116,"dh":0.98,"pl":1,"pn":"HELLVIKVEIEN","pd":"1991-10-31","sh":1,"c":228}},{"type":"Feature","geometry":{"type":"Polygon","coordinates":[[[10.69238,59.83993],[10.69243,59.83987],[10.69241,59.83971],[10.6923,59.83972],[10.69211,59.83983],[10.69215,59.83991],[10.69238,59.83993]]]},"properties":{"a":296,"v":620,"dh":2.1,"pl":1,"pn":"HELLVIK SYD - Revisjon av reguleringsplan","pd":"2011-03-03","c":229}},{"type":"Feature","geometry":{"type":"Polygon","coordinates":[[[10.68987,59.8401],[10.69011,59.84009],[10.69013,59.83992],[10.69003,59.83992],[10.68992,59.83999],[10.68987,59.8401]]]},"properties":{"a":200,"v":-426,"dh":2.13,"pl":1,"pn":"HELLVIK SYD - Revisjon av reguleringsplan","pd":"2011-03-03","c":229}},{"type":"Feature","geometry":{"type":"Polygon","coordinates":[[[10.68722,59.84046],[10.68724,59.84029],[10.68715,59.84026],[10.68714,59.84045],[10.68722,59.84046]]]},"properties":{"a":112,"v":-199,"dh":1.78,"pl":1,"pn":"HELLVIKVEIEN","pd":"1991-10-31","c":230}},{"type":"Feature","geometry":{"type":"Polygon","coordinates":[[[10.68565,59.84155],[10.68575,59.84151],[10.68577,59.84142],[10.68557,59.84142],[10.68558,59.84133],[10.68565,59.8413],[10.68571,59.84136],[10.68582,59.84136],[10.6859,59.8413],[10.68538,59.8412],[10.68528,59.84127],[10.68515,59.84125],[10.68508,59.84134],[10.68509,59.8414],[10.68514,59.84141],[10.68539,59.84139],[10.68536,59.84144],[10.6852,59.84147],[10.68565,59.84155]]]},"properties":{"a":916,"v":1575,"dh":1.72,"pl":1,"pn":"HELLVIK-SOLÅSEN","pd":"1988-04-29","c":227}},{"type":"Feature","geometry":{"type":"Polygon","coordinates":[[[10.622,59.80478],[10.62193,59.8047],[10.62207,59.80474],[10.62212,59.80468],[10.62192,59.80458],[10.62185,59.80463],[10.62187,59.8047],[10.622,59.80478]]]},"properties":{"a":161,"v":144,"dh":0.89,"pl":1,"pn":"Ellingstadåsen","pd":"2019-02-13","sh":1,"c":231}},{"type":"Feature","geometry":{"type":"MultiPolygon","coordinates":[[[[10.62445,59.8067],[10.62421,59.80663],[10.62431,59.80669],[10.62431,59.80675],[10.62443,59.80675],[10.62447,59.80683],[10.62466,59.80691],[10.62445,59.8067]]],[[[10.62478,59.807],[10.62473,59.80695],[10.62466,59.80691],[10.62468,59.807],[10.62478,59.807]]],[[[10.62482,59.80701],[10.62478,59.807],[10.62479,59.80702],[10.62482,59.80701]]]]},"properties":{"a":184,"v":-366,"dh":1.99,"pl":1,"pn":"Ellingstadåsen","pd":"2019-02-13","sl":1,"c":231}},{"type":"Feature","geometry":{"type":"Polygon","coordinates":[[[10.62977,59.80752],[10.62927,59.8072],[10.62899,59.80707],[10.62936,59.80732],[10.62977,59.80752]]]},"properties":{"a":133,"v":-111,"dh":0.83,"pl":0,"sh":1,"c":232}},{"type":"Feature","geometry":{"type":"Polygon","coordinates":[[[10.62906,59.811],[10.62908,59.81095],[10.62929,59.81087],[10.62923,59.81078],[10.62939,59.81074],[10.62956,59.81055],[10.62985,59.81042],[10.62984,59.81019],[10.62977,59.81016],[10.62977,59.8101],[10.62959,59.81006],[10.62961,59.81018],[10.62968,59.81023],[10.62949,59.81029],[10.62934,59.81043],[10.62931,59.8105],[10.62938,59.81054],[10.62936,59.81059],[10.62928,59.81065],[10.62923,59.81076],[10.62914,59.81077],[10.62904,59.81085],[10.62903,59.81099],[10.62906,59.811]]]},"properties":{"a":1328,"v":1599,"dh":1.2,"pl":0,"fo":1,"c":233}},{"type":"Feature","geometry":{"type":"Polygon","coordinates":[[[10.62671,59.81392],[10.62686,59.81379],[10.62687,59.81364],[10.62684,59.81361],[10.62674,59.81389],[10.62665,59.8139],[10.62671,59.81392]]]},"properties":{"a":111,"v":285,"dh":2.57,"pl":2,"pn":"Detaljregulering for GSV Fv. 157 Bleksli-Alværn","pd":"2026-03-25","sl":1,"c":39}},{"type":"Feature","geometry":{"type":"Polygon","coordinates":[[[10.62656,59.81419],[10.62661,59.81408],[10.62671,59.81399],[10.62667,59.81393],[10.62658,59.81395],[10.62661,59.81402],[10.62655,59.81403],[10.62651,59.81417],[10.62656,59.81419]]]},"properties":{"a":133,"v":521,"dh":3.92,"pl":2,"pn":"Detaljregulering for GSV Fv. 157 Bleksli-Alværn","pd":"2026-03-25","sl":1,"c":39}},{"type":"Feature","geometry":{"type":"Polygon","coordinates":[[[10.6268,59.81503],[10.62685,59.81493],[10.62662,59.81496],[10.62662,59.81498],[10.6268,59.81503]]]},"properties":{"a":105,"v":-218,"dh":2.08,"pl":0,"fo":1,"c":234}},{"type":"Feature","geometry":{"type":"Polygon","coordinates":[[[10.62594,59.81722],[10.62594,59.81716],[10.62606,59.81704],[10.62602,59.81694],[10.62589,59.81691],[10.6257,59.81696],[10.62571,59.81688],[10.62553,59.81693],[10.62568,59.81699],[10.62576,59.8171],[10.62572,59.81715],[10.62587,59.81714],[10.62594,59.81722]]]},"properties":{"a":498,"v":-1171,"dh":2.35,"pl":1,"pn":"VESTFJORDTOMTENE","pd":"1975-10-30","fo":1,"c":182}},{"type":"Feature","geometry":{"type":"Polygon","coordinates":[[[10.63162,59.81035],[10.63172,59.81027],[10.63134,59.81028],[10.63138,59.81032],[10.63162,59.81035]]]},"properties":{"a":121,"v":122,"dh":1.01,"pl":0,"fo":1,"c":235}},{"type":"Feature","geometry":{"type":"Polygon","coordinates":[[[10.64423,59.81488],[10.64437,59.81486],[10.64435,59.81479],[10.64448,59.8148],[10.64446,59.81474],[10.64429,59.81458],[10.64412,59.81453],[10.64379,59.81455],[10.64355,59.81473],[10.64361,59.81489],[10.64368,59.81489],[10.64384,59.81483],[10.64382,59.81478],[10.64396,59.81476],[10.64392,59.81474],[10.64393,59.81464],[10.64402,59.8146],[10.64406,59.81462],[10.64402,59.81468],[10.64413,59.81468],[10.64426,59.81479],[10.64423,59.81488]]]},"properties":{"a":1068,"v":1627,"dh":1.52,"pl":0,"fo":1,"c":236}},{"type":"Feature","geometry":{"type":"Polygon","coordinates":[[[10.64284,59.81493],[10.64311,59.81489],[10.64248,59.81488],[10.64232,59.81479],[10.64214,59.8148],[10.64227,59.81483],[10.64234,59.81491],[10.64284,59.81493]]]},"properties":{"a":324,"v":402,"dh":1.24,"pl":0,"fo":1,"c":236}},{"type":"Feature","geometry":{"type":"Polygon","coordinates":[[[10.64105,59.81503],[10.64177,59.8149],[10.64184,59.81486],[10.64157,59.81484],[10.64124,59.81491],[10.6411,59.81496],[10.64105,59.81503]]]},"properties":{"a":343,"v":388,"dh":1.13,"pl":0,"fo":1,"c":236}},{"type":"Feature","geometry":{"type":"Polygon","coordinates":[[[10.64057,59.81544],[10.64061,59.81532],[10.64046,59.81512],[10.64047,59.81519],[10.6404,59.81525],[10.64049,59.81541],[10.64057,59.81544]]]},"properties":{"a":210,"v":329,"dh":1.57,"pl":0,"fo":1,"c":236}},{"type":"Feature","geometry":{"type":"Polygon","coordinates":[[[10.63497,59.81802],[10.63509,59.81796],[10.63527,59.81795],[10.6353,59.81791],[10.63502,59.81794],[10.63486,59.81801],[10.63497,59.81802]]]},"properties":{"a":105,"v":97,"dh":0.93,"pl":0,"sh":1,"c":237}},{"type":"Feature","geometry":{"type":"Polygon","coordinates":[[[10.63456,59.82356],[10.63456,59.82351],[10.63479,59.82338],[10.63462,59.82333],[10.63452,59.82339],[10.63451,59.82352],[10.63456,59.82356]]]},"properties":{"a":203,"v":-503,"dh":2.48,"pl":1,"pn":"TO VEST felt BCDK og L","pd":"1981-02-28","c":238}},{"type":"Feature","geometry":{"type":"Polygon","coordinates":[[[10.63156,59.82416],[10.63174,59.82411],[10.63178,59.82394],[10.6319,59.82391],[10.63179,59.82379],[10.63168,59.8238],[10.63164,59.82399],[10.6315,59.82411],[10.63156,59.82416]]]},"properties":{"a":384,"v":-413,"dh":1.08,"pl":1,"pn":"TO VEST felt BCDK og L","pd":"1981-02-28","c":238}},{"type":"Feature","geometry":{"type":"Polygon","coordinates":[[[10.62223,59.81901],[10.62232,59.81899],[10.62229,59.81884],[10.62215,59.81885],[10.62205,59.81895],[10.62223,59.81901]]]},"properties":{"a":201,"v":252,"dh":1.25,"pl":1,"pn":"VESTFJORDTOMTENE","pd":"1975-10-30","fo":1,"c":182}},{"type":"Feature","geometry":{"type":"Polygon","coordinates":[[[10.62705,59.81911],[10.62724,59.81904],[10.62722,59.819],[10.62708,59.81899],[10.62715,59.81896],[10.62715,59.81886],[10.62728,59.81902],[10.62758,59.81893],[10.62753,59.8187],[10.62748,59.8187],[10.62754,59.81883],[10.62741,59.81884],[10.62739,59.81881],[10.62748,59.8188],[10.62727,59.81876],[10.62679,59.81888],[10.62677,59.81893],[10.62687,59.81908],[10.62705,59.81911]]]},"properties":{"a":1015,"v":-1873,"dh":1.85,"pl":1,"pn":"VESTFJORDTOMTENE","pd":"1975-10-30","c":180}},{"type":"Feature","geometry":{"type":"Polygon","coordinates":[[[10.62376,59.81966],[10.62394,59.81962],[10.62396,59.81948],[10.62375,59.81953],[10.62381,59.81961],[10.62376,59.81966]]]},"properties":{"a":161,"v":219,"dh":1.36,"pl":1,"pn":"VESTFJORDTOMTENE","pd":"1975-10-30","fo":1,"c":182}},{"type":"Feature","geometry":{"type":"MultiPolygon","coordinates":[[[[10.62385,59.81978],[10.62389,59.81978],[10.62398,59.81972],[10.6239,59.81966],[10.62383,59.81968],[10.62385,59.81978]]],[[[10.62382,59.81975],[10.62373,59.81973],[10.6236,59.81961],[10.62349,59.8196],[10.62369,59.81977],[10.62374,59.82005],[10.62371,59.82005],[10.62356,59.81985],[10.62361,59.81982],[10.62355,59.81971],[10.62347,59.81965],[10.62324,59.81966],[10.62326,59.81959],[10.62316,59.81943],[10.62318,59.81937],[10.62314,59.81933],[10.62307,59.81934],[10.62306,59.81955],[10.62312,59.81964],[10.62317,59.81962],[10.6233,59.81972],[10.62352,59.81977],[10.62352,59.81994],[10.62361,59.81998],[10.62367,59.82005],[10.62366,59.82013],[10.62371,59.82011],[10.62388,59.82032],[10.624,59.82021],[10.62387,59.82],[10.6239,59.81999],[10.62388,59.82003],[10.62394,59.82007],[10.62412,59.82005],[10.62413,59.81991],[10.62407,59.81984],[10.62386,59.81981],[10.62382,59.81975]]]]},"properties":{"a":1569,"v":-2870,"dh":1.83,"pl":1,"pn":"VESTFJORDTOMTENE","pd":"1975-10-30","fo":1,"c":182}},{"type":"Feature","geometry":{"type":"Polygon","coordinates":[[[10.623,59.82017],[10.62298,59.81981],[10.6229,59.8196],[10.62292,59.82],[10.62296,59.82017],[10.623,59.82017]]]},"properties":{"a":169,"v":386,"dh":2.29,"pl":1,"pn":"VESTFJORDTOMTENE","pd":"1975-10-30","sl":1,"c":183}},{"type":"Feature","geometry":{"type":"Polygon","coordinates":[[[10.62328,59.82039],[10.62342,59.82041],[10.62337,59.82036],[10.6234,59.82029],[10.62358,59.82032],[10.62352,59.82022],[10.62359,59.82021],[10.62344,59.81999],[10.62349,59.81997],[10.62348,59.81985],[10.62323,59.81982],[10.62324,59.81989],[10.62333,59.81994],[10.62318,59.81991],[10.62322,59.81987],[10.62307,59.81987],[10.62304,59.81994],[10.6231,59.82001],[10.62306,59.82004],[10.62311,59.82014],[10.62316,59.82014],[10.62311,59.82022],[10.6232,59.82025],[10.62328,59.82039]],[[10.62329,59.82022],[10.62331,59.82021],[10.62331,59.82022],[10.62329,59.82022]],[[10.62332,59.8202],[10.62336,59.82018],[10.62338,59.8202],[10.62332,59.8202]],[[10.62325,59.82017],[10.62314,59.8201],[10.62317,59.82],[10.62335,59.82],[10.62332,59.82016],[10.62325,59.82017]]]},"properties":{"a":1015,"v":1400,"dh":1.38,"pl":1,"pn":"VESTFJORDTOMTENE","pd":"1975-10-30","fo":1,"c":182}},{"type":"Feature","geometry":{"type":"Polygon","coordinates":[[[10.62217,59.82025],[10.62221,59.82016],[10.62198,59.82013],[10.62209,59.82024],[10.62217,59.82025]]]},"properties":{"a":112,"v":133,"dh":1.19,"pl":1,"pn":"VESTFJORDTOMTENE","pd":"1975-10-30","fo":1,"c":182}},{"type":"Feature","geometry":{"type":"MultiPolygon","coordinates":[[[[10.62983,59.82015],[10.62981,59.82016],[10.62983,59.82016],[10.62983,59.82015]]],[[[10.62985,59.82018],[10.62989,59.8202],[10.62987,59.82027],[10.63004,59.82036],[10.63004,59.82048],[10.63026,59.82051],[10.63015,59.82041],[10.63018,59.82035],[10.63004,59.82016],[10.62985,59.82018]]]]},"properties":{"a":394,"v":587,"dh":1.49,"pl":1,"pn":"VESTFJORDTOMTENE","pd":"1975-10-30","fo":1,"c":180}},{"type":"Feature","geometry":{"type":"Polygon","coordinates":[[[10.62985,59.8205],[10.62988,59.82047],[10.62975,59.82035],[10.62977,59.8203],[10.62968,59.8203],[10.62971,59.82035],[10.62966,59.82039],[10.62969,59.82049],[10.62985,59.8205]]]},"properties":{"a":175,"v":269,"dh":1.54,"pl":1,"pn":"VESTFJORDTOMTENE","pd":"1975-10-30","c":180}},{"type":"Feature","geometry":{"type":"Polygon","coordinates":[[[10.62872,59.82119],[10.62902,59.82119],[10.62909,59.82111],[10.62891,59.82103],[10.62873,59.82105],[10.62871,59.821],[10.62868,59.8211],[10.62872,59.82119]]]},"properties":{"a":332,"v":-540,"dh":1.63,"pl":1,"pn":"VESTFJORDTOMTENE","pd":"1975-10-30","c":180}},{"type":"Feature","geometry":{"type":"Polygon","coordinates":[[[10.63053,59.82216],[10.6306,59.82213],[10.63055,59.82207],[10.63069,59.82204],[10.63067,59.82209],[10.63073,59.82207],[10.63069,59.822],[10.63081,59.82191],[10.63042,59.82197],[10.63042,59.8221],[10.63053,59.82216]]]},"properties":{"a":325,"v":342,"dh":1.05,"pl":1,"pn":"VESTFJORDTOMTENE","pd":"1975-10-30","c":180}},{"type":"Feature","geometry":{"type":"Polygon","coordinates":[[[10.62594,59.82222],[10.62609,59.82212],[10.62607,59.82206],[10.62586,59.82211],[10.62594,59.82222]]]},"properties":{"a":133,"v":-160,"dh":1.2,"pl":0,"c":239}},{"type":"Feature","geometry":{"type":"Polygon","coordinates":[[[10.6273,59.82272],[10.62737,59.82265],[10.62751,59.82263],[10.6275,59.82257],[10.62712,59.82267],[10.6273,59.82272]]]},"properties":{"a":136,"v":-192,"dh":1.41,"pl":0,"c":240}},{"type":"Feature","geometry":{"type":"Polygon","coordinates":[[[10.62925,59.82288],[10.62935,59.82283],[10.62931,59.82271],[10.62916,59.82282],[10.62916,59.82286],[10.62925,59.82288]]]},"properties":{"a":126,"v":-213,"dh":1.69,"pl":1,"pn":"VESTFJORDTOMTENE","pd":"1975-10-30","c":180}},{"type":"Feature","geometry":{"type":"Polygon","coordinates":[[[10.63012,59.82309],[10.63026,59.82305],[10.63023,59.82297],[10.62998,59.82294],[10.63012,59.82309]]]},"properties":{"a":169,"v":-330,"dh":1.95,"pl":1,"pn":"VESTFJORDTOMTENE","pd":"1975-10-30","c":180}},{"type":"Feature","geometry":{"type":"Polygon","coordinates":[[[10.62781,59.82337],[10.62792,59.82331],[10.62784,59.82318],[10.62761,59.8233],[10.62765,59.82335],[10.62781,59.82337]]]},"properties":{"a":210,"v":-281,"dh":1.34,"pl":0,"c":241}},{"type":"Feature","geometry":{"type":"Polygon","coordinates":[[[10.62976,59.8239],[10.62987,59.82386],[10.62986,59.82378],[10.62972,59.82373],[10.62971,59.82383],[10.62976,59.8239]]]},"properties":{"a":121,"v":-146,"dh":1.21,"pl":1,"pn":"TO VEST felt BCDK og L","pd":"1981-02-28","c":238}},{"type":"Feature","geometry":{"type":"Polygon","coordinates":[[[10.62911,59.82476],[10.62911,59.82468],[10.62925,59.82468],[10.62926,59.82462],[10.62892,59.82461],[10.62898,59.82463],[10.62894,59.82467],[10.62902,59.82474],[10.62911,59.82476]]]},"properties":{"a":185,"v":-201,"dh":1.09,"pl":1,"pn":"SOLSTADVEIEN","pd":"1992-12-05","c":242}},{"type":"Feature","geometry":{"type":"Polygon","coordinates":[[[10.62959,59.82475],[10.62966,59.82462],[10.62976,59.8246],[10.62939,59.82463],[10.62937,59.82469],[10.62959,59.82475]]]},"properties":{"a":194,"v":-230,"dh":1.18,"pl":1,"pn":"SOLSTADVEIEN","pd":"1992-12-05","c":242}},{"type":"Feature","geometry":{"type":"Polygon","coordinates":[[[10.63638,59.82418],[10.63642,59.82403],[10.63654,59.82391],[10.63644,59.82393],[10.63635,59.82403],[10.63639,59.82409],[10.63634,59.8241],[10.63634,59.82418],[10.63638,59.82418]]]},"properties":{"a":107,"v":-177,"dh":1.66,"pl":0,"sl":1,"c":243}},{"type":"Feature","geometry":{"type":"Polygon","coordinates":[[[10.63448,59.82556],[10.63471,59.82552],[10.63473,59.82544],[10.63451,59.82539],[10.63448,59.82548],[10.63452,59.82555],[10.63448,59.82556]]]},"properties":{"a":196,"v":-278,"dh":1.42,"pl":1,"pn":"TO VEST felt BCDK og L","pd":"1981-02-28","c":238}},{"type":"Feature","geometry":{"type":"MultiPolygon","coordinates":[[[[10.63442,59.82794],[10.63436,59.82786],[10.6344,59.82784],[10.63439,59.82777],[10.63434,59.82776],[10.63436,59.8277],[10.63426,59.82767],[10.63435,59.82795],[10.63442,59.82794]]],[[[10.6344,59.82796],[10.63442,59.82797],[10.63442,59.82796],[10.6344,59.82796]]],[[[10.63446,59.828],[10.63442,59.82797],[10.63442,59.828],[10.63446,59.828]]]]},"properties":{"a":126,"v":-244,"dh":1.94,"pl":1,"pn":"TO VEST FELT A","pd":"1982-08-27","sl":1,"c":244}},{"type":"Feature","geometry":{"type":"Polygon","coordinates":[[[10.64187,59.82919],[10.64208,59.82918],[10.64202,59.8291],[10.64185,59.82914],[10.64187,59.82919]]]},"properties":{"a":104,"v":115,"dh":1.11,"pl":1,"pn":"BJØRNEMYR SENTER","pd":"1980-03-05","c":245}},{"type":"Feature","geometry":{"type":"Polygon","coordinates":[[[10.63651,59.83025],[10.6364,59.83011],[10.63626,59.83007],[10.63624,59.83014],[10.63632,59.83021],[10.63651,59.83025]]]},"properties":{"a":164,"v":-166,"dh":1.01,"pl":1,"pn":"BJØRNESKRENTEN","pd":"1984-01-13","c":246}},{"type":"Feature","geometry":{"type":"Polygon","coordinates":[[[10.6388,59.83135],[10.63899,59.83133],[10.63892,59.83119],[10.6388,59.83135]]]},"properties":{"a":102,"v":131,"dh":1.28,"pl":1,"pn":"BJØRNELIA","pd":"1969-04-17","c":247}},{"type":"Feature","geometry":{"type":"Polygon","coordinates":[[[10.63784,59.8314],[10.63781,59.83125],[10.63769,59.83124],[10.63769,59.83134],[10.63784,59.8314]]]},"properties":{"a":112,"v":167,"dh":1.49,"pl":0,"c":248}},{"type":"Feature","geometry":{"type":"Polygon","coordinates":[[[10.63922,59.83202],[10.63945,59.83198],[10.63943,59.83189],[10.63916,59.83189],[10.63924,59.83194],[10.63922,59.83202]]]},"properties":{"a":191,"v":-366,"dh":1.92,"pl":1,"pn":"Sunnaas","pd":"2018-12-12","c":249}},{"type":"Feature","geometry":{"type":"Polygon","coordinates":[[[10.64399,59.83314],[10.64396,59.83297],[10.64382,59.833],[10.64388,59.83303],[10.64386,59.8331],[10.64399,59.83314]]]},"properties":{"a":113,"v":108,"dh":0.95,"pl":1,"pn":"BJØRNEMYRDALEN","pd":"1967-09-11","sh":1,"c":250}},{"type":"Feature","geometry":{"type":"Polygon","coordinates":[[[10.63881,59.8337],[10.63877,59.83336],[10.63874,59.83334],[10.63876,59.83302],[10.63893,59.83289],[10.63936,59.83289],[10.63932,59.83285],[10.63887,59.83286],[10.63863,59.83303],[10.63864,59.83324],[10.6387,59.83326],[10.63872,59.83333],[10.63869,59.8335],[10.63881,59.8337]]]},"properties":{"a":521,"v":-664,"dh":1.27,"pl":1,"pn":"Sunnaas","pd":"2018-12-12","fo":1,"c":251}},{"type":"Feature","geometry":{"type":"Polygon","coordinates":[[[10.64087,59.83396],[10.64085,59.83388],[10.64055,59.83358],[10.64038,59.8335],[10.64048,59.83364],[10.64065,59.83372],[10.6407,59.83384],[10.64087,59.83396]]]},"properties":{"a":196,"v":-221,"dh":1.13,"pl":1,"pn":"Sunnaas","pd":"2018-12-12","c":249}},{"type":"Feature","geometry":{"type":"Polygon","coordinates":[[[10.63834,59.83469],[10.63837,59.8346],[10.63827,59.83444],[10.63831,59.83444],[10.63834,59.83432],[10.63841,59.83433],[10.63838,59.83442],[10.63849,59.83452],[10.63848,59.8346],[10.6386,59.83457],[10.63852,59.83446],[10.63857,59.83425],[10.63844,59.83416],[10.63843,59.83413],[10.63854,59.83412],[10.63853,59.83396],[10.63848,59.83393],[10.63837,59.83393],[10.6383,59.83401],[10.63833,59.83417],[10.6383,59.8342],[10.63808,59.8342],[10.63815,59.83424],[10.63814,59.83434],[10.63818,59.83436],[10.6381,59.83452],[10.63819,59.83462],[10.63816,59.83466],[10.63834,59.83469]],[[10.63821,59.83457],[10.63822,59.83456],[10.63822,59.83457],[10.63821,59.83457]]]},"properties":{"a":1236,"v":1619,"dh":1.31,"pl":1,"pn":"Steinveien 12-14","pd":"2017-04-26","c":252}},{"type":"Feature","geometry":{"type":"Polygon","coordinates":[[[10.63871,59.83458],[10.63881,59.83456],[10.63881,59.83445],[10.63874,59.83426],[10.63869,59.83423],[10.63866,59.8344],[10.63872,59.8345],[10.63871,59.83458]]]},"properties":{"a":197,"v":-252,"dh":1.28,"pl":1,"pn":"Steinveien 12-14","pd":"2017-04-26","c":252}},{"type":"Feature","geometry":{"type":"Polygon","coordinates":[[[10.64064,59.83508],[10.64067,59.83496],[10.64039,59.83497],[10.64053,59.83501],[10.64064,59.83508]]]},"properties":{"a":105,"v":103,"dh":0.98,"pl":1,"pn":"Sunnaas","pd":"2018-12-12","sh":1,"c":253}},{"type":"Feature","geometry":{"type":"Polygon","coordinates":[[[10.63941,59.83514],[10.63948,59.83508],[10.63946,59.83503],[10.63931,59.83497],[10.63919,59.83499],[10.63929,59.83513],[10.63941,59.83514]]]},"properties":{"a":211,"v":264,"dh":1.25,"pl":1,"pn":"Sunnaas","pd":"2018-12-12","c":249}},{"type":"Feature","geometry":{"type":"Polygon","coordinates":[[[10.64066,59.83542],[10.64065,59.83518],[10.64029,59.83523],[10.64058,59.83528],[10.64055,59.83533],[10.64059,59.8354],[10.64066,59.83542]]]},"properties":{"a":192,"v":188,"dh":0.98,"pl":1,"pn":"Sunnaas","pd":"2018-12-12","sh":1,"c":249}},{"type":"Feature","geometry":{"type":"Polygon","coordinates":[[[10.64296,59.83548],[10.6429,59.83525],[10.64277,59.83522],[10.64268,59.83527],[10.64275,59.83543],[10.64296,59.83548]]]},"properties":{"a":299,"v":-655,"dh":2.19,"pl":1,"pn":"GRO HAGESENTER","pd":"2004-02-19","c":254}},{"type":"Feature","geometry":{"type":"Polygon","coordinates":[[[10.64121,59.8362],[10.64129,59.83603],[10.64129,59.83585],[10.64112,59.83582],[10.64099,59.83569],[10.64104,59.83561],[10.64117,59.8356],[10.64114,59.83547],[10.64105,59.83542],[10.64104,59.83528],[10.6411,59.83525],[10.64117,59.83529],[10.64118,59.83525],[10.64115,59.83525],[10.64114,59.83512],[10.64104,59.83516],[10.64089,59.83512],[10.6408,59.83535],[10.64092,59.83561],[10.6409,59.8357],[10.64085,59.83571],[10.64086,59.83586],[10.64095,59.83587],[10.64086,59.83594],[10.64102,59.83595],[10.64118,59.83584],[10.64118,59.83619],[10.64121,59.8362]],[[10.64092,59.83578],[10.64094,59.83575],[10.64094,59.83578],[10.64092,59.83578]],[[10.64111,59.83524],[10.64113,59.83523],[10.64113,59.83524],[10.64111,59.83524]]]},"properties":{"a":1336,"v":1575,"dh":1.18,"pl":1,"pn":"Sunnaas","pd":"2018-12-12","fo":1,"c":249}},{"type":"Feature","geometry":{"type":"Polygon","coordinates":[[[10.64533,59.83358],[10.64547,59.83358],[10.64506,59.83313],[10.64493,59.8331],[10.64533,59.83358]]]},"properties":{"a":361,"v":567,"dh":1.57,"pl":1,"pn":"BJØRNEMYRDALEN","pd":"1967-09-11","c":255}},{"type":"Feature","geometry":{"type":"Polygon","coordinates":[[[10.64643,59.83813],[10.64638,59.83811],[10.64637,59.83798],[10.64655,59.83798],[10.64658,59.83791],[10.64652,59.83786],[10.64666,59.83778],[10.64684,59.83778],[10.64678,59.83768],[10.64664,59.83766],[10.64656,59.83759],[10.64649,59.83759],[10.64648,59.83765],[10.64628,59.83767],[10.64644,59.83757],[10.64631,59.83754],[10.6462,59.83745],[10.64595,59.83752],[10.64596,59.83764],[10.64611,59.83775],[10.64609,59.83781],[10.64625,59.83808],[10.64643,59.83813]]]},"properties":{"a":1692,"v":-2979,"dh":1.76,"pl":2,"pn":"Innfartsparkering Håkonskastet","pd":"2022-04-27","fo":1,"c":256}},{"type":"Feature","geometry":{"type":"Polygon","coordinates":[[[10.64734,59.83849],[10.64735,59.83843],[10.64753,59.83842],[10.64766,59.83837],[10.64768,59.83822],[10.64736,59.83814],[10.647,59.83821],[10.64723,59.83836],[10.64717,59.8384],[10.64734,59.83849]]]},"properties":{"a":903,"v":-1729,"dh":1.91,"pl":2,"pn":"Innfartsparkering Håkonskastet","pd":"2022-04-27","fo":1,"c":256}},{"type":"Feature","geometry":{"type":"MultiPolygon","coordinates":[[[[10.64668,59.83814],[10.64701,59.83804],[10.64679,59.83793],[10.64683,59.83788],[10.64692,59.83789],[10.64679,59.83779],[10.64666,59.83782],[10.64667,59.83786],[10.64674,59.83787],[10.64667,59.83795],[10.64671,59.83802],[10.64655,59.83806],[10.64668,59.83814]]],[[[10.64661,59.83825],[10.64649,59.83833],[10.64643,59.83846],[10.64637,59.83846],[10.64647,59.83868],[10.64648,59.83872],[10.64635,59.83878],[10.64641,59.83887],[10.64663,59.83886],[10.6471,59.83864],[10.64693,59.83858],[10.64704,59.83861],[10.64711,59.83857],[10.64712,59.83847],[10.64707,59.83844],[10.64712,59.83842],[10.64701,59.83837],[10.6471,59.83831],[10.64692,59.83831],[10.6469,59.83826],[10.64668,59.83819],[10.64666,59.83815],[10.64659,59.8382],[10.64661,59.83815],[10.64646,59.83807],[10.6465,59.83814],[10.64647,59.83818],[10.64661,59.83825]],[[10.64663,59.83823],[10.64668,59.83824],[10.64663,59.83824],[10.64663,59.83823]],[[10.64668,59.83823],[10.6467,59.83822],[10.6467,59.83823],[10.64668,59.83823]],[[10.64678,59.83872],[10.64674,59.83869],[10.64678,59.83869],[10.64678,59.83872]],[[10.64672,59.83821],[10.64674,59.83822],[10.64672,59.83822],[10.64672,59.83821]]]]},"properties":{"a":2571,"v":4029,"dh":1.57,"pl":2,"pn":"Innfartsparkering Håkonskastet","pd":"2022-04-27","c":256}},{"type":"Feature","geometry":{"type":"Polygon","coordinates":[[[10.65421,59.83886],[10.65437,59.83888],[10.65435,59.83882],[10.65442,59.83882],[10.65428,59.83875],[10.65429,59.83867],[10.65436,59.83865],[10.65427,59.83855],[10.65421,59.83858],[10.65424,59.83869],[10.65417,59.83879],[10.65426,59.83883],[10.65421,59.83886]]]},"properties":{"a":215,"v":215,"dh":1.0,"pl":0,"c":257}},{"type":"Feature","geometry":{"type":"Polygon","coordinates":[[[10.65414,59.83915],[10.65414,59.83919],[10.65405,59.83924],[10.65426,59.83923],[10.6543,59.83921],[10.65428,59.83912],[10.65431,59.83916],[10.65444,59.83914],[10.65442,59.83919],[10.65448,59.83922],[10.65443,59.83926],[10.65457,59.83929],[10.65452,59.83932],[10.65472,59.83935],[10.6547,59.83942],[10.65486,59.83942],[10.65487,59.83947],[10.65478,59.83952],[10.65484,59.83962],[10.65494,59.83954],[10.65509,59.83967],[10.65516,59.8396],[10.65515,59.83953],[10.65504,59.83946],[10.65506,59.83934],[10.65496,59.83923],[10.65498,59.83918],[10.65483,59.83904],[10.65482,59.839],[10.65493,59.83894],[10.65484,59.83893],[10.65477,59.83902],[10.65465,59.83905],[10.65422,59.83907],[10.65427,59.839],[10.65413,59.83895],[10.654,59.83898],[10.65406,59.83916],[10.65414,59.83915]],[[10.65412,59.83913],[10.65408,59.83914],[10.65408,59.83912],[10.65412,59.83913]],[[10.65478,59.83912],[10.65472,59.8391],[10.65479,59.83909],[10.65478,59.83912]],[[10.65426,59.83911],[10.65428,59.83909],[10.65428,59.83911],[10.65426,59.83911]]]},"properties":{"a":1905,"v":2551,"dh":1.34,"pl":0,"c":257}},{"type":"Feature","geometry":{"type":"Polygon","coordinates":[[[10.65425,59.83966],[10.65436,59.83964],[10.65439,59.83958],[10.65433,59.83953],[10.6544,59.83948],[10.65436,59.83931],[10.6542,59.83928],[10.65416,59.83936],[10.65397,59.83937],[10.65396,59.83961],[10.65393,59.83963],[10.65421,59.83962],[10.65425,59.83966]],[[10.65423,59.83934],[10.65425,59.83933],[10.65425,59.83934],[10.65423,59.83934]]]},"properties":{"a":762,"v":1167,"dh":1.53,"pl":0,"fo":1,"c":257}},{"type":"Feature","geometry":{"type":"Polygon","coordinates":[[[10.65434,59.84005],[10.65438,59.84002],[10.65459,59.84004],[10.65448,59.83996],[10.65444,59.83984],[10.65431,59.8398],[10.65438,59.83968],[10.6543,59.83965],[10.65432,59.83969],[10.65416,59.8397],[10.65415,59.83975],[10.6542,59.83977],[10.65417,59.8398],[10.65411,59.8398],[10.65411,59.83975],[10.65399,59.8398],[10.65403,59.83993],[10.65414,59.83998],[10.65413,59.84002],[10.65434,59.84005]],[[10.65422,59.83977],[10.65427,59.83972],[10.65429,59.83974],[10.65422,59.83977]]]},"properties":{"a":749,"v":1004,"dh":1.34,"pl":0,"fo":1,"c":257}},{"type":"Feature","geometry":{"type":"Polygon","coordinates":[[[10.65526,59.84057],[10.65526,59.84051],[10.65504,59.84045],[10.65489,59.84034],[10.65478,59.84032],[10.65475,59.84038],[10.6549,59.8405],[10.65526,59.84057]]]},"properties":{"a":296,"v":369,"dh":1.25,"pl":0,"fo":1,"c":258}},{"type":"Feature","geometry":{"type":"Polygon","coordinates":[[[10.65575,59.84066],[10.65583,59.8406],[10.65585,59.84051],[10.65566,59.84033],[10.65574,59.84056],[10.65567,59.84066],[10.65575,59.84066]]]},"properties":{"a":196,"v":209,"dh":1.06,"pl":0,"c":258}},{"type":"Feature","geometry":{"type":"MultiPolygon","coordinates":[[[[10.64181,59.83573],[10.64183,59.83567],[10.64163,59.83568],[10.64174,59.83575],[10.64181,59.83573]]],[[[10.64176,59.83576],[10.64178,59.83581],[10.64187,59.83579],[10.64185,59.83574],[10.64176,59.83576]]]]},"properties":{"a":100,"v":144,"dh":1.44,"pl":1,"pn":"Sunnaas","pd":"2018-12-12","fo":1,"c":259}},{"type":"Feature","geometry":{"type":"Polygon","coordinates":[[[10.64042,59.83613],[10.64051,59.83609],[10.64053,59.83602],[10.64034,59.83577],[10.64006,59.83566],[10.63987,59.83565],[10.63958,59.83555],[10.63969,59.83568],[10.63983,59.83568],[10.64021,59.83605],[10.64031,59.83604],[10.64042,59.83613]]]},"properties":{"a":1042,"v":-1752,"dh":1.68,"pl":1,"pn":"Sunnaas","pd":"2018-12-12","c":249}},{"type":"Feature","geometry":{"type":"Polygon","coordinates":[[[10.64144,59.83635],[10.64145,59.83599],[10.64154,59.83594],[10.64141,59.83581],[10.64136,59.83584],[10.64137,59.83622],[10.64144,59.83635]]]},"properties":{"a":242,"v":-237,"dh":0.98,"pl":1,"pn":"Sunnaas","pd":"2018-12-12","sh":1,"c":249}},{"type":"Feature","geometry":{"type":"Polygon","coordinates":[[[10.64165,59.83628],[10.6418,59.83618],[10.64161,59.83602],[10.64157,59.8361],[10.64157,59.83627],[10.64165,59.83628]]]},"properties":{"a":244,"v":271,"dh":1.11,"pl":1,"pn":"Sunnaas","pd":"2018-12-12","fo":1,"c":249}},{"type":"Feature","geometry":{"type":"MultiPolygon","coordinates":[[[[10.64236,59.83624],[10.64241,59.83621],[10.64234,59.83621],[10.64236,59.83624]]],[[[10.64239,59.83625],[10.64231,59.83635],[10.64242,59.83635],[10.64238,59.83638],[10.64245,59.83639],[10.64257,59.83631],[10.64254,59.83625],[10.64239,59.83625]]]]},"properties":{"a":168,"v":-235,"dh":1.4,"pl":1,"pn":"Sunnaas","pd":"2018-12-12","c":249}},{"type":"Feature","geometry":{"type":"Polygon","coordinates":[[[10.64125,59.83725],[10.6415,59.83724],[10.64151,59.83716],[10.64167,59.83719],[10.64167,59.83715],[10.64159,59.83706],[10.6413,59.83694],[10.64122,59.83701],[10.64123,59.83716],[10.64125,59.83725]]]},"properties":{"a":544,"v":939,"dh":1.73,"pl":1,"pn":"Nesoddtunet Sykehjem","pd":"2010-02-04","fo":1,"c":260}},{"type":"Feature","geometry":{"type":"Polygon","coordinates":[[[10.64251,59.83831],[10.64253,59.83822],[10.64249,59.83819],[10.64229,59.83822],[10.64239,59.8383],[10.64251,59.83831]]]},"properties":{"a":122,"v":-173,"dh":1.42,"pl":1,"pn":"Nesoddtunet Sykehjem","pd":"2010-02-04","c":261}},{"type":"Feature","geometry":{"type":"Polygon","coordinates":[[[10.64361,59.83917],[10.64409,59.83915],[10.64416,59.8391],[10.64384,59.83913],[10.64382,59.83909],[10.64379,59.83914],[10.64361,59.83917]]]},"properties":{"a":102,"v":-180,"dh":1.76,"pl":1,"pn":"SUNNAAS OMREG. BOLIGOMRÅDE","pd":"1988-12-21","sl":1,"c":262}},{"type":"Feature","geometry":{"type":"Polygon","coordinates":[[[10.6556,59.8409],[10.65572,59.84087],[10.65566,59.84083],[10.65572,59.84078],[10.65557,59.84067],[10.65564,59.84063],[10.6556,59.84059],[10.65567,59.84058],[10.65555,59.84037],[10.6555,59.84037],[10.65552,59.84051],[10.65535,59.84051],[10.65531,59.84057],[10.65557,59.8408],[10.6556,59.8409]],[[10.65551,59.84059],[10.65553,59.84058],[10.65553,59.84059],[10.65551,59.84059]]]},"properties":{"a":542,"v":484,"dh":0.89,"pl":0,"c":258}},{"type":"Feature","geometry":{"type":"Polygon","coordinates":[[[10.65611,59.84108],[10.65616,59.84101],[10.65593,59.84076],[10.65579,59.84084],[10.65584,59.84084],[10.65587,59.84092],[10.65605,59.84098],[10.65605,59.84107],[10.65611,59.84108]]]},"properties":{"a":288,"v":286,"dh":0.99,"pl":0,"sh":1,"c":258}},{"type":"Feature","geometry":{"type":"Polygon","coordinates":[[[10.64712,59.84162],[10.64728,59.8416],[10.64733,59.84146],[10.64695,59.84144],[10.64684,59.84137],[10.64686,59.84132],[10.64678,59.84121],[10.64667,59.84115],[10.6467,59.84113],[10.64668,59.84108],[10.64643,59.84108],[10.64651,59.84111],[10.64651,59.84121],[10.64661,59.84133],[10.64684,59.84147],[10.6469,59.84154],[10.64687,59.84159],[10.64707,59.84161],[10.64708,59.84157],[10.64699,59.84149],[10.64706,59.84149],[10.64712,59.84162]]]},"properties":{"a":920,"v":1498,"dh":1.63,"pl":1,"pn":"VARDEN BOLIGOMRÅDE","pd":"2006-02-16","fo":1,"c":263}},{"type":"Feature","geometry":{"type":"Polygon","coordinates":[[[10.65595,59.84158],[10.65604,59.84152],[10.65608,59.84138],[10.65617,59.84135],[10.65613,59.84131],[10.6562,59.84128],[10.65621,59.84112],[10.65614,59.8411],[10.65611,59.84117],[10.65602,59.84119],[10.65568,59.84108],[10.65568,59.84121],[10.6559,59.84126],[10.65589,59.84135],[10.65576,59.84138],[10.65575,59.84146],[10.65583,59.84157],[10.65595,59.84158]],[[10.65599,59.84127],[10.65604,59.84122],[10.65604,59.84127],[10.65599,59.84127]]]},"properties":{"a":875,"v":928,"dh":1.06,"pl":0,"c":258}},{"type":"Feature","geometry":{"type":"Polygon","coordinates":[[[10.65629,59.84165],[10.65633,59.8416],[10.65649,59.84158],[10.65634,59.84147],[10.6562,59.84159],[10.65629,59.84165]]]},"properties":{"a":155,"v":140,"dh":0.91,"pl":0,"sh":1,"c":258}},{"type":"Feature","geometry":{"type":"MultiPolygon","coordinates":[[[[10.6487,59.8419],[10.64872,59.84189],[10.6487,59.84189],[10.6487,59.8419]]],[[[10.64874,59.8419],[10.64872,59.84191],[10.64874,59.84191],[10.64874,59.8419]]],[[[10.64888,59.84222],[10.6488,59.84212],[10.64887,59.84207],[10.64865,59.84196],[10.64861,59.84187],[10.6487,59.84189],[10.64865,59.84183],[10.64826,59.84163],[10.6481,59.84164],[10.64798,59.84172],[10.64828,59.8419],[10.64836,59.84189],[10.64849,59.84195],[10.64852,59.84207],[10.64857,59.84211],[10.64888,59.84222]]]]},"properties":{"a":1046,"v":1617,"dh":1.55,"pl":1,"pn":"VARDEN BOLIGOMRÅDE","pd":"2006-02-16","fo":1,"c":263}},{"type":"Feature","geometry":{"type":"Polygon","coordinates":[[[10.64826,59.8422],[10.64829,59.84216],[10.6482,59.84213],[10.64823,59.84209],[10.64805,59.84208],[10.64813,59.84218],[10.64826,59.8422]]]},"properties":{"a":119,"v":117,"dh":0.98,"pl":1,"pn":"VARDEN BOLIGOMRÅDE","pd":"2006-02-16","sh":1,"c":263}},{"type":"Feature","geometry":{"type":"Polygon","coordinates":[[[10.64971,59.84229],[10.64935,59.84202],[10.64923,59.842],[10.64958,59.84226],[10.64971,59.84229]]]},"properties":{"a":127,"v":146,"dh":1.15,"pl":1,"pn":"VARDEN BOLIGOMRÅDE","pd":"2006-02-16","fo":1,"c":263}},{"type":"Feature","geometry":{"type":"MultiPolygon","coordinates":[[[[10.64885,59.8423],[10.64868,59.84222],[10.64822,59.84226],[10.64806,59.84219],[10.6479,59.84198],[10.64778,59.84166],[10.64771,59.84164],[10.64763,59.84147],[10.64756,59.84144],[10.64736,59.84114],[10.64723,59.84104],[10.64702,59.84103],[10.64674,59.84112],[10.64674,59.84117],[10.64687,59.84124],[10.64691,59.84134],[10.6472,59.84136],[10.64736,59.84143],[10.64738,59.8415],[10.64731,59.84156],[10.64735,59.84163],[10.64718,59.8417],[10.64718,59.84175],[10.64744,59.84188],[10.64751,59.84197],[10.64745,59.84211],[10.64752,59.84214],[10.64752,59.84221],[10.64769,59.84227],[10.64782,59.84241],[10.64803,59.84243],[10.64788,59.84252],[10.64809,59.84258],[10.64816,59.84251],[10.6483,59.84248],[10.64836,59.84254],[10.64856,59.8426],[10.64872,59.84254],[10.64877,59.84258],[10.64878,59.84268],[10.64862,59.84274],[10.64853,59.84268],[10.64843,59.84277],[10.64855,59.84276],[10.64863,59.84283],[10.64887,59.8428],[10.64889,59.84271],[10.64896,59.84269],[10.64894,59.84262],[10.649,59.84255],[10.64935,59.8426],[10.64948,59.84269],[10.64954,59.84284],[10.65009,59.84319],[10.6503,59.84323],[10.65042,59.84334],[10.65067,59.84345],[10.65099,59.84336],[10.65097,59.84328],[10.65064,59.8432],[10.65034,59.84319],[10.65049,59.8431],[10.6503,59.84315],[10.65033,59.84307],[10.65014,59.84305],[10.65015,59.84294],[10.65,59.84288],[10.64989,59.84269],[10.64965,59.84257],[10.64977,59.84254],[10.64971,59.84246],[10.64975,59.84244],[10.64968,59.84243],[10.64966,59.84239],[10.65014,59.84245],[10.65008,59.84238],[10.65023,59.84243],[10.65023,59.8424],[10.65039,59.84238],[10.65037,59.84234],[10.65068,59.84251],[10.65062,59.84242],[10.65014,59.84211],[10.65001,59.84198],[10.64959,59.84178],[10.64939,59.84174],[10.64939,59.84171],[10.64892,59.84149],[10.64872,59.84153],[10.64878,59.84161],[10.64867,59.84162],[10.64875,59.84168],[10.64912,59.84193],[10.64935,59.842],[10.64976,59.84228],[10.64976,59.84232],[10.64965,59.84235],[10.64947,59.84227],[10.64945,59.8422],[10.64919,59.84201],[10.6491,59.84201],[10.64849,59.84163],[10.64833,59.84147],[10.64827,59.84149],[10.64789,59.84134],[10.64778,59.84134],[10.6477,59.8414],[10.64786,59.8415],[10.64774,59.84154],[10.64784,59.84167],[10.64793,59.84171],[10.64792,59.84159],[10.64786,59.84153],[10.64794,59.84151],[10.64806,59.84157],[10.64839,59.84159],[10.64857,59.8417],[10.64863,59.84181],[10.64893,59.84205],[10.6494,59.84224],[10.64942,59.8423],[10.64931,59.84233],[10.64915,59.84225],[10.64918,59.84222],[10.64915,59.84218],[10.64902,59.8422],[10.64893,59.84217],[10.64888,59.84218],[10.64897,59.84229],[10.64885,59.8423]],[[10.64839,59.84245],[10.64821,59.8424],[10.64833,59.84237],[10.64839,59.84245]],[[10.64818,59.84243],[10.64814,59.84242],[10.64818,59.84242],[10.64818,59.84243]]],[[[10.64793,59.84171],[10.64795,59.84171],[10.64794,59.84171],[10.64793,59.84171]]],[[[10.65039,59.84238],[10.65044,59.8424],[10.65044,59.84238],[10.65039,59.84238]]],[[[10.65048,59.8424],[10.65044,59.8424],[10.6505,59.84242],[10.65048,59.8424]]]]},"properties":{"a":14708,"v":-37841,"dh":2.57,"pl":1,"pn":"VARDEN BOLIGOMRÅDE","pd":"2006-02-16","c":263}},{"type":"Feature","geometry":{"type":"Polygon","coordinates":[[[10.64787,59.84267],[10.64826,59.84269],[10.64822,59.8426],[10.64831,59.84267],[10.64836,59.8426],[10.6482,59.84255],[10.64804,59.84259],[10.64781,59.84254],[10.64792,59.84263],[10.64787,59.84267]]]},"properties":{"a":289,"v":352,"dh":1.22,"pl":1,"pn":"VARDEN BOLIGOMRÅDE","pd":"2006-02-16","fo":1,"c":263}},{"type":"Feature","geometry":{"type":"Polygon","coordinates":[[[10.65023,59.8428],[10.65015,59.8427],[10.65024,59.84261],[10.65002,59.8426],[10.64997,59.84252],[10.65004,59.84247],[10.64986,59.84248],[10.64991,59.84253],[10.64992,59.84262],[10.65003,59.84269],[10.65005,59.84276],[10.65023,59.8428]]]},"properties":{"a":283,"v":270,"dh":0.95,"pl":1,"pn":"VARDEN BOLIGOMRÅDE","pd":"2006-02-16","sh":1,"c":263}},{"type":"Feature","geometry":{"type":"MultiPolygon","coordinates":[[[[10.65038,59.84287],[10.65036,59.84288],[10.65038,59.84288],[10.65038,59.84287]]],[[[10.65116,59.84318],[10.65086,59.84298],[10.65076,59.84298],[10.65075,59.84292],[10.65057,59.8428],[10.65038,59.84288],[10.65047,59.84299],[10.65044,59.84308],[10.65058,59.84306],[10.65057,59.84313],[10.6507,59.84321],[10.65097,59.84324],[10.65091,59.84314],[10.65116,59.84318]],[[10.65075,59.84313],[10.65069,59.84308],[10.65078,59.84313],[10.65075,59.84313]]],[[[10.65116,59.84318],[10.65123,59.84321],[10.65119,59.84318],[10.65116,59.84318]]]]},"properties":{"a":894,"v":1184,"dh":1.32,"pl":1,"pn":"VARDEN BOLIGOMRÅDE","pd":"2006-02-16","c":263}},{"type":"Feature","geometry":{"type":"Polygon","coordinates":[[[10.65227,59.84356],[10.65235,59.84349],[10.65222,59.84339],[10.65181,59.8433],[10.65208,59.84343],[10.65212,59.84352],[10.65227,59.84356]]]},"properties":{"a":271,"v":371,"dh":1.37,"pl":1,"pn":"RV.157 TJERNBAKKEN-VARDEN","pd":"1990-01-25","c":48}},{"type":"Feature","geometry":{"type":"MultiPolygon","coordinates":[[[[10.65137,59.84346],[10.65133,59.84342],[10.65133,59.84345],[10.65137,59.84346]]],[[[10.65134,59.84351],[10.65141,59.84365],[10.6515,59.84358],[10.65139,59.84346],[10.65137,59.84346],[10.65137,59.8435],[10.65134,59.84351]]]]},"properties":{"a":108,"v":161,"dh":1.49,"pl":1,"pn":"Ildjernåsen 2/1015","pd":"2015-10-22","fo":1,"c":264}},{"type":"Feature","geometry":{"type":"MultiPolygon","coordinates":[[[[10.65137,59.84342],[10.65139,59.84344],[10.65139,59.84342],[10.65137,59.84342]]],[[[10.65139,59.84344],[10.65142,59.84348],[10.65146,59.84349],[10.65139,59.84344]]],[[[10.65146,59.84349],[10.65148,59.84351],[10.65148,59.84349],[10.65146,59.84349]]],[[[10.65148,59.84351],[10.65144,59.84373],[10.6514,59.84373],[10.65115,59.8434],[10.65094,59.8434],[10.65087,59.84345],[10.651,59.84353],[10.65097,59.84361],[10.6509,59.84363],[10.65079,59.84357],[10.65079,59.84364],[10.65065,59.84376],[10.65019,59.84382],[10.65018,59.84388],[10.65002,59.84397],[10.64999,59.84407],[10.65008,59.84419],[10.65101,59.84405],[10.65106,59.84405],[10.65103,59.84412],[10.65119,59.8441],[10.65162,59.84388],[10.65163,59.84362],[10.65148,59.84351]],[[10.65141,59.84384],[10.65144,59.84384],[10.65146,59.8439],[10.65139,59.84392],[10.65141,59.84384]],[[10.6514,59.84378],[10.65139,59.84379],[10.65139,59.84378],[10.6514,59.84378]],[[10.6509,59.8437],[10.6509,59.84364],[10.65095,59.84369],[10.6509,59.8437]]]]},"properties":{"a":4188,"v":-13325,"dh":3.18,"pl":1,"pn":"Ildjernåsen 2/1015","pd":"2015-10-22","c":264}},{"type":"Feature","geometry":{"type":"Polygon","coordinates":[[[10.65294,59.8442],[10.65299,59.84407],[10.65286,59.84402],[10.65283,59.84409],[10.65294,59.8442]]]},"properties":{"a":119,"v":-162,"dh":1.37,"pl":0,"c":265}},{"type":"Feature","geometry":{"type":"Polygon","coordinates":[[[10.64981,59.84444],[10.64974,59.84444],[10.64976,59.84451],[10.65004,59.84437],[10.64983,59.84438],[10.64981,59.84444]],[[10.64983,59.84444],[10.64985,59.84445],[10.64983,59.84445],[10.64983,59.84444]]]},"properties":{"a":120,"v":159,"dh":1.32,"pl":1,"pn":"Richard Baches vei 15,19 og 21-omregulering","pd":"2015-06-18","c":266}},{"type":"Feature","geometry":{"type":"Polygon","coordinates":[[[10.64997,59.84479],[10.65006,59.84472],[10.65024,59.84475],[10.65024,59.84472],[10.64995,59.84466],[10.64991,59.84465],[10.64994,59.8446],[10.65003,59.8446],[10.65009,59.84466],[10.65023,59.84466],[10.6505,59.84456],[10.65049,59.84451],[10.6504,59.84447],[10.65043,59.84436],[10.65036,59.84433],[10.65016,59.84435],[10.64999,59.84449],[10.64982,59.84452],[10.64987,59.84457],[10.64975,59.84455],[10.64976,59.84475],[10.64997,59.84479]]]},"properties":{"a":1172,"v":-2149,"dh":1.83,"pl":1,"pn":"Richard Baches vei 15,19 og 21-omregulering","pd":"2015-06-18","c":266}},{"type":"Feature","geometry":{"type":"MultiPolygon","coordinates":[[[[10.65065,59.8447],[10.65069,59.84461],[10.6506,59.84459],[10.65054,59.84469],[10.65065,59.8447]]],[[[10.65065,59.8447],[10.65054,59.84472],[10.65047,59.84475],[10.65072,59.84472],[10.6507,59.8447],[10.65065,59.8447]]]]},"properties":{"a":104,"v":-110,"dh":1.06,"pl":1,"pn":"Richard Baches vei 15,19 og 21-omregulering","pd":"2015-06-18","c":266}},{"type":"Feature","geometry":{"type":"Polygon","coordinates":[[[10.68111,59.83965],[10.68121,59.83954],[10.68101,59.83953],[10.68093,59.8396],[10.68059,59.83956],[10.68057,59.8396],[10.68111,59.83965]]]},"properties":{"a":267,"v":307,"dh":1.15,"pl":1,"pn":"WILLY THORESENS VEI OG ALEX OLSSONS VEI","pd":"1983-07-01","c":222}},{"type":"Feature","geometry":{"type":"Polygon","coordinates":[[[10.68389,59.8406],[10.68405,59.84057],[10.68407,59.84036],[10.68396,59.84035],[10.68372,59.84045],[10.68372,59.84053],[10.68389,59.8406]]]},"properties":{"a":387,"v":-695,"dh":1.8,"pl":1,"pn":"HELLVIK-SOLÅSEN","pd":"1988-04-29","c":227}},{"type":"Feature","geometry":{"type":"Polygon","coordinates":[[[10.68405,59.84063],[10.68421,59.84061],[10.68418,59.84044],[10.68411,59.84044],[10.68406,59.84051],[10.68405,59.84063]]]},"properties":{"a":144,"v":201,"dh":1.4,"pl":1,"pn":"HELLVIK-SOLÅSEN","pd":"1988-04-29","c":227}},{"type":"Feature","geometry":{"type":"Polygon","coordinates":[[[10.67974,59.84092],[10.6799,59.84088],[10.67989,59.84092],[10.67994,59.84092],[10.67999,59.84088],[10.67986,59.84082],[10.67978,59.84083],[10.67974,59.84092]]]},"properties":{"a":111,"v":176,"dh":1.59,"pl":1,"pn":"WILLY THORESENS VEI OG ALEX OLSSONS VEI","pd":"1983-07-01","c":222}},{"type":"Feature","geometry":{"type":"Polygon","coordinates":[[[10.68048,59.84133],[10.68052,59.84116],[10.68066,59.84109],[10.68066,59.84102],[10.68048,59.84104],[10.68044,59.84128],[10.68048,59.84133]]]},"properties":{"a":166,"v":190,"dh":1.14,"pl":1,"pn":"HELLVIKSKOGVEIEN-HELLVIKVEIEN","pd":"1981-09-01","c":267}},{"type":"Feature","geometry":{"type":"Polygon","coordinates":[[[10.67563,59.84139],[10.67758,59.84154],[10.67761,59.84148],[10.67563,59.84139]]]},"properties":{"a":522,"v":455,"dh":0.87,"pl":1,"pn":"Skoklefaldåsen omsorgsboliger-Omregulering","pd":"2017-05-31","c":268}},{"type":"Feature","geometry":{"type":"Polygon","coordinates":[[[10.68043,59.84172],[10.68049,59.84164],[10.68062,59.84166],[10.68065,59.84159],[10.68074,59.84155],[10.68075,59.84143],[10.68084,59.84143],[10.68087,59.84139],[10.68076,59.8413],[10.68063,59.84148],[10.68057,59.84142],[10.68043,59.84141],[10.68042,59.84164],[10.68037,59.84167],[10.68043,59.84172]],[[10.68065,59.84151],[10.6806,59.84153],[10.68059,59.84148],[10.68065,59.84151]]]},"properties":{"a":540,"v":-691,"dh":1.28,"pl":1,"pn":"HELLVIKSKOGVEIEN-HELLVIKVEIEN","pd":"1981-09-01","c":267}},{"type":"Feature","geometry":{"type":"Polygon","coordinates":[[[10.67876,59.84195],[10.67894,59.84189],[10.67893,59.84176],[10.67904,59.84176],[10.67909,59.8417],[10.67812,59.84155],[10.67788,59.84155],[10.67798,59.8416],[10.67844,59.84163],[10.67853,59.84171],[10.67866,59.8417],[10.67875,59.84177],[10.67872,59.84184],[10.67879,59.84185],[10.67876,59.84195]]]},"properties":{"a":671,"v":-1056,"dh":1.57,"pl":1,"pn":"Skoklefaldåsen omsorgsboliger-Omregulering","pd":"2017-05-31","c":268}},{"type":"Feature","geometry":{"type":"Polygon","coordinates":[[[10.67861,59.84182],[10.67866,59.84176],[10.67848,59.8417],[10.67827,59.84172],[10.67823,59.84176],[10.67861,59.84182]]]},"properties":{"a":196,"v":242,"dh":1.23,"pl":1,"pn":"Skoklefaldåsen omsorgsboliger-Omregulering","pd":"2017-05-31","c":268}},{"type":"Feature","geometry":{"type":"Polygon","coordinates":[[[10.67897,59.84191],[10.67914,59.84178],[10.67928,59.84171],[10.67914,59.8417],[10.67899,59.84181],[10.67897,59.84191]]]},"properties":{"a":135,"v":157,"dh":1.17,"pl":1,"pn":"Skoklefaldåsen omsorgsboliger-Omregulering","pd":"2017-05-31","c":268}},{"type":"Feature","geometry":{"type":"Polygon","coordinates":[[[10.67307,59.83954],[10.67314,59.8395],[10.6731,59.83947],[10.67328,59.83937],[10.67328,59.83933],[10.67292,59.83941],[10.67291,59.83951],[10.67307,59.83954]]]},"properties":{"a":273,"v":295,"dh":1.08,"pl":0,"fo":1,"c":269}},{"type":"Feature","geometry":{"type":"Polygon","coordinates":[[[10.67522,59.84149],[10.6755,59.84142],[10.67554,59.84138],[10.67522,59.84135],[10.67529,59.8414],[10.67522,59.84149]]]},"properties":{"a":139,"v":127,"dh":0.91,"pl":1,"pn":"Skoklefaldåsen omsorgsboliger-Omregulering","pd":"2017-05-31","sh":1,"c":268}},{"type":"Feature","geometry":{"type":"Polygon","coordinates":[[[10.67553,59.842],[10.67469,59.84183],[10.6746,59.84184],[10.67449,59.84194],[10.675,59.84206],[10.67548,59.84209],[10.67555,59.84205],[10.67553,59.842]]]},"properties":{"a":854,"v":918,"dh":1.07,"pl":1,"pn":"SKOKLEFALD ØSTRE","pd":"1990-06-07","c":270}},{"type":"Feature","geometry":{"type":"Polygon","coordinates":[[[10.67139,59.84232],[10.67184,59.8423],[10.67181,59.84213],[10.67184,59.84208],[10.67181,59.84204],[10.67172,59.84203],[10.67164,59.84222],[10.67156,59.84221],[10.67139,59.84232]]]},"properties":{"a":413,"v":490,"dh":1.19,"pl":0,"fo":1,"c":271}},{"type":"Feature","geometry":{"type":"Polygon","coordinates":[[[10.67031,59.84283],[10.67043,59.84276],[10.67041,59.84269],[10.67052,59.84266],[10.67049,59.84254],[10.67019,59.84251],[10.67011,59.84276],[10.67031,59.84283]]]},"properties":{"a":556,"v":1113,"dh":2.0,"pl":0,"c":272}},{"type":"Feature","geometry":{"type":"Polygon","coordinates":[[[10.67003,59.84286],[10.67006,59.84277],[10.66989,59.8427],[10.67003,59.84263],[10.67005,59.84258],[10.66985,59.84257],[10.66975,59.84266],[10.66973,59.8427],[10.66986,59.84279],[10.67003,59.84286]],[[10.66986,59.84271],[10.66987,59.8427],[10.66988,59.8427],[10.66986,59.84271]]]},"properties":{"a":304,"v":-344,"dh":1.13,"pl":0,"c":272}},{"type":"Feature","geometry":{"type":"Polygon","coordinates":[[[10.6596,59.84428],[10.65974,59.84425],[10.65978,59.84419],[10.65974,59.84412],[10.65949,59.84417],[10.65963,59.84421],[10.6596,59.84428]]]},"properties":{"a":165,"v":-223,"dh":1.35,"pl":1,"pn":"FLASKEBEKK SENTER,TJERNSKOGEN,SKOKLEHEIA","pd":"1985-09-05","c":273}},{"type":"Feature","geometry":{"type":"Polygon","coordinates":[[[10.67216,59.84445],[10.67275,59.84443],[10.6729,59.84433],[10.67288,59.84427],[10.67296,59.84413],[10.67314,59.84408],[10.67315,59.84403],[10.67272,59.84395],[10.67266,59.84386],[10.67273,59.84374],[10.67251,59.84369],[10.67218,59.84423],[10.6722,59.84431],[10.67215,59.84433],[10.67216,59.84445]]]},"properties":{"a":2542,"v":3280,"dh":1.29,"pl":1,"pn":"SKOKLEFALD ØSTRE","pd":"1990-06-07","c":270}},{"type":"Feature","geometry":{"type":"Polygon","coordinates":[[[10.66168,59.8447],[10.66176,59.84456],[10.66172,59.84451],[10.66163,59.8445],[10.66155,59.84466],[10.66168,59.8447]]]},"properties":{"a":175,"v":325,"dh":1.85,"pl":1,"pn":"FLASKEBEKK SENTER,TJERNSKOGEN,SKOKLEHEIA","pd":"1985-09-05","c":273}},{"type":"Feature","geometry":{"type":"Polygon","coordinates":[[[10.67353,59.84542],[10.67365,59.84538],[10.67358,59.84531],[10.6734,59.84535],[10.67353,59.84542]]]},"properties":{"a":119,"v":188,"dh":1.58,"pl":0,"fo":1,"c":274}},{"type":"Feature","geometry":{"type":"Polygon","coordinates":[[[10.69062,59.84179],[10.69042,59.84176],[10.6904,59.84191],[10.69061,59.84187],[10.69062,59.84179]]]},"properties":{"a":179,"v":304,"dh":1.7,"pl":1,"pn":"HELLVIK SYD - Revisjon av reguleringsplan","pd":"2011-03-03","c":229}},{"type":"Feature","geometry":{"type":"Polygon","coordinates":[[[10.68602,59.84215],[10.6861,59.84202],[10.68599,59.84194],[10.68594,59.84196],[10.68593,59.84214],[10.68602,59.84215]]]},"properties":{"a":170,"v":-218,"dh":1.28,"pl":1,"pn":"HELLVIKSKOGVEIEN-HELLVIKVEIEN","pd":"1981-09-01","c":275}},{"type":"Feature","geometry":{"type":"Polygon","coordinates":[[[10.69051,59.84213],[10.69066,59.84213],[10.6907,59.84201],[10.69049,59.84206],[10.69051,59.84213]]]},"properties":{"a":112,"v":-105,"dh":0.94,"pl":1,"pn":"HELLVIK SYD - Revisjon av reguleringsplan","pd":"2011-03-03","sh":1,"c":229}},{"type":"Feature","geometry":{"type":"Polygon","coordinates":[[[10.68652,59.84247],[10.68712,59.84235],[10.68713,59.84232],[10.68651,59.84244],[10.68652,59.84247]]]},"properties":{"a":134,"v":135,"dh":1.0,"pl":1,"pn":"Fortau langs Fv.107,Hellvikskogsvei","pd":"2012-11-01","c":218}},{"type":"Feature","geometry":{"type":"Polygon","coordinates":[[[10.68965,59.84243],[10.68983,59.84242],[10.68983,59.84237],[10.68988,59.84234],[10.68984,59.84229],[10.68977,59.84229],[10.68967,59.84238],[10.68965,59.84243]]]},"properties":{"a":131,"v":165,"dh":1.26,"pl":1,"pn":"HELLVIK SYD - Revisjon av reguleringsplan","pd":"2011-03-03","c":229}},{"type":"Feature","geometry":{"type":"Polygon","coordinates":[[[10.68624,59.84265],[10.68627,59.84256],[10.68639,59.8425],[10.68625,59.84252],[10.68608,59.84263],[10.68624,59.84265]]]},"properties":{"a":101,"v":-150,"dh":1.48,"pl":1,"pn":"Fortau langs Fv.107,Hellvikskogsvei","pd":"2012-11-01","c":218}},{"type":"Feature","geometry":{"type":"Polygon","coordinates":[[[10.68838,59.843],[10.68857,59.84288],[10.68853,59.84278],[10.68865,59.84277],[10.68872,59.84264],[10.68884,59.8426],[10.68889,59.84244],[10.68867,59.8424],[10.6885,59.84258],[10.68824,59.84268],[10.68837,59.84277],[10.68826,59.8428],[10.68824,59.84299],[10.68838,59.843]]]},"properties":{"a":1127,"v":-2261,"dh":2.01,"pl":1,"pn":"HELLVIK BRYGGE","pd":"2012-11-29","c":276}},{"type":"Feature","geometry":{"type":"Polygon","coordinates":[[[10.69245,59.84302],[10.69255,59.84295],[10.69255,59.84288],[10.69264,59.84284],[10.69248,59.84282],[10.69244,59.84291],[10.6923,59.84294],[10.69236,59.84302],[10.69245,59.84302]]]},"properties":{"a":186,"v":199,"dh":1.07,"pl":1,"pn":"HELLVIK SYD - Revisjon av reguleringsplan","pd":"2011-03-03","c":229}},{"type":"Feature","geometry":{"type":"Polygon","coordinates":[[[10.68588,59.84367],[10.6859,59.84345],[10.68571,59.84346],[10.68571,59.84352],[10.68588,59.84367]]]},"properties":{"a":164,"v":222,"dh":1.35,"pl":1,"pn":"TROLLVEIEN","pd":"1992-02-18","c":277}},{"type":"Feature","geometry":{"type":"Polygon","coordinates":[[[10.68542,59.84384],[10.6856,59.84372],[10.68559,59.84367],[10.68556,59.84369],[10.68554,59.84367],[10.68561,59.84361],[10.6854,59.84367],[10.68539,59.84382],[10.68542,59.84384]]]},"properties":{"a":189,"v":-204,"dh":1.08,"pl":1,"pn":"HELLVIKSKOGVEIEN-HELLVIKVEIEN","pd":"1981-09-01","c":275}},{"type":"Feature","geometry":{"type":"Polygon","coordinates":[[[10.67815,59.84214],[10.6783,59.84204],[10.6783,59.84197],[10.67817,59.84194],[10.67803,59.84204],[10.67804,59.84208],[10.67815,59.84214]]]},"properties":{"a":189,"v":-302,"dh":1.6,"pl":1,"pn":"Skoklefaldåsen omsorgsboliger-Omregulering","pd":"2017-05-31","c":268}},{"type":"Feature","geometry":{"type":"MultiPolygon","coordinates":[[[[10.6778,59.84206],[10.67778,59.84205],[10.67778,59.84206],[10.6778,59.84206]]],[[[10.67777,59.84207],[10.67756,59.84218],[10.67753,59.84225],[10.67764,59.84228],[10.67765,59.84225],[10.67779,59.84224],[10.67777,59.84207]]]]},"properties":{"a":203,"v":-234,"dh":1.15,"pl":1,"pn":"Skoklefaldåsen omsorgsboliger-Omregulering","pd":"2017-05-31","c":268}},{"type":"Feature","geometry":{"type":"Polygon","coordinates":[[[10.67872,59.8419],[10.6786,59.84188],[10.67849,59.84194],[10.67835,59.84191],[10.67848,59.84197],[10.67839,59.84209],[10.6783,59.8421],[10.67808,59.84227],[10.67805,59.8424],[10.67798,59.84248],[10.67795,59.84248],[10.678,59.84241],[10.67798,59.84236],[10.67805,59.84229],[10.67792,59.84232],[10.67776,59.84259],[10.67762,59.84266],[10.67785,59.84259],[10.67794,59.84261],[10.67801,59.8427],[10.67784,59.84276],[10.67782,59.84282],[10.67768,59.8428],[10.67754,59.84288],[10.67762,59.84295],[10.67769,59.84295],[10.67798,59.84278],[10.67801,59.84272],[10.67812,59.8427],[10.67817,59.84261],[10.67846,59.8424],[10.67871,59.84231],[10.67882,59.84211],[10.67898,59.84198],[10.67892,59.84193],[10.67871,59.84203],[10.67872,59.8419]]]},"properties":{"a":2646,"v":4465,"dh":1.69,"pl":1,"pn":"Skoklefaldåsen omsorgsboliger-Omregulering","pd":"2017-05-31","c":268}},{"type":"Feature","geometry":{"type":"MultiPolygon","coordinates":[[[[10.67771,59.84242],[10.67779,59.84242],[10.67787,59.84232],[10.67771,59.84242]]],[[[10.67773,59.84244],[10.67756,59.84251],[10.67738,59.84244],[10.67743,59.84247],[10.67745,59.84258],[10.6776,59.84262],[10.67772,59.84254],[10.67773,59.84244]],[[10.67752,59.84254],[10.67756,59.84256],[10.67752,59.84256],[10.67752,59.84254]]]]},"properties":{"a":232,"v":-263,"dh":1.13,"pl":1,"pn":"Skoklefaldåsen omsorgsboliger-Omregulering","pd":"2017-05-31","c":268}},{"type":"Feature","geometry":{"type":"Polygon","coordinates":[[[10.67723,59.84267],[10.67735,59.8426],[10.67736,59.84249],[10.67725,59.84244],[10.67714,59.84245],[10.67711,59.8425],[10.67718,59.8425],[10.67718,59.84254],[10.67701,59.84262],[10.67707,59.84267],[10.67723,59.84267]]]},"properties":{"a":289,"v":368,"dh":1.27,"pl":1,"pn":"Skoklefaldåsen omsorgsboliger-Omregulering","pd":"2017-05-31","c":268}},{"type":"Feature","geometry":{"type":"Polygon","coordinates":[[[10.67635,59.84329],[10.67636,59.84325],[10.67656,59.84326],[10.67648,59.84317],[10.67653,59.84305],[10.67666,59.84308],[10.67674,59.84299],[10.67712,59.84295],[10.67713,59.8429],[10.67706,59.84291],[10.67709,59.84285],[10.67717,59.84287],[10.67734,59.8428],[10.67734,59.84275],[10.67728,59.84275],[10.67733,59.84267],[10.67709,59.84272],[10.67694,59.84262],[10.67695,59.84252],[10.67676,59.84257],[10.67678,59.84265],[10.67702,59.84279],[10.67702,59.84285],[10.67683,59.84293],[10.67656,59.8429],[10.6763,59.84299],[10.67628,59.84305],[10.67634,59.84309],[10.67627,59.84315],[10.67628,59.84327],[10.67635,59.84329]]]},"properties":{"a":1327,"v":-1703,"dh":1.28,"pl":1,"pn":"Skoklefaldåsen omsorgsboliger-Omregulering","pd":"2017-05-31","c":268}},{"type":"Feature","geometry":{"type":"MultiPolygon","coordinates":[[[[10.6775,59.84272],[10.67755,59.84272],[10.67755,59.84271],[10.6775,59.84272]]],[[[10.6775,59.84276],[10.67737,59.84277],[10.67739,59.84282],[10.67728,59.84294],[10.67689,59.84306],[10.67684,59.84318],[10.67666,59.84316],[10.67648,59.84338],[10.67617,59.84331],[10.67616,59.84343],[10.67653,59.84365],[10.6769,59.84363],[10.67716,59.8434],[10.67733,59.84337],[10.6773,59.84336],[10.67731,59.8433],[10.67748,59.84316],[10.67755,59.843],[10.6774,59.84285],[10.6775,59.84276]],[[10.67635,59.84341],[10.67639,59.84342],[10.67635,59.84342],[10.67635,59.84341]]]]},"properties":{"a":3193,"v":7763,"dh":2.43,"pl":1,"pn":"Skoklefaldåsen omsorgsboliger-Omregulering","pd":"2017-05-31","c":268}},{"type":"Feature","geometry":{"type":"Polygon","coordinates":[[[10.68032,59.84351],[10.68031,59.84339],[10.68026,59.84335],[10.68015,59.84338],[10.68016,59.84347],[10.68032,59.84351]]]},"properties":{"a":116,"v":-151,"dh":1.3,"pl":1,"pn":"BIRKEVEIEN","pd":"1987-03-12","c":278}},{"type":"Feature","geometry":{"type":"Polygon","coordinates":[[[10.67968,59.8436],[10.67977,59.84349],[10.6796,59.84347],[10.67961,59.84359],[10.67968,59.8436]]]},"properties":{"a":101,"v":-99,"dh":0.98,"pl":1,"pn":"BIRKEVEIEN","pd":"1987-03-12","sh":1,"c":278}},{"type":"Feature","geometry":{"type":"Polygon","coordinates":[[[10.67948,59.84534],[10.6795,59.84525],[10.67937,59.84528],[10.67934,59.84523],[10.6794,59.84515],[10.67938,59.84512],[10.67914,59.84528],[10.67922,59.84533],[10.67948,59.84534]]]},"properties":{"a":236,"v":316,"dh":1.34,"pl":1,"pn":"BIRKEVEIEN","pd":"1987-03-12","fo":1,"c":278}},{"type":"Feature","geometry":{"type":"Polygon","coordinates":[[[10.6857,59.84397],[10.6858,59.84381],[10.68581,59.84367],[10.68572,59.84369],[10.68578,59.84379],[10.68569,59.84384],[10.6857,59.84397]]]},"properties":{"a":104,"v":-119,"dh":1.15,"pl":1,"pn":"TROLLVEIEN","pd":"1992-02-18","c":277}},{"type":"Feature","geometry":{"type":"Polygon","coordinates":[[[10.68816,59.84421],[10.68837,59.84427],[10.68835,59.84414],[10.68816,59.84421]]]},"properties":{"a":122,"v":-144,"dh":1.18,"pl":1,"pn":"HELLVIK BRYGGE","pd":"2012-11-29","c":276}},{"type":"Feature","geometry":{"type":"Polygon","coordinates":[[[10.68853,59.8446],[10.6886,59.84454],[10.68876,59.84453],[10.68874,59.84448],[10.68861,59.84441],[10.6886,59.84446],[10.68849,59.8445],[10.68848,59.84459],[10.68853,59.8446]]]},"properties":{"a":161,"v":-187,"dh":1.16,"pl":1,"pn":"HELLVIK BRYGGE","pd":"2012-11-29","c":276}},{"type":"Feature","geometry":{"type":"Polygon","coordinates":[[[10.68546,59.84521],[10.68562,59.8452],[10.6856,59.84512],[10.68574,59.84509],[10.68569,59.84493],[10.68552,59.84498],[10.68545,59.84508],[10.68536,59.84509],[10.68546,59.84521]]]},"properties":{"a":377,"v":-841,"dh":2.23,"pl":1,"pn":"TROLLVEIEN","pd":"1992-02-18","fo":1,"c":279}},{"type":"Feature","geometry":{"type":"Polygon","coordinates":[[[10.68619,59.84586],[10.68618,59.84566],[10.68626,59.84552],[10.68622,59.84547],[10.68639,59.84531],[10.68639,59.84527],[10.68627,59.84531],[10.68618,59.84543],[10.68611,59.84573],[10.68611,59.84584],[10.68619,59.84586]]]},"properties":{"a":259,"v":-738,"dh":2.85,"pl":1,"pn":"TROLLVEIEN","pd":"1992-02-18","sl":1,"c":280}},{"type":"Feature","geometry":{"type":"Polygon","coordinates":[[[10.69032,59.84711],[10.69046,59.84698],[10.6904,59.84692],[10.69045,59.84689],[10.69022,59.84686],[10.69025,59.84688],[10.69022,59.84692],[10.69033,59.84698],[10.69028,59.84702],[10.6901,59.84695],[10.69016,59.84686],[10.69008,59.84687],[10.69005,59.84699],[10.69012,59.84704],[10.6903,59.84702],[10.69021,59.84709],[10.69032,59.84711]]]},"properties":{"a":342,"v":-329,"dh":0.96,"pl":0,"sh":1,"c":281}},{"type":"Feature","geometry":{"type":"Polygon","coordinates":[[[10.68725,59.84757],[10.68725,59.84741],[10.68717,59.84739],[10.68713,59.84756],[10.68725,59.84757]]]},"properties":{"a":116,"v":-163,"dh":1.41,"pl":0,"fo":1,"c":282}},{"type":"Feature","geometry":{"type":"Polygon","coordinates":[[[10.68798,59.84775],[10.68808,59.84761],[10.68793,59.84757],[10.68788,59.84763],[10.68791,59.84774],[10.68798,59.84775]]]},"properties":{"a":143,"v":-169,"dh":1.18,"pl":0,"c":282}},{"type":"Feature","geometry":{"type":"Polygon","coordinates":[[[10.67954,59.8453],[10.67974,59.84535],[10.67976,59.84519],[10.67962,59.84519],[10.67954,59.8453]]]},"properties":{"a":171,"v":-200,"dh":1.17,"pl":1,"pn":"BIRKEVEIEN","pd":"1987-03-12","c":278}},{"type":"Feature","geometry":{"type":"Polygon","coordinates":[[[10.68513,59.8454],[10.68521,59.84532],[10.68515,59.84522],[10.68508,59.84523],[10.68509,59.8453],[10.68502,59.84536],[10.68513,59.8454]]]},"properties":{"a":105,"v":103,"dh":0.98,"pl":1,"pn":"TROLLVEIEN","pd":"1992-02-18","sh":1,"c":280}},{"type":"Feature","geometry":{"type":"Polygon","coordinates":[[[10.68139,59.84552],[10.68146,59.84548],[10.68103,59.84548],[10.68103,59.84551],[10.68139,59.84552]]]},"properties":{"a":105,"v":119,"dh":1.13,"pl":1,"pn":"BIRKEVEIEN","pd":"1987-03-12","c":278}},{"type":"Feature","geometry":{"type":"Polygon","coordinates":[[[10.67746,59.84617],[10.67758,59.84615],[10.67756,59.84602],[10.67747,59.84601],[10.67751,59.84587],[10.67706,59.84583],[10.67684,59.84589],[10.67686,59.84593],[10.67714,59.84593],[10.67734,59.84609],[10.67749,59.8461],[10.67746,59.84617]]]},"properties":{"a":587,"v":732,"dh":1.25,"pl":0,"fo":1,"c":283}},{"type":"Feature","geometry":{"type":"Polygon","coordinates":[[[10.67779,59.84639],[10.67779,59.84636],[10.678,59.84625],[10.67798,59.84621],[10.67787,59.8462],[10.67773,59.84631],[10.67773,59.84638],[10.67779,59.84639]]]},"properties":{"a":138,"v":-220,"dh":1.59,"pl":0,"fo":1,"c":283}},{"type":"Feature","geometry":{"type":"Polygon","coordinates":[[[10.68283,59.84694],[10.68296,59.84693],[10.68308,59.84684],[10.683,59.84682],[10.68297,59.84675],[10.68289,59.84676],[10.6829,59.84684],[10.68283,59.84689],[10.68283,59.84694]]]},"properties":{"a":147,"v":-159,"dh":1.08,"pl":1,"pn":"LIAVEIEN","pd":"1977-11-28","c":284}},{"type":"Feature","geometry":{"type":"Polygon","coordinates":[[[10.68089,59.84704],[10.68119,59.84693],[10.68122,59.84689],[10.68106,59.84686],[10.68098,59.84697],[10.6808,59.84702],[10.68089,59.84704]]]},"properties":{"a":141,"v":159,"dh":1.13,"pl":1,"pn":"BIRKEVEIEN","pd":"1987-03-12","fo":1,"c":285}},{"type":"Feature","geometry":{"type":"Polygon","coordinates":[[[10.68061,59.8472],[10.68069,59.84703],[10.68083,59.84695],[10.68085,59.84686],[10.68074,59.84686],[10.68068,59.84701],[10.68052,59.84712],[10.68052,59.8472],[10.68061,59.8472]],[[10.68074,59.8469],[10.68078,59.84689],[10.68078,59.8469],[10.68074,59.8469]]]},"properties":{"a":213,"v":-265,"dh":1.24,"pl":1,"pn":"BIRKEVEIEN","pd":"1987-03-12","fo":1,"c":285}},{"type":"Feature","geometry":{"type":"Polygon","coordinates":[[[10.67951,59.85005],[10.6797,59.85003],[10.67972,59.84991],[10.67946,59.84986],[10.67952,59.84993],[10.67951,59.85005]]]},"properties":{"a":217,"v":407,"dh":1.88,"pl":0,"fo":1,"c":286}},{"type":"Feature","geometry":{"type":"Polygon","coordinates":[[[10.69273,59.83202],[10.69285,59.83191],[10.69281,59.8318],[10.69268,59.83182],[10.69271,59.8319],[10.69266,59.83202],[10.69273,59.83202]]]},"properties":{"a":185,"v":-278,"dh":1.5,"pl":1,"pn":"FJORDVANGEN","pd":"1979-05-15","c":199}},{"type":"Feature","geometry":{"type":"Polygon","coordinates":[[[10.69308,59.83336],[10.69324,59.83325],[10.69335,59.83325],[10.69334,59.83322],[10.69306,59.83319],[10.69301,59.83334],[10.69308,59.83336]]]},"properties":{"a":191,"v":-213,"dh":1.11,"pl":0,"fo":1,"c":215}},{"type":"Feature","geometry":{"type":"Polygon","coordinates":[[[10.69447,59.83465],[10.69454,59.83458],[10.69458,59.83438],[10.69467,59.83432],[10.69466,59.83427],[10.69449,59.83425],[10.69444,59.83433],[10.69446,59.83444],[10.6944,59.83459],[10.69447,59.83465]]]},"properties":{"a":359,"v":-728,"dh":2.03,"pl":0,"fo":1,"c":287}},{"type":"Feature","geometry":{"type":"Polygon","coordinates":[[[10.69511,59.83702],[10.69492,59.83688],[10.69504,59.8368],[10.69494,59.83679],[10.69483,59.83685],[10.69483,59.83691],[10.69494,59.83695],[10.69493,59.83699],[10.69487,59.83696],[10.69487,59.837],[10.69511,59.83702]]]},"properties":{"a":182,"v":-245,"dh":1.34,"pl":0,"fo":1,"c":288}},{"type":"Feature","geometry":{"type":"Polygon","coordinates":[[[10.69371,59.83862],[10.69369,59.83859],[10.69392,59.83851],[10.69393,59.83845],[10.69372,59.83846],[10.69344,59.83861],[10.69371,59.83862]]]},"properties":{"a":245,"v":361,"dh":1.47,"pl":1,"pn":"HELLVIK SYD - Revisjon av reguleringsplan","pd":"2011-03-03","c":229}},{"type":"Feature","geometry":{"type":"Polygon","coordinates":[[[10.72331,59.87069],[10.72354,59.87068],[10.72361,59.87065],[10.72334,59.87061],[10.72317,59.87064],[10.72331,59.87069]]]},"properties":{"a":118,"v":104,"dh":0.88,"pl":0,"sh":1,"c":289}},{"type":"Feature","geometry":{"type":"Polygon","coordinates":[[[10.72137,59.87157],[10.72136,59.87154],[10.72157,59.87147],[10.72194,59.8714],[10.7218,59.87123],[10.72163,59.87125],[10.72151,59.87133],[10.72143,59.87128],[10.72171,59.87117],[10.72188,59.87123],[10.72201,59.87117],[10.72208,59.87106],[10.72249,59.87101],[10.72238,59.87098],[10.7225,59.87089],[10.72241,59.87087],[10.72236,59.8709],[10.72232,59.87089],[10.72235,59.87083],[10.72246,59.87083],[10.72259,59.87092],[10.72284,59.87092],[10.72285,59.87101],[10.72296,59.87108],[10.72291,59.87111],[10.72308,59.87106],[10.72305,59.87111],[10.72309,59.87117],[10.72332,59.87112],[10.72355,59.87089],[10.72337,59.87083],[10.72237,59.87079],[10.72222,59.8707],[10.72203,59.87071],[10.72213,59.87067],[10.72202,59.87063],[10.72208,59.87061],[10.72206,59.87058],[10.7214,59.87038],[10.72057,59.8702],[10.7205,59.87022],[10.72054,59.87025],[10.7204,59.87027],[10.72047,59.87034],[10.72074,59.87035],[10.72075,59.87047],[10.72062,59.87045],[10.72055,59.87038],[10.72009,59.87023],[10.72007,59.87021],[10.72016,59.87022],[10.72016,59.87017],[10.71987,59.87006],[10.71969,59.87009],[10.71944,59.87003],[10.71935,59.87015],[10.71928,59.87018],[10.71931,59.8703],[10.71927,59.87033],[10.71877,59.87065],[10.71879,59.87069],[10.71929,59.87091],[10.71884,59.87093],[10.71888,59.87097],[10.71977,59.87096],[10.71983,59.87101],[10.7196,59.87105],[10.72029,59.87135],[10.7206,59.87138],[10.72094,59.87151],[10.72098,59.87156],[10.72116,59.87154],[10.72112,59.8715],[10.72115,59.87145],[10.72103,59.87145],[10.72105,59.8715],[10.72094,59.8715],[10.7209,59.87145],[10.72126,59.8714],[10.72126,59.87134],[10.72138,59.87131],[10.72131,59.87138],[10.72144,59.8714],[10.72128,59.87155],[10.72137,59.87157]],[[10.72144,59.87136],[10.72147,59.87135],[10.72147,59.87136],[10.72144,59.87136]],[[10.72138,59.87127],[10.72141,59.87122],[10.72145,59.87122],[10.72138,59.87127]],[[10.7213,59.87121],[10.72132,59.87121],[10.72132,59.87121],[10.7213,59.87121]],[[10.72166,59.87112],[10.72171,59.87111],[10.72171,59.87112],[10.72166,59.87112]],[[10.72164,59.87109],[10.72165,59.87108],[10.72165,59.87109],[10.72164,59.87109]],[[10.72135,59.87104],[10.72136,59.871],[10.72138,59.87104],[10.72135,59.87104]],[[10.72143,59.87099],[10.72147,59.87097],[10.72147,59.87099],[10.72143,59.87099]],[[10.72143,59.87095],[10.72147,59.87093],[10.72147,59.87095],[10.72143,59.87095]],[[10.7207,59.87094],[10.72072,59.87093],[10.72072,59.87094],[10.7207,59.87094]],[[10.72286,59.8709],[10.72284,59.87084],[10.72295,59.87085],[10.72293,59.87091],[10.72286,59.8709]],[[10.72204,59.8709],[10.72207,59.87089],[10.72207,59.8709],[10.72204,59.8709]],[[10.72207,59.87088],[10.72211,59.87087],[10.72211,59.87088],[10.72207,59.87088]],[[10.72086,59.87086],[10.72089,59.87084],[10.72089,59.87086],[10.72086,59.87086]],[[10.71988,59.87062],[10.71963,59.87056],[10.71981,59.87038],[10.7199,59.87037],[10.7199,59.87042],[10.71984,59.87048],[10.71991,59.8705],[10.72008,59.87043],[10.72,59.87051],[10.72006,59.87061],[10.71988,59.87059],[10.71988,59.87062]],[[10.72171,59.87054],[10.72173,59.87053],[10.72173,59.87054],[10.72171,59.87054]],[[10.72166,59.87053],[10.72162,59.87051],[10.7217,59.87053],[10.72166,59.87053]],[[10.72117,59.87037],[10.72121,59.87036],[10.72121,59.87037],[10.72117,59.87037]],[[10.71946,59.87011],[10.71953,59.87008],[10.71953,59.8701],[10.71946,59.87011]]]},"properties":{"a":20284,"v":21051,"dh":1.04,"pl":0,"c":289}},{"type":"Feature","geometry":{"type":"Polygon","coordinates":[[[10.7253,59.87119],[10.72497,59.87105],[10.72484,59.87093],[10.72474,59.87093],[10.72476,59.87099],[10.72507,59.87115],[10.7253,59.87119]]]},"properties":{"a":176,"v":-173,"dh":0.98,"pl":0,"sh":1,"c":290}},{"type":"Feature","geometry":{"type":"Polygon","coordinates":[[[10.66182,59.85757],[10.66194,59.85746],[10.66195,59.85738],[10.66186,59.85738],[10.66171,59.85752],[10.66175,59.85757],[10.66182,59.85757]]]},"properties":{"a":156,"v":-151,"dh":0.97,"pl":0,"sh":1,"c":291}},{"type":"Feature","geometry":{"type":"Polygon","coordinates":[[[10.67198,59.85767],[10.67203,59.85761],[10.67204,59.85741],[10.67189,59.85754],[10.67191,59.85764],[10.67198,59.85767]]]},"properties":{"a":169,"v":-173,"dh":1.02,"pl":1,"pn":"OKSVALVEIEN","pd":"1985-11-29","c":309}},{"type":"Feature","geometry":{"type":"Polygon","coordinates":[[[10.67668,59.85774],[10.67675,59.85771],[10.67687,59.85753],[10.67676,59.85755],[10.67673,59.85764],[10.67652,59.85773],[10.67668,59.85774]]]},"properties":{"a":135,"v":-127,"dh":0.94,"pl":0,"sh":1,"c":292}},{"type":"Feature","geometry":{"type":"Polygon","coordinates":[[[10.67048,59.85788],[10.67063,59.85786],[10.67059,59.85768],[10.6705,59.85768],[10.67034,59.85778],[10.67048,59.85788]]]},"properties":{"a":265,"v":391,"dh":1.48,"pl":0,"c":293}},{"type":"Feature","geometry":{"type":"Polygon","coordinates":[[[10.66904,59.85817],[10.66911,59.85807],[10.66895,59.85805],[10.66893,59.85814],[10.66904,59.85817]]]},"properties":{"a":111,"v":-142,"dh":1.28,"pl":1,"pn":"SINGERS VEI","pd":"1980-03-12","c":294}},{"type":"Feature","geometry":{"type":"Polygon","coordinates":[[[10.66096,59.85941],[10.6611,59.85927],[10.66104,59.85917],[10.66109,59.85907],[10.66102,59.85908],[10.66106,59.85912],[10.66093,59.85917],[10.66094,59.85924],[10.66099,59.85925],[10.66096,59.85941]]]},"properties":{"a":177,"v":222,"dh":1.26,"pl":0,"c":295}},{"type":"Feature","geometry":{"type":"Polygon","coordinates":[[[10.67532,59.85939],[10.67535,59.85931],[10.67562,59.85934],[10.67562,59.85929],[10.67538,59.85926],[10.67528,59.85934],[10.67532,59.85939]]]},"properties":{"a":113,"v":-111,"dh":0.99,"pl":0,"sh":1,"c":296}},{"type":"Feature","geometry":{"type":"Polygon","coordinates":[[[10.66585,59.85964],[10.66597,59.85956],[10.66595,59.85952],[10.66577,59.85954],[10.66559,59.85946],[10.66576,59.85963],[10.66585,59.85964]]]},"properties":{"a":176,"v":285,"dh":1.62,"pl":1,"pn":"OKSVAL II REV.","pd":"1981-10-14","c":297}},{"type":"Feature","geometry":{"type":"Polygon","coordinates":[[[10.66948,59.86089],[10.66932,59.86086],[10.66921,59.86088],[10.66927,59.861],[10.66959,59.86096],[10.66948,59.86089]],[[10.66949,59.86095],[10.66943,59.86095],[10.66943,59.86094],[10.66948,59.86091],[10.66949,59.86095]]]},"properties":{"a":203,"v":254,"dh":1.25,"pl":1,"pn":"GRANHOLT-TOPPEN","pd":"1976-02-26","c":298}},{"type":"Feature","geometry":{"type":"Polygon","coordinates":[[[10.67342,59.86108],[10.67352,59.861],[10.67311,59.86088],[10.67298,59.86092],[10.67311,59.86102],[10.67331,59.86099],[10.6733,59.86108],[10.67342,59.86108]]]},"properties":{"a":329,"v":-455,"dh":1.38,"pl":1,"pn":"OKSVALVEIEN","pd":"1985-11-29","c":299}},{"type":"Feature","geometry":{"type":"Polygon","coordinates":[[[10.72231,59.87143],[10.72242,59.87136],[10.72245,59.87123],[10.72234,59.87117],[10.72202,59.8712],[10.72207,59.87128],[10.72199,59.87131],[10.72201,59.87139],[10.72231,59.87143]]]},"properties":{"a":526,"v":1407,"dh":2.67,"pl":0,"c":289}},{"type":"Feature","geometry":{"type":"Polygon","coordinates":[[[10.71846,59.87152],[10.71855,59.87143],[10.71842,59.8714],[10.71842,59.87146],[10.71827,59.87157],[10.71827,59.87162],[10.71832,59.87165],[10.71853,59.87156],[10.71846,59.87152]],[[10.71846,59.87153],[10.71841,59.87155],[10.71839,59.87152],[10.71846,59.87153]],[[10.71839,59.87151],[10.71841,59.8715],[10.71841,59.87151],[10.71839,59.87151]]]},"properties":{"a":198,"v":146,"dh":0.74,"pl":0,"sh":1,"c":289}},{"type":"Feature","geometry":{"type":"MultiPolygon","coordinates":[[[[10.71871,59.87153],[10.7188,59.87151],[10.71884,59.87153],[10.7188,59.87157],[10.71893,59.87163],[10.71936,59.87172],[10.7193,59.87161],[10.71923,59.8716],[10.71925,59.87152],[10.71933,59.87149],[10.71931,59.87145],[10.71912,59.87144],[10.7191,59.8714],[10.71905,59.87143],[10.71902,59.87136],[10.71885,59.87144],[10.71867,59.87141],[10.71871,59.87153]],[[10.71902,59.87163],[10.71891,59.87159],[10.71907,59.87159],[10.71902,59.87163]],[[10.71898,59.87154],[10.719,59.87155],[10.71898,59.87155],[10.71898,59.87154]],[[10.71902,59.87154],[10.71905,59.87155],[10.71902,59.87155],[10.71902,59.87154]],[[10.71901,59.8715],[10.71909,59.87152],[10.71901,59.87152],[10.71901,59.8715]],[[10.7191,59.87147],[10.71906,59.87146],[10.71905,59.87145],[10.7191,59.87147]]],[[[10.71873,59.87154],[10.71875,59.87156],[10.71875,59.87154],[10.71873,59.87154]]]]},"properties":{"a":739,"v":725,"dh":0.98,"pl":0,"c":289}},{"type":"Feature","geometry":{"type":"Polygon","coordinates":[[[10.72275,59.87159],[10.72287,59.87154],[10.72285,59.87147],[10.72294,59.87144],[10.72285,59.87138],[10.72286,59.87128],[10.72275,59.8713],[10.72268,59.87123],[10.72252,59.87124],[10.72241,59.87149],[10.7225,59.87158],[10.72263,59.87159],[10.72214,59.87182],[10.72235,59.87178],[10.72247,59.87171],[10.72278,59.87172],[10.7227,59.87165],[10.72295,59.87169],[10.72295,59.87165],[10.72275,59.87159]],[[10.72275,59.8716],[10.72273,59.87161],[10.72273,59.8716],[10.72275,59.8716]],[[10.72273,59.87161],[10.72272,59.87163],[10.72272,59.87161],[10.72273,59.87161]],[[10.72278,59.87144],[10.72281,59.87142],[10.72281,59.87144],[10.72278,59.87144]]]},"properties":{"a":1168,"v":1883,"dh":1.61,"pl":0,"c":289}},{"type":"Feature","geometry":{"type":"MultiPolygon","coordinates":[[[[10.71778,59.87151],[10.71756,59.87135],[10.71749,59.87135],[10.71746,59.87144],[10.71737,59.87141],[10.7173,59.87146],[10.71726,59.87143],[10.71731,59.87135],[10.71722,59.87131],[10.71718,59.87135],[10.71697,59.87132],[10.71692,59.87136],[10.71692,59.87145],[10.71685,59.87148],[10.71711,59.87161],[10.7173,59.87155],[10.7177,59.87158],[10.71764,59.87153],[10.71734,59.87153],[10.71735,59.87146],[10.71778,59.87151]]],[[[10.7178,59.87152],[10.71782,59.87153],[10.71782,59.87152],[10.7178,59.87152]]],[[[10.71782,59.87153],[10.71821,59.87189],[10.71846,59.87186],[10.71842,59.87184],[10.71846,59.87181],[10.71835,59.87177],[10.7184,59.87172],[10.71825,59.87165],[10.71811,59.8717],[10.71807,59.87163],[10.71782,59.87153]],[[10.7183,59.87179],[10.71833,59.87177],[10.71835,59.87179],[10.7183,59.87179]],[[10.71829,59.87177],[10.71819,59.87172],[10.71824,59.87171],[10.71829,59.87177]]]]},"properties":{"a":1258,"v":1165,"dh":0.93,"pl":0,"c":289}},{"type":"Feature","geometry":{"type":"Polygon","coordinates":[[[10.72199,59.87179],[10.72233,59.87164],[10.72228,59.87151],[10.72199,59.87147],[10.72184,59.87156],[10.72162,59.87152],[10.72134,59.87166],[10.72158,59.87176],[10.72199,59.87179]],[[10.72206,59.8716],[10.72207,59.87161],[10.72206,59.87161],[10.72206,59.8716]],[[10.72206,59.8716],[10.72198,59.87158],[10.72205,59.87159],[10.72206,59.8716]]]},"properties":{"a":1258,"v":2192,"dh":1.74,"pl":0,"c":289}},{"type":"Feature","geometry":{"type":"Polygon","coordinates":[[[10.71807,59.87182],[10.71792,59.87174],[10.71793,59.87166],[10.7179,59.87164],[10.71775,59.87167],[10.71776,59.87173],[10.71785,59.87174],[10.71787,59.87178],[10.71807,59.87182]]]},"properties":{"a":136,"v":115,"dh":0.84,"pl":0,"sh":1,"c":289}},{"type":"Feature","geometry":{"type":"MultiPolygon","coordinates":[[[[10.71852,59.87202],[10.71849,59.87202],[10.71854,59.87204],[10.71852,59.87202]]],[[[10.71928,59.87215],[10.7193,59.87221],[10.71919,59.87219],[10.71921,59.87223],[10.71939,59.87228],[10.71944,59.87222],[10.71941,59.87219],[10.71953,59.87215],[10.71951,59.87212],[10.71966,59.87221],[10.71969,59.87209],[10.71976,59.87203],[10.71989,59.8722],[10.72023,59.87226],[10.7203,59.87219],[10.72029,59.87209],[10.72009,59.87202],[10.72015,59.87197],[10.72034,59.87204],[10.72056,59.87203],[10.72071,59.87217],[10.72091,59.87227],[10.72075,59.87234],[10.72106,59.87248],[10.72126,59.8725],[10.72133,59.87244],[10.72163,59.87236],[10.72164,59.87225],[10.72184,59.8722],[10.7218,59.87217],[10.72194,59.87222],[10.72213,59.87205],[10.72175,59.872],[10.72139,59.87181],[10.72108,59.87177],[10.72076,59.87182],[10.72069,59.87177],[10.72028,59.87177],[10.72024,59.87167],[10.71998,59.8716],[10.71963,59.87163],[10.7197,59.87171],[10.71958,59.87182],[10.71967,59.87185],[10.71966,59.872],[10.71956,59.87197],[10.7195,59.87199],[10.71952,59.87202],[10.7194,59.87203],[10.71865,59.87176],[10.71855,59.8718],[10.7186,59.87185],[10.71844,59.87189],[10.71845,59.87194],[10.71868,59.87201],[10.71874,59.87209],[10.71858,59.87204],[10.71854,59.87205],[10.71902,59.87223],[10.7192,59.87227],[10.71918,59.8723],[10.71923,59.87227],[10.71919,59.87223],[10.71903,59.87218],[10.71915,59.87213],[10.71928,59.87215]],[[10.71883,59.87209],[10.71883,59.87213],[10.71874,59.8721],[10.71874,59.87209],[10.71883,59.87209]],[[10.71915,59.87213],[10.71913,59.87212],[10.71915,59.87212],[10.71915,59.87213]],[[10.71907,59.87221],[10.71905,59.87222],[10.71905,59.87221],[10.71907,59.87221]],[[10.72176,59.87218],[10.72173,59.87219],[10.72173,59.87218],[10.72176,59.87218]],[[10.7217,59.87207],[10.72169,59.8721],[10.72169,59.87207],[10.7217,59.87207]],[[10.71924,59.87204],[10.71931,59.87205],[10.71924,59.8721],[10.71924,59.87204]],[[10.7192,59.87209],[10.71919,59.8721],[10.71919,59.87209],[10.7192,59.87209]],[[10.72013,59.87204],[10.72008,59.87205],[10.72008,59.87204],[10.72013,59.87204]],[[10.71963,59.87204],[10.71957,59.872],[10.71965,59.87202],[10.71963,59.87204]],[[10.71956,59.87199],[10.71954,59.872],[10.71954,59.87199],[10.71956,59.87199]],[[10.72009,59.87196],[10.72014,59.87193],[10.72014,59.87195],[10.72009,59.87196]],[[10.71996,59.87191],[10.72005,59.87189],[10.72005,59.87194],[10.71998,59.87195],[10.71996,59.87191]],[[10.72023,59.8718],[10.72026,59.87178],[10.72026,59.8718],[10.72023,59.8718]]],[[[10.7202,59.87237],[10.72022,59.87232],[10.72012,59.87226],[10.72,59.8723],[10.72004,59.87237],[10.7202,59.87237]]],[[[10.71936,59.87242],[10.71931,59.87237],[10.7192,59.8723],[10.71924,59.87237],[10.71936,59.87242]]],[[[10.71936,59.87242],[10.71951,59.8725],[10.71967,59.87254],[10.71936,59.87242]]]]},"properties":{"a":8728,"v":17602,"dh":2.02,"pl":0,"c":289}},{"type":"Feature","geometry":{"type":"Polygon","coordinates":[[[10.71943,59.87233],[10.71934,59.87235],[10.71951,59.87244],[10.71969,59.87243],[10.71961,59.87239],[10.71961,59.87228],[10.71945,59.87228],[10.71943,59.87233]],[[10.71945,59.87233],[10.71949,59.87234],[10.71945,59.87235],[10.71945,59.87233]],[[10.71952,59.87237],[10.71954,59.87236],[10.71954,59.87237],[10.71952,59.87237]]]},"properties":{"a":173,"v":130,"dh":0.75,"pl":0,"sh":1,"c":289}},{"type":"Feature","geometry":{"type":"MultiPolygon","coordinates":[[[[10.72097,59.8728],[10.72115,59.87281],[10.72108,59.87279],[10.72115,59.87277],[10.72109,59.87272],[10.72123,59.87259],[10.72065,59.87237],[10.72049,59.87241],[10.72051,59.87246],[10.72046,59.87248],[10.72033,59.87247],[10.7203,59.8725],[10.72034,59.87256],[10.72084,59.87272],[10.72097,59.8728]]],[[[10.72094,59.87283],[10.72074,59.87272],[10.72063,59.87276],[10.72082,59.87286],[10.72094,59.87283]]]]},"properties":{"a":1403,"v":2857,"dh":2.04,"pl":0,"c":289}},{"type":"Feature","geometry":{"type":"MultiPolygon","coordinates":[[[[10.72106,59.87301],[10.72093,59.87292],[10.72086,59.87294],[10.72051,59.87283],[10.72106,59.87301]]],[[[10.72108,59.87303],[10.72109,59.87302],[10.72107,59.87302],[10.72108,59.87303]]]]},"properties":{"a":113,"v":87,"dh":0.77,"pl":0,"sh":1,"c":289}},{"type":"Feature","geometry":{"type":"Polygon","coordinates":[[[10.72171,59.87313],[10.72167,59.87307],[10.72181,59.87301],[10.72187,59.87292],[10.72185,59.87288],[10.72176,59.87287],[10.72151,59.87306],[10.72158,59.87312],[10.72171,59.87313]]]},"properties":{"a":282,"v":493,"dh":1.75,"pl":0,"c":289}},{"type":"Feature","geometry":{"type":"Polygon","coordinates":[[[10.6589,59.84625],[10.65898,59.84604],[10.65867,59.84603],[10.65868,59.84621],[10.6589,59.84625]]]},"properties":{"a":364,"v":-659,"dh":1.81,"pl":1,"pn":"FLASKEBEKK SENTER,TJERNSKOGEN,SKOKLEHEIA","pd":"1985-09-05","c":273}},{"type":"Feature","geometry":{"type":"Polygon","coordinates":[[[10.67515,59.84639],[10.67519,59.84627],[10.67494,59.84619],[10.67487,59.84623],[10.6749,59.84635],[10.67515,59.84639]]]},"properties":{"a":273,"v":496,"dh":1.82,"pl":0,"fo":1,"c":300}},{"type":"Feature","geometry":{"type":"Polygon","coordinates":[[[10.66734,59.84699],[10.6671,59.84684],[10.66707,59.84685],[10.66707,59.84693],[10.66712,59.84695],[10.66734,59.84699]]]},"properties":{"a":100,"v":122,"dh":1.22,"pl":1,"pn":"FLASKEBEKK SENTER,TJERNSKOGEN,SKOKLEHEIA","pd":"1985-09-05","fo":1,"c":301}},{"type":"Feature","geometry":{"type":"Polygon","coordinates":[[[10.66736,59.8473],[10.66735,59.84726],[10.66756,59.84716],[10.66731,59.84713],[10.66733,59.84716],[10.66723,59.84727],[10.66736,59.8473]]]},"properties":{"a":188,"v":276,"dh":1.47,"pl":1,"pn":"FLASKEBEKK SENTER,TJERNSKOGEN,SKOKLEHEIA","pd":"1985-09-05","c":301}},{"type":"Feature","geometry":{"type":"Polygon","coordinates":[[[10.66459,59.8483],[10.66469,59.84824],[10.66473,59.84805],[10.66456,59.84818],[10.66459,59.8483]]]},"properties":{"a":134,"v":169,"dh":1.26,"pl":1,"pn":"FLASKEBEKK SENTER,TJERNSKOGEN,SKOKLEHEIA","pd":"1985-09-05","c":301}},{"type":"Feature","geometry":{"type":"Polygon","coordinates":[[[10.66056,59.84891],[10.66065,59.84887],[10.66075,59.84876],[10.66057,59.84876],[10.66056,59.84885],[10.6606,59.84886],[10.66053,59.84889],[10.66056,59.84891]]]},"properties":{"a":104,"v":-93,"dh":0.89,"pl":1,"pn":"FLASKEBEKK SENTER,TJERNSKOGEN,SKOKLEHEIA","pd":"1985-09-05","sh":1,"c":301}},{"type":"Feature","geometry":{"type":"Polygon","coordinates":[[[10.66024,59.84891],[10.66035,59.84891],[10.66054,59.84877],[10.6604,59.84875],[10.66033,59.84881],[10.66031,59.84889],[10.66024,59.84891]]]},"properties":{"a":117,"v":-134,"dh":1.14,"pl":1,"pn":"FLASKEBEKK SENTER,TJERNSKOGEN,SKOKLEHEIA","pd":"1985-09-05","c":301}},{"type":"Feature","geometry":{"type":"Polygon","coordinates":[[[10.66011,59.84903],[10.66036,59.84902],[10.66046,59.84896],[10.66019,59.84895],[10.66011,59.84903]]]},"properties":{"a":125,"v":-112,"dh":0.89,"pl":1,"pn":"FLASKEBEKK SENTER,TJERNSKOGEN,SKOKLEHEIA","pd":"1985-09-05","sh":1,"c":301}},{"type":"Feature","geometry":{"type":"Polygon","coordinates":[[[10.6604,59.84926],[10.66051,59.84918],[10.6605,59.8491],[10.66043,59.84906],[10.66029,59.84916],[10.66031,59.84925],[10.6604,59.84926]]]},"properties":{"a":189,"v":220,"dh":1.17,"pl":1,"pn":"FLASKEBEKK SENTER,TJERNSKOGEN,SKOKLEHEIA","pd":"1985-09-05","c":301}},{"type":"Feature","geometry":{"type":"Polygon","coordinates":[[[10.65111,59.84587],[10.65129,59.84582],[10.65129,59.84578],[10.65121,59.84575],[10.65114,59.84559],[10.65101,59.84557],[10.65094,59.84562],[10.65094,59.84567],[10.65109,59.84572],[10.65111,59.84587]]]},"properties":{"a":280,"v":-427,"dh":1.52,"pl":2,"pn":"Flaskebekk og Sjøstrand","pd":"2021-12-15","c":302}},{"type":"Feature","geometry":{"type":"Polygon","coordinates":[[[10.65103,59.84595],[10.6514,59.84596],[10.6514,59.84592],[10.65131,59.84591],[10.65126,59.84585],[10.65113,59.84589],[10.65109,59.84576],[10.65095,59.84573],[10.65103,59.84595]]]},"properties":{"a":299,"v":522,"dh":1.74,"pl":2,"pn":"Flaskebekk og Sjøstrand","pd":"2021-12-15","c":302}},{"type":"Feature","geometry":{"type":"Polygon","coordinates":[[[10.65116,59.84711],[10.65149,59.84706],[10.65109,59.84692],[10.6512,59.84681],[10.65093,59.84693],[10.65103,59.84702],[10.65112,59.84701],[10.65116,59.84711]]]},"properties":{"a":383,"v":460,"dh":1.2,"pl":2,"pn":"Flaskebekk og Sjøstrand","pd":"2021-12-15","c":302}},{"type":"Feature","geometry":{"type":"Polygon","coordinates":[[[10.65439,59.8471],[10.65444,59.84704],[10.65443,59.8469],[10.65429,59.84687],[10.65426,59.84709],[10.65439,59.8471]]]},"properties":{"a":226,"v":328,"dh":1.45,"pl":0,"c":303}},{"type":"Feature","geometry":{"type":"Polygon","coordinates":[[[10.65103,59.8471],[10.65105,59.84706],[10.65096,59.84702],[10.65065,59.847],[10.6508,59.8471],[10.65103,59.8471]]]},"properties":{"a":160,"v":-199,"dh":1.25,"pl":2,"pn":"Flaskebekk og Sjøstrand","pd":"2021-12-15","c":302}},{"type":"Feature","geometry":{"type":"Polygon","coordinates":[[[10.65649,59.8498],[10.65666,59.84974],[10.65668,59.84968],[10.65636,59.84976],[10.65649,59.8498]]]},"properties":{"a":121,"v":-136,"dh":1.13,"pl":1,"pn":"FLASKEBEKK SENTER,TJERNSKOGEN,SKOKLEHEIA","pd":"1985-09-05","c":301}},{"type":"Feature","geometry":{"type":"Polygon","coordinates":[[[10.65036,59.8501],[10.65048,59.85003],[10.65053,59.84985],[10.6507,59.8498],[10.65047,59.84984],[10.65044,59.84995],[10.65032,59.85007],[10.65036,59.8501]]]},"properties":{"a":158,"v":488,"dh":3.09,"pl":2,"pn":"Flaskebekk og Sjøstrand","pd":"2021-12-15","sl":1,"c":304}},{"type":"Feature","geometry":{"type":"Polygon","coordinates":[[[10.64962,59.85106],[10.6496,59.85094],[10.64945,59.85093],[10.64944,59.851],[10.64962,59.85106]]]},"properties":{"a":113,"v":-215,"dh":1.9,"pl":2,"pn":"Flaskebekk og Sjøstrand","pd":"2021-12-15","fo":1,"c":305}},{"type":"Feature","geometry":{"type":"Polygon","coordinates":[[[10.65204,59.85267],[10.65207,59.85258],[10.65194,59.85253],[10.65197,59.85238],[10.65181,59.85237],[10.65174,59.85235],[10.65174,59.8523],[10.65168,59.85231],[10.6517,59.85236],[10.65165,59.8524],[10.6518,59.85244],[10.6518,59.85261],[10.65204,59.85267]]]},"properties":{"a":391,"v":546,"dh":1.4,"pl":2,"pn":"Flaskebekk og Sjøstrand","pd":"2021-12-15","fo":1,"c":305}},{"type":"Feature","geometry":{"type":"Polygon","coordinates":[[[10.65921,59.84927],[10.65929,59.84922],[10.65929,59.84913],[10.6591,59.84918],[10.65908,59.84925],[10.65921,59.84927]]]},"properties":{"a":131,"v":-140,"dh":1.07,"pl":1,"pn":"FLASKEBEKK SENTER,TJERNSKOGEN,SKOKLEHEIA","pd":"1985-09-05","c":301}},{"type":"Feature","geometry":{"type":"Polygon","coordinates":[[[10.65827,59.84938],[10.65839,59.84924],[10.65858,59.84915],[10.65847,59.84914],[10.65833,59.84922],[10.65827,59.84938]],[[10.65852,59.84916],[10.65854,59.84915],[10.65854,59.84916],[10.65852,59.84916]]]},"properties":{"a":113,"v":-134,"dh":1.19,"pl":1,"pn":"FLASKEBEKK SENTER,TJERNSKOGEN,SKOKLEHEIA","pd":"1985-09-05","sl":1,"c":301}},{"type":"Feature","geometry":{"type":"Polygon","coordinates":[[[10.65865,59.84958],[10.65888,59.84946],[10.65893,59.84939],[10.65891,59.84933],[10.65876,59.84933],[10.65863,59.8494],[10.65854,59.84953],[10.65865,59.84958]]]},"properties":{"a":347,"v":332,"dh":0.96,"pl":1,"pn":"FLASKEBEKK SENTER,TJERNSKOGEN,SKOKLEHEIA","pd":"1985-09-05","sh":1,"c":301}},{"type":"Feature","geometry":{"type":"Polygon","coordinates":[[[10.66977,59.85065],[10.66997,59.85061],[10.66996,59.85055],[10.66984,59.85054],[10.66975,59.8506],[10.66977,59.85065]]]},"properties":{"a":104,"v":-102,"dh":0.98,"pl":1,"pn":"OKSVAL III OG IV REV.","pd":"1984-06-06","sh":1,"c":306}},{"type":"Feature","geometry":{"type":"Polygon","coordinates":[[[10.67,59.85089],[10.67005,59.85082],[10.66996,59.85077],[10.66984,59.85086],[10.67,59.85089]]]},"properties":{"a":101,"v":-102,"dh":1.01,"pl":1,"pn":"OKSVAL III OG IV REV.","pd":"1984-06-06","c":306}},{"type":"Feature","geometry":{"type":"Polygon","coordinates":[[[10.67575,59.85093],[10.67578,59.85081],[10.67569,59.85079],[10.67569,59.85072],[10.67553,59.85073],[10.67567,59.8508],[10.67564,59.85093],[10.67575,59.85093]]]},"properties":{"a":161,"v":192,"dh":1.19,"pl":0,"fo":1,"c":307}},{"type":"Feature","geometry":{"type":"Polygon","coordinates":[[[10.67095,59.85161],[10.67112,59.85159],[10.67116,59.85152],[10.67092,59.85153],[10.67095,59.85161]]]},"properties":{"a":127,"v":196,"dh":1.54,"pl":1,"pn":"OKSVAL III OG IV REV.","pd":"1984-06-06","c":306}},{"type":"Feature","geometry":{"type":"Polygon","coordinates":[[[10.66309,59.85264],[10.66312,59.85258],[10.66303,59.85255],[10.66284,59.8526],[10.66309,59.85264]]]},"properties":{"a":118,"v":-154,"dh":1.31,"pl":0,"c":308}},{"type":"Feature","geometry":{"type":"Polygon","coordinates":[[[10.66213,59.85268],[10.66238,59.85264],[10.66241,59.8526],[10.66226,59.85257],[10.66225,59.85261],[10.66209,59.85261],[10.66213,59.85268]]]},"properties":{"a":143,"v":306,"dh":2.14,"pl":0,"c":308}},{"type":"Feature","geometry":{"type":"Polygon","coordinates":[[[10.67309,59.85278],[10.67316,59.8526],[10.67305,59.85254],[10.67311,59.85248],[10.67311,59.85236],[10.67287,59.85233],[10.67288,59.85241],[10.67293,59.85242],[10.67292,59.85255],[10.67305,59.85261],[10.67306,59.85276],[10.67309,59.85278]]]},"properties":{"a":368,"v":-476,"dh":1.29,"pl":1,"pn":"OKSVALVEIEN","pd":"1985-11-29","c":309}},{"type":"Feature","geometry":{"type":"Polygon","coordinates":[[[10.66105,59.85289],[10.66115,59.85277],[10.66104,59.85279],[10.66106,59.85284],[10.66088,59.85282],[10.66105,59.85289]]]},"properties":{"a":100,"v":-89,"dh":0.89,"pl":0,"sh":1,"c":310}},{"type":"Feature","geometry":{"type":"Polygon","coordinates":[[[10.65982,59.85293],[10.65983,59.85282],[10.65979,59.85279],[10.65965,59.85285],[10.65969,59.85291],[10.65982,59.85293]]]},"properties":{"a":106,"v":-103,"dh":0.97,"pl":1,"pn":"SKOGEN II","pd":"1985-06-20","sh":1,"c":311}},{"type":"Feature","geometry":{"type":"Polygon","coordinates":[[[10.67485,59.85292],[10.67505,59.8529],[10.67507,59.85276],[10.67503,59.85266],[10.67487,59.85267],[10.67485,59.85292]]]},"properties":{"a":280,"v":344,"dh":1.23,"pl":0,"c":312}},{"type":"Feature","geometry":{"type":"Polygon","coordinates":[[[10.66802,59.85337],[10.66814,59.85328],[10.66812,59.85321],[10.66804,59.8532],[10.66794,59.85328],[10.66798,59.85333],[10.66795,59.85336],[10.66802,59.85337]]]},"properties":{"a":133,"v":-125,"dh":0.94,"pl":1,"pn":"OKSVAL III OG IV REV.","pd":"1984-06-06","sh":1,"c":313}},{"type":"Feature","geometry":{"type":"Polygon","coordinates":[[[10.67214,59.85364],[10.67217,59.85358],[10.67235,59.8536],[10.67242,59.85355],[10.67218,59.85351],[10.6722,59.85343],[10.67245,59.85351],[10.6725,59.85341],[10.67246,59.85337],[10.67216,59.85335],[10.6721,59.85353],[10.67214,59.85364]]]},"properties":{"a":371,"v":-390,"dh":1.05,"pl":1,"pn":"OKSVALVEIEN","pd":"1985-11-29","c":309}},{"type":"Feature","geometry":{"type":"Polygon","coordinates":[[[10.67191,59.85373],[10.67193,59.85369],[10.67185,59.85365],[10.67198,59.85364],[10.67208,59.85355],[10.67212,59.85332],[10.67207,59.85332],[10.67207,59.85345],[10.67193,59.85345],[10.67186,59.85338],[10.67179,59.8534],[10.67176,59.85356],[10.67171,59.85359],[10.67171,59.85368],[10.67191,59.85373]],[[10.67186,59.85352],[10.67192,59.85352],[10.67192,59.85356],[10.67187,59.85357],[10.67186,59.85352]]]},"properties":{"a":509,"v":701,"dh":1.38,"pl":1,"pn":"OKSVALVEIEN","pd":"1985-11-29","c":309}},{"type":"Feature","geometry":{"type":"Polygon","coordinates":[[[10.66812,59.85371],[10.66816,59.85364],[10.66803,59.85368],[10.66805,59.8536],[10.66783,59.85363],[10.66785,59.85368],[10.66812,59.85371]]]},"properties":{"a":146,"v":-137,"dh":0.94,"pl":1,"pn":"OKSVAL III OG IV REV.","pd":"1984-06-06","sh":1,"c":313}},{"type":"Feature","geometry":{"type":"Polygon","coordinates":[[[10.66196,59.85408],[10.66219,59.85402],[10.66219,59.85397],[10.66201,59.85396],[10.66196,59.85408]]]},"properties":{"a":142,"v":210,"dh":1.48,"pl":0,"c":314}},{"type":"Feature","geometry":{"type":"MultiPolygon","coordinates":[[[[10.67485,59.85393],[10.67472,59.85391],[10.67474,59.85401],[10.67478,59.85403],[10.67485,59.85393]]],[[[10.67496,59.85403],[10.67501,59.85395],[10.67487,59.85394],[10.67491,59.85403],[10.67496,59.85403]]],[[[10.67491,59.85405],[10.67492,59.85404],[10.67491,59.85404],[10.67491,59.85405]]]]},"properties":{"a":119,"v":-126,"dh":1.06,"pl":1,"pn":"OKSVALVEIEN","pd":"1985-11-29","c":309}},{"type":"Feature","geometry":{"type":"Polygon","coordinates":[[[10.67474,59.85425],[10.6748,59.85412],[10.67462,59.85407],[10.67459,59.85421],[10.67474,59.85425]]]},"properties":{"a":166,"v":-225,"dh":1.35,"pl":1,"pn":"OKSVALVEIEN","pd":"1985-11-29","c":309}},{"type":"Feature","geometry":{"type":"Polygon","coordinates":[[[10.65234,59.8545],[10.65241,59.85448],[10.6524,59.85445],[10.6526,59.85428],[10.6525,59.85434],[10.65248,59.85429],[10.65241,59.85428],[10.65234,59.8545]]]},"properties":{"a":136,"v":-179,"dh":1.32,"pl":2,"pn":"Flaskebekk og Sjøstrand","pd":"2021-12-15","fo":1,"c":305}},{"type":"Feature","geometry":{"type":"Polygon","coordinates":[[[10.65583,59.85456],[10.6559,59.85451],[10.65588,59.85441],[10.6557,59.8544],[10.65567,59.8545],[10.65583,59.85456]]]},"properties":{"a":174,"v":-241,"dh":1.39,"pl":1,"pn":"JØRGEN BERNERS VEI","pd":"2011-09-01","c":315}},{"type":"Feature","geometry":{"type":"Polygon","coordinates":[[[10.65704,59.85481],[10.65728,59.85466],[10.65709,59.85434],[10.65662,59.85434],[10.65648,59.85441],[10.65659,59.85448],[10.65681,59.85447],[10.65683,59.85455],[10.65696,59.85463],[10.6571,59.85462],[10.65712,59.85469],[10.65697,59.8548],[10.65704,59.85481]],[[10.65679,59.85441],[10.65673,59.85437],[10.65686,59.85437],[10.65679,59.85441]],[[10.65698,59.85437],[10.657,59.85435],[10.657,59.85437],[10.65698,59.85437]]]},"properties":{"a":940,"v":1143,"dh":1.22,"pl":1,"pn":"JØRGEN BERNERS VEI","pd":"2011-09-01","c":315}},{"type":"Feature","geometry":{"type":"Polygon","coordinates":[[[10.6567,59.85479],[10.65691,59.85471],[10.65689,59.85463],[10.65673,59.85467],[10.65655,59.85464],[10.65645,59.85451],[10.65661,59.85455],[10.65661,59.85449],[10.65641,59.85448],[10.65629,59.85441],[10.65614,59.85441],[10.65602,59.85447],[10.65629,59.85452],[10.6563,59.85462],[10.65637,59.85469],[10.6567,59.85479]]]},"properties":{"a":731,"v":-1067,"dh":1.46,"pl":1,"pn":"JØRGEN BERNERS VEI","pd":"2011-09-01","fo":1,"c":315}},{"type":"Feature","geometry":{"type":"Polygon","coordinates":[[[10.65536,59.85477],[10.6558,59.85476],[10.65582,59.85469],[10.65562,59.85464],[10.6556,59.85461],[10.65572,59.85455],[10.65554,59.85448],[10.65531,59.8545],[10.65536,59.85477]],[[10.65562,59.85457],[10.65553,59.85456],[10.65553,59.85455],[10.6556,59.85455],[10.65562,59.85457]]]},"properties":{"a":640,"v":750,"dh":1.17,"pl":1,"pn":"JØRGEN BERNERS VEI","pd":"2011-09-01","fo":1,"c":315}},{"type":"Feature","geometry":{"type":"Polygon","coordinates":[[[10.65697,59.85489],[10.65733,59.85493],[10.65743,59.85486],[10.65722,59.85483],[10.65697,59.85489]]]},"properties":{"a":172,"v":-197,"dh":1.15,"pl":1,"pn":"JØRGEN BERNERS VEI","pd":"2011-09-01","fo":1,"c":315}},{"type":"Feature","geometry":{"type":"Polygon","coordinates":[[[10.6563,59.8551],[10.65641,59.85508],[10.65658,59.85496],[10.65627,59.8549],[10.65622,59.85494],[10.6563,59.8551]]]},"properties":{"a":265,"v":-449,"dh":1.7,"pl":1,"pn":"JØRGEN BERNERS VEI","pd":"2011-09-01","c":315}},{"type":"Feature","geometry":{"type":"Polygon","coordinates":[[[10.65679,59.85525],[10.65682,59.85508],[10.65685,59.85507],[10.65683,59.855],[10.6569,59.85494],[10.65681,59.85495],[10.65682,59.855],[10.65669,59.85507],[10.6567,59.85519],[10.65679,59.85525]]]},"properties":{"a":184,"v":-368,"dh":2.0,"pl":1,"pn":"JØRGEN BERNERS VEI","pd":"2011-09-01","c":315}},{"type":"Feature","geometry":{"type":"Polygon","coordinates":[[[10.65624,59.85538],[10.65667,59.85536],[10.65658,59.85534],[10.65663,59.85518],[10.65651,59.85523],[10.65631,59.85522],[10.6564,59.85517],[10.65638,59.85513],[10.65627,59.85516],[10.65624,59.85538]]]},"properties":{"a":437,"v":775,"dh":1.77,"pl":1,"pn":"JØRGEN BERNERS VEI","pd":"2011-09-01","c":315}},{"type":"Feature","geometry":{"type":"Polygon","coordinates":[[[10.65733,59.85559],[10.65752,59.85545],[10.65752,59.85552],[10.65775,59.85549],[10.6577,59.85525],[10.65778,59.85531],[10.65793,59.85513],[10.65835,59.85504],[10.65837,59.85498],[10.65812,59.85495],[10.65769,59.85506],[10.65756,59.85495],[10.65747,59.85498],[10.65735,59.85494],[10.65712,59.8551],[10.65714,59.85516],[10.65704,59.85527],[10.65708,59.85533],[10.65723,59.85536],[10.65718,59.85543],[10.65721,59.85548],[10.65727,59.85543],[10.65735,59.85544],[10.65736,59.85549],[10.65723,59.85554],[10.65724,59.85559],[10.65733,59.85559]],[[10.6576,59.85534],[10.65765,59.85533],[10.65764,59.85541],[10.6576,59.85542],[10.6576,59.85534]],[[10.65787,59.85511],[10.65789,59.85509],[10.65789,59.85511],[10.65787,59.85511]]]},"properties":{"a":2410,"v":3652,"dh":1.52,"pl":1,"pn":"JØRGEN BERNERS VEI","pd":"2011-09-01","c":315}},{"type":"Feature","geometry":{"type":"Polygon","coordinates":[[[10.67457,59.85437],[10.67465,59.85432],[10.67452,59.8542],[10.67445,59.85429],[10.67435,59.85424],[10.67428,59.85436],[10.67457,59.85437]]]},"properties":{"a":225,"v":263,"dh":1.17,"pl":1,"pn":"OKSVALVEIEN","pd":"1985-11-29","c":309}},{"type":"Feature","geometry":{"type":"Polygon","coordinates":[[[10.6699,59.85456],[10.66987,59.85434],[10.66973,59.85439],[10.66963,59.8545],[10.66963,59.85455],[10.6699,59.85456]]]},"properties":{"a":284,"v":-504,"dh":1.77,"pl":1,"pn":"OKSVAL II REV.","pd":"1981-10-14","c":316}},{"type":"Feature","geometry":{"type":"Polygon","coordinates":[[[10.67471,59.85506],[10.67492,59.85504],[10.67494,59.85496],[10.67483,59.85492],[10.67472,59.85498],[10.67471,59.85506]]]},"properties":{"a":151,"v":-222,"dh":1.47,"pl":1,"pn":"OKSVALVEIEN","pd":"1985-11-29","c":309}},{"type":"Feature","geometry":{"type":"Polygon","coordinates":[[[10.65968,59.85551],[10.65985,59.8553],[10.65985,59.85527],[10.65965,59.85525],[10.65969,59.85534],[10.65961,59.85549],[10.65968,59.85551]]]},"properties":{"a":189,"v":-208,"dh":1.1,"pl":1,"pn":"SKOGEN III","pd":"1989-04-13","c":317}},{"type":"Feature","geometry":{"type":"Polygon","coordinates":[[[10.66092,59.85611],[10.66111,59.85601],[10.66129,59.85603],[10.66147,59.85597],[10.66154,59.85591],[10.66154,59.85586],[10.66096,59.85542],[10.66029,59.85559],[10.66035,59.85572],[10.6603,59.85583],[10.66038,59.85592],[10.66078,59.8561],[10.66092,59.85611]]]},"properties":{"a":3433,"v":9871,"dh":2.88,"pl":1,"pn":"TANGEN SENTER","pd":"2008-05-29","c":318}},{"type":"Feature","geometry":{"type":"Polygon","coordinates":[[[10.67294,59.8558],[10.67303,59.85575],[10.67301,59.8557],[10.67292,59.85564],[10.67281,59.85565],[10.67278,59.85577],[10.67294,59.8558]]]},"properties":{"a":169,"v":-232,"dh":1.37,"pl":1,"pn":"OKSVALVEIEN","pd":"1985-11-29","c":309}},{"type":"Feature","geometry":{"type":"Polygon","coordinates":[[[10.65956,59.85627],[10.65957,59.85616],[10.65969,59.85606],[10.65965,59.85602],[10.65958,59.85602],[10.65948,59.85614],[10.65948,59.8562],[10.65941,59.85623],[10.65956,59.85627]]]},"properties":{"a":185,"v":-183,"dh":0.99,"pl":1,"pn":"SKOGEN III","pd":"1989-04-13","sh":1,"c":319}},{"type":"Feature","geometry":{"type":"Polygon","coordinates":[[[10.67211,59.85623],[10.6723,59.85622],[10.67228,59.85616],[10.67212,59.85616],[10.67211,59.85623]]]},"properties":{"a":104,"v":124,"dh":1.19,"pl":1,"pn":"OKSVALVEIEN","pd":"1985-11-29","c":309}},{"type":"Feature","geometry":{"type":"Polygon","coordinates":[[[10.67381,59.85632],[10.67393,59.85626],[10.67352,59.85626],[10.67361,59.85631],[10.67381,59.85632]]]},"properties":{"a":135,"v":-208,"dh":1.54,"pl":1,"pn":"OKSVALVEIEN","pd":"1985-11-29","c":309}},{"type":"Feature","geometry":{"type":"Polygon","coordinates":[[[10.65894,59.85671],[10.659,59.85663],[10.65879,59.85657],[10.65868,59.85661],[10.65881,59.85669],[10.65894,59.85671]]]},"properties":{"a":157,"v":154,"dh":0.98,"pl":1,"pn":"SKOGEN III","pd":"1989-04-13","sh":1,"c":319}},{"type":"Feature","geometry":{"type":"Polygon","coordinates":[[[10.65412,59.85571],[10.65453,59.85572],[10.65463,59.85563],[10.65459,59.85555],[10.65464,59.8555],[10.65419,59.85538],[10.65412,59.85532],[10.65397,59.85532],[10.65392,59.85539],[10.65418,59.85541],[10.65425,59.85548],[10.65425,59.85554],[10.65411,59.85548],[10.65382,59.85551],[10.65397,59.85563],[10.6541,59.85566],[10.65412,59.85571]],[[10.65442,59.85568],[10.65446,59.85566],[10.65446,59.85568],[10.65442,59.85568]],[[10.65454,59.85562],[10.65438,59.85563],[10.65436,59.85561],[10.65454,59.85562]],[[10.65426,59.85563],[10.65429,59.85561],[10.65429,59.85563],[10.65426,59.85563]],[[10.65402,59.85555],[10.65407,59.85554],[10.65408,59.85555],[10.65402,59.85555]]]},"properties":{"a":1112,"v":1747,"dh":1.57,"pl":2,"pn":"Flaskebekk og Sjøstrand","pd":"2021-12-15","fo":1,"c":305}},{"type":"Feature","geometry":{"type":"Polygon","coordinates":[[[10.65632,59.8558],[10.65642,59.85567],[10.65638,59.8556],[10.65643,59.85554],[10.65634,59.85545],[10.65621,59.85548],[10.65627,59.85558],[10.65611,59.85561],[10.65612,59.85574],[10.65632,59.8558]]]},"properties":{"a":416,"v":677,"dh":1.63,"pl":1,"pn":"JØRGEN BERNERS VEI","pd":"2011-09-01","c":315}},{"type":"Feature","geometry":{"type":"Polygon","coordinates":[[[10.65697,59.85591],[10.65711,59.85589],[10.65726,59.85569],[10.65692,59.85577],[10.65682,59.85587],[10.65693,59.85586],[10.65697,59.85591]]]},"properties":{"a":284,"v":-359,"dh":1.26,"pl":1,"pn":"JØRGEN BERNERS VEI","pd":"2011-09-01","fo":1,"c":315}},{"type":"Feature","geometry":{"type":"Polygon","coordinates":[[[10.65709,59.8569],[10.65714,59.85683],[10.65689,59.85679],[10.65689,59.85683],[10.65709,59.8569]]]},"properties":{"a":118,"v":-141,"dh":1.2,"pl":1,"pn":"BAES VEI,FLASKEBEKK","pd":"1988-07-22","fo":1,"c":320}},{"type":"Feature","geometry":{"type":"Polygon","coordinates":[[[10.65706,59.85768],[10.65718,59.85761],[10.65717,59.8575],[10.65712,59.85744],[10.65699,59.85739],[10.65683,59.85741],[10.65679,59.85739],[10.65682,59.85734],[10.65672,59.85738],[10.65685,59.85744],[10.65682,59.85756],[10.65691,59.85766],[10.65706,59.85768]]]},"properties":{"a":519,"v":-940,"dh":1.81,"pl":1,"pn":"BAES VEI,FLASKEBEKK","pd":"1988-07-22","fo":1,"c":320}},{"type":"Feature","geometry":{"type":"Polygon","coordinates":[[[10.65745,59.86092],[10.65761,59.86091],[10.65757,59.86081],[10.65744,59.86082],[10.65745,59.86092]]]},"properties":{"a":111,"v":170,"dh":1.53,"pl":1,"pn":"UTSIKTSVEIEN-EDVARD JACOBSENS VEI","pd":"1982-07-14","c":321}},{"type":"Feature","geometry":{"type":"Polygon","coordinates":[[[10.65749,59.86214],[10.65751,59.86208],[10.65759,59.86206],[10.65731,59.862],[10.65749,59.86214]]]},"properties":{"a":101,"v":-92,"dh":0.91,"pl":1,"pn":"UTSIKTSVEIEN-EDVARD JACOBSENS VEI","pd":"1982-07-14","sh":1,"c":321}},{"type":"Feature","geometry":{"type":"Polygon","coordinates":[[[10.65876,59.86282],[10.65876,59.86278],[10.6587,59.8628],[10.65877,59.86275],[10.65875,59.86269],[10.65866,59.86266],[10.65861,59.8627],[10.65867,59.86282],[10.65876,59.86282]]]},"properties":{"a":108,"v":-118,"dh":1.1,"pl":1,"pn":"UTSIKTSVEIEN-EDVARD JACOBSENS VEI","pd":"1982-07-14","c":321}},{"type":"Feature","geometry":{"type":"Polygon","coordinates":[[[10.65617,59.86321],[10.65635,59.86317],[10.65643,59.8631],[10.65636,59.86307],[10.65608,59.86318],[10.65617,59.86321]]]},"properties":{"a":139,"v":184,"dh":1.32,"pl":1,"pn":"UTSIKTSVEIEN-EDVARD JACOBSENS VEI","pd":"1982-07-14","c":321}},{"type":"Feature","geometry":{"type":"Polygon","coordinates":[[[10.65657,59.86375],[10.65648,59.86368],[10.65644,59.86358],[10.65646,59.86339],[10.65653,59.86332],[10.65648,59.8633],[10.65649,59.86314],[10.65654,59.86311],[10.6565,59.86309],[10.65628,59.86324],[10.65623,59.86332],[10.65636,59.86335],[10.65632,59.86341],[10.65625,59.86341],[10.65629,59.86347],[10.6564,59.8635],[10.65636,59.86352],[10.65639,59.86366],[10.65657,59.86375]]]},"properties":{"a":495,"v":-857,"dh":1.73,"pl":1,"pn":"UTSIKTSVEIEN-EDVARD JACOBSENS VEI","pd":"1982-07-14","c":321}},{"type":"Feature","geometry":{"type":"Polygon","coordinates":[[[10.66697,59.86142],[10.66707,59.8613],[10.66663,59.86136],[10.6667,59.86139],[10.66697,59.86142]]]},"properties":{"a":176,"v":-202,"dh":1.15,"pl":1,"pn":"GRANHOLT-TOPPEN","pd":"1976-02-26","c":298}},{"type":"Feature","geometry":{"type":"Polygon","coordinates":[[[10.66925,59.86198],[10.6693,59.86189],[10.66928,59.86182],[10.66896,59.86182],[10.66894,59.86186],[10.66903,59.86185],[10.66898,59.86196],[10.66925,59.86198]]]},"properties":{"a":276,"v":-336,"dh":1.22,"pl":1,"pn":"GRANHOLT-TOPPEN","pd":"1976-02-26","c":298}},{"type":"Feature","geometry":{"type":"Polygon","coordinates":[[[10.66592,59.8629],[10.66592,59.86284],[10.66585,59.86278],[10.66559,59.86274],[10.66553,59.86281],[10.66555,59.8629],[10.66585,59.86283],[10.66587,59.86289],[10.66592,59.8629]]]},"properties":{"a":223,"v":-415,"dh":1.86,"pl":1,"pn":"NORDRE DEL AV TOPPEN","pd":"1991-09-19","c":322}},{"type":"Feature","geometry":{"type":"Polygon","coordinates":[[[10.66754,59.86337],[10.66795,59.86317],[10.66792,59.86313],[10.66802,59.86303],[10.6678,59.86292],[10.66763,59.86304],[10.66754,59.86304],[10.66758,59.86311],[10.66772,59.86311],[10.66781,59.86318],[10.66769,59.86327],[10.66746,59.86333],[10.66754,59.86337]]]},"properties":{"a":546,"v":945,"dh":1.73,"pl":1,"pn":"NORDRE DEL AV TOPPEN","pd":"1991-09-19","c":322}},{"type":"Feature","geometry":{"type":"Polygon","coordinates":[[[10.66322,59.86356],[10.66329,59.86352],[10.66334,59.86341],[10.66308,59.86348],[10.66308,59.86353],[10.66322,59.86356]]]},"properties":{"a":160,"v":218,"dh":1.37,"pl":0,"c":323}},{"type":"Feature","geometry":{"type":"Polygon","coordinates":[[[10.66117,59.86402],[10.66117,59.86397],[10.66134,59.8638],[10.66095,59.86374],[10.66089,59.864],[10.66099,59.86394],[10.66117,59.86402]],[[10.66104,59.8639],[10.66108,59.86388],[10.66108,59.8639],[10.66104,59.8639]]]},"properties":{"a":492,"v":-975,"dh":1.98,"pl":0,"c":324}},{"type":"Feature","geometry":{"type":"MultiPolygon","coordinates":[[[[10.6608,59.8641],[10.66079,59.86411],[10.6608,59.86411],[10.6608,59.8641]]],[[[10.66082,59.86413],[10.66085,59.86423],[10.66088,59.86423],[10.66107,59.86416],[10.66114,59.86409],[10.66103,59.86407],[10.66082,59.86413]]]]},"properties":{"a":167,"v":-260,"dh":1.56,"pl":0,"c":324}},{"type":"Feature","geometry":{"type":"Polygon","coordinates":[[[10.66119,59.86432],[10.66127,59.86418],[10.66122,59.86411],[10.66094,59.86427],[10.66119,59.86432]]]},"properties":{"a":249,"v":396,"dh":1.59,"pl":0,"c":324}},{"type":"Feature","geometry":{"type":"Polygon","coordinates":[[[10.66334,59.86491],[10.66354,59.86488],[10.66355,59.86482],[10.6635,59.86478],[10.66338,59.86481],[10.66334,59.86491]]]},"properties":{"a":120,"v":123,"dh":1.03,"pl":0,"c":325}},{"type":"Feature","geometry":{"type":"Polygon","coordinates":[[[10.65524,59.86359],[10.65529,59.86354],[10.65523,59.86335],[10.65515,59.86356],[10.65524,59.86359]]]},"properties":{"a":126,"v":126,"dh":1.0,"pl":2,"pn":"Flaskebekk og Sjøstrand","pd":"2021-12-15","sh":1,"c":326}},{"type":"Feature","geometry":{"type":"Polygon","coordinates":[[[10.65571,59.86375],[10.65569,59.86365],[10.65576,59.86359],[10.65575,59.86338],[10.65566,59.86365],[10.65566,59.86375],[10.65571,59.86375]]]},"properties":{"a":101,"v":235,"dh":2.32,"pl":2,"pn":"Områdeplan for Tangen sentrum","pd":"2024-06-19","sl":1,"c":327}},{"type":"Feature","geometry":{"type":"Polygon","coordinates":[[[10.65616,59.8638],[10.6562,59.86377],[10.65625,59.86379],[10.65638,59.86377],[10.65623,59.86361],[10.65615,59.86359],[10.65608,59.86363],[10.65612,59.86372],[10.65602,59.86373],[10.656,59.86377],[10.65616,59.8638]],[[10.65629,59.86378],[10.65632,59.86375],[10.65632,59.86378],[10.65629,59.86378]]]},"properties":{"a":255,"v":329,"dh":1.29,"pl":1,"pn":"UTSIKTSVEIEN-EDVARD JACOBSENS VEI","pd":"1982-07-14","c":321}},{"type":"Feature","geometry":{"type":"Polygon","coordinates":[[[10.65581,59.86568],[10.6557,59.86553],[10.65569,59.86545],[10.6556,59.86547],[10.65559,59.86565],[10.65581,59.86568]]]},"properties":{"a":171,"v":-201,"dh":1.18,"pl":1,"pn":"Nesoddtangen","pd":"2015-10-22","c":328}},{"type":"Feature","geometry":{"type":"Polygon","coordinates":[[[10.65856,59.86774],[10.65893,59.86773],[10.65901,59.86761],[10.65885,59.86762],[10.65856,59.86774]]]},"properties":{"a":213,"v":361,"dh":1.7,"pl":1,"pn":"Nesoddtangen","pd":"2015-10-22","c":329}},{"type":"Feature","geometry":{"type":"Polygon","coordinates":[[[10.657,59.86803],[10.65705,59.86795],[10.65697,59.86789],[10.65675,59.86797],[10.65675,59.86802],[10.65682,59.86804],[10.657,59.86803]]]},"properties":{"a":198,"v":-352,"dh":1.78,"pl":1,"pn":"Nesoddtangen","pd":"2015-10-22","c":329}},{"type":"Feature","geometry":{"type":"Polygon","coordinates":[[[10.65839,59.86832],[10.65854,59.86821],[10.65858,59.86813],[10.65842,59.86814],[10.65844,59.86819],[10.65833,59.86831],[10.65839,59.86832]]]},"properties":{"a":113,"v":-112,"dh":0.99,"pl":1,"pn":"Nesoddtangen","pd":"2015-10-22","sh":1,"c":329}},{"type":"Feature","geometry":{"type":"Polygon","coordinates":[[[10.66441,59.8651],[10.66444,59.865],[10.66426,59.865],[10.66428,59.86509],[10.66441,59.8651]]]},"properties":{"a":115,"v":147,"dh":1.28,"pl":0,"c":325}},{"type":"Feature","geometry":{"type":"MultiPolygon","coordinates":[[[[10.66144,59.86546],[10.66173,59.86544],[10.66177,59.86552],[10.66185,59.86547],[10.66181,59.86539],[10.66156,59.86535],[10.66149,59.86536],[10.66144,59.86546]]],[[[10.66143,59.86547],[10.66144,59.86546],[10.66143,59.86546],[10.66143,59.86547]]],[[[10.66143,59.86547],[10.66141,59.86548],[10.66143,59.86548],[10.66143,59.86547]]],[[[10.66139,59.86549],[10.66141,59.86548],[10.66139,59.86548],[10.66139,59.86549]]]]},"properties":{"a":242,"v":326,"dh":1.35,"pl":1,"pn":"Nesoddtangen","pd":"2015-10-22","c":330}},{"type":"Feature","geometry":{"type":"Polygon","coordinates":[[[10.66409,59.8656],[10.66407,59.86557],[10.66418,59.86553],[10.66418,59.86547],[10.66407,59.86547],[10.66398,59.86554],[10.66402,59.8656],[10.66409,59.8656]]]},"properties":{"a":108,"v":215,"dh":1.99,"pl":0,"c":325}},{"type":"Feature","geometry":{"type":"Polygon","coordinates":[[[10.66423,59.86574],[10.66427,59.86563],[10.66406,59.86562],[10.66406,59.86571],[10.66423,59.86574]]]},"properties":{"a":141,"v":-205,"dh":1.46,"pl":0,"c":325}},{"type":"Feature","geometry":{"type":"Polygon","coordinates":[[[10.6628,59.86679],[10.66302,59.86655],[10.66276,59.86645],[10.66255,59.86646],[10.66234,59.86669],[10.66235,59.86674],[10.66243,59.86669],[10.66252,59.86672],[10.66261,59.86662],[10.66263,59.86677],[10.6628,59.86679]]]},"properties":{"a":833,"v":-1667,"dh":2.0,"pl":1,"pn":"LAGVEIEN Gnr/Bnr 4/63, 95, 105,146","pd":"2012-11-01","fo":1,"c":331}},{"type":"Feature","geometry":{"type":"Polygon","coordinates":[[[10.66161,59.86771],[10.6618,59.86763],[10.66204,59.86736],[10.66224,59.8674],[10.66243,59.86735],[10.66248,59.8673],[10.66248,59.86722],[10.66257,59.86722],[10.66256,59.86715],[10.66267,59.86705],[10.66264,59.86698],[10.66254,59.86699],[10.66257,59.86689],[10.66248,59.86687],[10.6626,59.86681],[10.6626,59.86673],[10.66244,59.86681],[10.66244,59.86685],[10.66239,59.86684],[10.66238,59.86678],[10.66223,59.86684],[10.66209,59.86706],[10.66212,59.86712],[10.66206,59.86712],[10.66188,59.86734],[10.66175,59.86736],[10.66154,59.86749],[10.66151,59.86756],[10.66155,59.86759],[10.66171,59.86752],[10.66161,59.86771]],[[10.66176,59.86746],[10.66179,59.86744],[10.66183,59.86744],[10.66179,59.86749],[10.66176,59.86746]],[[10.66242,59.86688],[10.66244,59.86687],[10.66244,59.86688],[10.66242,59.86688]]]},"properties":{"a":2201,"v":4360,"dh":1.98,"pl":1,"pn":"LAGVEIEN Gnr/Bnr 4/63, 95, 105,146","pd":"2012-11-01","c":331}},{"type":"Feature","geometry":{"type":"Polygon","coordinates":[[[10.66114,59.86878],[10.66125,59.86865],[10.66132,59.86836],[10.66125,59.86838],[10.66122,59.86853],[10.6611,59.86866],[10.66109,59.86878],[10.66114,59.86878]]]},"properties":{"a":228,"v":212,"dh":0.93,"pl":1,"pn":"LAGVEIEN Gnr/Bnr 4/63, 95, 105,146","pd":"2012-11-01","sh":1,"c":332}},{"type":"Feature","geometry":{"type":"Polygon","coordinates":[[[10.66081,59.86957],[10.66095,59.86956],[10.66095,59.86946],[10.66079,59.86946],[10.66081,59.86957]]]},"properties":{"a":123,"v":137,"dh":1.11,"pl":0,"c":333}}]}