{"type":"FeatureCollection","features":[{"type":"Feature","geometry":{"type":"MultiPolygon","coordinates":[[[[10.35664,60.21855],[10.35662,60.21856],[10.35664,60.21856],[10.35664,60.21855]]],[[[10.3566,60.21856],[10.35648,60.21851],[10.35621,60.21856],[10.35607,60.21863],[10.35657,60.2186],[10.3567,60.21869],[10.35681,60.2187],[10.35758,60.21854],[10.35765,60.21859],[10.35764,60.21865],[10.35753,60.21873],[10.35753,60.21881],[10.35743,60.21887],[10.35752,60.219],[10.35765,60.21902],[10.35857,60.21858],[10.35891,60.21853],[10.35902,60.21845],[10.35884,60.21848],[10.35885,60.21833],[10.35838,60.21819],[10.35807,60.21823],[10.35754,60.21852],[10.35731,60.21849],[10.35725,60.21841],[10.35712,60.21838],[10.35674,60.21844],[10.35675,60.21849],[10.35662,60.2185],[10.35666,60.21855],[10.3566,60.21856]]]]},"properties":{"a":5154,"v":-21817,"dh":4.23,"pl":2,"pn":"E16 Eggemoen - Olum","pd":"2024-06-11","c":0}},{"type":"Feature","geometry":{"type":"Polygon","coordinates":[[[10.35717,60.21874],[10.35749,60.21866],[10.35758,60.21857],[10.35743,60.21857],[10.35701,60.2187],[10.35717,60.21874]]]},"properties":{"a":237,"v":225,"dh":0.95,"pl":2,"pn":"E16 Eggemoen - Olum","pd":"2024-06-11","sh":1,"c":0}},{"type":"Feature","geometry":{"type":"Polygon","coordinates":[[[10.35555,60.21879],[10.35571,60.21878],[10.35567,60.21874],[10.35576,60.21871],[10.35572,60.21865],[10.35595,60.21855],[10.35576,60.21856],[10.35545,60.2187],[10.35555,60.21879]]]},"properties":{"a":275,"v":274,"dh":1.0,"pl":2,"pn":"E16 Eggemoen - Olum","pd":"2024-06-11","sh":1,"c":0}},{"type":"Feature","geometry":{"type":"Polygon","coordinates":[[[10.3563,60.21903],[10.35653,60.219],[10.35671,60.2189],[10.35674,60.21873],[10.35655,60.21865],[10.3558,60.21872],[10.35584,60.21882],[10.35615,60.21893],[10.35606,60.21899],[10.3563,60.21903]]]},"properties":{"a":1525,"v":3627,"dh":2.38,"pl":2,"pn":"E16 Eggemoen - Olum","pd":"2024-06-11","fo":1,"c":0}},{"type":"Feature","geometry":{"type":"Polygon","coordinates":[[[10.35682,60.21907],[10.35691,60.21904],[10.35713,60.21905],[10.35727,60.219],[10.35716,60.21896],[10.35723,60.21891],[10.35723,60.21885],[10.35709,60.21886],[10.3568,60.21896],[10.35679,60.21902],[10.35671,60.21905],[10.35682,60.21907]]]},"properties":{"a":412,"v":413,"dh":1.0,"pl":2,"pn":"E16 Eggemoen - Olum","pd":"2024-06-11","fo":1,"c":0}},{"type":"Feature","geometry":{"type":"MultiPolygon","coordinates":[[[[10.35584,60.21924],[10.35602,60.21919],[10.35599,60.21908],[10.35587,60.21907],[10.35604,60.21894],[10.3559,60.21893],[10.35564,60.21882],[10.35454,60.21882],[10.35411,60.21892],[10.35303,60.21947],[10.35259,60.21964],[10.35351,60.21963],[10.3537,60.21954],[10.35501,60.21936],[10.35578,60.21911],[10.35583,60.21912],[10.3558,60.21913],[10.35582,60.2192],[10.35571,60.21924],[10.35584,60.21924]],[[10.35584,60.21921],[10.35582,60.21923],[10.35582,60.21921],[10.35584,60.21921]]],[[[10.35257,60.21965],[10.35259,60.21964],[10.35257,60.21964],[10.35257,60.21965]]]]},"properties":{"a":8292,"v":-43313,"dh":5.22,"pl":2,"pn":"E16 Eggemoen - Olum","pd":"2024-06-11","c":0}},{"type":"Feature","geometry":{"type":"MultiPolygon","coordinates":[[[[10.35566,60.21923],[10.35541,60.21929],[10.35539,60.21936],[10.35556,60.21939],[10.35559,60.21932],[10.35566,60.2193],[10.35562,60.21927],[10.35566,60.21923]],[[10.35561,60.2193],[10.35559,60.21931],[10.35559,60.2193],[10.35561,60.2193]]],[[[10.35552,60.2194],[10.35554,60.21939],[10.35552,60.21939],[10.35552,60.2194]]]]},"properties":{"a":142,"v":-115,"dh":0.81,"pl":2,"pn":"E16 Eggemoen - Olum","pd":"2024-06-11","sh":1,"c":0}},{"type":"Feature","geometry":{"type":"Polygon","coordinates":[[[10.35765,60.22382],[10.35785,60.22383],[10.35788,60.22376],[10.35785,60.22374],[10.3579,60.2237],[10.35779,60.22372],[10.35784,60.22357],[10.35777,60.22355],[10.3578,60.22349],[10.35774,60.22346],[10.35776,60.2234],[10.3577,60.22332],[10.3579,60.22339],[10.35796,60.22333],[10.35781,60.22326],[10.35804,60.22326],[10.35804,60.22322],[10.35777,60.22316],[10.35726,60.22319],[10.35714,60.2233],[10.35715,60.22338],[10.35704,60.2234],[10.35733,60.22358],[10.35738,60.22369],[10.35763,60.22365],[10.35765,60.22367],[10.35756,60.22375],[10.35767,60.22375],[10.35765,60.22382]],[[10.35773,60.22355],[10.35775,60.22355],[10.35775,60.22355],[10.35773,60.22355]]]},"properties":{"a":2185,"v":5155,"dh":2.36,"pl":1,"pn":"Bergermoen Park, Felt 5B","pd":"2019-03-28","c":1}},{"type":"Feature","geometry":{"type":"MultiPolygon","coordinates":[[[[10.35807,60.22387],[10.35821,60.22389],[10.3581,60.22382],[10.35812,60.22375],[10.35806,60.22367],[10.35793,60.22369],[10.35791,60.22384],[10.3576,60.22388],[10.35776,60.2239],[10.35769,60.22397],[10.35784,60.22405],[10.35811,60.22401],[10.358,60.22396],[10.358,60.22392],[10.35796,60.22392],[10.35807,60.22387]],[[10.35778,60.22397],[10.35782,60.22398],[10.35778,60.22398],[10.35778,60.22397]]],[[[10.35805,60.2239],[10.35802,60.22392],[10.35805,60.22392],[10.35805,60.2239]]],[[[10.35805,60.22395],[10.35802,60.22396],[10.35805,60.22396],[10.35805,60.22395]]]]},"properties":{"a":574,"v":-534,"dh":0.93,"pl":1,"pn":"Bergermoen Park, Felt 5B","pd":"2019-03-28","fo":1,"c":1}},{"type":"Feature","geometry":{"type":"MultiPolygon","coordinates":[[[[10.3442,60.22336],[10.34424,60.22333],[10.3442,60.22333],[10.3442,60.22336]]],[[[10.34417,60.22339],[10.34428,60.22346],[10.34424,60.22353],[10.34437,60.22355],[10.34438,60.22339],[10.34462,60.22339],[10.3447,60.22326],[10.34449,60.22326],[10.34431,60.22338],[10.34417,60.22339]],[[10.3444,60.22335],[10.34442,60.22337],[10.3444,60.22337],[10.3444,60.22335]],[[10.3444,60.22334],[10.34443,60.22332],[10.34444,60.22334],[10.3444,60.22334]]]]},"properties":{"a":368,"v":337,"dh":0.92,"pl":1,"pn":"Bergermoen del 1","pd":"1984-03-30","sh":1,"c":2}},{"type":"Feature","geometry":{"type":"Polygon","coordinates":[[[10.34158,60.22415],[10.34158,60.22411],[10.34174,60.22412],[10.3417,60.22409],[10.34179,60.22406],[10.3421,60.22403],[10.34199,60.22398],[10.34149,60.22412],[10.34158,60.22415]]]},"properties":{"a":161,"v":-278,"dh":1.73,"pl":1,"pn":"Bergermoen del 1","pd":"1984-03-30","c":11}},{"type":"Feature","geometry":{"type":"Polygon","coordinates":[[[10.34249,60.22437],[10.34251,60.2243],[10.3426,60.22431],[10.34254,60.22428],[10.34261,60.22426],[10.34257,60.22419],[10.34243,60.22413],[10.34247,60.22428],[10.34242,60.2243],[10.34241,60.22419],[10.34232,60.22416],[10.3423,60.22408],[10.34213,60.22401],[10.34205,60.22407],[10.34223,60.22422],[10.34227,60.22435],[10.34249,60.22437]]]},"properties":{"a":511,"v":943,"dh":1.85,"pl":1,"pn":"Bergermoen del 1","pd":"1984-03-30","c":11}},{"type":"Feature","geometry":{"type":"Polygon","coordinates":[[[10.34046,60.22448],[10.34065,60.22445],[10.34076,60.22446],[10.34094,60.22439],[10.34067,60.22438],[10.34046,60.22448]]]},"properties":{"a":154,"v":155,"dh":1.01,"pl":1,"pn":"Bergermoen del 1","pd":"1984-03-30","c":11}},{"type":"Feature","geometry":{"type":"Polygon","coordinates":[[[10.34021,60.22475],[10.34066,60.22463],[10.34073,60.22459],[10.34073,60.22449],[10.34062,60.22447],[10.3401,60.22463],[10.34012,60.2247],[10.34021,60.22475]]]},"properties":{"a":606,"v":-1544,"dh":2.55,"pl":1,"pn":"Bergermoen del 1","pd":"1984-03-30","c":11}},{"type":"Feature","geometry":{"type":"MultiPolygon","coordinates":[[[[10.34139,60.22431],[10.34137,60.22431],[10.34137,60.22431],[10.34139,60.22431]]],[[[10.3424,60.22438],[10.34242,60.2244],[10.34242,60.22438],[10.3424,60.22438]]],[[[10.34273,60.22444],[10.34233,60.22442],[10.34205,60.22411],[10.34162,60.22417],[10.34164,60.22425],[10.34155,60.22429],[10.34139,60.22433],[10.34119,60.22429],[10.34101,60.22435],[10.34101,60.22441],[10.34098,60.22441],[10.34129,60.22451],[10.34167,60.22455],[10.34185,60.22465],[10.34187,60.22472],[10.342,60.22475],[10.34218,60.22472],[10.34243,60.22454],[10.34239,60.22465],[10.34251,60.22482],[10.34271,60.22496],[10.34301,60.22503],[10.34353,60.22509],[10.34376,60.22504],[10.34393,60.22509],[10.34398,60.22503],[10.34344,60.22495],[10.343,60.22482],[10.34283,60.22469],[10.34273,60.22444]]]]},"properties":{"a":5029,"v":-26766,"dh":5.32,"pl":1,"pn":"Bergermoen del 1","pd":"1984-03-30","c":11}},{"type":"Feature","geometry":{"type":"Polygon","coordinates":[[[10.34119,60.22467],[10.34149,60.22466],[10.34156,60.22461],[10.34119,60.22467]]]},"properties":{"a":100,"v":141,"dh":1.41,"pl":1,"pn":"Bergermoen del 1","pd":"1984-03-30","c":11}},{"type":"Feature","geometry":{"type":"Polygon","coordinates":[[[10.34094,60.22484],[10.34122,60.2247],[10.34115,60.22469],[10.34115,60.22463],[10.34088,60.22458],[10.34073,60.22464],[10.34075,60.2247],[10.34056,60.22476],[10.34061,60.22483],[10.34094,60.22484]]]},"properties":{"a":676,"v":-2261,"dh":3.34,"pl":1,"pn":"Bergermoen del 1","pd":"1984-03-30","c":11}},{"type":"Feature","geometry":{"type":"Polygon","coordinates":[[[10.34115,60.22477],[10.34153,60.22473],[10.34166,60.22468],[10.34135,60.2247],[10.34115,60.22477]]]},"properties":{"a":146,"v":220,"dh":1.51,"pl":1,"pn":"Bergermoen del 1","pd":"1984-03-30","c":11}},{"type":"Feature","geometry":{"type":"Polygon","coordinates":[[[10.34051,60.22484],[10.34054,60.22475],[10.34041,60.22476],[10.34047,60.22483],[10.34039,60.22499],[10.3405,60.22504],[10.34097,60.22503],[10.34125,60.22492],[10.34123,60.22485],[10.34096,60.22488],[10.3409,60.22485],[10.34051,60.22484]],[[10.34051,60.22487],[10.34049,60.22488],[10.34049,60.22487],[10.34051,60.22487]]]},"properties":{"a":863,"v":3012,"dh":3.49,"pl":1,"pn":"Bergermoen del 1","pd":"1984-03-30","c":11}},{"type":"Feature","geometry":{"type":"Polygon","coordinates":[[[10.36785,60.22289],[10.36797,60.22287],[10.36797,60.22282],[10.3681,60.22277],[10.36795,60.22271],[10.36795,60.22263],[10.36804,60.2226],[10.36818,60.22263],[10.36813,60.22266],[10.36813,60.22271],[10.36819,60.22274],[10.36835,60.2227],[10.3684,60.22263],[10.36851,60.22265],[10.3686,60.22272],[10.36846,60.22282],[10.36855,60.22285],[10.36875,60.22281],[10.36872,60.22263],[10.36868,60.22259],[10.3684,60.22261],[10.36832,60.22248],[10.36807,60.22245],[10.36807,60.22251],[10.3678,60.22262],[10.36773,60.22272],[10.36792,60.22283],[10.36779,60.22284],[10.36785,60.22289]],[[10.36818,60.22252],[10.36812,60.2225],[10.36818,60.2225],[10.36818,60.22252]]]},"properties":{"a":1156,"v":1767,"dh":1.53,"pl":1,"pn":"Kistefoss","pd":"2017-06-22","c":3}},{"type":"Feature","geometry":{"type":"Polygon","coordinates":[[[10.36761,60.22291],[10.36772,60.2228],[10.36777,60.2228],[10.36777,60.22276],[10.36757,60.22274],[10.36741,60.22284],[10.36743,60.22289],[10.36761,60.22291]]]},"properties":{"a":235,"v":-334,"dh":1.42,"pl":1,"pn":"Kistefoss","pd":"2017-06-22","fo":1,"c":3}},{"type":"Feature","geometry":{"type":"Polygon","coordinates":[[[10.36838,60.22304],[10.36848,60.22294],[10.36817,60.22283],[10.36805,60.22285],[10.36823,60.22294],[10.36825,60.22303],[10.36838,60.22304]]]},"properties":{"a":286,"v":-613,"dh":2.14,"pl":1,"pn":"Kistefoss","pd":"2017-06-22","fo":1,"c":3}},{"type":"Feature","geometry":{"type":"Polygon","coordinates":[[[10.36871,60.2263],[10.36898,60.22622],[10.369,60.22618],[10.3688,60.22622],[10.36871,60.2263]]]},"properties":{"a":105,"v":-135,"dh":1.28,"pl":0,"c":4}},{"type":"Feature","geometry":{"type":"Polygon","coordinates":[[[10.3733,60.22639],[10.37342,60.22619],[10.3732,60.22616],[10.37308,60.22621],[10.37317,60.22627],[10.37312,60.22634],[10.3733,60.22639]]]},"properties":{"a":301,"v":-458,"dh":1.52,"pl":1,"pn":"Kistefoss","pd":"2017-06-22","c":5}},{"type":"Feature","geometry":{"type":"Polygon","coordinates":[[[10.33983,60.22514],[10.33988,60.22502],[10.33983,60.22498],[10.33978,60.22482],[10.33962,60.22474],[10.33944,60.22485],[10.33945,60.22502],[10.33951,60.22509],[10.3397,60.22509],[10.33983,60.22514]]]},"properties":{"a":743,"v":-1842,"dh":2.48,"pl":1,"pn":"Bergermoen del 1","pd":"1984-03-30","c":11}},{"type":"Feature","geometry":{"type":"Polygon","coordinates":[[[10.34206,60.22525],[10.34204,60.22516],[10.34226,60.22523],[10.3424,60.2252],[10.34214,60.22505],[10.342,60.22504],[10.34198,60.22509],[10.34205,60.22512],[10.34202,60.22513],[10.34196,60.22513],[10.34191,60.22505],[10.34176,60.22506],[10.34176,60.22501],[10.34136,60.22507],[10.34137,60.22512],[10.34144,60.22513],[10.34174,60.22506],[10.34175,60.2251],[10.34193,60.22513],[10.34195,60.22522],[10.34206,60.22525]]]},"properties":{"a":543,"v":-852,"dh":1.57,"pl":1,"pn":"Bergermoen del 1","pd":"1984-03-30","c":11}},{"type":"Feature","geometry":{"type":"Polygon","coordinates":[[[10.33926,60.22537],[10.33979,60.22535],[10.33984,60.22525],[10.33926,60.22537]]]},"properties":{"a":287,"v":-358,"dh":1.25,"pl":1,"pn":"Bergermoen del 1","pd":"1984-03-30","fo":1,"c":11}},{"type":"Feature","geometry":{"type":"Polygon","coordinates":[[[10.3405,60.22554],[10.34064,60.22546],[10.34065,60.22536],[10.34076,60.22538],[10.34085,60.22524],[10.34074,60.2252],[10.34058,60.22526],[10.34046,60.22545],[10.3405,60.22554]]]},"properties":{"a":364,"v":-415,"dh":1.14,"pl":1,"pn":"Bergermoen del 1","pd":"1984-03-30","c":11}},{"type":"Feature","geometry":{"type":"Polygon","coordinates":[[[10.34125,60.22544],[10.34143,60.22541],[10.34145,60.22536],[10.34159,60.2254],[10.34163,60.22533],[10.34125,60.22529],[10.34091,60.22533],[10.34084,60.22538],[10.34125,60.22544]]]},"properties":{"a":429,"v":-885,"dh":2.06,"pl":1,"pn":"Bergermoen del 1","pd":"1984-03-30","c":11}},{"type":"Feature","geometry":{"type":"Polygon","coordinates":[[[10.33934,60.22547],[10.3395,60.2254],[10.3388,60.2254],[10.33889,60.22544],[10.33934,60.22547]]]},"properties":{"a":175,"v":232,"dh":1.32,"pl":1,"pn":"Bergermoen del 1","pd":"1984-03-30","fo":1,"c":11}},{"type":"Feature","geometry":{"type":"Polygon","coordinates":[[[10.34016,60.22563],[10.34018,60.22558],[10.34029,60.22562],[10.34039,60.22555],[10.34046,60.22538],[10.34008,60.22542],[10.3401,60.22554],[10.34005,60.2256],[10.34016,60.22563]]]},"properties":{"a":415,"v":615,"dh":1.48,"pl":1,"pn":"Bergermoen del 1","pd":"1984-03-30","c":11}},{"type":"Feature","geometry":{"type":"Polygon","coordinates":[[[10.33996,60.2257],[10.33996,60.22563],[10.34003,60.22563],[10.34003,60.22544],[10.33963,60.22548],[10.33967,60.22555],[10.33963,60.22557],[10.3398,60.22565],[10.33978,60.22568],[10.33996,60.2257]]]},"properties":{"a":498,"v":-908,"dh":1.82,"pl":1,"pn":"Bergermoen del 1","pd":"1984-03-30","c":11}},{"type":"Feature","geometry":{"type":"Polygon","coordinates":[[[10.34139,60.2257],[10.34161,60.22565],[10.3416,60.22562],[10.3415,60.22561],[10.34124,60.22567],[10.34139,60.2257]]]},"properties":{"a":117,"v":-194,"dh":1.66,"pl":1,"pn":"Bergermoen del 1","pd":"1984-03-30","c":11}},{"type":"Feature","geometry":{"type":"Polygon","coordinates":[[[10.35647,60.22445],[10.35659,60.22432],[10.35675,60.22421],[10.3566,60.22423],[10.35655,60.22432],[10.3565,60.22432],[10.35647,60.22445]],[[10.35652,60.22434],[10.35654,60.22433],[10.35654,60.22434],[10.35652,60.22434]]]},"properties":{"a":109,"v":-90,"dh":0.83,"pl":1,"pn":"Bergermoen Park, Felt 5B","pd":"2019-03-28","sh":1,"c":6}},{"type":"Feature","geometry":{"type":"Polygon","coordinates":[[[10.35616,60.2245],[10.35631,60.2245],[10.35634,60.2244],[10.35623,60.22438],[10.35616,60.22444],[10.35616,60.2245]]]},"properties":{"a":105,"v":-94,"dh":0.89,"pl":1,"pn":"Bergermoen Park, Felt 5B","pd":"2019-03-28","sh":1,"c":6}},{"type":"Feature","geometry":{"type":"Polygon","coordinates":[[[10.35813,60.22488],[10.3583,60.22472],[10.35829,60.22447],[10.3582,60.22452],[10.35821,60.22459],[10.35801,60.2246],[10.35798,60.22466],[10.35803,60.2247],[10.35792,60.22473],[10.35807,60.22479],[10.35809,60.22485],[10.35804,60.22488],[10.35813,60.22488]]]},"properties":{"a":487,"v":-443,"dh":0.91,"pl":1,"pn":"Bergermoen Park, Felt 5B","pd":"2019-03-28","sh":1,"c":6}},{"type":"Feature","geometry":{"type":"Polygon","coordinates":[[[10.35857,60.225],[10.3586,60.22493],[10.35847,60.22484],[10.35851,60.22481],[10.35845,60.22478],[10.35848,60.22471],[10.35843,60.22464],[10.35829,60.2248],[10.35826,60.22492],[10.35857,60.225]],[[10.35844,60.22493],[10.35838,60.2249],[10.35847,60.22489],[10.35844,60.22493]]]},"properties":{"a":368,"v":-327,"dh":0.89,"pl":1,"pn":"Bergermoen Park, Felt 5B","pd":"2019-03-28","sh":1,"c":6}},{"type":"Feature","geometry":{"type":"Polygon","coordinates":[[[10.35716,60.2258],[10.35715,60.22568],[10.35671,60.22518],[10.35691,60.22563],[10.35716,60.2258]]]},"properties":{"a":338,"v":-358,"dh":1.06,"pl":1,"pn":"Bergermoen Park, Felt 5B","pd":"2019-03-28","fo":1,"c":7}},{"type":"Feature","geometry":{"type":"Polygon","coordinates":[[[10.35762,60.22578],[10.35758,60.22564],[10.35765,60.22553],[10.35736,60.22549],[10.35742,60.22564],[10.35762,60.22578]]]},"properties":{"a":277,"v":-320,"dh":1.15,"pl":1,"pn":"Bergermotunet, Del av gnr. 15 bnr. 6","pd":"2011-06-16","c":8}},{"type":"Feature","geometry":{"type":"MultiPolygon","coordinates":[[[[10.35797,60.22551],[10.35799,60.22552],[10.35799,60.22551],[10.35797,60.22551]]],[[[10.35801,60.22553],[10.35799,60.22552],[10.35799,60.22553],[10.35801,60.22553]]],[[[10.35825,60.22571],[10.35824,60.22571],[10.35824,60.22571],[10.35825,60.22571]]],[[[10.35816,60.22562],[10.35803,60.22553],[10.35801,60.22553],[10.35801,60.22555],[10.3581,60.22561],[10.3578,60.22557],[10.35775,60.22567],[10.3578,60.2257],[10.35777,60.22586],[10.35781,60.2259],[10.35776,60.22595],[10.35789,60.22599],[10.35785,60.22593],[10.35794,60.22589],[10.35824,60.22584],[10.35815,60.22578],[10.35815,60.22572],[10.35824,60.22571],[10.35816,60.22562]],[[10.35818,60.22565],[10.35816,60.22567],[10.35814,60.22565],[10.35818,60.22565]]]]},"properties":{"a":800,"v":829,"dh":1.04,"pl":1,"pn":"Bergermotunet, Del av gnr. 15 bnr. 6","pd":"2011-06-16","c":8}},{"type":"Feature","geometry":{"type":"Polygon","coordinates":[[[10.36042,60.22608],[10.36051,60.22606],[10.36059,60.22595],[10.3607,60.22598],[10.36072,60.22591],[10.35987,60.22561],[10.35978,60.22559],[10.35973,60.22564],[10.35975,60.22557],[10.35964,60.22554],[10.35962,60.22561],[10.35955,60.22556],[10.35952,60.22567],[10.35943,60.22574],[10.35941,60.22582],[10.35952,60.22586],[10.36042,60.22608]],[[10.3603,60.22597],[10.36029,60.22598],[10.36029,60.22597],[10.3603,60.22597]],[[10.3603,60.22597],[10.36034,60.22596],[10.36034,60.22597],[10.3603,60.22597]],[[10.35953,60.22566],[10.35955,60.22566],[10.35955,60.22566],[10.35953,60.22566]]]},"properties":{"a":2113,"v":-2522,"dh":1.19,"pl":1,"pn":"Bergermotunet, Del av gnr. 15 bnr. 6","pd":"2011-06-16","c":8}},{"type":"Feature","geometry":{"type":"Polygon","coordinates":[[[10.35954,60.22626],[10.3597,60.22612],[10.35969,60.22601],[10.35918,60.22592],[10.35929,60.22596],[10.35932,60.22613],[10.35938,60.22621],[10.35954,60.22626]]]},"properties":{"a":575,"v":-931,"dh":1.62,"pl":1,"pn":"Bergermotunet, Del av gnr. 15 bnr. 6","pd":"2011-06-16","c":8}},{"type":"Feature","geometry":{"type":"Polygon","coordinates":[[[10.35727,60.22626],[10.35715,60.22613],[10.35715,60.22602],[10.35727,60.22598],[10.35689,60.22584],[10.35697,60.22621],[10.35714,60.22631],[10.35718,60.2264],[10.35733,60.22644],[10.35727,60.22626]],[[10.35727,60.22629],[10.35721,60.22632],[10.35719,60.22627],[10.35727,60.22629]]]},"properties":{"a":703,"v":978,"dh":1.39,"pl":1,"pn":"Bergermoen Park, Felt 5B","pd":"2019-03-28","fo":1,"c":7}},{"type":"Feature","geometry":{"type":"Polygon","coordinates":[[[10.34021,60.22588],[10.3399,60.22578],[10.33988,60.22573],[10.33966,60.22573],[10.33951,60.22564],[10.33938,60.22565],[10.33914,60.2255],[10.33885,60.22548],[10.33886,60.22552],[10.33904,60.22551],[10.33902,60.22555],[10.33915,60.22556],[10.33928,60.22566],[10.33972,60.2258],[10.34021,60.22588]]]},"properties":{"a":444,"v":455,"dh":1.02,"pl":1,"pn":"Bergermoen del 1","pd":"1984-03-30","c":11}},{"type":"Feature","geometry":{"type":"Polygon","coordinates":[[[10.34149,60.22596],[10.34151,60.22588],[10.34161,60.22584],[10.34161,60.22579],[10.3417,60.22577],[10.34172,60.22569],[10.34179,60.22569],[10.34179,60.22566],[10.34166,60.22561],[10.34164,60.22565],[10.3417,60.22569],[10.34148,60.22576],[10.34145,60.22591],[10.34149,60.22596]]]},"properties":{"a":220,"v":-359,"dh":1.63,"pl":1,"pn":"Bergermoen del 1","pd":"1984-03-30","c":11}},{"type":"Feature","geometry":{"type":"Polygon","coordinates":[[[10.33972,60.22587],[10.33975,60.22582],[10.33955,60.22575],[10.33948,60.22579],[10.33956,60.22585],[10.33972,60.22587]]]},"properties":{"a":111,"v":-134,"dh":1.21,"pl":1,"pn":"Bergermoen del 1","pd":"1984-03-30","fo":1,"c":11}},{"type":"Feature","geometry":{"type":"Polygon","coordinates":[[[10.34469,60.22598],[10.3447,60.22577],[10.34448,60.22574],[10.34443,60.22583],[10.34445,60.22592],[10.34469,60.22598]]]},"properties":{"a":327,"v":-683,"dh":2.09,"pl":1,"pn":"Bergermoen del 1","pd":"1984-03-30","c":11}},{"type":"Feature","geometry":{"type":"MultiPolygon","coordinates":[[[[10.33956,60.22603],[10.3392,60.22592],[10.33895,60.22597],[10.33888,60.22607],[10.33956,60.22603]]],[[[10.33956,60.22603],[10.33975,60.22612],[10.33982,60.22612],[10.33976,60.22604],[10.3396,60.22604],[10.3396,60.22603],[10.33956,60.22603]]]]},"properties":{"a":468,"v":997,"dh":2.13,"pl":1,"pn":"Bergermoen del 1","pd":"1984-03-30","fo":1,"c":11}},{"type":"Feature","geometry":{"type":"Polygon","coordinates":[[[10.33774,60.22616],[10.33783,60.22612],[10.33807,60.22613],[10.33812,60.22601],[10.33799,60.22596],[10.33779,60.22598],[10.33774,60.22605],[10.33774,60.22616]]]},"properties":{"a":317,"v":654,"dh":2.06,"pl":1,"pn":"Bergermoen del 1","pd":"1984-03-30","fo":1,"c":9}},{"type":"Feature","geometry":{"type":"Polygon","coordinates":[[[10.34415,60.22616],[10.34415,60.22612],[10.34408,60.2261],[10.3441,60.22606],[10.34404,60.22602],[10.344,60.22588],[10.34382,60.22586],[10.3438,60.22597],[10.34388,60.22604],[10.34385,60.22615],[10.34415,60.22616]]]},"properties":{"a":403,"v":-733,"dh":1.82,"pl":1,"pn":"Bergermoen del 1","pd":"1984-03-30","c":11}},{"type":"Feature","geometry":{"type":"MultiPolygon","coordinates":[[[[10.34224,60.22607],[10.34249,60.2261],[10.34252,60.22598],[10.34223,60.22598],[10.34224,60.22607]]],[[[10.34227,60.22609],[10.34229,60.22608],[10.34227,60.22608],[10.34227,60.22609]]]]},"properties":{"a":154,"v":-274,"dh":1.78,"pl":1,"pn":"Bergermoen del 1","pd":"1984-03-30","c":11}},{"type":"Feature","geometry":{"type":"Polygon","coordinates":[[[10.34276,60.22617],[10.34273,60.22613],[10.34298,60.22612],[10.3431,60.22608],[10.34312,60.22603],[10.34297,60.22599],[10.34258,60.22611],[10.34258,60.22614],[10.34276,60.22617]]]},"properties":{"a":286,"v":389,"dh":1.36,"pl":1,"pn":"Bergermoen del 1","pd":"1984-03-30","c":11}},{"type":"Feature","geometry":{"type":"Polygon","coordinates":[[[10.34586,60.22386],[10.34601,60.2238],[10.34626,60.22373],[10.34611,60.22371],[10.34586,60.22382],[10.34586,60.22386]]]},"properties":{"a":116,"v":125,"dh":1.08,"pl":1,"pn":"Bergermoen del 1","pd":"1984-03-30","fo":1,"c":10}},{"type":"Feature","geometry":{"type":"Polygon","coordinates":[[[10.34629,60.22449],[10.34638,60.22444],[10.34636,60.22437],[10.34585,60.22402],[10.34583,60.22392],[10.34572,60.22393],[10.34567,60.224],[10.34578,60.22409],[10.34575,60.22422],[10.34592,60.22429],[10.34596,60.22441],[10.34629,60.22449]],[[10.34596,60.22431],[10.34599,60.2243],[10.34599,60.22431],[10.34596,60.22431]],[[10.34578,60.22398],[10.34581,60.22396],[10.34582,60.22398],[10.34578,60.22398]]]},"properties":{"a":947,"v":1729,"dh":1.83,"pl":1,"pn":"Bergermoen del 1","pd":"1984-03-30","fo":1,"c":10}},{"type":"Feature","geometry":{"type":"Polygon","coordinates":[[[10.34649,60.22468],[10.34686,60.2247],[10.34689,60.22465],[10.34655,60.22461],[10.34649,60.22468]]]},"properties":{"a":186,"v":297,"dh":1.6,"pl":1,"pn":"Bergermoen del 1","pd":"1984-03-30","sl":1,"c":2}},{"type":"Feature","geometry":{"type":"MultiPolygon","coordinates":[[[[10.34755,60.22545],[10.34754,60.22546],[10.34756,60.22546],[10.34755,60.22545]]],[[[10.34758,60.22556],[10.34749,60.22567],[10.34753,60.22571],[10.3478,60.22564],[10.34757,60.22546],[10.34748,60.2255],[10.34752,60.22556],[10.34758,60.22556]],[[10.34756,60.22562],[10.34758,60.22563],[10.34756,60.22563],[10.34756,60.22562]],[[10.34762,60.22561],[10.3476,60.2256],[10.34761,60.2256],[10.34762,60.22561]],[[10.34761,60.2256],[10.34767,60.22557],[10.34769,60.22561],[10.34761,60.2256]]]]},"properties":{"a":243,"v":-210,"dh":0.87,"pl":1,"pn":"Bergermoen del 1","pd":"1984-03-30","sh":1,"c":2}},{"type":"Feature","geometry":{"type":"MultiPolygon","coordinates":[[[[10.35047,60.22709],[10.35064,60.22704],[10.35058,60.22702],[10.35078,60.22695],[10.35081,60.22689],[10.35039,60.2267],[10.35041,60.22676],[10.35032,60.22678],[10.35045,60.22682],[10.3505,60.22689],[10.35033,60.22697],[10.35028,60.22708],[10.35006,60.22717],[10.35006,60.22721],[10.35028,60.22712],[10.35035,60.22714],[10.35031,60.22711],[10.35044,60.22707],[10.35047,60.22709]],[[10.35047,60.22707],[10.35049,60.22706],[10.35049,60.22707],[10.35047,60.22707]]],[[[10.35044,60.2271],[10.35046,60.2271],[10.35046,60.2271],[10.35044,60.2271]]]]},"properties":{"a":708,"v":1058,"dh":1.49,"pl":1,"pn":"Bergermoen del 1","pd":"1984-03-30","c":11}},{"type":"Feature","geometry":{"type":"Polygon","coordinates":[[[10.35296,60.22779],[10.35321,60.22764],[10.35318,60.22756],[10.35326,60.22754],[10.35325,60.2275],[10.35317,60.22755],[10.35305,60.22741],[10.35277,60.22724],[10.35215,60.22746],[10.35192,60.22744],[10.35143,60.2276],[10.35153,60.22762],[10.35226,60.22751],[10.35255,60.22757],[10.35257,60.22761],[10.35266,60.22761],[10.35266,60.22767],[10.35277,60.22764],[10.35287,60.22777],[10.35296,60.22779]],[[10.35239,60.22751],[10.3524,60.22749],[10.35241,60.22751],[10.35239,60.22751]],[[10.35244,60.22748],[10.35246,60.22747],[10.35246,60.22748],[10.35244,60.22748]]]},"properties":{"a":2138,"v":-4209,"dh":1.97,"pl":1,"pn":"Bergermoen del 2","pd":"1984-03-16","c":12}},{"type":"Feature","geometry":{"type":"MultiPolygon","coordinates":[[[[10.35443,60.228],[10.35423,60.22785],[10.35397,60.22776],[10.35399,60.22772],[10.3538,60.22758],[10.35365,60.22756],[10.35363,60.2275],[10.35356,60.22753],[10.3541,60.22791],[10.35436,60.22802],[10.35443,60.228]]],[[[10.3544,60.22803],[10.35441,60.22802],[10.35439,60.22802],[10.3544,60.22803]]]]},"properties":{"a":492,"v":-723,"dh":1.47,"pl":1,"pn":"Bergermoen del 2","pd":"1984-03-16","c":12}},{"type":"Feature","geometry":{"type":"MultiPolygon","coordinates":[[[[10.35058,60.22791],[10.35056,60.2279],[10.35056,60.22791],[10.35058,60.22791]]],[[[10.35056,60.22793],[10.35049,60.22789],[10.35054,60.22787],[10.35054,60.2278],[10.35041,60.22776],[10.34948,60.22781],[10.34939,60.22788],[10.34941,60.228],[10.34956,60.22801],[10.34958,60.22809],[10.34969,60.22812],[10.35023,60.22807],[10.35056,60.22793]],[[10.3497,60.22807],[10.34965,60.22803],[10.34974,60.22807],[10.3497,60.22807]],[[10.35024,60.2279],[10.35006,60.22787],[10.35009,60.22784],[10.35031,60.22784],[10.35024,60.2279]],[[10.35031,60.22782],[10.35034,60.22783],[10.35031,60.22783],[10.35031,60.22782]]]]},"properties":{"a":1752,"v":2958,"dh":1.69,"pl":1,"pn":"Bergermoen del 2","pd":"1984-03-16","c":12}},{"type":"Feature","geometry":{"type":"Polygon","coordinates":[[[10.35104,60.22816],[10.3511,60.22813],[10.35107,60.22805],[10.35102,60.22804],[10.35087,60.22785],[10.35065,60.22789],[10.35073,60.22798],[10.35104,60.22816]]]},"properties":{"a":359,"v":-328,"dh":0.91,"pl":1,"pn":"Bergermoen del 2","pd":"1984-03-16","sh":1,"c":12}},{"type":"Feature","geometry":{"type":"Polygon","coordinates":[[[10.35035,60.22837],[10.35041,60.22825],[10.35014,60.22819],[10.35003,60.22821],[10.35002,60.22833],[10.35035,60.22837]]]},"properties":{"a":313,"v":-501,"dh":1.6,"pl":1,"pn":"Bergermoen del 2","pd":"1984-03-16","fo":1,"c":12}},{"type":"Feature","geometry":{"type":"MultiPolygon","coordinates":[[[[10.33881,60.22612],[10.33884,60.22613],[10.33884,60.22612],[10.33881,60.22612]]],[[[10.33884,60.22612],[10.33908,60.22609],[10.33904,60.22613],[10.33943,60.22624],[10.33959,60.22617],[10.33957,60.22613],[10.33944,60.22611],[10.33951,60.22607],[10.33899,60.22608],[10.33884,60.22612]]]]},"properties":{"a":356,"v":-506,"dh":1.42,"pl":1,"pn":"Bergermoen del 1","pd":"1984-03-30","fo":1,"c":11}},{"type":"Feature","geometry":{"type":"Polygon","coordinates":[[[10.34437,60.22617],[10.34455,60.22614],[10.34451,60.22603],[10.3443,60.22609],[10.34437,60.22617]]]},"properties":{"a":162,"v":-306,"dh":1.89,"pl":1,"pn":"Bergermoen del 1","pd":"1984-03-30","c":11}},{"type":"Feature","geometry":{"type":"Polygon","coordinates":[[[10.34156,60.22631],[10.34181,60.22629],[10.34186,60.22618],[10.342,60.22614],[10.34212,60.22598],[10.34198,60.22602],[10.34179,60.22618],[10.34157,60.22616],[10.34156,60.22623],[10.34174,60.22626],[10.34156,60.22631]]]},"properties":{"a":332,"v":398,"dh":1.2,"pl":1,"pn":"Bergermoen del 1","pd":"1984-03-30","c":11}},{"type":"Feature","geometry":{"type":"Polygon","coordinates":[[[10.34384,60.22644],[10.34356,60.22625],[10.34335,60.22593],[10.34328,60.22591],[10.34332,60.22611],[10.34344,60.22626],[10.34366,60.2264],[10.34384,60.22644]]]},"properties":{"a":380,"v":-529,"dh":1.39,"pl":1,"pn":"Bergermoen del 1","pd":"1984-03-30","c":11}},{"type":"Feature","geometry":{"type":"MultiPolygon","coordinates":[[[[10.3374,60.22621],[10.33738,60.2262],[10.33737,60.22621],[10.3374,60.22621]]],[[[10.33737,60.22621],[10.3371,60.2264],[10.33711,60.22653],[10.33725,60.22644],[10.33737,60.22621]]]]},"properties":{"a":197,"v":-279,"dh":1.42,"pl":1,"pn":"Bergermoen del 1","pd":"1984-03-30","sl":1,"c":13}},{"type":"Feature","geometry":{"type":"MultiPolygon","coordinates":[[[[10.34142,60.22598],[10.3414,60.22598],[10.3414,60.22598],[10.34142,60.22598]]],[[[10.3414,60.22598],[10.34138,60.22599],[10.3414,60.22599],[10.3414,60.22598]]],[[[10.34139,60.22601],[10.34117,60.22596],[10.34135,60.22591],[10.34057,60.22595],[10.33999,60.22589],[10.33982,60.22604],[10.33984,60.22613],[10.33962,60.22616],[10.3397,60.22623],[10.33961,60.22628],[10.33954,60.22625],[10.33948,60.22627],[10.33963,60.22631],[10.33965,60.2264],[10.33976,60.22644],[10.33974,60.22649],[10.33998,60.22653],[10.33996,60.22658],[10.34036,60.22653],[10.34063,60.22659],[10.34072,60.22685],[10.34083,60.22691],[10.34108,60.22696],[10.34123,60.22704],[10.34164,60.22704],[10.34168,60.22701],[10.34159,60.22697],[10.34164,60.22684],[10.34142,60.22675],[10.34139,60.22665],[10.34134,60.22664],[10.34137,60.22651],[10.34151,60.22641],[10.34149,60.2263],[10.34154,60.22629],[10.34148,60.22623],[10.3415,60.22615],[10.34123,60.22609],[10.34122,60.22605],[10.34139,60.22601]],[[10.34003,60.22638],[10.33999,60.22624],[10.34028,60.22631],[10.34026,60.22635],[10.34015,60.22637],[10.34003,60.22638]]]]},"properties":{"a":8476,"v":-43896,"dh":5.18,"pl":1,"pn":"Bergermoen del 1","pd":"1984-03-30","c":11}},{"type":"Feature","geometry":{"type":"Polygon","coordinates":[[[10.34451,60.22657],[10.34484,60.22659],[10.34475,60.22653],[10.34429,60.22648],[10.34451,60.22657]]]},"properties":{"a":181,"v":-198,"dh":1.09,"pl":1,"pn":"Bergermoen del 1","pd":"1984-03-30","c":11}},{"type":"Feature","geometry":{"type":"Polygon","coordinates":[[[10.34321,60.22701],[10.3433,60.22693],[10.34373,60.2269],[10.34375,60.22685],[10.34362,60.22686],[10.3436,60.22682],[10.34369,60.22675],[10.34383,60.22672],[10.34301,60.22679],[10.3429,60.22683],[10.34288,60.22689],[10.34294,60.22695],[10.34321,60.22701]]]},"properties":{"a":880,"v":1393,"dh":1.58,"pl":1,"pn":"Bergermoen del 1","pd":"1984-03-30","c":11}},{"type":"Feature","geometry":{"type":"MultiPolygon","coordinates":[[[[10.33639,60.22706],[10.33656,60.22712],[10.33666,60.22704],[10.33639,60.22706]]],[[[10.3365,60.22714],[10.33639,60.22712],[10.33632,60.22718],[10.33647,60.22718],[10.3365,60.22714]]]]},"properties":{"a":114,"v":-121,"dh":1.06,"pl":1,"pn":"Bergermoen Vest del 1","pd":"1982-07-01","c":14}},{"type":"Feature","geometry":{"type":"Polygon","coordinates":[[[10.35794,60.22633],[10.35793,60.22627],[10.35809,60.22622],[10.35806,60.22616],[10.35795,60.2262],[10.35795,60.22614],[10.3578,60.22613],[10.35757,60.22622],[10.35766,60.22624],[10.3578,60.22619],[10.35781,60.22629],[10.35794,60.22633]]]},"properties":{"a":270,"v":235,"dh":0.87,"pl":1,"pn":"Bergermotunet, Del av gnr. 15 bnr. 6","pd":"2011-06-16","sh":1,"c":8}},{"type":"Feature","geometry":{"type":"MultiPolygon","coordinates":[[[[10.35817,60.22627],[10.35828,60.22629],[10.35841,60.2264],[10.35895,60.22648],[10.35906,60.22646],[10.3592,60.22627],[10.35945,60.22629],[10.35927,60.22622],[10.35917,60.22605],[10.35908,60.226],[10.35881,60.22605],[10.35873,60.22601],[10.35874,60.22608],[10.35865,60.22609],[10.35861,60.22615],[10.35833,60.22619],[10.35828,60.22625],[10.35817,60.22627]]],[[[10.35947,60.22629],[10.35945,60.22629],[10.35947,60.22629],[10.35947,60.22629]]],[[[10.35817,60.22631],[10.35815,60.22632],[10.35817,60.22632],[10.35817,60.22631]]]]},"properties":{"a":1884,"v":3537,"dh":1.88,"pl":1,"pn":"Bergermotunet, Del av gnr. 15 bnr. 6","pd":"2011-06-16","c":8}},{"type":"Feature","geometry":{"type":"Polygon","coordinates":[[[10.35824,60.22659],[10.35843,60.22649],[10.35835,60.22634],[10.35819,60.22632],[10.35821,60.22639],[10.35816,60.2264],[10.3581,60.2263],[10.35797,60.22633],[10.35789,60.22652],[10.35824,60.22659]]]},"properties":{"a":662,"v":-1684,"dh":2.54,"pl":1,"pn":"Bergermotunet, Del av gnr. 15 bnr. 6","pd":"2011-06-16","c":8}},{"type":"Feature","geometry":{"type":"Polygon","coordinates":[[[10.3592,60.22668],[10.35916,60.22665],[10.35926,60.22656],[10.35919,60.22651],[10.35908,60.22653],[10.3591,60.22665],[10.3592,60.22668]]]},"properties":{"a":117,"v":-149,"dh":1.28,"pl":1,"pn":"Bergermotunet, Del av gnr. 15 bnr. 6","pd":"2011-06-16","c":8}},{"type":"Feature","geometry":{"type":"Polygon","coordinates":[[[10.36338,60.22657],[10.36327,60.22657],[10.36287,60.22653],[10.36328,60.22669],[10.36347,60.22667],[10.36338,60.22657]],[[10.36333,60.2266],[10.36335,60.2266],[10.36333,60.2266],[10.36333,60.2266]],[[10.3634,60.22665],[10.36342,60.22664],[10.36342,60.22665],[10.3634,60.22665]]]},"properties":{"a":273,"v":-289,"dh":1.06,"pl":0,"c":15}},{"type":"Feature","geometry":{"type":"Polygon","coordinates":[[[10.3579,60.2268],[10.35801,60.22671],[10.35795,60.22655],[10.35777,60.22665],[10.35781,60.22676],[10.3579,60.2268]],[[10.35795,60.2267],[10.3579,60.22666],[10.35799,60.22667],[10.35795,60.2267]]]},"properties":{"a":201,"v":163,"dh":0.81,"pl":1,"pn":"Bergermotunet, Del av gnr. 15 bnr. 6","pd":"2011-06-16","sh":1,"c":8}},{"type":"Feature","geometry":{"type":"Polygon","coordinates":[[[10.35691,60.22683],[10.35705,60.22683],[10.35724,60.22659],[10.35717,60.22657],[10.35691,60.22683]]]},"properties":{"a":171,"v":-173,"dh":1.01,"pl":1,"pn":"Bergermotunet, Del av gnr. 15 bnr. 6","pd":"2011-06-16","c":8}},{"type":"Feature","geometry":{"type":"Polygon","coordinates":[[[10.35939,60.2269],[10.35954,60.22675],[10.35949,60.22668],[10.35955,60.22662],[10.35955,60.22654],[10.35962,60.22651],[10.35951,60.22649],[10.35948,60.22657],[10.35941,60.22659],[10.35922,60.2268],[10.35924,60.22686],[10.35939,60.2269]]]},"properties":{"a":417,"v":-713,"dh":1.71,"pl":1,"pn":"Bergermotunet, Del av gnr. 15 bnr. 6","pd":"2011-06-16","c":8}},{"type":"Feature","geometry":{"type":"MultiPolygon","coordinates":[[[[10.35907,60.2268],[10.35905,60.2266],[10.35899,60.2266],[10.35894,60.2267],[10.35876,60.22668],[10.35862,60.22672],[10.3588,60.22679],[10.35907,60.2268]]],[[[10.35908,60.22683],[10.35909,60.2268],[10.35907,60.2268],[10.35908,60.22683]]]]},"properties":{"a":285,"v":268,"dh":0.94,"pl":1,"pn":"Bergermotunet, Del av gnr. 15 bnr. 6","pd":"2011-06-16","sh":1,"c":8}},{"type":"Feature","geometry":{"type":"MultiPolygon","coordinates":[[[[10.35802,60.22661],[10.35806,60.22662],[10.35806,60.2266],[10.35802,60.22661]]],[[[10.358,60.22701],[10.35823,60.22698],[10.35818,60.22689],[10.3582,60.22662],[10.35811,60.22658],[10.35806,60.2266],[10.35809,60.22662],[10.35808,60.22678],[10.35798,60.22689],[10.35807,60.2269],[10.358,60.22701]]],[[[10.358,60.22694],[10.35802,60.22696],[10.35802,60.22694],[10.358,60.22694]]]]},"properties":{"a":375,"v":-377,"dh":1.01,"pl":1,"pn":"Bergermotunet, Del av gnr. 15 bnr. 6","pd":"2011-06-16","c":8}},{"type":"Feature","geometry":{"type":"Polygon","coordinates":[[[10.34348,60.22734],[10.34346,60.22724],[10.34324,60.22724],[10.3432,60.2272],[10.34288,60.22716],[10.34235,60.22703],[10.34186,60.22708],[10.34206,60.22717],[10.34259,60.22724],[10.34277,60.22731],[10.34348,60.22734]]]},"properties":{"a":1311,"v":-3731,"dh":2.85,"pl":1,"pn":"Bergermoen del 1","pd":"1984-03-30","c":11}},{"type":"Feature","geometry":{"type":"MultiPolygon","coordinates":[[[[10.33678,60.22739],[10.33658,60.22724],[10.33642,60.22722],[10.33651,60.22726],[10.33645,60.22728],[10.33647,60.22733],[10.33656,60.22733],[10.33666,60.2274],[10.33678,60.22739]],[[10.33664,60.22731],[10.33665,60.22732],[10.33664,60.22732],[10.33664,60.22731]],[[10.33656,60.2273],[10.33658,60.22731],[10.33656,60.22731],[10.33656,60.2273]]],[[[10.33675,60.22734],[10.33682,60.22732],[10.33674,60.22732],[10.33675,60.22734]]]]},"properties":{"a":199,"v":193,"dh":0.97,"pl":1,"pn":"Bergermoen Vest del 1","pd":"1982-07-01","sh":1,"c":14}},{"type":"Feature","geometry":{"type":"Polygon","coordinates":[[[10.33614,60.22744],[10.33611,60.22735],[10.33626,60.22733],[10.33625,60.22726],[10.33593,60.22729],[10.33601,60.22735],[10.33595,60.22741],[10.33614,60.22744]]]},"properties":{"a":215,"v":214,"dh":1.0,"pl":1,"pn":"Bergermoen Vest del 1","pd":"1982-07-01","sh":1,"c":14}},{"type":"Feature","geometry":{"type":"Polygon","coordinates":[[[10.34029,60.22759],[10.34055,60.22759],[10.34044,60.22757],[10.34053,60.22752],[10.34096,60.2276],[10.34103,60.22755],[10.34029,60.22749],[10.34029,60.22759]]]},"properties":{"a":298,"v":-421,"dh":1.41,"pl":1,"pn":"Bergermoen Vest del 1","pd":"1982-07-01","c":14}},{"type":"Feature","geometry":{"type":"Polygon","coordinates":[[[10.34584,60.22775],[10.34604,60.22772],[10.34582,60.22767],[10.34578,60.22761],[10.34573,60.22763],[10.34566,60.22757],[10.3458,60.22752],[10.34582,60.22758],[10.34589,60.22758],[10.34583,60.22748],[10.34612,60.22736],[10.34571,60.22747],[10.34561,60.22743],[10.34552,60.22729],[10.34541,60.22727],[10.34532,60.22734],[10.34507,60.22739],[10.34484,60.22756],[10.34499,60.22765],[10.34584,60.22775]]]},"properties":{"a":1839,"v":5759,"dh":3.13,"pl":1,"pn":"Bergermoen del 1","pd":"1984-03-30","c":11}},{"type":"Feature","geometry":{"type":"Polygon","coordinates":[[[10.34046,60.22768],[10.34084,60.22762],[10.34085,60.22759],[10.34057,60.2276],[10.34046,60.22768]]]},"properties":{"a":122,"v":144,"dh":1.18,"pl":1,"pn":"Bergermoen Vest del 1","pd":"1982-07-01","c":14}},{"type":"Feature","geometry":{"type":"Polygon","coordinates":[[[10.33598,60.22803],[10.33611,60.22804],[10.33621,60.22791],[10.33622,60.22784],[10.33619,60.22781],[10.33624,60.22781],[10.3361,60.22779],[10.33586,60.22767],[10.3358,60.22772],[10.33582,60.22779],[10.33606,60.2278],[10.33612,60.22786],[10.3361,60.22794],[10.33598,60.22803]]]},"properties":{"a":311,"v":387,"dh":1.24,"pl":1,"pn":"Bergermoen Vest del 1","pd":"1982-07-01","c":14}},{"type":"Feature","geometry":{"type":"Polygon","coordinates":[[[10.33582,60.22818],[10.33601,60.22797],[10.33604,60.22783],[10.33575,60.2278],[10.33579,60.22774],[10.33575,60.22769],[10.33568,60.22774],[10.33572,60.22784],[10.33568,60.22786],[10.33594,60.22786],[10.33599,60.22791],[10.3358,60.22808],[10.33582,60.22818]],[[10.33574,60.22782],[10.33577,60.22781],[10.33577,60.22782],[10.33574,60.22782]]]},"properties":{"a":270,"v":-259,"dh":0.96,"pl":1,"pn":"Bergermoen Vest del 1","pd":"1982-07-01","sh":1,"c":14}},{"type":"Feature","geometry":{"type":"Polygon","coordinates":[[[10.34069,60.22798],[10.34074,60.22794],[10.34067,60.2279],[10.34047,60.22787],[10.34043,60.22792],[10.34047,60.22796],[10.34069,60.22798]]]},"properties":{"a":135,"v":126,"dh":0.93,"pl":1,"pn":"Bergermoen Vest del 1","pd":"1982-07-01","sh":1,"c":14}},{"type":"Feature","geometry":{"type":"Polygon","coordinates":[[[10.34206,60.22804],[10.34253,60.22795],[10.34302,60.2279],[10.34279,60.22781],[10.34274,60.22782],[10.34281,60.22786],[10.34216,60.22781],[10.34213,60.22784],[10.3422,60.22787],[10.34247,60.22787],[10.34256,60.22791],[10.34208,60.22798],[10.34206,60.22804]]]},"properties":{"a":547,"v":-943,"dh":1.72,"pl":1,"pn":"Bergermoen Vest del 1","pd":"1982-07-01","fo":1,"c":16}},{"type":"Feature","geometry":{"type":"MultiPolygon","coordinates":[[[[10.39794,60.22033],[10.39794,60.22018],[10.39788,60.22018],[10.39785,60.22031],[10.3976,60.22042],[10.39757,60.22049],[10.39766,60.22049],[10.39771,60.22041],[10.39775,60.22043],[10.39771,60.22047],[10.39777,60.22047],[10.39784,60.22042],[10.39783,60.22036],[10.39794,60.22033]]],[[[10.39794,60.22034],[10.39792,60.22034],[10.39794,60.22034],[10.39794,60.22034]]],[[[10.3978,60.22046],[10.39784,60.22044],[10.3978,60.22044],[10.3978,60.22046]]]]},"properties":{"a":202,"v":172,"dh":0.85,"pl":0,"sh":1,"c":17}},{"type":"Feature","geometry":{"type":"Polygon","coordinates":[[[10.38079,60.22064],[10.38095,60.22056],[10.38095,60.22052],[10.38073,60.22055],[10.38064,60.22063],[10.38079,60.22064]]]},"properties":{"a":112,"v":202,"dh":1.8,"pl":1,"pn":"Kryss Gamleveien - Jevnaker Kommune","pd":"2019-09-05","fo":1,"c":0}},{"type":"Feature","geometry":{"type":"Polygon","coordinates":[[[10.38204,60.2211],[10.38231,60.22116],[10.38227,60.2211],[10.3823,60.22099],[10.38212,60.22099],[10.38223,60.22097],[10.38228,60.22086],[10.38184,60.22071],[10.38165,60.2205],[10.38154,60.22053],[10.38141,60.22046],[10.38145,60.22054],[10.38136,60.22053],[10.38177,60.22084],[10.38197,60.22091],[10.38197,60.22095],[10.3819,60.22099],[10.38204,60.2211]]]},"properties":{"a":1221,"v":1850,"dh":1.52,"pl":1,"pn":"Kryss Gamleveien - Jevnaker Kommune","pd":"2019-09-05","fo":1,"c":0}},{"type":"Feature","geometry":{"type":"Polygon","coordinates":[[[10.39782,60.22083],[10.39789,60.22079],[10.39783,60.22077],[10.39781,60.22071],[10.39785,60.22068],[10.39779,60.22064],[10.39745,60.22066],[10.39774,60.22072],[10.39782,60.22083]]]},"properties":{"a":144,"v":224,"dh":1.55,"pl":0,"sl":1,"c":17}},{"type":"Feature","geometry":{"type":"MultiPolygon","coordinates":[[[[10.38322,60.22096],[10.38265,60.22082],[10.38237,60.22083],[10.38322,60.22096]]],[[[10.38322,60.22097],[10.38324,60.22096],[10.38322,60.22096],[10.38322,60.22097]]]]},"properties":{"a":207,"v":-244,"dh":1.18,"pl":1,"pn":"Kryss Gamleveien - Jevnaker Kommune","pd":"2019-09-05","fo":1,"c":0}},{"type":"Feature","geometry":{"type":"Polygon","coordinates":[[[10.38192,60.22131],[10.38191,60.22124],[10.38144,60.22072],[10.38116,60.22058],[10.3809,60.22065],[10.38118,60.22083],[10.38122,60.22094],[10.38183,60.22132],[10.38192,60.22131]]]},"properties":{"a":1442,"v":3143,"dh":2.18,"pl":1,"pn":"Kryss Gamleveien - Jevnaker Kommune","pd":"2019-09-05","c":0}},{"type":"Feature","geometry":{"type":"Polygon","coordinates":[[[10.384,60.22114],[10.38389,60.22108],[10.38393,60.22103],[10.38354,60.22085],[10.38338,60.22093],[10.38342,60.22095],[10.38337,60.22099],[10.38308,60.22098],[10.38306,60.22107],[10.38297,60.22109],[10.384,60.22114]]]},"properties":{"a":823,"v":1350,"dh":1.64,"pl":1,"pn":"Kryss Gamleveien - Jevnaker Kommune","pd":"2019-09-05","fo":1,"c":0}},{"type":"Feature","geometry":{"type":"Polygon","coordinates":[[[10.3846,60.22113],[10.38471,60.22108],[10.38454,60.22102],[10.38445,60.22111],[10.3846,60.22113]]]},"properties":{"a":103,"v":89,"dh":0.87,"pl":1,"pn":"Kryss Gamleveien - Jevnaker Kommune","pd":"2019-09-05","sh":1,"c":0}},{"type":"Feature","geometry":{"type":"MultiPolygon","coordinates":[[[[10.38164,60.22084],[10.38166,60.22085],[10.38166,60.22084],[10.38164,60.22084]]],[[[10.38168,60.22087],[10.38166,60.22085],[10.38166,60.22087],[10.38168,60.22087]]],[[[10.38191,60.22106],[10.38172,60.22087],[10.3817,60.22087],[10.3817,60.22086],[10.38168,60.22087],[10.38191,60.22106]]],[[[10.382,60.22113],[10.38196,60.22108],[10.38191,60.22106],[10.382,60.22113]]],[[[10.382,60.22113],[10.38219,60.22132],[10.38236,60.22143],[10.38241,60.22142],[10.38242,60.22135],[10.38222,60.22128],[10.38222,60.22121],[10.38211,60.22118],[10.38204,60.22113],[10.382,60.22113]]]]},"properties":{"a":242,"v":-260,"dh":1.08,"pl":2,"pn":"E16 Eggemoen - Olum","pd":"2024-06-11","c":0}},{"type":"Feature","geometry":{"type":"Polygon","coordinates":[[[10.38148,60.22133],[10.38168,60.22126],[10.38151,60.22115],[10.38137,60.22117],[10.38131,60.22108],[10.38124,60.22108],[10.38136,60.2213],[10.38148,60.22133]]]},"properties":{"a":301,"v":-346,"dh":1.15,"pl":1,"pn":"Kryss Gamleveien - Jevnaker Kommune","pd":"2019-09-05","c":0}},{"type":"Feature","geometry":{"type":"Polygon","coordinates":[[[10.38453,60.22126],[10.38484,60.22118],[10.38442,60.22115],[10.38435,60.22109],[10.38422,60.22108],[10.38408,60.22112],[10.38406,60.22117],[10.38391,60.22116],[10.38417,60.22123],[10.38453,60.22126]]]},"properties":{"a":486,"v":-683,"dh":1.41,"pl":1,"pn":"Kryss Gamleveien - Jevnaker Kommune","pd":"2019-09-05","fo":1,"c":0}},{"type":"Feature","geometry":{"type":"Polygon","coordinates":[[[10.38325,60.22124],[10.38321,60.2212],[10.38328,60.22116],[10.38326,60.22113],[10.38303,60.22116],[10.38314,60.22124],[10.38325,60.22124]]]},"properties":{"a":124,"v":-197,"dh":1.59,"pl":1,"pn":"Kryss Gamleveien - Jevnaker Kommune","pd":"2019-09-05","fo":1,"c":0}},{"type":"Feature","geometry":{"type":"Polygon","coordinates":[[[10.38341,60.22192],[10.38383,60.22172],[10.38363,60.22161],[10.38354,60.22163],[10.3835,60.22157],[10.3828,60.2216],[10.38276,60.2215],[10.3825,60.22141],[10.38246,60.22143],[10.38304,60.22185],[10.38341,60.22192]]]},"properties":{"a":1592,"v":2645,"dh":1.66,"pl":2,"pn":"E16 Eggemoen - Olum","pd":"2024-06-11","fo":1,"c":0}},{"type":"Feature","geometry":{"type":"MultiPolygon","coordinates":[[[[10.38219,60.22134],[10.38217,60.22134],[10.38219,60.22134],[10.38219,60.22134]]],[[[10.38262,60.22165],[10.3826,60.22165],[10.38262,60.22165],[10.38262,60.22165]]],[[[10.38264,60.22165],[10.38262,60.22166],[10.38264,60.22166],[10.38264,60.22165]]],[[[10.38284,60.22215],[10.38273,60.22207],[10.38283,60.22206],[10.38287,60.22199],[10.3824,60.22158],[10.38256,60.22165],[10.3826,60.22163],[10.38223,60.22135],[10.38219,60.22137],[10.38227,60.22147],[10.38207,60.22139],[10.38194,60.22142],[10.38207,60.22159],[10.38231,60.22162],[10.38239,60.22172],[10.38274,60.22195],[10.38254,60.222],[10.38256,60.22205],[10.38273,60.22215],[10.38284,60.22215]],[[10.3824,60.22156],[10.38236,60.22157],[10.38236,60.22156],[10.3824,60.22156]],[[10.38236,60.22153],[10.38234,60.22154],[10.38234,60.22153],[10.38236,60.22153]],[[10.38227,60.2215],[10.3823,60.22148],[10.3823,60.22151],[10.38227,60.2215]]]]},"properties":{"a":988,"v":1249,"dh":1.26,"pl":2,"pn":"E16 Eggemoen - Olum","pd":"2024-06-11","c":0}},{"type":"Feature","geometry":{"type":"Polygon","coordinates":[[[10.38422,60.22191],[10.38429,60.22186],[10.38393,60.22184],[10.38405,60.2219],[10.38422,60.22191]]]},"properties":{"a":118,"v":145,"dh":1.23,"pl":2,"pn":"E16 Eggemoen - Olum","pd":"2024-06-11","fo":1,"c":0}},{"type":"Feature","geometry":{"type":"Polygon","coordinates":[[[10.38577,60.22185],[10.38648,60.22208],[10.38617,60.22191],[10.38565,60.22172],[10.3856,60.22162],[10.38551,60.22167],[10.38559,60.22182],[10.38577,60.22185]]]},"properties":{"a":465,"v":487,"dh":1.05,"pl":2,"pn":"E16 Eggemoen - Olum","pd":"2024-06-11","fo":1,"c":0}},{"type":"Feature","geometry":{"type":"Polygon","coordinates":[[[10.38254,60.22226],[10.38261,60.22222],[10.38259,60.22218],[10.38242,60.22211],[10.38228,60.22213],[10.38224,60.2221],[10.38227,60.22203],[10.38218,60.22197],[10.38206,60.22201],[10.38215,60.22205],[10.38217,60.22212],[10.38254,60.22226]]]},"properties":{"a":268,"v":285,"dh":1.06,"pl":2,"pn":"E16 Eggemoen - Olum","pd":"2024-06-11","c":0}},{"type":"Feature","geometry":{"type":"MultiPolygon","coordinates":[[[[10.38486,60.22168],[10.38484,60.22169],[10.38486,60.22169],[10.38486,60.22168]]],[[[10.38358,60.22217],[10.38356,60.22218],[10.38358,60.22218],[10.38358,60.22217]]],[[[10.38737,60.22222],[10.38739,60.22222],[10.38739,60.22222],[10.38737,60.22222]]],[[[10.38217,60.22261],[10.38286,60.22264],[10.38311,60.22269],[10.38304,60.22272],[10.38308,60.22274],[10.38371,60.22277],[10.38419,60.2229],[10.38498,60.22294],[10.38551,60.22291],[10.38545,60.22286],[10.38544,60.22276],[10.38579,60.22249],[10.38584,60.22235],[10.38622,60.2224],[10.38624,60.22245],[10.38616,60.2225],[10.38618,60.22259],[10.38671,60.2227],[10.3866,60.22274],[10.38855,60.2227],[10.38945,60.22261],[10.38873,60.22241],[10.38877,60.22234],[10.38821,60.22233],[10.38786,60.22226],[10.3879,60.22225],[10.38786,60.22223],[10.38739,60.22222],[10.38755,60.22229],[10.38747,60.22232],[10.38687,60.22227],[10.38591,60.22193],[10.38551,60.22185],[10.38557,60.22179],[10.38549,60.22177],[10.38549,60.22171],[10.38527,60.2216],[10.38522,60.22163],[10.38525,60.22168],[10.3852,60.22169],[10.38529,60.22171],[10.38529,60.22174],[10.38466,60.22182],[10.38484,60.22171],[10.38479,60.22169],[10.38448,60.22179],[10.38428,60.2218],[10.38429,60.22184],[10.38447,60.22186],[10.38424,60.22193],[10.38406,60.22193],[10.38371,60.22184],[10.38342,60.22195],[10.38324,60.22194],[10.38282,60.22176],[10.38312,60.22201],[10.38327,60.22205],[10.38323,60.22208],[10.38336,60.22218],[10.38347,60.22221],[10.38345,60.22216],[10.38356,60.22215],[10.38362,60.22221],[10.38383,60.22226],[10.38395,60.22238],[10.38404,60.22235],[10.3842,60.22238],[10.38422,60.22243],[10.38417,60.22246],[10.38399,60.22242],[10.38399,60.22246],[10.38377,60.22248],[10.38312,60.2224],[10.38281,60.22243],[10.38267,60.22252],[10.38253,60.2225],[10.38249,60.22254],[10.38197,60.22255],[10.3809,60.22247],[10.38181,60.22262],[10.38217,60.22261]],[[10.38489,60.22249],[10.38455,60.22245],[10.38438,60.2224],[10.38436,60.22235],[10.38447,60.22232],[10.38496,60.22242],[10.38496,60.22247],[10.38489,60.22249]],[[10.38374,60.22215],[10.38372,60.22213],[10.38376,60.22213],[10.38374,60.22215]],[[10.38376,60.22213],[10.38377,60.22212],[10.38378,60.22213],[10.38376,60.22213]],[[10.38354,60.22214],[10.38352,60.22213],[10.38354,60.22213],[10.38354,60.22214]],[[10.38363,60.22211],[10.3837,60.22208],[10.38372,60.22212],[10.38363,60.22211]],[[10.38465,60.22188],[10.38467,60.22189],[10.38463,60.22189],[10.38465,60.22188]],[[10.38505,60.22185],[10.38503,60.22184],[10.38504,60.22184],[10.38505,60.22185]]],[[[10.38208,60.22262],[10.38206,60.22263],[10.38208,60.22263],[10.38208,60.22262]]]]},"properties":{"a":24649,"v":-83251,"dh":3.38,"pl":2,"pn":"E16 Eggemoen - Olum","pd":"2024-06-11","c":0}},{"type":"Feature","geometry":{"type":"MultiPolygon","coordinates":[[[[10.38353,60.22229],[10.38351,60.2223],[10.38353,60.2223],[10.38353,60.22229]]],[[[10.38355,60.22232],[10.38357,60.22238],[10.38353,60.2224],[10.38361,60.22244],[10.3839,60.22243],[10.38379,60.22236],[10.38362,60.22236],[10.38355,60.22232]]]]},"properties":{"a":161,"v":157,"dh":0.97,"pl":2,"pn":"E16 Eggemoen - Olum","pd":"2024-06-11","sh":1,"c":0}},{"type":"Feature","geometry":{"type":"MultiPolygon","coordinates":[[[[10.38144,60.22239],[10.38146,60.2224],[10.38148,60.22238],[10.38144,60.22239]]],[[[10.38151,60.22245],[10.38197,60.22252],[10.38246,60.22251],[10.38249,60.22246],[10.38262,60.22247],[10.38281,60.22239],[10.38254,60.22239],[10.3824,60.22245],[10.38238,60.22238],[10.38223,60.22234],[10.38231,60.22244],[10.38195,60.22244],[10.38191,60.22243],[10.38195,60.2224],[10.38169,60.2223],[10.38177,60.22244],[10.38168,60.22243],[10.38169,60.22236],[10.38151,60.22233],[10.38148,60.22238],[10.38166,60.22242],[10.38164,60.22245],[10.38151,60.22245]]],[[[10.3815,60.22245],[10.38146,60.22247],[10.38151,60.22247],[10.3815,60.22245]]]]},"properties":{"a":678,"v":728,"dh":1.07,"pl":2,"pn":"E16 Eggemoen - Olum","pd":"2024-06-11","fo":1,"c":0}},{"type":"Feature","geometry":{"type":"Polygon","coordinates":[[[10.38253,60.2229],[10.38258,60.22296],[10.3826,60.22291],[10.38274,60.22294],[10.38302,60.22306],[10.3832,60.22299],[10.38311,60.22296],[10.38314,60.22293],[10.38323,60.22296],[10.38323,60.223],[10.38351,60.22308],[10.38361,60.22304],[10.38363,60.22298],[10.38369,60.22299],[10.38361,60.22288],[10.38368,60.2229],[10.38373,60.22283],[10.38317,60.22281],[10.38299,60.22276],[10.38279,60.22278],[10.38266,60.22272],[10.38247,60.22276],[10.38226,60.2227],[10.38191,60.22275],[10.3817,60.22269],[10.38161,60.22261],[10.3814,60.22265],[10.38132,60.22258],[10.38061,60.22247],[10.37963,60.22222],[10.3797,60.22217],[10.38008,60.22225],[10.38026,60.22225],[10.38029,60.22222],[10.38009,60.22218],[10.37997,60.2221],[10.37947,60.222],[10.37937,60.22203],[10.37935,60.22198],[10.37929,60.22205],[10.37935,60.22209],[10.37917,60.22207],[10.37919,60.22211],[10.3791,60.2221],[10.37877,60.22204],[10.37855,60.2219],[10.3782,60.22183],[10.37809,60.22183],[10.37766,60.22227],[10.37788,60.22232],[10.3781,60.2223],[10.37863,60.22245],[10.3791,60.22249],[10.37923,60.22255],[10.37846,60.22243],[10.37841,60.22243],[10.37845,60.22246],[10.3783,60.22247],[10.3783,60.22253],[10.37843,60.22255],[10.37845,60.2226],[10.37903,60.22273],[10.3792,60.22272],[10.37954,60.22284],[10.37984,60.22268],[10.37961,60.2226],[10.37993,60.22257],[10.3805,60.22273],[10.38102,60.22277],[10.38119,60.22283],[10.38133,60.22279],[10.38175,60.22282],[10.38198,60.22277],[10.38229,60.22289],[10.38244,60.22291],[10.38253,60.2229]],[[10.37961,60.2226],[10.37959,60.22259],[10.37961,60.22259],[10.37961,60.2226]],[[10.38251,60.2229],[10.38247,60.22289],[10.38251,60.22289],[10.38251,60.2229]],[[10.38247,60.22289],[10.38245,60.22288],[10.38247,60.22288],[10.38247,60.22289]],[[10.38343,60.22304],[10.38345,60.22303],[10.38345,60.22304],[10.38343,60.22304]],[[10.38316,60.22292],[10.38318,60.22291],[10.38318,60.22292],[10.38316,60.22292]],[[10.37959,60.22217],[10.37962,60.22217],[10.37961,60.22219],[10.37959,60.22217]]]},"properties":{"a":12621,"v":31465,"dh":2.49,"pl":2,"pn":"E16 Eggemoen - Olum","pd":"2024-06-11","c":0}},{"type":"Feature","geometry":{"type":"Polygon","coordinates":[[[10.39611,60.22264],[10.39618,60.22261],[10.39618,60.22255],[10.39585,60.22241],[10.39579,60.22234],[10.39572,60.22234],[10.3957,60.22228],[10.39544,60.22218],[10.39544,60.22214],[10.39531,60.22213],[10.39508,60.22222],[10.39516,60.22231],[10.39548,60.22233],[10.39571,60.22252],[10.39611,60.22264]]]},"properties":{"a":1030,"v":1704,"dh":1.65,"pl":2,"pn":"E16 Eggemoen - Olum","pd":"2024-06-11","fo":1,"c":0}},{"type":"Feature","geometry":{"type":"Polygon","coordinates":[[[10.39336,60.22253],[10.3932,60.2225],[10.39299,60.22239],[10.39265,60.22234],[10.39238,60.22232],[10.39216,60.22239],[10.39274,60.2225],[10.39336,60.22253]]]},"properties":{"a":712,"v":-1109,"dh":1.56,"pl":2,"pn":"E16 Eggemoen - Olum","pd":"2024-06-11","fo":1,"c":0}},{"type":"Feature","geometry":{"type":"MultiPolygon","coordinates":[[[[10.38773,60.22207],[10.38771,60.22209],[10.38773,60.22209],[10.38773,60.22207]]],[[[10.38832,60.22207],[10.3883,60.22208],[10.38832,60.22208],[10.38832,60.22207]]],[[[10.39406,60.22251],[10.39408,60.2225],[10.39406,60.2225],[10.39406,60.22251]]],[[[10.38915,60.22204],[10.38863,60.22215],[10.38841,60.22208],[10.38827,60.2221],[10.3883,60.22206],[10.38817,60.222],[10.38803,60.22203],[10.38805,60.22198],[10.38799,60.22198],[10.38803,60.22205],[10.38767,60.22205],[10.38776,60.22207],[10.38775,60.22212],[10.38807,60.22213],[10.3884,60.22222],[10.38878,60.22223],[10.38844,60.22224],[10.38839,60.2223],[10.38904,60.22231],[10.38899,60.2224],[10.38948,60.22257],[10.39279,60.22279],[10.39323,60.22293],[10.3928,60.22295],[10.39209,60.22284],[10.392,60.22285],[10.392,60.22289],[10.39295,60.223],[10.39304,60.22306],[10.39345,60.22307],[10.39346,60.2231],[10.39426,60.22327],[10.3951,60.22354],[10.39522,60.22349],[10.39509,60.22338],[10.39471,60.22333],[10.39409,60.22314],[10.39385,60.22313],[10.39398,60.22309],[10.39387,60.22305],[10.39425,60.22307],[10.39536,60.22334],[10.3955,60.22327],[10.39562,60.22312],[10.39518,60.22299],[10.39483,60.2228],[10.39541,60.22286],[10.39559,60.22281],[10.39562,60.22269],[10.39575,60.22264],[10.39547,60.22252],[10.39541,60.22236],[10.39512,60.22237],[10.39487,60.22245],[10.39489,60.22249],[10.3948,60.22247],[10.39487,60.2225],[10.39486,60.22255],[10.39474,60.22261],[10.39432,60.22265],[10.39408,60.22259],[10.39442,60.22249],[10.39426,60.22246],[10.39433,60.22245],[10.39431,60.22241],[10.39408,60.2225],[10.39424,60.22248],[10.3941,60.22254],[10.39401,60.22251],[10.39374,60.22257],[10.39305,60.22256],[10.3918,60.22239],[10.39166,60.22235],[10.39173,60.2223],[10.39156,60.22224],[10.39114,60.22219],[10.39098,60.22212],[10.39047,60.22211],[10.39034,60.22205],[10.38915,60.22204]],[[10.38901,60.22208],[10.38906,60.22209],[10.38901,60.22209],[10.38901,60.22208]],[[10.39384,60.2231],[10.39382,60.22311],[10.39382,60.2231],[10.39384,60.2231]],[[10.39399,60.22254],[10.39392,60.22256],[10.39392,60.22254],[10.39399,60.22254]],[[10.388,60.22209],[10.38798,60.2221],[10.38798,60.22209],[10.388,60.22209]]]]},"properties":{"a":22233,"v":55148,"dh":2.48,"pl":2,"pn":"E16 Eggemoen - Olum","pd":"2024-06-11","c":0}},{"type":"Feature","geometry":{"type":"Polygon","coordinates":[[[10.39003,60.22278],[10.39195,60.22289],[10.39196,60.22283],[10.39075,60.22275],[10.39071,60.22269],[10.39046,60.22267],[10.38967,60.22269],[10.39003,60.22278]]]},"properties":{"a":1153,"v":2044,"dh":1.77,"pl":2,"pn":"E16 Eggemoen - Olum","pd":"2024-06-11","c":0}},{"type":"Feature","geometry":{"type":"Polygon","coordinates":[[[10.38917,60.22292],[10.38933,60.2229],[10.38951,60.22278],[10.38905,60.22275],[10.3888,60.22282],[10.38884,60.22288],[10.38917,60.22292]]]},"properties":{"a":493,"v":481,"dh":0.98,"pl":2,"pn":"E16 Eggemoen - Olum","pd":"2024-06-11","sh":1,"c":0}},{"type":"Feature","geometry":{"type":"Polygon","coordinates":[[[10.38788,60.22279],[10.38772,60.22284],[10.38774,60.22288],[10.38769,60.22292],[10.38825,60.22296],[10.3885,60.22287],[10.38817,60.22276],[10.38786,60.22276],[10.38781,60.22279],[10.38788,60.22279]],[[10.3879,60.22279],[10.3879,60.2228],[10.38788,60.2228],[10.38788,60.22279],[10.3879,60.22279]]]},"properties":{"a":726,"v":619,"dh":0.85,"pl":2,"pn":"E16 Eggemoen - Olum","pd":"2024-06-11","c":0}},{"type":"Feature","geometry":{"type":"Polygon","coordinates":[[[10.39602,60.22278],[10.39599,60.22274],[10.39588,60.22272],[10.39579,60.22279],[10.39568,60.22279],[10.39572,60.22284],[10.39563,60.22286],[10.39574,60.22287],[10.39574,60.22295],[10.39599,60.22293],[10.39607,60.2229],[10.39602,60.22278]],[[10.39601,60.22278],[10.39599,60.22277],[10.39601,60.22277],[10.39601,60.22278]]]},"properties":{"a":374,"v":305,"dh":0.82,"pl":2,"pn":"E16 Eggemoen - Olum","pd":"2024-06-11","sh":1,"c":0}},{"type":"Feature","geometry":{"type":"Polygon","coordinates":[[[10.38272,60.22329],[10.38197,60.22302],[10.38184,60.22301],[10.38256,60.22326],[10.38272,60.22329]]]},"properties":{"a":155,"v":133,"dh":0.86,"pl":2,"pn":"E16 Eggemoen - Olum","pd":"2024-06-11","sh":1,"c":0}},{"type":"Feature","geometry":{"type":"Polygon","coordinates":[[[10.38312,60.22338],[10.38355,60.22332],[10.38343,60.22332],[10.38353,60.22323],[10.3834,60.22316],[10.38322,60.2232],[10.38321,60.22317],[10.38304,60.22316],[10.38308,60.22319],[10.38299,60.22322],[10.38299,60.22329],[10.38314,60.2233],[10.38312,60.22338]],[[10.38332,60.22332],[10.38334,60.22331],[10.38334,60.22332],[10.38332,60.22332]],[[10.38317,60.22327],[10.38319,60.22327],[10.38319,60.22327],[10.38317,60.22327]]]},"properties":{"a":521,"v":451,"dh":0.87,"pl":2,"pn":"E16 Eggemoen - Olum","pd":"2024-06-11","fo":1,"c":0}},{"type":"Feature","geometry":{"type":"MultiPolygon","coordinates":[[[[10.38392,60.2235],[10.3839,60.22349],[10.38391,60.2235],[10.38392,60.2235]]],[[[10.38387,60.22355],[10.38392,60.22354],[10.38391,60.2235],[10.38372,60.2234],[10.38325,60.22343],[10.38333,60.2235],[10.38345,60.22347],[10.38367,60.22353],[10.38366,60.22359],[10.38377,60.22365],[10.38391,60.22363],[10.38387,60.22355]]],[[[10.38393,60.22361],[10.38391,60.22358],[10.38391,60.22361],[10.38393,60.22361]]]]},"properties":{"a":498,"v":428,"dh":0.86,"pl":2,"pn":"E16 Eggemoen - Olum","pd":"2024-06-11","sh":1,"c":0}},{"type":"Feature","geometry":{"type":"Polygon","coordinates":[[[10.39683,60.22338],[10.39602,60.22318],[10.39602,60.22314],[10.39584,60.22316],[10.39601,60.22318],[10.39614,60.22326],[10.39586,60.22347],[10.39588,60.22354],[10.39639,60.22367],[10.39628,60.2237],[10.39665,60.22381],[10.39672,60.22387],[10.39669,60.22391],[10.39636,60.22388],[10.39644,60.22397],[10.39673,60.22401],[10.39697,60.22412],[10.39697,60.22416],[10.39716,60.22413],[10.39746,60.22423],[10.39757,60.22421],[10.39756,60.22415],[10.39738,60.22403],[10.39778,60.22418],[10.39794,60.22413],[10.39795,60.22403],[10.39786,60.22396],[10.39786,60.22392],[10.39793,60.22393],[10.39791,60.22387],[10.3976,60.22369],[10.39754,60.22356],[10.39737,60.22346],[10.39713,60.2234],[10.39696,60.22322],[10.39682,60.22314],[10.39673,60.22314],[10.39671,60.22322],[10.39653,60.22324],[10.39683,60.22338]],[[10.39686,60.22339],[10.39688,60.22341],[10.39683,60.22339],[10.39686,60.22339]],[[10.39692,60.22341],[10.39694,60.22343],[10.39688,60.22341],[10.39692,60.22341]],[[10.39694,60.22343],[10.39695,60.22344],[10.39694,60.22344],[10.39694,60.22343]],[[10.39695,60.22344],[10.39697,60.22344],[10.39696,60.22344],[10.39695,60.22344]],[[10.3973,60.22353],[10.39725,60.2235],[10.3973,60.22349],[10.3973,60.22353]],[[10.39632,60.22329],[10.39635,60.2233],[10.39632,60.2233],[10.39632,60.22329]],[[10.39632,60.22328],[10.39619,60.22327],[10.39619,60.22325],[10.39632,60.22328]]]},"properties":{"a":7246,"v":18928,"dh":2.61,"pl":2,"pn":"E16 Eggemoen - Olum","pd":"2024-06-11","c":0}},{"type":"Feature","geometry":{"type":"MultiPolygon","coordinates":[[[[10.38491,60.22295],[10.38489,60.22296],[10.38491,60.22296],[10.38491,60.22295]]],[[[10.38491,60.22296],[10.38493,60.22297],[10.38493,60.22296],[10.38491,60.22296]]],[[[10.38495,60.22301],[10.38477,60.22309],[10.38466,60.22306],[10.38462,60.22294],[10.38408,60.22289],[10.38384,60.22292],[10.38403,60.22297],[10.38394,60.22308],[10.38409,60.22309],[10.38427,60.2232],[10.38459,60.22341],[10.38448,60.22344],[10.3847,60.22352],[10.3849,60.22366],[10.38497,60.22385],[10.38506,60.22395],[10.38591,60.22427],[10.38619,60.22448],[10.3867,60.22477],[10.38649,60.22479],[10.38656,60.22489],[10.38678,60.22496],[10.38724,60.22503],[10.38729,60.225],[10.38747,60.22509],[10.38756,60.22507],[10.38691,60.22451],[10.38696,60.22436],[10.38686,60.22422],[10.38668,60.22419],[10.38664,60.22423],[10.38674,60.22431],[10.38663,60.22431],[10.3862,60.22391],[10.38619,60.22384],[10.38658,60.22366],[10.38656,60.22362],[10.38663,60.22353],[10.38655,60.22332],[10.38629,60.22316],[10.38631,60.22304],[10.38662,60.22313],[10.3871,60.223],[10.38717,60.22302],[10.38721,60.22298],[10.38693,60.22289],[10.38682,60.22276],[10.38622,60.22286],[10.38626,60.22277],[10.38611,60.22267],[10.38612,60.22252],[10.38601,60.22249],[10.38567,60.22262],[10.38568,60.22268],[10.3856,60.22271],[10.38557,60.22285],[10.38563,60.22299],[10.38525,60.22296],[10.38513,60.22299],[10.38506,60.22295],[10.38493,60.22297],[10.38495,60.22301]],[[10.38713,60.22299],[10.38711,60.22298],[10.38713,60.22298],[10.38713,60.22299]]]]},"properties":{"a":19364,"v":69719,"dh":3.6,"pl":2,"pn":"E16 Eggemoen - Olum","pd":"2024-06-11","c":0}},{"type":"Feature","geometry":{"type":"Polygon","coordinates":[[[10.39622,60.22387],[10.39627,60.22383],[10.39596,60.22374],[10.39583,60.22365],[10.39563,60.22363],[10.39556,60.22367],[10.39622,60.22387]]]},"properties":{"a":314,"v":549,"dh":1.75,"pl":2,"pn":"E16 Eggemoen - Olum","pd":"2024-06-11","c":0}},{"type":"Feature","geometry":{"type":"MultiPolygon","coordinates":[[[[10.39881,60.22417],[10.39839,60.22399],[10.39837,60.22393],[10.39814,60.2238],[10.39802,60.22377],[10.39789,60.22379],[10.398,60.22391],[10.39824,60.22402],[10.39881,60.22417]]],[[[10.39881,60.22417],[10.39883,60.22419],[10.39885,60.22419],[10.39885,60.22417],[10.39881,60.22417]]]]},"properties":{"a":504,"v":-751,"dh":1.49,"pl":2,"pn":"E16 Eggemoen - Olum","pd":"2024-06-11","fo":1,"c":0}},{"type":"Feature","geometry":{"type":"Polygon","coordinates":[[[10.38899,60.22595],[10.38733,60.22474],[10.38713,60.22462],[10.38749,60.22493],[10.38815,60.22538],[10.38829,60.22553],[10.38888,60.22594],[10.38899,60.22595]]]},"properties":{"a":557,"v":641,"dh":1.15,"pl":2,"pn":"E16 Eggemoen - Olum","pd":"2024-06-11","c":0}},{"type":"Feature","geometry":{"type":"MultiPolygon","coordinates":[[[[10.38834,60.22582],[10.38832,60.22582],[10.38834,60.22582],[10.38834,60.22582]]],[[[10.38836,60.22584],[10.3886,60.22603],[10.38873,60.2261],[10.38867,60.22604],[10.38872,60.22602],[10.38846,60.22581],[10.38835,60.22578],[10.38839,60.22584],[10.38836,60.22584]]]]},"properties":{"a":192,"v":-147,"dh":0.77,"pl":2,"pn":"E16 Eggemoen - Olum","pd":"2024-06-11","sh":1,"c":0}},{"type":"Feature","geometry":{"type":"MultiPolygon","coordinates":[[[[10.38902,60.22614],[10.389,60.22615],[10.38902,60.22615],[10.38902,60.22614]]],[[[10.38904,60.22618],[10.38961,60.22654],[10.39062,60.22698],[10.39018,60.22673],[10.39008,60.2266],[10.38975,60.22649],[10.38916,60.22613],[10.38905,60.22609],[10.38904,60.22618]]]]},"properties":{"a":1033,"v":-1772,"dh":1.72,"pl":2,"pn":"E16 Eggemoen - Olum","pd":"2024-06-11","fo":1,"c":0}},{"type":"Feature","geometry":{"type":"Polygon","coordinates":[[[10.39992,60.22306],[10.40012,60.22307],[10.40031,60.22292],[10.40035,60.22296],[10.40042,60.22291],[10.4002,60.22284],[10.39996,60.22282],[10.39993,60.22294],[10.39997,60.223],[10.39992,60.22306]]]},"properties":{"a":467,"v":844,"dh":1.81,"pl":0,"sl":1,"c":18}},{"type":"Feature","geometry":{"type":"Polygon","coordinates":[[[10.39929,60.22434],[10.3995,60.22434],[10.3993,60.22422],[10.39899,60.22414],[10.39921,60.22423],[10.39923,60.22428],[10.39928,60.22427],[10.39929,60.22434]]]},"properties":{"a":161,"v":155,"dh":0.96,"pl":2,"pn":"E16 Eggemoen - Olum","pd":"2024-06-11","sh":1,"c":0}},{"type":"Feature","geometry":{"type":"Polygon","coordinates":[[[10.39984,60.22468],[10.4,60.22466],[10.39973,60.22451],[10.39898,60.22431],[10.39909,60.22442],[10.39944,60.22459],[10.39984,60.22468]]]},"properties":{"a":721,"v":1123,"dh":1.56,"pl":2,"pn":"E16 Eggemoen - Olum","pd":"2024-06-11","fo":1,"c":0}},{"type":"Feature","geometry":{"type":"Polygon","coordinates":[[[10.399,60.22483],[10.39858,60.22462],[10.39845,60.22465],[10.39856,60.22474],[10.39887,60.22483],[10.399,60.22483]],[[10.39891,60.22482],[10.39893,60.22481],[10.39893,60.22482],[10.39891,60.22482]]]},"properties":{"a":244,"v":190,"dh":0.78,"pl":2,"pn":"E16 Eggemoen - Olum","pd":"2024-06-11","sh":1,"c":0}},{"type":"Feature","geometry":{"type":"MultiPolygon","coordinates":[[[[10.39799,60.22397],[10.39797,60.22398],[10.39799,60.22398],[10.39799,60.22397]]],[[[10.39778,60.22422],[10.39777,60.22423],[10.3978,60.22423],[10.39778,60.22422]]],[[[10.39782,60.22423],[10.3978,60.22424],[10.39782,60.22424],[10.39782,60.22423]]],[[[10.40085,60.22548],[10.40041,60.22524],[10.40053,60.22517],[10.40049,60.22513],[10.40049,60.22507],[10.40056,60.22508],[10.40053,60.22504],[10.40063,60.225],[10.40085,60.22504],[10.40085,60.22499],[10.40064,60.2248],[10.40051,60.22478],[10.40027,60.22464],[10.39982,60.22451],[10.40021,60.22476],[10.40008,60.22471],[10.39965,60.22473],[10.39858,60.22419],[10.39801,60.22398],[10.39799,60.22402],[10.39816,60.22411],[10.39823,60.22418],[10.39822,60.22422],[10.39806,60.22429],[10.39782,60.22424],[10.39813,60.22443],[10.39856,60.22459],[10.39861,60.22459],[10.39857,60.2245],[10.39879,60.22452],[10.39888,60.22465],[10.39903,60.22469],[10.39916,60.2248],[10.39927,60.22478],[10.39936,60.22487],[10.39956,60.22493],[10.39964,60.22504],[10.39979,60.22505],[10.39993,60.22516],[10.40014,60.22523],[10.40021,60.22521],[10.40036,60.22531],[10.40085,60.22548]]],[[[10.40085,60.22549],[10.40087,60.22548],[10.40085,60.22548],[10.40085,60.22549]]],[[[10.40087,60.22549],[10.4012,60.22565],[10.4014,60.22571],[10.40087,60.22549]]]]},"properties":{"a":6120,"v":-14927,"dh":2.44,"pl":2,"pn":"E16 Eggemoen - Olum","pd":"2024-06-11","c":0}},{"type":"Feature","geometry":{"type":"MultiPolygon","coordinates":[[[[10.40086,60.22532],[10.40121,60.2254],[10.40119,60.22535],[10.40083,60.22507],[10.40067,60.22507],[10.4006,60.22515],[10.40077,60.22525],[10.40061,60.22524],[10.40059,60.22528],[10.40081,60.22541],[10.40092,60.22545],[10.40097,60.22541],[10.4009,60.22541],[10.40086,60.22532]],[[10.40067,60.2251],[10.40069,60.22512],[10.40067,60.22512],[10.40067,60.2251]]],[[[10.40099,60.2254],[10.40097,60.22541],[10.40099,60.22541],[10.40099,60.2254]]],[[[10.40116,60.22543],[10.40112,60.22541],[10.40112,60.22543],[10.40116,60.22543]]]]},"properties":{"a":688,"v":829,"dh":1.21,"pl":2,"pn":"E16 Eggemoen - Olum","pd":"2024-06-11","fo":1,"c":0}},{"type":"Feature","geometry":{"type":"MultiPolygon","coordinates":[[[[10.40128,60.22544],[10.40132,60.22545],[10.40132,60.22544],[10.40128,60.22544]]],[[[10.40132,60.22545],[10.40139,60.22553],[10.40131,60.22562],[10.40153,60.22571],[10.40156,60.22568],[10.40149,60.22563],[10.40167,60.22565],[10.40172,60.2256],[10.40234,60.22578],[10.40238,60.22582],[10.40251,60.22581],[10.40172,60.22554],[10.40132,60.22545]]],[[[10.40155,60.22571],[10.40157,60.22572],[10.40157,60.22571],[10.40155,60.22571]]],[[[10.40157,60.22572],[10.40162,60.22574],[10.40162,60.22572],[10.40157,60.22572]]]]},"properties":{"a":536,"v":576,"dh":1.07,"pl":2,"pn":"E16 Eggemoen - Olum","pd":"2024-06-11","fo":1,"c":0}},{"type":"Feature","geometry":{"type":"MultiPolygon","coordinates":[[[[10.40045,60.22572],[10.40035,60.22563],[10.40072,60.22573],[10.40077,60.22578],[10.40069,60.22589],[10.40109,60.22609],[10.40165,60.22609],[10.402,60.22626],[10.40215,60.22624],[10.40169,60.22607],[10.40165,60.22602],[10.40224,60.22621],[10.40236,60.22616],[10.40232,60.22612],[10.40223,60.22614],[10.40227,60.22611],[10.40223,60.22608],[10.40185,60.22601],[10.40166,60.22588],[10.40082,60.2256],[10.39962,60.22508],[10.40086,60.22571],[10.40079,60.2257],[10.39955,60.22512],[10.39971,60.22534],[10.39982,60.22533],[10.4,60.2254],[10.39995,60.22548],[10.4001,60.22556],[10.40004,60.2256],[10.39995,60.22559],[10.39999,60.22565],[10.40032,60.22573],[10.40045,60.22572]],[[10.4022,60.2261],[10.40218,60.22611],[10.40218,60.2261],[10.4022,60.2261]],[[10.40013,60.22555],[10.40011,60.22557],[10.40011,60.22555],[10.40013,60.22555]]],[[[10.40046,60.22568],[10.40044,60.22569],[10.40046,60.22569],[10.40046,60.22568]]],[[[10.40173,60.22617],[10.40175,60.22618],[10.40175,60.22617],[10.40173,60.22617]]],[[[10.40175,60.22619],[10.40178,60.22618],[10.40175,60.22618],[10.40175,60.22619]]]]},"properties":{"a":3895,"v":5640,"dh":1.45,"pl":2,"pn":"E16 Eggemoen - Olum","pd":"2024-06-11","c":0}},{"type":"Feature","geometry":{"type":"Polygon","coordinates":[[[10.40361,60.22623],[10.40357,60.22617],[10.40302,60.22593],[10.40273,60.22589],[10.40279,60.22597],[10.40361,60.22623]]]},"properties":{"a":403,"v":476,"dh":1.18,"pl":2,"pn":"E16 Eggemoen - Olum","pd":"2024-06-11","fo":1,"c":0}},{"type":"Feature","geometry":{"type":"Polygon","coordinates":[[[10.40279,60.22644],[10.40275,60.22638],[10.40227,60.22626],[10.40259,60.2264],[10.40279,60.22644]]]},"properties":{"a":125,"v":-127,"dh":1.02,"pl":2,"pn":"E16 Eggemoen - Olum","pd":"2024-06-11","fo":1,"c":0}},{"type":"Feature","geometry":{"type":"MultiPolygon","coordinates":[[[[10.38934,60.22655],[10.38936,60.22656],[10.38936,60.22655],[10.38934,60.22655]]],[[[10.38938,60.22657],[10.38936,60.22656],[10.38936,60.22657],[10.38938,60.22657]]],[[[10.39047,60.22709],[10.39039,60.22706],[10.39039,60.22702],[10.39006,60.22688],[10.38982,60.22676],[10.38978,60.22676],[10.38978,60.22675],[10.38977,60.22675],[10.38977,60.22674],[10.38975,60.22674],[10.38975,60.22673],[10.38973,60.22673],[10.38973,60.22673],[10.38971,60.22673],[10.38971,60.22672],[10.38969,60.22672],[10.38969,60.22671],[10.38967,60.22671],[10.38967,60.2267],[10.38966,60.2267],[10.38965,60.22669],[10.38964,60.22669],[10.38964,60.22668],[10.38962,60.22668],[10.38962,60.22667],[10.3896,60.22667],[10.3896,60.22666],[10.38958,60.22666],[10.38958,60.22666],[10.38956,60.22666],[10.38956,60.22665],[10.38954,60.22665],[10.38954,60.22664],[10.38953,60.22664],[10.38953,60.22663],[10.38951,60.22663],[10.38951,60.22662],[10.38949,60.22662],[10.38949,60.22661],[10.38947,60.22661],[10.38947,60.2266],[10.38945,60.2266],[10.38945,60.22659],[10.38943,60.22659],[10.38943,60.22659],[10.38942,60.22659],[10.38942,60.22658],[10.3894,60.22658],[10.3894,60.22657],[10.38938,60.22657],[10.38953,60.22667],[10.38953,60.22677],[10.38971,60.22678],[10.38988,60.22691],[10.3901,60.22696],[10.39027,60.22706],[10.39047,60.22709]]],[[[10.3905,60.22711],[10.39048,60.2271],[10.39049,60.22711],[10.3905,60.22711]]]]},"properties":{"a":504,"v":-652,"dh":1.29,"pl":2,"pn":"E16 Eggemoen - Olum","pd":"2024-06-11","fo":1,"c":0}},{"type":"Feature","geometry":{"type":"MultiPolygon","coordinates":[[[[10.39094,60.22714],[10.39097,60.22715],[10.39097,60.22713],[10.39094,60.22714]]],[[[10.39115,60.22739],[10.39117,60.2274],[10.39117,60.22739],[10.39115,60.22739]]],[[[10.39201,60.22762],[10.39175,60.22747],[10.39204,60.22757],[10.39243,60.22782],[10.39276,60.22795],[10.39252,60.22777],[10.39241,60.22778],[10.39248,60.22775],[10.3924,60.22768],[10.39228,60.22765],[10.39213,60.22752],[10.39141,60.22721],[10.39122,60.22706],[10.39098,60.22697],[10.39086,60.22697],[10.39081,60.22701],[10.39123,60.22722],[10.39097,60.22715],[10.39109,60.22723],[10.39103,60.22724],[10.39078,60.22716],[10.39076,60.22721],[10.39096,60.22731],[10.3908,60.22727],[10.39071,60.22731],[10.39086,60.22733],[10.39086,60.22739],[10.39097,60.2274],[10.39102,60.22748],[10.3912,60.22746],[10.39113,60.2274],[10.39116,60.22738],[10.39172,60.22759],[10.39175,60.22758],[10.39166,60.2275],[10.39201,60.22762]],[[10.39102,60.22734],[10.39104,60.22737],[10.391,60.22737],[10.39102,60.22734]],[[10.39141,60.22732],[10.3914,60.22731],[10.39141,60.22731],[10.39141,60.22732]],[[10.39138,60.2273],[10.39136,60.22729],[10.39138,60.22729],[10.39138,60.2273]]],[[[10.39202,60.22762],[10.39201,60.22762],[10.39201,60.22763],[10.39202,60.22763],[10.39202,60.22762]]],[[[10.39202,60.22763],[10.39204,60.22764],[10.39204,60.22763],[10.39202,60.22763]]],[[[10.39204,60.22764],[10.39206,60.22764],[10.39204,60.22764],[10.39204,60.22764]]],[[[10.39208,60.22764],[10.39206,60.22765],[10.39208,60.22765],[10.39208,60.22764]]],[[[10.39208,60.22766],[10.3921,60.22765],[10.39208,60.22765],[10.39208,60.22766]]],[[[10.3921,60.22767],[10.39212,60.22766],[10.3921,60.22766],[10.3921,60.22767]]],[[[10.39274,60.22797],[10.39276,60.22796],[10.39274,60.22796],[10.39274,60.22797]]]]},"properties":{"a":2304,"v":2222,"dh":0.96,"pl":2,"pn":"E16 Eggemoen - Olum","pd":"2024-06-11","c":0}},{"type":"Feature","geometry":{"type":"Polygon","coordinates":[[[10.39237,60.22818],[10.39244,60.22816],[10.3924,60.2281],[10.39196,60.22788],[10.39237,60.22818]]]},"properties":{"a":173,"v":152,"dh":0.88,"pl":2,"pn":"E16 Eggemoen - Olum","pd":"2024-06-11","sh":1,"c":0}},{"type":"Feature","geometry":{"type":"Polygon","coordinates":[[[10.39324,60.22854],[10.39284,60.22823],[10.39214,60.22789],[10.39262,60.22819],[10.39294,60.22845],[10.39324,60.22854]]]},"properties":{"a":501,"v":-658,"dh":1.31,"pl":2,"pn":"E16 Eggemoen - Olum","pd":"2024-06-11","fo":1,"c":0}},{"type":"Feature","geometry":{"type":"MultiPolygon","coordinates":[[[[10.39272,60.22799],[10.39271,60.228],[10.39273,60.228],[10.39272,60.22799]]],[[[10.39273,60.228],[10.39323,60.22834],[10.39371,60.22856],[10.39339,60.22826],[10.39317,60.22822],[10.39273,60.228]]]]},"properties":{"a":501,"v":-819,"dh":1.63,"pl":2,"pn":"E16 Eggemoen - Olum","pd":"2024-06-11","fo":1,"c":0}},{"type":"Feature","geometry":{"type":"Polygon","coordinates":[[[10.3937,60.22847],[10.39364,60.22829],[10.3935,60.22828],[10.39365,60.22846],[10.3937,60.22847]]]},"properties":{"a":101,"v":89,"dh":0.88,"pl":2,"pn":"E16 Eggemoen - Olum","pd":"2024-06-11","sh":1,"c":0}},{"type":"Feature","geometry":{"type":"MultiPolygon","coordinates":[[[[10.39341,60.22846],[10.3934,60.22847],[10.39341,60.22847],[10.39341,60.22846]]],[[[10.39341,60.22847],[10.39343,60.22847],[10.39343,60.22847],[10.39341,60.22847]]],[[[10.39343,60.22847],[10.39351,60.22855],[10.39321,60.22846],[10.39342,60.22864],[10.39339,60.22867],[10.39348,60.22872],[10.39348,60.22881],[10.3942,60.22903],[10.39435,60.22917],[10.3948,60.22929],[10.39497,60.2294],[10.39513,60.22944],[10.39529,60.22941],[10.39496,60.22923],[10.39399,60.22894],[10.39377,60.2288],[10.39402,60.22883],[10.39443,60.22895],[10.39444,60.2289],[10.39421,60.22886],[10.39436,60.22874],[10.39434,60.22867],[10.39392,60.22856],[10.39365,60.2286],[10.39343,60.22847]]]]},"properties":{"a":2439,"v":3378,"dh":1.38,"pl":2,"pn":"E16 Eggemoen - Olum","pd":"2024-06-11","c":0}},{"type":"Feature","geometry":{"type":"MultiPolygon","coordinates":[[[[10.39554,60.22924],[10.39519,60.22899],[10.39506,60.22901],[10.39495,60.22896],[10.39497,60.22902],[10.39492,60.22903],[10.39492,60.2291],[10.39519,60.22915],[10.3952,60.2292],[10.39538,60.22929],[10.39554,60.22924]]],[[[10.39554,60.22926],[10.39556,60.22924],[10.39554,60.22924],[10.39554,60.22926]]]]},"properties":{"a":524,"v":585,"dh":1.12,"pl":2,"pn":"E16 Eggemoen - Olum","pd":"2024-06-11","fo":1,"c":0}},{"type":"Feature","geometry":{"type":"MultiPolygon","coordinates":[[[[10.39568,60.22956],[10.39566,60.22957],[10.39568,60.22957],[10.39568,60.22956]]],[[[10.39568,60.22957],[10.3957,60.22959],[10.3957,60.22957],[10.39568,60.22957]]],[[[10.39572,60.22964],[10.39556,60.22966],[10.39554,60.22972],[10.3956,60.22978],[10.39555,60.22979],[10.39555,60.22983],[10.39585,60.23004],[10.39597,60.23003],[10.396,60.22991],[10.39594,60.22976],[10.3957,60.22959],[10.39572,60.22964]]]]},"properties":{"a":752,"v":1037,"dh":1.38,"pl":2,"pn":"E16 Eggemoen - Olum","pd":"2024-06-11","fo":1,"c":0}},{"type":"Feature","geometry":{"type":"MultiPolygon","coordinates":[[[[10.40172,60.22645],[10.402,60.22655],[10.40207,60.2265],[10.40206,60.2264],[10.40166,60.22625],[10.40143,60.22625],[10.40141,60.22629],[10.40148,60.2263],[10.40158,60.22641],[10.40172,60.22645]]],[[[10.40172,60.22647],[10.4016,60.22652],[10.40173,60.22652],[10.40172,60.22647]]]]},"properties":{"a":680,"v":981,"dh":1.44,"pl":2,"pn":"E16 Eggemoen - Olum","pd":"2024-06-11","fo":1,"c":0}},{"type":"Feature","geometry":{"type":"Polygon","coordinates":[[[10.40358,60.22648],[10.4034,60.22639],[10.40307,60.22631],[10.40342,60.22648],[10.40358,60.22648]]]},"properties":{"a":147,"v":-156,"dh":1.06,"pl":2,"pn":"E16 Eggemoen - Olum","pd":"2024-06-11","fo":1,"c":0}},{"type":"Feature","geometry":{"type":"MultiPolygon","coordinates":[[[[10.40331,60.22649],[10.4033,60.22648],[10.4033,60.22649],[10.40331,60.22649]]],[[[10.40486,60.22678],[10.40441,60.22671],[10.40369,60.2265],[10.40364,60.2265],[10.40368,60.22657],[10.40359,60.22659],[10.40317,60.22648],[10.40315,60.22644],[10.40304,60.22649],[10.40286,60.22645],[10.40303,60.22653],[10.40301,60.22659],[10.40305,60.2266],[10.40354,60.22671],[10.40416,60.22678],[10.40496,60.22695],[10.40517,60.22695],[10.40517,60.22689],[10.40523,60.22687],[10.40559,60.22695],[10.40544,60.22683],[10.40499,60.22674],[10.40486,60.22678]]],[[[10.40486,60.22676],[10.40484,60.22676],[10.40486,60.22676],[10.40486,60.22676]]]]},"properties":{"a":2296,"v":-4230,"dh":1.84,"pl":2,"pn":"E16 Eggemoen - Olum","pd":"2024-06-11","c":0}},{"type":"Feature","geometry":{"type":"MultiPolygon","coordinates":[[[[10.40593,60.22765],[10.40609,60.22762],[10.40624,60.22773],[10.40643,60.22762],[10.40649,60.22765],[10.40633,60.22773],[10.4064,60.22774],[10.40645,60.22769],[10.40667,60.22763],[10.40652,60.22759],[10.40668,60.22752],[10.40664,60.22746],[10.4068,60.22742],[10.40673,60.22736],[10.40707,60.2274],[10.40676,60.22724],[10.4069,60.2272],[10.40683,60.22717],[10.40692,60.22715],[10.40703,60.22695],[10.40691,60.22692],[10.4065,60.22714],[10.4063,60.22715],[10.40621,60.22707],[10.40599,60.22708],[10.40526,60.22689],[10.40523,60.22694],[10.40528,60.22699],[10.40507,60.22699],[10.40392,60.22677],[10.40358,60.22677],[10.40336,60.22666],[10.40321,60.22666],[10.40316,60.22678],[10.40298,60.22682],[10.4022,60.22666],[10.40233,60.22672],[10.4023,60.22675],[10.40237,60.2268],[10.40228,60.2269],[10.40249,60.22696],[10.40264,60.22711],[10.40305,60.22717],[10.40307,60.22721],[10.403,60.2273],[10.40321,60.2274],[10.40344,60.22744],[10.40356,60.22753],[10.40383,60.22757],[10.40417,60.22753],[10.40415,60.22757],[10.40421,60.2276],[10.40468,60.22759],[10.40487,60.22747],[10.40495,60.22751],[10.40464,60.22763],[10.40502,60.22762],[10.40515,60.22768],[10.40557,60.22767],[10.40598,60.22761],[10.40589,60.22764],[10.40595,60.22767],[10.40593,60.22765]],[[10.40598,60.22761],[10.406,60.2276],[10.406,60.22761],[10.40598,60.22761]],[[10.40458,60.22737],[10.40456,60.22738],[10.40456,60.22737],[10.40458,60.22737]],[[10.40456,60.22737],[10.40454,60.22736],[10.40456,60.22736],[10.40456,60.22737]],[[10.40449,60.22735],[10.4044,60.22731],[10.40452,60.22735],[10.40449,60.22735]],[[10.4055,60.22703],[10.4053,60.22698],[10.4055,60.22701],[10.4055,60.22703]]],[[[10.40598,60.22765],[10.406,60.22764],[10.40598,60.22764],[10.40598,60.22765]]]]},"properties":{"a":17132,"v":60798,"dh":3.55,"pl":2,"pn":"E16 Eggemoen - Olum","pd":"2024-06-11","c":0}},{"type":"Feature","geometry":{"type":"Polygon","coordinates":[[[10.40865,60.2276],[10.4087,60.22751],[10.40883,60.22754],[10.40897,60.22747],[10.40863,60.22748],[10.40856,60.22757],[10.40865,60.2276]]]},"properties":{"a":148,"v":127,"dh":0.86,"pl":0,"sh":1,"c":19}},{"type":"Feature","geometry":{"type":"Polygon","coordinates":[[[10.4029,60.22778],[10.40322,60.22771],[10.40358,60.22768],[10.40315,60.22765],[10.40279,60.2277],[10.40277,60.22773],[10.4029,60.22773],[10.4027,60.22776],[10.4029,60.22778]]]},"properties":{"a":288,"v":-291,"dh":1.01,"pl":0,"fo":1,"c":20}},{"type":"Feature","geometry":{"type":"MultiPolygon","coordinates":[[[[10.40735,60.22835],[10.40733,60.22835],[10.40733,60.22835],[10.40735,60.22835]]],[[[10.40793,60.22885],[10.40822,60.22887],[10.40818,60.2289],[10.4083,60.2291],[10.40852,60.22907],[10.40857,60.22911],[10.40888,60.22916],[10.40902,60.22912],[10.40906,60.22905],[10.40902,60.22903],[10.40905,60.229],[10.40893,60.22898],[10.40909,60.22897],[10.40909,60.22894],[10.40885,60.22892],[10.40869,60.22884],[10.40865,60.22876],[10.40892,60.22871],[10.40925,60.22885],[10.40968,60.22891],[10.40984,60.22883],[10.40989,60.22873],[10.4098,60.22862],[10.4096,60.22857],[10.4095,60.22839],[10.40924,60.22822],[10.40913,60.2282],[10.40905,60.22809],[10.40893,60.22814],[10.40882,60.22809],[10.40858,60.22808],[10.40841,60.22795],[10.40827,60.22798],[10.40803,60.22789],[10.40805,60.22784],[10.40798,60.22784],[10.40801,60.22776],[10.4079,60.22771],[10.40774,60.22772],[10.40762,60.22765],[10.40734,60.22766],[10.40702,60.22787],[10.40697,60.22796],[10.40693,60.22788],[10.40668,60.2279],[10.40626,60.22816],[10.40635,60.22818],[10.40641,60.22827],[10.40661,60.22836],[10.40688,60.22841],[10.40708,60.22835],[10.40711,60.22829],[10.407,60.22828],[10.407,60.22821],[10.40683,60.22817],[10.40674,60.22809],[10.40665,60.2281],[10.40665,60.22805],[10.40699,60.22799],[10.4082,60.22838],[10.40831,60.2285],[10.4084,60.22849],[10.40837,60.22857],[10.40843,60.22869],[10.40838,60.22876],[10.40814,60.22864],[10.40815,60.22858],[10.4081,60.22857],[10.40809,60.2285],[10.40797,60.22854],[10.40794,60.22838],[10.40767,60.22839],[10.40753,60.22829],[10.40738,60.22834],[10.40732,60.22845],[10.40724,60.22845],[10.40731,60.2284],[10.40728,60.22838],[10.40731,60.22832],[10.40719,60.22842],[10.40708,60.22843],[10.40712,60.22844],[10.4071,60.22848],[10.40726,60.22847],[10.4073,60.22851],[10.4074,60.2284],[10.40742,60.22845],[10.40735,60.22852],[10.40744,60.22852],[10.40743,60.22867],[10.40756,60.22878],[10.40766,60.2288],[10.40778,60.22872],[10.40796,60.2287],[10.40794,60.22878],[10.40798,60.22881],[10.40793,60.22885]],[[10.40742,60.22834],[10.40749,60.22837],[10.4074,60.22838],[10.40742,60.22834]],[[10.408,60.22885],[10.40798,60.22884],[10.408,60.22884],[10.408,60.22885]],[[10.40893,60.2291],[10.40891,60.22911],[10.40891,60.2291],[10.40893,60.2291]],[[10.40882,60.22908],[10.4089,60.22907],[10.4089,60.22909],[10.40882,60.22908]],[[10.40882,60.22903],[10.40889,60.22903],[10.40889,60.22907],[10.40884,60.22907],[10.40882,60.22903]],[[10.40813,60.22859],[10.40812,60.2286],[10.40812,60.22859],[10.40813,60.22859]],[[10.40693,60.22829],[10.40691,60.2283],[10.40691,60.22829],[10.40693,60.22829]]],[[[10.40708,60.22845],[10.40706,60.22847],[10.40708,60.22846],[10.40708,60.22845]]],[[[10.40977,60.22894],[10.40984,60.22887],[10.40967,60.22894],[10.40977,60.22894]]],[[[10.40913,60.22898],[10.40909,60.22897],[10.40909,60.22899],[10.40913,60.22898]]]]},"properties":{"a":13566,"v":43575,"dh":3.21,"pl":2,"pn":"E16 Eggemoen - Olum","pd":"2024-06-11","c":0}},{"type":"Feature","geometry":{"type":"Polygon","coordinates":[[[10.41147,60.22941],[10.41151,60.22936],[10.4114,60.22932],[10.41105,60.22931],[10.41147,60.22941]]]},"properties":{"a":127,"v":133,"dh":1.05,"pl":2,"pn":"E16 Eggemoen - Olum","pd":"2024-06-11","fo":1,"c":0}},{"type":"Feature","geometry":{"type":"Polygon","coordinates":[[[10.41328,60.22946],[10.41313,60.22938],[10.41302,60.22922],[10.41286,60.22928],[10.41304,60.2294],[10.41328,60.22946]]]},"properties":{"a":195,"v":202,"dh":1.04,"pl":2,"pn":"E16 Eggemoen - Olum","pd":"2024-06-11","fo":1,"c":0}},{"type":"Feature","geometry":{"type":"MultiPolygon","coordinates":[[[[10.41041,60.22862],[10.41039,60.22863],[10.41041,60.22863],[10.41041,60.22862]]],[[[10.41213,60.22912],[10.41211,60.22913],[10.41213,60.22913],[10.41213,60.22912]]],[[[10.41242,60.22923],[10.41241,60.22924],[10.41242,60.22924],[10.41242,60.22923]]],[[[10.40995,60.22889],[10.41003,60.22894],[10.41013,60.22892],[10.4101,60.22894],[10.41023,60.22895],[10.41036,60.22903],[10.41081,60.2291],[10.41114,60.22925],[10.4114,60.22928],[10.4118,60.22943],[10.41269,60.22962],[10.4129,60.22974],[10.41295,60.22974],[10.41289,60.2297],[10.41293,60.22969],[10.41348,60.2299],[10.41363,60.2299],[10.41385,60.23005],[10.41397,60.23005],[10.41398,60.23012],[10.41412,60.23018],[10.41434,60.2302],[10.41429,60.23015],[10.41459,60.23013],[10.4148,60.23024],[10.41562,60.23043],[10.41581,60.23042],[10.41588,60.23034],[10.41579,60.23029],[10.41597,60.23027],[10.41611,60.23021],[10.41549,60.23004],[10.41536,60.22996],[10.41522,60.22996],[10.41523,60.22993],[10.41514,60.2299],[10.41496,60.2299],[10.41479,60.22981],[10.41317,60.22931],[10.41352,60.22953],[10.41323,60.2295],[10.41292,60.22937],[10.41248,60.22928],[10.412,60.22909],[10.41187,60.22908],[10.4118,60.22901],[10.41158,60.22899],[10.4114,60.22889],[10.41118,60.22888],[10.41109,60.22879],[10.41089,60.22878],[10.41085,60.22872],[10.41069,60.22873],[10.41067,60.2287],[10.41037,60.22864],[10.41039,60.22861],[10.41017,60.22854],[10.40995,60.22852],[10.40986,60.22849],[10.40988,60.22844],[10.40981,60.22845],[10.40984,60.22844],[10.4098,60.22838],[10.40951,60.22832],[10.40947,60.22828],[10.40946,60.22835],[10.40961,60.22845],[10.40963,60.22855],[10.40983,60.22861],[10.40996,60.22874],[10.40995,60.2288],[10.41003,60.2289],[10.40995,60.22889]],[[10.41277,60.22935],[10.41275,60.22936],[10.41275,60.22935],[10.41277,60.22935]],[[10.41003,60.22892],[10.41004,60.22891],[10.41006,60.22892],[10.41003,60.22892]],[[10.415,60.23002],[10.41498,60.23002],[10.415,60.23002],[10.415,60.23002]],[[10.41498,60.23002],[10.41497,60.23001],[10.41498,60.23001],[10.41498,60.23002]],[[10.41453,60.22989],[10.4146,60.22987],[10.4146,60.22988],[10.41453,60.22989]],[[10.41178,60.22906],[10.41182,60.22904],[10.41182,60.22907],[10.41178,60.22906]]]]},"properties":{"a":14737,"v":-60502,"dh":4.11,"pl":2,"pn":"E16 Eggemoen - Olum","pd":"2024-06-11","c":0}},{"type":"Feature","geometry":{"type":"Polygon","coordinates":[[[10.40977,60.22959],[10.40973,60.22957],[10.41,60.22957],[10.41007,60.2295],[10.4098,60.2295],[10.40992,60.22945],[10.40979,60.22941],[10.40981,60.22936],[10.40974,60.22937],[10.40962,60.22947],[10.40969,60.22952],[10.4096,60.22958],[10.40977,60.22959]]]},"properties":{"a":338,"v":347,"dh":1.03,"pl":0,"sl":1,"c":21}},{"type":"Feature","geometry":{"type":"Polygon","coordinates":[[[10.41222,60.22961],[10.41283,60.22977],[10.41279,60.22972],[10.41257,60.22963],[10.41215,60.2296],[10.41182,60.22949],[10.41197,60.22962],[10.41186,60.22964],[10.41188,60.22968],[10.41222,60.22961]]]},"properties":{"a":365,"v":350,"dh":0.96,"pl":2,"pn":"E16 Eggemoen - Olum","pd":"2024-06-11","sh":1,"c":0}},{"type":"Feature","geometry":{"type":"MultiPolygon","coordinates":[[[[10.41558,60.22993],[10.41538,60.22991],[10.41476,60.22977],[10.41554,60.23],[10.41565,60.22998],[10.41558,60.22993]]],[[[10.41565,60.22994],[10.41563,60.22993],[10.41563,60.22994],[10.41565,60.22994]]]]},"properties":{"a":193,"v":176,"dh":0.91,"pl":2,"pn":"E16 Eggemoen - Olum","pd":"2024-06-11","sh":1,"c":0}},{"type":"Feature","geometry":{"type":"MultiPolygon","coordinates":[[[[10.41336,60.23002],[10.41332,60.22999],[10.41335,60.22992],[10.41322,60.2298],[10.41304,60.22976],[10.41288,60.22979],[10.41295,60.22985],[10.41294,60.22991],[10.4132,60.23002],[10.41336,60.23002]]],[[[10.41338,60.23005],[10.4134,60.23004],[10.41338,60.23004],[10.41338,60.23005]]]]},"properties":{"a":443,"v":706,"dh":1.59,"pl":2,"pn":"E16 Eggemoen - Olum","pd":"2024-06-11","fo":1,"c":0}},{"type":"Feature","geometry":{"type":"Polygon","coordinates":[[[10.41716,60.23014],[10.41728,60.23012],[10.41723,60.23008],[10.41744,60.2301],[10.41746,60.23002],[10.4172,60.22987],[10.41693,60.22984],[10.41704,60.23002],[10.41719,60.23006],[10.41716,60.23014]]]},"properties":{"a":503,"v":855,"dh":1.7,"pl":2,"pn":"E16 Eggemoen - Olum","pd":"2024-06-11","fo":1,"c":0}},{"type":"Feature","geometry":{"type":"MultiPolygon","coordinates":[[[[10.41298,60.23039],[10.41283,60.23033],[10.4133,60.23038],[10.41332,60.23043],[10.41347,60.23043],[10.4138,60.23055],[10.41392,60.23053],[10.41394,60.23056],[10.41389,60.23056],[10.41393,60.23058],[10.41411,60.23063],[10.41404,60.23067],[10.41404,60.23075],[10.41413,60.23081],[10.41442,60.23081],[10.41468,60.23089],[10.41474,60.23096],[10.41495,60.23099],[10.41475,60.23083],[10.41478,60.2308],[10.41416,60.23054],[10.41346,60.23036],[10.41259,60.23025],[10.41133,60.22991],[10.41073,60.22965],[10.41028,60.22932],[10.40978,60.22914],[10.40973,60.22916],[10.40993,60.22926],[10.40977,60.22925],[10.40983,60.22931],[10.40999,60.22931],[10.41008,60.22942],[10.41019,60.22946],[10.41018,60.22949],[10.41028,60.22948],[10.4103,60.22945],[10.41021,60.22941],[10.41032,60.2294],[10.41036,60.2295],[10.41032,60.22953],[10.41062,60.22972],[10.41075,60.22971],[10.41101,60.22987],[10.41143,60.22998],[10.41172,60.23012],[10.41236,60.23027],[10.41258,60.23027],[10.41261,60.23032],[10.41256,60.23033],[10.41258,60.23036],[10.41272,60.23034],[10.41269,60.23032],[10.4127,60.2303],[10.41279,60.23033],[10.41276,60.23037],[10.41298,60.23039]],[[10.41148,60.22998],[10.4115,60.22999],[10.41148,60.22999],[10.41148,60.22998]]],[[[10.413,60.23041],[10.41305,60.2304],[10.413,60.2304],[10.413,60.23041]]]]},"properties":{"a":3337,"v":3936,"dh":1.18,"pl":2,"pn":"E16 Eggemoen - Olum","pd":"2024-06-11","c":0}},{"type":"Feature","geometry":{"type":"MultiPolygon","coordinates":[[[[10.41695,60.23035],[10.41711,60.23035],[10.41715,60.2303],[10.41696,60.23027],[10.41695,60.23035]]],[[[10.41693,60.23037],[10.41695,60.23026],[10.41687,60.23025],[10.41688,60.23032],[10.41684,60.23032],[10.41678,60.23023],[10.41665,60.23022],[10.41683,60.23042],[10.41695,60.23042],[10.41697,60.23036],[10.41693,60.23037]]]]},"properties":{"a":274,"v":-329,"dh":1.2,"pl":2,"pn":"E16 Eggemoen - Olum","pd":"2024-06-11","fo":1,"c":0}},{"type":"Feature","geometry":{"type":"Polygon","coordinates":[[[10.41866,60.23071],[10.41806,60.2305],[10.41779,60.23025],[10.41765,60.23022],[10.41798,60.2305],[10.41822,60.23059],[10.41822,60.23063],[10.41866,60.23071]]]},"properties":{"a":281,"v":-338,"dh":1.2,"pl":2,"pn":"E16 Eggemoen - Olum","pd":"2024-06-11","fo":1,"c":0}},{"type":"Feature","geometry":{"type":"Polygon","coordinates":[[[10.41804,60.23058],[10.41787,60.23044],[10.41776,60.2304],[10.41775,60.23052],[10.41795,60.23054],[10.41793,60.23057],[10.41797,60.23059],[10.41804,60.23058]],[[10.41801,60.23057],[10.41799,60.23058],[10.41799,60.23057],[10.41801,60.23057]]]},"properties":{"a":122,"v":126,"dh":1.04,"pl":2,"pn":"E16 Eggemoen - Olum","pd":"2024-06-11","fo":1,"c":0}},{"type":"Feature","geometry":{"type":"Polygon","coordinates":[[[10.41473,60.23075],[10.41445,60.23055],[10.41492,60.23061],[10.41517,60.23057],[10.41548,60.23066],[10.41553,60.23061],[10.41535,60.23058],[10.41511,60.23044],[10.41453,60.2303],[10.41421,60.23038],[10.41417,60.23048],[10.41399,60.23043],[10.41408,60.23051],[10.41434,60.23057],[10.41473,60.23075]],[[10.41502,60.23047],[10.41504,60.23046],[10.41504,60.23047],[10.41502,60.23047]]]},"properties":{"a":1535,"v":-3801,"dh":2.48,"pl":2,"pn":"E16 Eggemoen - Olum","pd":"2024-06-11","fo":1,"c":0}},{"type":"Feature","geometry":{"type":"MultiPolygon","coordinates":[[[[10.41474,60.23068],[10.41491,60.2308],[10.41509,60.23084],[10.41555,60.2311],[10.41572,60.23114],[10.41568,60.23118],[10.41576,60.23123],[10.41599,60.23119],[10.41604,60.23109],[10.41617,60.23104],[10.4164,60.23104],[10.41655,60.23109],[10.41661,60.2312],[10.41655,60.23122],[10.41664,60.23122],[10.4167,60.23127],[10.41698,60.23113],[10.41703,60.23093],[10.41712,60.2309],[10.41707,60.2307],[10.41714,60.2307],[10.41711,60.23041],[10.41686,60.23045],[10.4166,60.23027],[10.41665,60.2301],[10.41676,60.23012],[10.41677,60.23007],[10.41683,60.23008],[10.41678,60.23011],[10.41678,60.23018],[10.41683,60.2302],[10.41685,60.23006],[10.4167,60.23006],[10.41661,60.23001],[10.41662,60.22992],[10.41675,60.22992],[10.41685,60.22984],[10.41685,60.22979],[10.41676,60.22974],[10.41644,60.2298],[10.41628,60.2299],[10.41631,60.23012],[10.41604,60.23027],[10.41583,60.2303],[10.41592,60.23037],[10.4156,60.23055],[10.41561,60.23061],[10.41566,60.23063],[10.41563,60.23068],[10.41521,60.23061],[10.41512,60.23063],[10.41529,60.23071],[10.41485,60.23074],[10.41474,60.23068]],[[10.41546,60.23088],[10.41551,60.23089],[10.41546,60.2309],[10.41546,60.23088]],[[10.41489,60.23076],[10.41491,60.23077],[10.41489,60.23077],[10.41489,60.23076]],[[10.41654,60.23004],[10.41656,60.23005],[10.41654,60.23005],[10.41654,60.23004]]],[[[10.41472,60.23066],[10.41471,60.23066],[10.41472,60.23066],[10.41472,60.23066]]]]},"properties":{"a":9676,"v":42817,"dh":4.43,"pl":2,"pn":"E16 Eggemoen - Olum","pd":"2024-06-11","c":0}},{"type":"Feature","geometry":{"type":"Polygon","coordinates":[[[10.41892,60.23091],[10.41894,60.23085],[10.41886,60.23076],[10.41893,60.23071],[10.41893,60.23065],[10.41881,60.23072],[10.41854,60.23075],[10.41856,60.23087],[10.41883,60.23086],[10.41892,60.23091]]]},"properties":{"a":360,"v":511,"dh":1.42,"pl":2,"pn":"E16 Eggemoen - Olum","pd":"2024-06-11","fo":1,"c":0}},{"type":"Feature","geometry":{"type":"MultiPolygon","coordinates":[[[[10.41969,60.23105],[10.41936,60.23097],[10.41928,60.23091],[10.41918,60.23092],[10.41923,60.23101],[10.41938,60.23106],[10.41969,60.23105]]],[[[10.41969,60.23106],[10.41998,60.23111],[10.42014,60.2311],[10.41969,60.23106]]]]},"properties":{"a":269,"v":-387,"dh":1.44,"pl":2,"pn":"E16 Eggemoen - Olum","pd":"2024-06-11","fo":1,"c":0}},{"type":"Feature","geometry":{"type":"Polygon","coordinates":[[[10.41955,60.23116],[10.41982,60.23114],[10.41971,60.23109],[10.41955,60.2311],[10.41955,60.23116]]]},"properties":{"a":108,"v":121,"dh":1.12,"pl":2,"pn":"E16 Eggemoen - Olum","pd":"2024-06-11","fo":1,"c":0}},{"type":"Feature","geometry":{"type":"Polygon","coordinates":[[[10.41766,60.23128],[10.41794,60.23116],[10.41794,60.23112],[10.41765,60.23104],[10.4175,60.23107],[10.41747,60.23116],[10.41758,60.23121],[10.41749,60.23128],[10.41766,60.23128]]]},"properties":{"a":461,"v":670,"dh":1.45,"pl":2,"pn":"E16 Eggemoen - Olum","pd":"2024-06-11","fo":1,"c":0}},{"type":"Feature","geometry":{"type":"Polygon","coordinates":[[[10.42089,60.23125],[10.4209,60.23118],[10.42052,60.2311],[10.42057,60.23106],[10.42054,60.23102],[10.42034,60.23104],[10.42041,60.23109],[10.42034,60.23111],[10.42036,60.23116],[10.42089,60.23125]],[[10.4204,60.23113],[10.42041,60.23112],[10.42041,60.23113],[10.4204,60.23113]]]},"properties":{"a":330,"v":356,"dh":1.08,"pl":2,"pn":"E16 Eggemoen - Olum","pd":"2024-06-11","fo":1,"c":0}},{"type":"Feature","geometry":{"type":"MultiPolygon","coordinates":[[[[10.42109,60.23143],[10.42133,60.23135],[10.42125,60.23129],[10.421,60.23124],[10.42102,60.23133],[10.42091,60.23141],[10.42106,60.2314],[10.42109,60.23143]]],[[[10.42124,60.2314],[10.42126,60.23141],[10.42126,60.2314],[10.42124,60.2314]]]]},"properties":{"a":291,"v":443,"dh":1.52,"pl":2,"pn":"E16 Eggemoen - Olum","pd":"2024-06-11","fo":1,"c":0}},{"type":"Feature","geometry":{"type":"MultiPolygon","coordinates":[[[[10.42097,60.23114],[10.42094,60.2311],[10.42086,60.2311],[10.42097,60.23114]]],[[[10.42166,60.23148],[10.42149,60.23139],[10.42151,60.23134],[10.42114,60.2312],[10.42112,60.23113],[10.42097,60.23114],[10.42166,60.23148]]],[[[10.42166,60.23148],[10.42197,60.23164],[10.42233,60.23171],[10.42333,60.23178],[10.42371,60.23172],[10.42343,60.23168],[10.42329,60.23171],[10.42242,60.2317],[10.42193,60.2316],[10.42176,60.23148],[10.42166,60.23148]]]]},"properties":{"a":682,"v":-870,"dh":1.28,"pl":2,"pn":"E16 Eggemoen - Olum","pd":"2024-06-11","fo":1,"c":0}},{"type":"Feature","geometry":{"type":"Polygon","coordinates":[[[10.42168,60.23166],[10.42177,60.23161],[10.42168,60.23152],[10.42131,60.23141],[10.42142,60.23154],[10.42157,60.2316],[10.42157,60.23164],[10.42168,60.23166]]]},"properties":{"a":244,"v":294,"dh":1.2,"pl":2,"pn":"E16 Eggemoen - Olum","pd":"2024-06-11","fo":1,"c":0}},{"type":"Feature","geometry":{"type":"MultiPolygon","coordinates":[[[[10.41926,60.23118],[10.41922,60.23119],[10.41926,60.23119],[10.41926,60.23118]]],[[[10.41883,60.23157],[10.41895,60.23159],[10.41904,60.23156],[10.41908,60.23159],[10.41899,60.23161],[10.41926,60.23169],[10.4197,60.23173],[10.42088,60.23198],[10.42101,60.23196],[10.42132,60.23214],[10.42176,60.23219],[10.42201,60.23217],[10.42225,60.23224],[10.42241,60.23214],[10.42287,60.2321],[10.42267,60.23226],[10.42265,60.23232],[10.42276,60.23237],[10.42309,60.23237],[10.42365,60.2325],[10.42399,60.23251],[10.42409,60.23255],[10.42446,60.23237],[10.42496,60.23238],[10.42487,60.23232],[10.42485,60.23224],[10.42465,60.2322],[10.42468,60.23207],[10.42477,60.23205],[10.42471,60.23202],[10.42444,60.23207],[10.42443,60.23211],[10.42445,60.23213],[10.42448,60.23213],[10.42445,60.2321],[10.42455,60.2321],[10.42447,60.23217],[10.42423,60.2322],[10.42421,60.23216],[10.42396,60.23216],[10.424,60.23211],[10.42374,60.23212],[10.42365,60.23205],[10.4237,60.23201],[10.42357,60.2319],[10.42325,60.232],[10.42319,60.23197],[10.42319,60.23189],[10.42308,60.23189],[10.4231,60.23186],[10.42287,60.23194],[10.42258,60.23195],[10.42208,60.23177],[10.42187,60.23182],[10.42181,60.23177],[10.42167,60.23178],[10.42169,60.23174],[10.4216,60.23174],[10.42159,60.2317],[10.42112,60.23161],[10.42105,60.23154],[10.42074,60.23158],[10.42072,60.23151],[10.42063,60.23155],[10.42043,60.2315],[10.42057,60.23151],[10.42064,60.23146],[10.42021,60.23147],[10.41946,60.23128],[10.41941,60.2312],[10.4191,60.23119],[10.41882,60.23109],[10.41895,60.23102],[10.41876,60.2309],[10.41858,60.23094],[10.41834,60.23087],[10.41795,60.23091],[10.41782,60.23086],[10.41785,60.23082],[10.41767,60.23082],[10.41767,60.23077],[10.41762,60.23078],[10.41763,60.23073],[10.41736,60.23071],[10.41725,60.23057],[10.41718,60.23058],[10.41718,60.23072],[10.41709,60.23071],[10.41715,60.23091],[10.41708,60.23095],[10.41723,60.23103],[10.41725,60.2311],[10.4174,60.23108],[10.41748,60.23101],[10.41788,60.23104],[10.41803,60.23115],[10.41798,60.23119],[10.41804,60.23128],[10.41883,60.23157]],[[10.42452,60.23208],[10.42454,60.23209],[10.42452,60.23209],[10.42452,60.23208]],[[10.41895,60.23157],[10.41871,60.23148],[10.41901,60.23155],[10.41895,60.23157]],[[10.42473,60.2323],[10.42476,60.23229],[10.42476,60.23231],[10.42473,60.2323]],[[10.41869,60.23148],[10.41866,60.23148],[10.41866,60.23148],[10.41869,60.23148]]],[[[10.42376,60.23207],[10.42374,60.23208],[10.42376,60.23208],[10.42376,60.23207]]],[[[10.42372,60.23209],[10.42374,60.23208],[10.42372,60.23208],[10.42372,60.23209]]]]},"properties":{"a":18839,"v":-135131,"dh":7.17,"pl":2,"pn":"E16 Eggemoen - Olum","pd":"2024-06-11","c":0}},{"type":"Feature","geometry":{"type":"Polygon","coordinates":[[[10.4253,60.23264],[10.42559,60.23264],[10.42567,60.23247],[10.42581,60.2324],[10.42552,60.23233],[10.42526,60.23247],[10.42523,60.23258],[10.4253,60.23264]]]},"properties":{"a":705,"v":-995,"dh":1.41,"pl":2,"pn":"E16 Eggemoen - Olum","pd":"2024-06-11","fo":1,"c":0}},{"type":"Feature","geometry":{"type":"MultiPolygon","coordinates":[[[[10.42436,60.23259],[10.42432,60.23262],[10.42438,60.23264],[10.42436,60.23259]]],[[[10.4243,60.23249],[10.42445,60.23262],[10.42444,60.23269],[10.42449,60.23277],[10.42462,60.23283],[10.42477,60.23285],[10.42477,60.23288],[10.42504,60.23285],[10.42496,60.23281],[10.425,60.23278],[10.42496,60.23274],[10.42519,60.23266],[10.42518,60.23247],[10.42507,60.23241],[10.42469,60.23239],[10.4243,60.23249]]]]},"properties":{"a":1803,"v":5369,"dh":2.98,"pl":2,"pn":"E16 Eggemoen - Olum","pd":"2024-06-11","fo":1,"c":0}},{"type":"Feature","geometry":{"type":"Polygon","coordinates":[[[10.4251,60.23313],[10.42543,60.23307],[10.42544,60.233],[10.42553,60.23295],[10.42573,60.23298],[10.42564,60.23304],[10.42588,60.23299],[10.42615,60.23272],[10.42615,60.23266],[10.42606,60.23265],[10.42611,60.23257],[10.4257,60.23267],[10.42567,60.23273],[10.42541,60.23277],[10.42521,60.23274],[10.42525,60.23278],[10.4252,60.23278],[10.42518,60.23285],[10.42499,60.2329],[10.42501,60.23293],[10.42494,60.23303],[10.42507,60.23306],[10.4251,60.23313]],[[10.4254,60.23294],[10.4254,60.23286],[10.4256,60.23284],[10.42547,60.23289],[10.42548,60.23295],[10.4254,60.23294]]]},"properties":{"a":1890,"v":2751,"dh":1.46,"pl":2,"pn":"E16 Eggemoen - Olum","pd":"2024-06-11","fo":1,"c":0}},{"type":"Feature","geometry":{"type":"MultiPolygon","coordinates":[[[[10.42571,60.2333],[10.42622,60.23314],[10.4264,60.23313],[10.42639,60.2331],[10.4266,60.23305],[10.42676,60.23296],[10.4262,60.23305],[10.42601,60.23313],[10.4261,60.23314],[10.42603,60.23319],[10.42588,60.2332],[10.42571,60.2333]]],[[[10.42569,60.23331],[10.42571,60.2333],[10.42569,60.2333],[10.42569,60.23331]]],[[[10.42569,60.23331],[10.42567,60.23332],[10.42569,60.23332],[10.42569,60.23331]]],[[[10.42566,60.23333],[10.42567,60.23332],[10.42566,60.23332],[10.42566,60.23333]]]]},"properties":{"a":412,"v":-448,"dh":1.09,"pl":2,"pn":"E16 Eggemoen - Olum","pd":"2024-06-11","c":0}},{"type":"Feature","geometry":{"type":"Polygon","coordinates":[[[10.42575,60.23344],[10.42614,60.23333],[10.42645,60.23332],[10.42677,60.23317],[10.42698,60.23298],[10.4271,60.23295],[10.42719,60.23287],[10.42699,60.23289],[10.42642,60.23317],[10.42626,60.23317],[10.42584,60.23332],[10.42568,60.23342],[10.42575,60.23344]]]},"properties":{"a":1091,"v":1647,"dh":1.51,"pl":2,"pn":"E16 Eggemoen - Olum","pd":"2024-06-11","c":0}},{"type":"Feature","geometry":{"type":"Polygon","coordinates":[[[10.42755,60.23331],[10.42769,60.23323],[10.42765,60.23321],[10.42769,60.23314],[10.42736,60.23311],[10.42728,60.23298],[10.42725,60.23299],[10.42722,60.23307],[10.42735,60.23316],[10.42731,60.23325],[10.42755,60.23331]]]},"properties":{"a":448,"v":509,"dh":1.14,"pl":2,"pn":"E16 Eggemoen - Olum","pd":"2024-06-11","c":0}},{"type":"Feature","geometry":{"type":"MultiPolygon","coordinates":[[[[10.42625,60.23338],[10.42651,60.23343],[10.42661,60.23338],[10.42661,60.23334],[10.42654,60.2333],[10.42652,60.23339],[10.42645,60.23334],[10.42625,60.23338]]],[[[10.42624,60.23342],[10.4262,60.23342],[10.42626,60.23343],[10.42624,60.23342]]]]},"properties":{"a":135,"v":-123,"dh":0.91,"pl":2,"pn":"E16 Eggemoen - Olum","pd":"2024-06-11","sh":1,"c":0}},{"type":"Feature","geometry":{"type":"Polygon","coordinates":[[[10.42664,60.23362],[10.42655,60.2335],[10.42626,60.23346],[10.42622,60.23348],[10.42631,60.23354],[10.4263,60.23361],[10.42638,60.2337],[10.42649,60.23375],[10.42663,60.23373],[10.42661,60.23364],[10.42664,60.23362]],[[10.42655,60.23356],[10.42653,60.23356],[10.42655,60.23356],[10.42655,60.23356]]]},"properties":{"a":425,"v":-342,"dh":0.8,"pl":2,"pn":"E16 Eggemoen - Olum","pd":"2024-06-11","sh":1,"c":0}},{"type":"Feature","geometry":{"type":"Polygon","coordinates":[[[10.36882,60.22637],[10.36904,60.22638],[10.36899,60.22636],[10.36904,60.22633],[10.36902,60.22625],[10.36882,60.22632],[10.36882,60.22637]]]},"properties":{"a":122,"v":-148,"dh":1.21,"pl":0,"c":4}},{"type":"Feature","geometry":{"type":"Polygon","coordinates":[[[10.37304,60.2267],[10.37322,60.22657],[10.37324,60.22653],[10.37295,60.22666],[10.37297,60.2267],[10.37304,60.2267]]]},"properties":{"a":106,"v":125,"dh":1.18,"pl":1,"pn":"Kistefoss","pd":"2017-06-22","fo":1,"c":5}},{"type":"Feature","geometry":{"type":"Polygon","coordinates":[[[10.37332,60.22717],[10.37356,60.22702],[10.37356,60.227],[10.37347,60.22699],[10.37324,60.22712],[10.37324,60.22716],[10.37332,60.22717]]]},"properties":{"a":109,"v":-202,"dh":1.85,"pl":0,"c":22}},{"type":"Feature","geometry":{"type":"Polygon","coordinates":[[[10.37337,60.2272],[10.37366,60.22706],[10.37366,60.22705],[10.37351,60.22706],[10.37335,60.22716],[10.37337,60.2272]]]},"properties":{"a":121,"v":281,"dh":2.32,"pl":0,"c":22}},{"type":"Feature","geometry":{"type":"Polygon","coordinates":[[[10.36911,60.22834],[10.36929,60.22834],[10.36923,60.22832],[10.36925,60.22829],[10.36939,60.22831],[10.36932,60.22828],[10.36937,60.22825],[10.3693,60.22824],[10.36932,60.22819],[10.36921,60.22815],[10.36905,60.2282],[10.36905,60.22827],[10.36921,60.22828],[10.36911,60.22834]]]},"properties":{"a":234,"v":232,"dh":0.99,"pl":0,"sh":1,"c":23}},{"type":"Feature","geometry":{"type":"Polygon","coordinates":[[[10.36395,60.22909],[10.36424,60.22906],[10.36429,60.22903],[10.36397,60.22902],[10.36381,60.22907],[10.36395,60.22909]],[[10.36394,60.22907],[10.36395,60.22906],[10.36395,60.22907],[10.36394,60.22907]]]},"properties":{"a":105,"v":106,"dh":1.01,"pl":0,"fo":1,"c":24}},{"type":"Feature","geometry":{"type":"Polygon","coordinates":[[[10.34259,60.22812],[10.34264,60.22805],[10.3428,60.22804],[10.3428,60.228],[10.34291,60.22797],[10.34313,60.22796],[10.34316,60.228],[10.34331,60.22793],[10.34338,60.22798],[10.34352,60.22798],[10.34307,60.22784],[10.34311,60.22791],[10.34302,60.22794],[10.34271,60.22794],[10.34214,60.22804],[10.34214,60.22808],[10.34259,60.22806],[10.34254,60.22812],[10.34259,60.22812]]]},"properties":{"a":562,"v":797,"dh":1.42,"pl":1,"pn":"Bergermoen Vest del 1","pd":"1982-07-01","fo":1,"c":16}},{"type":"Feature","geometry":{"type":"Polygon","coordinates":[[[10.34475,60.22838],[10.34469,60.2283],[10.34482,60.22827],[10.34483,60.22819],[10.34469,60.22813],[10.34485,60.22813],[10.34489,60.22823],[10.34505,60.22818],[10.34543,60.22822],[10.34554,60.22827],[10.34564,60.22843],[10.34571,60.22846],[10.34584,60.22845],[10.34585,60.22838],[10.34579,60.2283],[10.34599,60.22819],[10.34538,60.22797],[10.34464,60.22786],[10.34458,60.22811],[10.34463,60.22815],[10.34456,60.22819],[10.34457,60.2283],[10.34461,60.2284],[10.34475,60.22838]],[[10.34464,60.22838],[10.34462,60.22838],[10.34464,60.22838],[10.34464,60.22838]],[[10.34496,60.22819],[10.34498,60.22817],[10.34498,60.22819],[10.34496,60.22819]],[[10.34487,60.22817],[10.3449,60.22816],[10.3449,60.22817],[10.34487,60.22817]],[[10.34466,60.22805],[10.34474,60.22805],[10.34474,60.22808],[10.34467,60.22809],[10.34466,60.22805]]]},"properties":{"a":2545,"v":-4478,"dh":1.76,"pl":1,"pn":"Bergermoen Vest del 2","pd":"1982-01-07","c":11}},{"type":"Feature","geometry":{"type":"Polygon","coordinates":[[[10.33747,60.22836],[10.33765,60.22827],[10.33759,60.22814],[10.33745,60.22818],[10.3375,60.22824],[10.33747,60.22836]]]},"properties":{"a":136,"v":153,"dh":1.12,"pl":1,"pn":"Bergermoen Vest del 1","pd":"1982-07-01","c":14}},{"type":"Feature","geometry":{"type":"Polygon","coordinates":[[[10.34181,60.22836],[10.34195,60.22829],[10.34184,60.22826],[10.34152,60.22831],[10.34159,60.22835],[10.34181,60.22836]]]},"properties":{"a":175,"v":173,"dh":0.99,"pl":1,"pn":"Bergermoen Vest del 1","pd":"1982-07-01","sh":1,"c":25}},{"type":"Feature","geometry":{"type":"Polygon","coordinates":[[[10.33461,60.22861],[10.33466,60.22857],[10.33457,60.22851],[10.33457,60.22845],[10.33468,60.2284],[10.33435,60.22836],[10.33433,60.22839],[10.33441,60.22843],[10.33437,60.2285],[10.33441,60.22854],[10.33461,60.22861]]]},"properties":{"a":278,"v":-304,"dh":1.09,"pl":1,"pn":"Bergermoen Vest del 1","pd":"1982-07-01","c":14}},{"type":"Feature","geometry":{"type":"Polygon","coordinates":[[[10.33718,60.22866],[10.33718,60.22859],[10.3371,60.22855],[10.33728,60.2285],[10.33726,60.22845],[10.33676,60.22847],[10.33658,60.22856],[10.33658,60.22862],[10.33647,60.22862],[10.33718,60.22866]]]},"properties":{"a":682,"v":-1144,"dh":1.68,"pl":1,"pn":"Bergermoen Vest del 1","pd":"1982-07-01","c":14}},{"type":"Feature","geometry":{"type":"Polygon","coordinates":[[[10.33416,60.22862],[10.33438,60.22864],[10.33434,60.22857],[10.33423,60.22852],[10.33416,60.22854],[10.33416,60.22862]]]},"properties":{"a":127,"v":-144,"dh":1.13,"pl":1,"pn":"Bergermoen Vest del 1","pd":"1982-07-01","c":14}},{"type":"Feature","geometry":{"type":"Polygon","coordinates":[[[10.33622,60.22866],[10.33624,60.22862],[10.33616,60.22856],[10.33598,60.22859],[10.336,60.22863],[10.33622,60.22866]]]},"properties":{"a":111,"v":125,"dh":1.12,"pl":1,"pn":"Bergermoen Vest del 1","pd":"1982-07-01","c":14}},{"type":"Feature","geometry":{"type":"Polygon","coordinates":[[[10.34164,60.22862],[10.34189,60.22862],[10.34194,60.2285],[10.34181,60.2285],[10.34164,60.22862]]]},"properties":{"a":116,"v":101,"dh":0.87,"pl":1,"pn":"Bergermoen Vest del 1","pd":"1982-07-01","sh":1,"c":25}},{"type":"Feature","geometry":{"type":"Polygon","coordinates":[[[10.33752,60.22872],[10.33765,60.22869],[10.33759,60.22867],[10.33759,60.2286],[10.33728,60.22857],[10.33721,60.22867],[10.33752,60.22872]]]},"properties":{"a":287,"v":532,"dh":1.85,"pl":1,"pn":"Bergermoen Vest del 1","pd":"1982-07-01","c":14}},{"type":"Feature","geometry":{"type":"MultiPolygon","coordinates":[[[[10.33494,60.22869],[10.33492,60.2287],[10.33494,60.2287],[10.33494,60.22869]]],[[[10.33494,60.2287],[10.33511,60.22887],[10.33525,60.22879],[10.33543,60.22878],[10.33541,60.22869],[10.33534,60.22869],[10.33524,60.22858],[10.3351,60.22859],[10.33505,60.22862],[10.33507,60.22872],[10.33494,60.2287]]]]},"properties":{"a":466,"v":721,"dh":1.55,"pl":1,"pn":"Bergermoen Vest del 1","pd":"1982-07-01","c":14}},{"type":"Feature","geometry":{"type":"Polygon","coordinates":[[[10.34531,60.22885],[10.34545,60.22882],[10.34518,60.22868],[10.34518,60.22863],[10.34534,60.22862],[10.34532,60.22858],[10.34496,60.22854],[10.34484,60.22843],[10.34463,60.22847],[10.34475,60.22871],[10.34475,60.22882],[10.3447,60.22885],[10.34531,60.22885]]]},"properties":{"a":1247,"v":-2367,"dh":1.9,"pl":1,"pn":"Bergermoen Vest del 2","pd":"1982-01-07","c":11}},{"type":"Feature","geometry":{"type":"MultiPolygon","coordinates":[[[[10.33857,60.22874],[10.33855,60.22875],[10.33857,60.22875],[10.33857,60.22874]]],[[[10.33854,60.22876],[10.33844,60.22868],[10.33817,60.22866],[10.33845,60.22882],[10.33842,60.22889],[10.33854,60.22886],[10.33854,60.2288],[10.33861,60.22877],[10.33854,60.22876]]]]},"properties":{"a":221,"v":257,"dh":1.16,"pl":1,"pn":"Bergermoen Vest del 1","pd":"1982-07-01","c":14}},{"type":"Feature","geometry":{"type":"Polygon","coordinates":[[[10.33605,60.22887],[10.33616,60.22883],[10.33617,60.22879],[10.33603,60.22875],[10.33594,60.22883],[10.33605,60.22887]]]},"properties":{"a":104,"v":144,"dh":1.38,"pl":1,"pn":"Bergermoen Vest del 1","pd":"1982-07-01","c":14}},{"type":"Feature","geometry":{"type":"Polygon","coordinates":[[[10.3347,60.22892],[10.33488,60.22889],[10.33493,60.22882],[10.33485,60.22881],[10.3348,60.22887],[10.33467,60.22877],[10.33451,60.2288],[10.33459,60.22888],[10.3347,60.22892]],[[10.33471,60.22888],[10.3347,60.22887],[10.33471,60.22887],[10.33471,60.22888]],[[10.3347,60.22887],[10.33468,60.22886],[10.33469,60.22886],[10.3347,60.22887]]]},"properties":{"a":183,"v":166,"dh":0.91,"pl":1,"pn":"Bergermoen Vest del 1","pd":"1982-07-01","sh":1,"c":14}},{"type":"Feature","geometry":{"type":"Polygon","coordinates":[[[10.33714,60.22896],[10.33715,60.2289],[10.33686,60.22888],[10.3369,60.22889],[10.33688,60.22895],[10.33714,60.22896]]]},"properties":{"a":122,"v":150,"dh":1.23,"pl":1,"pn":"Bergermoen Vest del 1","pd":"1982-07-01","c":14}},{"type":"Feature","geometry":{"type":"Polygon","coordinates":[[[10.33539,60.22904],[10.33556,60.22893],[10.33529,60.22887],[10.33492,60.22899],[10.33539,60.22904]]]},"properties":{"a":402,"v":-926,"dh":2.3,"pl":1,"pn":"Bergermoen Vest del 1","pd":"1982-07-01","fo":1,"c":14}},{"type":"Feature","geometry":{"type":"Polygon","coordinates":[[[10.33642,60.22905],[10.33643,60.22901],[10.33638,60.22898],[10.33587,60.22895],[10.33591,60.22902],[10.33642,60.22905]]]},"properties":{"a":242,"v":-242,"dh":1.0,"pl":1,"pn":"Bergermoen Vest del 1","pd":"1982-07-01","c":14}},{"type":"Feature","geometry":{"type":"Polygon","coordinates":[[[10.34636,60.22944],[10.34682,60.22942],[10.34675,60.22922],[10.34685,60.22907],[10.34655,60.22911],[10.34647,60.22902],[10.34626,60.22902],[10.34608,60.22912],[10.34604,60.22912],[10.34606,60.22906],[10.34597,60.22909],[10.34603,60.22913],[10.34603,60.2292],[10.34598,60.2292],[10.34583,60.2291],[10.34582,60.22906],[10.34555,60.22896],[10.34535,60.22901],[10.34539,60.22909],[10.34558,60.22917],[10.34556,60.2292],[10.34571,60.22922],[10.34573,60.22931],[10.34598,60.22927],[10.34607,60.22937],[10.34636,60.22944]],[[10.34561,60.22917],[10.34563,60.22917],[10.34563,60.22917],[10.34561,60.22917]]]},"properties":{"a":2336,"v":-6687,"dh":2.86,"pl":1,"pn":"Bergermoen Vest del 2","pd":"1982-01-07","c":11}},{"type":"Feature","geometry":{"type":"Polygon","coordinates":[[[10.34571,60.2298],[10.34563,60.22967],[10.34585,60.22965],[10.34588,60.22963],[10.34586,60.22957],[10.34562,60.22944],[10.3456,60.22936],[10.34542,60.22923],[10.34512,60.22911],[10.34499,60.22897],[10.34479,60.22895],[10.34479,60.22903],[10.34503,60.2294],[10.34571,60.2298]]]},"properties":{"a":2025,"v":-8711,"dh":4.3,"pl":1,"pn":"Bergermoen Vest del 2","pd":"1982-01-07","c":11}},{"type":"Feature","geometry":{"type":"Polygon","coordinates":[[[10.34521,60.2291],[10.34532,60.22905],[10.34532,60.22899],[10.34548,60.22894],[10.3458,60.22896],[10.34586,60.229],[10.34584,60.22904],[10.34591,60.22905],[10.34609,60.22901],[10.34622,60.2289],[10.3464,60.22887],[10.34723,60.22888],[10.34731,60.22883],[10.34736,60.22873],[10.34668,60.22841],[10.34639,60.22839],[10.34639,60.22836],[10.34621,60.22831],[10.34594,60.22836],[10.34598,60.22843],[10.34589,60.22841],[10.34578,60.22851],[10.34564,60.22854],[10.34566,60.22863],[10.34561,60.22863],[10.34561,60.22855],[10.34551,60.22845],[10.34533,60.22839],[10.34515,60.22833],[10.3448,60.22835],[10.34495,60.22845],[10.3453,60.22851],[10.34548,60.22863],[10.34543,60.22872],[10.34554,60.22877],[10.34553,60.22883],[10.34482,60.22887],[10.34488,60.2289],[10.34483,60.22892],[10.34499,60.22893],[10.34521,60.2291]],[[10.34598,60.22845],[10.346,60.22843],[10.346,60.22845],[10.34598,60.22845]],[[10.3463,60.22841],[10.34627,60.22839],[10.3463,60.22839],[10.3463,60.22841]]]},"properties":{"a":6171,"v":17097,"dh":2.77,"pl":1,"pn":"Bergermoen Vest del 2","pd":"1982-01-07","c":11}},{"type":"Feature","geometry":{"type":"Polygon","coordinates":[[[10.35098,60.2296],[10.35145,60.22968],[10.35145,60.22974],[10.35183,60.2297],[10.35193,60.22963],[10.35141,60.22929],[10.35081,60.22908],[10.35095,60.22903],[10.35091,60.22899],[10.351,60.22893],[10.35093,60.2289],[10.3508,60.2289],[10.35084,60.22896],[10.3507,60.229],[10.35075,60.22903],[10.3505,60.22903],[10.35035,60.22896],[10.35018,60.22904],[10.35013,60.22925],[10.35032,60.22945],[10.35021,60.22944],[10.35027,60.22958],[10.35078,60.22956],[10.35103,60.22968],[10.35116,60.22967],[10.35098,60.2296]],[[10.35098,60.2296],[10.35094,60.22959],[10.35097,60.22959],[10.35098,60.2296]],[[10.35038,60.22953],[10.35032,60.22951],[10.35032,60.22949],[10.35037,60.22949],[10.35038,60.22953]],[[10.35086,60.22898],[10.3509,60.22897],[10.3509,60.22898],[10.35086,60.22898]]]},"properties":{"a":4828,"v":13956,"dh":2.89,"pl":1,"pn":"Bergermoen del 2","pd":"1984-03-16","c":12}},{"type":"Feature","geometry":{"type":"Polygon","coordinates":[[[10.34915,60.22966],[10.34923,60.22964],[10.34922,60.2296],[10.34911,60.22949],[10.34904,60.22947],[10.34897,60.22953],[10.34915,60.22966]]]},"properties":{"a":149,"v":-160,"dh":1.07,"pl":1,"pn":"Bergermoen Vest del 2","pd":"1982-01-07","fo":1,"c":11}},{"type":"Feature","geometry":{"type":"MultiPolygon","coordinates":[[[[10.3482,60.22933],[10.34824,60.22934],[10.34818,60.22931],[10.3482,60.22933]]],[[[10.3482,60.22937],[10.34807,60.22915],[10.34817,60.22908],[10.34808,60.22909],[10.34808,60.22902],[10.34799,60.22893],[10.34772,60.22897],[10.34741,60.2289],[10.34707,60.22895],[10.34697,60.2289],[10.34689,60.22895],[10.34685,60.22904],[10.34693,60.22905],[10.34693,60.22909],[10.34682,60.22914],[10.34679,60.22921],[10.34685,60.22942],[10.3468,60.22946],[10.34689,60.22948],[10.34687,60.22953],[10.34691,60.22955],[10.3469,60.22983],[10.34683,60.22984],[10.34685,60.22987],[10.34669,60.23001],[10.34673,60.23003],[10.34656,60.23014],[10.34654,60.23022],[10.34711,60.23042],[10.34776,60.23048],[10.34729,60.23038],[10.3472,60.23033],[10.34719,60.23029],[10.34708,60.23026],[10.34706,60.23021],[10.34715,60.23018],[10.34712,60.23015],[10.34722,60.23002],[10.34774,60.22989],[10.34773,60.2298],[10.34741,60.2298],[10.34726,60.22969],[10.34746,60.22941],[10.34777,60.22926],[10.34802,60.22928],[10.3482,60.22937]]]]},"properties":{"a":6654,"v":29995,"dh":4.51,"pl":1,"pn":"Bergermoen Vest del 2","pd":"1982-01-07","c":11}},{"type":"Feature","geometry":{"type":"Polygon","coordinates":[[[10.34922,60.22988],[10.34923,60.22983],[10.34918,60.22981],[10.34916,60.22974],[10.34906,60.22965],[10.34899,60.22965],[10.34907,60.22975],[10.34905,60.22981],[10.34912,60.2298],[10.34922,60.22988]]]},"properties":{"a":121,"v":136,"dh":1.13,"pl":1,"pn":"Bergermoen Vest del 2","pd":"1982-01-07","fo":1,"c":11}},{"type":"Feature","geometry":{"type":"Polygon","coordinates":[[[10.34628,60.23007],[10.34669,60.22998],[10.34682,60.22988],[10.3468,60.22983],[10.34687,60.22982],[10.34685,60.22974],[10.34652,60.22983],[10.34614,60.22975],[10.3462,60.22987],[10.34615,60.2299],[10.34621,60.22996],[10.34606,60.23],[10.34628,60.23007]]]},"properties":{"a":911,"v":-1431,"dh":1.57,"pl":1,"pn":"Bergermoen Vest del 2","pd":"1982-01-07","c":11}},{"type":"Feature","geometry":{"type":"Polygon","coordinates":[[[10.34959,60.23016],[10.34964,60.23005],[10.34955,60.22996],[10.34945,60.22995],[10.34952,60.23011],[10.34959,60.23016]]]},"properties":{"a":125,"v":-154,"dh":1.23,"pl":1,"pn":"Bergermoen Vest del 2","pd":"1982-01-07","fo":1,"c":11}},{"type":"Feature","geometry":{"type":"Polygon","coordinates":[[[10.34974,60.23032],[10.34981,60.23022],[10.34975,60.23019],[10.34973,60.23009],[10.34968,60.23008],[10.34963,60.23028],[10.34974,60.23032]]]},"properties":{"a":142,"v":198,"dh":1.39,"pl":1,"pn":"Bergermoen Vest del 2","pd":"1982-01-07","fo":1,"c":11}},{"type":"Feature","geometry":{"type":"Polygon","coordinates":[[[10.34891,60.2304],[10.34893,60.23025],[10.34885,60.23016],[10.34878,60.23016],[10.34876,60.23022],[10.34884,60.23028],[10.34882,60.23037],[10.34891,60.2304]]]},"properties":{"a":149,"v":-255,"dh":1.71,"pl":1,"pn":"Bergermoen Vest del 2","pd":"1982-01-07","c":11}},{"type":"Feature","geometry":{"type":"Polygon","coordinates":[[[10.34693,60.2308],[10.34718,60.23074],[10.34777,60.23074],[10.3479,60.23069],[10.34726,60.23061],[10.34683,60.23066],[10.34685,60.23078],[10.34693,60.2308]]]},"properties":{"a":725,"v":919,"dh":1.27,"pl":1,"pn":"Bergermoen Vest del 2","pd":"1982-01-07","c":11}},{"type":"Feature","geometry":{"type":"Polygon","coordinates":[[[10.3463,60.22968],[10.34633,60.22958],[10.34639,60.22956],[10.3464,60.22948],[10.34637,60.22946],[10.34615,60.22942],[10.34596,60.22929],[10.34583,60.22929],[10.34566,60.22938],[10.34568,60.22945],[10.34594,60.22959],[10.3463,60.22968]]]},"properties":{"a":948,"v":1134,"dh":1.2,"pl":1,"pn":"Bergermoen Vest del 2","pd":"1982-01-07","c":11}},{"type":"Feature","geometry":{"type":"Polygon","coordinates":[[[10.33653,60.22996],[10.33705,60.22992],[10.33808,60.22993],[10.33808,60.2299],[10.33795,60.22986],[10.33701,60.22984],[10.33692,60.2299],[10.33679,60.22987],[10.33647,60.22992],[10.33653,60.22996]]]},"properties":{"a":604,"v":899,"dh":1.49,"pl":1,"pn":"Bergermoen næringspark","pd":"2018-06-21","fo":1,"c":26}},{"type":"Feature","geometry":{"type":"MultiPolygon","coordinates":[[[[10.33516,60.23004],[10.3352,60.2301],[10.33514,60.23014],[10.33576,60.23008],[10.33577,60.23005],[10.33568,60.23003],[10.33568,60.22998],[10.33595,60.23],[10.33591,60.22995],[10.33597,60.22993],[10.33573,60.2298],[10.33578,60.22976],[10.33572,60.22976],[10.33544,60.22985],[10.3353,60.22996],[10.33523,60.22995],[10.33523,60.23],[10.33516,60.23004]],[[10.33554,60.23008],[10.33541,60.23005],[10.33556,60.23006],[10.33554,60.23008]],[[10.33588,60.22992],[10.33586,60.22989],[10.33589,60.22992],[10.33588,60.22992]]],[[[10.33518,60.23003],[10.3351,60.22997],[10.33507,60.22998],[10.33518,60.23003]]]]},"properties":{"a":988,"v":1561,"dh":1.58,"pl":1,"pn":"Bergermoen næringspark","pd":"2018-06-21","c":26}},{"type":"Feature","geometry":{"type":"Polygon","coordinates":[[[10.33769,60.23019],[10.33789,60.23018],[10.33789,60.23012],[10.33785,60.23],[10.33779,60.22999],[10.33783,60.23006],[10.33769,60.23013],[10.33769,60.23019]]]},"properties":{"a":130,"v":196,"dh":1.51,"pl":1,"pn":"Bergermoen næringspark","pd":"2018-06-21","fo":1,"c":26}},{"type":"Feature","geometry":{"type":"Polygon","coordinates":[[[10.33764,60.2302],[10.33765,60.23013],[10.33779,60.23004],[10.3377,60.23004],[10.3377,60.23],[10.33743,60.23003],[10.33747,60.23016],[10.33764,60.2302]]]},"properties":{"a":291,"v":-674,"dh":2.32,"pl":1,"pn":"Bergermoen næringspark","pd":"2018-06-21","fo":1,"c":26}},{"type":"Feature","geometry":{"type":"Polygon","coordinates":[[[10.33477,60.23023],[10.33518,60.23022],[10.33502,60.23016],[10.33487,60.23017],[10.33485,60.23013],[10.33477,60.23023]]]},"properties":{"a":149,"v":-180,"dh":1.21,"pl":1,"pn":"Bergermoen næringspark","pd":"2018-06-21","sl":1,"c":26}},{"type":"Feature","geometry":{"type":"Polygon","coordinates":[[[10.33714,60.2305],[10.33725,60.23044],[10.33725,60.23037],[10.33743,60.23032],[10.33744,60.23024],[10.33753,60.23022],[10.33742,60.23015],[10.33742,60.23006],[10.33709,60.23],[10.33678,60.23006],[10.3364,60.23004],[10.33631,60.23006],[10.33637,60.23017],[10.33612,60.2302],[10.33632,60.23029],[10.33633,60.23035],[10.33647,60.2304],[10.33637,60.23044],[10.33639,60.23047],[10.33687,60.23046],[10.33714,60.2305]],[[10.33634,60.23028],[10.33636,60.23026],[10.33638,60.23028],[10.33634,60.23028]],[[10.33623,60.23021],[10.33625,60.2302],[10.33625,60.23021],[10.33623,60.23021]]]},"properties":{"a":2899,"v":10802,"dh":3.73,"pl":1,"pn":"Bergermoen næringspark","pd":"2018-06-21","c":26}},{"type":"Feature","geometry":{"type":"Polygon","coordinates":[[[10.33592,60.23046],[10.33618,60.2304],[10.33602,60.23035],[10.33594,60.23022],[10.33571,60.23025],[10.3357,60.23042],[10.33592,60.23046]]]},"properties":{"a":454,"v":1026,"dh":2.26,"pl":1,"pn":"Bergermoen næringspark","pd":"2018-06-21","c":26}},{"type":"Feature","geometry":{"type":"Polygon","coordinates":[[[10.33743,60.23048],[10.3377,60.23042],[10.33786,60.23028],[10.33786,60.23022],[10.33746,60.23025],[10.33744,60.23033],[10.33734,60.23037],[10.3375,60.23044],[10.33743,60.23048]]]},"properties":{"a":479,"v":-1226,"dh":2.56,"pl":1,"pn":"Bergermoen næringspark","pd":"2018-06-21","fo":1,"c":26}},{"type":"Feature","geometry":{"type":"Polygon","coordinates":[[[10.33557,60.23083],[10.33573,60.23082],[10.336,60.23072],[10.33607,60.23065],[10.33606,60.23054],[10.33599,60.23046],[10.33574,60.23047],[10.33549,60.23054],[10.3355,60.2305],[10.33525,60.23044],[10.33503,60.23049],[10.33499,60.23044],[10.33489,60.23046],[10.33492,60.23044],[10.3347,60.23038],[10.33465,60.23041],[10.33465,60.23051],[10.33476,60.23057],[10.33475,60.23062],[10.33484,60.23069],[10.33557,60.23083]],[[10.33544,60.23065],[10.33529,60.23063],[10.33536,60.23055],[10.33547,60.23056],[10.33544,60.23065]]]},"properties":{"a":2309,"v":-6344,"dh":2.75,"pl":1,"pn":"Bergermoen næringspark","pd":"2018-06-21","c":26}},{"type":"Feature","geometry":{"type":"MultiPolygon","coordinates":[[[[10.35957,60.22707],[10.35968,60.22714],[10.35981,60.22704],[10.35996,60.22675],[10.35985,60.22677],[10.35983,60.22669],[10.35997,60.2267],[10.35992,60.22664],[10.35977,60.22661],[10.35966,60.22663],[10.35974,60.2267],[10.35958,60.22672],[10.35951,60.22681],[10.35961,60.22698],[10.35968,60.22698],[10.35973,60.2269],[10.35984,60.22691],[10.35979,60.227],[10.35966,60.22704],[10.35968,60.22708],[10.35957,60.22707]],[[10.35964,60.22692],[10.35966,60.22693],[10.35964,60.22693],[10.35964,60.22692]]],[[[10.35957,60.22704],[10.3595,60.22703],[10.35957,60.22707],[10.35957,60.22704]]]]},"properties":{"a":696,"v":663,"dh":0.95,"pl":1,"pn":"Bergermotunet, Del av gnr. 15 bnr. 6","pd":"2011-06-16","c":8}},{"type":"Feature","geometry":{"type":"Polygon","coordinates":[[[10.35941,60.22708],[10.35926,60.22701],[10.35914,60.22702],[10.35912,60.22697],[10.35875,60.2269],[10.35887,60.22705],[10.35941,60.22708]]]},"properties":{"a":288,"v":-324,"dh":1.13,"pl":1,"pn":"Bergermotunet, Del av gnr. 15 bnr. 6","pd":"2011-06-16","c":8}},{"type":"Feature","geometry":{"type":"MultiPolygon","coordinates":[[[[10.35865,60.22709],[10.35851,60.22702],[10.35854,60.22694],[10.35833,60.22708],[10.35833,60.22711],[10.35855,60.22717],[10.35855,60.22712],[10.35865,60.22709]]],[[[10.35864,60.22711],[10.35865,60.2271],[10.35864,60.2271],[10.35864,60.22711]]]]},"properties":{"a":220,"v":-239,"dh":1.09,"pl":1,"pn":"Bergermotunet, Del av gnr. 15 bnr. 6","pd":"2011-06-16","c":8}},{"type":"Feature","geometry":{"type":"Polygon","coordinates":[[[10.36192,60.2275],[10.3624,60.22739],[10.36245,60.22731],[10.36279,60.22713],[10.36297,60.22717],[10.36306,60.22712],[10.36323,60.22722],[10.3633,60.22718],[10.36343,60.22721],[10.36344,60.22716],[10.36329,60.22708],[10.36329,60.22701],[10.36336,60.22694],[10.36345,60.22693],[10.36355,60.2268],[10.36344,60.22677],[10.3633,60.22685],[10.36321,60.22677],[10.36324,60.2267],[10.36295,60.22667],[10.36281,60.22682],[10.36258,60.22687],[10.3625,60.22677],[10.36241,60.22678],[10.3623,60.22671],[10.36221,60.22671],[10.36211,60.2269],[10.36215,60.227],[10.36232,60.22715],[10.36195,60.22735],[10.36188,60.22731],[10.36173,60.22737],[10.36179,60.22746],[10.36192,60.2275]],[[10.36279,60.2271],[10.36255,60.2271],[10.36255,60.22701],[10.36278,60.22699],[10.36279,60.2271]],[[10.36277,60.22698],[10.3628,60.22697],[10.3628,60.22698],[10.36277,60.22698]]]},"properties":{"a":3776,"v":5269,"dh":1.4,"pl":0,"c":15}},{"type":"Feature","geometry":{"type":"Polygon","coordinates":[[[10.35912,60.22743],[10.35948,60.22744],[10.35955,60.22726],[10.35943,60.22717],[10.35898,60.22714],[10.35884,60.22722],[10.35888,60.22731],[10.35884,60.22733],[10.35895,60.22732],[10.35894,60.22737],[10.35912,60.22743]]]},"properties":{"a":1057,"v":1815,"dh":1.72,"pl":1,"pn":"Bergermotunet, Del av gnr. 15 bnr. 6","pd":"2011-06-16","c":8}},{"type":"Feature","geometry":{"type":"Polygon","coordinates":[[[10.35613,60.22935],[10.35612,60.22916],[10.35562,60.22884],[10.35555,60.22884],[10.35596,60.22912],[10.35596,60.22917],[10.35584,60.22926],[10.35613,60.22935]]]},"properties":{"a":425,"v":439,"dh":1.03,"pl":1,"pn":"Bergermoen del 2","pd":"1984-03-16","fo":1,"c":27}},{"type":"Feature","geometry":{"type":"Polygon","coordinates":[[[10.36059,60.23072],[10.36061,60.23066],[10.36053,60.23058],[10.36058,60.23051],[10.36056,60.23039],[10.36049,60.23033],[10.36031,60.23035],[10.36036,60.23046],[10.36044,60.23047],[10.36051,60.23057],[10.36048,60.23061],[10.36052,60.23069],[10.36059,60.23072]]]},"properties":{"a":290,"v":-314,"dh":1.08,"pl":0,"fo":1,"c":28}},{"type":"Feature","geometry":{"type":"Polygon","coordinates":[[[10.36078,60.23274],[10.36087,60.23268],[10.3609,60.23257],[10.36096,60.23259],[10.36096,60.23256],[10.36076,60.23258],[10.36073,60.23272],[10.36078,60.23274]]]},"properties":{"a":125,"v":-170,"dh":1.36,"pl":0,"fo":1,"c":29}},{"type":"Feature","geometry":{"type":"Polygon","coordinates":[[[10.36066,60.23281],[10.36069,60.23277],[10.36066,60.23273],[10.36073,60.23265],[10.36067,60.23259],[10.36038,60.23255],[10.3604,60.23258],[10.36027,60.23265],[10.36046,60.23279],[10.36066,60.23281]]]},"properties":{"a":476,"v":838,"dh":1.76,"pl":0,"fo":1,"c":29}},{"type":"Feature","geometry":{"type":"Polygon","coordinates":[[[10.35956,60.23319],[10.35975,60.23313],[10.3595,60.23308],[10.35956,60.23319]]]},"properties":{"a":109,"v":-154,"dh":1.41,"pl":0,"sl":1,"c":30}},{"type":"Feature","geometry":{"type":"Polygon","coordinates":[[[10.36403,60.22914],[10.36439,60.22912],[10.36451,60.22905],[10.36401,60.2291],[10.36403,60.22914]]]},"properties":{"a":141,"v":-142,"dh":1.01,"pl":0,"fo":1,"c":24}},{"type":"Feature","geometry":{"type":"Polygon","coordinates":[[[10.36567,60.22946],[10.36579,60.22945],[10.36573,60.22928],[10.36546,60.22929],[10.36566,60.22936],[10.3657,60.22943],[10.36567,60.22946]]]},"properties":{"a":202,"v":320,"dh":1.59,"pl":0,"fo":1,"c":31}},{"type":"Feature","geometry":{"type":"Polygon","coordinates":[[[10.37503,60.23056],[10.37512,60.2305],[10.37513,60.23043],[10.37495,60.23041],[10.37488,60.23052],[10.37503,60.23056]]]},"properties":{"a":167,"v":-223,"dh":1.34,"pl":0,"fo":1,"c":32}},{"type":"Feature","geometry":{"type":"Polygon","coordinates":[[[10.36916,60.23087],[10.36954,60.23094],[10.36961,60.23086],[10.36935,60.23077],[10.3691,60.23077],[10.36879,60.23086],[10.36916,60.23087]]]},"properties":{"a":486,"v":1180,"dh":2.43,"pl":0,"c":33}},{"type":"Feature","geometry":{"type":"Polygon","coordinates":[[[10.36536,60.23385],[10.36543,60.2338],[10.36528,60.23371],[10.36519,60.23372],[10.36518,60.2338],[10.36536,60.23385]]]},"properties":{"a":132,"v":146,"dh":1.11,"pl":0,"c":34}},{"type":"Feature","geometry":{"type":"Polygon","coordinates":[[[10.34821,60.23137],[10.34866,60.23138],[10.34868,60.23129],[10.34853,60.23122],[10.34842,60.23125],[10.34835,60.23118],[10.3483,60.23119],[10.34838,60.2311],[10.34824,60.23111],[10.34821,60.23137]],[[10.34831,60.2312],[10.34833,60.23122],[10.34828,60.2312],[10.34831,60.2312]],[[10.34828,60.2312],[10.34826,60.23119],[10.34828,60.23119],[10.34828,60.2312]]]},"properties":{"a":500,"v":406,"dh":0.81,"pl":1,"pn":"Bergermoen Vest del 2","pd":"1982-01-07","c":11}},{"type":"Feature","geometry":{"type":"MultiPolygon","coordinates":[[[[10.34908,60.23094],[10.34906,60.23093],[10.34906,60.23094],[10.34908,60.23094]]],[[[10.34903,60.23094],[10.34874,60.23103],[10.34878,60.23105],[10.34876,60.23114],[10.34882,60.23117],[10.34877,60.23122],[10.34877,60.23132],[10.34903,60.23146],[10.349,60.23151],[10.34889,60.23153],[10.34894,60.23156],[10.34887,60.23161],[10.34891,60.23171],[10.34815,60.23166],[10.34814,60.2318],[10.34847,60.2318],[10.34867,60.23187],[10.34883,60.23185],[10.34903,60.23192],[10.34924,60.23185],[10.34919,60.23182],[10.34918,60.23161],[10.34921,60.23158],[10.34912,60.23148],[10.34915,60.23143],[10.34911,60.23131],[10.34918,60.23128],[10.34915,60.2312],[10.3492,60.23116],[10.34912,60.2311],[10.34912,60.23096],[10.34903,60.23094]],[[10.34867,60.23184],[10.34857,60.2318],[10.34868,60.23182],[10.34867,60.23184]],[[10.34896,60.23158],[10.349,60.23161],[10.34896,60.23161],[10.34896,60.23158]]]]},"properties":{"a":2383,"v":4684,"dh":1.97,"pl":1,"pn":"Bergermoen Vest del 2","pd":"1982-01-07","c":11}},{"type":"Feature","geometry":{"type":"Polygon","coordinates":[[[10.34939,60.2315],[10.34959,60.23149],[10.34964,60.23143],[10.34944,60.23139],[10.34939,60.2315]]]},"properties":{"a":123,"v":96,"dh":0.78,"pl":1,"pn":"Bergermoen Vest del 2","pd":"1982-01-07","sh":1,"c":11}},{"type":"Feature","geometry":{"type":"Polygon","coordinates":[[[10.3473,60.23164],[10.34737,60.23144],[10.34724,60.23143],[10.34718,60.23161],[10.3473,60.23164]],[[10.34728,60.23159],[10.34723,60.23156],[10.34728,60.2315],[10.34728,60.23159]],[[10.34728,60.23148],[10.3473,60.23147],[10.3473,60.23148],[10.34728,60.23148]]]},"properties":{"a":138,"v":-134,"dh":0.97,"pl":1,"pn":"Bergermoen Vest del 2","pd":"1982-01-07","sh":1,"c":11}},{"type":"Feature","geometry":{"type":"MultiPolygon","coordinates":[[[[10.35091,60.23152],[10.35089,60.23151],[10.35089,60.23152],[10.35091,60.23152]]],[[[10.35089,60.23154],[10.35082,60.23147],[10.35089,60.23145],[10.35082,60.23141],[10.35087,60.23136],[10.35081,60.23131],[10.35087,60.23133],[10.35086,60.23129],[10.35083,60.23129],[10.35077,60.23114],[10.3506,60.23105],[10.35031,60.23095],[10.35015,60.23109],[10.35001,60.23107],[10.35003,60.23115],[10.3501,60.23119],[10.35007,60.23123],[10.35021,60.23122],[10.3502,60.23141],[10.35029,60.23144],[10.35039,60.23158],[10.35053,60.23158],[10.35058,60.23149],[10.35075,60.2315],[10.35075,60.23154],[10.35064,60.23156],[10.35066,60.23166],[10.35059,60.23166],[10.35052,60.23174],[10.3506,60.23188],[10.35057,60.23198],[10.35061,60.23202],[10.35088,60.23218],[10.35124,60.23214],[10.35128,60.23208],[10.3512,60.23204],[10.35073,60.23195],[10.3508,60.2319],[10.35079,60.23178],[10.35096,60.23176],[10.35095,60.23172],[10.35083,60.23173],[10.35079,60.23166],[10.35089,60.23154]],[[10.35082,60.23143],[10.35083,60.23144],[10.35082,60.23144],[10.35082,60.23143]],[[10.3508,60.23141],[10.35078,60.23142],[10.35078,60.23141],[10.3508,60.23141]],[[10.35078,60.23141],[10.35076,60.2314],[10.35078,60.2314],[10.35078,60.23141]],[[10.35023,60.23117],[10.35025,60.23119],[10.35023,60.23119],[10.35023,60.23117]]]]},"properties":{"a":3169,"v":5260,"dh":1.66,"pl":1,"pn":"Bergermoen Vest del 2","pd":"1982-01-07","c":11}},{"type":"Feature","geometry":{"type":"Polygon","coordinates":[[[10.3505,60.23198],[10.35055,60.23193],[10.3505,60.23167],[10.35035,60.2316],[10.35026,60.23147],[10.35011,60.23143],[10.35006,60.23147],[10.34968,60.23152],[10.35007,60.23173],[10.35011,60.2318],[10.35031,60.23183],[10.35032,60.23178],[10.35043,60.23177],[10.35038,60.23191],[10.3505,60.23198]]]},"properties":{"a":1172,"v":-2313,"dh":1.97,"pl":1,"pn":"Bergermoen Vest del 2","pd":"1982-01-07","c":11}},{"type":"Feature","geometry":{"type":"Polygon","coordinates":[[[10.34882,60.23202],[10.34898,60.232],[10.34901,60.23195],[10.34881,60.23189],[10.34882,60.23202]]]},"properties":{"a":113,"v":-131,"dh":1.16,"pl":1,"pn":"Bergermoen Vest del 2","pd":"1982-01-07","c":11}},{"type":"Feature","geometry":{"type":"MultiPolygon","coordinates":[[[[10.34904,60.23209],[10.34902,60.23208],[10.34902,60.23209],[10.34904,60.23209]]],[[[10.349,60.23209],[10.34888,60.23215],[10.34899,60.23218],[10.34888,60.2322],[10.34897,60.23226],[10.34899,60.23221],[10.34913,60.23225],[10.34917,60.23221],[10.34906,60.2322],[10.34908,60.23217],[10.349,60.23209]]]]},"properties":{"a":121,"v":101,"dh":0.83,"pl":1,"pn":"Bergermoen Vest del 2","pd":"1982-01-07","sh":1,"c":11}},{"type":"Feature","geometry":{"type":"Polygon","coordinates":[[[10.35053,60.23231],[10.35063,60.23228],[10.35063,60.23206],[10.35055,60.23204],[10.3505,60.23212],[10.35054,60.23223],[10.35051,60.23224],[10.35054,60.23224],[10.35053,60.23231]]]},"properties":{"a":154,"v":-162,"dh":1.05,"pl":1,"pn":"Bergermoen Vest del 2","pd":"1982-01-07","fo":1,"c":11}},{"type":"Feature","geometry":{"type":"MultiPolygon","coordinates":[[[[10.35161,60.23262],[10.35175,60.23262],[10.35177,60.23268],[10.35186,60.2327],[10.35193,60.23268],[10.35182,60.23253],[10.35167,60.23247],[10.3516,60.23257],[10.35161,60.23262]]],[[[10.35161,60.23263],[10.35139,60.23264],[10.35132,60.23271],[10.35161,60.23263]]]]},"properties":{"a":300,"v":273,"dh":0.91,"pl":1,"pn":"Bergermoen Vest del 2","pd":"1982-01-07","sh":1,"c":11}},{"type":"Feature","geometry":{"type":"Polygon","coordinates":[[[10.35071,60.23283],[10.35078,60.23276],[10.35075,60.23257],[10.35082,60.2325],[10.35075,60.23242],[10.35061,60.23246],[10.35059,60.23241],[10.35057,60.2325],[10.35072,60.23252],[10.35072,60.23265],[10.35065,60.2327],[10.35056,60.23268],[10.35053,60.2328],[10.35071,60.23283]],[[10.3506,60.23272],[10.35062,60.23272],[10.35062,60.23272],[10.3506,60.23272]]]},"properties":{"a":332,"v":-328,"dh":0.99,"pl":1,"pn":"Bergermoen Vest del 2","pd":"1982-01-07","sh":1,"c":11}},{"type":"Feature","geometry":{"type":"Polygon","coordinates":[[[10.34886,60.23267],[10.34845,60.23263],[10.34834,60.23268],[10.34819,60.23263],[10.34822,60.23278],[10.34829,60.23288],[10.34838,60.23289],[10.34838,60.23283],[10.34874,60.23287],[10.34878,60.23298],[10.34888,60.23304],[10.34902,60.23299],[10.34904,60.23258],[10.349,60.23254],[10.34899,60.23232],[10.3489,60.23225],[10.34879,60.23225],[10.34888,60.23228],[10.3489,60.2326],[10.34882,60.23263],[10.34886,60.23267]],[[10.34879,60.23268],[10.34877,60.23269],[10.34877,60.23268],[10.34879,60.23268]]]},"properties":{"a":1630,"v":-2381,"dh":1.46,"pl":1,"pn":"Bergermoen Vest del 2","pd":"1982-01-07","c":11}},{"type":"Feature","geometry":{"type":"Polygon","coordinates":[[[10.35229,60.23292],[10.35237,60.23283],[10.35236,60.23264],[10.35204,60.2326],[10.35204,60.23254],[10.35196,60.23251],[10.35198,60.23244],[10.35187,60.23243],[10.35185,60.2325],[10.35202,60.23259],[10.35201,60.23271],[10.35192,60.23283],[10.3521,60.23291],[10.35229,60.23292]]]},"properties":{"a":793,"v":-1190,"dh":1.5,"pl":1,"pn":"Bergermoen Vest del 2","pd":"1982-01-07","fo":1,"c":11}},{"type":"Feature","geometry":{"type":"Polygon","coordinates":[[[10.35178,60.23284],[10.35177,60.23274],[10.35164,60.2327],[10.35143,60.23273],[10.35136,60.2328],[10.35178,60.23284]]]},"properties":{"a":237,"v":-264,"dh":1.12,"pl":1,"pn":"Bergermoen Vest del 2","pd":"1982-01-07","fo":1,"c":11}},{"type":"Feature","geometry":{"type":"Polygon","coordinates":[[[10.34865,60.2333],[10.3487,60.23317],[10.34864,60.23305],[10.34846,60.23305],[10.34845,60.23309],[10.34859,60.23312],[10.3486,60.23328],[10.34865,60.2333]]]},"properties":{"a":152,"v":-205,"dh":1.35,"pl":1,"pn":"Bergermoen Vest del 2","pd":"1982-01-07","c":11}},{"type":"Feature","geometry":{"type":"Polygon","coordinates":[[[10.35176,60.23325],[10.3519,60.23322],[10.35195,60.23318],[10.35173,60.23312],[10.35177,60.2331],[10.35159,60.23314],[10.35158,60.23322],[10.35176,60.23325]]]},"properties":{"a":224,"v":-213,"dh":0.95,"pl":1,"pn":"Bergermoen Vest del 2","pd":"1982-01-07","sh":1,"c":11}},{"type":"Feature","geometry":{"type":"Polygon","coordinates":[[[10.3488,60.23336],[10.3489,60.23324],[10.34892,60.23315],[10.34879,60.23315],[10.34881,60.2332],[10.34874,60.23324],[10.34873,60.23331],[10.3488,60.23336]]]},"properties":{"a":142,"v":-117,"dh":0.82,"pl":1,"pn":"Bergermoen Vest del 2","pd":"1982-01-07","sh":1,"c":11}},{"type":"Feature","geometry":{"type":"Polygon","coordinates":[[[10.3513,60.233],[10.35124,60.23295],[10.35127,60.23274],[10.35086,60.23289],[10.3508,60.23292],[10.35081,60.23298],[10.35086,60.233],[10.35083,60.23306],[10.35088,60.23306],[10.35054,60.23314],[10.35057,60.23326],[10.35039,60.23335],[10.35037,60.23341],[10.35048,60.23336],[10.35046,60.23342],[10.3507,60.23339],[10.35093,60.23343],[10.35101,60.23348],[10.35113,60.23371],[10.35131,60.23374],[10.3514,60.23382],[10.35176,60.23373],[10.35186,60.23363],[10.35208,60.23366],[10.35214,60.23377],[10.35225,60.23376],[10.35223,60.23365],[10.35226,60.23363],[10.35217,60.2336],[10.35215,60.23346],[10.352,60.23334],[10.35156,60.23328],[10.35128,60.23317],[10.35166,60.23299],[10.35165,60.23289],[10.35147,60.23289],[10.3513,60.233]],[[10.35128,60.23314],[10.35112,60.23314],[10.35112,60.23311],[10.35128,60.23307],[10.35128,60.23314]],[[10.35128,60.23307],[10.3513,60.23305],[10.3513,60.23307],[10.35128,60.23307]],[[10.3513,60.233],[10.35128,60.23301],[10.35128,60.23301],[10.3513,60.233]],[[10.35214,60.23368],[10.35215,60.23367],[10.35215,60.23368],[10.35214,60.23368]],[[10.35214,60.23365],[10.35215,60.23364],[10.35215,60.23365],[10.35214,60.23365]],[[10.35123,60.23306],[10.35124,60.23304],[10.35124,60.23306],[10.35123,60.23306]],[[10.35128,60.23304],[10.3513,60.23302],[10.3513,60.23304],[10.35128,60.23304]]]},"properties":{"a":5267,"v":9047,"dh":1.72,"pl":1,"pn":"Bergermoen Vest del 2","pd":"1982-01-07","c":11}},{"type":"Feature","geometry":{"type":"MultiPolygon","coordinates":[[[[10.34819,60.23387],[10.34819,60.23394],[10.34826,60.23393],[10.3483,60.23398],[10.34852,60.23397],[10.34862,60.23389],[10.34848,60.23383],[10.34865,60.23377],[10.3486,60.23369],[10.34843,60.23364],[10.34856,60.23357],[10.34862,60.2334],[10.34853,60.23328],[10.3486,60.23323],[10.34857,60.23314],[10.34852,60.2331],[10.3483,60.23311],[10.34828,60.233],[10.34817,60.2329],[10.34816,60.23279],[10.34809,60.23278],[10.34789,60.23282],[10.34762,60.23311],[10.34753,60.23327],[10.34738,60.23342],[10.34741,60.23345],[10.34734,60.23352],[10.34733,60.23364],[10.34782,60.23367],[10.34751,60.23371],[10.34768,60.2338],[10.34765,60.23385],[10.34775,60.23384],[10.34774,60.23388],[10.34794,60.23385],[10.34792,60.23378],[10.348,60.23376],[10.34796,60.23366],[10.34827,60.23365],[10.34815,60.23367],[10.3482,60.2337],[10.34817,60.23376],[10.34801,60.23381],[10.34819,60.23387]],[[10.34826,60.23389],[10.3483,60.23386],[10.3483,60.23389],[10.34826,60.23389]],[[10.34781,60.23378],[10.34784,60.23377],[10.3479,60.23377],[10.34788,60.2338],[10.34781,60.23378]],[[10.34823,60.23322],[10.34827,60.23317],[10.34827,60.23322],[10.34823,60.23322]]],[[[10.34814,60.23388],[10.34815,60.23387],[10.34814,60.23387],[10.34814,60.23388]]],[[[10.3478,60.23397],[10.34779,60.23392],[10.3477,60.23391],[10.34774,60.23388],[10.34765,60.2339],[10.34772,60.23394],[10.34771,60.23398],[10.3478,60.23397]]],[[[10.34812,60.23397],[10.34819,60.23394],[10.3481,60.23394],[10.34812,60.23397]]]]},"properties":{"a":5847,"v":11857,"dh":2.03,"pl":1,"pn":"Bergermoen Vest del 2","pd":"1982-01-07","c":11}},{"type":"Feature","geometry":{"type":"Polygon","coordinates":[[[10.34697,60.2337],[10.3471,60.23363],[10.34721,60.23328],[10.34715,60.23329],[10.34702,60.23356],[10.34697,60.2337]]]},"properties":{"a":173,"v":-230,"dh":1.33,"pl":1,"pn":"Bergermoen Vest del 2","pd":"1982-01-07","c":11}},{"type":"Feature","geometry":{"type":"Polygon","coordinates":[[[10.34166,60.23099],[10.34159,60.23106],[10.34165,60.23111],[10.34183,60.23111],[10.34188,60.23102],[10.34175,60.2309],[10.34207,60.23088],[10.34207,60.23081],[10.34219,60.2308],[10.34217,60.2307],[10.34206,60.23064],[10.34179,60.23066],[10.34184,60.23058],[10.3417,60.23061],[10.34177,60.23069],[10.34165,60.23072],[10.3416,60.23081],[10.34162,60.23087],[10.34151,60.23092],[10.34155,60.23101],[10.34166,60.23099]],[[10.3417,60.23101],[10.3417,60.23103],[10.34166,60.23101],[10.3417,60.23101]],[[10.34168,60.23107],[10.34166,60.23108],[10.34166,60.23107],[10.34168,60.23107]],[[10.34168,60.23107],[10.3417,60.23105],[10.3417,60.23107],[10.34168,60.23107]],[[10.34179,60.23104],[10.34182,60.23103],[10.34183,60.23104],[10.34179,60.23104]],[[10.34173,60.23102],[10.34175,60.23101],[10.34175,60.23102],[10.34173,60.23102]]]},"properties":{"a":1067,"v":1634,"dh":1.53,"pl":1,"pn":"Bergermoen næringspark","pd":"2018-06-21","fo":1,"c":35}},{"type":"Feature","geometry":{"type":"Polygon","coordinates":[[[10.34139,60.23143],[10.34146,60.23135],[10.34115,60.23123],[10.34093,60.2313],[10.34106,60.23138],[10.34139,60.23143]]]},"properties":{"a":364,"v":513,"dh":1.41,"pl":1,"pn":"Bergermoen næringspark","pd":"2018-06-21","fo":1,"c":35}},{"type":"Feature","geometry":{"type":"Polygon","coordinates":[[[10.34618,60.23428],[10.34627,60.23415],[10.34609,60.23412],[10.346,60.23415],[10.34597,60.23427],[10.34618,60.23428]]]},"properties":{"a":222,"v":-442,"dh":1.99,"pl":1,"pn":"Bergermoen Vest del 2","pd":"1982-01-07","c":11}},{"type":"Feature","geometry":{"type":"Polygon","coordinates":[[[10.34589,60.23583],[10.34597,60.23572],[10.34583,60.23571],[10.34574,60.23579],[10.34589,60.23583]]]},"properties":{"a":122,"v":-111,"dh":0.91,"pl":1,"pn":"Bergermoen Vest del 2","pd":"1982-01-07","sh":1,"c":36}},{"type":"Feature","geometry":{"type":"Polygon","coordinates":[[[10.34648,60.23668],[10.34656,60.23653],[10.34651,60.23648],[10.34622,60.23644],[10.34608,60.23654],[10.34612,60.2366],[10.34626,60.23659],[10.34628,60.23665],[10.34648,60.23668]]]},"properties":{"a":453,"v":-1689,"dh":3.73,"pl":1,"pn":"Bergermoen Vest del 2","pd":"1982-01-07","fo":1,"c":11}},{"type":"Feature","geometry":{"type":"Polygon","coordinates":[[[10.39937,60.23217],[10.39935,60.23208],[10.39923,60.23203],[10.39923,60.23189],[10.39915,60.23184],[10.39914,60.23193],[10.39922,60.23205],[10.3992,60.2321],[10.39937,60.23217]]]},"properties":{"a":147,"v":168,"dh":1.14,"pl":0,"fo":1,"c":37}},{"type":"Feature","geometry":{"type":"Polygon","coordinates":[[[10.42458,60.23184],[10.42454,60.23181],[10.42445,60.23179],[10.42443,60.23175],[10.424,60.23184],[10.42458,60.23184]],[[10.42452,60.23183],[10.42456,60.23183],[10.42456,60.23183],[10.42452,60.23183]]]},"properties":{"a":196,"v":-266,"dh":1.36,"pl":2,"pn":"E16 Eggemoen - Olum","pd":"2024-06-11","fo":1,"c":0}},{"type":"Feature","geometry":{"type":"Polygon","coordinates":[[[10.42327,60.23194],[10.42352,60.23187],[10.42382,60.23191],[10.424,60.2318],[10.42429,60.23177],[10.42434,60.2317],[10.42378,60.23172],[10.4234,60.23178],[10.4233,60.23183],[10.42327,60.23194]]]},"properties":{"a":745,"v":1695,"dh":2.28,"pl":2,"pn":"E16 Eggemoen - Olum","pd":"2024-06-11","fo":1,"c":0}},{"type":"Feature","geometry":{"type":"Polygon","coordinates":[[[10.42069,60.23202],[10.42065,60.23196],[10.42023,60.2319],[10.42054,60.23201],[10.42069,60.23202]]]},"properties":{"a":113,"v":122,"dh":1.08,"pl":2,"pn":"E16 Eggemoen - Olum","pd":"2024-06-11","fo":1,"c":0}},{"type":"Feature","geometry":{"type":"Polygon","coordinates":[[[10.41317,60.23232],[10.41335,60.23228],[10.4132,60.23224],[10.41322,60.23216],[10.41305,60.23209],[10.41307,60.23204],[10.41294,60.23206],[10.41302,60.2321],[10.41298,60.23216],[10.41304,60.23226],[10.41317,60.23232]]]},"properties":{"a":269,"v":-253,"dh":0.94,"pl":0,"sh":1,"c":38}},{"type":"Feature","geometry":{"type":"Polygon","coordinates":[[[10.42229,60.23233],[10.42259,60.2323],[10.42279,60.23212],[10.42244,60.23214],[10.42229,60.23225],[10.42229,60.23233]]]},"properties":{"a":376,"v":750,"dh":2.0,"pl":2,"pn":"E16 Eggemoen - Olum","pd":"2024-06-11","fo":1,"c":0}},{"type":"Feature","geometry":{"type":"Polygon","coordinates":[[[10.40735,60.23308],[10.40759,60.23307],[10.40755,60.23299],[10.40733,60.23304],[10.40735,60.23308]]]},"properties":{"a":109,"v":104,"dh":0.96,"pl":0,"sh":1,"c":39}},{"type":"Feature","geometry":{"type":"Polygon","coordinates":[[[10.4037,60.23421],[10.40361,60.23417],[10.40364,60.23411],[10.40342,60.23404],[10.40327,60.23402],[10.40329,60.23405],[10.40322,60.23406],[10.40328,60.23411],[10.4037,60.23421]]]},"properties":{"a":206,"v":-193,"dh":0.94,"pl":2,"pn":"E16 Eggemoen - Olum","pd":"2024-06-11","sh":1,"c":0}},{"type":"Feature","geometry":{"type":"Polygon","coordinates":[[[10.42397,60.23436],[10.42409,60.23433],[10.42413,60.23427],[10.42398,60.2342],[10.42387,60.23422],[10.42386,60.23432],[10.42397,60.23436]]]},"properties":{"a":165,"v":247,"dh":1.5,"pl":0,"sl":1,"c":42}},{"type":"Feature","geometry":{"type":"MultiPolygon","coordinates":[[[[10.4048,60.23458],[10.40482,60.23459],[10.40482,60.23458],[10.4048,60.23458]]],[[[10.40482,60.23459],[10.40513,60.23474],[10.40561,60.23489],[10.40533,60.23476],[10.40536,60.23473],[10.40527,60.2347],[10.40487,60.23459],[10.40482,60.23459]]],[[[10.4054,60.23475],[10.40536,60.23476],[10.4054,60.23476],[10.4054,60.23475]]],[[[10.40551,60.23479],[10.40547,60.2348],[10.40551,60.23481],[10.40551,60.23479]]]]},"properties":{"a":280,"v":250,"dh":0.89,"pl":2,"pn":"E16 Eggemoen - Olum","pd":"2024-06-11","sh":1,"c":0}},{"type":"Feature","geometry":{"type":"MultiPolygon","coordinates":[[[[10.39581,60.22952],[10.39582,60.22953],[10.39582,60.22952],[10.39581,60.22952]]],[[[10.39582,60.22954],[10.39584,60.22953],[10.39582,60.22953],[10.39582,60.22954]]],[[[10.39586,60.22954],[10.39584,60.22955],[10.39586,60.22955],[10.39586,60.22954]]],[[[10.39586,60.22957],[10.39588,60.22955],[10.39586,60.22955],[10.39586,60.22957]]],[[[10.3959,60.22961],[10.39592,60.22958],[10.39588,60.22957],[10.3959,60.22961]]],[[[10.39595,60.22962],[10.39592,60.22962],[10.39595,60.22963],[10.39595,60.22962]]],[[[10.39595,60.22963],[10.39617,60.22993],[10.39617,60.23002],[10.39635,60.23012],[10.39629,60.22998],[10.39646,60.23],[10.3964,60.22982],[10.39629,60.22977],[10.39628,60.22972],[10.39617,60.2297],[10.39606,60.22953],[10.39591,60.22952],[10.39603,60.22965],[10.39595,60.22963]],[[10.39624,60.22988],[10.39622,60.22987],[10.39624,60.22987],[10.39624,60.22988]],[[10.3961,60.22977],[10.39612,60.22971],[10.39614,60.22977],[10.3961,60.22977]],[[10.39605,60.22969],[10.39603,60.22968],[10.39605,60.22968],[10.39605,60.22969]],[[10.39604,60.22957],[10.39602,60.22956],[10.39604,60.22956],[10.39604,60.22957]]]]},"properties":{"a":701,"v":671,"dh":0.96,"pl":2,"pn":"E16 Eggemoen - Olum","pd":"2024-06-11","fo":1,"c":0}},{"type":"Feature","geometry":{"type":"Polygon","coordinates":[[[10.39656,60.23031],[10.39656,60.23021],[10.39642,60.23007],[10.39639,60.23006],[10.39643,60.23024],[10.3963,60.23014],[10.39623,60.23016],[10.39625,60.23021],[10.39656,60.23031]]]},"properties":{"a":204,"v":-209,"dh":1.03,"pl":2,"pn":"E16 Eggemoen - Olum","pd":"2024-06-11","fo":1,"c":0}},{"type":"Feature","geometry":{"type":"MultiPolygon","coordinates":[[[[10.39698,60.23132],[10.39669,60.2308],[10.39656,60.23038],[10.39628,60.23041],[10.39632,60.23055],[10.39641,60.23055],[10.3965,60.23062],[10.39651,60.23079],[10.39659,60.23094],[10.39698,60.23132]]],[[[10.39698,60.23132],[10.39704,60.23142],[10.39706,60.23142],[10.39702,60.23134],[10.397,60.23134],[10.397,60.23132],[10.39698,60.23132]]],[[[10.39723,60.2316],[10.3971,60.23143],[10.39706,60.23142],[10.39723,60.2316]]],[[[10.39723,60.2316],[10.39725,60.23164],[10.39729,60.23165],[10.39729,60.23162],[10.39723,60.2316]]],[[[10.3973,60.23165],[10.39729,60.23166],[10.3973,60.23166],[10.3973,60.23165]]]]},"properties":{"a":950,"v":-1038,"dh":1.09,"pl":2,"pn":"E16 Eggemoen - Olum","pd":"2024-06-11","fo":1,"c":0}},{"type":"Feature","geometry":{"type":"MultiPolygon","coordinates":[[[[10.39753,60.23192],[10.39755,60.23192],[10.39755,60.23192],[10.39753,60.23192]]],[[[10.39755,60.23193],[10.39757,60.23192],[10.39755,60.23192],[10.39755,60.23193]]],[[[10.39757,60.23195],[10.39761,60.23194],[10.39757,60.23193],[10.39757,60.23195]]],[[[10.3992,60.23284],[10.39861,60.23255],[10.39855,60.23249],[10.39862,60.23247],[10.39846,60.23239],[10.39847,60.2323],[10.39821,60.2322],[10.39803,60.23205],[10.39777,60.23199],[10.39784,60.23205],[10.39781,60.23208],[10.39762,60.23196],[10.39765,60.23203],[10.39757,60.23203],[10.39731,60.23188],[10.39737,60.23199],[10.39712,60.23197],[10.39727,60.23202],[10.39723,60.23208],[10.39727,60.23211],[10.39722,60.23215],[10.39735,60.23226],[10.39749,60.23229],[10.39753,60.23225],[10.39767,60.23224],[10.39792,60.23248],[10.39823,60.23255],[10.39898,60.2329],[10.3994,60.23301],[10.39902,60.23285],[10.39901,60.23281],[10.3992,60.23284]]],[[[10.3992,60.23284],[10.3992,60.23285],[10.39922,60.23285],[10.39922,60.23284],[10.3992,60.23284]]],[[[10.39922,60.23285],[10.39923,60.23286],[10.39923,60.23285],[10.39922,60.23285]]],[[[10.39997,60.23322],[10.4003,60.23325],[10.3994,60.23301],[10.39997,60.23322]]]]},"properties":{"a":3537,"v":4722,"dh":1.33,"pl":2,"pn":"E16 Eggemoen - Olum","pd":"2024-06-11","c":0}},{"type":"Feature","geometry":{"type":"Polygon","coordinates":[[[10.38598,60.23329],[10.38605,60.23325],[10.3861,60.23317],[10.38592,60.23316],[10.3859,60.23322],[10.38583,60.23324],[10.38598,60.23329]]]},"properties":{"a":127,"v":-175,"dh":1.38,"pl":0,"c":40}},{"type":"Feature","geometry":{"type":"Polygon","coordinates":[[[10.38645,60.23367],[10.38657,60.23356],[10.38633,60.23353],[10.38635,60.23362],[10.38632,60.23366],[10.38645,60.23367]]]},"properties":{"a":167,"v":-339,"dh":2.03,"pl":0,"c":40}},{"type":"Feature","geometry":{"type":"MultiPolygon","coordinates":[[[[10.3938,60.23705],[10.39394,60.23713],[10.39414,60.23711],[10.39418,60.23706],[10.39407,60.23703],[10.3938,60.23705]],[[10.394,60.23712],[10.39398,60.23711],[10.394,60.23711],[10.394,60.23712]]],[[[10.39382,60.23709],[10.39383,60.2371],[10.39383,60.23709],[10.39382,60.23709]]]]},"properties":{"a":160,"v":144,"dh":0.9,"pl":1,"pn":"RV 35 Olimb - Hallum","pd":"1994-12-13","sl":1,"c":0}},{"type":"Feature","geometry":{"type":"Polygon","coordinates":[[[10.39464,60.23703],[10.39423,60.23709],[10.39429,60.23713],[10.3947,60.23712],[10.39477,60.23709],[10.39477,60.23705],[10.39464,60.23703]],[[10.39432,60.23711],[10.39439,60.23709],[10.39438,60.23711],[10.39432,60.23711]]]},"properties":{"a":184,"v":170,"dh":0.93,"pl":1,"pn":"RV 35 Olimb - Hallum","pd":"1994-12-13","sh":1,"c":0}},{"type":"Feature","geometry":{"type":"Polygon","coordinates":[[[10.39298,60.23738],[10.39303,60.23734],[10.39301,60.23724],[10.39285,60.23729],[10.39263,60.23726],[10.39273,60.23735],[10.39292,60.23733],[10.39298,60.23738]]]},"properties":{"a":178,"v":221,"dh":1.24,"pl":1,"pn":"Nesbakken øst/ Glassverket/ Hermannstjern","pd":"1996-02-07","c":56}},{"type":"Feature","geometry":{"type":"Polygon","coordinates":[[[10.39238,60.23782],[10.39242,60.23774],[10.39258,60.23766],[10.39261,60.23759],[10.3925,60.23756],[10.39261,60.23756],[10.39259,60.23752],[10.39239,60.23751],[10.39243,60.23757],[10.39236,60.2376],[10.39239,60.23764],[10.39229,60.23768],[10.39231,60.23774],[10.39227,60.23774],[10.39227,60.23778],[10.39238,60.23782]]]},"properties":{"a":322,"v":394,"dh":1.22,"pl":1,"pn":"Jevnaker sentrum","pd":"2018-09-06","fo":1,"c":41}},{"type":"Feature","geometry":{"type":"Polygon","coordinates":[[[10.42546,60.23372],[10.42567,60.23363],[10.42563,60.23357],[10.42566,60.23353],[10.42556,60.23355],[10.42556,60.23362],[10.42536,60.23366],[10.42546,60.23372]]]},"properties":{"a":148,"v":145,"dh":0.98,"pl":2,"pn":"E16 Eggemoen - Olum","pd":"2024-06-11","sh":1,"c":0}},{"type":"Feature","geometry":{"type":"Polygon","coordinates":[[[10.42571,60.23382],[10.42589,60.2338],[10.426,60.23371],[10.42592,60.23364],[10.42581,60.23364],[10.42569,60.23378],[10.42571,60.23382]],[[10.42575,60.23381],[10.42573,60.2338],[10.42575,60.2338],[10.42575,60.23381]]]},"properties":{"a":222,"v":184,"dh":0.83,"pl":2,"pn":"E16 Eggemoen - Olum","pd":"2024-06-11","sh":1,"c":0}},{"type":"Feature","geometry":{"type":"Polygon","coordinates":[[[10.42463,60.23381],[10.42479,60.23378],[10.42482,60.23374],[10.42479,60.23369],[10.42425,60.23374],[10.42463,60.23381]]]},"properties":{"a":247,"v":304,"dh":1.23,"pl":0,"fo":1,"c":42}},{"type":"Feature","geometry":{"type":"MultiPolygon","coordinates":[[[[10.42812,60.23384],[10.42771,60.23373],[10.42759,60.23376],[10.42754,60.23382],[10.42779,60.23387],[10.42812,60.23384]]],[[[10.42812,60.23385],[10.42813,60.23384],[10.42812,60.23384],[10.42812,60.23385]]]]},"properties":{"a":289,"v":-309,"dh":1.07,"pl":2,"pn":"E16 Eggemoen - Olum","pd":"2024-06-11","c":0}},{"type":"Feature","geometry":{"type":"Polygon","coordinates":[[[10.42942,60.23399],[10.42962,60.23394],[10.4297,60.23374],[10.42968,60.23369],[10.4295,60.23367],[10.42904,60.23382],[10.42906,60.23388],[10.42917,60.23394],[10.42942,60.23399]]]},"properties":{"a":832,"v":-895,"dh":1.08,"pl":2,"pn":"E16 Eggemoen - Olum","pd":"2024-06-11","c":0}},{"type":"Feature","geometry":{"type":"Polygon","coordinates":[[[10.42735,60.23456],[10.4278,60.23455],[10.42812,60.23445],[10.42816,60.23448],[10.42825,60.23442],[10.42821,60.23437],[10.42833,60.23431],[10.42837,60.23424],[10.4286,60.23414],[10.42878,60.23413],[10.42876,60.23407],[10.42856,60.23403],[10.42846,60.23391],[10.42864,60.23377],[10.4289,60.23369],[10.42892,60.23357],[10.42882,60.2334],[10.42834,60.23328],[10.42827,60.2332],[10.42814,60.23325],[10.42794,60.23323],[10.42787,60.23327],[10.42782,60.23336],[10.42786,60.23343],[10.42795,60.23347],[10.42791,60.23358],[10.42793,60.23365],[10.42808,60.23379],[10.42826,60.23385],[10.42826,60.2339],[10.42802,60.23408],[10.42778,60.23407],[10.42744,60.23399],[10.42716,60.23419],[10.42716,60.23427],[10.42704,60.23436],[10.42709,60.2344],[10.42706,60.23443],[10.42735,60.23456]],[[10.42874,60.23412],[10.42876,60.23412],[10.42876,60.23412],[10.42874,60.23412]]]},"properties":{"a":7151,"v":9167,"dh":1.28,"pl":2,"pn":"E16 Eggemoen - Olum","pd":"2024-06-11","c":0}},{"type":"Feature","geometry":{"type":"Polygon","coordinates":[[[10.42997,60.23407],[10.43014,60.23397],[10.43016,60.2339],[10.42977,60.23403],[10.42997,60.23407]]]},"properties":{"a":165,"v":-171,"dh":1.04,"pl":2,"pn":"E16 Eggemoen - Olum","pd":"2024-06-11","fo":1,"c":0}},{"type":"Feature","geometry":{"type":"Polygon","coordinates":[[[10.42541,60.23427],[10.42555,60.23423],[10.42582,60.23425],[10.42591,60.2342],[10.42592,60.23407],[10.42572,60.23393],[10.42535,60.23389],[10.42532,60.23396],[10.42521,60.234],[10.42508,60.23423],[10.42541,60.23427]]]},"properties":{"a":1430,"v":-1707,"dh":1.19,"pl":0,"c":42}},{"type":"Feature","geometry":{"type":"Polygon","coordinates":[[[10.42653,60.23423],[10.42669,60.2342],[10.4267,60.23417],[10.42661,60.23406],[10.42619,60.2341],[10.42622,60.23417],[10.42632,60.2342],[10.42653,60.23423]],[[10.42665,60.23419],[10.42667,60.23418],[10.42667,60.23419],[10.42665,60.23419]]]},"properties":{"a":350,"v":272,"dh":0.78,"pl":0,"sh":1,"c":42}},{"type":"Feature","geometry":{"type":"Polygon","coordinates":[[[10.42455,60.23446],[10.42482,60.23436],[10.42483,60.23433],[10.42476,60.23429],[10.42492,60.23423],[10.42493,60.23416],[10.42484,60.23408],[10.42487,60.234],[10.42476,60.23396],[10.42492,60.23388],[10.42447,60.23394],[10.42446,60.234],[10.4243,60.23408],[10.42427,60.23421],[10.42444,60.23444],[10.42455,60.23446]]]},"properties":{"a":1541,"v":3518,"dh":2.28,"pl":0,"c":42}},{"type":"Feature","geometry":{"type":"Polygon","coordinates":[[[10.36491,60.2339],[10.36498,60.23384],[10.36471,60.23371],[10.36479,60.2339],[10.36491,60.2339]]]},"properties":{"a":166,"v":212,"dh":1.28,"pl":0,"c":34}},{"type":"Feature","geometry":{"type":"MultiPolygon","coordinates":[[[[10.36707,60.23405],[10.36703,60.23407],[10.36707,60.23406],[10.36707,60.23405]]],[[[10.36707,60.23418],[10.36718,60.23422],[10.36718,60.23418],[10.36733,60.23418],[10.36733,60.23415],[10.36716,60.23414],[10.36718,60.23407],[10.36727,60.23406],[10.36716,60.23405],[10.36714,60.23401],[10.36708,60.23401],[10.36716,60.23407],[10.36703,60.23409],[10.36702,60.23416],[10.36714,60.23414],[10.36707,60.23418]]],[[[10.36709,60.23416],[10.36707,60.23415],[10.36707,60.23416],[10.36709,60.23416]]]]},"properties":{"a":134,"v":124,"dh":0.93,"pl":0,"sh":1,"c":43}},{"type":"Feature","geometry":{"type":"Polygon","coordinates":[[[10.36742,60.2342],[10.36749,60.23415],[10.3675,60.23408],[10.36737,60.23403],[10.36743,60.23407],[10.3673,60.23409],[10.36742,60.2342]]]},"properties":{"a":101,"v":102,"dh":1.01,"pl":0,"fo":1,"c":44}},{"type":"Feature","geometry":{"type":"Polygon","coordinates":[[[10.36689,60.23418],[10.367,60.23414],[10.36698,60.23406],[10.36685,60.23408],[10.36684,60.23415],[10.36677,60.23417],[10.36689,60.23418]]]},"properties":{"a":104,"v":113,"dh":1.09,"pl":0,"fo":1,"c":44}},{"type":"Feature","geometry":{"type":"Polygon","coordinates":[[[10.36632,60.23563],[10.36625,60.23562],[10.36626,60.23552],[10.36613,60.23542],[10.36588,60.2354],[10.36586,60.23533],[10.36577,60.23535],[10.36614,60.23559],[10.36621,60.23563],[10.36632,60.23563]],[[10.36621,60.2356],[10.36623,60.23559],[10.36623,60.2356],[10.36621,60.2356]]]},"properties":{"a":279,"v":328,"dh":1.17,"pl":0,"fo":1,"c":45}},{"type":"Feature","geometry":{"type":"MultiPolygon","coordinates":[[[[10.37519,60.23659],[10.37517,60.23659],[10.37517,60.23659],[10.37519,60.23659]]],[[[10.37534,60.23659],[10.37509,60.23663],[10.37522,60.23671],[10.37529,60.23669],[10.37534,60.23659]]]]},"properties":{"a":120,"v":-191,"dh":1.59,"pl":1,"pn":"Jevnaker sentrum","pd":"2018-09-06","fo":1,"c":46}},{"type":"Feature","geometry":{"type":"MultiPolygon","coordinates":[[[[10.37752,60.23697],[10.37748,60.23697],[10.37752,60.2369],[10.37743,60.23687],[10.37726,60.2369],[10.37741,60.23701],[10.3775,60.23702],[10.37748,60.23698],[10.37752,60.23697]]],[[[10.37752,60.23703],[10.3775,60.23702],[10.3775,60.23703],[10.37752,60.23703]]]]},"properties":{"a":146,"v":-186,"dh":1.27,"pl":1,"pn":"Jevnaker sentrum","pd":"2018-09-06","c":47}},{"type":"Feature","geometry":{"type":"Polygon","coordinates":[[[10.37673,60.23705],[10.37664,60.23697],[10.37647,60.23696],[10.37655,60.23706],[10.37673,60.23705]]]},"properties":{"a":120,"v":113,"dh":0.94,"pl":1,"pn":"Jevnaker sentrum","pd":"2018-09-06","sh":1,"c":47}},{"type":"Feature","geometry":{"type":"Polygon","coordinates":[[[10.42959,60.23414],[10.42994,60.23419],[10.42999,60.23409],[10.42961,60.23408],[10.42959,60.23414]]]},"properties":{"a":239,"v":273,"dh":1.14,"pl":2,"pn":"E16 Eggemoen - Olum","pd":"2024-06-11","c":0}},{"type":"Feature","geometry":{"type":"Polygon","coordinates":[[[10.43205,60.23462],[10.43214,60.23457],[10.43231,60.23427],[10.43259,60.23412],[10.43279,60.23413],[10.43265,60.23421],[10.433,60.23413],[10.4331,60.23418],[10.43308,60.23413],[10.43318,60.23413],[10.4336,60.23421],[10.43369,60.23421],[10.43364,60.23416],[10.43382,60.23417],[10.43393,60.23424],[10.43405,60.2342],[10.43433,60.23423],[10.43449,60.23422],[10.43431,60.2342],[10.43432,60.23415],[10.43445,60.23414],[10.43363,60.23401],[10.43235,60.23396],[10.43195,60.23406],[10.43177,60.23431],[10.4318,60.23436],[10.43177,60.23442],[10.43168,60.23446],[10.4317,60.23451],[10.43178,60.23452],[10.43174,60.2346],[10.43178,60.23461],[10.43192,60.23458],[10.43205,60.23462]],[[10.43346,60.23417],[10.43337,60.23416],[10.43347,60.23415],[10.43346,60.23417]],[[10.43284,60.23414],[10.43288,60.23413],[10.43288,60.23414],[10.43284,60.23414]]]},"properties":{"a":3666,"v":-14012,"dh":3.82,"pl":2,"pn":"E16 Eggemoen - Olum","pd":"2024-06-11","c":0}},{"type":"Feature","geometry":{"type":"MultiPolygon","coordinates":[[[[10.43035,60.23415],[10.43037,60.23414],[10.43035,60.23414],[10.43035,60.23415]]],[[[10.43008,60.23426],[10.43005,60.23434],[10.43014,60.2344],[10.43023,60.23439],[10.43029,60.23432],[10.43031,60.23444],[10.43038,60.23448],[10.43055,60.23454],[10.43091,60.23457],[10.43135,60.23481],[10.43153,60.23473],[10.43157,60.23477],[10.43148,60.23485],[10.43154,60.23488],[10.43192,60.23496],[10.43223,60.23492],[10.43215,60.23487],[10.43217,60.23479],[10.43207,60.23475],[10.43212,60.23464],[10.43203,60.23466],[10.43192,60.23459],[10.43178,60.23462],[10.43174,60.2346],[10.43176,60.23454],[10.43137,60.2344],[10.43105,60.23414],[10.43085,60.23408],[10.43071,60.23414],[10.43056,60.2341],[10.4304,60.23416],[10.43035,60.23423],[10.43012,60.23425],[10.43014,60.23421],[10.43035,60.23414],[10.4302,60.23409],[10.43006,60.23418],[10.43008,60.23426]],[[10.43008,60.23421],[10.4301,60.2342],[10.4301,60.23421],[10.43008,60.23421]]]]},"properties":{"a":4707,"v":13807,"dh":2.93,"pl":2,"pn":"E16 Eggemoen - Olum","pd":"2024-06-11","c":0}},{"type":"Feature","geometry":{"type":"Polygon","coordinates":[[[10.43097,60.23471],[10.431,60.23466],[10.43093,60.23461],[10.4307,60.23462],[10.43075,60.2347],[10.43097,60.23471]]]},"properties":{"a":177,"v":-194,"dh":1.1,"pl":2,"pn":"E16 Eggemoen - Olum","pd":"2024-06-11","fo":1,"c":0}},{"type":"Feature","geometry":{"type":"Polygon","coordinates":[[[10.4329,60.23499],[10.43304,60.23496],[10.43265,60.23476],[10.43261,60.23465],[10.43268,60.23462],[10.43268,60.23456],[10.43248,60.23445],[10.43249,60.23434],[10.43242,60.23433],[10.43238,60.23439],[10.43235,60.23438],[10.4324,60.2343],[10.43233,60.23432],[10.43226,60.2344],[10.43226,60.23446],[10.4323,60.23445],[10.43225,60.23457],[10.43229,60.23467],[10.43277,60.23489],[10.43268,60.23494],[10.4329,60.23499]],[[10.4323,60.23445],[10.43235,60.2344],[10.43235,60.23444],[10.4323,60.23445]]]},"properties":{"a":1016,"v":1526,"dh":1.5,"pl":2,"pn":"E16 Eggemoen - Olum","pd":"2024-06-11","fo":1,"c":0}},{"type":"Feature","geometry":{"type":"Polygon","coordinates":[[[10.43074,60.23519],[10.43075,60.23514],[10.4309,60.23506],[10.4315,60.23495],[10.43156,60.23491],[10.43145,60.23489],[10.43143,60.23485],[10.43157,60.23476],[10.43144,60.23478],[10.43139,60.23488],[10.43125,60.23493],[10.43071,60.23497],[10.43079,60.23505],[10.43072,60.23508],[10.43067,60.2352],[10.43074,60.23519]],[[10.43143,60.23494],[10.43145,60.23493],[10.43145,60.23494],[10.43143,60.23494]]]},"properties":{"a":518,"v":-707,"dh":1.36,"pl":2,"pn":"E16 Eggemoen - Olum","pd":"2024-06-11","fo":1,"c":0}},{"type":"Feature","geometry":{"type":"Polygon","coordinates":[[[10.43301,60.23582],[10.43282,60.23571],[10.43273,60.23571],[10.43264,60.23562],[10.43242,60.23556],[10.43266,60.23574],[10.43301,60.23582]]]},"properties":{"a":223,"v":247,"dh":1.11,"pl":2,"pn":"E16 Eggemoen - Olum","pd":"2024-06-11","fo":1,"c":0}},{"type":"Feature","geometry":{"type":"Polygon","coordinates":[[[10.42486,60.238],[10.4249,60.23791],[10.42484,60.23787],[10.42473,60.23782],[10.42457,60.23783],[10.42465,60.23797],[10.42486,60.238]]]},"properties":{"a":253,"v":-288,"dh":1.14,"pl":0,"c":48}},{"type":"Feature","geometry":{"type":"Polygon","coordinates":[[[10.43213,60.23882],[10.43186,60.23858],[10.43168,60.23851],[10.4315,60.23851],[10.4315,60.23855],[10.4317,60.23859],[10.43167,60.23865],[10.43176,60.23865],[10.43172,60.23868],[10.43188,60.23868],[10.43213,60.23882]]]},"properties":{"a":280,"v":-339,"dh":1.21,"pl":1,"pn":"Kongehaugen","pd":"2019-06-20","fo":1,"c":80}},{"type":"Feature","geometry":{"type":"Polygon","coordinates":[[[10.41588,60.23532],[10.4159,60.23523],[10.41595,60.23522],[10.41591,60.2351],[10.41562,60.2351],[10.41588,60.23532]]]},"properties":{"a":299,"v":378,"dh":1.26,"pl":0,"c":49}},{"type":"Feature","geometry":{"type":"MultiPolygon","coordinates":[[[[10.40624,60.23631],[10.40685,60.2361],[10.40687,60.23606],[10.40624,60.23631]]],[[[10.40624,60.23631],[10.40619,60.23632],[10.40617,60.23634],[10.40624,60.23631]]]]},"properties":{"a":136,"v":136,"dh":1.0,"pl":2,"pn":"E16 Eggemoen - Olum","pd":"2024-06-11","sh":1,"c":0}},{"type":"Feature","geometry":{"type":"Polygon","coordinates":[[[10.4082,60.23645],[10.4083,60.23635],[10.40796,60.23637],[10.408,60.2364],[10.4082,60.23645]]]},"properties":{"a":153,"v":157,"dh":1.03,"pl":0,"c":50}},{"type":"Feature","geometry":{"type":"Polygon","coordinates":[[[10.40761,60.23666],[10.40761,60.2366],[10.40745,60.23661],[10.40717,60.2365],[10.40705,60.23654],[10.4071,60.23658],[10.40761,60.23666]]]},"properties":{"a":185,"v":190,"dh":1.02,"pl":0,"c":50}},{"type":"Feature","geometry":{"type":"MultiPolygon","coordinates":[[[[10.39926,60.2372],[10.39923,60.23708],[10.39937,60.23694],[10.39925,60.23695],[10.39919,60.23687],[10.39912,60.23686],[10.39919,60.23698],[10.39925,60.23698],[10.39915,60.23718],[10.39926,60.2372]]],[[[10.39926,60.2372],[10.39935,60.23725],[10.39935,60.23728],[10.3994,60.23728],[10.39929,60.2372],[10.39926,60.2372]]]]},"properties":{"a":216,"v":214,"dh":0.99,"pl":1,"pn":"RV 35 Olimb - Hallum","pd":"1994-12-13","sh":1,"c":0}},{"type":"Feature","geometry":{"type":"Polygon","coordinates":[[[10.40252,60.23827],[10.40277,60.23825],[10.40324,60.23776],[10.40302,60.23776],[10.40256,60.23795],[10.40247,60.23811],[10.40252,60.23827]]]},"properties":{"a":1177,"v":-2418,"dh":2.05,"pl":2,"pn":"T-kryss Jevnaker sentrum","pd":"2021-09-02","c":0}},{"type":"Feature","geometry":{"type":"Polygon","coordinates":[[[10.40231,60.23819],[10.40246,60.2381],[10.40238,60.23799],[10.40193,60.23807],[10.40179,60.23813],[10.40172,60.23827],[10.40195,60.23842],[10.40193,60.23839],[10.40205,60.23831],[10.4019,60.23827],[10.40221,60.23823],[10.40217,60.23829],[10.40228,60.23829],[10.40237,60.23823],[10.40231,60.23819]],[[10.40232,60.2382],[10.4023,60.23821],[10.4023,60.2382],[10.40232,60.2382]],[[10.40181,60.23824],[10.40186,60.23819],[10.40186,60.23823],[10.40181,60.23824]]]},"properties":{"a":954,"v":1795,"dh":1.88,"pl":2,"pn":"T-kryss Jevnaker sentrum","pd":"2021-09-02","c":0}},{"type":"Feature","geometry":{"type":"Polygon","coordinates":[[[10.40228,60.23856],[10.40233,60.23849],[10.40224,60.23845],[10.40209,60.23849],[10.40211,60.23856],[10.40228,60.23856]]]},"properties":{"a":134,"v":-237,"dh":1.77,"pl":2,"pn":"T-kryss Jevnaker sentrum","pd":"2021-09-02","c":0}},{"type":"Feature","geometry":{"type":"Polygon","coordinates":[[[10.40076,60.23854],[10.40095,60.23844],[10.4007,60.23847],[10.40033,60.23865],[10.40028,60.23872],[10.40146,60.23889],[10.40091,60.23874],[10.40093,60.23867],[10.40076,60.23863],[10.40085,60.23858],[10.40085,60.23852],[10.40076,60.23854]],[[10.40085,60.23854],[10.40083,60.23855],[10.40083,60.23854],[10.40085,60.23854]],[[10.40083,60.23855],[10.40081,60.23856],[10.40081,60.23855],[10.40083,60.23855]],[[10.40081,60.23856],[10.4008,60.23857],[10.4008,60.23856],[10.40081,60.23856]],[[10.4008,60.23857],[10.40078,60.23858],[10.40078,60.23857],[10.4008,60.23857]],[[10.40076,60.23855],[10.40074,60.23856],[10.40074,60.23855],[10.40076,60.23855]]]},"properties":{"a":960,"v":-849,"dh":0.88,"pl":2,"pn":"T-kryss Jevnaker sentrum","pd":"2021-09-02","c":0}},{"type":"Feature","geometry":{"type":"Polygon","coordinates":[[[10.40208,60.239],[10.40173,60.23882],[10.40169,60.23876],[10.40151,60.23873],[10.40121,60.23855],[10.40101,60.23853],[10.40111,60.23862],[10.401,60.23864],[10.40098,60.2387],[10.4012,60.2387],[10.40124,60.23875],[10.40118,60.23876],[10.40134,60.23874],[10.40149,60.23877],[10.40155,60.23882],[10.40142,60.23883],[10.40208,60.239]]]},"properties":{"a":700,"v":1141,"dh":1.63,"pl":2,"pn":"T-kryss Jevnaker sentrum","pd":"2021-09-02","c":0}},{"type":"Feature","geometry":{"type":"Polygon","coordinates":[[[10.37593,60.23748],[10.37595,60.23742],[10.3763,60.23748],[10.37673,60.23747],[10.37687,60.23738],[10.37685,60.23735],[10.37699,60.23732],[10.37708,60.23724],[10.37695,60.23712],[10.3767,60.23717],[10.37659,60.23711],[10.37617,60.2371],[10.37608,60.23704],[10.37602,60.23737],[10.37588,60.23739],[10.37584,60.23746],[10.37593,60.23748]]]},"properties":{"a":1982,"v":-10532,"dh":5.31,"pl":1,"pn":"Jevnaker sentrum","pd":"2018-09-06","fo":1,"c":47}},{"type":"Feature","geometry":{"type":"Polygon","coordinates":[[[10.36868,60.23768],[10.36881,60.23766],[10.36875,60.23759],[10.36884,60.23755],[10.36853,60.23746],[10.36871,60.23746],[10.36856,60.23743],[10.36858,60.23739],[10.36831,60.23741],[10.36831,60.2375],[10.36837,60.23748],[10.36839,60.23752],[10.36817,60.23748],[10.36868,60.23768]],[[10.3687,60.2376],[10.36862,60.23755],[10.36869,60.23755],[10.3687,60.2376]],[[10.36859,60.23757],[10.3685,60.23756],[10.36848,60.23754],[10.36859,60.23757]],[[10.36842,60.23754],[10.36844,60.23752],[10.36844,60.23753],[10.36842,60.23754]],[[10.36848,60.23752],[10.36849,60.2375],[10.36849,60.23752],[10.36848,60.23752]],[[10.36837,60.23745],[10.36842,60.23744],[10.36844,60.23745],[10.36837,60.23745]]]},"properties":{"a":523,"v":501,"dh":0.96,"pl":1,"pn":"Berger","pd":"1992-08-25","c":51}},{"type":"Feature","geometry":{"type":"Polygon","coordinates":[[[10.37693,60.23756],[10.37707,60.23754],[10.377,60.23751],[10.37704,60.23746],[10.37689,60.2374],[10.37675,60.23748],[10.37675,60.23751],[10.37685,60.23747],[10.37693,60.23756]]]},"properties":{"a":165,"v":192,"dh":1.16,"pl":1,"pn":"Jevnaker sentrum","pd":"2018-09-06","c":47}},{"type":"Feature","geometry":{"type":"Polygon","coordinates":[[[10.37144,60.23891],[10.37153,60.23888],[10.37153,60.23881],[10.37147,60.23874],[10.3714,60.23874],[10.37139,60.23884],[10.37144,60.23891]]]},"properties":{"a":114,"v":123,"dh":1.08,"pl":1,"pn":"Berger","pd":"1992-08-25","c":51}},{"type":"Feature","geometry":{"type":"Polygon","coordinates":[[[10.37113,60.23913],[10.37136,60.23911],[10.37141,60.23908],[10.37136,60.23905],[10.37141,60.23903],[10.37107,60.23909],[10.37113,60.23913]],[[10.37132,60.23909],[10.37134,60.23908],[10.37134,60.23909],[10.37132,60.23909]]]},"properties":{"a":116,"v":114,"dh":0.98,"pl":1,"pn":"Berger","pd":"1992-08-25","sh":1,"c":51}},{"type":"Feature","geometry":{"type":"Polygon","coordinates":[[[10.36504,60.23958],[10.36506,60.23955],[10.36517,60.23956],[10.36523,60.23946],[10.36538,60.23946],[10.36557,60.23932],[10.36548,60.23925],[10.36541,60.23927],[10.36538,60.23937],[10.36527,60.23937],[10.36535,60.23927],[10.36524,60.23924],[10.36517,60.23929],[10.36521,60.23932],[10.36518,60.23934],[10.3652,60.23942],[10.36514,60.23942],[10.36506,60.23954],[10.36491,60.23955],[10.36504,60.23958]],[[10.36521,60.23931],[10.36523,60.23929],[10.36523,60.23931],[10.36521,60.23931]]]},"properties":{"a":418,"v":489,"dh":1.17,"pl":1,"pn":"Berger","pd":"1992-08-25","fo":1,"c":52}},{"type":"Feature","geometry":{"type":"Polygon","coordinates":[[[10.37826,60.23996],[10.37869,60.23984],[10.37876,60.23977],[10.37843,60.23978],[10.37826,60.2399],[10.37826,60.23996]]]},"properties":{"a":296,"v":561,"dh":1.9,"pl":1,"pn":"Jevnaker sentrum","pd":"2018-09-06","fo":1,"c":53}},{"type":"Feature","geometry":{"type":"MultiPolygon","coordinates":[[[[10.37181,60.24031],[10.37195,60.24025],[10.37226,60.24029],[10.37227,60.24023],[10.37224,60.24016],[10.37207,60.24017],[10.37177,60.24026],[10.37181,60.24031]]],[[[10.37179,60.24033],[10.37166,60.24026],[10.37155,60.24027],[10.37163,60.24033],[10.37172,60.24031],[10.3717,60.24036],[10.37179,60.24033]]]]},"properties":{"a":279,"v":366,"dh":1.31,"pl":1,"pn":"Berger","pd":"1992-08-25","fo":1,"c":54}},{"type":"Feature","geometry":{"type":"Polygon","coordinates":[[[10.36788,60.24058],[10.36788,60.24051],[10.36779,60.24045],[10.36764,60.24047],[10.36768,60.24049],[10.36766,60.24055],[10.36788,60.24058]]]},"properties":{"a":133,"v":133,"dh":1.0,"pl":2,"pn":"Jevnaker ungdomsskole","pd":"2026-01-26","sh":1,"c":55}},{"type":"Feature","geometry":{"type":"Polygon","coordinates":[[[10.399,60.2379],[10.39907,60.23784],[10.39904,60.23774],[10.39892,60.23771],[10.39889,60.23786],[10.399,60.2379]],[[10.39892,60.23775],[10.39895,60.23775],[10.39894,60.23776],[10.39892,60.23775]]]},"properties":{"a":156,"v":158,"dh":1.01,"pl":1,"pn":"Nesbakken øst/ Glassverket/ Hermannstjern","pd":"1996-02-07","c":56}},{"type":"Feature","geometry":{"type":"Polygon","coordinates":[[[10.39588,60.23799],[10.39594,60.23787],[10.3956,60.23794],[10.3956,60.23797],[10.39588,60.23799]]]},"properties":{"a":151,"v":175,"dh":1.16,"pl":1,"pn":"Nesbakken øst/ Glassverket/ Hermannstjern","pd":"1996-02-07","c":56}},{"type":"Feature","geometry":{"type":"Polygon","coordinates":[[[10.38571,60.23895],[10.38575,60.23891],[10.38571,60.23886],[10.38578,60.23884],[10.38576,60.23879],[10.38574,60.23883],[10.38553,60.23882],[10.38558,60.23886],[10.38557,60.2389],[10.38571,60.23895]]]},"properties":{"a":115,"v":90,"dh":0.78,"pl":1,"pn":"Jevnaker sentrum","pd":"2018-09-06","sh":1,"c":57}},{"type":"Feature","geometry":{"type":"Polygon","coordinates":[[[10.38817,60.24028],[10.38841,60.24026],[10.38858,60.24019],[10.38846,60.24016],[10.3881,60.24025],[10.38817,60.24028]]]},"properties":{"a":195,"v":-284,"dh":1.46,"pl":1,"pn":"Jevnaker sentrum","pd":"2018-09-06","c":58}},{"type":"Feature","geometry":{"type":"Polygon","coordinates":[[[10.38589,60.24058],[10.38599,60.2405],[10.38585,60.24046],[10.38571,60.24049],[10.38578,60.24056],[10.38589,60.24058]]]},"properties":{"a":147,"v":-143,"dh":0.97,"pl":1,"pn":"Jevnaker sentrum","pd":"2018-09-06","sh":1,"c":57}},{"type":"Feature","geometry":{"type":"Polygon","coordinates":[[[10.38199,60.24102],[10.382,60.24094],[10.38227,60.24094],[10.3824,60.24087],[10.3824,60.24083],[10.38229,60.24076],[10.38216,60.24076],[10.38198,60.24077],[10.38186,60.24091],[10.38162,60.24085],[10.38199,60.24102]]]},"properties":{"a":569,"v":-561,"dh":0.99,"pl":1,"pn":"Jevnaker sentrum","pd":"2018-09-06","c":58}},{"type":"Feature","geometry":{"type":"Polygon","coordinates":[[[10.38472,60.24106],[10.38491,60.24098],[10.38495,60.2409],[10.38473,60.24083],[10.38466,60.24099],[10.38472,60.24106]]]},"properties":{"a":239,"v":-250,"dh":1.05,"pl":1,"pn":"Jevnaker sentrum","pd":"2018-09-06","c":58}},{"type":"Feature","geometry":{"type":"Polygon","coordinates":[[[10.40505,60.23884],[10.40505,60.23879],[10.40516,60.23879],[10.40528,60.23871],[10.40496,60.2387],[10.405,60.23883],[10.40505,60.23884]]]},"properties":{"a":123,"v":116,"dh":0.94,"pl":0,"sh":1,"c":59}},{"type":"Feature","geometry":{"type":"Polygon","coordinates":[[[10.40097,60.23932],[10.40158,60.2392],[10.40183,60.23908],[10.40165,60.239],[10.40135,60.23896],[10.40147,60.23901],[10.40145,60.23905],[10.40125,60.23917],[10.40122,60.23917],[10.40125,60.23911],[10.40095,60.23917],[10.40095,60.23927],[10.40104,60.23925],[10.40097,60.23932]],[[10.40113,60.23921],[10.40111,60.23922],[10.40111,60.23921],[10.40113,60.23921]],[[10.40113,60.23921],[10.40115,60.23921],[10.40115,60.23921],[10.40113,60.23921]],[[10.4012,60.23919],[10.40118,60.2392],[10.40118,60.23919],[10.4012,60.23919]],[[10.4012,60.23919],[10.40122,60.23918],[10.40122,60.23919],[10.4012,60.23919]]]},"properties":{"a":842,"v":1365,"dh":1.62,"pl":1,"pn":"RV 35 Olimb - Hallum","pd":"1994-12-13","fo":1,"c":0}},{"type":"Feature","geometry":{"type":"Polygon","coordinates":[[[10.4033,60.2398],[10.40312,60.23979],[10.40319,60.24003],[10.40352,60.24023],[10.40365,60.24018],[10.40368,60.24014],[10.40364,60.24009],[10.40348,60.24005],[10.40346,60.24],[10.40351,60.23991],[10.4033,60.2398]],[[10.40331,60.23982],[10.40329,60.23983],[10.40329,60.23982],[10.40331,60.23982]]]},"properties":{"a":752,"v":795,"dh":1.06,"pl":1,"pn":"RV 35 Olimb - Hallum","pd":"1994-12-13","fo":1,"c":0}},{"type":"Feature","geometry":{"type":"Polygon","coordinates":[[[10.41249,60.24037],[10.41264,60.24024],[10.4129,60.24021],[10.41291,60.24012],[10.4128,60.2401],[10.41236,60.24037],[10.41249,60.24037]]]},"properties":{"a":250,"v":361,"dh":1.45,"pl":1,"pn":"Toso","pd":"1995-06-20","fo":1,"c":60}},{"type":"Feature","geometry":{"type":"MultiPolygon","coordinates":[[[[10.40459,60.24065],[10.40455,60.24066],[10.40459,60.24066],[10.40459,60.24065]]],[[[10.40471,60.24067],[10.4047,60.24068],[10.40472,60.24068],[10.40471,60.24067]]],[[[10.40502,60.24095],[10.4052,60.24103],[10.4056,60.24098],[10.4054,60.24096],[10.40536,60.24099],[10.40532,60.24094],[10.40459,60.24066],[10.40457,60.24077],[10.40476,60.24077],[10.40481,60.24082],[10.40492,60.24083],[10.40509,60.24092],[10.40502,60.24095]],[[10.40509,60.24094],[10.40511,60.24096],[10.40509,60.24096],[10.40509,60.24094]]],[[[10.40522,60.24104],[10.40525,60.24103],[10.40522,60.24103],[10.40522,60.24104]]]]},"properties":{"a":443,"v":363,"dh":0.82,"pl":1,"pn":"RV 35 Olimb - Hallum","pd":"1994-12-13","sh":1,"c":0}},{"type":"Feature","geometry":{"type":"Polygon","coordinates":[[[10.40584,60.24112],[10.40587,60.24102],[10.40569,60.24098],[10.4056,60.24101],[10.40565,60.24108],[10.40584,60.24112]]]},"properties":{"a":144,"v":190,"dh":1.32,"pl":1,"pn":"RV 35 Olimb - Hallum","pd":"1994-12-13","c":0}},{"type":"Feature","geometry":{"type":"Polygon","coordinates":[[[10.40139,60.24141],[10.40175,60.24139],[10.40198,60.24141],[10.402,60.24136],[10.40182,60.24137],[10.40171,60.24128],[10.40138,60.24134],[10.40139,60.24141]]]},"properties":{"a":341,"v":-487,"dh":1.43,"pl":1,"pn":"Haugerlandet","pd":"1996-06-18","c":61}},{"type":"Feature","geometry":{"type":"Polygon","coordinates":[[[10.41653,60.24158],[10.4166,60.24147],[10.4164,60.24149],[10.4164,60.24155],[10.41653,60.24158]]]},"properties":{"a":105,"v":-99,"dh":0.95,"pl":1,"pn":"Toso","pd":"1995-06-20","sh":1,"c":62}},{"type":"Feature","geometry":{"type":"Polygon","coordinates":[[[10.40602,60.24205],[10.40634,60.24197],[10.40645,60.2419],[10.40621,60.24194],[10.40625,60.24189],[10.40618,60.24188],[10.40604,60.24198],[10.40602,60.24205]]]},"properties":{"a":218,"v":256,"dh":1.17,"pl":1,"pn":"Haugerlandet","pd":"1996-06-18","c":61}},{"type":"Feature","geometry":{"type":"Polygon","coordinates":[[[10.36877,60.24102],[10.36902,60.24091],[10.36863,60.24079],[10.36847,60.24082],[10.36845,60.24086],[10.36858,60.24085],[10.36867,60.24093],[10.36876,60.24093],[10.36877,60.24102]]]},"properties":{"a":329,"v":463,"dh":1.41,"pl":1,"pn":"Berger","pd":"1992-08-25","c":63}},{"type":"Feature","geometry":{"type":"MultiPolygon","coordinates":[[[[10.36859,60.24114],[10.36868,60.24112],[10.36859,60.24112],[10.36859,60.24114]]],[[[10.36859,60.24117],[10.36854,60.24125],[10.36862,60.24133],[10.36874,60.24129],[10.36868,60.24121],[10.36859,60.24117]]]]},"properties":{"a":140,"v":120,"dh":0.86,"pl":1,"pn":"Berger","pd":"1992-08-25","sh":1,"c":63}},{"type":"Feature","geometry":{"type":"Polygon","coordinates":[[[10.37602,60.24257],[10.37635,60.24261],[10.37636,60.2424],[10.37596,60.24244],[10.37602,60.24257]]]},"properties":{"a":438,"v":-599,"dh":1.37,"pl":1,"pn":"Berger","pd":"1992-08-25","c":64}},{"type":"Feature","geometry":{"type":"Polygon","coordinates":[[[10.37668,60.24268],[10.37691,60.24258],[10.37651,60.24254],[10.37669,60.24263],[10.37668,60.24268]]]},"properties":{"a":169,"v":218,"dh":1.29,"pl":1,"pn":"Berger","pd":"1992-08-25","c":64}},{"type":"Feature","geometry":{"type":"Polygon","coordinates":[[[10.37778,60.24279],[10.37791,60.24276],[10.37798,60.24266],[10.37766,60.24251],[10.37758,60.2426],[10.3776,60.24274],[10.37778,60.24279]]]},"properties":{"a":461,"v":-892,"dh":1.94,"pl":1,"pn":"Berger","pd":"1992-08-25","c":64}},{"type":"Feature","geometry":{"type":"Polygon","coordinates":[[[10.37204,60.24333],[10.37219,60.24331],[10.37218,60.24325],[10.37188,60.24322],[10.37204,60.24333]]]},"properties":{"a":130,"v":143,"dh":1.1,"pl":1,"pn":"Berger","pd":"1992-08-25","fo":1,"c":65}},{"type":"Feature","geometry":{"type":"MultiPolygon","coordinates":[[[[10.37942,60.24318],[10.3794,60.24306],[10.37924,60.24303],[10.37921,60.24313],[10.37942,60.24318]]],[[[10.37942,60.24318],[10.37934,60.24322],[10.37945,60.24329],[10.37936,60.24334],[10.37954,60.24334],[10.37955,60.24327],[10.37948,60.24319],[10.37946,60.24318],[10.37942,60.24318]]]]},"properties":{"a":284,"v":450,"dh":1.58,"pl":0,"c":66}},{"type":"Feature","geometry":{"type":"Polygon","coordinates":[[[10.37679,60.24367],[10.37693,60.24357],[10.37716,60.2435],[10.37684,60.24354],[10.37684,60.24359],[10.37673,60.24365],[10.37679,60.24367]]]},"properties":{"a":116,"v":-103,"dh":0.89,"pl":1,"pn":"Berger","pd":"1992-08-25","sh":1,"c":64}},{"type":"Feature","geometry":{"type":"Polygon","coordinates":[[[10.37444,60.24445],[10.37478,60.24436],[10.37487,60.24438],[10.37488,60.24433],[10.37499,60.24431],[10.37544,60.24431],[10.37567,60.2442],[10.37591,60.24417],[10.37606,60.24404],[10.37632,60.24404],[10.37621,60.24397],[10.37638,60.24386],[10.37617,60.24394],[10.37604,60.24392],[10.37604,60.24389],[10.37618,60.24385],[10.37602,60.24381],[10.37607,60.24377],[10.37603,60.24376],[10.37603,60.2437],[10.37609,60.24369],[10.37605,60.24365],[10.37612,60.24363],[10.3761,60.24356],[10.37562,60.24344],[10.37446,60.24358],[10.37437,60.24361],[10.37436,60.24379],[10.37458,60.24389],[10.37494,60.2439],[10.37511,60.24401],[10.37518,60.24414],[10.37482,60.24415],[10.37468,60.24425],[10.37447,60.24427],[10.37436,60.24433],[10.37444,60.24439],[10.37444,60.24445]],[[10.3758,60.24375],[10.37583,60.24373],[10.37584,60.24374],[10.3758,60.24375]],[[10.37585,60.24371],[10.37587,60.2437],[10.37587,60.24371],[10.37585,60.24371]],[[10.37599,60.24366],[10.37603,60.24364],[10.37603,60.24366],[10.37599,60.24366]]]},"properties":{"a":6893,"v":36237,"dh":5.26,"pl":1,"pn":"Berger","pd":"1992-08-25","c":64}},{"type":"Feature","geometry":{"type":"Polygon","coordinates":[[[10.35038,60.23354],[10.35067,60.23351],[10.35072,60.23346],[10.35039,60.23346],[10.35036,60.23348],[10.35038,60.23354]]]},"properties":{"a":138,"v":-132,"dh":0.96,"pl":1,"pn":"Bergermoen Vest del 2","pd":"1982-01-07","sh":1,"c":11}},{"type":"Feature","geometry":{"type":"Polygon","coordinates":[[[10.35051,60.23372],[10.35076,60.23365],[10.35083,60.23357],[10.35042,60.23361],[10.35051,60.23372]]]},"properties":{"a":208,"v":170,"dh":0.82,"pl":1,"pn":"Bergermoen Vest del 2","pd":"1982-01-07","sh":1,"c":11}},{"type":"Feature","geometry":{"type":"Polygon","coordinates":[[[10.3458,60.23381],[10.34679,60.23374],[10.34695,60.2337],[10.34569,60.23376],[10.3458,60.23381]]]},"properties":{"a":343,"v":-492,"dh":1.43,"pl":1,"pn":"Bergermoen Vest del 2","pd":"1982-01-07","c":11}},{"type":"Feature","geometry":{"type":"Polygon","coordinates":[[[10.35011,60.23406],[10.35025,60.23386],[10.35026,60.23373],[10.35014,60.23382],[10.35007,60.23397],[10.35006,60.23405],[10.35011,60.23406]]]},"properties":{"a":169,"v":-180,"dh":1.07,"pl":1,"pn":"Bergermoen Vest del 2","pd":"1982-01-07","fo":1,"c":11}},{"type":"Feature","geometry":{"type":"MultiPolygon","coordinates":[[[[10.35182,60.23401],[10.35222,60.23398],[10.35225,60.23392],[10.35233,60.23396],[10.3524,60.23394],[10.3524,60.23388],[10.35234,60.23385],[10.35236,60.23379],[10.35216,60.23379],[10.35202,60.23394],[10.35182,60.23401]]],[[[10.35183,60.23401],[10.35161,60.23404],[10.35141,60.23399],[10.35141,60.23409],[10.35149,60.23413],[10.35183,60.23401]]]]},"properties":{"a":537,"v":705,"dh":1.31,"pl":1,"pn":"Bergermoen Vest del 2","pd":"1982-01-07","fo":1,"c":11}},{"type":"Feature","geometry":{"type":"Polygon","coordinates":[[[10.34716,60.23431],[10.34715,60.23412],[10.34647,60.23416],[10.34669,60.23429],[10.34716,60.23431]]]},"properties":{"a":626,"v":670,"dh":1.07,"pl":1,"pn":"Bergermoen Vest del 2","pd":"1982-01-07","c":11}},{"type":"Feature","geometry":{"type":"Polygon","coordinates":[[[10.35095,60.23436],[10.35099,60.23429],[10.35117,60.23427],[10.35131,60.23418],[10.35134,60.23409],[10.35128,60.23402],[10.35107,60.234],[10.35078,60.23409],[10.35075,60.2342],[10.35079,60.23421],[10.35075,60.23422],[10.35081,60.23424],[10.35081,60.23434],[10.35095,60.23436]],[[10.35093,60.23429],[10.35088,60.23432],[10.35088,60.23425],[10.35093,60.23429]],[[10.35109,60.23424],[10.35116,60.23421],[10.35117,60.23423],[10.35109,60.23424]]]},"properties":{"a":852,"v":-1203,"dh":1.41,"pl":1,"pn":"Bergermoen Vest del 2","pd":"1982-01-07","fo":1,"c":11}},{"type":"Feature","geometry":{"type":"Polygon","coordinates":[[[10.35082,60.23455],[10.35096,60.23451],[10.35094,60.23446],[10.3511,60.23437],[10.35085,60.23446],[10.35066,60.23431],[10.35052,60.23436],[10.35067,60.23453],[10.35082,60.23455]],[[10.35073,60.23453],[10.35074,60.23452],[10.35074,60.23453],[10.35073,60.23453]]]},"properties":{"a":352,"v":422,"dh":1.2,"pl":1,"pn":"Bergermoen Vest del 2","pd":"1982-01-07","fo":1,"c":11}},{"type":"Feature","geometry":{"type":"Polygon","coordinates":[[[10.34923,60.23495],[10.34942,60.23484],[10.34966,60.2345],[10.34955,60.23448],[10.34984,60.23445],[10.34997,60.23419],[10.34995,60.23414],[10.3499,60.23413],[10.3498,60.23428],[10.3496,60.23429],[10.34958,60.23424],[10.34969,60.23425],[10.34974,60.23418],[10.34957,60.23418],[10.34952,60.23425],[10.3494,60.23428],[10.34876,60.23422],[10.34878,60.23414],[10.34869,60.23408],[10.34853,60.23414],[10.34851,60.23418],[10.34862,60.23415],[10.3486,60.23421],[10.34867,60.23422],[10.3485,60.23428],[10.34844,60.23435],[10.34845,60.23443],[10.34856,60.23459],[10.34853,60.23462],[10.34868,60.23471],[10.34861,60.23486],[10.34866,60.23489],[10.34881,60.23487],[10.34892,60.23493],[10.34923,60.23495]],[[10.34863,60.23454],[10.34865,60.23452],[10.34865,60.23454],[10.34863,60.23454]],[[10.34971,60.23443],[10.34951,60.23434],[10.34951,60.23431],[10.34971,60.23435],[10.34971,60.23443]],[[10.34861,60.23439],[10.34852,60.23434],[10.34861,60.23435],[10.34861,60.23439]]]},"properties":{"a":4519,"v":6330,"dh":1.4,"pl":1,"pn":"Bergermoen Vest del 2","pd":"1982-01-07","c":11}},{"type":"Feature","geometry":{"type":"Polygon","coordinates":[[[10.34931,60.2353],[10.34964,60.23477],[10.34968,60.23457],[10.34959,60.23464],[10.34958,60.23474],[10.34947,60.23482],[10.34946,60.23491],[10.34926,60.23499],[10.34901,60.23499],[10.34857,60.23487],[10.34855,60.23481],[10.3486,60.23475],[10.34847,60.23467],[10.34845,60.23458],[10.34829,60.23459],[10.34835,60.23466],[10.3483,60.23469],[10.34819,60.23516],[10.34871,60.23517],[10.34891,60.23525],[10.34931,60.2353]]]},"properties":{"a":2744,"v":-7450,"dh":2.71,"pl":1,"pn":"Bergermoen Vest del 2","pd":"1982-01-07","c":11}},{"type":"Feature","geometry":{"type":"Polygon","coordinates":[[[10.36363,60.23435],[10.36367,60.23432],[10.36361,60.23429],[10.36334,60.23425],[10.36336,60.23429],[10.36363,60.23435]]]},"properties":{"a":100,"v":117,"dh":1.17,"pl":0,"c":67}},{"type":"Feature","geometry":{"type":"Polygon","coordinates":[[[10.36307,60.23658],[10.36325,60.23645],[10.36341,60.23638],[10.36341,60.23635],[10.36331,60.23629],[10.36306,60.2363],[10.36305,60.23635],[10.36323,60.23641],[10.36318,60.23649],[10.36307,60.23654],[10.36307,60.23658]]]},"properties":{"a":277,"v":286,"dh":1.03,"pl":0,"c":68}},{"type":"Feature","geometry":{"type":"MultiPolygon","coordinates":[[[[10.36245,60.23666],[10.36228,60.23663],[10.36223,60.23674],[10.3623,60.23675],[10.36245,60.23666]],[[10.36241,60.23666],[10.36243,60.23667],[10.36241,60.23667],[10.36241,60.23666]]],[[[10.36254,60.2367],[10.36256,60.23679],[10.36265,60.23676],[10.36265,60.23671],[10.36246,60.23667],[10.36254,60.2367]]]]},"properties":{"a":150,"v":156,"dh":1.04,"pl":0,"c":68}},{"type":"Feature","geometry":{"type":"Polygon","coordinates":[[[10.36398,60.23708],[10.36436,60.23706],[10.36432,60.23703],[10.36446,60.23699],[10.36435,60.23697],[10.36437,60.237],[10.36428,60.23701],[10.36429,60.23705],[10.364,60.23704],[10.36398,60.23708]]]},"properties":{"a":101,"v":80,"dh":0.79,"pl":1,"pn":"Bergerbakken syd","pd":"1989-12-12","sh":1,"c":69}},{"type":"Feature","geometry":{"type":"Polygon","coordinates":[[[10.35765,60.23781],[10.35778,60.2378],[10.35765,60.23766],[10.35718,60.23769],[10.35723,60.23774],[10.35765,60.23781]],[[10.35747,60.23777],[10.35749,60.23776],[10.35749,60.23777],[10.35747,60.23777]]]},"properties":{"a":332,"v":447,"dh":1.35,"pl":0,"c":70}},{"type":"Feature","geometry":{"type":"Polygon","coordinates":[[[10.35569,60.23785],[10.35572,60.23785],[10.35575,60.23777],[10.35586,60.23777],[10.35584,60.23773],[10.35539,60.23759],[10.3551,60.2376],[10.35488,60.23767],[10.35539,60.23765],[10.35535,60.2377],[10.35545,60.23774],[10.35547,60.23784],[10.35587,60.23792],[10.35587,60.23786],[10.35572,60.23788],[10.35569,60.23785]],[[10.35567,60.23785],[10.35565,60.23784],[10.35567,60.23784],[10.35567,60.23785]]]},"properties":{"a":685,"v":727,"dh":1.06,"pl":0,"c":71}},{"type":"Feature","geometry":{"type":"Polygon","coordinates":[[[10.35531,60.23801],[10.35551,60.23799],[10.35551,60.23795],[10.35538,60.23788],[10.35529,60.2379],[10.35531,60.23801]]]},"properties":{"a":128,"v":-148,"dh":1.16,"pl":0,"c":71}},{"type":"Feature","geometry":{"type":"Polygon","coordinates":[[[10.35929,60.23815],[10.35978,60.23817],[10.35985,60.23812],[10.35985,60.23807],[10.35969,60.23811],[10.35974,60.23806],[10.35987,60.23805],[10.35979,60.2379],[10.3595,60.23797],[10.35945,60.23806],[10.35923,60.23797],[10.35923,60.23808],[10.35929,60.23815]],[[10.35967,60.23814],[10.35969,60.23813],[10.35969,60.23814],[10.35967,60.23814]]]},"properties":{"a":674,"v":774,"dh":1.15,"pl":0,"c":72}},{"type":"Feature","geometry":{"type":"MultiPolygon","coordinates":[[[[10.36333,60.23804],[10.3633,60.23805],[10.36333,60.23805],[10.36333,60.23804]]],[[[10.3634,60.23803],[10.36321,60.2381],[10.36324,60.23806],[10.36315,60.23797],[10.36288,60.23803],[10.36281,60.2381],[10.36289,60.23816],[10.36305,60.23811],[10.36328,60.23814],[10.3634,60.23803]],[[10.36308,60.23806],[10.3631,60.23807],[10.36308,60.23807],[10.36308,60.23806]]]]},"properties":{"a":345,"v":-568,"dh":1.65,"pl":1,"pn":"Berger","pd":"1992-08-25","fo":1,"c":52}},{"type":"Feature","geometry":{"type":"Polygon","coordinates":[[[10.3558,60.23939],[10.35589,60.23925],[10.35594,60.2393],[10.35618,60.2393],[10.35621,60.23929],[10.35619,60.23923],[10.3563,60.23921],[10.35632,60.23917],[10.35659,60.2391],[10.35665,60.23885],[10.35623,60.23888],[10.35601,60.23875],[10.35589,60.23888],[10.35555,60.23898],[10.35537,60.23888],[10.35542,60.23884],[10.35564,60.23884],[10.3554,60.23876],[10.35525,60.23866],[10.35492,60.2386],[10.3549,60.23853],[10.35501,60.23845],[10.35493,60.23834],[10.35459,60.23834],[10.3544,60.23817],[10.35408,60.23827],[10.35377,60.23821],[10.35365,60.2383],[10.35365,60.23842],[10.35374,60.23851],[10.35375,60.23858],[10.35373,60.23868],[10.35361,60.23878],[10.35365,60.23888],[10.35387,60.23891],[10.35396,60.23886],[10.35446,60.2389],[10.35461,60.23895],[10.35488,60.23892],[10.35532,60.23915],[10.35527,60.23927],[10.3553,60.23934],[10.3558,60.23939]]]},"properties":{"a":9279,"v":-24081,"dh":2.6,"pl":0,"c":71}},{"type":"Feature","geometry":{"type":"Polygon","coordinates":[[[10.34738,60.23605],[10.34746,60.23598],[10.3474,60.23575],[10.34722,60.23584],[10.34728,60.23592],[10.34725,60.23601],[10.34738,60.23605]]]},"properties":{"a":305,"v":-657,"dh":2.16,"pl":1,"pn":"Bergermoen Vest del 2","pd":"1982-01-07","fo":1,"c":11}},{"type":"Feature","geometry":{"type":"Polygon","coordinates":[[[10.34693,60.23702],[10.34754,60.23689],[10.34764,60.23681],[10.34766,60.23675],[10.34782,60.23675],[10.34793,60.23678],[10.3479,60.23682],[10.34802,60.23684],[10.3481,60.23665],[10.34839,60.23654],[10.34851,60.23638],[10.34852,60.23625],[10.34887,60.23604],[10.34889,60.23597],[10.34896,60.23594],[10.34894,60.23589],[10.34953,60.23584],[10.34879,60.23573],[10.34862,60.23558],[10.34851,60.23555],[10.34795,60.23546],[10.3477,60.23551],[10.34747,60.23571],[10.34744,60.23581],[10.3475,60.23598],[10.34739,60.23607],[10.34729,60.23607],[10.34734,60.23612],[10.34729,60.23614],[10.34731,60.23622],[10.3472,60.2365],[10.34704,60.23657],[10.34711,60.23663],[10.34699,60.23667],[10.34699,60.23676],[10.3469,60.23687],[10.34693,60.23702]]]},"properties":{"a":10923,"v":108937,"dh":9.97,"pl":1,"pn":"Bergermoen Vest del 2","pd":"1982-01-07","c":11}},{"type":"Feature","geometry":{"type":"Polygon","coordinates":[[[10.34657,60.23661],[10.34675,60.23655],[10.34689,60.23658],[10.347,60.23655],[10.34691,60.23651],[10.3466,60.2365],[10.34657,60.23661]]]},"properties":{"a":162,"v":234,"dh":1.45,"pl":1,"pn":"Bergermoen Vest del 2","pd":"1982-01-07","fo":1,"c":11}},{"type":"Feature","geometry":{"type":"Polygon","coordinates":[[[10.34679,60.23676],[10.34697,60.23671],[10.34698,60.2366],[10.34677,60.23658],[10.3467,60.23663],[10.3467,60.23668],[10.34684,60.23671],[10.34679,60.23676]]]},"properties":{"a":226,"v":-578,"dh":2.56,"pl":1,"pn":"Bergermoen Vest del 2","pd":"1982-01-07","fo":1,"c":11}},{"type":"Feature","geometry":{"type":"Polygon","coordinates":[[[10.34669,60.23686],[10.34677,60.2368],[10.34687,60.23682],[10.34686,60.23679],[10.34666,60.23672],[10.34666,60.23666],[10.34648,60.23674],[10.34649,60.23679],[10.34658,60.23682],[10.34656,60.23686],[10.34669,60.23686]],[[10.34661,60.2367],[10.34663,60.23669],[10.34663,60.2367],[10.34661,60.2367]]]},"properties":{"a":235,"v":411,"dh":1.75,"pl":1,"pn":"Bergermoen Vest del 2","pd":"1982-01-07","fo":1,"c":11}},{"type":"Feature","geometry":{"type":"Polygon","coordinates":[[[10.34763,60.23693],[10.34786,60.23685],[10.34786,60.2368],[10.34778,60.23676],[10.34766,60.23677],[10.34763,60.23686],[10.34754,60.2369],[10.34763,60.23693]]]},"properties":{"a":182,"v":-470,"dh":2.58,"pl":1,"pn":"Bergermoen Vest del 2","pd":"1982-01-07","fo":1,"c":11}},{"type":"Feature","geometry":{"type":"Polygon","coordinates":[[[10.35443,60.23721],[10.35438,60.23724],[10.35435,60.23742],[10.35426,60.23753],[10.35381,60.2376],[10.35362,60.23775],[10.35366,60.23777],[10.35356,60.2379],[10.35345,60.23796],[10.35345,60.23806],[10.35326,60.2381],[10.35297,60.2381],[10.35292,60.23817],[10.35274,60.23821],[10.35294,60.23823],[10.35301,60.23833],[10.35346,60.23822],[10.35352,60.23825],[10.3532,60.2384],[10.35332,60.23861],[10.35284,60.23888],[10.35281,60.23904],[10.35294,60.2391],[10.35285,60.23913],[10.35283,60.23923],[10.35271,60.23924],[10.35314,60.23925],[10.35328,60.23913],[10.35324,60.23901],[10.35315,60.23897],[10.35316,60.23891],[10.35325,60.23888],[10.35349,60.239],[10.35393,60.23908],[10.35401,60.23916],[10.3542,60.23916],[10.35403,60.23898],[10.35434,60.23899],[10.35436,60.23895],[10.35371,60.23893],[10.3536,60.23887],[10.35356,60.23875],[10.35368,60.23867],[10.35371,60.23859],[10.3536,60.23841],[10.35359,60.23832],[10.35371,60.23818],[10.35474,60.2378],[10.35493,60.23782],[10.35465,60.23768],[10.35469,60.23746],[10.35459,60.23744],[10.3546,60.23737],[10.35451,60.23733],[10.35443,60.23721]],[[10.35476,60.23777],[10.3546,60.23772],[10.35476,60.23775],[10.35476,60.23777]]]},"properties":{"a":7767,"v":26566,"dh":3.42,"pl":0,"c":71}},{"type":"Feature","geometry":{"type":"Polygon","coordinates":[[[10.35444,60.24085],[10.35489,60.24083],[10.3551,60.24073],[10.35495,60.24071],[10.35474,60.2408],[10.35444,60.24085]]]},"properties":{"a":248,"v":297,"dh":1.2,"pl":0,"fo":1,"c":73}},{"type":"Feature","geometry":{"type":"Polygon","coordinates":[[[10.3545,60.24206],[10.35461,60.24197],[10.35452,60.24187],[10.35428,60.24176],[10.35425,60.24161],[10.3541,60.24155],[10.35383,60.24154],[10.35355,60.24159],[10.35404,60.24178],[10.3541,60.24177],[10.35409,60.2417],[10.35418,60.24169],[10.35428,60.24181],[10.35412,60.24182],[10.3545,60.24206]]]},"properties":{"a":1005,"v":1766,"dh":1.76,"pl":1,"pn":"BERGERMARKA 1 - ETAPPE 2 (B10-B26)","pd":"2010-08-26","c":74}},{"type":"Feature","geometry":{"type":"Polygon","coordinates":[[[10.35177,60.24192],[10.35202,60.24188],[10.35186,60.24182],[10.35175,60.24184],[10.35177,60.24192]]]},"properties":{"a":124,"v":132,"dh":1.06,"pl":1,"pn":"BERGERMARKA 1 - ETAPPE 2 (B10-B26)","pd":"2010-08-26","fo":1,"c":74}},{"type":"Feature","geometry":{"type":"Polygon","coordinates":[[[10.35526,60.23935],[10.35527,60.23915],[10.35494,60.239],[10.35465,60.23901],[10.35453,60.23915],[10.35428,60.23917],[10.35526,60.23935]],[[10.35474,60.23911],[10.35476,60.23909],[10.35476,60.23911],[10.35474,60.23911]],[[10.35476,60.23909],[10.35474,60.23908],[10.35476,60.23906],[10.35476,60.23909]]]},"properties":{"a":1167,"v":1749,"dh":1.5,"pl":0,"fo":1,"c":71}},{"type":"Feature","geometry":{"type":"MultiPolygon","coordinates":[[[[10.35659,60.23918],[10.35662,60.23916],[10.35659,60.23917],[10.35659,60.23918]]],[[[10.35663,60.2392],[10.35654,60.23921],[10.35685,60.23928],[10.35673,60.23917],[10.35664,60.23916],[10.35663,60.2392]]]]},"properties":{"a":131,"v":127,"dh":0.97,"pl":0,"sh":1,"c":71}},{"type":"Feature","geometry":{"type":"Polygon","coordinates":[[[10.3644,60.24015],[10.36448,60.24001],[10.36427,60.24005],[10.36434,60.24015],[10.3644,60.24015]]]},"properties":{"a":130,"v":159,"dh":1.22,"pl":1,"pn":"Berger","pd":"1992-08-25","fo":1,"c":52}},{"type":"Feature","geometry":{"type":"Polygon","coordinates":[[[10.36042,60.24059],[10.36032,60.24035],[10.36021,60.24024],[10.36027,60.24033],[10.36027,60.24046],[10.36039,60.2406],[10.36042,60.24059]]]},"properties":{"a":120,"v":104,"dh":0.87,"pl":0,"sh":1,"c":75}},{"type":"Feature","geometry":{"type":"Polygon","coordinates":[[[10.35532,60.2408],[10.35599,60.24084],[10.35599,60.24081],[10.35557,60.24077],[10.35532,60.2408]]]},"properties":{"a":187,"v":-155,"dh":0.83,"pl":1,"pn":"Bergermarka 1","pd":"1997-12-16","sh":1,"c":76}},{"type":"Feature","geometry":{"type":"Polygon","coordinates":[[[10.35594,60.24099],[10.35594,60.24094],[10.35539,60.24087],[10.35574,60.24099],[10.35594,60.24099]]]},"properties":{"a":167,"v":-207,"dh":1.24,"pl":1,"pn":"Bergermarka 1","pd":"1997-12-16","c":76}},{"type":"Feature","geometry":{"type":"Polygon","coordinates":[[[10.36079,60.24118],[10.36102,60.2411],[10.36144,60.2411],[10.36149,60.24097],[10.36136,60.24094],[10.36129,60.241],[10.36116,60.241],[10.36079,60.24112],[10.36079,60.24118]]]},"properties":{"a":453,"v":552,"dh":1.22,"pl":0,"fo":1,"c":77}},{"type":"Feature","geometry":{"type":"Polygon","coordinates":[[[10.35567,60.24186],[10.35572,60.24181],[10.3555,60.24174],[10.35543,60.24175],[10.35533,60.24183],[10.35524,60.24181],[10.35525,60.24176],[10.35518,60.24179],[10.35525,60.24184],[10.35534,60.24185],[10.35543,60.24178],[10.35554,60.24186],[10.35567,60.24186]]]},"properties":{"a":167,"v":191,"dh":1.14,"pl":1,"pn":"Del av Bergermarka 1","pd":"1999-12-14","c":74}},{"type":"Feature","geometry":{"type":"Polygon","coordinates":[[[10.35667,60.24203],[10.35716,60.24201],[10.35716,60.24197],[10.35673,60.24182],[10.35642,60.24159],[10.35629,60.24161],[10.35619,60.24173],[10.35632,60.2418],[10.35641,60.24193],[10.35667,60.24203]]]},"properties":{"a":1107,"v":2302,"dh":2.08,"pl":1,"pn":"Del av Bergermarka 1","pd":"1999-12-14","c":74}},{"type":"Feature","geometry":{"type":"Polygon","coordinates":[[[10.35548,60.2421],[10.35562,60.24199],[10.35562,60.24192],[10.35518,60.24183],[10.35509,60.24174],[10.35489,60.24172],[10.35485,60.24166],[10.35476,60.24174],[10.35477,60.24181],[10.35482,60.24181],[10.35488,60.24193],[10.35523,60.24207],[10.35548,60.2421]]]},"properties":{"a":1066,"v":-2332,"dh":2.19,"pl":1,"pn":"Del av Bergermarka 1","pd":"1999-12-14","c":74}},{"type":"Feature","geometry":{"type":"Polygon","coordinates":[[[10.35596,60.24187],[10.35616,60.24195],[10.356,60.24186],[10.35589,60.24184],[10.35571,60.2419],[10.35566,60.24197],[10.35585,60.24194],[10.35596,60.24187]],[[10.35592,60.24188],[10.35591,60.24186],[10.35594,60.24186],[10.35592,60.24188]]]},"properties":{"a":155,"v":161,"dh":1.04,"pl":1,"pn":"Del av Bergermarka 1","pd":"1999-12-14","c":74}},{"type":"Feature","geometry":{"type":"Polygon","coordinates":[[[10.35852,60.2422],[10.35851,60.24195],[10.35845,60.24191],[10.35813,60.24192],[10.3579,60.242],[10.35803,60.24208],[10.35852,60.2422]]]},"properties":{"a":683,"v":966,"dh":1.41,"pl":1,"pn":"Del av Bergermarka 1","pd":"1999-12-14","c":74}},{"type":"Feature","geometry":{"type":"Polygon","coordinates":[[[10.35621,60.2422],[10.35619,60.24215],[10.35626,60.24209],[10.3562,60.24202],[10.35604,60.24211],[10.35597,60.24207],[10.3559,60.2421],[10.35595,60.24218],[10.35608,60.24216],[10.35614,60.24221],[10.35621,60.2422]]]},"properties":{"a":226,"v":-297,"dh":1.31,"pl":1,"pn":"Del av Bergermarka 1","pd":"1999-12-14","c":74}},{"type":"Feature","geometry":{"type":"Polygon","coordinates":[[[10.35771,60.24234],[10.35798,60.24227],[10.35767,60.24214],[10.35742,60.24215],[10.35755,60.24222],[10.35751,60.24228],[10.35771,60.24234]]]},"properties":{"a":412,"v":708,"dh":1.72,"pl":1,"pn":"Del av Bergermarka 1","pd":"1999-12-14","c":74}},{"type":"Feature","geometry":{"type":"Polygon","coordinates":[[[10.35737,60.24234],[10.35724,60.24227],[10.35737,60.24226],[10.35735,60.24218],[10.35718,60.2422],[10.3572,60.24226],[10.35717,60.24222],[10.35697,60.24224],[10.35703,60.24232],[10.35737,60.24234]],[[10.35717,60.24228],[10.35719,60.24226],[10.35719,60.24228],[10.35717,60.24228]]]},"properties":{"a":222,"v":210,"dh":0.95,"pl":1,"pn":"Del av Bergermarka 1","pd":"1999-12-14","sh":1,"c":74}},{"type":"Feature","geometry":{"type":"Polygon","coordinates":[[[10.36019,60.24248],[10.36026,60.24243],[10.36037,60.24245],[10.36064,60.24238],[10.36067,60.24229],[10.36031,60.24213],[10.35975,60.24219],[10.35928,60.24211],[10.3591,60.24217],[10.35916,60.24229],[10.35959,60.2423],[10.35974,60.24234],[10.35983,60.24243],[10.36019,60.24248]],[[10.35946,60.24218],[10.35948,60.24217],[10.35948,60.24218],[10.35946,60.24218]]]},"properties":{"a":2016,"v":3615,"dh":1.79,"pl":1,"pn":"Del av Bergermarka 1","pd":"1999-12-14","c":74}},{"type":"Feature","geometry":{"type":"Polygon","coordinates":[[[10.35714,60.24249],[10.35736,60.24242],[10.35737,60.24238],[10.35694,60.2424],[10.35701,60.24247],[10.35714,60.24249]]]},"properties":{"a":201,"v":-279,"dh":1.39,"pl":1,"pn":"Del av Bergermarka 1","pd":"1999-12-14","c":74}},{"type":"Feature","geometry":{"type":"MultiPolygon","coordinates":[[[[10.35774,60.24248],[10.35775,60.24247],[10.35774,60.24247],[10.35774,60.24248]]],[[[10.35777,60.24248],[10.35776,60.24248],[10.35777,60.24248],[10.35777,60.24248]]],[[[10.35774,60.24254],[10.3577,60.24251],[10.35774,60.24246],[10.35766,60.24243],[10.35741,60.24248],[10.35774,60.24254]]]]},"properties":{"a":145,"v":189,"dh":1.3,"pl":1,"pn":"Del av Bergermarka 1","pd":"1999-12-14","c":74}},{"type":"Feature","geometry":{"type":"MultiPolygon","coordinates":[[[[10.35968,60.24272],[10.35945,60.2425],[10.35926,60.24254],[10.35926,60.2426],[10.35957,60.24266],[10.35957,60.24272],[10.35968,60.24272]]],[[[10.35968,60.24273],[10.3597,60.24272],[10.35968,60.24272],[10.35968,60.24273]]]]},"properties":{"a":248,"v":313,"dh":1.26,"pl":1,"pn":"Del av Bergermarka 1","pd":"1999-12-14","c":74}},{"type":"Feature","geometry":{"type":"Polygon","coordinates":[[[10.35847,60.24273],[10.35857,60.24264],[10.35876,60.24264],[10.35857,60.24252],[10.35818,60.24264],[10.35847,60.24273]],[[10.35836,60.24264],[10.3583,60.24263],[10.3583,60.24262],[10.35836,60.24262],[10.35836,60.24264]]]},"properties":{"a":361,"v":513,"dh":1.42,"pl":1,"pn":"Del av Bergermarka 1","pd":"1999-12-14","c":74}},{"type":"Feature","geometry":{"type":"Polygon","coordinates":[[[10.35328,60.24216],[10.3533,60.24209],[10.35351,60.24199],[10.35329,60.24189],[10.35285,60.2418],[10.35274,60.24183],[10.35267,60.24191],[10.3527,60.24202],[10.35328,60.24216]],[[10.35284,60.24195],[10.35285,60.24191],[10.35289,60.24195],[10.35284,60.24195]]]},"properties":{"a":1041,"v":1960,"dh":1.88,"pl":1,"pn":"BERGERMARKA 1 - ETAPPE 2 (B10-B26)","pd":"2010-08-26","c":74}},{"type":"Feature","geometry":{"type":"Polygon","coordinates":[[[10.35389,60.24206],[10.35414,60.24204],[10.35414,60.24197],[10.35407,60.24196],[10.35403,60.24204],[10.35387,60.24199],[10.35389,60.24206]]]},"properties":{"a":120,"v":-150,"dh":1.25,"pl":1,"pn":"BERGERMARKA 1 - ETAPPE 2 (B10-B26)","pd":"2010-08-26","c":74}},{"type":"Feature","geometry":{"type":"Polygon","coordinates":[[[10.35232,60.24218],[10.35252,60.24219],[10.35247,60.24216],[10.35248,60.24207],[10.35237,60.24203],[10.35221,60.24206],[10.35232,60.24218]]]},"properties":{"a":201,"v":-262,"dh":1.3,"pl":1,"pn":"BERGERMARKA 1 - ETAPPE 2 (B10-B26)","pd":"2010-08-26","c":74}},{"type":"Feature","geometry":{"type":"Polygon","coordinates":[[[10.35204,60.24232],[10.35217,60.24232],[10.35213,60.24219],[10.35196,60.24216],[10.352,60.2421],[10.35214,60.24212],[10.35219,60.24207],[10.35206,60.24198],[10.35172,60.24196],[10.35149,60.24206],[10.35147,60.24212],[10.35153,60.24217],[10.35182,60.24228],[10.35204,60.24225],[10.35204,60.24232]]]},"properties":{"a":987,"v":-2037,"dh":2.06,"pl":1,"pn":"BERGERMARKA 1 - ETAPPE 2 (B10-B26)","pd":"2010-08-26","c":74}},{"type":"Feature","geometry":{"type":"MultiPolygon","coordinates":[[[[10.35486,60.24232],[10.35498,60.24227],[10.35489,60.2421],[10.35474,60.24202],[10.35452,60.24208],[10.35454,60.24214],[10.35486,60.24232]]],[[[10.35484,60.24233],[10.35486,60.24233],[10.35486,60.24233],[10.35484,60.24233]]],[[[10.35488,60.24234],[10.35486,60.24233],[10.35486,60.24234],[10.35488,60.24234]]]]},"properties":{"a":471,"v":1022,"dh":2.17,"pl":1,"pn":"BERGERMARKA 1 - ETAPPE 2 (B10-B26)","pd":"2010-08-26","c":74}},{"type":"Feature","geometry":{"type":"Polygon","coordinates":[[[10.3529,60.24254],[10.35286,60.24252],[10.35288,60.24245],[10.35225,60.24223],[10.35228,60.24233],[10.35255,60.24236],[10.35248,60.24244],[10.3529,60.24254]]]},"properties":{"a":376,"v":479,"dh":1.28,"pl":1,"pn":"BERGERMARKA 1 - ETAPPE 2 (B10-B26)","pd":"2010-08-26","c":74}},{"type":"Feature","geometry":{"type":"Polygon","coordinates":[[[10.35452,60.2425],[10.35468,60.24242],[10.35448,60.24238],[10.35443,60.24245],[10.3545,60.24248],[10.35434,60.24245],[10.35452,60.2425]]]},"properties":{"a":128,"v":-157,"dh":1.22,"pl":1,"pn":"BERGERMARKA 1 - ETAPPE 2 (B10-B26)","pd":"2010-08-26","c":74}},{"type":"Feature","geometry":{"type":"Polygon","coordinates":[[[10.35548,60.24302],[10.35559,60.24288],[10.35557,60.24282],[10.3552,60.24272],[10.35501,60.24259],[10.3546,60.24269],[10.35418,60.2424],[10.35387,60.24237],[10.3539,60.24233],[10.35408,60.24236],[10.35408,60.24225],[10.354,60.24219],[10.3533,60.24216],[10.35363,60.24233],[10.35375,60.24264],[10.35388,60.24272],[10.35444,60.24272],[10.35464,60.24279],[10.35473,60.24272],[10.35506,60.24276],[10.35548,60.2429],[10.35535,60.24294],[10.35536,60.243],[10.35548,60.24302]],[[10.35375,60.24227],[10.35372,60.24225],[10.35377,60.24227],[10.35375,60.24227]]]},"properties":{"a":2666,"v":4912,"dh":1.84,"pl":1,"pn":"BERGERMARKA 1 - ETAPPE 2 (B10-B26)","pd":"2010-08-26","c":74}},{"type":"Feature","geometry":{"type":"Polygon","coordinates":[[[10.35471,60.24266],[10.3549,60.24256],[10.3547,60.24252],[10.35467,60.24257],[10.35458,60.24257],[10.35443,60.24253],[10.35453,60.24263],[10.35471,60.24266]],[[10.35465,60.24262],[10.35467,60.24261],[10.35469,60.24262],[10.35465,60.24262]],[[10.35465,60.2426],[10.35463,60.24259],[10.35465,60.24259],[10.35465,60.2426]]]},"properties":{"a":225,"v":-238,"dh":1.06,"pl":1,"pn":"BERGERMARKA 1 - ETAPPE 2 (B10-B26)","pd":"2010-08-26","c":74}},{"type":"Feature","geometry":{"type":"Polygon","coordinates":[[[10.35236,60.24305],[10.35236,60.243],[10.35247,60.24298],[10.35246,60.24288],[10.35253,60.24285],[10.35244,60.2428],[10.35251,60.24275],[10.35245,60.24265],[10.35188,60.2428],[10.35194,60.24283],[10.35192,60.2429],[10.35207,60.24291],[10.35221,60.24304],[10.35236,60.24305]],[[10.35208,60.24289],[10.35215,60.24284],[10.35222,60.24284],[10.35214,60.24288],[10.35216,60.24291],[10.35208,60.24289]]]},"properties":{"a":941,"v":1509,"dh":1.6,"pl":1,"pn":"BERGERMARKA 1 - ETAPPE 2 (B10-B26)","pd":"2010-08-26","c":74}},{"type":"Feature","geometry":{"type":"MultiPolygon","coordinates":[[[[10.35134,60.24286],[10.35148,60.24282],[10.35134,60.24285],[10.35134,60.24286]]],[[[10.35138,60.24288],[10.35114,60.24288],[10.35114,60.24292],[10.35131,60.24298],[10.35138,60.24293],[10.35138,60.24288]]]]},"properties":{"a":136,"v":-239,"dh":1.76,"pl":1,"pn":"BERGERMARKA 1 - ETAPPE 2 (B10-B26)","pd":"2010-08-26","c":74}},{"type":"Feature","geometry":{"type":"Polygon","coordinates":[[[10.35098,60.2434],[10.35107,60.24322],[10.35117,60.24314],[10.35095,60.24314],[10.35075,60.24305],[10.35071,60.24294],[10.35041,60.24296],[10.35032,60.24312],[10.35012,60.24307],[10.35024,60.24291],[10.35042,60.2428],[10.35013,60.2429],[10.35005,60.24301],[10.35009,60.24316],[10.35036,60.24318],[10.35038,60.24323],[10.35029,60.24327],[10.3504,60.24332],[10.35098,60.2434]]]},"properties":{"a":1825,"v":-4562,"dh":2.5,"pl":1,"pn":"BERGERMARKA 1 - ETAPPE 2 (B10-B26)","pd":"2010-08-26","c":74}},{"type":"Feature","geometry":{"type":"Polygon","coordinates":[[[10.35202,60.24321],[10.35207,60.24314],[10.352,60.2431],[10.35186,60.24314],[10.35184,60.24318],[10.35202,60.24321]]]},"properties":{"a":115,"v":111,"dh":0.97,"pl":1,"pn":"BERGERMARKA 1 - ETAPPE 2 (B10-B26)","pd":"2010-08-26","sh":1,"c":74}},{"type":"Feature","geometry":{"type":"Polygon","coordinates":[[[10.35257,60.24334],[10.35264,60.24326],[10.35238,60.24321],[10.35231,60.24325],[10.35243,60.24333],[10.35257,60.24334]]]},"properties":{"a":149,"v":-250,"dh":1.68,"pl":1,"pn":"BERGERMARKA 1 - ETAPPE 2 (B10-B26)","pd":"2010-08-26","c":74}},{"type":"Feature","geometry":{"type":"Polygon","coordinates":[[[10.35179,60.24335],[10.35214,60.24336],[10.35221,60.2433],[10.35186,60.24324],[10.35177,60.2433],[10.35179,60.24335]]]},"properties":{"a":240,"v":-388,"dh":1.62,"pl":1,"pn":"BERGERMARKA 1 - ETAPPE 2 (B10-B26)","pd":"2010-08-26","c":74}},{"type":"Feature","geometry":{"type":"MultiPolygon","coordinates":[[[[10.35313,60.24334],[10.35315,60.24335],[10.35315,60.24334],[10.35313,60.24334]]],[[[10.35319,60.24338],[10.35308,60.24337],[10.35312,60.24342],[10.35306,60.24347],[10.35317,60.24351],[10.35316,60.24355],[10.35323,60.24361],[10.35347,60.24371],[10.3538,60.24378],[10.35416,60.24379],[10.35448,60.24372],[10.35503,60.24386],[10.35535,60.24378],[10.35631,60.2439],[10.35642,60.24386],[10.35642,60.24383],[10.35609,60.24374],[10.35618,60.24364],[10.35596,60.24363],[10.35581,60.24356],[10.35572,60.24358],[10.3555,60.24352],[10.35541,60.24353],[10.35543,60.24358],[10.3554,60.24358],[10.35509,60.2435],[10.35502,60.2435],[10.35509,60.24355],[10.35453,60.24354],[10.35467,60.24348],[10.35437,60.24351],[10.35382,60.24348],[10.35377,60.24343],[10.35395,60.24344],[10.35396,60.24331],[10.35391,60.24338],[10.3538,60.24338],[10.35382,60.24335],[10.35367,60.24331],[10.35371,60.24328],[10.35365,60.24325],[10.35369,60.24322],[10.35363,60.24322],[10.35361,60.2431],[10.35368,60.24302],[10.35364,60.24293],[10.35351,60.24288],[10.3534,60.24295],[10.35324,60.24297],[10.35326,60.24302],[10.35313,60.24297],[10.35297,60.24298],[10.35297,60.24295],[10.3527,60.24296],[10.35274,60.24307],[10.35275,60.24298],[10.35286,60.24297],[10.35301,60.24308],[10.353,60.24313],[10.35321,60.24314],[10.35322,60.2432],[10.35313,60.24329],[10.35319,60.24338]],[[10.35321,60.24314],[10.35326,60.24307],[10.35334,60.24313],[10.35321,60.24314]],[[10.35519,60.24376],[10.35523,60.24378],[10.35519,60.24378],[10.35519,60.24376]],[[10.35519,60.24374],[10.35515,60.2437],[10.3552,60.24366],[10.35533,60.24371],[10.35532,60.24375],[10.35519,60.24374]],[[10.35493,60.24371],[10.3547,60.24369],[10.35473,60.24361],[10.355,60.24364],[10.35493,60.24371]],[[10.35506,60.24371],[10.35512,60.24372],[10.35506,60.24372],[10.35506,60.24371]],[[10.3545,60.2437],[10.35452,60.24367],[10.35416,60.2437],[10.35408,60.24365],[10.35448,60.24362],[10.35446,60.24366],[10.35461,60.24366],[10.35461,60.2437],[10.3545,60.2437]],[[10.3538,60.24368],[10.35387,60.24365],[10.35396,60.24365],[10.35389,60.24369],[10.3538,60.24368]],[[10.35347,60.24357],[10.35341,60.24354],[10.35346,60.24353],[10.35347,60.24357]]]]},"properties":{"a":6512,"v":11345,"dh":1.74,"pl":1,"pn":"BERGERMARKA 1 - ETAPPE 2 (B10-B26)","pd":"2010-08-26","c":74}},{"type":"Feature","geometry":{"type":"Polygon","coordinates":[[[10.35344,60.24388],[10.35329,60.24376],[10.35304,60.24378],[10.3531,60.24385],[10.35324,60.24382],[10.35332,60.24388],[10.35344,60.24388]]]},"properties":{"a":167,"v":-202,"dh":1.21,"pl":1,"pn":"BERGERMARKA 1 - ETAPPE 2 (B10-B26)","pd":"2010-08-26","c":74}},{"type":"Feature","geometry":{"type":"Polygon","coordinates":[[[10.35457,60.24396],[10.35453,60.24394],[10.35465,60.24387],[10.35415,60.2439],[10.35426,60.24395],[10.35457,60.24396]]]},"properties":{"a":169,"v":177,"dh":1.05,"pl":1,"pn":"BERGERMARKA 1 - ETAPPE 2 (B10-B26)","pd":"2010-08-26","c":74}},{"type":"Feature","geometry":{"type":"MultiPolygon","coordinates":[[[[10.35321,60.24391],[10.35328,60.24391],[10.35326,60.24388],[10.35321,60.24391]]],[[[10.35341,60.24398],[10.35305,60.24391],[10.35323,60.24402],[10.35341,60.24398]]]]},"properties":{"a":126,"v":154,"dh":1.22,"pl":1,"pn":"BERGERMARKA 1 - ETAPPE 2 (B10-B26)","pd":"2010-08-26","c":74}},{"type":"Feature","geometry":{"type":"Polygon","coordinates":[[[10.35392,60.24419],[10.35444,60.2441],[10.35481,60.24411],[10.35495,60.24405],[10.35525,60.24403],[10.35435,60.244],[10.35426,60.24408],[10.35387,60.24409],[10.35385,60.24414],[10.35392,60.24419]]]},"properties":{"a":637,"v":-916,"dh":1.44,"pl":1,"pn":"BERGERMARKA 1 - ETAPPE 2 (B10-B26)","pd":"2010-08-26","c":74}},{"type":"Feature","geometry":{"type":"Polygon","coordinates":[[[10.35605,60.24275],[10.35601,60.24267],[10.35614,60.24268],[10.35623,60.24275],[10.35628,60.24272],[10.35603,60.24257],[10.35585,60.2426],[10.35596,60.24266],[10.35592,60.24268],[10.35572,60.24265],[10.35556,60.24272],[10.35564,60.24276],[10.35576,60.24272],[10.35605,60.24275]]]},"properties":{"a":373,"v":423,"dh":1.14,"pl":1,"pn":"BERGERMARKA 1 - ETAPPE 2 (B10-B26)","pd":"2010-08-26","c":74}},{"type":"Feature","geometry":{"type":"Polygon","coordinates":[[[10.35942,60.24293],[10.35945,60.24285],[10.35958,60.24292],[10.35969,60.2429],[10.35966,60.24273],[10.35919,60.24261],[10.35911,60.24249],[10.35891,60.24247],[10.35939,60.24276],[10.3594,60.24282],[10.35934,60.24282],[10.35933,60.24287],[10.35942,60.24293]]]},"properties":{"a":599,"v":-732,"dh":1.22,"pl":1,"pn":"Del av Bergermarka 1","pd":"1999-12-14","c":74}},{"type":"Feature","geometry":{"type":"Polygon","coordinates":[[[10.35899,60.24295],[10.359,60.24285],[10.35889,60.24278],[10.35853,60.24284],[10.35853,60.24291],[10.35866,60.24294],[10.35887,60.2429],[10.35899,60.24295]]]},"properties":{"a":311,"v":384,"dh":1.24,"pl":1,"pn":"Del av Bergermarka 1","pd":"1999-12-14","c":74}},{"type":"Feature","geometry":{"type":"Polygon","coordinates":[[[10.3606,60.24308],[10.3607,60.24304],[10.36047,60.24297],[10.36056,60.24295],[10.3605,60.24288],[10.36066,60.24283],[10.36064,60.24275],[10.36049,60.24272],[10.36051,60.24277],[10.36048,60.24279],[10.3603,60.24282],[10.36036,60.24295],[10.3606,60.24308]]]},"properties":{"a":402,"v":499,"dh":1.24,"pl":1,"pn":"Del av Bergermarka 1","pd":"1999-12-14","c":74}},{"type":"Feature","geometry":{"type":"Polygon","coordinates":[[[10.35979,60.24325],[10.35988,60.24319],[10.35982,60.2431],[10.35968,60.24306],[10.35971,60.24301],[10.35966,60.24299],[10.35967,60.24294],[10.35949,60.24297],[10.35948,60.24305],[10.35935,60.243],[10.35943,60.24318],[10.3595,60.24319],[10.35948,60.24312],[10.35959,60.24311],[10.35959,60.24323],[10.35979,60.24325]]]},"properties":{"a":528,"v":-628,"dh":1.19,"pl":1,"pn":"Del av Bergermarka 1","pd":"1999-12-14","c":74}},{"type":"Feature","geometry":{"type":"Polygon","coordinates":[[[10.35719,60.24324],[10.35719,60.24312],[10.35691,60.24308],[10.35692,60.24315],[10.35701,60.24316],[10.35712,60.24325],[10.35719,60.24324]]]},"properties":{"a":183,"v":220,"dh":1.2,"pl":1,"pn":"Del av Bergermarka 1","pd":"1999-12-14","c":74}},{"type":"Feature","geometry":{"type":"Polygon","coordinates":[[[10.35655,60.24389],[10.35689,60.24391],[10.35689,60.24385],[10.35655,60.24389]]]},"properties":{"a":109,"v":96,"dh":0.88,"pl":1,"pn":"BERGERMARKA 1 - ETAPPE 2 (B10-B26)","pd":"2010-08-26","sh":1,"c":74}},{"type":"Feature","geometry":{"type":"Polygon","coordinates":[[[10.35859,60.24443],[10.35882,60.24431],[10.35889,60.24422],[10.35863,60.24407],[10.35831,60.24399],[10.35823,60.24388],[10.3577,60.24383],[10.35697,60.24368],[10.3569,60.24371],[10.35676,60.24364],[10.35623,60.24362],[10.35643,60.24367],[10.35649,60.24373],[10.35661,60.24371],[10.35704,60.24385],[10.35702,60.2439],[10.35693,60.24392],[10.35695,60.24399],[10.35768,60.24403],[10.35773,60.24409],[10.35795,60.24414],[10.35815,60.24408],[10.35829,60.2441],[10.35826,60.24421],[10.35832,60.24425],[10.3583,60.24428],[10.35849,60.24441],[10.35859,60.24443]],[[10.35729,60.24396],[10.35731,60.2439],[10.35742,60.24392],[10.35736,60.24392],[10.3574,60.24394],[10.35735,60.24398],[10.35729,60.24396]]]},"properties":{"a":3389,"v":6703,"dh":1.98,"pl":1,"pn":"BERGERMARKA 1 - ETAPPE 2 (B10-B26)","pd":"2010-08-26","c":74}},{"type":"Feature","geometry":{"type":"MultiPolygon","coordinates":[[[[10.35603,60.2441],[10.35602,60.24411],[10.35603,60.24411],[10.35603,60.2441]]],[[[10.35605,60.24409],[10.35649,60.24422],[10.35689,60.24424],[10.35689,60.24432],[10.35711,60.24441],[10.35717,60.24441],[10.35716,60.24431],[10.35753,60.24439],[10.3578,60.24436],[10.35787,60.24438],[10.35793,60.24449],[10.3581,60.24457],[10.35838,60.24452],[10.35821,60.24432],[10.35774,60.24418],[10.3575,60.24414],[10.35727,60.24417],[10.35706,60.24411],[10.35697,60.24413],[10.35674,60.24403],[10.35599,60.24394],[10.35594,60.24395],[10.35598,60.24402],[10.35594,60.24404],[10.35581,60.24402],[10.35587,60.24411],[10.35605,60.24409]]]]},"properties":{"a":3114,"v":-6683,"dh":2.15,"pl":1,"pn":"BERGERMARKA 1 - ETAPPE 2 (B10-B26)","pd":"2010-08-26","c":74}},{"type":"Feature","geometry":{"type":"Polygon","coordinates":[[[10.35567,60.24446],[10.35601,60.24442],[10.35615,60.24433],[10.35599,60.24424],[10.35568,60.24421],[10.35536,60.24408],[10.35506,60.24413],[10.35506,60.24416],[10.35559,60.24429],[10.35567,60.24446]],[[10.35565,60.24431],[10.35566,60.2443],[10.35566,60.24431],[10.35565,60.24431]],[[10.35572,60.24431],[10.35575,60.24429],[10.35575,60.24431],[10.35572,60.24431]]]},"properties":{"a":1044,"v":1935,"dh":1.85,"pl":1,"pn":"BERGERMARKA 1 - ETAPPE 2 (B10-B26)","pd":"2010-08-26","c":74}},{"type":"Feature","geometry":{"type":"Polygon","coordinates":[[[10.35433,60.24429],[10.3544,60.24425],[10.35485,60.24427],[10.35488,60.24421],[10.35486,60.24413],[10.35446,60.24414],[10.35427,60.24422],[10.35463,60.24419],[10.35474,60.2442],[10.35423,60.24425],[10.35433,60.24429]]]},"properties":{"a":330,"v":385,"dh":1.17,"pl":1,"pn":"BERGERMARKA 1 - ETAPPE 2 (B10-B26)","pd":"2010-08-26","c":74}},{"type":"Feature","geometry":{"type":"Polygon","coordinates":[[[10.35353,60.24428],[10.35355,60.24424],[10.35349,60.24422],[10.35318,60.24419],[10.35324,60.24426],[10.35353,60.24428]]]},"properties":{"a":136,"v":169,"dh":1.24,"pl":1,"pn":"BERGERMARKA 1 - ETAPPE 2 (B10-B26)","pd":"2010-08-26","c":74}},{"type":"Feature","geometry":{"type":"Polygon","coordinates":[[[10.3531,60.24438],[10.35339,60.2444],[10.35332,60.24438],[10.35332,60.24433],[10.35348,60.24431],[10.35312,60.24429],[10.3531,60.24434],[10.35315,60.24435],[10.3531,60.24438]]]},"properties":{"a":161,"v":-157,"dh":0.98,"pl":1,"pn":"BERGERMARKA 1 - ETAPPE 2 (B10-B26)","pd":"2010-08-26","sh":1,"c":74}},{"type":"Feature","geometry":{"type":"Polygon","coordinates":[[[10.35387,60.24465],[10.35398,60.24461],[10.35399,60.24452],[10.35343,60.24458],[10.35387,60.24465]]]},"properties":{"a":327,"v":587,"dh":1.79,"pl":1,"pn":"BERGERMARKA 1 - ETAPPE 2 (B10-B26)","pd":"2010-08-26","c":74}},{"type":"Feature","geometry":{"type":"Polygon","coordinates":[[[10.35486,60.24508],[10.35497,60.24497],[10.35513,60.24495],[10.35511,60.24488],[10.35548,60.24474],[10.35557,60.24474],[10.35561,60.2447],[10.35531,60.24461],[10.3554,60.24448],[10.35516,60.24444],[10.35471,60.24446],[10.35486,60.24457],[10.35485,60.24474],[10.35462,60.24474],[10.35439,60.24457],[10.35445,60.24467],[10.35418,60.24476],[10.3542,60.24479],[10.35433,60.24479],[10.35435,60.24484],[10.35438,60.24478],[10.35451,60.24481],[10.35453,60.24492],[10.3547,60.245],[10.35468,60.24506],[10.35486,60.24508]],[[10.35453,60.24479],[10.35456,60.24479],[10.35455,60.24481],[10.35453,60.24479]],[[10.35499,60.24461],[10.35502,60.24458],[10.35502,60.2446],[10.35499,60.24461]]]},"properties":{"a":2427,"v":4857,"dh":2.0,"pl":1,"pn":"BERGERMARKA 1 - ETAPPE 2 (B10-B26)","pd":"2010-08-26","c":74}},{"type":"Feature","geometry":{"type":"Polygon","coordinates":[[[10.35551,60.24456],[10.35554,60.24444],[10.35548,60.24436],[10.35521,60.2442],[10.35506,60.24419],[10.3549,60.24427],[10.35491,60.24442],[10.35527,60.24441],[10.3554,60.24448],[10.3554,60.24457],[10.35551,60.24456]]]},"properties":{"a":749,"v":-1729,"dh":2.31,"pl":1,"pn":"BERGERMARKA 1 - ETAPPE 2 (B10-B26)","pd":"2010-08-26","c":74}},{"type":"Feature","geometry":{"type":"Polygon","coordinates":[[[10.35579,60.24467],[10.35582,60.24464],[10.35578,60.24456],[10.35558,60.24456],[10.3556,60.24462],[10.35579,60.24467]]]},"properties":{"a":126,"v":-153,"dh":1.21,"pl":1,"pn":"BERGERMARKA 1 - ETAPPE 2 (B10-B26)","pd":"2010-08-26","c":74}},{"type":"Feature","geometry":{"type":"Polygon","coordinates":[[[10.35625,60.24493],[10.35628,60.24491],[10.35616,60.24485],[10.35623,60.24481],[10.3562,60.24467],[10.35635,60.24464],[10.35633,60.2446],[10.35612,60.24453],[10.35586,60.24461],[10.35588,60.2447],[10.35625,60.24493]]]},"properties":{"a":560,"v":713,"dh":1.27,"pl":1,"pn":"BERGERMARKA 1 - ETAPPE 2 (B10-B26)","pd":"2010-08-26","c":74}},{"type":"Feature","geometry":{"type":"Polygon","coordinates":[[[10.35764,60.24461],[10.35748,60.24466],[10.35743,60.24461],[10.35746,60.24454],[10.35735,60.24455],[10.35741,60.24467],[10.35737,60.24485],[10.35709,60.24482],[10.35706,60.24493],[10.35695,60.24496],[10.35692,60.24505],[10.35662,60.24508],[10.35662,60.24516],[10.35682,60.24518],[10.35691,60.2451],[10.35737,60.245],[10.35742,60.24497],[10.3574,60.2449],[10.35775,60.24487],[10.3578,60.24477],[10.35796,60.24469],[10.35775,60.24458],[10.35777,60.24453],[10.35789,60.24453],[10.35782,60.24445],[10.35726,60.24437],[10.35728,60.24442],[10.35751,60.24453],[10.35757,60.24461],[10.35764,60.24461]],[[10.35765,60.24464],[10.3577,60.24463],[10.35779,60.24468],[10.35767,60.24469],[10.35765,60.24464]],[[10.35777,60.24466],[10.35779,60.24465],[10.35779,60.24466],[10.35777,60.24466]]]},"properties":{"a":1834,"v":2932,"dh":1.6,"pl":1,"pn":"BERGERMARKA 1 - ETAPPE 2 (B10-B26)","pd":"2010-08-26","c":74}},{"type":"Feature","geometry":{"type":"Polygon","coordinates":[[[10.35699,60.24492],[10.35704,60.24485],[10.35693,60.24475],[10.35701,60.24467],[10.35678,60.24469],[10.35686,60.24476],[10.35677,60.24479],[10.35677,60.24487],[10.35686,60.24486],[10.35699,60.24492]]]},"properties":{"a":265,"v":-289,"dh":1.09,"pl":1,"pn":"BERGERMARKA 1 - ETAPPE 2 (B10-B26)","pd":"2010-08-26","c":74}},{"type":"Feature","geometry":{"type":"Polygon","coordinates":[[[10.43512,60.23452],[10.43526,60.23447],[10.43525,60.23438],[10.43514,60.23432],[10.43487,60.23434],[10.43465,60.23428],[10.43468,60.23439],[10.43479,60.23445],[10.43512,60.23452]]]},"properties":{"a":536,"v":1497,"dh":2.79,"pl":0,"fo":1,"c":78}},{"type":"Feature","geometry":{"type":"Polygon","coordinates":[[[10.43373,60.23537],[10.43383,60.23529],[10.43381,60.23526],[10.43361,60.23517],[10.43346,60.23516],[10.43346,60.23511],[10.43333,60.23506],[10.43303,60.23503],[10.43332,60.23517],[10.43357,60.23521],[10.43351,60.23528],[10.43373,60.23537]],[[10.43369,60.23535],[10.43371,60.23534],[10.43371,60.23535],[10.43369,60.23535]],[[10.43315,60.23506],[10.43317,60.23506],[10.43317,60.23506],[10.43315,60.23506]]]},"properties":{"a":435,"v":453,"dh":1.04,"pl":2,"pn":"E16 Eggemoen - Olum","pd":"2024-06-11","fo":1,"c":0}},{"type":"Feature","geometry":{"type":"Polygon","coordinates":[[[10.43418,60.23574],[10.43428,60.23572],[10.43424,60.23562],[10.43431,60.23558],[10.4344,60.23561],[10.43442,60.23555],[10.43413,60.23541],[10.43416,60.23544],[10.434,60.23548],[10.43395,60.23556],[10.4341,60.23558],[10.43418,60.23553],[10.43426,60.23556],[10.43419,60.23563],[10.43405,60.23564],[10.43418,60.23574]],[[10.43415,60.23552],[10.43417,60.2355],[10.43417,60.23552],[10.43415,60.23552]]]},"properties":{"a":393,"v":377,"dh":0.96,"pl":2,"pn":"E16 Eggemoen - Olum","pd":"2024-06-11","sh":1,"c":0}},{"type":"Feature","geometry":{"type":"Polygon","coordinates":[[[10.43471,60.23608],[10.43498,60.23603],[10.43502,60.236],[10.43455,60.23601],[10.43471,60.23608]]]},"properties":{"a":159,"v":179,"dh":1.13,"pl":2,"pn":"E16 Eggemoen - Olum","pd":"2024-06-11","fo":1,"c":0}},{"type":"Feature","geometry":{"type":"Polygon","coordinates":[[[10.43404,60.23646],[10.43375,60.23636],[10.43373,60.23623],[10.43347,60.23613],[10.4335,60.23607],[10.43332,60.23603],[10.43329,60.23607],[10.43357,60.23625],[10.43357,60.23634],[10.43352,60.23638],[10.43363,60.23648],[10.43372,60.2365],[10.43385,60.23647],[10.43396,60.23655],[10.43416,60.23656],[10.43404,60.23646]],[[10.43379,60.23644],[10.43381,60.23645],[10.43379,60.23645],[10.43379,60.23644]]]},"properties":{"a":700,"v":838,"dh":1.2,"pl":2,"pn":"E16 Eggemoen - Olum","pd":"2024-06-11","fo":1,"c":0}},{"type":"Feature","geometry":{"type":"Polygon","coordinates":[[[10.43532,60.23635],[10.43528,60.23631],[10.43539,60.23631],[10.43539,60.23624],[10.43517,60.23626],[10.43501,60.23614],[10.43473,60.23609],[10.43477,60.23615],[10.43497,60.23622],[10.43498,60.23628],[10.43503,60.23629],[10.435,60.23635],[10.43516,60.23643],[10.4352,60.23652],[10.43542,60.23659],[10.43586,60.23699],[10.43595,60.23715],[10.43616,60.23725],[10.436,60.23692],[10.43585,60.23686],[10.43586,60.23678],[10.4357,60.23664],[10.4355,60.23658],[10.43558,60.23655],[10.43556,60.23648],[10.43531,60.23642],[10.43545,60.23635],[10.43532,60.23635]]]},"properties":{"a":1626,"v":2286,"dh":1.41,"pl":2,"pn":"E16 Eggemoen - Olum","pd":"2024-06-11","fo":1,"c":0}},{"type":"Feature","geometry":{"type":"MultiPolygon","coordinates":[[[[10.43493,60.23636],[10.43496,60.23632],[10.43492,60.23624],[10.43467,60.23621],[10.43461,60.23614],[10.43464,60.23611],[10.43446,60.23602],[10.43458,60.23597],[10.43431,60.23594],[10.43433,60.23587],[10.43422,60.23583],[10.43423,60.2358],[10.43407,60.23576],[10.43407,60.23571],[10.43392,60.23565],[10.43393,60.2356],[10.43379,60.23553],[10.4338,60.2355],[10.43368,60.23549],[10.43377,60.23546],[10.43368,60.23545],[10.43358,60.23536],[10.4334,60.23535],[10.43347,60.23523],[10.43329,60.23524],[10.43328,60.23518],[10.43288,60.23505],[10.43277,60.23497],[10.43259,60.23495],[10.43251,60.23485],[10.43238,60.2348],[10.43224,60.23482],[10.4325,60.23498],[10.43194,60.23499],[10.43206,60.23518],[10.43228,60.23524],[10.43228,60.2353],[10.43243,60.23536],[10.43241,60.23541],[10.43254,60.23557],[10.43333,60.23588],[10.43332,60.23593],[10.43348,60.23599],[10.43356,60.23613],[10.43371,60.23615],[10.43367,60.23619],[10.43391,60.2363],[10.43391,60.23637],[10.43423,60.23654],[10.43421,60.2366],[10.43427,60.23661],[10.4344,60.23678],[10.4347,60.23688],[10.435,60.23723],[10.43509,60.23724],[10.43519,60.23741],[10.43543,60.23757],[10.43542,60.2377],[10.43553,60.23778],[10.43576,60.2381],[10.43598,60.23822],[10.43595,60.23831],[10.43608,60.23849],[10.43618,60.23853],[10.43614,60.23856],[10.43637,60.23873],[10.43646,60.23874],[10.43648,60.2388],[10.43708,60.23889],[10.43729,60.23883],[10.43723,60.23877],[10.43728,60.23867],[10.43718,60.23867],[10.4371,60.23859],[10.43726,60.23851],[10.43706,60.2385],[10.43697,60.23841],[10.43705,60.23836],[10.43689,60.23833],[10.43685,60.23824],[10.4367,60.23821],[10.43681,60.23819],[10.4367,60.23815],[10.43667,60.23795],[10.43689,60.23802],[10.43697,60.2381],[10.43698,60.23823],[10.43709,60.23827],[10.43707,60.23835],[10.43725,60.23841],[10.43724,60.23846],[10.43729,60.2385],[10.4376,60.23857],[10.43764,60.23855],[10.43725,60.23835],[10.43706,60.23809],[10.43697,60.23806],[10.43698,60.238],[10.43693,60.23799],[10.43692,60.23789],[10.43683,60.23786],[10.43685,60.23775],[10.43672,60.23773],[10.43659,60.23757],[10.43662,60.23752],[10.43638,60.23737],[10.43636,60.23746],[10.43642,60.23747],[10.4364,60.23754],[10.43648,60.23757],[10.43646,60.23763],[10.43654,60.23772],[10.43669,60.23778],[10.43666,60.23794],[10.43649,60.23794],[10.43642,60.23784],[10.43635,60.2376],[10.43626,60.23759],[10.43628,60.23751],[10.43615,60.23746],[10.4362,60.23741],[10.436,60.23729],[10.43601,60.23723],[10.43586,60.23715],[10.43582,60.23703],[10.43573,60.23699],[10.43563,60.23685],[10.43549,60.23683],[10.43556,60.23679],[10.43546,60.23668],[10.43525,60.23666],[10.43533,60.23661],[10.43522,60.23659],[10.43513,60.23648],[10.43504,60.23646],[10.43505,60.23641],[10.43493,60.23636]],[[10.43688,60.23846],[10.43693,60.23845],[10.43693,60.23846],[10.43688,60.23846]]],[[[10.43638,60.23737],[10.43628,60.23725],[10.43628,60.23719],[10.43621,60.23718],[10.43631,60.23736],[10.43638,60.23737]]]]},"properties":{"a":25334,"v":-189426,"dh":7.48,"pl":2,"pn":"E16 Eggemoen - Olum","pd":"2024-06-11","c":0}},{"type":"Feature","geometry":{"type":"Polygon","coordinates":[[[10.43533,60.23767],[10.43534,60.23757],[10.43519,60.23746],[10.43512,60.23748],[10.43533,60.23767]]]},"properties":{"a":119,"v":112,"dh":0.94,"pl":2,"pn":"E16 Eggemoen - Olum","pd":"2024-06-11","sh":1,"c":0}},{"type":"Feature","geometry":{"type":"Polygon","coordinates":[[[10.43737,60.23865],[10.43759,60.23864],[10.43757,60.23859],[10.43723,60.23857],[10.43737,60.23865]]]},"properties":{"a":133,"v":148,"dh":1.12,"pl":2,"pn":"E16 Eggemoen - Olum","pd":"2024-06-11","fo":1,"c":0}},{"type":"Feature","geometry":{"type":"Polygon","coordinates":[[[10.43189,60.23916],[10.43168,60.23898],[10.43155,60.23896],[10.43157,60.23892],[10.43124,60.23877],[10.43118,60.23879],[10.43156,60.23903],[10.43189,60.23916]]]},"properties":{"a":303,"v":-295,"dh":0.97,"pl":1,"pn":"Kongehaugen","pd":"2019-06-20","sh":1,"c":80}},{"type":"Feature","geometry":{"type":"Polygon","coordinates":[[[10.42994,60.2392],[10.43008,60.23916],[10.43008,60.2391],[10.43031,60.239],[10.43027,60.23893],[10.43006,60.239],[10.43013,60.23906],[10.43,60.23905],[10.43004,60.23909],[10.42994,60.2392]]]},"properties":{"a":183,"v":157,"dh":0.86,"pl":1,"pn":"Kongehaugen","pd":"2019-06-20","sh":1,"c":80}},{"type":"Feature","geometry":{"type":"MultiPolygon","coordinates":[[[[10.42959,60.23914],[10.42956,60.23915],[10.42959,60.23915],[10.42959,60.23914]]],[[[10.42983,60.23917],[10.42979,60.23919],[10.42983,60.23919],[10.42983,60.23917]]],[[[10.42927,60.23926],[10.42947,60.23933],[10.42954,60.23927],[10.42982,60.23929],[10.4299,60.23921],[10.42969,60.23922],[10.42963,60.23915],[10.42945,60.23921],[10.42947,60.23913],[10.42936,60.23911],[10.42932,60.23917],[10.4294,60.23924],[10.42927,60.23926]]],[[[10.42927,60.23922],[10.4292,60.23923],[10.42924,60.23927],[10.4292,60.2393],[10.42926,60.23929],[10.42927,60.23922]]]]},"properties":{"a":380,"v":401,"dh":1.05,"pl":1,"pn":"Kongehaugen","pd":"2019-06-20","fo":1,"c":80}},{"type":"Feature","geometry":{"type":"Polygon","coordinates":[[[10.43076,60.23946],[10.43079,60.23935],[10.43072,60.23927],[10.43056,60.23927],[10.4305,60.23933],[10.43056,60.23941],[10.43076,60.23946]]]},"properties":{"a":237,"v":308,"dh":1.3,"pl":1,"pn":"Kongehaugen","pd":"2019-06-20","fo":1,"c":80}},{"type":"Feature","geometry":{"type":"Polygon","coordinates":[[[10.42934,60.23962],[10.42943,60.23956],[10.42946,60.23946],[10.42955,60.23939],[10.4292,60.23956],[10.4293,60.23954],[10.42927,60.23961],[10.42934,60.23962]]]},"properties":{"a":135,"v":123,"dh":0.91,"pl":1,"pn":"Kongehaugen","pd":"2019-06-20","sh":1,"c":79}},{"type":"Feature","geometry":{"type":"Polygon","coordinates":[[[10.43273,60.23976],[10.43292,60.23972],[10.43239,60.23942],[10.43224,60.23943],[10.43248,60.23962],[10.43273,60.23976]]]},"properties":{"a":397,"v":-469,"dh":1.18,"pl":1,"pn":"Kongehaugen","pd":"2019-06-20","c":80}},{"type":"Feature","geometry":{"type":"Polygon","coordinates":[[[10.42928,60.2399],[10.42938,60.23976],[10.42947,60.23972],[10.42947,60.23968],[10.4296,60.23967],[10.42951,60.23966],[10.4295,60.23962],[10.42967,60.23958],[10.42978,60.23938],[10.42961,60.23944],[10.4295,60.23954],[10.42949,60.23962],[10.42924,60.23978],[10.42924,60.23985],[10.42919,60.23985],[10.42919,60.23989],[10.42928,60.2399]]]},"properties":{"a":361,"v":-360,"dh":1.0,"pl":1,"pn":"Kongehaugen","pd":"2019-06-20","sh":1,"c":80}},{"type":"Feature","geometry":{"type":"Polygon","coordinates":[[[10.43016,60.24086],[10.43042,60.24082],[10.43048,60.24086],[10.4308,60.24069],[10.43107,60.24064],[10.43135,60.24047],[10.43164,60.24021],[10.43175,60.24023],[10.43177,60.24019],[10.4317,60.24017],[10.43171,60.24009],[10.43175,60.24009],[10.43171,60.24004],[10.43194,60.23997],[10.43197,60.23989],[10.43215,60.23985],[10.43253,60.23988],[10.4326,60.23985],[10.4326,60.23977],[10.43223,60.2396],[10.43195,60.23937],[10.43175,60.23939],[10.4315,60.2393],[10.43148,60.23924],[10.4314,60.23923],[10.43146,60.2392],[10.43115,60.23889],[10.43105,60.2389],[10.43097,60.23881],[10.43084,60.23879],[10.43114,60.23863],[10.43114,60.23855],[10.43103,60.23847],[10.43075,60.2384],[10.43027,60.23858],[10.43033,60.23861],[10.43031,60.23868],[10.43044,60.23874],[10.43047,60.23892],[10.43058,60.2389],[10.43059,60.23894],[10.43044,60.23901],[10.43049,60.23904],[10.43046,60.23909],[10.43057,60.2391],[10.43056,60.239],[10.43071,60.23905],[10.43066,60.23916],[10.43084,60.23918],[10.43082,60.23922],[10.43088,60.23924],[10.43085,60.23932],[10.4309,60.23933],[10.43089,60.23948],[10.43108,60.23969],[10.43115,60.2397],[10.43115,60.23976],[10.43132,60.23983],[10.43153,60.24],[10.43157,60.24016],[10.43154,60.24025],[10.43145,60.24026],[10.4314,60.24036],[10.43113,60.24055],[10.43092,60.24062],[10.43033,60.24068],[10.43031,60.24072],[10.43039,60.24081],[10.43024,60.2408],[10.43016,60.24086]],[[10.43055,60.24072],[10.43053,60.24073],[10.43053,60.24072],[10.43055,60.24072]],[[10.43055,60.24071],[10.43058,60.24071],[10.43056,60.24072],[10.43055,60.24071]],[[10.43062,60.2407],[10.43062,60.24068],[10.43065,60.24068],[10.43062,60.2407]],[[10.43195,60.2398],[10.43182,60.2397],[10.43183,60.23961],[10.43178,60.23952],[10.43188,60.23952],[10.43207,60.23968],[10.43206,60.23978],[10.43195,60.2398]],[[10.43072,60.2389],[10.43061,60.2389],[10.43061,60.23888],[10.43072,60.2389]]]},"properties":{"a":8583,"v":13538,"dh":1.58,"pl":1,"pn":"Kongehaugen","pd":"2019-06-20","c":80}},{"type":"Feature","geometry":{"type":"Polygon","coordinates":[[[10.4335,60.24007],[10.43353,60.23996],[10.43347,60.23986],[10.43352,60.23981],[10.43322,60.23989],[10.43341,60.24006],[10.4335,60.24007]]]},"properties":{"a":291,"v":318,"dh":1.09,"pl":1,"pn":"RØNNERUDMARKA","pd":"2005-02-10","c":81}},{"type":"Feature","geometry":{"type":"MultiPolygon","coordinates":[[[[10.43037,60.23998],[10.43035,60.23999],[10.43037,60.23999],[10.43037,60.23998]]],[[[10.43037,60.23999],[10.43039,60.24],[10.43039,60.23999],[10.43037,60.23999]]],[[[10.43041,60.24006],[10.43072,60.24014],[10.4308,60.24001],[10.4308,60.23992],[10.43074,60.23989],[10.43071,60.23991],[10.4307,60.24004],[10.43052,60.24005],[10.43039,60.24],[10.43041,60.24006]]]]},"properties":{"a":227,"v":-224,"dh":0.99,"pl":1,"pn":"Kongehaugen","pd":"2019-06-20","sh":1,"c":80}},{"type":"Feature","geometry":{"type":"Polygon","coordinates":[[[10.43794,60.23889],[10.43798,60.23881],[10.4379,60.23872],[10.4377,60.23873],[10.43794,60.23889]]]},"properties":{"a":169,"v":249,"dh":1.47,"pl":2,"pn":"E16 Eggemoen - Olum","pd":"2024-06-11","fo":1,"c":0}},{"type":"Feature","geometry":{"type":"Polygon","coordinates":[[[10.43867,60.23941],[10.43848,60.23928],[10.43845,60.23924],[10.43848,60.2392],[10.43839,60.23919],[10.4382,60.23902],[10.43815,60.23902],[10.43815,60.23912],[10.43827,60.23923],[10.43867,60.23941]]]},"properties":{"a":304,"v":-546,"dh":1.79,"pl":2,"pn":"E16 Eggemoen - Olum","pd":"2024-06-11","fo":1,"c":0}},{"type":"Feature","geometry":{"type":"Polygon","coordinates":[[[10.43848,60.24116],[10.43849,60.2411],[10.43862,60.24107],[10.43865,60.24099],[10.43852,60.24095],[10.43852,60.2409],[10.43826,60.24075],[10.43825,60.24058],[10.43854,60.24063],[10.43864,60.24073],[10.43882,60.24069],[10.43884,60.24079],[10.43904,60.24081],[10.43907,60.24075],[10.439,60.2407],[10.43895,60.24049],[10.43899,60.24018],[10.43906,60.24012],[10.43904,60.23999],[10.43907,60.23996],[10.43904,60.23989],[10.43909,60.23986],[10.43898,60.23982],[10.43893,60.23965],[10.4388,60.23951],[10.43853,60.23939],[10.43862,60.23949],[10.43859,60.23951],[10.4384,60.23936],[10.43817,60.2394],[10.43818,60.23926],[10.43805,60.23927],[10.43812,60.2392],[10.43804,60.23911],[10.4381,60.23905],[10.43806,60.23899],[10.43714,60.23901],[10.43713,60.23891],[10.43681,60.2389],[10.43661,60.23884],[10.43647,60.23897],[10.43632,60.23901],[10.43626,60.23921],[10.43612,60.2394],[10.43647,60.23977],[10.43645,60.23985],[10.43651,60.23997],[10.43683,60.24017],[10.43705,60.24043],[10.43724,60.24053],[10.43708,60.24058],[10.43736,60.24071],[10.43746,60.24071],[10.4376,60.24085],[10.43776,60.24089],[10.43793,60.24101],[10.438,60.24098],[10.43826,60.24108],[10.4383,60.24113],[10.43848,60.24116]]]},"properties":{"a":24951,"v":133484,"dh":5.35,"pl":2,"pn":"E16 Eggemoen - Olum","pd":"2024-06-11","c":0}},{"type":"Feature","geometry":{"type":"Polygon","coordinates":[[[10.43399,60.24019],[10.43408,60.24009],[10.43375,60.24011],[10.43379,60.24011],[10.43381,60.24028],[10.43393,60.24035],[10.43399,60.24019]],[[10.43406,60.24011],[10.43404,60.2401],[10.43406,60.2401],[10.43406,60.24011]]]},"properties":{"a":286,"v":386,"dh":1.35,"pl":1,"pn":"RØNNERUDMARKA","pd":"2005-02-10","c":81}},{"type":"Feature","geometry":{"type":"MultiPolygon","coordinates":[[[[10.43427,60.24029],[10.43425,60.2403],[10.43427,60.2403],[10.43427,60.24029]]],[[[10.43421,60.24031],[10.43425,60.2403],[10.43421,60.2403],[10.43421,60.24031]]],[[[10.43421,60.24031],[10.43418,60.24032],[10.43421,60.24032],[10.43421,60.24031]]],[[[10.43418,60.24032],[10.43391,60.24041],[10.43391,60.24047],[10.43403,60.24058],[10.43404,60.24049],[10.43413,60.2405],[10.43413,60.24045],[10.43402,60.2404],[10.43418,60.24032]],[[10.43404,60.24048],[10.43406,60.24047],[10.43406,60.24048],[10.43404,60.24048]],[[10.43404,60.24047],[10.434,60.24044],[10.43404,60.24043],[10.43404,60.24047]]]]},"properties":{"a":159,"v":151,"dh":0.95,"pl":1,"pn":"RØNNERUDMARKA","pd":"2005-02-10","sh":1,"c":81}},{"type":"Feature","geometry":{"type":"Polygon","coordinates":[[[10.43445,60.24078],[10.43481,60.24068],[10.43484,60.24058],[10.43475,60.24056],[10.4348,60.24054],[10.43476,60.2405],[10.43491,60.24044],[10.43478,60.24038],[10.43469,60.24043],[10.43472,60.24066],[10.43457,60.24057],[10.43448,60.24065],[10.43439,60.24065],[10.43443,60.24067],[10.43423,60.24067],[10.4343,60.24075],[10.43445,60.24078]]]},"properties":{"a":508,"v":688,"dh":1.35,"pl":1,"pn":"RØNNERUDMARKA","pd":"2005-02-10","fo":1,"c":81}},{"type":"Feature","geometry":{"type":"Polygon","coordinates":[[[10.43492,60.24086],[10.43494,60.24071],[10.43479,60.2407],[10.43483,60.24076],[10.43478,60.24079],[10.43492,60.24086]]]},"properties":{"a":123,"v":-126,"dh":1.02,"pl":1,"pn":"RØNNERUDMARKA","pd":"2005-02-10","c":81}},{"type":"Feature","geometry":{"type":"Polygon","coordinates":[[[10.43467,60.24096],[10.43469,60.2409],[10.43463,60.24084],[10.43454,60.2408],[10.43443,60.24082],[10.43449,60.24091],[10.43467,60.24096]]]},"properties":{"a":141,"v":-146,"dh":1.03,"pl":1,"pn":"RØNNERUDMARKA","pd":"2005-02-10","c":81}},{"type":"Feature","geometry":{"type":"Polygon","coordinates":[[[10.43815,60.24114],[10.43822,60.24108],[10.43791,60.24104],[10.43726,60.24069],[10.43706,60.24062],[10.43697,60.24065],[10.4374,60.24082],[10.43755,60.24095],[10.4379,60.24111],[10.43815,60.24114]]]},"properties":{"a":593,"v":-982,"dh":1.66,"pl":2,"pn":"E16 Eggemoen - Olum","pd":"2024-06-11","fo":1,"c":0}},{"type":"Feature","geometry":{"type":"Polygon","coordinates":[[[10.43508,60.24106],[10.43504,60.24095],[10.43492,60.24088],[10.43485,60.2409],[10.43497,60.24103],[10.43508,60.24106]]]},"properties":{"a":105,"v":-130,"dh":1.23,"pl":1,"pn":"RØNNERUDMARKA","pd":"2005-02-10","c":81}},{"type":"Feature","geometry":{"type":"Polygon","coordinates":[[[10.43301,60.24012],[10.43294,60.24007],[10.4331,60.23998],[10.43313,60.2399],[10.43261,60.24003],[10.43279,60.24003],[10.43301,60.24012]]]},"properties":{"a":249,"v":322,"dh":1.29,"pl":1,"pn":"RØNNERUDMARKA","pd":"2005-02-10","c":81}},{"type":"Feature","geometry":{"type":"Polygon","coordinates":[[[10.43334,60.24014],[10.43343,60.2401],[10.4332,60.23995],[10.43323,60.24009],[10.43334,60.24014]]]},"properties":{"a":122,"v":-125,"dh":1.02,"pl":1,"pn":"RØNNERUDMARKA","pd":"2005-02-10","c":81}},{"type":"Feature","geometry":{"type":"MultiPolygon","coordinates":[[[[10.42884,60.24002],[10.42885,60.24003],[10.42885,60.24002],[10.42884,60.24002]]],[[[10.42891,60.24003],[10.4288,60.24011],[10.42882,60.24018],[10.42875,60.2402],[10.42877,60.24024],[10.42883,60.24022],[10.42883,60.24027],[10.42876,60.24025],[10.42876,60.24031],[10.42892,60.24028],[10.42892,60.24021],[10.429,60.24015],[10.42897,60.24009],[10.42905,60.24005],[10.42905,60.23997],[10.42885,60.24],[10.42891,60.24003]]]]},"properties":{"a":312,"v":382,"dh":1.22,"pl":1,"pn":"Kongehaugen","pd":"2019-06-20","fo":1,"c":82}},{"type":"Feature","geometry":{"type":"Polygon","coordinates":[[[10.43228,60.24038],[10.4322,60.24018],[10.43233,60.24011],[10.43197,60.24019],[10.43208,60.2403],[10.43228,60.24038]]]},"properties":{"a":263,"v":283,"dh":1.07,"pl":1,"pn":"RØNNERUDMARKA","pd":"2005-02-10","c":81}},{"type":"Feature","geometry":{"type":"Polygon","coordinates":[[[10.4294,60.24051],[10.4294,60.24044],[10.42958,60.24042],[10.42937,60.24036],[10.42937,60.24031],[10.42916,60.24031],[10.4291,60.24027],[10.42909,60.24015],[10.42902,60.24017],[10.42901,60.2403],[10.42918,60.24037],[10.42914,60.2404],[10.42916,60.24048],[10.4294,60.24051]]]},"properties":{"a":407,"v":-490,"dh":1.2,"pl":1,"pn":"Kongehaugen","pd":"2019-06-20","fo":1,"c":80}},{"type":"Feature","geometry":{"type":"MultiPolygon","coordinates":[[[[10.43192,60.24038],[10.43188,60.24026],[10.43179,60.2403],[10.43174,60.24042],[10.43185,60.24046],[10.43192,60.24038]]],[[[10.43192,60.24039],[10.43194,60.24038],[10.43192,60.24038],[10.43192,60.24039]]]]},"properties":{"a":134,"v":111,"dh":0.83,"pl":1,"pn":"RØNNERUDMARKA","pd":"2005-02-10","sh":1,"c":81}},{"type":"Feature","geometry":{"type":"Polygon","coordinates":[[[10.43025,60.24066],[10.43023,60.24057],[10.43014,60.24052],[10.42991,60.24051],[10.42961,60.24044],[10.42967,60.24051],[10.42995,60.24064],[10.43025,60.24066]]]},"properties":{"a":371,"v":-583,"dh":1.57,"pl":1,"pn":"Kongehaugen","pd":"2019-06-20","fo":1,"c":80}},{"type":"Feature","geometry":{"type":"MultiPolygon","coordinates":[[[[10.43154,60.24041],[10.43156,60.24042],[10.43156,60.24041],[10.43154,60.24041]]],[[[10.43167,60.24043],[10.43165,60.24042],[10.43165,60.24043],[10.43167,60.24043]]],[[[10.43163,60.24041],[10.43156,60.2404],[10.4316,60.24047],[10.43144,60.24051],[10.43144,60.24055],[10.43172,60.24072],[10.43181,60.24064],[10.43162,60.24053],[10.43163,60.24041]]]]},"properties":{"a":275,"v":274,"dh":1.0,"pl":1,"pn":"RØNNERUDMARKA","pd":"2005-02-10","sh":1,"c":81}},{"type":"Feature","geometry":{"type":"Polygon","coordinates":[[[10.43328,60.2408],[10.43345,60.24072],[10.43332,60.2406],[10.43323,60.24059],[10.43329,60.24071],[10.43328,60.2408]]]},"properties":{"a":144,"v":-127,"dh":0.88,"pl":1,"pn":"RØNNERUDMARKA","pd":"2005-02-10","sh":1,"c":81}},{"type":"Feature","geometry":{"type":"Polygon","coordinates":[[[10.43301,60.2409],[10.43314,60.24086],[10.43311,60.2408],[10.43291,60.24077],[10.43301,60.2409]]]},"properties":{"a":109,"v":-120,"dh":1.1,"pl":1,"pn":"RØNNERUDMARKA","pd":"2005-02-10","c":81}},{"type":"Feature","geometry":{"type":"Polygon","coordinates":[[[10.43072,60.24091],[10.43123,60.241],[10.4311,60.24096],[10.43111,60.2409],[10.43097,60.24086],[10.43114,60.24071],[10.4307,60.24084],[10.43068,60.24089],[10.43072,60.24091]]]},"properties":{"a":416,"v":564,"dh":1.36,"pl":1,"pn":"RØNNERUDMARKA","pd":"2005-02-10","c":81}},{"type":"Feature","geometry":{"type":"Polygon","coordinates":[[[10.43345,60.24096],[10.43373,60.24091],[10.43368,60.24084],[10.43373,60.24076],[10.43349,60.24074],[10.43319,60.24086],[10.43362,60.24113],[10.43367,60.24108],[10.43381,60.24106],[10.43345,60.24096]],[[10.43345,60.24093],[10.43343,60.24093],[10.43345,60.24093],[10.43345,60.24093]]]},"properties":{"a":628,"v":963,"dh":1.53,"pl":1,"pn":"RØNNERUDMARKA","pd":"2005-02-10","fo":1,"c":81}},{"type":"Feature","geometry":{"type":"MultiPolygon","coordinates":[[[[10.43317,60.24088],[10.43315,60.24089],[10.43317,60.24089],[10.43317,60.24088]]],[[[10.43256,60.24097],[10.43258,60.24092],[10.43251,60.24092],[10.43256,60.24097]]],[[[10.43258,60.24097],[10.4326,60.24099],[10.4326,60.24097],[10.43258,60.24097]]],[[[10.4326,60.24099],[10.43279,60.24112],[10.43284,60.24105],[10.43314,60.241],[10.43315,60.24089],[10.43284,60.24104],[10.4326,60.24099]]]]},"properties":{"a":200,"v":190,"dh":0.95,"pl":1,"pn":"RØNNERUDMARKA","pd":"2005-02-10","sh":1,"c":81}},{"type":"Feature","geometry":{"type":"Polygon","coordinates":[[[10.43159,60.24103],[10.43176,60.2412],[10.4319,60.24118],[10.4317,60.24103],[10.43159,60.24103]],[[10.43174,60.24115],[10.43179,60.24117],[10.43174,60.24117],[10.43174,60.24115]]]},"properties":{"a":138,"v":-118,"dh":0.86,"pl":1,"pn":"RØNNERUDMARKA","pd":"2005-02-10","sh":1,"c":81}},{"type":"Feature","geometry":{"type":"Polygon","coordinates":[[[10.43064,60.24127],[10.43064,60.24117],[10.43067,60.24116],[10.43064,60.24111],[10.43042,60.24106],[10.43031,60.24117],[10.43031,60.2412],[10.43064,60.24127]],[[10.43047,60.2411],[10.43049,60.24108],[10.43049,60.2411],[10.43047,60.2411]]]},"properties":{"a":294,"v":317,"dh":1.08,"pl":1,"pn":"RØNNERUDMARKA","pd":"2005-02-10","c":81}},{"type":"Feature","geometry":{"type":"Polygon","coordinates":[[[10.43292,60.24123],[10.43322,60.24114],[10.43325,60.24111],[10.4329,60.24117],[10.43292,60.24123]]]},"properties":{"a":141,"v":-146,"dh":1.04,"pl":1,"pn":"RØNNERUDMARKA","pd":"2005-02-10","c":81}},{"type":"Feature","geometry":{"type":"Polygon","coordinates":[[[10.43346,60.24133],[10.43355,60.24126],[10.43333,60.24122],[10.43328,60.24124],[10.43337,60.24133],[10.43346,60.24133]]]},"properties":{"a":108,"v":-114,"dh":1.05,"pl":1,"pn":"RØNNERUDMARKA","pd":"2005-02-10","c":81}},{"type":"Feature","geometry":{"type":"Polygon","coordinates":[[[10.43065,60.24192],[10.43065,60.24178],[10.43055,60.24168],[10.43048,60.24174],[10.43049,60.2418],[10.43065,60.24192]]]},"properties":{"a":147,"v":139,"dh":0.95,"pl":1,"pn":"RØNNERUDMARKA","pd":"2005-02-10","sh":1,"c":81}},{"type":"Feature","geometry":{"type":"Polygon","coordinates":[[[10.4302,60.24194],[10.43024,60.24189],[10.43016,60.24182],[10.42996,60.24188],[10.4302,60.24194]]]},"properties":{"a":122,"v":201,"dh":1.64,"pl":1,"pn":"RØNNERUDMARKA","pd":"2005-02-10","c":81}},{"type":"Feature","geometry":{"type":"MultiPolygon","coordinates":[[[[10.43264,60.24201],[10.43268,60.24195],[10.43241,60.24199],[10.43248,60.24205],[10.43264,60.24201]]],[[[10.43264,60.24204],[10.4327,60.24209],[10.43265,60.24211],[10.43278,60.24214],[10.43301,60.24207],[10.43264,60.24204]]]]},"properties":{"a":244,"v":-231,"dh":0.94,"pl":1,"pn":"RØNNERUDMARKA","pd":"2005-02-10","sh":1,"c":81}},{"type":"Feature","geometry":{"type":"MultiPolygon","coordinates":[[[[10.43421,60.24107],[10.43408,60.24107],[10.43391,60.24092],[10.43377,60.24093],[10.43388,60.24103],[10.43403,60.24105],[10.43412,60.24114],[10.43421,60.24112],[10.43418,60.24112],[10.43421,60.24107]]],[[[10.43423,60.24107],[10.43421,60.24106],[10.43421,60.24107],[10.43423,60.24107]]]]},"properties":{"a":171,"v":165,"dh":0.96,"pl":1,"pn":"RØNNERUDMARKA","pd":"2005-02-10","sh":1,"c":81}},{"type":"Feature","geometry":{"type":"MultiPolygon","coordinates":[[[[10.43939,60.24129],[10.43931,60.24111],[10.43923,60.2411],[10.43929,60.24105],[10.43931,60.24087],[10.43906,60.24085],[10.43904,60.24093],[10.43921,60.24109],[10.43922,60.24115],[10.43939,60.24129]]],[[[10.43939,60.24129],[10.43944,60.24135],[10.43953,60.24135],[10.43944,60.2413],[10.4394,60.2413],[10.4394,60.24129],[10.43939,60.24129]]]]},"properties":{"a":371,"v":555,"dh":1.5,"pl":2,"pn":"E16 Eggemoen - Olum","pd":"2024-06-11","fo":1,"c":0}},{"type":"Feature","geometry":{"type":"Polygon","coordinates":[[[10.43505,60.24138],[10.43511,60.24133],[10.435,60.24128],[10.43496,60.24118],[10.43476,60.2412],[10.43484,60.24136],[10.43505,60.24138]]]},"properties":{"a":294,"v":-432,"dh":1.47,"pl":1,"pn":"RØNNERUDMARKA","pd":"2005-02-10","c":81}},{"type":"Feature","geometry":{"type":"Polygon","coordinates":[[[10.43482,60.24145],[10.43471,60.2413],[10.43455,60.24132],[10.43469,60.24142],[10.43482,60.24145]]]},"properties":{"a":111,"v":104,"dh":0.94,"pl":1,"pn":"RØNNERUDMARKA","pd":"2005-02-10","sh":1,"c":81}},{"type":"Feature","geometry":{"type":"Polygon","coordinates":[[[10.43847,60.24146],[10.43845,60.24134],[10.43838,60.24131],[10.43841,60.24129],[10.43839,60.24123],[10.43817,60.24122],[10.43821,60.24129],[10.4383,60.24131],[10.43834,60.2414],[10.43847,60.24146]]]},"properties":{"a":184,"v":179,"dh":0.97,"pl":2,"pn":"E16 Eggemoen - Olum","pd":"2024-06-11","sh":1,"c":0}},{"type":"Feature","geometry":{"type":"MultiPolygon","coordinates":[[[[10.43416,60.24147],[10.43441,60.24162],[10.43445,60.24155],[10.4343,60.24151],[10.4343,60.24143],[10.43416,60.24147]]],[[[10.43427,60.24161],[10.43431,60.24161],[10.43433,60.24163],[10.43432,60.2416],[10.43427,60.24161]]]]},"properties":{"a":141,"v":122,"dh":0.87,"pl":1,"pn":"RØNNERUDMARKA","pd":"2005-02-10","sh":1,"c":81}},{"type":"Feature","geometry":{"type":"Polygon","coordinates":[[[10.43985,60.24157],[10.43992,60.24154],[10.43988,60.24148],[10.4395,60.24137],[10.43985,60.24157]]]},"properties":{"a":171,"v":170,"dh":1.0,"pl":2,"pn":"E16 Eggemoen - Olum","pd":"2024-06-11","sh":1,"c":0}},{"type":"Feature","geometry":{"type":"MultiPolygon","coordinates":[[[[10.43388,60.24182],[10.43369,60.24168],[10.43371,60.24162],[10.43366,60.24163],[10.43364,60.24169],[10.43374,60.24178],[10.43388,60.24182]]],[[[10.43394,60.2418],[10.4341,60.24191],[10.4341,60.24178],[10.43417,60.24173],[10.43394,60.2418]]],[[[10.43388,60.24184],[10.43388,60.24188],[10.43396,60.24186],[10.43396,60.24185],[10.43388,60.24184]]]]},"properties":{"a":235,"v":229,"dh":0.97,"pl":1,"pn":"RØNNERUDMARKA","pd":"2005-02-10","sh":1,"c":81}},{"type":"Feature","geometry":{"type":"Polygon","coordinates":[[[10.44044,60.24192],[10.44017,60.24176],[10.44006,60.24176],[10.44032,60.24198],[10.44043,60.24203],[10.4405,60.24203],[10.44045,60.24201],[10.44044,60.24192]],[[10.44026,60.24185],[10.44024,60.24186],[10.44024,60.24185],[10.44026,60.24185]]]},"properties":{"a":219,"v":231,"dh":1.05,"pl":2,"pn":"E16 Eggemoen - Olum","pd":"2024-06-11","fo":1,"c":0}},{"type":"Feature","geometry":{"type":"Polygon","coordinates":[[[10.43915,60.24201],[10.43912,60.24192],[10.43888,60.2418],[10.43887,60.24187],[10.43893,60.24193],[10.43915,60.24201]]]},"properties":{"a":160,"v":188,"dh":1.17,"pl":2,"pn":"E16 Eggemoen - Olum","pd":"2024-06-11","fo":1,"c":0}},{"type":"Feature","geometry":{"type":"Polygon","coordinates":[[[10.43421,60.24223],[10.4346,60.24218],[10.4346,60.24215],[10.43433,60.24213],[10.43433,60.24209],[10.43418,60.24206],[10.43422,60.24202],[10.43404,60.24204],[10.43421,60.24223]]]},"properties":{"a":312,"v":305,"dh":0.98,"pl":1,"pn":"RØNNERUDMARKA","pd":"2005-02-10","sh":1,"c":83}},{"type":"Feature","geometry":{"type":"MultiPolygon","coordinates":[[[[10.44213,60.24285],[10.44195,60.24285],[10.44191,60.24283],[10.44193,60.24276],[10.44178,60.24278],[10.44176,60.24271],[10.44158,60.2427],[10.44156,60.24266],[10.44167,60.24264],[10.44122,60.24245],[10.44114,60.24247],[10.44113,60.24241],[10.44102,60.2424],[10.44104,60.24237],[10.44093,60.2423],[10.44084,60.24231],[10.44088,60.2423],[10.44084,60.24225],[10.44056,60.24208],[10.4403,60.24201],[10.44013,60.24189],[10.43997,60.24186],[10.43998,60.24177],[10.43977,60.24173],[10.43984,60.24171],[10.43981,60.2416],[10.43943,60.2414],[10.43918,60.24115],[10.43913,60.24115],[10.43912,60.24106],[10.43901,60.24105],[10.4391,60.241],[10.43901,60.24096],[10.43899,60.24084],[10.43866,60.24083],[10.43864,60.24079],[10.43855,60.24078],[10.43849,60.24067],[10.43835,60.24065],[10.43844,60.24083],[10.43859,60.24095],[10.43878,60.24098],[10.43878,60.24102],[10.43869,60.241],[10.43869,60.24108],[10.43855,60.2412],[10.43844,60.2412],[10.43848,60.24133],[10.43894,60.24179],[10.43907,60.24182],[10.43905,60.24186],[10.43916,60.24191],[10.4392,60.24198],[10.43942,60.24206],[10.43938,60.24209],[10.43942,60.24213],[10.4397,60.24224],[10.43987,60.24239],[10.44035,60.24259],[10.44105,60.24303],[10.44164,60.24327],[10.4423,60.24341],[10.44219,60.24344],[10.44221,60.24346],[10.44272,60.24347],[10.44286,60.24353],[10.44333,60.24352],[10.44331,60.24346],[10.44311,60.24343],[10.44298,60.24332],[10.44272,60.24327],[10.44267,60.24323],[10.44272,60.24321],[10.44265,60.2432],[10.44261,60.24313],[10.44301,60.24323],[10.44321,60.24322],[10.44312,60.24313],[10.4428,60.24302],[10.44267,60.24292],[10.44251,60.2429],[10.44241,60.2428],[10.4423,60.24277],[10.44214,60.24279],[10.44213,60.24285]],[[10.44261,60.24311],[10.44259,60.24313],[10.44255,60.24311],[10.44261,60.24311]],[[10.44252,60.24319],[10.44248,60.24314],[10.44263,60.2432],[10.44259,60.24319],[10.44252,60.24319]],[[10.44248,60.24313],[10.44232,60.24307],[10.4423,60.24302],[10.44219,60.24299],[10.44232,60.24302],[10.4424,60.24298],[10.44248,60.24313]],[[10.44206,60.24292],[10.44211,60.24294],[10.44206,60.24294],[10.44206,60.24292]],[[10.44099,60.24241],[10.44101,60.24242],[10.44099,60.24242],[10.44099,60.24241]],[[10.43861,60.2409],[10.43864,60.24085],[10.4387,60.24084],[10.43866,60.24091],[10.43861,60.2409]]],[[[10.44214,60.24279],[10.44205,60.24271],[10.44196,60.24272],[10.44214,60.24279]]],[[[10.44254,60.24287],[10.44253,60.24289],[10.44255,60.24289],[10.44254,60.24287]]]]},"properties":{"a":17732,"v":-120316,"dh":6.79,"pl":2,"pn":"E16 Eggemoen - Olum","pd":"2024-06-11","c":0}},{"type":"Feature","geometry":{"type":"Polygon","coordinates":[[[10.43976,60.24238],[10.43972,60.24229],[10.43952,60.24226],[10.43958,60.24237],[10.43976,60.24238]]]},"properties":{"a":131,"v":140,"dh":1.07,"pl":2,"pn":"E16 Eggemoen - Olum","pd":"2024-06-11","fo":1,"c":0}},{"type":"Feature","geometry":{"type":"Polygon","coordinates":[[[10.44172,60.24258],[10.44141,60.24247],[10.44137,60.2424],[10.4412,60.24233],[10.44102,60.24232],[10.44156,60.24256],[10.44172,60.24258]]]},"properties":{"a":163,"v":147,"dh":0.9,"pl":2,"pn":"E16 Eggemoen - Olum","pd":"2024-06-11","sh":1,"c":0}},{"type":"Feature","geometry":{"type":"MultiPolygon","coordinates":[[[[10.44011,60.24258],[10.44009,60.24259],[10.44011,60.24259],[10.44011,60.24258]]],[[[10.44011,60.24259],[10.44019,60.24264],[10.44015,60.24269],[10.44028,60.24274],[10.44048,60.24274],[10.44048,60.2427],[10.44029,60.2426],[10.44011,60.24259]]]]},"properties":{"a":200,"v":248,"dh":1.24,"pl":2,"pn":"E16 Eggemoen - Olum","pd":"2024-06-11","fo":1,"c":0}},{"type":"Feature","geometry":{"type":"Polygon","coordinates":[[[10.44173,60.24336],[10.44171,60.24331],[10.44142,60.24323],[10.44113,60.24307],[10.44093,60.24306],[10.44137,60.24321],[10.44135,60.24326],[10.44173,60.24336]]]},"properties":{"a":231,"v":246,"dh":1.06,"pl":2,"pn":"E16 Eggemoen - Olum","pd":"2024-06-11","fo":1,"c":0}},{"type":"Feature","geometry":{"type":"MultiPolygon","coordinates":[[[[10.44459,60.2435],[10.44461,60.24348],[10.44459,60.24348],[10.44459,60.2435]]],[[[10.44459,60.24347],[10.44427,60.24349],[10.44396,60.24341],[10.444,60.24348],[10.44413,60.24352],[10.44442,60.24353],[10.44451,60.24359],[10.44483,60.24361],[10.44465,60.24357],[10.44467,60.24351],[10.4446,60.24351],[10.44456,60.24349],[10.44459,60.24347]],[[10.44458,60.24353],[10.4446,60.24354],[10.44458,60.24354],[10.44458,60.24353]]]]},"properties":{"a":370,"v":-422,"dh":1.14,"pl":2,"pn":"E16 Eggemoen - Olum","pd":"2024-06-11","fo":1,"c":0}},{"type":"Feature","geometry":{"type":"Polygon","coordinates":[[[10.44225,60.24361],[10.44229,60.24358],[10.44205,60.24349],[10.4419,60.24349],[10.44225,60.24361]]]},"properties":{"a":104,"v":101,"dh":0.97,"pl":2,"pn":"E16 Eggemoen - Olum","pd":"2024-06-11","sh":1,"c":0}},{"type":"Feature","geometry":{"type":"MultiPolygon","coordinates":[[[[10.44606,60.24398],[10.44604,60.24393],[10.44542,60.24367],[10.44541,60.24359],[10.44536,60.24358],[10.44539,60.24353],[10.44512,60.24357],[10.44516,60.24365],[10.44533,60.24368],[10.44606,60.24398]],[[10.44527,60.24355],[10.44528,60.24356],[10.44527,60.24356],[10.44527,60.24355]]],[[[10.44615,60.24401],[10.4461,60.24402],[10.44617,60.24405],[10.44615,60.24401]]]]},"properties":{"a":398,"v":-454,"dh":1.14,"pl":2,"pn":"E16 Eggemoen - Olum","pd":"2024-06-11","fo":1,"c":0}},{"type":"Feature","geometry":{"type":"Polygon","coordinates":[[[10.43997,60.24439],[10.44015,60.24436],[10.44009,60.24423],[10.43988,60.24423],[10.43986,60.24431],[10.43995,60.24431],[10.43997,60.24439]]]},"properties":{"a":227,"v":470,"dh":2.07,"pl":0,"fo":1,"c":84}},{"type":"Feature","geometry":{"type":"Polygon","coordinates":[[[10.44824,60.24587],[10.44814,60.24571],[10.44807,60.24569],[10.44803,60.24556],[10.44786,60.24548],[10.44771,60.2453],[10.44749,60.24515],[10.4476,60.2453],[10.44784,60.24548],[10.44786,60.24556],[10.44778,60.24557],[10.44778,60.24566],[10.44786,60.24574],[10.44798,60.24579],[10.44809,60.24574],[10.44824,60.24587]]]},"properties":{"a":555,"v":-625,"dh":1.13,"pl":2,"pn":"E16 Eggemoen - Olum","pd":"2024-06-11","fo":1,"c":0}},{"type":"Feature","geometry":{"type":"MultiPolygon","coordinates":[[[[10.44266,60.2442],[10.44269,60.24421],[10.44269,60.24419],[10.44266,60.2442]]],[[[10.44863,60.24741],[10.44862,60.24746],[10.44871,60.24755],[10.44874,60.24775],[10.44862,60.24782],[10.44893,60.24798],[10.44889,60.24801],[10.44936,60.24796],[10.44966,60.24781],[10.44957,60.24774],[10.44966,60.24731],[10.44961,60.24706],[10.44928,60.24694],[10.44927,60.24701],[10.4494,60.2471],[10.44934,60.24714],[10.44922,60.24712],[10.44922,60.24719],[10.44918,60.24718],[10.44895,60.24686],[10.44812,60.24606],[10.44808,60.24596],[10.44817,60.24594],[10.44817,60.24589],[10.44786,60.24579],[10.44769,60.2456],[10.44767,60.24553],[10.44773,60.24547],[10.4472,60.24513],[10.44716,60.24504],[10.44728,60.24507],[10.44723,60.24502],[10.4472,60.24489],[10.44689,60.24471],[10.44682,60.24473],[10.44688,60.24482],[10.44684,60.24485],[10.44637,60.24453],[10.44624,60.24437],[10.44644,60.24444],[10.44639,60.2444],[10.44642,60.24431],[10.44608,60.24403],[10.44571,60.24391],[10.4456,60.24381],[10.44527,60.24368],[10.44507,60.24363],[10.44467,60.24366],[10.44402,60.24351],[10.44385,60.24336],[10.44371,60.24343],[10.44369,60.24337],[10.44343,60.24332],[10.44336,60.2434],[10.44344,60.24348],[10.44344,60.24356],[10.44237,60.24351],[10.44241,60.24355],[10.4423,60.24357],[10.44236,60.24362],[10.44231,60.24366],[10.44193,60.2438],[10.44192,60.24385],[10.44205,60.24387],[10.44198,60.24392],[10.442,60.24395],[10.44245,60.24402],[10.44287,60.2442],[10.44278,60.24424],[10.44271,60.2442],[10.44271,60.24426],[10.44284,60.24427],[10.44293,60.24433],[10.44309,60.24424],[10.4434,60.24428],[10.44349,60.24433],[10.44344,60.24436],[10.44346,60.24441],[10.44315,60.24431],[10.44306,60.24432],[10.44306,60.24436],[10.44339,60.24449],[10.44361,60.24446],[10.44372,60.2445],[10.44378,60.24458],[10.44372,60.24463],[10.44394,60.24457],[10.44432,60.24471],[10.44434,60.24478],[10.44448,60.24488],[10.44462,60.24485],[10.44489,60.24489],[10.44497,60.24494],[10.44536,60.24487],[10.44558,60.24496],[10.44572,60.24494],[10.44578,60.24499],[10.44573,60.24501],[10.44592,60.24498],[10.44611,60.24505],[10.44618,60.24513],[10.44613,60.24518],[10.4463,60.24522],[10.44637,60.24529],[10.4463,60.24532],[10.44632,60.24537],[10.44648,60.24532],[10.44665,60.2454],[10.447,60.24571],[10.44709,60.24591],[10.44732,60.246],[10.44742,60.24614],[10.44739,60.24615],[10.44743,60.24624],[10.44741,60.24629],[10.4472,60.24606],[10.44697,60.24604],[10.44686,60.24613],[10.44683,60.24633],[10.44741,60.24639],[10.44745,60.24631],[10.44754,60.24642],[10.44761,60.24644],[10.44758,60.24641],[10.44761,60.24635],[10.44753,60.24626],[10.44759,60.24628],[10.44795,60.24665],[10.44802,60.24666],[10.44821,60.24682],[10.44835,60.24682],[10.44868,60.24722],[10.44869,60.2474],[10.44863,60.24741]],[[10.44688,60.24485],[10.44689,60.24486],[10.44688,60.24486],[10.44688,60.24485]],[[10.44753,60.24626],[10.44752,60.24625],[10.44753,60.24625],[10.44753,60.24626]],[[10.44867,60.24741],[10.44869,60.24741],[10.44867,60.24741],[10.44867,60.24741]],[[10.44947,60.24755],[10.4495,60.24749],[10.44956,60.2475],[10.44951,60.24763],[10.44947,60.24755]],[[10.44952,60.24746],[10.4495,60.24748],[10.4495,60.24746],[10.44952,60.24746]],[[10.4492,60.24721],[10.44924,60.24721],[10.44924,60.24725],[10.44922,60.24725],[10.4492,60.24721]],[[10.44752,60.24622],[10.4475,60.24623],[10.4475,60.24622],[10.44752,60.24622]],[[10.44569,60.24492],[10.44567,60.24492],[10.44567,60.24492],[10.44569,60.24492]],[[10.44637,60.24434],[10.44635,60.24437],[10.44635,60.24434],[10.44637,60.24434]],[[10.44293,60.24423],[10.44291,60.24424],[10.44291,60.24423],[10.44293,60.24423]],[[10.4424,60.24365],[10.44238,60.24367],[10.44238,60.24365],[10.4424,60.24365]]],[[[10.44718,60.24599],[10.44721,60.24596],[10.44718,60.24596],[10.44718,60.24599]]],[[[10.44862,60.24743],[10.4486,60.24744],[10.44862,60.24744],[10.44862,60.24743]]]]},"properties":{"a":43933,"v":247492,"dh":5.63,"pl":2,"pn":"E16 Eggemoen - Olum","pd":"2024-06-11","c":0}},{"type":"Feature","geometry":{"type":"Polygon","coordinates":[[[10.44905,60.24672],[10.44907,60.24663],[10.44903,60.24659],[10.44881,60.24651],[10.44839,60.24608],[10.4483,60.24609],[10.44834,60.24619],[10.44867,60.24652],[10.44882,60.24663],[10.44905,60.24672]]]},"properties":{"a":612,"v":715,"dh":1.17,"pl":2,"pn":"E16 Eggemoen - Olum","pd":"2024-06-11","fo":1,"c":0}},{"type":"Feature","geometry":{"type":"Polygon","coordinates":[[[10.44091,60.24676],[10.44092,60.24671],[10.44085,60.24666],[10.44063,60.24663],[10.44073,60.24672],[10.44087,60.24672],[10.44082,60.24676],[10.44091,60.24676]]]},"properties":{"a":125,"v":127,"dh":1.01,"pl":0,"c":85}},{"type":"Feature","geometry":{"type":"Polygon","coordinates":[[[10.44925,60.24706],[10.44914,60.24695],[10.44915,60.24683],[10.44904,60.24681],[10.44901,60.2469],[10.44905,60.24697],[10.44925,60.24706]]]},"properties":{"a":166,"v":-236,"dh":1.42,"pl":2,"pn":"E16 Eggemoen - Olum","pd":"2024-06-11","fo":1,"c":0}},{"type":"Feature","geometry":{"type":"Polygon","coordinates":[[[10.45049,60.2481],[10.4505,60.24798],[10.4504,60.24784],[10.45031,60.24784],[10.45038,60.24802],[10.45049,60.2481]]]},"properties":{"a":159,"v":148,"dh":0.93,"pl":2,"pn":"E16 Eggemoen - Olum","pd":"2024-06-11","sh":1,"c":0}},{"type":"Feature","geometry":{"type":"Polygon","coordinates":[[[10.4503,60.24864],[10.45033,60.24861],[10.45031,60.24854],[10.45009,60.24842],[10.45011,60.24857],[10.4503,60.24864]]]},"properties":{"a":171,"v":250,"dh":1.46,"pl":2,"pn":"E16 Eggemoen - Olum","pd":"2024-06-11","fo":1,"c":0}},{"type":"Feature","geometry":{"type":"Polygon","coordinates":[[[10.45106,60.2505],[10.45112,60.25043],[10.45103,60.25022],[10.45105,60.25015],[10.45059,60.24957],[10.45041,60.24916],[10.45012,60.24886],[10.45007,60.24885],[10.44996,60.24849],[10.44987,60.24831],[10.44979,60.24831],[10.44983,60.24829],[10.44981,60.24822],[10.44939,60.24818],[10.449,60.24826],[10.44903,60.24818],[10.44887,60.24818],[10.44897,60.24809],[10.44843,60.24782],[10.44817,60.24754],[10.44811,60.24753],[10.44812,60.24758],[10.44817,60.24759],[10.44816,60.24773],[10.4482,60.24777],[10.44816,60.24781],[10.4482,60.24782],[10.44817,60.2479],[10.4482,60.24793],[10.4481,60.24796],[10.44817,60.24807],[10.4482,60.24825],[10.44811,60.24831],[10.44821,60.2484],[10.44833,60.24842],[10.44838,60.24856],[10.44853,60.2487],[10.44897,60.2488],[10.44903,60.24901],[10.44908,60.24904],[10.44907,60.24915],[10.44924,60.24934],[10.44934,60.24957],[10.44944,60.24962],[10.44955,60.24981],[10.44972,60.24993],[10.44984,60.25012],[10.45015,60.25034],[10.45019,60.25034],[10.45017,60.25019],[10.4503,60.25028],[10.45066,60.2504],[10.45065,60.25044],[10.45093,60.25043],[10.45097,60.2505],[10.45106,60.2505]],[[10.45072,60.25042],[10.45074,60.25041],[10.45074,60.25042],[10.45072,60.25042]],[[10.44919,60.24899],[10.44919,60.24894],[10.44908,60.24894],[10.44913,60.24888],[10.44905,60.24871],[10.44911,60.24871],[10.4491,60.24864],[10.44916,60.24864],[10.44927,60.24877],[10.44926,60.24897],[10.44919,60.24899]]]},"properties":{"a":18697,"v":42148,"dh":2.25,"pl":2,"pn":"E16 Eggemoen - Olum","pd":"2024-06-11","c":0}},{"type":"Feature","geometry":{"type":"Polygon","coordinates":[[[10.45183,60.25032],[10.45165,60.25016],[10.45162,60.25007],[10.45142,60.24998],[10.45129,60.24978],[10.45118,60.24974],[10.45121,60.2497],[10.45099,60.24955],[10.45075,60.24913],[10.4506,60.24905],[10.45061,60.24918],[10.4507,60.24926],[10.45071,60.24934],[10.45146,60.25004],[10.45165,60.25029],[10.45183,60.25032]]]},"properties":{"a":829,"v":818,"dh":0.99,"pl":2,"pn":"E16 Eggemoen - Olum","pd":"2024-06-11","fo":1,"c":0}},{"type":"Feature","geometry":{"type":"MultiPolygon","coordinates":[[[[10.45045,60.24885],[10.45057,60.2488],[10.45079,60.24909],[10.45082,60.24909],[10.4508,60.24896],[10.45065,60.2488],[10.45058,60.24862],[10.45049,60.24854],[10.45061,60.24848],[10.45052,60.24847],[10.45047,60.24841],[10.45044,60.24825],[10.45037,60.24819],[10.45038,60.24813],[10.45033,60.24812],[10.45034,60.24805],[10.45021,60.24802],[10.45027,60.24797],[10.45022,60.24777],[10.44994,60.24764],[10.44988,60.24749],[10.44968,60.24739],[10.44972,60.24748],[10.44965,60.24757],[10.44975,60.2478],[10.4494,60.248],[10.4494,60.2481],[10.44933,60.24814],[10.44997,60.24819],[10.45023,60.24849],[10.45044,60.24853],[10.45037,60.24859],[10.45035,60.2487],[10.45008,60.24859],[10.4501,60.24876],[10.4505,60.24922],[10.45066,60.24953],[10.45091,60.24982],[10.45095,60.24997],[10.4511,60.25015],[10.45119,60.25041],[10.4513,60.25048],[10.45116,60.25052],[10.45116,60.25057],[10.45123,60.25061],[10.45125,60.2507],[10.45144,60.25092],[10.45214,60.25147],[10.45237,60.25151],[10.45267,60.25162],[10.45283,60.25162],[10.45293,60.25178],[10.45292,60.25192],[10.45297,60.25197],[10.45286,60.25198],[10.45283,60.25204],[10.45297,60.252],[10.45307,60.25214],[10.45318,60.25221],[10.45317,60.25227],[10.45326,60.25223],[10.45341,60.25237],[10.45339,60.2524],[10.45396,60.25264],[10.45426,60.25281],[10.45433,60.25279],[10.45477,60.25301],[10.45552,60.25316],[10.45564,60.25315],[10.45562,60.25309],[10.4554,60.25299],[10.45542,60.25294],[10.45496,60.25273],[10.45488,60.25263],[10.45442,60.25247],[10.4544,60.25238],[10.45429,60.25236],[10.45432,60.25229],[10.45396,60.25214],[10.45397,60.25209],[10.45388,60.25204],[10.45372,60.25202],[10.45373,60.25198],[10.45364,60.25197],[10.45353,60.25188],[10.45356,60.25183],[10.45345,60.25182],[10.45345,60.25175],[10.45323,60.25163],[10.45311,60.25145],[10.45297,60.2515],[10.45277,60.25138],[10.45261,60.25113],[10.45216,60.25086],[10.45216,60.25079],[10.45207,60.25067],[10.45188,60.25058],[10.4519,60.2505],[10.45178,60.25043],[10.45191,60.25041],[10.45178,60.25034],[10.45164,60.25035],[10.45152,60.2502],[10.45139,60.25019],[10.45144,60.25011],[10.45128,60.25002],[10.45124,60.2499],[10.45094,60.24969],[10.4509,60.2496],[10.4506,60.24932],[10.45052,60.24921],[10.45051,60.24894],[10.45045,60.24885]],[[10.45342,60.25176],[10.45338,60.25175],[10.45341,60.25174],[10.45342,60.25176]],[[10.45047,60.2488],[10.45045,60.24879],[10.45046,60.24879],[10.45047,60.2488]],[[10.45342,60.25178],[10.45343,60.25179],[10.45342,60.25179],[10.45342,60.25178]],[[10.45329,60.25175],[10.45331,60.25173],[10.45334,60.25173],[10.45329,60.25175]]],[[[10.45362,60.25191],[10.45364,60.25189],[10.4536,60.25187],[10.45362,60.25191]]]]},"properties":{"a":19332,"v":-74451,"dh":3.85,"pl":2,"pn":"E16 Eggemoen - Olum","pd":"2024-06-11","c":0}},{"type":"Feature","geometry":{"type":"Polygon","coordinates":[[[10.4504,60.25058],[10.45043,60.25053],[10.45038,60.25048],[10.4505,60.25048],[10.4505,60.25048],[10.45026,60.25039],[10.45014,60.25044],[10.45012,60.25049],[10.45027,60.2505],[10.4504,60.25058]]]},"properties":{"a":183,"v":184,"dh":1.0,"pl":2,"pn":"E16 Eggemoen - Olum","pd":"2024-06-11","fo":1,"c":0}},{"type":"Feature","geometry":{"type":"Polygon","coordinates":[[[10.4521,60.2506],[10.45213,60.25054],[10.45229,60.25053],[10.45195,60.25054],[10.4521,60.2506]]]},"properties":{"a":100,"v":103,"dh":1.03,"pl":2,"pn":"E16 Eggemoen - Olum","pd":"2024-06-11","fo":1,"c":0}},{"type":"Feature","geometry":{"type":"Polygon","coordinates":[[[10.45322,60.25148],[10.4532,60.25139],[10.45314,60.25136],[10.45314,60.25126],[10.45328,60.25114],[10.45329,60.2509],[10.45314,60.25085],[10.45317,60.25072],[10.45306,60.25069],[10.45322,60.25067],[10.45299,60.25065],[10.45295,60.25071],[10.45306,60.25079],[10.45283,60.2508],[10.45272,60.25071],[10.45293,60.25066],[10.45273,60.25063],[10.45241,60.25067],[10.45257,60.25069],[10.45246,60.25071],[10.4525,60.25073],[10.45238,60.25078],[10.4524,60.25082],[10.45267,60.25087],[10.45269,60.25093],[10.45266,60.25095],[10.45273,60.25097],[10.45249,60.25097],[10.45246,60.25103],[10.45266,60.25111],[10.45272,60.25121],[10.4528,60.25123],[10.45278,60.25134],[10.45282,60.25137],[10.45289,60.25137],[10.45299,60.25145],[10.45313,60.25138],[10.45322,60.25148]],[[10.45307,60.25094],[10.45309,60.25093],[10.45309,60.25094],[10.45307,60.25094]]]},"properties":{"a":2540,"v":4596,"dh":1.81,"pl":2,"pn":"E16 Eggemoen - Olum","pd":"2024-06-11","c":0}},{"type":"Feature","geometry":{"type":"Polygon","coordinates":[[[10.45281,60.25197],[10.4529,60.25191],[10.45285,60.25174],[10.45274,60.25165],[10.45243,60.25159],[10.4524,60.25167],[10.45255,60.25176],[10.45253,60.25184],[10.45281,60.25197]]]},"properties":{"a":600,"v":1012,"dh":1.69,"pl":2,"pn":"E16 Eggemoen - Olum","pd":"2024-06-11","fo":1,"c":0}},{"type":"Feature","geometry":{"type":"Polygon","coordinates":[[[10.4492,60.25198],[10.44948,60.25195],[10.44958,60.25198],[10.44947,60.25192],[10.44909,60.25195],[10.4492,60.25198]]]},"properties":{"a":101,"v":106,"dh":1.05,"pl":0,"fo":1,"c":86}},{"type":"Feature","geometry":{"type":"MultiPolygon","coordinates":[[[[10.45451,60.25233],[10.45447,60.2523],[10.45436,60.25229],[10.45443,60.25235],[10.45451,60.25233]]],[[[10.45458,60.25232],[10.4546,60.25233],[10.4546,60.25232],[10.45458,60.25232]]],[[[10.4546,60.25233],[10.45469,60.2524],[10.45452,60.25234],[10.45444,60.25239],[10.45471,60.25253],[10.45475,60.25253],[10.45468,60.25248],[10.45469,60.25244],[10.45484,60.25248],[10.45491,60.25245],[10.45469,60.25233],[10.4546,60.25233]]]]},"properties":{"a":250,"v":269,"dh":1.07,"pl":2,"pn":"E16 Eggemoen - Olum","pd":"2024-06-11","fo":1,"c":0}},{"type":"Feature","geometry":{"type":"Polygon","coordinates":[[[10.44469,60.25302],[10.44469,60.25296],[10.4445,60.25288],[10.44454,60.25287],[10.44455,60.25272],[10.44444,60.25261],[10.4442,60.25256],[10.44418,60.25251],[10.44407,60.25245],[10.44398,60.25244],[10.44402,60.25251],[10.44391,60.25248],[10.44396,60.25242],[10.44394,60.25239],[10.44376,60.25244],[10.44384,60.25251],[10.44394,60.25252],[10.44393,60.25257],[10.44404,60.25256],[10.44418,60.25263],[10.44428,60.2527],[10.44423,60.25274],[10.44435,60.25281],[10.44447,60.25296],[10.44469,60.25302]],[[10.44447,60.25286],[10.44448,60.25285],[10.44448,60.25286],[10.44447,60.25286]],[[10.44407,60.25255],[10.44409,60.25254],[10.44409,60.25255],[10.44407,60.25255]],[[10.44413,60.25254],[10.44411,60.25251],[10.44416,60.25253],[10.44413,60.25254]]]},"properties":{"a":820,"v":1076,"dh":1.31,"pl":1,"pn":"Røisli","pd":"2004-05-25","c":87}},{"type":"Feature","geometry":{"type":"Polygon","coordinates":[[[10.45006,60.25281],[10.45006,60.25277],[10.45019,60.25279],[10.45018,60.25265],[10.45006,60.25266],[10.45,60.2526],[10.44989,60.2526],[10.45006,60.25273],[10.44997,60.25279],[10.45006,60.25281]]]},"properties":{"a":172,"v":177,"dh":1.03,"pl":0,"c":88}},{"type":"Feature","geometry":{"type":"Polygon","coordinates":[[[10.44472,60.25296],[10.44492,60.25293],[10.44494,60.25288],[10.44479,60.25277],[10.44464,60.25284],[10.44472,60.25296]]]},"properties":{"a":215,"v":-282,"dh":1.31,"pl":1,"pn":"Røisli","pd":"2004-05-25","c":87}},{"type":"Feature","geometry":{"type":"Polygon","coordinates":[[[10.44902,60.25325],[10.44905,60.25318],[10.44894,60.25311],[10.44883,60.25307],[10.44883,60.25313],[10.44876,60.25314],[10.44885,60.25322],[10.44902,60.25325]]]},"properties":{"a":173,"v":202,"dh":1.17,"pl":0,"c":89}},{"type":"Feature","geometry":{"type":"Polygon","coordinates":[[[10.45881,60.25075],[10.45886,60.25071],[10.45877,60.25066],[10.4588,60.2506],[10.45869,60.25053],[10.45872,60.25073],[10.45881,60.25075]]]},"properties":{"a":113,"v":-113,"dh":1.0,"pl":0,"fo":1,"c":90}},{"type":"Feature","geometry":{"type":"Polygon","coordinates":[[[10.46042,60.25239],[10.46029,60.2523],[10.45966,60.2521],[10.45923,60.25178],[10.4591,60.25165],[10.45912,60.2516],[10.45898,60.25142],[10.45894,60.25119],[10.45888,60.25106],[10.45884,60.25105],[10.45901,60.25159],[10.45922,60.25183],[10.4595,60.25201],[10.45959,60.25213],[10.45985,60.25223],[10.45993,60.25232],[10.46023,60.25233],[10.46042,60.25239]]]},"properties":{"a":750,"v":-970,"dh":1.29,"pl":0,"fo":1,"c":90}},{"type":"Feature","geometry":{"type":"MultiPolygon","coordinates":[[[[10.45893,60.25177],[10.45904,60.25188],[10.45913,60.2519],[10.45912,60.25195],[10.45921,60.25197],[10.45917,60.25201],[10.45945,60.25207],[10.45944,60.25201],[10.45911,60.25182],[10.45899,60.25163],[10.45894,60.25162],[10.459,60.25171],[10.45893,60.25177]],[[10.45896,60.25177],[10.45898,60.25177],[10.45898,60.25177],[10.45896,60.25177]]],[[[10.4595,60.25209],[10.45945,60.25207],[10.45945,60.25209],[10.4595,60.25209]]],[[[10.45952,60.25209],[10.4595,60.25209],[10.4595,60.2521],[10.45952,60.2521],[10.45952,60.25209]]]]},"properties":{"a":345,"v":333,"dh":0.97,"pl":0,"sh":1,"c":91}},{"type":"Feature","geometry":{"type":"MultiPolygon","coordinates":[[[[10.46048,60.25261],[10.46035,60.25254],[10.46028,60.25255],[10.46048,60.25261]]],[[[10.46048,60.25261],[10.46048,60.25262],[10.4605,60.25262],[10.4605,60.25261],[10.46048,60.25261]]],[[[10.46109,60.25285],[10.4609,60.25263],[10.46047,60.25241],[10.46029,60.25236],[10.46007,60.25237],[10.46079,60.25273],[10.46081,60.25276],[10.46074,60.25278],[10.46089,60.2528],[10.46085,60.25284],[10.46109,60.25285]],[[10.46092,60.2528],[10.46091,60.25281],[10.46091,60.2528],[10.46092,60.2528]]]]},"properties":{"a":875,"v":1473,"dh":1.68,"pl":0,"fo":1,"c":90}},{"type":"Feature","geometry":{"type":"Polygon","coordinates":[[[10.46238,60.25343],[10.46232,60.25335],[10.46206,60.25327],[10.46206,60.25321],[10.46182,60.25314],[10.46164,60.25301],[10.46116,60.25282],[10.46138,60.253],[10.46155,60.25304],[10.46218,60.25337],[10.46238,60.25343]]]},"properties":{"a":430,"v":-536,"dh":1.25,"pl":0,"fo":1,"c":90}},{"type":"Feature","geometry":{"type":"Polygon","coordinates":[[[10.46194,60.25333],[10.46172,60.25316],[10.46153,60.25308],[10.4615,60.2531],[10.4617,60.25323],[10.46176,60.25332],[10.46194,60.25333]]]},"properties":{"a":177,"v":171,"dh":0.96,"pl":0,"sh":1,"c":92}},{"type":"Feature","geometry":{"type":"Polygon","coordinates":[[[10.46263,60.25369],[10.4626,60.25359],[10.46244,60.25348],[10.46205,60.25337],[10.462,60.25338],[10.46216,60.25341],[10.46214,60.25344],[10.46229,60.25356],[10.46253,60.25365],[10.46252,60.25368],[10.46263,60.25369]]]},"properties":{"a":327,"v":393,"dh":1.2,"pl":0,"fo":1,"c":90}},{"type":"Feature","geometry":{"type":"Polygon","coordinates":[[[10.46327,60.254],[10.46308,60.2538],[10.46277,60.25367],[10.46279,60.25373],[10.46327,60.254]]]},"properties":{"a":182,"v":-219,"dh":1.2,"pl":0,"fo":1,"c":90}},{"type":"Feature","geometry":{"type":"Polygon","coordinates":[[[10.46298,60.25399],[10.4632,60.254],[10.46292,60.25382],[10.4629,60.25386],[10.46287,60.25386],[10.46289,60.25383],[10.46268,60.25376],[10.46285,60.25389],[10.46292,60.25389],[10.46291,60.25393],[10.46298,60.25399]],[[10.463,60.25391],[10.46301,60.2539],[10.46302,60.25391],[10.463,60.25391]]]},"properties":{"a":204,"v":175,"dh":0.86,"pl":0,"sh":1,"c":93}},{"type":"Feature","geometry":{"type":"MultiPolygon","coordinates":[[[[10.45712,60.25348],[10.45711,60.25349],[10.45712,60.25349],[10.45712,60.25348]]],[[[10.45874,60.25413],[10.45859,60.25392],[10.45842,60.25384],[10.45745,60.25348],[10.45712,60.25349],[10.45736,60.25362],[10.45733,60.25368],[10.45712,60.25371],[10.45701,60.25367],[10.45717,60.25376],[10.45748,60.25376],[10.45761,60.25382],[10.45768,60.25378],[10.4579,60.25394],[10.45803,60.25397],[10.45818,60.2541],[10.45829,60.25413],[10.45843,60.25442],[10.45863,60.25456],[10.45881,60.25445],[10.45875,60.25435],[10.45874,60.25413]]]]},"properties":{"a":3325,"v":-11009,"dh":3.31,"pl":2,"pn":"E16 Eggemoen - Olum","pd":"2024-06-11","c":0}},{"type":"Feature","geometry":{"type":"Polygon","coordinates":[[[10.37485,60.24446],[10.37543,60.24445],[10.376,60.24427],[10.37648,60.24403],[10.3766,60.24389],[10.37653,60.24389],[10.37627,60.24409],[10.37566,60.24424],[10.37545,60.24434],[10.37499,60.24434],[10.37498,60.24439],[10.37485,60.24441],[10.37485,60.24446]]]},"properties":{"a":1087,"v":-1691,"dh":1.56,"pl":1,"pn":"Berger","pd":"1992-08-25","c":64}},{"type":"Feature","geometry":{"type":"Polygon","coordinates":[[[10.36747,60.24506],[10.36769,60.24505],[10.36769,60.24501],[10.36758,60.24495],[10.3674,60.24497],[10.36749,60.24501],[10.36747,60.24506]]]},"properties":{"a":130,"v":204,"dh":1.57,"pl":0,"c":94}},{"type":"Feature","geometry":{"type":"Polygon","coordinates":[[[10.3679,60.24581],[10.36787,60.2456],[10.36775,60.24574],[10.36768,60.24575],[10.3679,60.24581]]]},"properties":{"a":145,"v":153,"dh":1.05,"pl":0,"c":95}},{"type":"Feature","geometry":{"type":"Polygon","coordinates":[[[10.37157,60.2458],[10.37171,60.24575],[10.37171,60.24571],[10.37154,60.24567],[10.37155,60.2457],[10.37144,60.24573],[10.37146,60.24578],[10.37157,60.2458]]]},"properties":{"a":147,"v":251,"dh":1.71,"pl":0,"c":96}},{"type":"Feature","geometry":{"type":"Polygon","coordinates":[[[10.37709,60.24661],[10.37712,60.24648],[10.37708,60.24639],[10.37717,60.24621],[10.37705,60.24608],[10.37716,60.24606],[10.37716,60.24598],[10.37705,60.24593],[10.37706,60.24587],[10.37693,60.24571],[10.37694,60.24562],[10.37689,60.24561],[10.37683,60.24545],[10.37666,60.24542],[10.37654,60.24546],[10.37649,60.24549],[10.37649,60.24554],[10.37658,60.24556],[10.37658,60.24562],[10.37641,60.24578],[10.37661,60.24585],[10.37663,60.24595],[10.37691,60.24605],[10.37693,60.24611],[10.37677,60.24611],[10.37659,60.24621],[10.37652,60.2463],[10.37653,60.24645],[10.37659,60.24654],[10.37671,60.24659],[10.37709,60.24661]],[[10.3771,60.24599],[10.37707,60.24598],[10.37707,60.24596],[10.3771,60.24599]],[[10.37699,60.24592],[10.37701,60.24591],[10.37701,60.24592],[10.37699,60.24592]]]},"properties":{"a":3213,"v":6767,"dh":2.11,"pl":0,"c":97}},{"type":"Feature","geometry":{"type":"Polygon","coordinates":[[[10.37407,60.24651],[10.3739,60.24637],[10.37378,60.24639],[10.37391,60.24651],[10.37407,60.24651]]]},"properties":{"a":152,"v":-159,"dh":1.05,"pl":0,"c":98}},{"type":"Feature","geometry":{"type":"Polygon","coordinates":[[[10.37729,60.24701],[10.37738,60.2469],[10.37733,60.2466],[10.37745,60.24655],[10.37734,60.24646],[10.37743,60.24634],[10.37737,60.24624],[10.37728,60.24626],[10.37716,60.24638],[10.37723,60.24648],[10.37718,60.24654],[10.37718,60.24701],[10.37729,60.24701]]]},"properties":{"a":795,"v":-1015,"dh":1.28,"pl":0,"c":97}},{"type":"Feature","geometry":{"type":"Polygon","coordinates":[[[10.37483,60.24684],[10.37473,60.24667],[10.37449,60.24651],[10.37436,60.24653],[10.3744,60.24657],[10.37433,60.24655],[10.37428,60.2466],[10.37452,60.24676],[10.3746,60.24668],[10.37483,60.24684]],[[10.37438,60.24662],[10.3744,60.24661],[10.3744,60.24662],[10.37438,60.24662]]]},"properties":{"a":402,"v":368,"dh":0.92,"pl":0,"sh":1,"c":98}},{"type":"Feature","geometry":{"type":"Polygon","coordinates":[[[10.37436,60.24681],[10.37439,60.24674],[10.37428,60.24665],[10.37415,60.24667],[10.37412,60.24673],[10.37421,60.2468],[10.37436,60.24681]]]},"properties":{"a":189,"v":218,"dh":1.15,"pl":0,"c":98}},{"type":"Feature","geometry":{"type":"Polygon","coordinates":[[[10.37486,60.24752],[10.37485,60.24746],[10.37465,60.2473],[10.37463,60.24739],[10.37471,60.24751],[10.37486,60.24752]]]},"properties":{"a":157,"v":161,"dh":1.02,"pl":0,"c":99}},{"type":"Feature","geometry":{"type":"Polygon","coordinates":[[[10.38423,60.24156],[10.38448,60.24149],[10.38455,60.24136],[10.38444,60.2413],[10.38424,60.24133],[10.38415,60.24128],[10.38386,60.24136],[10.38406,60.24141],[10.38403,60.2415],[10.38423,60.24156]]]},"properties":{"a":720,"v":885,"dh":1.23,"pl":1,"pn":"Jevnaker sentrum","pd":"2018-09-06","c":58}},{"type":"Feature","geometry":{"type":"Polygon","coordinates":[[[10.38488,60.2423],[10.38493,60.24224],[10.38486,60.24218],[10.38493,60.24211],[10.3848,60.24205],[10.38471,60.24208],[10.38471,60.24214],[10.38448,60.24221],[10.38457,60.24228],[10.3847,60.24223],[10.38488,60.2423]]]},"properties":{"a":357,"v":387,"dh":1.08,"pl":1,"pn":"Jevnaker sentrum","pd":"2018-09-06","c":58}},{"type":"Feature","geometry":{"type":"Polygon","coordinates":[[[10.38145,60.24626],[10.38152,60.2462],[10.38166,60.24617],[10.38201,60.24619],[10.38215,60.24606],[10.38225,60.24603],[10.38229,60.24596],[10.38208,60.2458],[10.38185,60.24581],[10.38177,60.24579],[10.38179,60.24572],[10.38174,60.24573],[10.38136,60.24591],[10.38157,60.24606],[10.38136,60.24623],[10.38145,60.24626]],[[10.38205,60.24588],[10.38199,60.24583],[10.38205,60.24584],[10.38205,60.24588]]]},"properties":{"a":1742,"v":5210,"dh":2.99,"pl":0,"c":100}},{"type":"Feature","geometry":{"type":"Polygon","coordinates":[[[10.38484,60.24695],[10.38496,60.24689],[10.38482,60.24682],[10.38467,60.24682],[10.38475,60.24692],[10.38484,60.24695]]]},"properties":{"a":126,"v":106,"dh":0.84,"pl":0,"sh":1,"c":101}},{"type":"Feature","geometry":{"type":"Polygon","coordinates":[[[10.3808,60.25015],[10.3814,60.25016],[10.38145,60.25006],[10.38112,60.24999],[10.38109,60.25006],[10.38075,60.2501],[10.3808,60.25015]]]},"properties":{"a":417,"v":637,"dh":1.53,"pl":0,"fo":1,"c":102}},{"type":"Feature","geometry":{"type":"Polygon","coordinates":[[[10.41103,60.24338],[10.4111,60.24333],[10.41104,60.24327],[10.41095,60.24326],[10.41081,60.24333],[10.4109,60.24339],[10.41103,60.24338]]]},"properties":{"a":149,"v":297,"dh":1.99,"pl":1,"pn":"RV 35 Olimb - Hallum","pd":"1994-12-13","c":0}},{"type":"Feature","geometry":{"type":"Polygon","coordinates":[[[10.40955,60.24348],[10.40975,60.24349],[10.40976,60.24335],[10.4096,60.24335],[10.40958,60.24339],[10.40966,60.24344],[10.40955,60.24348]]]},"properties":{"a":132,"v":164,"dh":1.24,"pl":1,"pn":"Haugerlandet","pd":"1996-06-18","c":61}},{"type":"Feature","geometry":{"type":"Polygon","coordinates":[[[10.40993,60.2439],[10.40998,60.24383],[10.40983,60.24376],[10.40958,60.24379],[10.40993,60.2439]]]},"properties":{"a":208,"v":409,"dh":1.97,"pl":1,"pn":"Haugerlandet","pd":"1996-06-18","c":61}},{"type":"Feature","geometry":{"type":"MultiPolygon","coordinates":[[[[10.41105,60.24387],[10.41116,60.24389],[10.4111,60.24392],[10.41119,60.24392],[10.41117,60.24388],[10.41125,60.24385],[10.41121,60.2438],[10.41124,60.24376],[10.41115,60.24372],[10.41102,60.24373],[10.41112,60.24379],[10.41105,60.24382],[10.41105,60.24387]]],[[[10.41105,60.24387],[10.41101,60.24391],[10.41105,60.2439],[10.41105,60.24387]]]]},"properties":{"a":176,"v":246,"dh":1.4,"pl":1,"pn":"Haugerlandet","pd":"1996-06-18","c":61}},{"type":"Feature","geometry":{"type":"Polygon","coordinates":[[[10.41091,60.24412],[10.41091,60.24401],[10.411,60.24395],[10.41099,60.2439],[10.4109,60.24388],[10.41086,60.24381],[10.41076,60.24379],[10.41051,60.24393],[10.41057,60.24401],[10.41051,60.24404],[10.41066,60.24403],[10.41081,60.24413],[10.41091,60.24412]]]},"properties":{"a":590,"v":1248,"dh":2.12,"pl":1,"pn":"Haugerlandet","pd":"1996-06-18","c":61}},{"type":"Feature","geometry":{"type":"Polygon","coordinates":[[[10.41131,60.24456],[10.41152,60.24445],[10.41152,60.24441],[10.41115,60.24451],[10.41117,60.24455],[10.41131,60.24456]]]},"properties":{"a":183,"v":299,"dh":1.63,"pl":1,"pn":"Haugerlandet","pd":"1996-06-18","fo":1,"c":61}},{"type":"Feature","geometry":{"type":"Polygon","coordinates":[[[10.41106,60.24469],[10.41105,60.24465],[10.4111,60.2446],[10.41104,60.24458],[10.41095,60.24456],[10.41088,60.24462],[10.4109,60.24467],[10.41106,60.24469]]]},"properties":{"a":103,"v":158,"dh":1.54,"pl":1,"pn":"Haugerlandet","pd":"1996-06-18","fo":1,"c":61}},{"type":"Feature","geometry":{"type":"Polygon","coordinates":[[[10.4243,60.2454],[10.42429,60.2452],[10.42419,60.24503],[10.42414,60.24498],[10.4241,60.24498],[10.4243,60.2454]]]},"properties":{"a":151,"v":-135,"dh":0.89,"pl":0,"sh":1,"c":103}},{"type":"Feature","geometry":{"type":"Polygon","coordinates":[[[10.4238,60.24875],[10.42385,60.24871],[10.42379,60.24865],[10.4239,60.24863],[10.42374,60.24863],[10.42363,60.24868],[10.4238,60.24875]]]},"properties":{"a":102,"v":88,"dh":0.86,"pl":0,"sh":1,"c":104}},{"type":"Feature","geometry":{"type":"Polygon","coordinates":[[[10.43152,60.24237],[10.43179,60.24221],[10.43155,60.24219],[10.43134,60.24225],[10.43141,60.24234],[10.43121,60.24231],[10.43125,60.24235],[10.43152,60.24237]]]},"properties":{"a":332,"v":-428,"dh":1.29,"pl":1,"pn":"RØNNERUDMARKA","pd":"2005-02-10","c":81}},{"type":"Feature","geometry":{"type":"Polygon","coordinates":[[[10.43158,60.2425],[10.43165,60.24244],[10.43136,60.2424],[10.43143,60.24246],[10.43158,60.2425]]]},"properties":{"a":100,"v":92,"dh":0.92,"pl":1,"pn":"RØNNERUDMARKA","pd":"2005-02-10","sh":1,"c":81}},{"type":"Feature","geometry":{"type":"Polygon","coordinates":[[[10.43203,60.24255],[10.4322,60.24254],[10.43208,60.24241],[10.43197,60.2424],[10.43198,60.24248],[10.43205,60.24249],[10.43203,60.24255]]]},"properties":{"a":118,"v":135,"dh":1.14,"pl":1,"pn":"RØNNERUDMARKA","pd":"2005-02-10","c":81}},{"type":"Feature","geometry":{"type":"Polygon","coordinates":[[[10.43213,60.24271],[10.43238,60.24269],[10.4322,60.24265],[10.43229,60.24261],[10.43229,60.24255],[10.43213,60.24262],[10.43218,60.24266],[10.43213,60.24271]]]},"properties":{"a":120,"v":-126,"dh":1.05,"pl":1,"pn":"RØNNERUDMARKA","pd":"2005-02-10","c":81}},{"type":"Feature","geometry":{"type":"Polygon","coordinates":[[[10.42537,60.24294],[10.4254,60.2429],[10.42531,60.24289],[10.42524,60.24281],[10.42506,60.24282],[10.42537,60.24294]]]},"properties":{"a":115,"v":93,"dh":0.81,"pl":0,"sh":1,"c":105}},{"type":"Feature","geometry":{"type":"Polygon","coordinates":[[[10.43205,60.24293],[10.43241,60.24289],[10.43245,60.24285],[10.43206,60.24282],[10.43205,60.24293]]]},"properties":{"a":195,"v":275,"dh":1.41,"pl":1,"pn":"RØNNERUDMARKA","pd":"2005-02-10","c":81}},{"type":"Feature","geometry":{"type":"Polygon","coordinates":[[[10.43368,60.2438],[10.43395,60.24375],[10.43396,60.2437],[10.43371,60.24363],[10.43353,60.24377],[10.43368,60.2438]]]},"properties":{"a":267,"v":-347,"dh":1.3,"pl":0,"c":106}},{"type":"Feature","geometry":{"type":"Polygon","coordinates":[[[10.43358,60.24596],[10.43354,60.24591],[10.43366,60.24593],[10.43361,60.24583],[10.43348,60.24586],[10.43331,60.24579],[10.43332,60.24585],[10.43345,60.24591],[10.43341,60.24595],[10.43358,60.24596]]]},"properties":{"a":172,"v":194,"dh":1.13,"pl":0,"c":107}},{"type":"Feature","geometry":{"type":"Polygon","coordinates":[[[10.4302,60.24697],[10.43011,60.24692],[10.43016,60.24684],[10.43009,60.24682],[10.43009,60.24677],[10.42989,60.24673],[10.4299,60.24665],[10.43006,60.24663],[10.43001,60.2466],[10.43004,60.24656],[10.42975,60.24651],[10.42971,60.24642],[10.42958,60.24639],[10.42959,60.2465],[10.42966,60.24653],[10.42965,60.24667],[10.4296,60.24675],[10.42944,60.24681],[10.42944,60.24686],[10.42984,60.24695],[10.4302,60.24697]]]},"properties":{"a":1279,"v":2046,"dh":1.6,"pl":0,"fo":1,"c":108}},{"type":"Feature","geometry":{"type":"MultiPolygon","coordinates":[[[[10.42606,60.25307],[10.42603,60.25308],[10.42606,60.25307],[10.42606,60.25307]]],[[[10.42585,60.2531],[10.42612,60.25315],[10.42624,60.2531],[10.42617,60.25305],[10.42606,60.25307],[10.42608,60.25312],[10.42594,60.25309],[10.42599,60.25302],[10.42583,60.25307],[10.42585,60.2531]],[[10.42585,60.25308],[10.42588,60.25309],[10.42585,60.25309],[10.42585,60.25308]]]]},"properties":{"a":137,"v":114,"dh":0.83,"pl":1,"pn":"RV 35 Olimb - Hallum","pd":"1994-12-13","sh":1,"c":0}},{"type":"Feature","geometry":{"type":"Polygon","coordinates":[[[10.37554,60.24757],[10.37578,60.24755],[10.37572,60.24743],[10.37561,60.24738],[10.37543,60.24742],[10.37554,60.24757]]]},"properties":{"a":287,"v":368,"dh":1.28,"pl":1,"pn":"Øvre Nøkleby","pd":"2004-09-21","c":109}},{"type":"Feature","geometry":{"type":"Polygon","coordinates":[[[10.3755,60.24791],[10.37552,60.24783],[10.37557,60.24781],[10.37546,60.24771],[10.37542,60.24757],[10.37529,60.24752],[10.37534,60.24746],[10.37512,60.24747],[10.37511,60.24751],[10.37516,60.24752],[10.37511,60.24759],[10.37519,60.24762],[10.37525,60.24782],[10.3755,60.24791]]]},"properties":{"a":633,"v":-872,"dh":1.38,"pl":1,"pn":"Øvre Nøkleby","pd":"2004-09-21","c":109}},{"type":"Feature","geometry":{"type":"MultiPolygon","coordinates":[[[[10.37575,60.24774],[10.37573,60.24775],[10.37575,60.24775],[10.37575,60.24774]]],[[[10.37575,60.24775],[10.37581,60.24781],[10.37568,60.24784],[10.37574,60.24798],[10.37596,60.24798],[10.3759,60.24783],[10.37586,60.24783],[10.37588,60.24775],[10.37582,60.24762],[10.37564,60.24764],[10.37569,60.24771],[10.3758,60.24772],[10.37575,60.24775]]]]},"properties":{"a":378,"v":441,"dh":1.17,"pl":1,"pn":"Øvre Nøkleby","pd":"2004-09-21","c":109}},{"type":"Feature","geometry":{"type":"MultiPolygon","coordinates":[[[[10.3683,60.24799],[10.36828,60.24788],[10.36804,60.24794],[10.36817,60.24802],[10.3683,60.24799]]],[[[10.36826,60.24801],[10.36828,60.24802],[10.36828,60.24801],[10.36826,60.24801]]],[[[10.36828,60.24802],[10.3684,60.2482],[10.36831,60.24824],[10.36831,60.24829],[10.3684,60.24834],[10.36851,60.24832],[10.36845,60.24811],[10.36834,60.24802],[10.36828,60.24802]],[[10.36839,60.24811],[10.36838,60.24812],[10.36838,60.24811],[10.36839,60.24811]]]]},"properties":{"a":358,"v":397,"dh":1.11,"pl":0,"c":110}},{"type":"Feature","geometry":{"type":"Polygon","coordinates":[[[10.3754,60.24808],[10.3756,60.24809],[10.37554,60.24798],[10.3754,60.24801],[10.3754,60.24808]]]},"properties":{"a":106,"v":-113,"dh":1.06,"pl":1,"pn":"Øvre Nøkleby","pd":"2004-09-21","c":109}},{"type":"Feature","geometry":{"type":"Polygon","coordinates":[[[10.36811,60.24826],[10.36801,60.24802],[10.3679,60.248],[10.36796,60.24817],[10.36811,60.24826]]]},"properties":{"a":135,"v":-138,"dh":1.02,"pl":0,"c":110}},{"type":"Feature","geometry":{"type":"MultiPolygon","coordinates":[[[[10.3743,60.24887],[10.37432,60.24886],[10.3743,60.24886],[10.3743,60.24887]]],[[[10.37428,60.24886],[10.3745,60.24886],[10.37452,60.24893],[10.37445,60.24914],[10.37462,60.24915],[10.37459,60.24882],[10.37431,60.24875],[10.37426,60.24879],[10.37428,60.24886]]]]},"properties":{"a":346,"v":391,"dh":1.13,"pl":1,"pn":"Frydenlund nord","pd":"1999-12-14","c":111}},{"type":"Feature","geometry":{"type":"Polygon","coordinates":[[[10.37589,60.24925],[10.37587,60.24922],[10.37594,60.2492],[10.37616,60.24923],[10.37637,60.24917],[10.3764,60.24909],[10.37633,60.24901],[10.37641,60.24889],[10.37657,60.2488],[10.37675,60.24874],[10.37698,60.24873],[10.37708,60.24882],[10.3771,60.2488],[10.377,60.24872],[10.37702,60.24864],[10.37673,60.24867],[10.37655,60.24873],[10.37607,60.24897],[10.37588,60.2492],[10.37574,60.24922],[10.37589,60.24925]]]},"properties":{"a":1093,"v":1810,"dh":1.66,"pl":0,"c":112}},{"type":"Feature","geometry":{"type":"Polygon","coordinates":[[[10.37422,60.24912],[10.37436,60.24909],[10.37431,60.24908],[10.3743,60.24893],[10.37421,60.24894],[10.37422,60.24912]]]},"properties":{"a":105,"v":-116,"dh":1.1,"pl":1,"pn":"Frydenlund nord","pd":"1999-12-14","c":111}},{"type":"Feature","geometry":{"type":"Polygon","coordinates":[[[10.37628,60.24954],[10.37629,60.2495],[10.37617,60.2495],[10.37625,60.24942],[10.3762,60.24937],[10.37586,60.24941],[10.37591,60.2495],[10.37628,60.24954]]]},"properties":{"a":271,"v":-499,"dh":1.84,"pl":0,"c":112}},{"type":"Feature","geometry":{"type":"Polygon","coordinates":[[[10.38755,60.25077],[10.38762,60.25068],[10.38749,60.25063],[10.38749,60.25055],[10.38734,60.25054],[10.38733,60.2506],[10.38742,60.25076],[10.38755,60.25077]]]},"properties":{"a":243,"v":238,"dh":0.98,"pl":0,"sh":1,"c":113}},{"type":"Feature","geometry":{"type":"Polygon","coordinates":[[[10.38337,60.25744],[10.38342,60.25741],[10.38342,60.25732],[10.38334,60.25729],[10.38341,60.25724],[10.38323,60.25719],[10.38309,60.25724],[10.38311,60.25732],[10.38326,60.25734],[10.38313,60.25737],[10.38311,60.25743],[10.38337,60.25744]]]},"properties":{"a":379,"v":478,"dh":1.26,"pl":0,"c":114}},{"type":"Feature","geometry":{"type":"Polygon","coordinates":[[[10.38253,60.25811],[10.38265,60.25795],[10.38266,60.25784],[10.38259,60.2578],[10.38248,60.25783],[10.38245,60.25791],[10.38249,60.25797],[10.38243,60.258],[10.38253,60.25811]]]},"properties":{"a":267,"v":330,"dh":1.24,"pl":0,"c":115}},{"type":"Feature","geometry":{"type":"MultiPolygon","coordinates":[[[[10.37411,60.25484],[10.37424,60.25472],[10.37423,60.25463],[10.37378,60.25467],[10.37388,60.25488],[10.37411,60.25484]]],[[[10.37405,60.25504],[10.37426,60.25492],[10.37424,60.25488],[10.37404,60.25487],[10.37405,60.25504]]]]},"properties":{"a":663,"v":858,"dh":1.29,"pl":0,"c":116}},{"type":"Feature","geometry":{"type":"Polygon","coordinates":[[[10.38029,60.25896],[10.38054,60.25895],[10.38048,60.25889],[10.38025,60.2589],[10.38029,60.25896]]]},"properties":{"a":118,"v":111,"dh":0.94,"pl":0,"sh":1,"c":117}},{"type":"Feature","geometry":{"type":"Polygon","coordinates":[[[10.38125,60.25962],[10.38143,60.25943],[10.38141,60.25937],[10.38157,60.25901],[10.38155,60.25892],[10.38116,60.25899],[10.3811,60.25905],[10.38115,60.25918],[10.381,60.25924],[10.38097,60.2594],[10.38125,60.25962]]]},"properties":{"a":1499,"v":3098,"dh":2.07,"pl":0,"c":117}},{"type":"Feature","geometry":{"type":"Polygon","coordinates":[[[10.38087,60.25943],[10.38088,60.25926],[10.38093,60.25916],[10.38088,60.25918],[10.38079,60.25934],[10.38079,60.25942],[10.38087,60.25943]]]},"properties":{"a":100,"v":121,"dh":1.21,"pl":0,"c":117}},{"type":"Feature","geometry":{"type":"Polygon","coordinates":[[[10.42576,60.25408],[10.4258,60.25402],[10.42576,60.25399],[10.42543,60.25398],[10.42555,60.25407],[10.42576,60.25408]]]},"properties":{"a":161,"v":-180,"dh":1.12,"pl":1,"pn":"RV 35 Olimb - Hallum","pd":"1994-12-13","c":0}},{"type":"Feature","geometry":{"type":"Polygon","coordinates":[[[10.43284,60.25484],[10.43309,60.25481],[10.43309,60.25479],[10.43293,60.25475],[10.43298,60.25471],[10.43285,60.25466],[10.43278,60.25474],[10.43286,60.25473],[10.4328,60.25478],[10.43286,60.25478],[10.43284,60.25484]],[[10.43288,60.25482],[10.43295,60.25481],[10.43295,60.25481],[10.43288,60.25482]]]},"properties":{"a":151,"v":123,"dh":0.82,"pl":1,"pn":"RV 35 Olimb - Hallum","pd":"1994-12-13","sh":1,"c":0}},{"type":"Feature","geometry":{"type":"Polygon","coordinates":[[[10.43421,60.25481],[10.43409,60.25481],[10.43414,60.25483],[10.43411,60.25487],[10.43398,60.25485],[10.43402,60.25488],[10.43398,60.25489],[10.434,60.25497],[10.43429,60.25488],[10.43429,60.25484],[10.43421,60.25481]],[[10.43422,60.25482],[10.4342,60.25483],[10.4342,60.25482],[10.43422,60.25482]]]},"properties":{"a":151,"v":128,"dh":0.85,"pl":0,"sh":1,"c":118}},{"type":"Feature","geometry":{"type":"Polygon","coordinates":[[[10.43406,60.25864],[10.43427,60.25861],[10.43429,60.25854],[10.43384,60.25852],[10.43406,60.25864]]]},"properties":{"a":236,"v":200,"dh":0.85,"pl":1,"pn":"JEVNAKER KIRKE OG KIRKEGÅRD","pd":"2013-10-10","sh":1,"c":119}},{"type":"Feature","geometry":{"type":"Polygon","coordinates":[[[10.43291,60.25964],[10.43296,60.25876],[10.4329,60.25783],[10.43283,60.25782],[10.43287,60.25846],[10.43283,60.25873],[10.43284,60.25927],[10.43285,60.2596],[10.43291,60.25964]]]},"properties":{"a":1011,"v":1138,"dh":1.13,"pl":0,"c":120}},{"type":"Feature","geometry":{"type":"Polygon","coordinates":[[[10.43414,60.25882],[10.43419,60.25875],[10.43384,60.25863],[10.43386,60.2587],[10.43381,60.25872],[10.43381,60.25879],[10.43401,60.25877],[10.43414,60.25882]]]},"properties":{"a":230,"v":-204,"dh":0.89,"pl":1,"pn":"JEVNAKER KIRKE OG KIRKEGÅRD","pd":"2013-10-10","sh":1,"c":119}},{"type":"Feature","geometry":{"type":"MultiPolygon","coordinates":[[[[10.43333,60.25895],[10.43336,60.25885],[10.43325,60.2588],[10.43322,60.25895],[10.43333,60.25895]]],[[[10.43331,60.25897],[10.43329,60.25898],[10.43331,60.25898],[10.43331,60.25897]]],[[[10.43328,60.25899],[10.43329,60.25898],[10.43328,60.25898],[10.43328,60.25899]]]]},"properties":{"a":108,"v":-82,"dh":0.76,"pl":1,"pn":"JEVNAKER KIRKE OG KIRKEGÅRD","pd":"2013-10-10","sh":1,"c":119}},{"type":"Feature","geometry":{"type":"Polygon","coordinates":[[[10.42952,60.26028],[10.42977,60.26024],[10.42977,60.2602],[10.4295,60.2602],[10.42952,60.26028]]]},"properties":{"a":110,"v":-102,"dh":0.93,"pl":0,"sh":1,"c":121}},{"type":"Feature","geometry":{"type":"MultiPolygon","coordinates":[[[[10.43163,60.26136],[10.43175,60.26133],[10.43175,60.2613],[10.43163,60.26136]]],[[[10.43163,60.26136],[10.43131,60.2615],[10.43115,60.26163],[10.4313,60.26161],[10.43163,60.26136]]]]},"properties":{"a":173,"v":248,"dh":1.43,"pl":0,"c":122}},{"type":"Feature","geometry":{"type":"Polygon","coordinates":[[[10.42826,60.26285],[10.42831,60.26279],[10.42844,60.26277],[10.42847,60.2627],[10.42834,60.2627],[10.42815,60.26282],[10.42826,60.26285]]]},"properties":{"a":124,"v":150,"dh":1.21,"pl":0,"sl":1,"c":123}},{"type":"Feature","geometry":{"type":"Polygon","coordinates":[[[10.42419,60.25331],[10.42444,60.2532],[10.42444,60.25317],[10.42438,60.25314],[10.42408,60.25326],[10.42419,60.25331]]]},"properties":{"a":137,"v":131,"dh":0.96,"pl":1,"pn":"RV 35 Olimb - Hallum","pd":"1994-12-13","sh":1,"c":0}},{"type":"Feature","geometry":{"type":"Polygon","coordinates":[[[10.42501,60.26381],[10.4255,60.26349],[10.42552,60.26344],[10.42527,60.26345],[10.42493,60.26366],[10.42486,60.26377],[10.42501,60.26381]]]},"properties":{"a":619,"v":-1211,"dh":1.96,"pl":0,"c":124}},{"type":"Feature","geometry":{"type":"Polygon","coordinates":[[[10.42511,60.26525],[10.42516,60.26512],[10.42538,60.26489],[10.4254,60.26482],[10.42527,60.26481],[10.42527,60.26487],[10.42513,60.26495],[10.42519,60.26499],[10.42509,60.26513],[10.42506,60.26525],[10.42511,60.26525]]]},"properties":{"a":261,"v":257,"dh":0.98,"pl":2,"pn":"Vangsåsen","pd":"2026-06-17","sh":1,"c":125}},{"type":"Feature","geometry":{"type":"Polygon","coordinates":[[[10.42504,60.26615],[10.42511,60.26607],[10.42505,60.26605],[10.42509,60.26595],[10.42485,60.26601],[10.42478,60.2661],[10.42504,60.26615]]]},"properties":{"a":261,"v":317,"dh":1.21,"pl":2,"pn":"Vangsåsen","pd":"2026-06-17","fo":1,"c":127}},{"type":"Feature","geometry":{"type":"Polygon","coordinates":[[[10.42516,60.26635],[10.42519,60.26625],[10.42544,60.26616],[10.42543,60.26603],[10.42528,60.26586],[10.42535,60.26611],[10.42517,60.26622],[10.42512,60.26632],[10.42516,60.26635]]]},"properties":{"a":234,"v":-287,"dh":1.22,"pl":0,"fo":1,"c":126}},{"type":"Feature","geometry":{"type":"Polygon","coordinates":[[[10.42732,60.26329],[10.42752,60.2629],[10.42764,60.26279],[10.42746,60.26288],[10.42737,60.26312],[10.42728,60.26318],[10.42728,60.26329],[10.42732,60.26329]]]},"properties":{"a":198,"v":-214,"dh":1.08,"pl":2,"pn":"Vangsåsen","pd":"2026-06-17","fo":1,"c":127}},{"type":"Feature","geometry":{"type":"Polygon","coordinates":[[[10.42709,60.26371],[10.42715,60.26357],[10.42716,60.26337],[10.42721,60.26334],[10.42721,60.26318],[10.42729,60.26298],[10.42723,60.26298],[10.4272,60.26304],[10.42711,60.26307],[10.427,60.26332],[10.427,60.26342],[10.42695,60.26342],[10.42695,60.26355],[10.42704,60.26355],[10.42703,60.26366],[10.42709,60.26371]],[[10.42709,60.2634],[10.42703,60.26338],[10.42709,60.26337],[10.42709,60.2634]]]},"properties":{"a":654,"v":720,"dh":1.1,"pl":2,"pn":"Vangsåsen","pd":"2026-06-17","fo":1,"c":127}},{"type":"Feature","geometry":{"type":"Polygon","coordinates":[[[10.42573,60.26375],[10.4258,60.26369],[10.42585,60.26362],[10.42576,60.26359],[10.42562,60.26373],[10.42573,60.26375]]]},"properties":{"a":104,"v":164,"dh":1.58,"pl":0,"c":124}},{"type":"Feature","geometry":{"type":"MultiPolygon","coordinates":[[[[10.42594,60.26445],[10.4261,60.26438],[10.42606,60.26435],[10.42628,60.26421],[10.42686,60.26392],[10.42707,60.26374],[10.42694,60.26376],[10.42695,60.26382],[10.42688,60.26387],[10.42633,60.26412],[10.42627,60.2642],[10.42587,60.26439],[10.42603,60.26438],[10.42594,60.26445]]],[[[10.42593,60.26447],[10.42592,60.26445],[10.42589,60.26447],[10.42593,60.26447]]],[[[10.42589,60.26449],[10.42571,60.26447],[10.42577,60.26454],[10.42564,60.26452],[10.42555,60.26462],[10.42561,60.26465],[10.42547,60.26473],[10.42543,60.2648],[10.42579,60.26458],[10.42589,60.26449]],[[10.42566,60.26459],[10.42564,60.2646],[10.42564,60.26459],[10.42566,60.26459]]]]},"properties":{"a":646,"v":622,"dh":0.96,"pl":2,"pn":"Vangsåsen","pd":"2026-06-17","fo":1,"c":127}},{"type":"Feature","geometry":{"type":"Polygon","coordinates":[[[10.42523,60.26547],[10.42523,60.26516],[10.42542,60.26493],[10.426,60.2645],[10.42674,60.26407],[10.42589,60.26451],[10.4253,60.26498],[10.42516,60.26523],[10.42517,60.26543],[10.42523,60.26547]]]},"properties":{"a":535,"v":-585,"dh":1.09,"pl":2,"pn":"Vangsåsen","pd":"2026-06-17","fo":1,"c":127}},{"type":"Feature","geometry":{"type":"Polygon","coordinates":[[[10.44322,60.25319],[10.44282,60.25331],[10.44272,60.25336],[10.44272,60.25341],[10.44279,60.25344],[10.44303,60.25339],[10.44322,60.25325],[10.44342,60.25326],[10.44322,60.25319]],[[10.44322,60.25321],[10.44318,60.25322],[10.44318,60.25321],[10.44322,60.25321]]]},"properties":{"a":360,"v":479,"dh":1.33,"pl":1,"pn":"Røisli","pd":"2004-05-25","fo":1,"c":128}},{"type":"Feature","geometry":{"type":"Polygon","coordinates":[[[10.44669,60.25342],[10.44684,60.25338],[10.44682,60.25332],[10.44674,60.25327],[10.4466,60.25329],[10.44669,60.25342]]]},"properties":{"a":145,"v":189,"dh":1.3,"pl":0,"c":129}},{"type":"Feature","geometry":{"type":"Polygon","coordinates":[[[10.44094,60.25362],[10.44103,60.25356],[10.44139,60.25358],[10.44139,60.25354],[10.44153,60.2535],[10.44113,60.2535],[10.44087,60.25359],[10.44094,60.25362]]]},"properties":{"a":239,"v":-328,"dh":1.37,"pl":1,"pn":"Røisli","pd":"2004-05-25","fo":1,"c":128}},{"type":"Feature","geometry":{"type":"MultiPolygon","coordinates":[[[[10.45627,60.25334],[10.45636,60.25338],[10.45654,60.25337],[10.45627,60.25334]]],[[[10.45631,60.25338],[10.45594,60.25318],[10.45572,60.25312],[10.45572,60.25322],[10.45605,60.25335],[10.45609,60.25341],[10.45688,60.25368],[10.4568,60.25361],[10.4566,60.25358],[10.45655,60.25351],[10.45631,60.25345],[10.45631,60.25338]]]]},"properties":{"a":611,"v":712,"dh":1.17,"pl":2,"pn":"E16 Eggemoen - Olum","pd":"2024-06-11","fo":1,"c":0}},{"type":"Feature","geometry":{"type":"Polygon","coordinates":[[[10.45691,60.25361],[10.45696,60.25356],[10.4572,60.25357],[10.457,60.25351],[10.45689,60.25351],[10.45682,60.25357],[10.45691,60.25361]]]},"properties":{"a":107,"v":86,"dh":0.8,"pl":2,"pn":"E16 Eggemoen - Olum","pd":"2024-06-11","sh":1,"c":0}},{"type":"Feature","geometry":{"type":"Polygon","coordinates":[[[10.44093,60.25389],[10.44094,60.25371],[10.44117,60.25359],[10.44105,60.25358],[10.44092,60.25366],[10.44076,60.25363],[10.44073,60.25383],[10.44085,60.25373],[10.4408,60.25381],[10.44086,60.25388],[10.44093,60.25389]]]},"properties":{"a":322,"v":417,"dh":1.29,"pl":1,"pn":"Røisli","pd":"2004-05-25","fo":1,"c":128}},{"type":"Feature","geometry":{"type":"Polygon","coordinates":[[[10.44594,60.25394],[10.44592,60.25383],[10.44597,60.25378],[10.4459,60.25374],[10.44568,60.25371],[10.44552,60.25378],[10.44577,60.2538],[10.44587,60.25393],[10.44594,60.25394]],[[10.44564,60.25374],[10.44566,60.25373],[10.44566,60.25374],[10.44564,60.25374]]]},"properties":{"a":264,"v":-286,"dh":1.08,"pl":0,"fo":1,"c":130}},{"type":"Feature","geometry":{"type":"Polygon","coordinates":[[[10.44101,60.254],[10.44139,60.25394],[10.44142,60.25388],[10.44156,60.25381],[10.44099,60.25393],[10.44101,60.254]]]},"properties":{"a":235,"v":397,"dh":1.69,"pl":1,"pn":"Røisli","pd":"2004-05-25","fo":1,"c":128}},{"type":"Feature","geometry":{"type":"Polygon","coordinates":[[[10.45695,60.25442],[10.45604,60.25401],[10.45603,60.25404],[10.45625,60.25419],[10.45695,60.25442]]]},"properties":{"a":300,"v":319,"dh":1.06,"pl":2,"pn":"E16 Eggemoen - Olum","pd":"2024-06-11","fo":1,"c":0}},{"type":"Feature","geometry":{"type":"MultiPolygon","coordinates":[[[[10.4512,60.25561],[10.45136,60.25564],[10.45133,60.25562],[10.45136,60.25559],[10.45099,60.25546],[10.45098,60.25543],[10.45103,60.25539],[10.45093,60.25532],[10.45031,60.25514],[10.4501,60.25514],[10.45012,60.25522],[10.45003,60.25529],[10.44965,60.25532],[10.44957,60.25542],[10.44973,60.25554],[10.44975,60.25561],[10.45029,60.25587],[10.45029,60.25593],[10.45042,60.25603],[10.45053,60.25605],[10.45055,60.25612],[10.45091,60.25607],[10.45118,60.25597],[10.45075,60.25608],[10.45059,60.25607],[10.45091,60.25598],[10.45098,60.25594],[10.45098,60.25589],[10.45103,60.25588],[10.45103,60.25583],[10.45116,60.25584],[10.45117,60.25579],[10.45128,60.25577],[10.45119,60.25569],[10.45131,60.25566],[10.4512,60.25561]],[[10.45117,60.25568],[10.45121,60.25576],[10.45108,60.2557],[10.45117,60.25568]],[[10.45124,60.25567],[10.45122,60.25566],[10.45124,60.25566],[10.45124,60.25567]],[[10.45127,60.25561],[10.45129,60.2556],[10.45129,60.25561],[10.45127,60.25561]],[[10.45114,60.25578],[10.45115,60.25578],[10.45114,60.25578],[10.45114,60.25578]],[[10.45112,60.25575],[10.45113,60.25576],[10.45112,60.25576],[10.45112,60.25575]],[[10.45118,60.25563],[10.45113,60.25559],[10.45118,60.2556],[10.45118,60.25563]]],[[[10.45108,60.25586],[10.45107,60.25587],[10.45109,60.25587],[10.45108,60.25586]]],[[[10.45127,60.25596],[10.45141,60.25592],[10.45118,60.25596],[10.45127,60.25596]]]]},"properties":{"a":5854,"v":7340,"dh":1.25,"pl":0,"c":131}},{"type":"Feature","geometry":{"type":"Polygon","coordinates":[[[10.46504,60.25475],[10.46482,60.25466],[10.46372,60.25432],[10.46344,60.25417],[10.46354,60.25428],[10.46376,60.25438],[10.46504,60.25475]]]},"properties":{"a":329,"v":-350,"dh":1.06,"pl":0,"fo":1,"c":90}},{"type":"Feature","geometry":{"type":"MultiPolygon","coordinates":[[[[10.45763,60.25394],[10.45754,60.25384],[10.45736,60.25385],[10.45747,60.25396],[10.4572,60.2539],[10.45701,60.25379],[10.45628,60.25355],[10.45615,60.25344],[10.45546,60.25316],[10.45477,60.25301],[10.45456,60.25307],[10.45428,60.25296],[10.45436,60.25308],[10.45425,60.25307],[10.45455,60.25321],[10.45463,60.25315],[10.45502,60.25332],[10.45508,60.25338],[10.45522,60.25341],[10.45524,60.25349],[10.4557,60.25369],[10.45632,60.25406],[10.45824,60.25473],[10.45834,60.25481],[10.45835,60.25501],[10.4589,60.25524],[10.45861,60.25519],[10.45865,60.25523],[10.45894,60.25531],[10.45901,60.25525],[10.45897,60.25512],[10.45902,60.25513],[10.46005,60.25549],[10.46035,60.25567],[10.46071,60.25577],[10.46075,60.25584],[10.4611,60.25588],[10.46144,60.25586],[10.46179,60.25593],[10.46231,60.2559],[10.46282,60.25598],[10.46327,60.25594],[10.46423,60.25601],[10.46467,60.2561],[10.46483,60.25604],[10.46535,60.25612],[10.46561,60.25611],[10.46552,60.25608],[10.46553,60.25603],[10.46513,60.25596],[10.46449,60.25575],[10.46292,60.25548],[10.46261,60.25547],[10.46232,60.25536],[10.46055,60.255],[10.45987,60.25473],[10.46016,60.25473],[10.46014,60.25471],[10.45932,60.2545],[10.45923,60.25449],[10.45928,60.25455],[10.45919,60.25454],[10.45908,60.25449],[10.45919,60.25448],[10.45908,60.25438],[10.45893,60.25433],[10.45886,60.25433],[10.45886,60.25439],[10.45903,60.25448],[10.45886,60.25445],[10.45876,60.25457],[10.45864,60.25462],[10.45862,60.25469],[10.45853,60.25462],[10.45844,60.25463],[10.45845,60.25455],[10.45839,60.25439],[10.45832,60.25432],[10.45831,60.25422],[10.45813,60.25416],[10.458,60.25405],[10.45791,60.25408],[10.45785,60.254],[10.45763,60.25394]],[[10.45987,60.25472],[10.45982,60.2547],[10.45987,60.25471],[10.45987,60.25472]],[[10.46105,60.25561],[10.46045,60.25555],[10.46036,60.2555],[10.46041,60.25546],[10.46081,60.25549],[10.46107,60.25558],[10.46105,60.25561]],[[10.45956,60.25461],[10.45952,60.25462],[10.45952,60.25461],[10.45956,60.25461]],[[10.45945,60.25459],[10.45932,60.25456],[10.4593,60.25455],[10.45941,60.25455],[10.45945,60.25459]]],[[[10.45765,60.25389],[10.45763,60.2539],[10.45765,60.2539],[10.45765,60.25389]]]]},"properties":{"a":34475,"v":137485,"dh":3.99,"pl":2,"pn":"E16 Eggemoen - Olum","pd":"2024-06-11","c":0}},{"type":"Feature","geometry":{"type":"Polygon","coordinates":[[[10.45846,60.25513],[10.45831,60.25506],[10.45831,60.25498],[10.45818,60.25485],[10.45822,60.25493],[10.45815,60.25503],[10.45822,60.25505],[10.45813,60.25507],[10.45846,60.25513]]]},"properties":{"a":171,"v":165,"dh":0.96,"pl":2,"pn":"E16 Eggemoen - Olum","pd":"2024-06-11","sh":1,"c":0}},{"type":"Feature","geometry":{"type":"Polygon","coordinates":[[[10.46523,60.25497],[10.46538,60.25496],[10.46524,60.25488],[10.46497,60.25483],[10.46523,60.25497]]]},"properties":{"a":116,"v":106,"dh":0.92,"pl":0,"sh":1,"c":132}},{"type":"Feature","geometry":{"type":"Polygon","coordinates":[[[10.47631,60.25493],[10.47641,60.25487],[10.47657,60.25484],[10.47605,60.25483],[10.47609,60.25488],[10.47616,60.25484],[10.47618,60.2549],[10.47631,60.25493]]]},"properties":{"a":200,"v":206,"dh":1.03,"pl":0,"fo":1,"c":133}},{"type":"Feature","geometry":{"type":"Polygon","coordinates":[[[10.46719,60.25549],[10.46691,60.25534],[10.46532,60.25486],[10.46554,60.25497],[10.46691,60.25537],[10.46719,60.25549]]]},"properties":{"a":412,"v":-452,"dh":1.1,"pl":0,"fo":1,"c":90}},{"type":"Feature","geometry":{"type":"MultiPolygon","coordinates":[[[[10.46051,60.25491],[10.46049,60.25489],[10.46044,60.25488],[10.46051,60.25491]]],[[[10.46051,60.25491],[10.46101,60.25507],[10.46232,60.25534],[10.4627,60.25546],[10.46345,60.25555],[10.46361,60.25547],[10.46351,60.25539],[10.46355,60.25538],[10.46406,60.25552],[10.46436,60.25573],[10.46472,60.25567],[10.46448,60.25566],[10.46456,60.25563],[10.46391,60.25539],[10.46347,60.25531],[10.46345,60.25525],[10.46314,60.25517],[10.46291,60.25516],[10.46214,60.25499],[10.46182,60.25498],[10.46183,60.25492],[10.46176,60.2549],[10.46162,60.25493],[10.4605,60.25475],[10.461,60.25492],[10.4624,60.2551],[10.46326,60.25526],[10.4635,60.25537],[10.46322,60.25536],[10.46302,60.25529],[10.46288,60.25535],[10.46277,60.2553],[10.46293,60.25529],[10.46239,60.25519],[10.46227,60.25513],[10.46175,60.25511],[10.46098,60.25494],[10.46068,60.25494],[10.46058,60.25491],[10.46051,60.25491]],[[10.4622,60.25519],[10.46226,60.25521],[10.46219,60.25521],[10.4622,60.25519]],[[10.4622,60.25518],[10.4621,60.25519],[10.46195,60.25515],[10.4622,60.25518]],[[10.4622,60.25518],[10.46224,60.25517],[10.46224,60.25518],[10.4622,60.25518]]]]},"properties":{"a":4445,"v":-6906,"dh":1.55,"pl":2,"pn":"E16 Eggemoen - Olum","pd":"2024-06-11","c":0}},{"type":"Feature","geometry":{"type":"Polygon","coordinates":[[[10.46706,60.25552],[10.46691,60.2554],[10.46675,60.25539],[10.46695,60.25551],[10.46706,60.25552]]]},"properties":{"a":100,"v":93,"dh":0.93,"pl":0,"sh":1,"c":134}},{"type":"Feature","geometry":{"type":"Polygon","coordinates":[[[10.46531,60.25586],[10.46576,60.25588],[10.46558,60.25581],[10.46529,60.25581],[10.46531,60.25586]]]},"properties":{"a":184,"v":172,"dh":0.94,"pl":2,"pn":"E16 Eggemoen - Olum","pd":"2024-06-11","sh":1,"c":0}},{"type":"Feature","geometry":{"type":"MultiPolygon","coordinates":[[[[10.46784,60.25587],[10.46769,60.25578],[10.46747,60.25573],[10.46786,60.25593],[10.46784,60.25587]]],[[[10.46788,60.25594],[10.46825,60.25613],[10.46843,60.25613],[10.46804,60.25595],[10.46788,60.25594]]]]},"properties":{"a":292,"v":258,"dh":0.88,"pl":0,"sh":1,"c":134}},{"type":"Feature","geometry":{"type":"Polygon","coordinates":[[[10.46669,60.25614],[10.46658,60.25603],[10.466,60.25594],[10.4658,60.25597],[10.46582,60.25602],[10.46669,60.25614]]]},"properties":{"a":472,"v":539,"dh":1.14,"pl":2,"pn":"E16 Eggemoen - Olum","pd":"2024-06-11","fo":1,"c":0}},{"type":"Feature","geometry":{"type":"MultiPolygon","coordinates":[[[[10.46793,60.25585],[10.46781,60.25577],[10.46774,60.25576],[10.46793,60.25585]]],[[[10.46794,60.25585],[10.46793,60.25585],[10.46793,60.25586],[10.46795,60.25586],[10.46794,60.25585]]],[[[10.46795,60.25586],[10.46796,60.25587],[10.46796,60.25586],[10.46795,60.25586]]],[[[10.46796,60.25587],[10.46831,60.25604],[10.46934,60.25637],[10.46805,60.25589],[10.46796,60.25587]]]]},"properties":{"a":269,"v":-258,"dh":0.96,"pl":0,"sh":1,"c":134}},{"type":"Feature","geometry":{"type":"Polygon","coordinates":[[[10.46994,60.25652],[10.46992,60.25648],[10.46982,60.25648],[10.46985,60.25643],[10.46979,60.25641],[10.4695,60.25637],[10.46994,60.25652]],[[10.46989,60.25649],[10.46991,60.25649],[10.46991,60.25649],[10.46989,60.25649]],[[10.46978,60.25646],[10.4698,60.25645],[10.4698,60.25646],[10.46978,60.25646]]]},"properties":{"a":104,"v":82,"dh":0.79,"pl":0,"sh":1,"c":134}},{"type":"Feature","geometry":{"type":"Polygon","coordinates":[[[10.47001,60.25668],[10.46965,60.25651],[10.46898,60.25633],[10.46916,60.25641],[10.46898,60.25639],[10.46898,60.25642],[10.46916,60.25646],[10.4692,60.25646],[10.46916,60.25642],[10.46925,60.25642],[10.47001,60.25668]]]},"properties":{"a":290,"v":247,"dh":0.85,"pl":0,"sh":1,"c":134}},{"type":"Feature","geometry":{"type":"MultiPolygon","coordinates":[[[[10.46498,60.25665],[10.46496,60.25666],[10.46498,60.25666],[10.46498,60.25665]]],[[[10.465,60.25667],[10.46509,60.25672],[10.46513,60.25683],[10.46552,60.25696],[10.4657,60.25694],[10.46567,60.25679],[10.46589,60.2567],[10.46545,60.25664],[10.46545,60.25661],[10.46514,60.25655],[10.46505,60.25656],[10.46512,60.25661],[10.465,60.25667]]]]},"properties":{"a":1189,"v":1521,"dh":1.28,"pl":0,"fo":1,"c":135}},{"type":"Feature","geometry":{"type":"Polygon","coordinates":[[[10.47086,60.25677],[10.47084,60.25671],[10.47064,60.2567],[10.47064,60.25666],[10.47048,60.25669],[10.47086,60.25677]]]},"properties":{"a":115,"v":90,"dh":0.78,"pl":0,"sh":1,"c":134}},{"type":"Feature","geometry":{"type":"Polygon","coordinates":[[[10.47113,60.25688],[10.47146,60.25687],[10.47077,60.2568],[10.47113,60.25688]]]},"properties":{"a":127,"v":-121,"dh":0.95,"pl":0,"sh":1,"c":134}},{"type":"Feature","geometry":{"type":"MultiPolygon","coordinates":[[[[10.46569,60.25602],[10.46569,60.25596],[10.46498,60.25586],[10.46515,60.25594],[10.46577,60.25605],[10.46569,60.25602]]],[[[10.46577,60.25605],[10.46602,60.25615],[10.46586,60.25619],[10.4651,60.25611],[10.46514,60.25613],[10.46505,60.25616],[10.46552,60.25626],[10.466,60.25647],[10.46624,60.25647],[10.46848,60.25692],[10.46945,60.25724],[10.47057,60.2575],[10.47104,60.25768],[10.47153,60.25768],[10.47152,60.25772],[10.47192,60.25776],[10.47226,60.25789],[10.47261,60.25795],[10.47239,60.25776],[10.47195,60.25767],[10.47198,60.25764],[10.47189,60.25763],[10.47185,60.25756],[10.47178,60.25754],[10.47178,60.25747],[10.4713,60.25735],[10.47135,60.25726],[10.47162,60.25722],[10.47196,60.25723],[10.47233,60.25729],[10.47262,60.25725],[10.47259,60.25719],[10.47239,60.25711],[10.47177,60.25699],[10.47168,60.25705],[10.47116,60.25709],[10.47091,60.25718],[10.4703,60.25686],[10.46933,60.25659],[10.46879,60.25649],[10.46871,60.25644],[10.46853,60.25645],[10.46857,60.2564],[10.46851,60.25637],[10.46855,60.25637],[10.46838,60.25638],[10.46834,60.25631],[10.46814,60.25629],[10.46816,60.25625],[10.46794,60.25626],[10.46772,60.25619],[10.46755,60.25621],[10.46731,60.25618],[10.46729,60.25627],[10.46715,60.25628],[10.46577,60.25605]],[[10.46518,60.25615],[10.46519,60.25616],[10.46518,60.25616],[10.46518,60.25615]]]]},"properties":{"a":20765,"v":-97615,"dh":4.7,"pl":2,"pn":"E16 Eggemoen - Olum","pd":"2024-06-11","c":0}},{"type":"Feature","geometry":{"type":"Polygon","coordinates":[[[10.47256,60.25714],[10.47246,60.25708],[10.47252,60.25703],[10.47237,60.25699],[10.47193,60.25689],[10.47157,60.25689],[10.47256,60.25714]]]},"properties":{"a":399,"v":-490,"dh":1.23,"pl":2,"pn":"E16 Eggemoen - Olum","pd":"2024-06-11","c":0}},{"type":"Feature","geometry":{"type":"MultiPolygon","coordinates":[[[[10.4754,60.25717],[10.47508,60.257],[10.47504,60.25701],[10.47505,60.25707],[10.4752,60.25717],[10.4754,60.25717]]],[[[10.47541,60.25718],[10.47545,60.25722],[10.47552,60.25722],[10.47547,60.25718],[10.47541,60.25718]]]]},"properties":{"a":190,"v":267,"dh":1.4,"pl":0,"c":136}},{"type":"Feature","geometry":{"type":"Polygon","coordinates":[[[10.44821,60.25661],[10.44821,60.25655],[10.44831,60.25647],[10.4483,60.25634],[10.44771,60.25628],[10.44773,60.25633],[10.44787,60.2564],[10.44795,60.25654],[10.44815,60.25654],[10.44821,60.25661]]]},"properties":{"a":610,"v":-910,"dh":1.49,"pl":0,"c":137}},{"type":"Feature","geometry":{"type":"Polygon","coordinates":[[[10.44755,60.25685],[10.44762,60.2568],[10.44751,60.25676],[10.44768,60.25681],[10.44789,60.25681],[10.44834,60.25675],[10.44785,60.25659],[10.44771,60.25669],[10.4474,60.25669],[10.44755,60.25675],[10.44716,60.25667],[10.44702,60.25673],[10.44755,60.25685]]]},"properties":{"a":899,"v":1325,"dh":1.47,"pl":0,"c":137}},{"type":"Feature","geometry":{"type":"Polygon","coordinates":[[[10.4538,60.25752],[10.45394,60.25753],[10.4539,60.25738],[10.4537,60.25731],[10.45348,60.25735],[10.45352,60.2574],[10.45385,60.25743],[10.45356,60.25748],[10.45356,60.25754],[10.45387,60.2575],[10.4538,60.25752]]]},"properties":{"a":355,"v":395,"dh":1.11,"pl":0,"c":138}},{"type":"Feature","geometry":{"type":"Polygon","coordinates":[[[10.45017,60.25764],[10.45034,60.25752],[10.45032,60.25743],[10.45023,60.25746],[10.45024,60.25755],[10.45017,60.25759],[10.45017,60.25764]]]},"properties":{"a":102,"v":99,"dh":0.97,"pl":1,"pn":"RV 35 Olimb - Hallum","pd":"1994-12-13","sh":1,"c":0}},{"type":"Feature","geometry":{"type":"MultiPolygon","coordinates":[[[[10.43575,60.25777],[10.43574,60.25778],[10.43575,60.25777],[10.43575,60.25777]]],[[[10.43577,60.25779],[10.43578,60.25786],[10.43605,60.25799],[10.43604,60.25801],[10.43617,60.25809],[10.43649,60.25815],[10.43664,60.25813],[10.43634,60.25798],[10.43577,60.25779]]]]},"properties":{"a":626,"v":571,"dh":0.91,"pl":1,"pn":"JEVNAKER KIRKE OG KIRKEGÅRD","pd":"2013-10-10","c":139}},{"type":"Feature","geometry":{"type":"Polygon","coordinates":[[[10.43554,60.25817],[10.43526,60.25802],[10.4351,60.258],[10.43515,60.25805],[10.43554,60.25817]]]},"properties":{"a":118,"v":-106,"dh":0.9,"pl":1,"pn":"JEVNAKER KIRKE OG KIRKEGÅRD","pd":"2013-10-10","sh":1,"c":139}},{"type":"Feature","geometry":{"type":"Polygon","coordinates":[[[10.43602,60.25842],[10.43625,60.25845],[10.43625,60.25842],[10.43603,60.25832],[10.43591,60.25835],[10.43602,60.25842]],[[10.43602,60.25838],[10.43605,60.25837],[10.43605,60.25838],[10.43602,60.25838]]]},"properties":{"a":138,"v":131,"dh":0.95,"pl":1,"pn":"JEVNAKER KIRKE OG KIRKEGÅRD","pd":"2013-10-10","sh":1,"c":139}},{"type":"Feature","geometry":{"type":"MultiPolygon","coordinates":[[[[10.43628,60.25824],[10.43626,60.25825],[10.43628,60.25825],[10.43628,60.25824]]],[[[10.4363,60.25826],[10.43639,60.25835],[10.43682,60.25853],[10.43598,60.2585],[10.43601,60.25861],[10.43597,60.25864],[10.43632,60.25866],[10.4365,60.25861],[10.43653,60.25854],[10.43689,60.25862],[10.43718,60.2585],[10.43718,60.25845],[10.43708,60.25843],[10.43702,60.25851],[10.43689,60.25853],[10.43687,60.2585],[10.43694,60.25848],[10.43699,60.25839],[10.4363,60.25826]],[[10.43613,60.25852],[10.43615,60.25852],[10.43613,60.25853],[10.43613,60.25852]]]]},"properties":{"a":1168,"v":-1333,"dh":1.14,"pl":1,"pn":"JEVNAKER KIRKE OG KIRKEGÅRD","pd":"2013-10-10","c":139}},{"type":"Feature","geometry":{"type":"Polygon","coordinates":[[[10.4499,60.25881],[10.44991,60.25875],[10.44986,60.25874],[10.44975,60.25875],[10.44962,60.2587],[10.44959,60.25874],[10.4497,60.2588],[10.4499,60.25881]]]},"properties":{"a":105,"v":-115,"dh":1.09,"pl":0,"fo":1,"c":140}},{"type":"Feature","geometry":{"type":"Polygon","coordinates":[[[10.47192,60.25745],[10.47199,60.25735],[10.47197,60.25731],[10.47179,60.25727],[10.47148,60.2573],[10.47172,60.25743],[10.47192,60.25745]]]},"properties":{"a":349,"v":353,"dh":1.01,"pl":2,"pn":"E16 Eggemoen - Olum","pd":"2024-06-11","c":0}},{"type":"Feature","geometry":{"type":"MultiPolygon","coordinates":[[[[10.47291,60.25777],[10.47265,60.25768],[10.47285,60.25761],[10.47377,60.25756],[10.47355,60.25746],[10.47309,60.25737],[10.47307,60.25726],[10.47297,60.2572],[10.47297,60.25705],[10.4728,60.25702],[10.47272,60.25711],[10.47278,60.25728],[10.4726,60.25733],[10.47259,60.2574],[10.47241,60.25746],[10.47241,60.25752],[10.4723,60.25757],[10.47238,60.25762],[10.47206,60.25765],[10.47224,60.25771],[10.4726,60.25769],[10.47264,60.25773],[10.47258,60.25775],[10.47261,60.25784],[10.47291,60.25788],[10.47295,60.25794],[10.4731,60.25791],[10.47306,60.25784],[10.47316,60.25779],[10.47314,60.25775],[10.47291,60.25777]],[[10.47302,60.25787],[10.47306,60.25789],[10.47302,60.2579],[10.47302,60.25787]]],[[[10.47284,60.25771],[10.47282,60.2577],[10.47282,60.25771],[10.47284,60.25771]]]]},"properties":{"a":2908,"v":4885,"dh":1.68,"pl":2,"pn":"E16 Eggemoen - Olum","pd":"2024-06-11","c":0}},{"type":"Feature","geometry":{"type":"Polygon","coordinates":[[[10.46769,60.25821],[10.46929,60.25803],[10.46995,60.25789],[10.47033,60.25791],[10.4704,60.25783],[10.47098,60.25777],[10.47105,60.25772],[10.47063,60.25762],[10.47066,60.25759],[10.47061,60.25759],[10.47055,60.25751],[10.47015,60.25749],[10.46978,60.25735],[10.46936,60.2573],[10.46891,60.25714],[10.46865,60.25714],[10.46869,60.25718],[10.4686,60.25719],[10.4686,60.25724],[10.4683,60.25739],[10.46816,60.25754],[10.46818,60.2579],[10.46784,60.258],[10.46786,60.25804],[10.46801,60.25805],[10.46731,60.25818],[10.46769,60.25821]],[[10.46992,60.25789],[10.46995,60.25788],[10.46995,60.25789],[10.46992,60.25789]]]},"properties":{"a":10840,"v":35420,"dh":3.27,"pl":2,"pn":"E16 Eggemoen - Olum","pd":"2024-06-11","c":0}},{"type":"Feature","geometry":{"type":"Polygon","coordinates":[[[10.47313,60.25794],[10.47351,60.25795],[10.47357,60.25788],[10.47344,60.25779],[10.4732,60.25778],[10.47313,60.25794]]]},"properties":{"a":402,"v":-1176,"dh":2.93,"pl":2,"pn":"E16 Eggemoen - Olum","pd":"2024-06-11","c":0}},{"type":"Feature","geometry":{"type":"MultiPolygon","coordinates":[[[[10.47098,60.25795],[10.47133,60.25795],[10.47127,60.25787],[10.47132,60.25787],[10.47177,60.25804],[10.47137,60.25778],[10.471,60.25782],[10.47109,60.25783],[10.47102,60.25788],[10.47123,60.25786],[10.4712,60.25791],[10.47105,60.2579],[10.47098,60.25795]]],[[[10.47097,60.25796],[10.47099,60.25796],[10.47098,60.25796],[10.47097,60.25796]]]]},"properties":{"a":449,"v":414,"dh":0.92,"pl":2,"pn":"E16 Eggemoen - Olum","pd":"2024-06-11","sh":1,"c":0}},{"type":"Feature","geometry":{"type":"Polygon","coordinates":[[[10.47699,60.25964],[10.4768,60.25945],[10.47652,60.25933],[10.47672,60.25921],[10.47649,60.25911],[10.47649,60.25902],[10.47645,60.25901],[10.47651,60.25899],[10.47618,60.25897],[10.47614,60.25892],[10.47601,60.2589],[10.47588,60.25877],[10.47597,60.25873],[10.47591,60.25865],[10.47562,60.25851],[10.47543,60.25835],[10.47492,60.25836],[10.47456,60.2583],[10.47443,60.25823],[10.4745,60.25823],[10.4745,60.25817],[10.47444,60.25814],[10.47441,60.2582],[10.47405,60.25815],[10.47392,60.25818],[10.47346,60.25799],[10.4724,60.25798],[10.4719,60.25786],[10.47177,60.25778],[10.47154,60.25778],[10.47231,60.25815],[10.47246,60.25825],[10.47252,60.25839],[10.473,60.25865],[10.47397,60.25891],[10.47471,60.2592],[10.47535,60.25939],[10.47655,60.25961],[10.47699,60.25964]]]},"properties":{"a":20375,"v":117838,"dh":5.78,"pl":2,"pn":"E16 Eggemoen - Olum","pd":"2024-06-11","c":0}},{"type":"Feature","geometry":{"type":"Polygon","coordinates":[[[10.47971,60.259],[10.47978,60.25894],[10.47987,60.25895],[10.4799,60.25881],[10.47982,60.2588],[10.47982,60.25869],[10.47963,60.25895],[10.47963,60.25899],[10.47971,60.259]],[[10.47978,60.25893],[10.47979,60.25893],[10.47979,60.25893],[10.47978,60.25893]]]},"properties":{"a":242,"v":273,"dh":1.13,"pl":0,"c":141}},{"type":"Feature","geometry":{"type":"Polygon","coordinates":[[[10.48422,60.25965],[10.48428,60.25951],[10.48436,60.25949],[10.48428,60.2594],[10.4841,60.25949],[10.48407,60.25957],[10.48398,60.25959],[10.48411,60.25966],[10.48422,60.25965]]]},"properties":{"a":292,"v":-328,"dh":1.12,"pl":0,"c":142}},{"type":"Feature","geometry":{"type":"MultiPolygon","coordinates":[[[[10.4813,60.25951],[10.48128,60.2594],[10.48108,60.25932],[10.4808,60.25929],[10.48039,60.25932],[10.48025,60.25942],[10.48031,60.25949],[10.48082,60.25964],[10.48138,60.25971],[10.48138,60.25959],[10.4813,60.25951]]],[[[10.48132,60.2595],[10.48148,60.25955],[10.48153,60.25965],[10.48185,60.25974],[10.48184,60.25989],[10.48192,60.25993],[10.48253,60.25992],[10.48289,60.2598],[10.48307,60.25987],[10.48309,60.25996],[10.48338,60.25996],[10.48341,60.25987],[10.48347,60.25986],[10.48346,60.25977],[10.48329,60.25955],[10.4831,60.25965],[10.48288,60.25964],[10.48288,60.25967],[10.48281,60.25968],[10.48287,60.25972],[10.48267,60.25976],[10.48202,60.25982],[10.48203,60.25973],[10.48198,60.25966],[10.48194,60.25969],[10.48158,60.25962],[10.48143,60.25948],[10.48132,60.2595]],[[10.48139,60.25949],[10.48141,60.25951],[10.48139,60.25951],[10.48139,60.25949]]]]},"properties":{"a":3924,"v":9698,"dh":2.47,"pl":0,"c":142}},{"type":"Feature","geometry":{"type":"Polygon","coordinates":[[[10.48389,60.25996],[10.48405,60.25984],[10.48402,60.25973],[10.48386,60.25964],[10.4838,60.25955],[10.48374,60.25955],[10.48369,60.25965],[10.4837,60.25985],[10.48381,60.2599],[10.48374,60.25996],[10.48389,60.25996]]]},"properties":{"a":560,"v":681,"dh":1.22,"pl":0,"c":142}},{"type":"Feature","geometry":{"type":"Polygon","coordinates":[[[10.45069,60.25886],[10.45084,60.25884],[10.45113,60.25886],[10.45058,60.25879],[10.45069,60.25886]]]},"properties":{"a":108,"v":92,"dh":0.85,"pl":0,"sh":1,"c":143}},{"type":"Feature","geometry":{"type":"Polygon","coordinates":[[[10.44817,60.2591],[10.4483,60.25907],[10.44835,60.25903],[10.44813,60.25898],[10.4481,60.25905],[10.44817,60.2591]]]},"properties":{"a":120,"v":-141,"dh":1.17,"pl":0,"sl":1,"c":144}},{"type":"Feature","geometry":{"type":"Polygon","coordinates":[[[10.44831,60.25964],[10.44838,60.2596],[10.44824,60.25941],[10.44811,60.25937],[10.44828,60.25954],[10.44831,60.25964]]]},"properties":{"a":112,"v":104,"dh":0.93,"pl":0,"sh":1,"c":144}},{"type":"Feature","geometry":{"type":"Polygon","coordinates":[[[10.45335,60.25964],[10.45344,60.25959],[10.45318,60.2595],[10.45324,60.25962],[10.45335,60.25964]]]},"properties":{"a":122,"v":151,"dh":1.23,"pl":0,"fo":1,"c":145}},{"type":"Feature","geometry":{"type":"Polygon","coordinates":[[[10.45397,60.25973],[10.45404,60.2597],[10.45387,60.2596],[10.45353,60.2596],[10.45397,60.25973]]]},"properties":{"a":205,"v":240,"dh":1.17,"pl":0,"fo":1,"c":145}},{"type":"Feature","geometry":{"type":"MultiPolygon","coordinates":[[[[10.48639,60.25821],[10.48653,60.25811],[10.48642,60.25803],[10.48622,60.25796],[10.48593,60.25802],[10.48625,60.25821],[10.48639,60.25821]]],[[[10.48661,60.25812],[10.48657,60.25813],[10.48661,60.25814],[10.48661,60.25812]]],[[[10.48655,60.25814],[10.48657,60.25818],[10.48659,60.25814],[10.48655,60.25814]]]]},"properties":{"a":571,"v":595,"dh":1.04,"pl":0,"c":146}},{"type":"Feature","geometry":{"type":"Polygon","coordinates":[[[10.48747,60.25837],[10.48745,60.25832],[10.4871,60.25827],[10.48694,60.25819],[10.48697,60.25816],[10.48682,60.25813],[10.48661,60.25827],[10.48677,60.25822],[10.48699,60.25823],[10.48732,60.25837],[10.48747,60.25837]]]},"properties":{"a":276,"v":265,"dh":0.96,"pl":0,"sh":1,"c":146}},{"type":"Feature","geometry":{"type":"Polygon","coordinates":[[[10.4864,60.25883],[10.48642,60.25876],[10.48636,60.25874],[10.48616,60.25874],[10.48628,60.25883],[10.4864,60.25883]]]},"properties":{"a":126,"v":-152,"dh":1.21,"pl":0,"c":147}},{"type":"Feature","geometry":{"type":"Polygon","coordinates":[[[10.48941,60.25939],[10.48961,60.25936],[10.48959,60.25929],[10.48969,60.25921],[10.48982,60.25931],[10.49004,60.25924],[10.49011,60.25929],[10.4904,60.25926],[10.49031,60.25919],[10.49034,60.25913],[10.49027,60.25911],[10.48938,60.25904],[10.48938,60.25909],[10.48947,60.2591],[10.48945,60.25914],[10.48898,60.25898],[10.48941,60.25887],[10.48935,60.2588],[10.48911,60.25882],[10.48904,60.25878],[10.48879,60.25877],[10.48877,60.25888],[10.48887,60.25892],[10.48881,60.25894],[10.48867,60.25889],[10.48875,60.25882],[10.48873,60.25877],[10.48857,60.25876],[10.48866,60.25867],[10.48835,60.25873],[10.48848,60.25878],[10.48848,60.25886],[10.48843,60.25898],[10.48824,60.25899],[10.48826,60.25919],[10.48821,60.25924],[10.48832,60.25924],[10.48839,60.25909],[10.48862,60.25903],[10.48869,60.25909],[10.48895,60.25911],[10.489,60.25915],[10.48897,60.25923],[10.48901,60.25924],[10.48922,60.25922],[10.48921,60.25932],[10.48941,60.25939]],[[10.48962,60.25919],[10.48964,60.25918],[10.48964,60.25919],[10.48962,60.25919]],[[10.4894,60.25908],[10.48941,60.25907],[10.48942,60.25908],[10.4894,60.25908]]]},"properties":{"a":3386,"v":4583,"dh":1.35,"pl":1,"pn":"Myrskogen Skianlegg","pd":"2019-06-20","c":148}},{"type":"Feature","geometry":{"type":"Polygon","coordinates":[[[10.48632,60.25929],[10.48648,60.25927],[10.48657,60.25921],[10.48656,60.25914],[10.48626,60.25916],[10.48632,60.25929]]]},"properties":{"a":199,"v":234,"dh":1.18,"pl":0,"fo":1,"c":147}},{"type":"Feature","geometry":{"type":"Polygon","coordinates":[[[10.49034,60.25963],[10.49043,60.25954],[10.49025,60.25946],[10.49007,60.25954],[10.49014,60.2596],[10.49034,60.25963]]]},"properties":{"a":218,"v":278,"dh":1.28,"pl":1,"pn":"Myrskogen Skianlegg","pd":"2019-06-20","c":148}},{"type":"Feature","geometry":{"type":"Polygon","coordinates":[[[10.49129,60.25967],[10.49128,60.25954],[10.49111,60.25949],[10.49097,60.25951],[10.49108,60.25962],[10.49129,60.25967]]]},"properties":{"a":207,"v":210,"dh":1.01,"pl":1,"pn":"Myrskogen Skianlegg","pd":"2019-06-20","fo":1,"c":148}},{"type":"Feature","geometry":{"type":"Polygon","coordinates":[[[10.49166,60.25998],[10.49142,60.25982],[10.49151,60.25979],[10.49127,60.25973],[10.49166,60.25998]]]},"properties":{"a":111,"v":-96,"dh":0.87,"pl":1,"pn":"Myrskogen Skianlegg","pd":"2019-06-20","sh":1,"c":149}},{"type":"Feature","geometry":{"type":"Polygon","coordinates":[[[10.48765,60.26036],[10.48757,60.26025],[10.48766,60.26016],[10.48753,60.26014],[10.48748,60.26028],[10.48765,60.26036]]]},"properties":{"a":138,"v":140,"dh":1.01,"pl":1,"pn":"Myrskogen Skianlegg","pd":"2019-06-20","fo":1,"c":150}},{"type":"Feature","geometry":{"type":"Polygon","coordinates":[[[10.48663,60.26065],[10.48694,60.26066],[10.48692,60.26062],[10.4867,60.26056],[10.48675,60.26051],[10.48659,60.26059],[10.48663,60.26065]]]},"properties":{"a":162,"v":224,"dh":1.38,"pl":0,"c":151}},{"type":"Feature","geometry":{"type":"Polygon","coordinates":[[[10.47794,60.26036],[10.47825,60.2603],[10.47837,60.26023],[10.47828,60.26017],[10.47819,60.26025],[10.47787,60.26029],[10.47794,60.26036]],[[10.47825,60.26026],[10.47828,60.26025],[10.47828,60.26026],[10.47825,60.26026]]]},"properties":{"a":207,"v":185,"dh":0.89,"pl":2,"pn":"E16 Eggemoen - Olum","pd":"2024-06-11","sh":1,"c":0}},{"type":"Feature","geometry":{"type":"Polygon","coordinates":[[[10.48548,60.26107],[10.48471,60.26084],[10.48427,60.26081],[10.48407,60.26071],[10.48394,60.26073],[10.48335,60.26047],[10.48322,60.26043],[10.48319,60.26045],[10.48335,60.26048],[10.48363,60.26065],[10.4832,60.26062],[10.48292,60.26054],[10.48301,60.2605],[10.48288,60.26049],[10.48313,60.26042],[10.48209,60.26044],[10.48208,60.26041],[10.48187,60.2604],[10.48172,60.26032],[10.48141,60.26026],[10.48134,60.26026],[10.48139,60.26029],[10.48134,60.2603],[10.48117,60.26022],[10.48064,60.26011],[10.47995,60.26005],[10.47986,60.25998],[10.47944,60.25993],[10.47927,60.25982],[10.47908,60.25985],[10.47865,60.25972],[10.47851,60.25974],[10.47813,60.2596],[10.47682,60.25941],[10.47706,60.25953],[10.47719,60.25968],[10.4771,60.25971],[10.47719,60.25975],[10.47835,60.26014],[10.48261,60.26084],[10.48284,60.26086],[10.48283,60.26082],[10.48306,60.26081],[10.48348,60.26087],[10.48369,60.26083],[10.48548,60.26107]],[[10.48467,60.26087],[10.48469,60.26086],[10.48469,60.26087],[10.48467,60.26087]],[[10.48405,60.26075],[10.48407,60.26074],[10.48407,60.26075],[10.48405,60.26075]],[[10.48224,60.26072],[10.48226,60.2607],[10.48226,60.26072],[10.48224,60.26072]],[[10.48168,60.26039],[10.4817,60.26037],[10.48172,60.26039],[10.48168,60.26039]],[[10.48174,60.26038],[10.48176,60.26037],[10.48176,60.26038],[10.48174,60.26038]],[[10.48163,60.26036],[10.48145,60.26034],[10.48143,60.26032],[10.48163,60.26036]]]},"properties":{"a":16354,"v":-62455,"dh":3.82,"pl":2,"pn":"E16 Eggemoen - Olum","pd":"2024-06-11","c":0}},{"type":"Feature","geometry":{"type":"Polygon","coordinates":[[[10.48298,60.26035],[10.48336,60.26035],[10.48322,60.26028],[10.48287,60.26028],[10.48298,60.26035]]]},"properties":{"a":145,"v":141,"dh":0.97,"pl":2,"pn":"E16 Eggemoen - Olum","pd":"2024-06-11","sh":1,"c":0}},{"type":"Feature","geometry":{"type":"Polygon","coordinates":[[[10.47699,60.26047],[10.47721,60.26047],[10.47724,60.26036],[10.47713,60.26032],[10.47699,60.26042],[10.47699,60.26047]]]},"properties":{"a":172,"v":-314,"dh":1.82,"pl":0,"c":152}},{"type":"Feature","geometry":{"type":"Polygon","coordinates":[[[10.47877,60.26067],[10.47902,60.26068],[10.47885,60.26043],[10.47876,60.26039],[10.47873,60.2605],[10.47877,60.26067]]]},"properties":{"a":311,"v":313,"dh":1.01,"pl":0,"c":153}},{"type":"Feature","geometry":{"type":"Polygon","coordinates":[[[10.46442,60.26139],[10.46441,60.26133],[10.46423,60.2613],[10.46407,60.26129],[10.46403,60.26135],[10.46432,60.26134],[10.46442,60.26139]]]},"properties":{"a":129,"v":141,"dh":1.09,"pl":0,"c":154}},{"type":"Feature","geometry":{"type":"MultiPolygon","coordinates":[[[[10.46335,60.26175],[10.46318,60.26171],[10.46318,60.26167],[10.46329,60.26167],[10.4633,60.26161],[10.46367,60.26163],[10.46372,60.26156],[10.46357,60.26149],[10.46339,60.26155],[10.46339,60.2616],[10.46323,60.26159],[10.463,60.26166],[10.463,60.2617],[10.46307,60.26171],[10.46308,60.26177],[10.46335,60.26175]]],[[[10.46333,60.26178],[10.46338,60.26177],[10.46333,60.26178],[10.46333,60.26178]]]]},"properties":{"a":428,"v":-566,"dh":1.32,"pl":0,"c":154}},{"type":"Feature","geometry":{"type":"Polygon","coordinates":[[[10.46593,60.26176],[10.46598,60.26173],[10.46591,60.26163],[10.46564,60.2616],[10.46562,60.26163],[10.46575,60.26171],[10.46593,60.26176]]]},"properties":{"a":197,"v":284,"dh":1.44,"pl":0,"c":154}},{"type":"Feature","geometry":{"type":"Polygon","coordinates":[[[10.46418,60.26182],[10.46438,60.26181],[10.46443,60.26174],[10.46461,60.26177],[10.46475,60.2617],[10.4647,60.26166],[10.46417,60.26167],[10.46407,60.26176],[10.46389,60.26177],[10.46404,60.26179],[10.4642,60.26176],[10.46422,60.2618],[10.46418,60.26182]]]},"properties":{"a":421,"v":-561,"dh":1.33,"pl":0,"c":154}},{"type":"Feature","geometry":{"type":"Polygon","coordinates":[[[10.46611,60.26209],[10.46614,60.26201],[10.46605,60.26191],[10.46577,60.26183],[10.46538,60.26161],[10.46529,60.26164],[10.46532,60.26173],[10.46539,60.26177],[10.46591,60.26199],[10.46596,60.26206],[10.46611,60.26209]]]},"properties":{"a":699,"v":1446,"dh":2.07,"pl":0,"c":154}},{"type":"Feature","geometry":{"type":"Polygon","coordinates":[[[10.4884,60.26066],[10.48836,60.26061],[10.48816,60.26056],[10.488,60.26058],[10.4884,60.26066]]]},"properties":{"a":109,"v":112,"dh":1.03,"pl":1,"pn":"Myrskogen Skianlegg","pd":"2019-06-20","fo":1,"c":150}},{"type":"Feature","geometry":{"type":"MultiPolygon","coordinates":[[[[10.49368,60.26058],[10.49342,60.26055],[10.49328,60.26057],[10.49357,60.26064],[10.49368,60.26058]]],[[[10.49368,60.26062],[10.49391,60.26065],[10.49408,60.26063],[10.49386,60.26058],[10.49368,60.26062]]]]},"properties":{"a":214,"v":180,"dh":0.84,"pl":1,"pn":"Myrskogen Skianlegg","pd":"2019-06-20","sh":1,"c":149}},{"type":"Feature","geometry":{"type":"Polygon","coordinates":[[[10.49559,60.26097],[10.49561,60.26089],[10.49526,60.26079],[10.49521,60.26082],[10.49559,60.26097]]]},"properties":{"a":148,"v":170,"dh":1.15,"pl":1,"pn":"Myrskogen Skianlegg","pd":"2019-06-20","fo":1,"c":155}},{"type":"Feature","geometry":{"type":"Polygon","coordinates":[[[10.48534,60.26138],[10.48558,60.26131],[10.48564,60.26117],[10.48557,60.26112],[10.48514,60.26117],[10.48497,60.26106],[10.48444,60.26098],[10.48366,60.2609],[10.48345,60.26094],[10.48383,60.26109],[10.48401,60.2611],[10.48434,60.26125],[10.48494,60.26124],[10.48534,60.26138]],[[10.48503,60.26124],[10.48496,60.26123],[10.48492,60.26121],[10.48503,60.26124]]]},"properties":{"a":2553,"v":5111,"dh":2.0,"pl":2,"pn":"E16 Eggemoen - Olum","pd":"2024-06-11","c":0}},{"type":"Feature","geometry":{"type":"Polygon","coordinates":[[[10.48568,60.26128],[10.48592,60.26123],[10.48584,60.26111],[10.48584,60.26106],[10.48589,60.26104],[10.48562,60.26112],[10.48568,60.26115],[10.48568,60.26128]]]},"properties":{"a":241,"v":-314,"dh":1.3,"pl":2,"pn":"E16 Eggemoen - Olum","pd":"2024-06-11","fo":1,"c":0}},{"type":"Feature","geometry":{"type":"Polygon","coordinates":[[[10.4872,60.26161],[10.4878,60.26162],[10.48785,60.26153],[10.48806,60.26155],[10.4877,60.26143],[10.48826,60.26152],[10.48858,60.26144],[10.48859,60.26128],[10.48841,60.26124],[10.48816,60.26128],[10.48776,60.26128],[10.48651,60.2611],[10.48649,60.26107],[10.48661,60.26103],[10.4865,60.26097],[10.48651,60.26081],[10.48656,60.26078],[10.48656,60.26071],[10.48651,60.26067],[10.48632,60.26087],[10.4863,60.26095],[10.48636,60.26096],[10.48624,60.26113],[10.48633,60.26118],[10.4866,60.26118],[10.4864,60.2612],[10.48625,60.26131],[10.48636,60.26147],[10.4872,60.26161]],[[10.48704,60.26126],[10.4868,60.26126],[10.48664,60.26121],[10.48687,60.26121],[10.48704,60.26126]],[[10.48665,60.26115],[10.48664,60.26116],[10.48664,60.26115],[10.48665,60.26115]],[[10.48665,60.26115],[10.48669,60.26114],[10.48669,60.26115],[10.48665,60.26115]]]},"properties":{"a":4954,"v":10660,"dh":2.15,"pl":2,"pn":"E16 Eggemoen - Olum","pd":"2024-06-11","c":0}},{"type":"Feature","geometry":{"type":"MultiPolygon","coordinates":[[[[10.486,60.26152],[10.48622,60.26126],[10.48622,60.2611],[10.48607,60.26112],[10.48615,60.26114],[10.48611,60.26116],[10.48614,60.2613],[10.48596,60.26142],[10.48602,60.26145],[10.486,60.26152]]],[[[10.48597,60.26153],[10.48598,60.26154],[10.48598,60.26153],[10.48597,60.26153]]]]},"properties":{"a":231,"v":-264,"dh":1.14,"pl":2,"pn":"E16 Eggemoen - Olum","pd":"2024-06-11","fo":1,"c":0}},{"type":"Feature","geometry":{"type":"Polygon","coordinates":[[[10.48606,60.26192],[10.48618,60.26184],[10.48629,60.26185],[10.48657,60.26174],[10.48686,60.26177],[10.48699,60.26173],[10.48673,60.26161],[10.48646,60.26156],[10.48634,60.26151],[10.48627,60.26139],[10.48621,60.26139],[10.48588,60.2617],[10.48589,60.26174],[10.48564,60.26184],[10.48571,60.2619],[10.48606,60.26192]]]},"properties":{"a":1832,"v":-4447,"dh":2.43,"pl":2,"pn":"E16 Eggemoen - Olum","pd":"2024-06-11","c":0}},{"type":"Feature","geometry":{"type":"Polygon","coordinates":[[[10.48964,60.26215],[10.48988,60.26206],[10.48977,60.26201],[10.48969,60.26187],[10.48958,60.26182],[10.48972,60.2618],[10.48944,60.26169],[10.48946,60.26165],[10.48933,60.26159],[10.48864,60.26149],[10.48832,60.26154],[10.48834,60.26162],[10.4882,60.2617],[10.48799,60.26163],[10.48778,60.26169],[10.48744,60.26165],[10.48797,60.26182],[10.48815,60.26181],[10.48857,60.26201],[10.48886,60.26208],[10.48964,60.26215]]]},"properties":{"a":4775,"v":-17274,"dh":3.62,"pl":2,"pn":"E16 Eggemoen - Olum","pd":"2024-06-11","c":0}},{"type":"Feature","geometry":{"type":"Polygon","coordinates":[[[10.46404,60.26194],[10.46439,60.26195],[10.46447,60.26191],[10.46438,60.26186],[10.46404,60.26194]],[[10.46428,60.26194],[10.46426,60.2619],[10.46429,60.2619],[10.46428,60.26194]]]},"properties":{"a":138,"v":-123,"dh":0.89,"pl":0,"sh":1,"c":154}},{"type":"Feature","geometry":{"type":"Polygon","coordinates":[[[10.46505,60.26233],[10.46586,60.26225],[10.46599,60.26216],[10.46591,60.26205],[10.46569,60.26191],[10.46535,60.26177],[10.46522,60.26163],[10.46509,60.26161],[10.46517,60.26169],[10.46504,60.26171],[10.46499,60.26166],[10.46493,60.26169],[10.46495,60.26172],[10.46477,60.26173],[10.46481,60.26179],[10.46496,60.26182],[10.46493,60.26192],[10.46504,60.26196],[10.46506,60.26202],[10.4649,60.26202],[10.46473,60.26192],[10.46459,60.26198],[10.46464,60.26203],[10.46461,60.26207],[10.46465,60.26213],[10.46478,60.2622],[10.4638,60.2622],[10.46444,60.26231],[10.46505,60.26233]]]},"properties":{"a":4009,"v":-22901,"dh":5.71,"pl":0,"c":154}},{"type":"Feature","geometry":{"type":"Polygon","coordinates":[[[10.46427,60.26219],[10.46476,60.26218],[10.46436,60.26212],[10.46423,60.26215],[10.46427,60.26219]]]},"properties":{"a":148,"v":328,"dh":2.22,"pl":0,"c":154}},{"type":"Feature","geometry":{"type":"MultiPolygon","coordinates":[[[[10.46333,60.26219],[10.46351,60.2622],[10.46353,60.26219],[10.46333,60.26219]]],[[[10.4635,60.26224],[10.46306,60.26222],[10.46295,60.2622],[10.46299,60.26224],[10.4635,60.26224]]]]},"properties":{"a":103,"v":-150,"dh":1.45,"pl":0,"sl":1,"c":154}},{"type":"Feature","geometry":{"type":"MultiPolygon","coordinates":[[[[10.46176,60.26265],[10.46171,60.26263],[10.46169,60.26266],[10.46176,60.26265]]],[[[10.46176,60.26265],[10.46184,60.26275],[10.46181,60.26285],[10.46204,60.26284],[10.46207,60.2627],[10.46189,60.26264],[10.46176,60.26265]]]]},"properties":{"a":266,"v":346,"dh":1.3,"pl":0,"fo":1,"c":156}},{"type":"Feature","geometry":{"type":"Polygon","coordinates":[[[10.46166,60.26293],[10.46177,60.26282],[10.46178,60.26275],[10.4616,60.26279],[10.46156,60.26293],[10.46166,60.26293]]]},"properties":{"a":134,"v":-144,"dh":1.08,"pl":0,"fo":1,"c":156}},{"type":"Feature","geometry":{"type":"Polygon","coordinates":[[[10.47739,60.26295],[10.47761,60.26296],[10.47762,60.26281],[10.47748,60.26282],[10.47746,60.26291],[10.47739,60.26295]]]},"properties":{"a":168,"v":253,"dh":1.5,"pl":0,"c":157}},{"type":"Feature","geometry":{"type":"Polygon","coordinates":[[[10.45921,60.26333],[10.45929,60.26319],[10.4592,60.26314],[10.45907,60.26317],[10.45908,60.2633],[10.45921,60.26333]]]},"properties":{"a":194,"v":-321,"dh":1.66,"pl":0,"fo":1,"c":158}},{"type":"Feature","geometry":{"type":"Polygon","coordinates":[[[10.47932,60.26319],[10.47951,60.26316],[10.47915,60.26315],[10.47891,60.26308],[10.47877,60.2631],[10.47881,60.26314],[10.47932,60.26319]]]},"properties":{"a":190,"v":-227,"dh":1.2,"pl":0,"fo":1,"c":159}},{"type":"Feature","geometry":{"type":"Polygon","coordinates":[[[10.48515,60.26198],[10.4853,60.26191],[10.48535,60.26185],[10.48511,60.26179],[10.48508,60.26186],[10.48495,60.2619],[10.48499,60.26195],[10.48512,60.26193],[10.48515,60.26198]]]},"properties":{"a":218,"v":259,"dh":1.19,"pl":1,"pn":"RV 35 Olimb - Hallum","pd":"1994-12-13","fo":1,"c":0}},{"type":"Feature","geometry":{"type":"Polygon","coordinates":[[[10.48837,60.26226],[10.48831,60.26218],[10.48847,60.2621],[10.48852,60.26202],[10.48835,60.26191],[10.48811,60.26184],[10.48791,60.26184],[10.48736,60.26167],[10.48695,60.26162],[10.48719,60.26176],[10.48712,60.26179],[10.48714,60.26186],[10.48728,60.26187],[10.48733,60.26182],[10.48773,60.26187],[10.48777,60.26196],[10.48772,60.262],[10.48778,60.2621],[10.48794,60.262],[10.48792,60.26194],[10.48803,60.26195],[10.48808,60.262],[10.48801,60.26206],[10.48798,60.26217],[10.48804,60.26215],[10.48815,60.26224],[10.48837,60.26226]]]},"properties":{"a":1770,"v":2372,"dh":1.34,"pl":2,"pn":"E16 Eggemoen - Olum","pd":"2024-06-11","fo":1,"c":0}},{"type":"Feature","geometry":{"type":"Polygon","coordinates":[[[10.48867,60.2622],[10.48874,60.26216],[10.48874,60.26209],[10.48868,60.26205],[10.48861,60.26205],[10.48849,60.26214],[10.48853,60.2622],[10.48867,60.2622]],[[10.48852,60.26215],[10.48854,60.26214],[10.48854,60.26215],[10.48852,60.26215]]]},"properties":{"a":163,"v":-171,"dh":1.05,"pl":2,"pn":"E16 Eggemoen - Olum","pd":"2024-06-11","fo":1,"c":0}},{"type":"Feature","geometry":{"type":"MultiPolygon","coordinates":[[[[10.49368,60.26218],[10.49366,60.26217],[10.49366,60.26218],[10.49368,60.26218]]],[[[10.49342,60.26325],[10.49384,60.26338],[10.49395,60.26346],[10.49435,60.26357],[10.49447,60.26366],[10.49461,60.26369],[10.49464,60.26377],[10.49471,60.26381],[10.49513,60.26382],[10.49531,60.26398],[10.49537,60.26398],[10.49537,60.26394],[10.49542,60.26394],[10.49564,60.26403],[10.49593,60.26403],[10.49632,60.26427],[10.49639,60.26428],[10.49643,60.26423],[10.49656,60.26425],[10.49711,60.26457],[10.49762,60.26456],[10.49785,60.2645],[10.49781,60.26445],[10.49752,60.26439],[10.49714,60.26437],[10.49728,60.26433],[10.49735,60.26424],[10.49742,60.26426],[10.49744,60.26418],[10.49754,60.26412],[10.49752,60.26403],[10.49759,60.26401],[10.49744,60.26395],[10.49688,60.26383],[10.49672,60.26384],[10.49659,60.26391],[10.49665,60.26397],[10.49676,60.26397],[10.49703,60.26388],[10.49714,60.26393],[10.49712,60.26402],[10.49718,60.26402],[10.49713,60.26407],[10.49684,60.26409],[10.4966,60.26405],[10.49654,60.26389],[10.49634,60.2639],[10.49612,60.26372],[10.49604,60.26371],[10.4961,60.26376],[10.49607,60.26385],[10.49597,60.26377],[10.49578,60.26381],[10.49562,60.26367],[10.49553,60.26365],[10.49549,60.26355],[10.49582,60.26351],[10.49592,60.26339],[10.4959,60.26334],[10.49581,60.26332],[10.49581,60.2634],[10.4957,60.2634],[10.49526,60.26329],[10.49517,60.26319],[10.49515,60.26309],[10.49483,60.26292],[10.49475,60.26274],[10.49453,60.26265],[10.49442,60.26252],[10.49425,60.26244],[10.49405,60.26239],[10.4939,60.2623],[10.49381,60.26231],[10.49386,60.26228],[10.49384,60.26214],[10.49371,60.26216],[10.4937,60.26221],[10.49355,60.2622],[10.49333,60.26215],[10.49324,60.26207],[10.4928,60.26202],[10.49255,60.26212],[10.49244,60.26209],[10.4924,60.26202],[10.4922,60.26198],[10.49206,60.26209],[10.49192,60.26209],[10.49186,60.26194],[10.49159,60.26194],[10.49148,60.26191],[10.49153,60.26188],[10.49147,60.26183],[10.49126,60.26181],[10.49113,60.26181],[10.49113,60.26186],[10.49121,60.2619],[10.49081,60.26195],[10.49072,60.26189],[10.49077,60.26183],[10.49072,60.26161],[10.4903,60.26148],[10.49026,60.26145],[10.4903,60.26139],[10.49019,60.26136],[10.48995,60.26137],[10.49003,60.26143],[10.48983,60.26145],[10.48973,60.26154],[10.48938,60.26156],[10.48966,60.26165],[10.48966,60.26173],[10.48983,60.26182],[10.48978,60.26187],[10.48984,60.26202],[10.48991,60.26207],[10.49039,60.26222],[10.49091,60.26225],[10.49125,60.26242],[10.49127,60.26247],[10.4912,60.26248],[10.49136,60.26251],[10.4914,60.2626],[10.49135,60.26262],[10.49148,60.26272],[10.49172,60.26276],[10.49184,60.26273],[10.49216,60.2629],[10.49253,60.2629],[10.49266,60.26294],[10.49278,60.26312],[10.493,60.26316],[10.49305,60.26313],[10.49303,60.2631],[10.49312,60.2631],[10.49325,60.26314],[10.49315,60.2632],[10.49324,60.26324],[10.4934,60.26318],[10.49351,60.26324],[10.49342,60.26325]],[[10.49244,60.26209],[10.49243,60.2621],[10.49243,60.26209],[10.49244,60.26209]],[[10.49301,60.2631],[10.49305,60.26308],[10.49305,60.26309],[10.49301,60.2631]],[[10.4974,60.26423],[10.49739,60.26424],[10.49739,60.26423],[10.4974,60.26423]],[[10.49705,60.26408],[10.49704,60.26409],[10.49704,60.26408],[10.49705,60.26408]],[[10.49723,60.26407],[10.49722,60.26408],[10.49722,60.26407],[10.49723,60.26407]],[[10.49727,60.26404],[10.49732,60.26404],[10.49732,60.26406],[10.49729,60.26406],[10.49727,60.26404]],[[10.49618,60.26406],[10.496,60.26394],[10.49596,60.26394],[10.49581,60.26385],[10.49596,60.26383],[10.49598,60.26394],[10.49607,60.26395],[10.49618,60.26406]],[[10.49535,60.26396],[10.49533,60.26397],[10.49533,60.26396],[10.49535,60.26396]],[[10.49476,60.26373],[10.49472,60.26375],[10.49472,60.26373],[10.49476,60.26373]],[[10.49329,60.26317],[10.49327,60.26318],[10.49327,60.26317],[10.49329,60.26317]],[[10.49212,60.26208],[10.49223,60.26208],[10.49223,60.2621],[10.49217,60.26211],[10.49212,60.26208]],[[10.49157,60.26196],[10.49161,60.26195],[10.49161,60.26197],[10.49157,60.26196]]],[[[10.4934,60.26325],[10.49342,60.26325],[10.49342,60.26325],[10.4934,60.26325]]]]},"properties":{"a":35349,"v":176041,"dh":4.98,"pl":2,"pn":"E16 Eggemoen - Olum","pd":"2024-06-11","c":0}},{"type":"Feature","geometry":{"type":"MultiPolygon","coordinates":[[[[10.49595,60.26332],[10.49597,60.26332],[10.49597,60.26332],[10.49595,60.26332]]],[[[10.49601,60.26332],[10.49601,60.26347],[10.49618,60.26363],[10.49698,60.26376],[10.49704,60.26382],[10.49726,60.26381],[10.49739,60.26386],[10.49741,60.26391],[10.49792,60.26409],[10.49827,60.26417],[10.49839,60.26412],[10.49834,60.26404],[10.49754,60.2637],[10.49641,60.26347],[10.49624,60.26337],[10.4962,60.26329],[10.49596,60.26318],[10.49593,60.26324],[10.49601,60.26332]]]]},"properties":{"a":3098,"v":-8927,"dh":2.88,"pl":2,"pn":"E16 Eggemoen - Olum","pd":"2024-06-11","c":0}},{"type":"Feature","geometry":{"type":"Polygon","coordinates":[[[10.50382,60.26421],[10.5042,60.26421],[10.50418,60.26413],[10.50423,60.26406],[10.5039,60.26404],[10.50391,60.26411],[10.50382,60.26416],[10.50382,60.26421]]]},"properties":{"a":391,"v":472,"dh":1.21,"pl":0,"fo":1,"c":160}},{"type":"Feature","geometry":{"type":"Polygon","coordinates":[[[10.50421,60.26435],[10.50446,60.26432],[10.50442,60.26432],[10.50444,60.26428],[10.50424,60.26426],[10.50395,60.26431],[10.50421,60.26435]]]},"properties":{"a":156,"v":-165,"dh":1.06,"pl":0,"fo":1,"c":166}},{"type":"Feature","geometry":{"type":"Polygon","coordinates":[[[10.49858,60.26458],[10.49894,60.26454],[10.49886,60.26442],[10.49885,60.26424],[10.49859,60.26418],[10.49862,60.26424],[10.49846,60.2643],[10.4986,60.2644],[10.49861,60.26444],[10.4985,60.26445],[10.49859,60.26452],[10.49834,60.26454],[10.49858,60.26458]]]},"properties":{"a":781,"v":942,"dh":1.21,"pl":2,"pn":"E16 Eggemoen - Olum","pd":"2024-06-11","c":0}},{"type":"Feature","geometry":{"type":"Polygon","coordinates":[[[10.50407,60.26452],[10.50416,60.26446],[10.50441,60.2645],[10.5045,60.26446],[10.5044,60.26434],[10.50408,60.26435],[10.50392,60.26442],[10.50401,60.26444],[10.50407,60.26452]]]},"properties":{"a":372,"v":593,"dh":1.6,"pl":0,"fo":1,"c":166}},{"type":"Feature","geometry":{"type":"Polygon","coordinates":[[[10.49802,60.26458],[10.49832,60.26454],[10.49796,60.26449],[10.49802,60.26458]]]},"properties":{"a":152,"v":210,"dh":1.38,"pl":2,"pn":"E16 Eggemoen - Olum","pd":"2024-06-11","c":0}},{"type":"Feature","geometry":{"type":"Polygon","coordinates":[[[10.48,60.26468],[10.48003,60.26464],[10.47979,60.26451],[10.47968,60.26449],[10.4796,60.26454],[10.48,60.26468]]]},"properties":{"a":208,"v":-298,"dh":1.43,"pl":0,"fo":1,"c":161}},{"type":"Feature","geometry":{"type":"Polygon","coordinates":[[[10.48323,60.26468],[10.48356,60.26466],[10.4837,60.26461],[10.4837,60.26457],[10.48341,60.26454],[10.48314,60.26464],[10.48323,60.26468]]]},"properties":{"a":306,"v":445,"dh":1.45,"pl":0,"c":162}},{"type":"Feature","geometry":{"type":"Polygon","coordinates":[[[10.47944,60.26548],[10.47943,60.26533],[10.47927,60.26535],[10.47929,60.26545],[10.47944,60.26548]]]},"properties":{"a":116,"v":148,"dh":1.27,"pl":0,"c":163}},{"type":"Feature","geometry":{"type":"Polygon","coordinates":[[[10.48156,60.26557],[10.48177,60.2655],[10.48177,60.26545],[10.48153,60.2653],[10.48135,60.26529],[10.48139,60.26545],[10.48134,60.26548],[10.48134,60.26555],[10.48156,60.26557]]]},"properties":{"a":512,"v":768,"dh":1.5,"pl":0,"c":163}},{"type":"Feature","geometry":{"type":"Polygon","coordinates":[[[10.46388,60.26609],[10.46415,60.26604],[10.46348,60.26599],[10.46365,60.26607],[10.46372,60.26604],[10.46388,60.26609]]]},"properties":{"a":214,"v":223,"dh":1.04,"pl":0,"fo":1,"c":164}},{"type":"Feature","geometry":{"type":"Polygon","coordinates":[[[10.48037,60.2661],[10.48053,60.26606],[10.48063,60.26587],[10.48081,60.26581],[10.48084,60.26574],[10.48037,60.26561],[10.47997,60.26564],[10.47978,60.26575],[10.4798,60.26589],[10.47977,60.26591],[10.4798,60.26595],[10.48001,60.26604],[10.48037,60.2661]]]},"properties":{"a":2168,"v":6332,"dh":2.92,"pl":0,"c":163}},{"type":"Feature","geometry":{"type":"Polygon","coordinates":[[[10.46497,60.26653],[10.46497,60.26646],[10.46505,60.26638],[10.46491,60.2663],[10.46467,60.2663],[10.46461,60.26626],[10.46451,60.26626],[10.46454,60.2663],[10.46443,60.26627],[10.46444,60.26632],[10.46417,60.26631],[10.464,60.26626],[10.46382,60.26631],[10.46399,60.26637],[10.46453,60.26641],[10.46497,60.26653]]]},"properties":{"a":874,"v":1468,"dh":1.68,"pl":1,"pn":"Holdeplass Klinkenberg","pd":"2019-09-05","fo":1,"c":165}},{"type":"Feature","geometry":{"type":"MultiPolygon","coordinates":[[[[10.48318,60.26629],[10.48316,60.2663],[10.48318,60.2663],[10.48318,60.26629]]],[[[10.48318,60.2663],[10.48344,60.26637],[10.48353,60.26646],[10.48359,60.26644],[10.48353,60.26636],[10.48318,60.2663]]]]},"properties":{"a":100,"v":-128,"dh":1.28,"pl":0,"fo":1,"c":174}},{"type":"Feature","geometry":{"type":"Polygon","coordinates":[[[10.50409,60.26457],[10.50425,60.26455],[10.50421,60.26452],[10.50437,60.26449],[10.50412,60.26448],[10.50409,60.26457]]]},"properties":{"a":112,"v":-109,"dh":0.97,"pl":0,"sh":1,"c":166}},{"type":"Feature","geometry":{"type":"Polygon","coordinates":[[[10.49729,60.26461],[10.49798,60.26461],[10.49791,60.26458],[10.49729,60.26461]]]},"properties":{"a":153,"v":163,"dh":1.06,"pl":2,"pn":"E16 Eggemoen - Olum","pd":"2024-06-11","fo":1,"c":0}},{"type":"Feature","geometry":{"type":"Polygon","coordinates":[[[10.4958,60.26483],[10.49616,60.26468],[10.4959,60.26447],[10.49582,60.26448],[10.49577,60.26456],[10.49582,60.26468],[10.49591,60.26474],[10.4958,60.26483]]]},"properties":{"a":400,"v":485,"dh":1.21,"pl":2,"pn":"E16 Eggemoen - Olum","pd":"2024-06-11","c":0}},{"type":"Feature","geometry":{"type":"MultiPolygon","coordinates":[[[[10.50518,60.26477],[10.50516,60.26477],[10.50517,60.26477],[10.50518,60.26477]]],[[[10.50517,60.26478],[10.50478,60.26463],[10.50469,60.26463],[10.50469,60.2647],[10.5046,60.26473],[10.50469,60.26473],[10.50472,60.26482],[10.50481,60.26487],[10.50516,60.26496],[10.50543,60.26498],[10.50555,60.26492],[10.50538,60.26478],[10.50517,60.26478]]]]},"properties":{"a":995,"v":1063,"dh":1.07,"pl":0,"c":166}},{"type":"Feature","geometry":{"type":"MultiPolygon","coordinates":[[[[10.49041,60.26504],[10.49034,60.26501],[10.48997,60.26498],[10.49008,60.26503],[10.49041,60.26504]]],[[[10.49041,60.26506],[10.49059,60.26511],[10.49068,60.26505],[10.49043,60.26503],[10.49041,60.26504],[10.49041,60.26506]]]]},"properties":{"a":143,"v":134,"dh":0.94,"pl":0,"sh":1,"c":167}},{"type":"Feature","geometry":{"type":"Polygon","coordinates":[[[10.49488,60.26548],[10.49492,60.26537],[10.495,60.26534],[10.49483,60.26528],[10.49467,60.26532],[10.49473,60.26535],[10.49469,60.26539],[10.49478,60.26542],[10.49479,60.26548],[10.49488,60.26548]]]},"properties":{"a":213,"v":186,"dh":0.87,"pl":0,"sh":1,"c":168}},{"type":"Feature","geometry":{"type":"Polygon","coordinates":[[[10.50626,60.26548],[10.50626,60.26541],[10.50606,60.26533],[10.50598,60.26525],[10.506,60.26513],[10.50596,60.26512],[10.50601,60.26509],[10.50594,60.2651],[10.50583,60.26503],[10.50552,60.26508],[10.50549,60.26514],[10.50553,60.26524],[10.50626,60.26548]]]},"properties":{"a":887,"v":1242,"dh":1.4,"pl":0,"fo":1,"c":166}},{"type":"Feature","geometry":{"type":"Polygon","coordinates":[[[10.49945,60.26581],[10.4993,60.2657],[10.49931,60.26565],[10.49928,60.26563],[10.49931,60.26561],[10.49918,60.26551],[10.49911,60.26551],[10.49912,60.26541],[10.49892,60.26535],[10.49895,60.26526],[10.49891,60.26523],[10.49897,60.2652],[10.49894,60.26511],[10.49884,60.26513],[10.49878,60.26508],[10.49833,60.26519],[10.49832,60.26529],[10.49855,60.2655],[10.49867,60.26553],[10.49873,60.26546],[10.49898,60.26556],[10.49902,60.26569],[10.49919,60.26582],[10.49947,60.26585],[10.49945,60.26581]],[[10.49945,60.26583],[10.49943,60.26584],[10.49943,60.26583],[10.49945,60.26583]],[[10.49852,60.26527],[10.49854,60.26525],[10.49854,60.26527],[10.49852,60.26527]]]},"properties":{"a":1974,"v":2382,"dh":1.21,"pl":2,"pn":"E16 Eggemoen - Olum","pd":"2024-06-11","fo":1,"c":0}},{"type":"Feature","geometry":{"type":"MultiPolygon","coordinates":[[[[10.49657,60.26493],[10.49659,60.26492],[10.49657,60.26492],[10.49657,60.26493]]],[[[10.49658,60.26489],[10.49676,60.26508],[10.49707,60.26522],[10.49724,60.26542],[10.49731,60.26543],[10.49734,60.2655],[10.49763,60.26564],[10.4976,60.26569],[10.49772,60.26571],[10.49775,60.26579],[10.49789,60.26584],[10.4979,60.26591],[10.49799,60.26599],[10.49808,60.26599],[10.49812,60.26609],[10.49831,60.2662],[10.49827,60.26621],[10.49829,60.26628],[10.49824,60.26631],[10.49831,60.26634],[10.49827,60.26663],[10.49813,60.26673],[10.49812,60.26684],[10.49795,60.26706],[10.49761,60.2671],[10.49719,60.26706],[10.49719,60.2671],[10.49765,60.26715],[10.49829,60.26711],[10.49817,60.26717],[10.4985,60.26722],[10.49853,60.26713],[10.49869,60.26701],[10.49883,60.26696],[10.49914,60.26695],[10.49959,60.26707],[10.50008,60.26736],[10.49968,60.26737],[10.49874,60.26727],[10.4987,60.26729],[10.49945,60.26746],[10.50041,60.2675],[10.50044,60.26745],[10.50015,60.26736],[10.50018,60.26734],[10.50014,60.26724],[10.50032,60.26718],[10.50034,60.26707],[10.50048,60.26703],[10.50049,60.26685],[10.50091,60.26663],[10.50122,60.26659],[10.50173,60.26673],[10.50172,60.26689],[10.50179,60.26692],[10.5018,60.26704],[10.50169,60.26714],[10.50168,60.26724],[10.50172,60.26728],[10.50169,60.26736],[10.50171,60.2674],[10.50178,60.2674],[10.50188,60.26732],[10.50188,60.26722],[10.50195,60.26712],[10.50192,60.26702],[10.50201,60.26685],[10.50171,60.26664],[10.50132,60.26652],[10.5006,60.26651],[10.50062,60.26656],[10.50053,60.2666],[10.50029,60.26649],[10.50004,60.26653],[10.5,60.26648],[10.50009,60.2664],[10.49958,60.26627],[10.4993,60.26611],[10.49919,60.26609],[10.49906,60.26599],[10.49905,60.26592],[10.49883,60.26584],[10.49881,60.26578],[10.49874,60.26577],[10.49879,60.26576],[10.49877,60.26573],[10.49866,60.26571],[10.49864,60.2656],[10.49835,60.26548],[10.49838,60.26543],[10.49825,60.26541],[10.49829,60.26536],[10.49803,60.26527],[10.49801,60.26522],[10.49804,60.26521],[10.49781,60.26513],[10.4978,60.26507],[10.49764,60.26499],[10.49765,60.26496],[10.49749,60.26487],[10.4975,60.26482],[10.49743,60.26477],[10.49777,60.26472],[10.49793,60.26464],[10.49724,60.26467],[10.4971,60.26462],[10.49711,60.26459],[10.497,60.26452],[10.49658,60.26431],[10.4965,60.26429],[10.49645,60.26434],[10.49632,60.26435],[10.49595,60.26415],[10.49593,60.2641],[10.49564,60.2641],[10.4958,60.26432],[10.49627,60.26471],[10.49627,60.26478],[10.4962,60.26486],[10.49608,60.26483],[10.49579,60.26492],[10.49568,60.26498],[10.4962,60.26488],[10.49658,60.26489]],[[10.50049,60.26661],[10.50048,60.26662],[10.50048,60.26661],[10.50049,60.26661]],[[10.50027,60.26683],[10.5003,60.26676],[10.50034,60.26676],[10.50032,60.26682],[10.50027,60.26683]],[[10.50005,60.26678],[10.50007,60.26679],[10.50005,60.26679],[10.50005,60.26678]]]]},"properties":{"a":27511,"v":-158342,"dh":5.76,"pl":2,"pn":"E16 Eggemoen - Olum","pd":"2024-06-11","c":0}},{"type":"Feature","geometry":{"type":"Polygon","coordinates":[[[10.50605,60.266],[10.50621,60.26578],[10.50622,60.26571],[10.50615,60.26572],[10.50606,60.26581],[10.50605,60.266]]]},"properties":{"a":111,"v":114,"dh":1.02,"pl":0,"fo":1,"c":169}},{"type":"Feature","geometry":{"type":"Polygon","coordinates":[[[10.48422,60.26655],[10.48497,60.26637],[10.4852,60.26626],[10.48452,60.2664],[10.48422,60.26655]]]},"properties":{"a":367,"v":-675,"dh":1.84,"pl":1,"pn":"Holdeplass Ragnhildrud - Vestre Olum","pd":"2019-09-05","fo":1,"c":176}},{"type":"Feature","geometry":{"type":"Polygon","coordinates":[[[10.4979,60.26672],[10.49813,60.26671],[10.49824,60.2666],[10.49825,60.26647],[10.49817,60.26644],[10.49819,60.2664],[10.49813,60.26633],[10.49822,60.26624],[10.49782,60.26587],[10.49769,60.26582],[10.49772,60.2659],[10.49765,60.26596],[10.49796,60.26603],[10.49804,60.26623],[10.49804,60.26635],[10.49796,60.26652],[10.49778,60.26659],[10.49789,60.26664],[10.49786,60.26669],[10.4979,60.26672]]]},"properties":{"a":1061,"v":1421,"dh":1.34,"pl":2,"pn":"E16 Eggemoen - Olum","pd":"2024-06-11","c":0}},{"type":"Feature","geometry":{"type":"Polygon","coordinates":[[[10.49542,60.26671],[10.49529,60.26665],[10.49466,60.26662],[10.49455,60.26656],[10.49468,60.26665],[10.49542,60.26671]]]},"properties":{"a":190,"v":-199,"dh":1.04,"pl":1,"pn":"Holdeplass Østre Olum","pd":"2019-09-05","fo":1,"c":170}},{"type":"Feature","geometry":{"type":"Polygon","coordinates":[[[10.50594,60.26676],[10.50595,60.26647],[10.50598,60.26647],[10.50593,60.26645],[10.50596,60.26644],[10.50596,60.26636],[10.50593,60.26636],[10.50596,60.26626],[10.5058,60.2663],[10.50585,60.26633],[10.5058,60.26635],[10.50582,60.2664],[10.50569,60.26647],[10.50586,60.26642],[10.50584,60.26646],[10.50589,60.26647],[10.50592,60.26657],[10.50585,60.26674],[10.50594,60.26676]]]},"properties":{"a":300,"v":264,"dh":0.88,"pl":0,"sh":1,"c":171}},{"type":"Feature","geometry":{"type":"Polygon","coordinates":[[[10.49589,60.26679],[10.49576,60.26671],[10.49556,60.26671],[10.49564,60.26677],[10.49589,60.26679]]]},"properties":{"a":101,"v":-123,"dh":1.22,"pl":1,"pn":"Holdeplass Østre Olum","pd":"2019-09-05","fo":1,"c":170}},{"type":"Feature","geometry":{"type":"Polygon","coordinates":[[[10.50473,60.26675],[10.50449,60.26671],[10.5044,60.26665],[10.50424,60.26664],[10.5045,60.26675],[10.50473,60.26675]]]},"properties":{"a":114,"v":-159,"dh":1.39,"pl":0,"c":172}},{"type":"Feature","geometry":{"type":"Polygon","coordinates":[[[10.4978,60.26707],[10.49789,60.267],[10.49765,60.26689],[10.49772,60.26684],[10.49754,60.2668],[10.49749,60.26684],[10.49762,60.26692],[10.49748,60.26701],[10.4978,60.26707]]]},"properties":{"a":371,"v":360,"dh":0.97,"pl":2,"pn":"E16 Eggemoen - Olum","pd":"2024-06-11","sh":1,"c":0}},{"type":"Feature","geometry":{"type":"Polygon","coordinates":[[[10.49559,60.26724],[10.49531,60.26712],[10.49506,60.26716],[10.49513,60.2672],[10.49559,60.26724]]]},"properties":{"a":193,"v":234,"dh":1.21,"pl":0,"c":173}},{"type":"Feature","geometry":{"type":"Polygon","coordinates":[[[10.49866,60.26724],[10.49986,60.26732],[10.49987,60.26728],[10.49947,60.26706],[10.49885,60.267],[10.49872,60.26703],[10.49866,60.26711],[10.4987,60.26721],[10.49866,60.26724]]]},"properties":{"a":1675,"v":3544,"dh":2.12,"pl":2,"pn":"E16 Eggemoen - Olum","pd":"2024-06-11","c":0}},{"type":"Feature","geometry":{"type":"Polygon","coordinates":[[[10.49786,60.26742],[10.49787,60.26738],[10.49811,60.2674],[10.49823,60.26736],[10.49818,60.26734],[10.49823,60.2673],[10.49807,60.26728],[10.49809,60.26731],[10.49805,60.26732],[10.497,60.26721],[10.49786,60.26742]]]},"properties":{"a":570,"v":605,"dh":1.06,"pl":2,"pn":"E16 Eggemoen - Olum","pd":"2024-06-11","c":0}},{"type":"Feature","geometry":{"type":"Polygon","coordinates":[[[10.48236,60.26658],[10.48258,60.26653],[10.48254,60.26646],[10.48246,60.26644],[10.4825,60.26632],[10.48224,60.26631],[10.48215,60.26635],[10.48214,60.2664],[10.48221,60.26641],[10.48238,60.26651],[10.48236,60.26658]]]},"properties":{"a":396,"v":703,"dh":1.77,"pl":0,"c":174}},{"type":"Feature","geometry":{"type":"Polygon","coordinates":[[[10.46137,60.26685],[10.46122,60.26677],[10.46104,60.26679],[10.461,60.26672],[10.46077,60.26673],[10.46075,60.26679],[10.46137,60.26685]]]},"properties":{"a":211,"v":248,"dh":1.17,"pl":0,"c":175}},{"type":"Feature","geometry":{"type":"Polygon","coordinates":[[[10.46111,60.26702],[10.46128,60.26699],[10.4613,60.26691],[10.46135,60.26689],[10.46114,60.26692],[10.46116,60.26698],[10.4611,60.26698],[10.46111,60.26702]],[[10.46126,60.26694],[10.46128,60.26693],[10.46128,60.26694],[10.46126,60.26694]]]},"properties":{"a":115,"v":-102,"dh":0.89,"pl":0,"sh":1,"c":175}},{"type":"Feature","geometry":{"type":"Polygon","coordinates":[[[10.46171,60.26717],[10.46152,60.26704],[10.46136,60.26705],[10.46136,60.26713],[10.46171,60.26717]]]},"properties":{"a":180,"v":-229,"dh":1.27,"pl":0,"c":175}},{"type":"Feature","geometry":{"type":"Polygon","coordinates":[[[10.48317,60.26716],[10.48368,60.26704],[10.48411,60.26685],[10.48404,60.26684],[10.48357,60.26697],[10.48322,60.26709],[10.48317,60.26716]]]},"properties":{"a":389,"v":472,"dh":1.21,"pl":1,"pn":"Holdeplass Ragnhildrud - Vestre Olum","pd":"2019-09-05","c":176}},{"type":"Feature","geometry":{"type":"Polygon","coordinates":[[[10.46282,60.26742],[10.46302,60.26735],[10.46302,60.2673],[10.46292,60.26723],[10.46285,60.26725],[10.46278,60.26739],[10.46271,60.26739],[10.46282,60.26742]]]},"properties":{"a":179,"v":-310,"dh":1.73,"pl":0,"fo":1,"c":177}},{"type":"Feature","geometry":{"type":"MultiPolygon","coordinates":[[[[10.48221,60.26731],[10.4829,60.26722],[10.48308,60.26723],[10.48308,60.2672],[10.48286,60.26717],[10.48221,60.26731]]],[[[10.48257,60.26727],[10.48252,60.26728],[10.48258,60.26728],[10.48257,60.26727]]],[[[10.48213,60.26733],[10.4822,60.2673],[10.48211,60.26731],[10.48213,60.26733]]]]},"properties":{"a":224,"v":261,"dh":1.16,"pl":1,"pn":"Holdeplass Ragnhildrud - Vestre Olum","pd":"2019-09-05","fo":1,"c":176}},{"type":"Feature","geometry":{"type":"Polygon","coordinates":[[[10.4817,60.26762],[10.48263,60.2674],[10.48297,60.26728],[10.48176,60.26757],[10.48132,60.2676],[10.4817,60.26762]]]},"properties":{"a":403,"v":387,"dh":0.96,"pl":0,"sh":1,"c":178}},{"type":"Feature","geometry":{"type":"Polygon","coordinates":[[[10.4812,60.26762],[10.48123,60.26758],[10.48175,60.26753],[10.48265,60.2673],[10.48175,60.26739],[10.48121,60.26754],[10.48116,60.26759],[10.4812,60.26762]]]},"properties":{"a":650,"v":-1073,"dh":1.65,"pl":1,"pn":"Holdeplass Ragnhildrud - Vestre Olum","pd":"2019-09-05","c":176}},{"type":"Feature","geometry":{"type":"Polygon","coordinates":[[[10.50068,60.26745],[10.50078,60.26738],[10.5005,60.26714],[10.50025,60.26725],[10.50027,60.26731],[10.50022,60.26736],[10.50026,60.26738],[10.50068,60.26745]]]},"properties":{"a":630,"v":1144,"dh":1.82,"pl":2,"pn":"E16 Eggemoen - Olum","pd":"2024-06-11","c":0}},{"type":"Feature","geometry":{"type":"Polygon","coordinates":[[[10.5006,60.26777],[10.50066,60.26774],[10.50065,60.26766],[10.50058,60.26764],[10.49951,60.2676],[10.49849,60.26741],[10.49817,60.26745],[10.49819,60.26749],[10.4981,60.26751],[10.49866,60.26755],[10.49895,60.26763],[10.49913,60.26759],[10.49941,60.26773],[10.49984,60.2677],[10.5006,60.26777]],[[10.49968,60.26766],[10.49975,60.26765],[10.49975,60.26766],[10.49968,60.26766]]]},"properties":{"a":1639,"v":-2951,"dh":1.8,"pl":2,"pn":"E16 Eggemoen - Olum","pd":"2024-06-11","c":0}},{"type":"Feature","geometry":{"type":"Polygon","coordinates":[[[10.4925,60.26807],[10.49244,60.26803],[10.49202,60.26797],[10.49188,60.26799],[10.4919,60.26804],[10.4925,60.26807]]]},"properties":{"a":177,"v":224,"dh":1.26,"pl":0,"c":179}},{"type":"Feature","geometry":{"type":"Polygon","coordinates":[[[10.50986,60.26816],[10.50984,60.26812],[10.50933,60.26807],[10.50944,60.26813],[10.50986,60.26816]]]},"properties":{"a":152,"v":175,"dh":1.15,"pl":0,"fo":1,"c":180}},{"type":"Feature","geometry":{"type":"Polygon","coordinates":[[[10.50302,60.26843],[10.50305,60.26838],[10.50248,60.2682],[10.50271,60.26834],[10.50289,60.26837],[10.50268,60.26843],[10.50302,60.26843]]]},"properties":{"a":266,"v":-301,"dh":1.13,"pl":2,"pn":"E16 Eggemoen - Olum","pd":"2024-06-11","fo":1,"c":0}},{"type":"Feature","geometry":{"type":"MultiPolygon","coordinates":[[[[10.5019,60.26877],[10.50046,60.2679],[10.50026,60.26785],[10.50032,60.26794],[10.50049,60.26799],[10.50047,60.26812],[10.50086,60.26821],[10.5016,60.26869],[10.5019,60.26877]]],[[[10.5019,60.26881],[10.50187,60.26891],[10.5019,60.26896],[10.50198,60.26893],[10.50199,60.26887],[10.50206,60.26887],[10.5019,60.26881]]]]},"properties":{"a":992,"v":1186,"dh":1.2,"pl":2,"pn":"E16 Eggemoen - Olum","pd":"2024-06-11","fo":1,"c":0}},{"type":"Feature","geometry":{"type":"Polygon","coordinates":[[[10.50909,60.26845],[10.50925,60.26835],[10.50923,60.26828],[10.5091,60.26827],[10.509,60.26833],[10.50906,60.26839],[10.50895,60.26844],[10.50909,60.26845]]]},"properties":{"a":186,"v":205,"dh":1.1,"pl":0,"fo":1,"c":180}},{"type":"Feature","geometry":{"type":"MultiPolygon","coordinates":[[[[10.50465,60.26685],[10.50466,60.26683],[10.50464,60.26683],[10.50465,60.26685]]],[[[10.50341,60.2698],[10.50352,60.26991],[10.50339,60.26986],[10.50334,60.26991],[10.50334,60.26999],[10.50353,60.27012],[10.50367,60.2701],[10.50364,60.27006],[10.50365,60.27002],[10.50391,60.27016],[10.50427,60.2705],[10.50429,60.27059],[10.50477,60.27113],[10.50486,60.27114],[10.50484,60.27106],[10.50463,60.27087],[10.50444,60.27056],[10.50438,60.27055],[10.50436,60.2705],[10.50442,60.2705],[10.50441,60.27048],[10.50436,60.27042],[10.50443,60.27042],[10.50462,60.27062],[10.50464,60.27059],[10.50427,60.27015],[10.50452,60.27031],[10.50473,60.27058],[10.505,60.27069],[10.50508,60.27077],[10.50517,60.27077],[10.50504,60.27069],[10.505,60.27052],[10.50492,60.27051],[10.50484,60.27037],[10.50477,60.27035],[10.50467,60.27012],[10.50448,60.26986],[10.5044,60.26982],[10.5044,60.26971],[10.50351,60.26918],[10.50323,60.26913],[10.50329,60.26922],[10.5032,60.26923],[10.50294,60.26906],[10.50278,60.26903],[10.50277,60.26899],[10.50264,60.26892],[10.50262,60.26875],[10.50249,60.26863],[10.50248,60.26859],[10.50254,60.26858],[10.50259,60.26851],[10.50255,60.26842],[10.50262,60.26836],[10.50241,60.2682],[10.50248,60.26814],[10.50257,60.26817],[10.50261,60.26816],[10.50235,60.26803],[10.50237,60.26797],[10.50255,60.268],[10.50274,60.26794],[10.50268,60.26766],[10.50244,60.26731],[10.50248,60.26698],[10.50277,60.26688],[10.50327,60.26688],[10.50358,60.2668],[10.50396,60.26679],[10.50417,60.26672],[10.5047,60.26683],[10.50466,60.26686],[10.50476,60.2669],[10.50485,60.2669],[10.50484,60.26683],[10.50393,60.26661],[10.50351,60.26662],[10.50335,60.26647],[10.5032,60.26644],[10.50271,60.2664],[10.50256,60.26626],[10.50253,60.26615],[10.50237,60.26614],[10.50234,60.26619],[10.50219,60.26623],[10.50187,60.26627],[10.50176,60.26627],[10.50171,60.26624],[10.5017,60.26618],[10.50161,60.26615],[10.50114,60.2661],[10.50101,60.26611],[10.50102,60.26615],[10.50086,60.26621],[10.50071,60.2662],[10.50051,60.2661],[10.5005,60.2659],[10.50041,60.26591],[10.50034,60.26605],[10.50022,60.26611],[10.4998,60.26609],[10.49949,60.26597],[10.49945,60.26597],[10.49949,60.26602],[10.49946,60.26607],[10.49933,60.26606],[10.49941,60.26617],[10.49963,60.26627],[10.4999,60.2663],[10.50012,60.26638],[10.50047,60.26638],[10.50051,60.26643],[10.50056,60.26642],[10.50054,60.26637],[10.5009,60.26636],[10.50058,60.26642],[10.50105,60.26648],[10.50145,60.26648],[10.502,60.26675],[10.50199,60.26679],[10.50206,60.26684],[10.50205,60.26691],[10.50198,60.26702],[10.50194,60.26733],[10.50183,60.26742],[10.5016,60.26749],[10.50127,60.26745],[10.50122,60.2675],[10.50086,60.26753],[10.50101,60.26757],[10.50076,60.26757],[10.5006,60.26763],[10.50069,60.26766],[10.50069,60.26779],[10.50088,60.26793],[10.50159,60.26838],[10.50185,60.26851],[10.50188,60.26849],[10.50194,60.26858],[10.50315,60.26929],[10.50377,60.26978],[10.5037,60.26984],[10.50364,60.26982],[10.50347,60.26968],[10.50316,60.26957],[10.50286,60.26939],[10.50266,60.26921],[10.50238,60.26911],[10.5024,60.26921],[10.50237,60.26925],[10.5027,60.26934],[10.50283,60.26944],[10.50271,60.26951],[10.50271,60.26959],[10.50295,60.26972],[10.50335,60.26983],[10.50341,60.2698]],[[10.50438,60.27049],[10.50434,60.27048],[10.50438,60.27048],[10.50438,60.27049]],[[10.50337,60.2698],[10.50332,60.26977],[10.50339,60.26979],[10.50337,60.2698]],[[10.50436,60.27047],[10.50434,60.27046],[10.50436,60.27046],[10.50436,60.27047]],[[10.50432,60.27041],[10.50429,60.27043],[10.50429,60.27041],[10.50432,60.27041]],[[10.50429,60.27041],[10.50427,60.27041],[10.50428,60.27041],[10.50429,60.27041]],[[10.50441,60.27041],[10.50439,60.2704],[10.50441,60.2704],[10.50441,60.27041]],[[10.50427,60.2704],[10.50428,60.27039],[10.50428,60.2704],[10.50427,60.2704]],[[10.50426,60.27036],[10.50423,60.27038],[10.50423,60.27036],[10.50426,60.27036]],[[10.50421,60.27032],[10.50419,60.27031],[10.50421,60.27031],[10.50421,60.27032]],[[10.50186,60.26848],[10.5017,60.26841],[10.50166,60.26836],[10.50184,60.26841],[10.50183,60.26847],[10.50186,60.26848]],[[10.50234,60.26821],[10.50214,60.26817],[10.50203,60.26811],[10.50215,60.26809],[10.50237,60.26816],[10.50234,60.26821]],[[10.50104,60.26636],[10.50097,60.26635],[10.50104,60.26635],[10.50104,60.26636]]],[[[10.50366,60.2698],[10.5037,60.26978],[10.50366,60.26978],[10.50366,60.2698]]],[[[10.50442,60.27053],[10.50443,60.2705],[10.50442,60.2705],[10.50442,60.27053]]],[[[10.50445,60.27053],[10.50444,60.27054],[10.50445,60.27054],[10.50445,60.27053]]],[[[10.50464,60.27062],[10.50466,60.27064],[10.50466,60.27062],[10.50464,60.27062]]],[[[10.50471,60.27092],[10.50472,60.27093],[10.50472,60.27092],[10.50471,60.27092]]]]},"properties":{"a":31153,"v":73425,"dh":2.36,"pl":2,"pn":"E16 Eggemoen - Olum","pd":"2024-06-11","c":0}},{"type":"Feature","geometry":{"type":"Polygon","coordinates":[[[10.50554,60.26865],[10.50618,60.26866],[10.50637,60.26848],[10.50553,60.26849],[10.50545,60.26855],[10.50554,60.26865]]]},"properties":{"a":847,"v":1549,"dh":1.83,"pl":0,"c":181}},{"type":"Feature","geometry":{"type":"MultiPolygon","coordinates":[[[[10.50141,60.26832],[10.50142,60.26831],[10.5014,60.26831],[10.50141,60.26832]]],[[[10.50144,60.26832],[10.50142,60.26833],[10.50144,60.26833],[10.50144,60.26832]]],[[[10.50148,60.26834],[10.50144,60.26835],[10.50148,60.26835],[10.50148,60.26834]]],[[[10.5015,60.26835],[10.50148,60.26836],[10.5015,60.26836],[10.5015,60.26835]]],[[[10.50155,60.26838],[10.5015,60.26838],[10.50155,60.2684],[10.50155,60.26838]]],[[[10.50157,60.2684],[10.50155,60.26841],[10.50157,60.26841],[10.50157,60.2684]]],[[[10.50163,60.26842],[10.50157,60.26843],[10.50163,60.26844],[10.50163,60.26842]]],[[[10.50165,60.26845],[10.50163,60.26844],[10.50163,60.26845],[10.50165,60.26845]]],[[[10.50165,60.26845],[10.50213,60.26882],[10.50232,60.26904],[10.50243,60.26907],[10.50217,60.2688],[10.5017,60.26847],[10.50168,60.26847],[10.50168,60.26846],[10.50166,60.26846],[10.50166,60.26845],[10.50165,60.26845]]]]},"properties":{"a":264,"v":-212,"dh":0.8,"pl":2,"pn":"E16 Eggemoen - Olum","pd":"2024-06-11","sh":1,"c":0}},{"type":"Feature","geometry":{"type":"Polygon","coordinates":[[[10.47892,60.26758],[10.47944,60.26758],[10.47951,60.26755],[10.47951,60.26751],[10.47877,60.26752],[10.47888,60.26753],[10.47892,60.26758]],[[10.47899,60.26755],[10.47902,60.26753],[10.47906,60.26755],[10.47899,60.26755]]]},"properties":{"a":320,"v":-428,"dh":1.34,"pl":1,"pn":"Holdeplass Ragnhildrud - Vestre Olum","pd":"2019-09-05","c":176}},{"type":"Feature","geometry":{"type":"Polygon","coordinates":[[[10.48057,60.26762],[10.48084,60.26758],[10.47987,60.26754],[10.48006,60.26759],[10.48057,60.26762]]]},"properties":{"a":240,"v":-309,"dh":1.29,"pl":1,"pn":"Holdeplass Ragnhildrud - Vestre Olum","pd":"2019-09-05","c":176}},{"type":"Feature","geometry":{"type":"Polygon","coordinates":[[[10.46732,60.26778],[10.46743,60.26781],[10.46741,60.26777],[10.46765,60.26775],[10.46757,60.26775],[10.46759,60.26772],[10.46727,60.26775],[10.46732,60.26778]],[[10.46732,60.26778],[10.46736,60.26776],[10.46736,60.26777],[10.46732,60.26778]]]},"properties":{"a":103,"v":96,"dh":0.93,"pl":0,"sh":1,"c":182}},{"type":"Feature","geometry":{"type":"Polygon","coordinates":[[[10.48489,60.26843],[10.48475,60.26828],[10.48467,60.26833],[10.48467,60.26837],[10.48474,60.26837],[10.4847,60.26839],[10.48472,60.26843],[10.48489,60.26843]]]},"properties":{"a":119,"v":112,"dh":0.94,"pl":0,"sh":1,"c":183}},{"type":"Feature","geometry":{"type":"Polygon","coordinates":[[[10.47593,60.27031],[10.47622,60.27026],[10.47611,60.2702],[10.47584,60.27026],[10.47531,60.27008],[10.47518,60.27009],[10.47524,60.27015],[10.47593,60.27031]]]},"properties":{"a":345,"v":764,"dh":2.21,"pl":0,"fo":1,"c":184}},{"type":"Feature","geometry":{"type":"MultiPolygon","coordinates":[[[[10.50838,60.26893],[10.50872,60.26895],[10.50867,60.269],[10.50874,60.26902],[10.50894,60.26901],[10.5089,60.26892],[10.50927,60.2688],[10.50934,60.26858],[10.50917,60.26862],[10.50905,60.26858],[10.50901,60.26865],[10.50882,60.26868],[10.50886,60.2688],[10.50879,60.26886],[10.50849,60.26875],[10.50826,60.26874],[10.50823,60.26883],[10.50839,60.26887],[10.50838,60.26893]],[[10.50848,60.26891],[10.5085,60.26887],[10.50857,60.26888],[10.50856,60.26893],[10.50848,60.26891]]],[[[10.50865,60.26897],[10.50867,60.26896],[10.50865,60.26896],[10.50865,60.26897]]]]},"properties":{"a":1274,"v":1401,"dh":1.1,"pl":0,"fo":1,"c":185}},{"type":"Feature","geometry":{"type":"Polygon","coordinates":[[[10.50301,60.26902],[10.5029,60.2689],[10.50267,60.26877],[10.50277,60.26886],[10.50277,60.26892],[10.50301,60.26902]]]},"properties":{"a":131,"v":-148,"dh":1.13,"pl":2,"pn":"E16 Eggemoen - Olum","pd":"2024-06-11","fo":1,"c":0}},{"type":"Feature","geometry":{"type":"Polygon","coordinates":[[[10.50758,60.26892],[10.50763,60.26885],[10.50738,60.26883],[10.50743,60.26891],[10.50758,60.26892]]]},"properties":{"a":116,"v":-139,"dh":1.2,"pl":0,"c":185}},{"type":"Feature","geometry":{"type":"Polygon","coordinates":[[[10.50671,60.27089],[10.50671,60.27082],[10.50687,60.27071],[10.50688,60.27064],[10.50675,60.27055],[10.50632,60.27054],[10.50626,60.27057],[10.50634,60.27074],[10.50658,60.27087],[10.50671,60.27089]],[[10.50669,60.27082],[10.50655,60.27083],[10.50653,60.27081],[10.50669,60.27082]]]},"properties":{"a":837,"v":2217,"dh":2.65,"pl":0,"fo":1,"c":186}},{"type":"Feature","geometry":{"type":"Polygon","coordinates":[[[10.50665,60.27108],[10.50668,60.27101],[10.50629,60.27085],[10.50656,60.27105],[10.50665,60.27108]]]},"properties":{"a":134,"v":-137,"dh":1.02,"pl":0,"fo":1,"c":186}},{"type":"Feature","geometry":{"type":"MultiPolygon","coordinates":[[[[10.50477,60.27147],[10.50498,60.27172],[10.50496,60.27177],[10.50513,60.27185],[10.50513,60.27191],[10.5053,60.27208],[10.50539,60.27212],[10.50537,60.27201],[10.50514,60.2717],[10.5052,60.27155],[10.50542,60.27161],[10.50571,60.27199],[10.50574,60.27209],[10.50592,60.27219],[10.50582,60.27192],[10.50565,60.27183],[10.50566,60.2717],[10.50557,60.27164],[10.50557,60.27154],[10.50549,60.27151],[10.50535,60.27126],[10.50507,60.27098],[10.50505,60.27089],[10.50481,60.27072],[10.50504,60.27111],[10.50504,60.2712],[10.50494,60.27122],[10.50473,60.27114],[10.50469,60.27101],[10.50428,60.2706],[10.50425,60.27051],[10.50384,60.27013],[10.50375,60.2701],[10.50375,60.27018],[10.50387,60.27034],[10.50394,60.27037],[10.504,60.27053],[10.50421,60.27067],[10.50417,60.2707],[10.50428,60.27079],[10.50431,60.27093],[10.5045,60.27121],[10.50467,60.27138],[10.50476,60.27141],[10.50477,60.27147]]],[[[10.50475,60.27142],[10.50471,60.27143],[10.50475,60.27143],[10.50475,60.27142]]]]},"properties":{"a":4536,"v":-15999,"dh":3.53,"pl":2,"pn":"E16 Eggemoen - Olum","pd":"2024-06-11","c":0}},{"type":"Feature","geometry":{"type":"Polygon","coordinates":[[[10.50582,60.2715],[10.50583,60.2714],[10.50577,60.27136],[10.50577,60.27123],[10.50562,60.27113],[10.50567,60.27111],[10.50565,60.27106],[10.50545,60.27097],[10.50514,60.27097],[10.50539,60.27126],[10.50543,60.2714],[10.50562,60.27154],[10.50561,60.27162],[10.5057,60.27168],[10.50571,60.27184],[10.50598,60.27189],[10.50596,60.27183],[10.50605,60.27176],[10.50584,60.27169],[10.50597,60.27159],[10.50582,60.2715]],[[10.50581,60.27167],[10.50583,60.27168],[10.50581,60.27168],[10.50581,60.27167]]]},"properties":{"a":1842,"v":3425,"dh":1.86,"pl":2,"pn":"E16 Eggemoen - Olum","pd":"2024-06-11","fo":1,"c":0}},{"type":"Feature","geometry":{"type":"Polygon","coordinates":[[[10.5127,60.27142],[10.5127,60.27136],[10.51263,60.27134],[10.51266,60.27136],[10.51261,60.27138],[10.51261,60.27134],[10.51254,60.27134],[10.51248,60.27136],[10.5125,60.27142],[10.5124,60.27146],[10.51249,60.27159],[10.51269,60.27159],[10.51276,60.27157],[10.51276,60.27143],[10.5127,60.27142]],[[10.51252,60.27137],[10.51254,60.27138],[10.51252,60.27138],[10.51252,60.27137]]]},"properties":{"a":394,"v":519,"dh":1.32,"pl":0,"c":187}},{"type":"Feature","geometry":{"type":"Polygon","coordinates":[[[10.50477,60.27153],[10.50461,60.27154],[10.50461,60.27159],[10.50448,60.27158],[10.50452,60.27161],[10.50443,60.27163],[10.50447,60.27165],[10.50442,60.27171],[10.50473,60.27174],[10.50487,60.2717],[10.50479,60.27159],[10.50463,60.27159],[10.50477,60.27153]]]},"properties":{"a":358,"v":442,"dh":1.23,"pl":2,"pn":"E16 Eggemoen - Olum","pd":"2024-06-11","fo":1,"c":0}},{"type":"Feature","geometry":{"type":"Polygon","coordinates":[[[10.50389,60.27202],[10.50465,60.27203],[10.50474,60.27195],[10.50461,60.2719],[10.50404,60.27186],[10.50383,60.27193],[10.50383,60.272],[10.50389,60.27202]]]},"properties":{"a":717,"v":1075,"dh":1.5,"pl":0,"fo":1,"c":188}},{"type":"Feature","geometry":{"type":"Polygon","coordinates":[[[10.50536,60.27246],[10.50544,60.27241],[10.50545,60.27219],[10.50521,60.2721],[10.50521,60.272],[10.50511,60.27193],[10.5049,60.27195],[10.50503,60.27202],[10.5049,60.27209],[10.505,60.27215],[10.50507,60.27214],[10.50508,60.27228],[10.50517,60.27242],[10.50536,60.27246]]]},"properties":{"a":886,"v":1124,"dh":1.27,"pl":2,"pn":"E16 Eggemoen - Olum","pd":"2024-06-11","fo":1,"c":0}},{"type":"Feature","geometry":{"type":"Polygon","coordinates":[[[10.50608,60.27295],[10.50589,60.27279],[10.5057,60.27246],[10.50555,60.27239],[10.50561,60.27243],[10.50562,60.2726],[10.50584,60.27279],[10.50584,60.27287],[10.50608,60.27295]]]},"properties":{"a":407,"v":-825,"dh":2.03,"pl":2,"pn":"E16 Eggemoen - Olum","pd":"2024-06-11","fo":1,"c":0}},{"type":"Feature","geometry":{"type":"Polygon","coordinates":[[[10.50743,60.27353],[10.50742,60.27341],[10.50733,60.27327],[10.50678,60.2731],[10.50675,60.27298],[10.50679,60.27296],[10.50668,60.27289],[10.50668,60.27285],[10.5066,60.27284],[10.50656,60.27275],[10.50651,60.27275],[10.50654,60.27269],[10.50602,60.27234],[10.50603,60.2725],[10.50652,60.273],[10.5067,60.27307],[10.50669,60.27314],[10.50682,60.27327],[10.50716,60.27349],[10.50743,60.27353]]]},"properties":{"a":1881,"v":-5317,"dh":2.83,"pl":2,"pn":"E16 Eggemoen - Olum","pd":"2024-06-11","fo":1,"c":0}},{"type":"Feature","geometry":{"type":"Polygon","coordinates":[[[10.506,60.27304],[10.50603,60.27298],[10.50594,60.27293],[10.50577,60.27292],[10.506,60.27304]]]},"properties":{"a":106,"v":121,"dh":1.14,"pl":2,"pn":"E16 Eggemoen - Olum","pd":"2024-06-11","fo":1,"c":0}},{"type":"Feature","geometry":{"type":"Polygon","coordinates":[[[10.50646,60.27333],[10.50638,60.27319],[10.50616,60.27308],[10.50616,60.27303],[10.50609,60.27302],[10.50609,60.27309],[10.50622,60.27311],[10.5062,60.27316],[10.50626,60.27321],[10.50646,60.27333]]]},"properties":{"a":151,"v":-185,"dh":1.23,"pl":2,"pn":"E16 Eggemoen - Olum","pd":"2024-06-11","fo":1,"c":0}},{"type":"Feature","geometry":{"type":"Polygon","coordinates":[[[10.509,60.27473],[10.50911,60.27471],[10.50911,60.27464],[10.50918,60.27458],[10.5095,60.27455],[10.50976,60.27468],[10.50978,60.27466],[10.50964,60.27444],[10.50945,60.2743],[10.50918,60.27419],[10.50918,60.27414],[10.50899,60.27403],[10.50899,60.27394],[10.50868,60.2739],[10.50812,60.2737],[10.50801,60.27361],[10.50772,60.27357],[10.50779,60.27355],[10.50775,60.27343],[10.5078,60.27339],[10.50767,60.27332],[10.50767,60.27322],[10.50756,60.27315],[10.50739,60.27313],[10.50728,60.27294],[10.50721,60.27299],[10.50709,60.27292],[10.50709,60.27287],[10.50673,60.27282],[10.50683,60.27297],[10.5069,60.27299],[10.50681,60.27304],[10.50683,60.2731],[10.50738,60.27325],[10.50754,60.27354],[10.50738,60.27359],[10.50716,60.27354],[10.50652,60.27304],[10.50601,60.27251],[10.50593,60.27236],[10.50609,60.27226],[10.50615,60.27241],[10.50643,60.27257],[10.50652,60.27256],[10.50653,60.2725],[10.50648,60.27246],[10.50651,60.27239],[10.50616,60.27232],[10.50623,60.2722],[10.50613,60.27202],[10.50591,60.272],[10.50603,60.27214],[10.50594,60.27224],[10.50583,60.27222],[10.50568,60.27207],[10.50558,60.27184],[10.50547,60.27175],[10.5057,60.27215],[10.50607,60.27264],[10.50673,60.27328],[10.50744,60.27379],[10.509,60.27473]],[[10.50837,60.27428],[10.50804,60.27412],[10.5079,60.27398],[10.50818,60.27405],[10.50824,60.27415],[10.50833,60.27418],[10.50837,60.27428]],[[10.50725,60.27307],[10.50703,60.27305],[10.50695,60.273],[10.50725,60.27307]],[[10.5069,60.27294],[10.50693,60.27292],[10.50693,60.27294],[10.5069,60.27294]]]},"properties":{"a":9688,"v":24256,"dh":2.5,"pl":2,"pn":"E16 Eggemoen - Olum","pd":"2024-06-11","c":0}},{"type":"Feature","geometry":{"type":"Polygon","coordinates":[[[10.50667,60.27346],[10.50674,60.27349],[10.50661,60.2734],[10.50661,60.27344],[10.50647,60.27341],[10.50647,60.27346],[10.50665,60.27353],[10.50675,60.27368],[10.50688,60.27369],[10.50685,60.27361],[10.50671,60.27354],[10.50667,60.27346]],[[10.50665,60.27346],[10.50663,60.27345],[10.50665,60.27345],[10.50665,60.27346]]]},"properties":{"a":251,"v":270,"dh":1.07,"pl":2,"pn":"E16 Eggemoen - Olum","pd":"2024-06-11","fo":1,"c":0}},{"type":"Feature","geometry":{"type":"Polygon","coordinates":[[[10.50751,60.27413],[10.50773,60.27417],[10.50755,60.27411],[10.50753,60.27405],[10.50743,60.27403],[10.50715,60.27376],[10.50697,60.27369],[10.5069,60.27371],[10.5069,60.27375],[10.50712,60.27382],[10.50712,60.27387],[10.50725,60.27391],[10.50727,60.27397],[10.50749,60.27408],[10.50751,60.27413]]]},"properties":{"a":329,"v":-497,"dh":1.51,"pl":2,"pn":"E16 Eggemoen - Olum","pd":"2024-06-11","fo":1,"c":0}},{"type":"Feature","geometry":{"type":"Polygon","coordinates":[[[10.50893,60.27519],[10.50902,60.27502],[10.50945,60.27493],[10.50959,60.27485],[10.5096,60.27479],[10.50973,60.27478],[10.50973,60.27473],[10.50954,60.2746],[10.50941,60.27459],[10.50883,60.2748],[10.5088,60.27494],[10.50873,60.27497],[10.50871,60.27506],[10.50878,60.27506],[10.50893,60.27519]]]},"properties":{"a":1722,"v":-4836,"dh":2.81,"pl":2,"pn":"E16 Eggemoen - Olum","pd":"2024-06-11","fo":1,"c":0}},{"type":"Feature","geometry":{"type":"Polygon","coordinates":[[[10.52209,60.27897],[10.5222,60.27891],[10.52196,60.27885],[10.52178,60.27889],[10.52182,60.27894],[10.52209,60.27897]]]},"properties":{"a":181,"v":205,"dh":1.13,"pl":1,"pn":"RV 35 Olimb - Hallum","pd":"1994-12-13","fo":1,"c":0}},{"type":"Feature","geometry":{"type":"Polygon","coordinates":[[[10.52108,60.28012],[10.52108,60.28008],[10.52093,60.28005],[10.52064,60.28004],[10.52079,60.28011],[10.52108,60.28012]]]},"properties":{"a":144,"v":-196,"dh":1.36,"pl":0,"fo":1,"c":189}}]}