FlowUID,FromUID,ToUID,FromName,ToName,MassType,Volume_m3,VolumeUnit,PeriodStart,PeriodEnd,EvidenceClass,Confidence,SourceURL,Class,Outcome,Method,Notes,Published
FLW_0001,SRC_HIS_001,OS_OS_009,Follobanen,Åsland riggområde,rock,3000000,pfm3,2015,2022,evidenced,high,"Dirty Business projects sheet, SRC_HIS_001 row",E1,received,stated in source document,The project's own database row. Åsland was not a facility in the database until now.,FALSE
FLW_0002,SRC_OS_011,VF_HM_001,Regjeringskvartalet C-blokk,NOAH Solutions Langøya,contaminated,97222,m3 (from tonnes at 1.8 t/m3),2021,2022,evidenced,high,https://www.tungt.no/article/view/877546/regjeringskvartalet_har_kvittet_seg_med_11000_lastebillass_alunskifer,E1,received,stated in source document,"11 000 lorry loads of alum shale. Multimodal: truck to Grønlikaia, barge to Holmestrand.",FALSE
FLW_0003,SRC_OS_002,BU_LI_003,Ny vannforsyning Oslo,Gilhusbukta,rock,666667,m3 (from tonnes at 1.8 t/m3),2020,2025,evidenced,high,https://www.logistikkinside.no/bilimport-drammen-havn-gjenbruk-av-steinmasser/gjenbruker-12-millioner-tonn-stein-i-drammen-havn/1312413,E1,received,stated in source document,Used as preload for Eidos' 200 daa land reclamation.,FALSE
FLW_0004,BU_LI_003,BU_DR_001,Gilhusbukta,Drammen Havn Holmen,rock,666667,m3 (from tonnes at 1.8 t/m3),2025,2026,evidenced,high,https://www.logistikkinside.no/bilimport-drammen-havn-gjenbruk-av-steinmasser/gjenbruker-12-millioner-tonn-stein-i-drammen-havn/1312413,E1,in progress,stated in source document,"RE-EXPORT. The same mass moving a second time, to build 80 daa of new harbour. Proves a receiver is not always a sink.",FALSE
FLW_0005,PENDING_KJELLER,AK_AS_001,"Kjeller flyplass, PFAS-sanering (Forsvarsbygg)",Lindum Oredalen,contaminated,4444,m3 (from tonnes at 1.8 t/m3),2024,2025,evidenced,high,https://www.globe.uio.no/include/publikasjoner-media/rapporter/rapport-1-25-fra-deponi-til-gjenvinning_ferdig.pdf ; https://www.air24.no/posts/ingen-kommentar-til-prisoverslag-pa-4-mrd-kroner-for-opprydding,E1,CONTRACTED THEN REFUSED,stated in source document,CONTRACT SIGNED JULY 2024 for up to 8 000 t; application 23.09.2024; REFUSED by Statsforvalteren April 2025 over contaminated leachate. The commercial edge existed before the regulatory one was denied. Destination still undetermined publicly.,FALSE
FLW_0006,PENDING_KJELLER,PENDING_UNKNOWN,"Kjeller flyplass, PFAS-sanering (Forsvarsbygg)",unknown approved deponi,contaminated,12000,m3,2024,2025,evidenced,medium,https://norskbyggedata.no/no/project/ljosanering-og-forurensede-masser-kjeller-flyplass-673131321,E2a,destination unknown,stated in source document,"Contractor H2 Miljo AS, client Forsvarsbygg, 15 MNOK ex VAT, start Oct 2024, ~14 months. Scope ~18 000 m3 PFAS-contaminated masses of which ~12 000 m3 carted to 'godkjente deponier', unnamed. 17 000 m3 tied to the brannovingsfelt. THE OPEN EDGE: follow Forsvarsbygg's sluttrapport, due 1 April 2026.",FALSE
FLW_0007,SRC_VI_001,BU_LI_003,E18 Vestkorridoren,Gilhusbukta,rock,,pfm3,2020,2028,evidenced,high,https://www.statsforvalteren.no/contentassets/693b1fba254244b89e826aec01f7c51a/vedlegg-9---plan-for-massehandtering-og-transport.pdf,E2a,designated,stated in source document,28 km in the plan. Project total 2 214 500 pfm3; volume per receiver not split in the plan.,FALSE
FLW_0008,SRC_VI_001,BU_DR_001,E18 Vestkorridoren,Drammen Havn Holmen,rock,,pfm3,2020,2028,evidenced,high,https://www.statsforvalteren.no/contentassets/693b1fba254244b89e826aec01f7c51a/vedlegg-9---plan-for-massehandtering-og-transport.pdf,E2a,designated,stated in source document,30 km in the plan. Project total 2 214 500 pfm3; volume per receiver not split in the plan.,FALSE
FLW_0009,SRC_VI_001,AK_AS_001,E18 Vestkorridoren,Lindum Oredalen,contaminated,,pfm3,2020,2028,evidenced,high,https://www.statsforvalteren.no/contentassets/693b1fba254244b89e826aec01f7c51a/vedlegg-9---plan-for-massehandtering-og-transport.pdf,E2a,designated,stated in source document,soft clay and contaminated masses. Project total 2 214 500 pfm3; volume per receiver not split in the plan.,FALSE
FLW_0010,SRC_VI_001,BU_LI_001,E18 Vestkorridoren,Egge I - inert deponi,contaminated,,pfm3,2020,2028,evidenced,high,https://www.statsforvalteren.no/contentassets/693b1fba254244b89e826aec01f7c51a/vedlegg-9---plan-for-massehandtering-og-transport.pdf,E2a,designated,stated in source document,hazardous fraction. Project total 2 214 500 pfm3; volume per receiver not split in the plan.,FALSE
FLW_0011,SRC_VI_001,BU_LI_005,E18 Vestkorridoren,Lyngås grustak,demolition,35000,pfm3,2020,2028,evidenced,high,https://www.statsforvalteren.no/contentassets/693b1fba254244b89e826aec01f7c51a/vedlegg-9---plan-for-massehandtering-og-transport.pdf,E2a,designated,stated in source document,"asphalt, Franzefoss/Lyngås. Project total 2 214 500 pfm3; volume per receiver not split in the plan.",FALSE
FLW_0012,SRC_VI_003,AK_FR_001,E134 Oslofjordforbindelsen 2,Måna massedeponi,rock,103300,pam3,2025,2032,evidenced,high,https://www.statsforvalteren.no/siteassets/fm-oslo-og-viken/horinger-og-kunngjoringer/e134-oslofjordtunnel/soknad-om-tillatelse.pdf.pdf,E2a,designated,stated in source document,Permanent deposit inside the project's own regulated area.,FALSE
FLW_0013,SRC_VI_003,AK_FR_002,E134 Oslofjordforbindelsen 2,Bråtan massedeponi,rock,60000,pam3,2025,2032,evidenced,high,https://www.statsforvalteren.no/siteassets/fm-oslo-og-viken/horinger-og-kunngjoringer/e134-oslofjordtunnel/soknad-om-tillatelse.pdf.pdf,E2a,designated,stated in source document,Permanent deposit inside the project's own regulated area.,FALSE
FLW_0014,SRC_VI_003,AK_FR_003,E134 Oslofjordforbindelsen 2,Vassum massedeponi,rock,80000,pam3,2025,2032,evidenced,high,https://www.statsforvalteren.no/siteassets/fm-oslo-og-viken/horinger-og-kunngjoringer/e134-oslofjordtunnel/soknad-om-tillatelse.pdf.pdf,E2a,designated,stated in source document,Permanent deposit inside the project's own regulated area.,FALSE
FLW_0015,SRC_VI_003,AK_AS_005,E134 Oslofjordforbindelsen 2,Storsand (Storsand Bolig AS),rock,,pam3,2025,2032,evidenced,medium,https://www.statsforvalteren.no/siteassets/fm-oslo-og-viken/horinger-og-kunngjoringer/e134-oslofjordtunnel/soknad-om-tillatelse.pdf.pdf,E2a,designated,stated in source document,Part of the surplus planned for delivery to a housing and land-reclamation project.,FALSE
FLW_0016,SRC_VI_003,SRC_VI_003,E134 Oslofjordforbindelsen 2,E134 (reused on site),rock,260000,pfm3,2025,2032,evidenced,high,https://www.statsforvalteren.no/siteassets/fm-oslo-og-viken/horinger-og-kunngjoringer/e134-oslofjordtunnel/soknad-om-tillatelse.pdf.pdf,E2a,reused on site,stated in source document,"SELF-LOOP. Documented retention of 20 %, not modelled.",FALSE
FLW_0017,SRC_VI_002,AK_BA_005,Ringeriksbanen / E16 (FRE16),Avtjerna masselager,rock,3300000,pam3,,,evidenced,high,https://www.statsforvalteren.no/siteassets/fm-oslo-og-viken/horinger-og-kunngjoringer/klima-og-miljovern/fellesprosjektet-fre16/soknad.pdf,E2a,designated,stated in source document,Project total approx. 3.4 mill pfm3 on the stretch applied for. Brakamyr's location is unresolved.,FALSE
FLW_0018,SRC_VI_002,BU_HO_002,Ringeriksbanen / E16 (FRE16),Brakamyr massedeponi,rock,500000,pam3,,,evidenced,high,https://www.statsforvalteren.no/siteassets/fm-oslo-og-viken/horinger-og-kunngjoringer/klima-og-miljovern/fellesprosjektet-fre16/soknad.pdf,E2a,designated,stated in source document,Project total approx. 3.4 mill pfm3 on the stretch applied for. Brakamyr's location is unresolved.,FALSE
FLW_0019,SRC_VI_002,BU_HO_001,Ringeriksbanen / E16 (FRE16),Nordlandsdalen massedeponi,rock,850000,pam3,,,evidenced,high,https://www.statsforvalteren.no/siteassets/fm-oslo-og-viken/horinger-og-kunngjoringer/klima-og-miljovern/fellesprosjektet-fre16/soknad.pdf,E2a,designated,stated in source document,Project total approx. 3.4 mill pfm3 on the stretch applied for. Brakamyr's location is unresolved.,FALSE
FLW_0020,SRC_VI_002,BU_RI_008,Ringeriksbanen / E16 (FRE16),Prestmoen,rock,,m3,,,evidenced,medium,https://www.ringerike.kommune.no/contentassets/b6cd264eab254ca485bb7d69ae99a4d2/vedlegg-1.-kommunedelplan-for-masseforvaltning-datert-23.09.21.pdf,E2a,designated,stated in source document,Prestmoen is regulated through the FRE16 plan for intermediate storage of masses.,FALSE
FLW_0021,SRC_OS_002,AK_NI_001,Ny vannforsyning Oslo,NOAH Engadalen,mixed,,,,,evidenced,medium,https://www.globe.uio.no/include/publikasjoner-media/rapporter/rapport-1-25-fra-deponi-til-gjenvinning_ferdig.pdf,E2a,received,stated by the receiving facility,"STATED BY THE RECEIVER on its own site: 'løsningen for mange av regionens viktigste bygge- og anleggsprosjekter som ny vannforsyning, Fornebubanen og Livsvitensenteret'.",FALSE
FLW_0022,SRC_OS_001,AK_NI_001,Fornebubanen,NOAH Engadalen,mixed,,,,,evidenced,medium,https://www.globe.uio.no/include/publikasjoner-media/rapporter/rapport-1-25-fra-deponi-til-gjenvinning_ferdig.pdf,E2a,received,stated by the receiving facility,"STATED BY THE RECEIVER on its own site: 'løsningen for mange av regionens viktigste bygge- og anleggsprosjekter som ny vannforsyning, Fornebubanen og Livsvitensenteret'.",FALSE
FLW_0023,SRC_OS_003,AK_NI_001,Livsvitenskapsbygget,NOAH Engadalen,mixed,,,,,evidenced,medium,https://www.globe.uio.no/include/publikasjoner-media/rapporter/rapport-1-25-fra-deponi-til-gjenvinning_ferdig.pdf,E2a,received,stated by the receiving facility,"STATED BY THE RECEIVER on its own site: 'løsningen for mange av regionens viktigste bygge- og anleggsprosjekter som ny vannforsyning, Fornebubanen og Livsvitensenteret'.",FALSE
FLW_0024,PENDING_KARLJOHANSVERN,AK_AS_001,"Karljohansvern, Horten (Forsvarsbygg)",Lindum (facility unconfirmed),contaminated,16667,m3 (from tonnes at 1.8 t/m3),2023,2023,evidenced,medium,https://anlegg.bygg.no/forsvarsbygg-fjerner-forurensing-pa-karljohansvern-i-horten/286189,E2a,received,stated in source document,Aug–Nov 2023. The tiltaksplan says only 'godkjent deponi'; Lindum's own news says it took part. WHICH Lindum site is unconfirmed.,FALSE
FLW_0025,PENDING_DRAMMEN_TONSBERG,BU_DR_002,Drammen and Tønsberg (catchment),Lindum AS avd. Drammen,contaminated,11111,m3 (from tonnes at 1.8 t/m3),,,evidenced,medium,https://lindum.no/tjenester/forurensede-masser,E2a,received,stated in source document,"Oily sludge and sand at the Drammen oil treatment plant. A stated catchment, not a named project.",FALSE
FLW_0026,SRC_OS_012,BU_DR_001,Nye Aker sykehus,Drammen Havn Holmen,mixed,,pfm3,2022,2030,modelled,medium,https://www.regjeringen.no/contentassets/2c4e4768f5de411ca00fa53a8ca1f4d3/fagrapport-konsekvenser-i-anleggsfasen.pdf,E2b,considered,stated in source document,"'Det foreligger ingen avtale med Drammen havn'. Project surplus 335 000 pfm3, roughly half rock, half løsmasser. NOT A FLOW — intent only.",FALSE
FLW_0027,SRC_OS_012,AK_BA_005,Nye Aker sykehus,Avtjerna masselager,mixed,,pfm3,2022,2030,modelled,medium,https://www.regjeringen.no/contentassets/2c4e4768f5de411ca00fa53a8ca1f4d3/fagrapport-konsekvenser-i-anleggsfasen.pdf,E2b,considered,stated in source document,"under consideration; Bærum says Avtjerna is fully committed to FRE16 until ~2027. Project surplus 335 000 pfm3, roughly half rock, half løsmasser. NOT A FLOW — intent only.",FALSE
FLW_0028,SRC_OS_012,AK_AS_001,Nye Aker sykehus,Lindum Oredalen,mixed,,pfm3,2022,2030,modelled,medium,https://www.regjeringen.no/contentassets/2c4e4768f5de411ca00fa53a8ca1f4d3/fagrapport-konsekvenser-i-anleggsfasen.pdf,E2b,considered,stated in source document,"noted as taking contaminated masses. Project surplus 335 000 pfm3, roughly half rock, half løsmasser. NOT A FLOW — intent only.",FALSE
FLW_0029,SRC_VI_001,AK_BA_006,E18 Vestkorridoren,"Lakseberget, Sandvika",rock,,pfm3,2020,2028,modelled,medium,https://www.statsforvalteren.no/contentassets/693b1fba254244b89e826aec01f7c51a/vedlegg-9---plan-for-massehandtering-og-transport.pdf ; https://www.baerum.kommune.no/politikk-og-samfunn/samfunnsutvikling/om-barum-ressursbank/mulig-mottak/lakseberget-sandvika/,E2b,considered,stated in source document,"E18 plan lists it with uncertain availability, approx. 2 km. Bærum names E18 and Fornebubanen as the likely suppliers.",FALSE
FLW_0030,SRC_OS_001,AK_BA_006,Fornebubanen,"Lakseberget, Sandvika",rock,,pfm3,2020,2028,modelled,medium,https://www.baerum.kommune.no/politikk-og-samfunn/samfunnsutvikling/om-barum-ressursbank/mulig-mottak/lakseberget-sandvika/,E2b,considered,stated in source document,Named by Bærum kommune as a likely supplier.,FALSE
FLW_0031,SRC_VI_001,AK_BA_009,E18 Vestkorridoren,"Friluftsøya, Fornebu",rock,,pfm3,2020,2028,modelled,low,https://www.statsforvalteren.no/contentassets/693b1fba254244b89e826aec01f7c51a/vedlegg-9---plan-for-massehandtering-og-transport.pdf ; https://www.baerum.kommune.no/politikk-og-samfunn/samfunnsutvikling/om-barum-ressursbank/mulig-mottak/friluftsoya-fornebu/,E2b,considered,stated in source document,"2-5 km. CONFLICT: reported refused by Statsforvalteren in one source, described as ongoing by the kommune.",FALSE
FLW_0032,SRC_OS_001,AK_BA_009,Fornebubanen,"Friluftsøya, Fornebu",rock,,pfm3,2020,2028,modelled,low,https://www.baerum.kommune.no/politikk-og-samfunn/samfunnsutvikling/om-barum-ressursbank/mulig-mottak/friluftsoya-fornebu/,E2b,considered,stated in source document,0-2 km. Filling proposed mainly by barge.,FALSE
FLW_0033,SRC_VI_002,AK_BA_007,Ringeriksbanen / E16 (FRE16),Brenna (Avtjerna syd),rock,,,,,modelled,low,https://www.baerum.kommune.no/politikk-og-samfunn/samfunnsutvikling/om-barum-ressursbank/mulig-mottak/brenna/,E2b,interest expressed,stated in source document,All three have expressed interest in a future facility at Brenna. Private plan proposal only.,FALSE
FLW_0034,SRC_OS_001,AK_BA_007,Fornebubanen,Brenna (Avtjerna syd),rock,,,,,modelled,low,https://www.baerum.kommune.no/politikk-og-samfunn/samfunnsutvikling/om-barum-ressursbank/mulig-mottak/brenna/,E2b,interest expressed,stated in source document,All three have expressed interest in a future facility at Brenna. Private plan proposal only.,FALSE
FLW_0035,SRC_VI_001,AK_BA_007,E18 Vestkorridoren,Brenna (Avtjerna syd),rock,,,,,modelled,low,https://www.baerum.kommune.no/politikk-og-samfunn/samfunnsutvikling/om-barum-ressursbank/mulig-mottak/brenna/,E2b,interest expressed,stated in source document,All three have expressed interest in a future facility at Brenna. Private plan proposal only.,FALSE
FLW_0036,SRC_OS_001,SRC_OS_001,Fornebubanen,Fornebubanen (on site),rock,158000,pfm3,2020,2029,modelled,low,"(model output, not a source)",E5,modelled,"distance-decay allocation, capacity-capped, straight line x1.3","SELF-LOOP, modelled retention on site. 0.0 km. HYPOTHESIS ONLY - do not present as a flow.",FALSE
FLW_0037,SRC_OS_001,SRC_OS_001,Fornebubanen,Fornebubanen (on site),soil and clay,7900,pfm3,2020,2029,modelled,low,"(model output, not a source)",E5,modelled,"distance-decay allocation, capacity-capped, straight line x1.3","SELF-LOOP, modelled retention on site. 0.0 km. HYPOTHESIS ONLY - do not present as a flow.",FALSE
FLW_0038,SRC_OS_002,SRC_OS_002,Ny vannforsyning Oslo,Ny vannforsyning Oslo (on site),rock,300000,pfm3,2020,2028,modelled,low,"(model output, not a source)",E5,modelled,"distance-decay allocation, capacity-capped, straight line x1.3","SELF-LOOP, modelled retention on site. 0.0 km. HYPOTHESIS ONLY - do not present as a flow.",FALSE
FLW_0039,SRC_VI_010,SRC_VI_010,Oslo Logistikkpark Drøbak,Oslo Logistikkpark Drøbak (on site),rock,56250,pfm3,2023,2026,modelled,low,"(model output, not a source)",E5,modelled,"distance-decay allocation, capacity-capped, straight line x1.3","SELF-LOOP, modelled retention on site. 0.0 km. HYPOTHESIS ONLY - do not present as a flow.",FALSE
FLW_0040,SRC_VI_010,SRC_VI_010,Oslo Logistikkpark Drøbak,Oslo Logistikkpark Drøbak (on site),soil and clay,11250,pfm3,2023,2026,modelled,low,"(model output, not a source)",E5,modelled,"distance-decay allocation, capacity-capped, straight line x1.3","SELF-LOOP, modelled retention on site. 0.0 km. HYPOTHESIS ONLY - do not present as a flow.",FALSE
FLW_0041,SRC_VI_011,SRC_VI_011,Bulk Park Lindeberg,Bulk Park Lindeberg (on site),soil and clay,15000,pfm3,2022,2027,modelled,low,"(model output, not a source)",E5,modelled,"distance-decay allocation, capacity-capped, straight line x1.3","SELF-LOOP, modelled retention on site. 0.0 km. HYPOTHESIS ONLY - do not present as a flow.",FALSE
FLW_0042,SRC_OS_011,SRC_OS_011,Regjeringskvartalet C-blokk,Regjeringskvartalet C-blokk (on site),soil and clay,5375,pfm3,2025,2029,modelled,low,"(model output, not a source)",E5,modelled,"distance-decay allocation, capacity-capped, straight line x1.3","SELF-LOOP, modelled retention on site. 0.0 km. HYPOTHESIS ONLY - do not present as a flow.",FALSE
FLW_0043,SRC_OS_011,SRC_OS_011,Regjeringskvartalet C-blokk,Regjeringskvartalet C-blokk (on site),demolition,7500,pfm3,2025,2029,modelled,low,"(model output, not a source)",E5,modelled,"distance-decay allocation, capacity-capped, straight line x1.3","SELF-LOOP, modelled retention on site. 0.0 km. HYPOTHESIS ONLY - do not present as a flow.",FALSE
FLW_0044,SRC_OS_012,SRC_OS_012,Nye Aker Sykehus,Nye Aker Sykehus (on site),rock,62500,pfm3,2024,2031,modelled,low,"(model output, not a source)",E5,modelled,"distance-decay allocation, capacity-capped, straight line x1.3","SELF-LOOP, modelled retention on site. 0.0 km. HYPOTHESIS ONLY - do not present as a flow.",FALSE
FLW_0045,SRC_OS_012,SRC_OS_012,Nye Aker Sykehus,Nye Aker Sykehus (on site),soil and clay,10000,pfm3,2024,2031,modelled,low,"(model output, not a source)",E5,modelled,"distance-decay allocation, capacity-capped, straight line x1.3","SELF-LOOP, modelled retention on site. 0.0 km. HYPOTHESIS ONLY - do not present as a flow.",FALSE
FLW_0046,SRC_VI_006,SRC_VI_006,Drammen Helsepark,Drammen Helsepark (on site),soil and clay,25000,pfm3,2023,2026,modelled,low,"(model output, not a source)",E5,modelled,"distance-decay allocation, capacity-capped, straight line x1.3","SELF-LOOP, modelled retention on site. 0.0 km. HYPOTHESIS ONLY - do not present as a flow.",FALSE
FLW_0047,SRC_OS_015,SRC_OS_015,Construction City,Construction City (on site),soil and clay,5600,pfm3,2021,2025,modelled,low,"(model output, not a source)",E5,modelled,"distance-decay allocation, capacity-capped, straight line x1.3","SELF-LOOP, modelled retention on site. 0.0 km. HYPOTHESIS ONLY - do not present as a flow.",FALSE
FLW_0048,SRC_OS_015,SRC_OS_015,Construction City,Construction City (on site),rock,12000,pfm3,2021,2025,modelled,low,"(model output, not a source)",E5,modelled,"distance-decay allocation, capacity-capped, straight line x1.3","SELF-LOOP, modelled retention on site. 0.0 km. HYPOTHESIS ONLY - do not present as a flow.",FALSE
FLW_0049,SRC_HIS_001,SRC_HIS_001,Follobanen,Follobanen (on site),rock,750000,pfm3,2015,2022,modelled,low,"(model output, not a source)",E5,modelled,"distance-decay allocation, capacity-capped, straight line x1.3","SELF-LOOP, modelled retention on site. 0.0 km. HYPOTHESIS ONLY - do not present as a flow.",FALSE
FLW_0050,SRC_HIS_002,SRC_HIS_002,Barcode-rekken,Barcode-rekken (on site),soil and clay,30000,pfm3,2005,2016,modelled,low,"(model output, not a source)",E5,modelled,"distance-decay allocation, capacity-capped, straight line x1.3","SELF-LOOP, modelled retention on site. 0.0 km. HYPOTHESIS ONLY - do not present as a flow.",FALSE
FLW_0051,SRC_HIS_003,SRC_HIS_003,Nasjonalmuseet,Nasjonalmuseet (on site),soil and clay,8750,pfm3,2014,2022,modelled,low,"(model output, not a source)",E5,modelled,"distance-decay allocation, capacity-capped, straight line x1.3","SELF-LOOP, modelled retention on site. 0.0 km. HYPOTHESIS ONLY - do not present as a flow.",FALSE
FLW_0052,SRC_HIS_003,SRC_HIS_003,Nasjonalmuseet,Nasjonalmuseet (on site),rock,18750,pfm3,2014,2022,modelled,low,"(model output, not a source)",E5,modelled,"distance-decay allocation, capacity-capped, straight line x1.3","SELF-LOOP, modelled retention on site. 0.0 km. HYPOTHESIS ONLY - do not present as a flow.",FALSE
FLW_0053,SRC_HIS_004,SRC_HIS_004,Munchmuseet,Munchmuseet (on site),soil and clay,5000,pfm3,2016,2021,modelled,low,"(model output, not a source)",E5,modelled,"distance-decay allocation, capacity-capped, straight line x1.3","SELF-LOOP, modelled retention on site. 0.0 km. HYPOTHESIS ONLY - do not present as a flow.",FALSE
FLW_0054,SRC_OS_003,SRC_OS_003,Livsvitenskapsbygget,Livsvitenskapsbygget (on site),soil and clay,25000,pfm3,2019,2026,modelled,low,"(model output, not a source)",E5,modelled,"distance-decay allocation, capacity-capped, straight line x1.3","SELF-LOOP, modelled retention on site. 0.0 km. HYPOTHESIS ONLY - do not present as a flow.",FALSE
FLW_0055,SRC_VI_012,SRC_VI_012,Vestby Næringspark Øst,Vestby Næringspark Øst (on site),rock,45000,pfm3,2023,2026,modelled,low,"(model output, not a source)",E5,modelled,"distance-decay allocation, capacity-capped, straight line x1.3","SELF-LOOP, modelled retention on site. 0.0 km. HYPOTHESIS ONLY - do not present as a flow.",FALSE
FLW_0056,SRC_VI_012,SRC_VI_012,Vestby Næringspark Øst,Vestby Næringspark Øst (on site),soil and clay,6000,pfm3,2023,2026,modelled,low,"(model output, not a source)",E5,modelled,"distance-decay allocation, capacity-capped, straight line x1.3","SELF-LOOP, modelled retention on site. 0.0 km. HYPOTHESIS ONLY - do not present as a flow.",FALSE
FLW_0057,SRC_VI_001,SRC_VI_001,E18 Vestkorridoren,E18 Vestkorridoren (on site),rock,28346,pfm3,2020,2028,modelled,low,"(model output, not a source)",E5,modelled,"distance-decay allocation, capacity-capped, straight line x1.3","SELF-LOOP, modelled retention on site. 0.0 km. HYPOTHESIS ONLY - do not present as a flow.",FALSE
FLW_0058,SRC_VI_001,SRC_VI_001,E18 Vestkorridoren,E18 Vestkorridoren (on site),soil and clay,9079,pfm3,2020,2028,modelled,low,"(model output, not a source)",E5,modelled,"distance-decay allocation, capacity-capped, straight line x1.3","SELF-LOOP, modelled retention on site. 0.0 km. HYPOTHESIS ONLY - do not present as a flow.",FALSE
FLW_0059,SRC_VI_001,SRC_VI_001,E18 Vestkorridoren,E18 Vestkorridoren (on site),demolition,709,pfm3,2020,2028,modelled,low,"(model output, not a source)",E5,modelled,"distance-decay allocation, capacity-capped, straight line x1.3","SELF-LOOP, modelled retention on site. 0.0 km. HYPOTHESIS ONLY - do not present as a flow.",FALSE
FLW_0060,SRC_VI_001,SRC_VI_001,E18 Vestkorridoren,E18 Vestkorridoren (on site),contaminated,6156,pfm3,2020,2028,modelled,low,"(model output, not a source)",E5,modelled,"distance-decay allocation, capacity-capped, straight line x1.3","SELF-LOOP, modelled retention on site. 0.0 km. HYPOTHESIS ONLY - do not present as a flow.",FALSE
FLW_0061,SRC_OS_013,SRC_OS_013,Bjørvika Skole,Bjørvika Skole (on site),soil and clay,2000,pfm3,2025,2027,modelled,low,"(model output, not a source)",E5,modelled,"distance-decay allocation, capacity-capped, straight line x1.3","SELF-LOOP, modelled retention on site. 0.0 km. HYPOTHESIS ONLY - do not present as a flow.",FALSE
FLW_0062,SRC_VI_014,SRC_VI_014,Fjellhamar Bruk,Fjellhamar Bruk (on site),demolition,4000,pfm3,2022,2026,modelled,low,"(model output, not a source)",E5,modelled,"distance-decay allocation, capacity-capped, straight line x1.3","SELF-LOOP, modelled retention on site. 0.0 km. HYPOTHESIS ONLY - do not present as a flow.",FALSE
FLW_0063,SRC_VI_014,SRC_VI_014,Fjellhamar Bruk,Fjellhamar Bruk (on site),soil and clay,2000,pfm3,2022,2026,modelled,low,"(model output, not a source)",E5,modelled,"distance-decay allocation, capacity-capped, straight line x1.3","SELF-LOOP, modelled retention on site. 0.0 km. HYPOTHESIS ONLY - do not present as a flow.",FALSE
FLW_0064,SRC_VI_008,SRC_VI_008,GlobalConnect fiber,GlobalConnect fiber (on site),soil and clay,1750,pfm3,2025,2027,modelled,low,"(model output, not a source)",E5,modelled,"distance-decay allocation, capacity-capped, straight line x1.3","SELF-LOOP, modelled retention on site. 0.0 km. HYPOTHESIS ONLY - do not present as a flow.",FALSE
FLW_0065,SRC_VI_008,SRC_VI_008,GlobalConnect fiber,GlobalConnect fiber (on site),demolition,1500,pfm3,2025,2027,modelled,low,"(model output, not a source)",E5,modelled,"distance-decay allocation, capacity-capped, straight line x1.3","SELF-LOOP, modelled retention on site. 0.0 km. HYPOTHESIS ONLY - do not present as a flow.",FALSE
FLW_0066,SRC_OS_001,OS_OS_001,Fornebubanen,Alnabru Massemottak,rock,69527,pfm3,2020,2029,modelled,low,"(model output, not a source)",E5,modelled,"distance-decay allocation, capacity-capped, straight line x1.3",11.5 km. HYPOTHESIS ONLY - do not present as a flow.,FALSE
FLW_0067,SRC_OS_001,AK_LI_002,Fornebubanen,Skedsmo Massesenter,rock,34585,pfm3,2020,2029,modelled,low,"(model output, not a source)",E5,modelled,"distance-decay allocation, capacity-capped, straight line x1.3",29.0 km. HYPOTHESIS ONLY - do not present as a flow.,FALSE
FLW_0068,SRC_OS_001,AK_LI_003,Fornebubanen,Jølsen Miljøpark,rock,28202,pfm3,2020,2029,modelled,low,"(model output, not a source)",E5,modelled,"distance-decay allocation, capacity-capped, straight line x1.3",30.5 km. HYPOTHESIS ONLY - do not present as a flow.,FALSE
FLW_0069,SRC_OS_001,AK_EI_002,Fornebubanen,Feiring Bruk AS avd. Dal Pukkverk,rock,23485,pfm3,2020,2029,modelled,low,"(model output, not a source)",E5,modelled,"distance-decay allocation, capacity-capped, straight line x1.3",58.8 km. HYPOTHESIS ONLY - do not present as a flow.,FALSE
FLW_0070,SRC_OS_001,AK_UL_003,Fornebubanen,Veidekke Gardermoen Massesenter,rock,27247,pfm3,2020,2029,modelled,low,"(model output, not a source)",E5,modelled,"distance-decay allocation, capacity-capped, straight line x1.3",48.7 km. HYPOTHESIS ONLY - do not present as a flow.,FALSE
FLW_0071,SRC_OS_001,AK_AH_001,Fornebubanen,Helgerud Inert Deponi,rock,8167,pfm3,2020,2029,modelled,low,"(model output, not a source)",E5,modelled,"distance-decay allocation, capacity-capped, straight line x1.3",61.5 km. HYPOTHESIS ONLY - do not present as a flow.,FALSE
FLW_0072,SRC_OS_001,AK_AS_001,Fornebubanen,Lindum Oredalen,rock,24889,pfm3,2020,2029,modelled,low,"(model output, not a source)",E5,modelled,"distance-decay allocation, capacity-capped, straight line x1.3",54.5 km. HYPOTHESIS ONLY - do not present as a flow.,FALSE
FLW_0073,SRC_OS_001,AK_AH_002,Fornebubanen,Mr. Pukk Høland AS,rock,8134,pfm3,2020,2029,modelled,low,"(model output, not a source)",E5,modelled,"distance-decay allocation, capacity-capped, straight line x1.3",61.6 km. HYPOTHESIS ONLY - do not present as a flow.,FALSE
FLW_0074,SRC_OS_001,OF_IO_002,Fornebubanen,Veidekke Elvestad,rock,18830,pfm3,2020,2029,modelled,low,"(model output, not a source)",E5,modelled,"distance-decay allocation, capacity-capped, straight line x1.3",44.2 km. HYPOTHESIS ONLY - do not present as a flow.,FALSE
FLW_0075,SRC_OS_001,OS_OS_004,Fornebubanen,FRANO gjenvinningsanlegg for forurensede masser (Bondkall),rock,92128,pfm3,2020,2029,modelled,low,"(model output, not a source)",E5,modelled,"distance-decay allocation, capacity-capped, straight line x1.3",18.2 km. HYPOTHESIS ONLY - do not present as a flow.,FALSE
FLW_0076,SRC_OS_001,AK_NA_001,Fornebubanen,Herstua Grus AS - avfallshåndtering,rock,11636,pfm3,2020,2029,modelled,low,"(model output, not a source)",E5,modelled,"distance-decay allocation, capacity-capped, straight line x1.3",54.9 km. HYPOTHESIS ONLY - do not present as a flow.,FALSE
FLW_0077,SRC_OS_001,BU_LI_001,Fornebubanen,Egge I - inert deponi,rock,21106,pfm3,2020,2029,modelled,low,"(model output, not a source)",E5,modelled,"distance-decay allocation, capacity-capped, straight line x1.3",37.7 km. HYPOTHESIS ONLY - do not present as a flow.,FALSE
FLW_0078,SRC_OS_001,BU_LI_002,Fornebubanen,Egge II - inert deponi,rock,20956,pfm3,2020,2029,modelled,low,"(model output, not a source)",E5,modelled,"distance-decay allocation, capacity-capped, straight line x1.3",37.9 km. HYPOTHESIS ONLY - do not present as a flow.,FALSE
FLW_0079,SRC_OS_001,OS_OS_001,Fornebubanen,Alnabru Massemottak,soil and clay,22866,pfm3,2020,2029,modelled,low,"(model output, not a source)",E5,modelled,"distance-decay allocation, capacity-capped, straight line x1.3",11.5 km. HYPOTHESIS ONLY - do not present as a flow.,FALSE
FLW_0080,SRC_OS_001,AK_LI_002,Fornebubanen,Skedsmo Massesenter,soil and clay,9552,pfm3,2020,2029,modelled,low,"(model output, not a source)",E5,modelled,"distance-decay allocation, capacity-capped, straight line x1.3",29.0 km. HYPOTHESIS ONLY - do not present as a flow.,FALSE
FLW_0081,SRC_OS_001,AK_LI_003,Fornebubanen,Jølsen Miljøpark,soil and clay,7673,pfm3,2020,2029,modelled,low,"(model output, not a source)",E5,modelled,"distance-decay allocation, capacity-capped, straight line x1.3",30.5 km. HYPOTHESIS ONLY - do not present as a flow.,FALSE
FLW_0082,SRC_OS_001,AK_EI_002,Fornebubanen,Feiring Bruk AS avd. Dal Pukkverk,soil and clay,4815,pfm3,2020,2029,modelled,low,"(model output, not a source)",E5,modelled,"distance-decay allocation, capacity-capped, straight line x1.3",58.8 km. HYPOTHESIS ONLY - do not present as a flow.,FALSE
FLW_0083,SRC_OS_001,AK_UL_003,Fornebubanen,Veidekke Gardermoen Massesenter,soil and clay,6180,pfm3,2020,2029,modelled,low,"(model output, not a source)",E5,modelled,"distance-decay allocation, capacity-capped, straight line x1.3",48.7 km. HYPOTHESIS ONLY - do not present as a flow.,FALSE
FLW_0084,SRC_OS_001,AK_AS_001,Fornebubanen,Lindum Oredalen,soil and clay,5324,pfm3,2020,2029,modelled,low,"(model output, not a source)",E5,modelled,"distance-decay allocation, capacity-capped, straight line x1.3",54.5 km. HYPOTHESIS ONLY - do not present as a flow.,FALSE
FLW_0085,SRC_OS_001,AK_AS_004,Fornebubanen,Røyken Grovfyllplass,soil and clay,2745,pfm3,2020,2029,modelled,low,"(model output, not a source)",E5,modelled,"distance-decay allocation, capacity-capped, straight line x1.3",36.2 km. HYPOTHESIS ONLY - do not present as a flow.,FALSE
FLW_0086,SRC_OS_001,AK_LI_004,Fornebubanen,ROAF Miljøpark,soil and clay,11706,pfm3,2020,2029,modelled,low,"(model output, not a source)",E5,modelled,"distance-decay allocation, capacity-capped, straight line x1.3",29.0 km. HYPOTHESIS ONLY - do not present as a flow.,FALSE
FLW_0087,SRC_OS_001,AK_UL_002,Fornebubanen,ØRAS Miljøstasjon Dal Skog,soil and clay,1627,pfm3,2020,2029,modelled,low,"(model output, not a source)",E5,modelled,"distance-decay allocation, capacity-capped, straight line x1.3",57.5 km. HYPOTHESIS ONLY - do not present as a flow.,FALSE
FLW_0088,SRC_OS_001,OF_IO_002,Fornebubanen,Veidekke Elvestad,soil and clay,4468,pfm3,2020,2029,modelled,low,"(model output, not a source)",E5,modelled,"distance-decay allocation, capacity-capped, straight line x1.3",44.2 km. HYPOTHESIS ONLY - do not present as a flow.,FALSE
FLW_0089,SRC_OS_001,OS_OS_004,Fornebubanen,FRANO gjenvinningsanlegg for forurensede masser (Bondkall),soil and clay,28337,pfm3,2020,2029,modelled,low,"(model output, not a source)",E5,modelled,"distance-decay allocation, capacity-capped, straight line x1.3",18.2 km. HYPOTHESIS ONLY - do not present as a flow.,FALSE
FLW_0090,SRC_OS_001,AK_NA_001,Fornebubanen,Herstua Grus AS - avfallshåndtering,soil and clay,2480,pfm3,2020,2029,modelled,low,"(model output, not a source)",E5,modelled,"distance-decay allocation, capacity-capped, straight line x1.3",54.9 km. HYPOTHESIS ONLY - do not present as a flow.,FALSE
FLW_0091,SRC_OS_001,BU_DR_002,Fornebubanen,Lindum AS avd. Drammen - avfallsdeponi,soil and clay,6524,pfm3,2020,2029,modelled,low,"(model output, not a source)",E5,modelled,"distance-decay allocation, capacity-capped, straight line x1.3",45.8 km. HYPOTHESIS ONLY - do not present as a flow.,FALSE
FLW_0092,SRC_OS_001,BU_DR_005,Fornebubanen,Mile avfallsdeponi,soil and clay,2281,pfm3,2020,2029,modelled,low,"(model output, not a source)",E5,modelled,"distance-decay allocation, capacity-capped, straight line x1.3",54.8 km. HYPOTHESIS ONLY - do not present as a flow.,FALSE
FLW_0093,SRC_OS_001,BU_LI_001,Fornebubanen,Egge I - inert deponi,soil and clay,5341,pfm3,2020,2029,modelled,low,"(model output, not a source)",E5,modelled,"distance-decay allocation, capacity-capped, straight line x1.3",37.7 km. HYPOTHESIS ONLY - do not present as a flow.,FALSE
FLW_0094,SRC_OS_001,BU_LI_002,Fornebubanen,Egge II - inert deponi,soil and clay,5294,pfm3,2020,2029,modelled,low,"(model output, not a source)",E5,modelled,"distance-decay allocation, capacity-capped, straight line x1.3",37.9 km. HYPOTHESIS ONLY - do not present as a flow.,FALSE
FLW_0095,SRC_OS_002,OS_OS_001,Ny vannforsyning Oslo,Alnabru Massemottak,rock,119133,pfm3,2020,2028,modelled,low,"(model output, not a source)",E5,modelled,"distance-decay allocation, capacity-capped, straight line x1.3",14.9 km. HYPOTHESIS ONLY - do not present as a flow.,FALSE
FLW_0096,SRC_OS_002,AK_LI_002,Ny vannforsyning Oslo,Skedsmo Massesenter,rock,64435,pfm3,2020,2028,modelled,low,"(model output, not a source)",E5,modelled,"distance-decay allocation, capacity-capped, straight line x1.3",30.3 km. HYPOTHESIS ONLY - do not present as a flow.,FALSE
FLW_0097,SRC_OS_002,AK_LI_003,Ny vannforsyning Oslo,Jølsen Miljøpark,rock,49683,pfm3,2020,2028,modelled,low,"(model output, not a source)",E5,modelled,"distance-decay allocation, capacity-capped, straight line x1.3",33.2 km. HYPOTHESIS ONLY - do not present as a flow.,FALSE
FLW_0098,SRC_OS_002,AK_EI_002,Ny vannforsyning Oslo,Feiring Bruk AS avd. Dal Pukkverk,rock,47812,pfm3,2020,2028,modelled,low,"(model output, not a source)",E5,modelled,"distance-decay allocation, capacity-capped, straight line x1.3",57.9 km. HYPOTHESIS ONLY - do not present as a flow.,FALSE
FLW_0099,SRC_OS_002,AK_UL_003,Ny vannforsyning Oslo,Veidekke Gardermoen Massesenter,rock,54408,pfm3,2020,2028,modelled,low,"(model output, not a source)",E5,modelled,"distance-decay allocation, capacity-capped, straight line x1.3",48.3 km. HYPOTHESIS ONLY - do not present as a flow.,FALSE
FLW_0100,SRC_OS_002,AK_AH_001,Ny vannforsyning Oslo,Helgerud Inert Deponi,rock,13611,pfm3,2020,2028,modelled,low,"(model output, not a source)",E5,modelled,"distance-decay allocation, capacity-capped, straight line x1.3",65.6 km. HYPOTHESIS ONLY - do not present as a flow.,FALSE
FLW_0101,SRC_OS_002,AK_AS_001,Ny vannforsyning Oslo,Lindum Oredalen,rock,43586,pfm3,2020,2028,modelled,low,"(model output, not a source)",E5,modelled,"distance-decay allocation, capacity-capped, straight line x1.3",57.4 km. HYPOTHESIS ONLY - do not present as a flow.,FALSE
FLW_0102,SRC_OS_002,AK_AH_002,Ny vannforsyning Oslo,Mr. Pukk Høland AS,rock,13553,pfm3,2020,2028,modelled,low,"(model output, not a source)",E5,modelled,"distance-decay allocation, capacity-capped, straight line x1.3",65.7 km. HYPOTHESIS ONLY - do not present as a flow.,FALSE
FLW_0103,SRC_OS_002,OF_IO_002,Ny vannforsyning Oslo,Veidekke Elvestad,rock,30691,pfm3,2020,2028,modelled,low,"(model output, not a source)",E5,modelled,"distance-decay allocation, capacity-capped, straight line x1.3",48.8 km. HYPOTHESIS ONLY - do not present as a flow.,FALSE
FLW_0104,SRC_OS_002,OS_OS_004,Ny vannforsyning Oslo,FRANO gjenvinningsanlegg for forurensede masser (Bondkall),rock,169642,pfm3,2020,2028,modelled,low,"(model output, not a source)",E5,modelled,"distance-decay allocation, capacity-capped, straight line x1.3",19.8 km. HYPOTHESIS ONLY - do not present as a flow.,FALSE
FLW_0105,SRC_OS_002,AK_NA_001,Ny vannforsyning Oslo,Herstua Grus AS - avfallshåndtering,rock,24131,pfm3,2020,2028,modelled,low,"(model output, not a source)",E5,modelled,"distance-decay allocation, capacity-capped, straight line x1.3",53.5 km. HYPOTHESIS ONLY - do not present as a flow.,FALSE
FLW_0106,SRC_OS_002,BU_LI_001,Ny vannforsyning Oslo,Egge I - inert deponi,rock,43682,pfm3,2020,2028,modelled,low,"(model output, not a source)",E5,modelled,"distance-decay allocation, capacity-capped, straight line x1.3",36.4 km. HYPOTHESIS ONLY - do not present as a flow.,FALSE
FLW_0107,SRC_OS_002,BU_LI_002,Ny vannforsyning Oslo,Egge II - inert deponi,rock,43354,pfm3,2020,2028,modelled,low,"(model output, not a source)",E5,modelled,"distance-decay allocation, capacity-capped, straight line x1.3",36.6 km. HYPOTHESIS ONLY - do not present as a flow.,FALSE
FLW_0108,SRC_VI_010,OS_OS_001,Oslo Logistikkpark Drøbak,Alnabru Massemottak,rock,13320,pfm3,2023,2026,modelled,low,"(model output, not a source)",E5,modelled,"distance-decay allocation, capacity-capped, straight line x1.3",37.4 km. HYPOTHESIS ONLY - do not present as a flow.,FALSE
FLW_0109,SRC_VI_010,AK_LI_002,Oslo Logistikkpark Drøbak,Skedsmo Massesenter,rock,6465,pfm3,2023,2026,modelled,low,"(model output, not a source)",E5,modelled,"distance-decay allocation, capacity-capped, straight line x1.3",55.4 km. HYPOTHESIS ONLY - do not present as a flow.,FALSE
FLW_0110,SRC_VI_010,AK_LI_003,Oslo Logistikkpark Drøbak,Jølsen Miljøpark,rock,6718,pfm3,2023,2026,modelled,low,"(model output, not a source)",E5,modelled,"distance-decay allocation, capacity-capped, straight line x1.3",50.9 km. HYPOTHESIS ONLY - do not present as a flow.,FALSE
FLW_0111,SRC_VI_010,AK_NI_001,Oslo Logistikkpark Drøbak,NOAH Engadalen,rock,12043,pfm3,2023,2026,modelled,low,"(model output, not a source)",E5,modelled,"distance-decay allocation, capacity-capped, straight line x1.3",65.1 km. HYPOTHESIS ONLY - do not present as a flow.,FALSE
FLW_0112,SRC_VI_010,AK_AH_001,Oslo Logistikkpark Drøbak,Helgerud Inert Deponi,rock,4005,pfm3,2023,2026,modelled,low,"(model output, not a source)",E5,modelled,"distance-decay allocation, capacity-capped, straight line x1.3",63.8 km. HYPOTHESIS ONLY - do not present as a flow.,FALSE
FLW_0113,SRC_VI_010,AK_AS_001,Oslo Logistikkpark Drøbak,Lindum Oredalen,rock,48546,pfm3,2023,2026,modelled,low,"(model output, not a source)",E5,modelled,"distance-decay allocation, capacity-capped, straight line x1.3",22.4 km. HYPOTHESIS ONLY - do not present as a flow.,FALSE
FLW_0114,SRC_VI_010,AK_AH_002,Oslo Logistikkpark Drøbak,Mr. Pukk Høland AS,rock,4009,pfm3,2023,2026,modelled,low,"(model output, not a source)",E5,modelled,"distance-decay allocation, capacity-capped, straight line x1.3",63.8 km. HYPOTHESIS ONLY - do not present as a flow.,FALSE
FLW_0115,SRC_VI_010,OF_IO_002,Oslo Logistikkpark Drøbak,Veidekke Elvestad,rock,26192,pfm3,2023,2026,modelled,low,"(model output, not a source)",E5,modelled,"distance-decay allocation, capacity-capped, straight line x1.3",20.5 km. HYPOTHESIS ONLY - do not present as a flow.,FALSE
FLW_0116,SRC_VI_010,OS_OS_004,Oslo Logistikkpark Drøbak,FRANO gjenvinningsanlegg for forurensede masser (Bondkall),rock,16130,pfm3,2023,2026,modelled,low,"(model output, not a source)",E5,modelled,"distance-decay allocation, capacity-capped, straight line x1.3",46.3 km. HYPOTHESIS ONLY - do not present as a flow.,FALSE
FLW_0117,SRC_VI_010,VF_HO_001,Oslo Logistikkpark Drøbak,Kopstad Massemottak AS,rock,9450,pfm3,2023,2026,modelled,low,"(model output, not a source)",E5,modelled,"distance-decay allocation, capacity-capped, straight line x1.3",42.4 km. HYPOTHESIS ONLY - do not present as a flow.,FALSE
FLW_0118,SRC_VI_010,BU_LI_001,Oslo Logistikkpark Drøbak,Egge I - inert deponi,rock,10942,pfm3,2023,2026,modelled,low,"(model output, not a source)",E5,modelled,"distance-decay allocation, capacity-capped, straight line x1.3",38.7 km. HYPOTHESIS ONLY - do not present as a flow.,FALSE
FLW_0119,SRC_VI_010,BU_LI_002,Oslo Logistikkpark Drøbak,Egge II - inert deponi,rock,10930,pfm3,2023,2026,modelled,low,"(model output, not a source)",E5,modelled,"distance-decay allocation, capacity-capped, straight line x1.3",38.7 km. HYPOTHESIS ONLY - do not present as a flow.,FALSE
FLW_0120,SRC_VI_010,OS_OS_001,Oslo Logistikkpark Drøbak,Alnabru Massemottak,soil and clay,13053,pfm3,2023,2026,modelled,low,"(model output, not a source)",E5,modelled,"distance-decay allocation, capacity-capped, straight line x1.3",37.4 km. HYPOTHESIS ONLY - do not present as a flow.,FALSE
FLW_0121,SRC_VI_010,AK_LI_002,Oslo Logistikkpark Drøbak,Skedsmo Massesenter,soil and clay,5287,pfm3,2023,2026,modelled,low,"(model output, not a source)",E5,modelled,"distance-decay allocation, capacity-capped, straight line x1.3",55.4 km. HYPOTHESIS ONLY - do not present as a flow.,FALSE
FLW_0122,SRC_VI_010,AK_LI_003,Oslo Logistikkpark Drøbak,Jølsen Miljøpark,soil and clay,5750,pfm3,2023,2026,modelled,low,"(model output, not a source)",E5,modelled,"distance-decay allocation, capacity-capped, straight line x1.3",50.9 km. HYPOTHESIS ONLY - do not present as a flow.,FALSE
FLW_0123,SRC_VI_010,AK_AS_001,Oslo Logistikkpark Drøbak,Lindum Oredalen,soil and clay,55271,pfm3,2023,2026,modelled,low,"(model output, not a source)",E5,modelled,"distance-decay allocation, capacity-capped, straight line x1.3",22.4 km. HYPOTHESIS ONLY - do not present as a flow.,FALSE
FLW_0124,SRC_VI_010,AK_AS_004,Oslo Logistikkpark Drøbak,Røyken Grovfyllplass,soil and clay,16290,pfm3,2023,2026,modelled,low,"(model output, not a source)",E5,modelled,"distance-decay allocation, capacity-capped, straight line x1.3",15.2 km. HYPOTHESIS ONLY - do not present as a flow.,FALSE
FLW_0125,SRC_VI_010,AK_LI_004,Oslo Logistikkpark Drøbak,ROAF Miljøpark,soil and clay,6897,pfm3,2023,2026,modelled,low,"(model output, not a source)",E5,modelled,"distance-decay allocation, capacity-capped, straight line x1.3",54.2 km. HYPOTHESIS ONLY - do not present as a flow.,FALSE
FLW_0126,SRC_VI_010,OF_IO_002,Oslo Logistikkpark Drøbak,Veidekke Elvestad,soil and clay,30393,pfm3,2023,2026,modelled,low,"(model output, not a source)",E5,modelled,"distance-decay allocation, capacity-capped, straight line x1.3",20.5 km. HYPOTHESIS ONLY - do not present as a flow.,FALSE
FLW_0127,SRC_VI_010,OS_OS_004,Oslo Logistikkpark Drøbak,FRANO gjenvinningsanlegg for forurensede masser (Bondkall),soil and clay,14453,pfm3,2023,2026,modelled,low,"(model output, not a source)",E5,modelled,"distance-decay allocation, capacity-capped, straight line x1.3",46.3 km. HYPOTHESIS ONLY - do not present as a flow.,FALSE
FLW_0128,SRC_VI_010,VF_HO_001,Oslo Logistikkpark Drøbak,Kopstad Massemottak AS,soil and clay,8809,pfm3,2023,2026,modelled,low,"(model output, not a source)",E5,modelled,"distance-decay allocation, capacity-capped, straight line x1.3",42.4 km. HYPOTHESIS ONLY - do not present as a flow.,FALSE
FLW_0129,SRC_VI_010,BU_DR_002,Oslo Logistikkpark Drøbak,Lindum AS avd. Drammen - avfallsdeponi,soil and clay,29819,pfm3,2023,2026,modelled,low,"(model output, not a source)",E5,modelled,"distance-decay allocation, capacity-capped, straight line x1.3",30.0 km. HYPOTHESIS ONLY - do not present as a flow.,FALSE
FLW_0130,SRC_VI_010,BU_DR_005,Oslo Logistikkpark Drøbak,Mile avfallsdeponi,soil and clay,6578,pfm3,2023,2026,modelled,low,"(model output, not a source)",E5,modelled,"distance-decay allocation, capacity-capped, straight line x1.3",48.2 km. HYPOTHESIS ONLY - do not present as a flow.,FALSE
FLW_0131,SRC_VI_010,BU_LI_001,Oslo Logistikkpark Drøbak,Egge I - inert deponi,soil and clay,10582,pfm3,2023,2026,modelled,low,"(model output, not a source)",E5,modelled,"distance-decay allocation, capacity-capped, straight line x1.3",38.7 km. HYPOTHESIS ONLY - do not present as a flow.,FALSE
FLW_0132,SRC_VI_010,BU_LI_002,Oslo Logistikkpark Drøbak,Egge II - inert deponi,soil and clay,10567,pfm3,2023,2026,modelled,low,"(model output, not a source)",E5,modelled,"distance-decay allocation, capacity-capped, straight line x1.3",38.7 km. HYPOTHESIS ONLY - do not present as a flow.,FALSE
FLW_0133,SRC_VI_011,OS_OS_001,Bulk Park Lindeberg,Alnabru Massemottak,soil and clay,13967,pfm3,2022,2027,modelled,low,"(model output, not a source)",E5,modelled,"distance-decay allocation, capacity-capped, straight line x1.3",24.7 km. HYPOTHESIS ONLY - do not present as a flow.,FALSE
FLW_0134,SRC_VI_011,AK_LI_002,Bulk Park Lindeberg,Skedsmo Massesenter,soil and clay,35455,pfm3,2022,2027,modelled,low,"(model output, not a source)",E5,modelled,"distance-decay allocation, capacity-capped, straight line x1.3",6.1 km. HYPOTHESIS ONLY - do not present as a flow.,FALSE
FLW_0135,SRC_VI_011,AK_LI_003,Bulk Park Lindeberg,Jølsen Miljøpark,soil and clay,24658,pfm3,2022,2027,modelled,low,"(model output, not a source)",E5,modelled,"distance-decay allocation, capacity-capped, straight line x1.3",10.5 km. HYPOTHESIS ONLY - do not present as a flow.,FALSE
FLW_0136,SRC_VI_011,AK_NE_001,Bulk Park Lindeberg,Esval Miljøpark,soil and clay,12047,pfm3,2022,2027,modelled,low,"(model output, not a source)",E5,modelled,"distance-decay allocation, capacity-capped, straight line x1.3",29.5 km. HYPOTHESIS ONLY - do not present as a flow.,FALSE
FLW_0137,SRC_VI_011,AK_EI_002,Bulk Park Lindeberg,Feiring Bruk AS avd. Dal Pukkverk,soil and clay,22144,pfm3,2022,2027,modelled,low,"(model output, not a source)",E5,modelled,"distance-decay allocation, capacity-capped, straight line x1.3",31.6 km. HYPOTHESIS ONLY - do not present as a flow.,FALSE
FLW_0138,SRC_VI_011,AK_UL_003,Bulk Park Lindeberg,Veidekke Gardermoen Massesenter,soil and clay,29901,pfm3,2022,2027,modelled,low,"(model output, not a source)",E5,modelled,"distance-decay allocation, capacity-capped, straight line x1.3",20.5 km. HYPOTHESIS ONLY - do not present as a flow.,FALSE
FLW_0139,SRC_VI_011,AK_NI_001,Bulk Park Lindeberg,NOAH Engadalen,soil and clay,37521,pfm3,2022,2027,modelled,low,"(model output, not a source)",E5,modelled,"distance-decay allocation, capacity-capped, straight line x1.3",25.1 km. HYPOTHESIS ONLY - do not present as a flow.,FALSE
FLW_0140,SRC_VI_011,AK_AH_001,Bulk Park Lindeberg,Helgerud Inert Deponi,soil and clay,4869,pfm3,2022,2027,modelled,low,"(model output, not a source)",E5,modelled,"distance-decay allocation, capacity-capped, straight line x1.3",42.9 km. HYPOTHESIS ONLY - do not present as a flow.,FALSE
FLW_0141,SRC_VI_011,AK_AH_002,Bulk Park Lindeberg,Mr. Pukk Høland AS,soil and clay,4821,pfm3,2022,2027,modelled,low,"(model output, not a source)",E5,modelled,"distance-decay allocation, capacity-capped, straight line x1.3",43.1 km. HYPOTHESIS ONLY - do not present as a flow.,FALSE
FLW_0142,SRC_VI_011,AK_LI_004,Bulk Park Lindeberg,ROAF Miljøpark,soil and clay,43419,pfm3,2022,2027,modelled,low,"(model output, not a source)",E5,modelled,"distance-decay allocation, capacity-capped, straight line x1.3",6.1 km. HYPOTHESIS ONLY - do not present as a flow.,FALSE
FLW_0143,SRC_VI_011,AK_UL_002,Bulk Park Lindeberg,ØRAS Miljøstasjon Dal Skog,soil and clay,8028,pfm3,2022,2027,modelled,low,"(model output, not a source)",E5,modelled,"distance-decay allocation, capacity-capped, straight line x1.3",28.9 km. HYPOTHESIS ONLY - do not present as a flow.,FALSE
FLW_0144,SRC_VI_011,OS_OS_004,Bulk Park Lindeberg,FRANO gjenvinningsanlegg for forurensede masser (Bondkall),soil and clay,36097,pfm3,2022,2027,modelled,low,"(model output, not a source)",E5,modelled,"distance-decay allocation, capacity-capped, straight line x1.3",16.7 km. HYPOTHESIS ONLY - do not present as a flow.,FALSE
FLW_0145,SRC_VI_011,AK_NA_001,Bulk Park Lindeberg,Herstua Grus AS - avfallshåndtering,soil and clay,9476,pfm3,2022,2027,modelled,low,"(model output, not a source)",E5,modelled,"distance-decay allocation, capacity-capped, straight line x1.3",31.4 km. HYPOTHESIS ONLY - do not present as a flow.,FALSE
FLW_0146,SRC_OS_011,OS_OS_001,Regjeringskvartalet C-blokk,Alnabru Massemottak,soil and clay,16619,pfm3,2025,2029,modelled,low,"(model output, not a source)",E5,modelled,"distance-decay allocation, capacity-capped, straight line x1.3",8.4 km. HYPOTHESIS ONLY - do not present as a flow.,FALSE
FLW_0147,SRC_OS_011,AK_LI_002,Regjeringskvartalet C-blokk,Skedsmo Massesenter,soil and clay,6673,pfm3,2025,2029,modelled,low,"(model output, not a source)",E5,modelled,"distance-decay allocation, capacity-capped, straight line x1.3",26.6 km. HYPOTHESIS ONLY - do not present as a flow.,FALSE
FLW_0148,SRC_OS_011,AK_LI_003,Regjeringskvartalet C-blokk,Jølsen Miljøpark,soil and clay,5549,pfm3,2025,2029,modelled,low,"(model output, not a source)",E5,modelled,"distance-decay allocation, capacity-capped, straight line x1.3",27.4 km. HYPOTHESIS ONLY - do not present as a flow.,FALSE
FLW_0149,SRC_OS_011,AK_EI_002,Regjeringskvartalet C-blokk,Feiring Bruk AS avd. Dal Pukkverk,soil and clay,3175,pfm3,2025,2029,modelled,low,"(model output, not a source)",E5,modelled,"distance-decay allocation, capacity-capped, straight line x1.3",57.6 km. HYPOTHESIS ONLY - do not present as a flow.,FALSE
FLW_0150,SRC_OS_011,AK_UL_003,Regjeringskvartalet C-blokk,Veidekke Gardermoen Massesenter,soil and clay,4131,pfm3,2025,2029,modelled,low,"(model output, not a source)",E5,modelled,"distance-decay allocation, capacity-capped, straight line x1.3",47.2 km. HYPOTHESIS ONLY - do not present as a flow.,FALSE
FLW_0151,SRC_OS_011,AK_NI_001,Regjeringskvartalet C-blokk,NOAH Engadalen,soil and clay,14280,pfm3,2025,2029,modelled,low,"(model output, not a source)",E5,modelled,"distance-decay allocation, capacity-capped, straight line x1.3",31.5 km. HYPOTHESIS ONLY - do not present as a flow.,FALSE
FLW_0152,SRC_OS_011,AK_AH_001,Regjeringskvartalet C-blokk,Helgerud Inert Deponi,soil and clay,1198,pfm3,2025,2029,modelled,low,"(model output, not a source)",E5,modelled,"distance-decay allocation, capacity-capped, straight line x1.3",58.1 km. HYPOTHESIS ONLY - do not present as a flow.,FALSE
FLW_0153,SRC_OS_011,AK_AS_001,Regjeringskvartalet C-blokk,Lindum Oredalen,soil and clay,3266,pfm3,2025,2029,modelled,low,"(model output, not a source)",E5,modelled,"distance-decay allocation, capacity-capped, straight line x1.3",54.8 km. HYPOTHESIS ONLY - do not present as a flow.,FALSE
FLW_0154,SRC_OS_011,AK_AS_004,Regjeringskvartalet C-blokk,Røyken Grovfyllplass,soil and clay,1617,pfm3,2025,2029,modelled,low,"(model output, not a source)",E5,modelled,"distance-decay allocation, capacity-capped, straight line x1.3",37.2 km. HYPOTHESIS ONLY - do not present as a flow.,FALSE
FLW_0155,SRC_OS_011,AK_AH_002,Regjeringskvartalet C-blokk,Mr. Pukk Høland AS,soil and clay,1192,pfm3,2025,2029,modelled,low,"(model output, not a source)",E5,modelled,"distance-decay allocation, capacity-capped, straight line x1.3",58.2 km. HYPOTHESIS ONLY - do not present as a flow.,FALSE
FLW_0156,SRC_OS_011,AK_LI_004,Regjeringskvartalet C-blokk,ROAF Miljøpark,soil and clay,8258,pfm3,2025,2029,modelled,low,"(model output, not a source)",E5,modelled,"distance-decay allocation, capacity-capped, straight line x1.3",26.4 km. HYPOTHESIS ONLY - do not present as a flow.,FALSE
FLW_0157,SRC_OS_011,AK_UL_002,Regjeringskvartalet C-blokk,ØRAS Miljøstasjon Dal Skog,soil and clay,1083,pfm3,2025,2029,modelled,low,"(model output, not a source)",E5,modelled,"distance-decay allocation, capacity-capped, straight line x1.3",56.0 km. HYPOTHESIS ONLY - do not present as a flow.,FALSE
FLW_0158,SRC_OS_011,OF_IO_002,Regjeringskvartalet C-blokk,Veidekke Elvestad,soil and clay,3052,pfm3,2025,2029,modelled,low,"(model output, not a source)",E5,modelled,"distance-decay allocation, capacity-capped, straight line x1.3",42.2 km. HYPOTHESIS ONLY - do not present as a flow.,FALSE
FLW_0159,SRC_OS_011,OS_OS_004,Regjeringskvartalet C-blokk,FRANO gjenvinningsanlegg for forurensede masser (Bondkall),soil and clay,19776,pfm3,2025,2029,modelled,low,"(model output, not a source)",E5,modelled,"distance-decay allocation, capacity-capped, straight line x1.3",15.9 km. HYPOTHESIS ONLY - do not present as a flow.,FALSE
FLW_0160,SRC_OS_011,AK_NA_001,Regjeringskvartalet C-blokk,Herstua Grus AS - avfallshåndtering,soil and clay,1608,pfm3,2025,2029,modelled,low,"(model output, not a source)",E5,modelled,"distance-decay allocation, capacity-capped, straight line x1.3",54.0 km. HYPOTHESIS ONLY - do not present as a flow.,FALSE
FLW_0161,SRC_OS_011,BU_DR_002,Regjeringskvartalet C-blokk,Lindum AS avd. Drammen - avfallsdeponi,soil and clay,3689,pfm3,2025,2029,modelled,low,"(model output, not a source)",E5,modelled,"distance-decay allocation, capacity-capped, straight line x1.3",47.6 km. HYPOTHESIS ONLY - do not present as a flow.,FALSE
FLW_0162,SRC_OS_011,BU_DR_005,Regjeringskvartalet C-blokk,Mile avfallsdeponi,soil and clay,1237,pfm3,2025,2029,modelled,low,"(model output, not a source)",E5,modelled,"distance-decay allocation, capacity-capped, straight line x1.3",57.4 km. HYPOTHESIS ONLY - do not present as a flow.,FALSE
FLW_0163,SRC_OS_011,BU_LI_001,Regjeringskvartalet C-blokk,Egge I - inert deponi,soil and clay,2873,pfm3,2025,2029,modelled,low,"(model output, not a source)",E5,modelled,"distance-decay allocation, capacity-capped, straight line x1.3",40.6 km. HYPOTHESIS ONLY - do not present as a flow.,FALSE
FLW_0164,SRC_OS_011,BU_LI_002,Regjeringskvartalet C-blokk,Egge II - inert deponi,soil and clay,2848,pfm3,2025,2029,modelled,low,"(model output, not a source)",E5,modelled,"distance-decay allocation, capacity-capped, straight line x1.3",40.8 km. HYPOTHESIS ONLY - do not present as a flow.,FALSE
FLW_0165,SRC_OS_011,OS_OS_001,Regjeringskvartalet C-blokk,Alnabru Massemottak,demolition,8196,pfm3,2025,2029,modelled,low,"(model output, not a source)",E5,modelled,"distance-decay allocation, capacity-capped, straight line x1.3",8.4 km. HYPOTHESIS ONLY - do not present as a flow.,FALSE
FLW_0166,SRC_OS_011,AK_LI_002,Regjeringskvartalet C-blokk,Skedsmo Massesenter,demolition,4461,pfm3,2025,2029,modelled,low,"(model output, not a source)",E5,modelled,"distance-decay allocation, capacity-capped, straight line x1.3",26.6 km. HYPOTHESIS ONLY - do not present as a flow.,FALSE
FLW_0167,SRC_OS_011,AK_LI_003,Regjeringskvartalet C-blokk,Jølsen Miljøpark,demolition,3760,pfm3,2025,2029,modelled,low,"(model output, not a source)",E5,modelled,"distance-decay allocation, capacity-capped, straight line x1.3",27.4 km. HYPOTHESIS ONLY - do not present as a flow.,FALSE
FLW_0168,SRC_OS_011,AK_EI_002,Regjeringskvartalet C-blokk,Feiring Bruk AS avd. Dal Pukkverk,demolition,3555,pfm3,2025,2029,modelled,low,"(model output, not a source)",E5,modelled,"distance-decay allocation, capacity-capped, straight line x1.3",57.6 km. HYPOTHESIS ONLY - do not present as a flow.,FALSE
FLW_0169,SRC_OS_011,AK_UL_001,Regjeringskvartalet C-blokk,Ragn-Sells avd. Gardermoen,demolition,2350,pfm3,2025,2029,modelled,low,"(model output, not a source)",E5,modelled,"distance-decay allocation, capacity-capped, straight line x1.3",48.6 km. HYPOTHESIS ONLY - do not present as a flow.,FALSE
FLW_0170,SRC_OS_011,AK_UL_003,Regjeringskvartalet C-blokk,Veidekke Gardermoen Massesenter,demolition,3891,pfm3,2025,2029,modelled,low,"(model output, not a source)",E5,modelled,"distance-decay allocation, capacity-capped, straight line x1.3",47.2 km. HYPOTHESIS ONLY - do not present as a flow.,FALSE
FLW_0171,SRC_OS_011,AK_NI_001,Regjeringskvartalet C-blokk,NOAH Engadalen,demolition,10364,pfm3,2025,2029,modelled,low,"(model output, not a source)",E5,modelled,"distance-decay allocation, capacity-capped, straight line x1.3",31.5 km. HYPOTHESIS ONLY - do not present as a flow.,FALSE
FLW_0172,SRC_OS_011,AK_AH_001,Regjeringskvartalet C-blokk,Helgerud Inert Deponi,demolition,1353,pfm3,2025,2029,modelled,low,"(model output, not a source)",E5,modelled,"distance-decay allocation, capacity-capped, straight line x1.3",58.1 km. HYPOTHESIS ONLY - do not present as a flow.,FALSE
FLW_0173,SRC_OS_011,AK_AS_001,Regjeringskvartalet C-blokk,Lindum Oredalen,demolition,3491,pfm3,2025,2029,modelled,low,"(model output, not a source)",E5,modelled,"distance-decay allocation, capacity-capped, straight line x1.3",54.8 km. HYPOTHESIS ONLY - do not present as a flow.,FALSE
FLW_0174,SRC_OS_011,AK_AH_002,Regjeringskvartalet C-blokk,Mr. Pukk Høland AS,demolition,1349,pfm3,2025,2029,modelled,low,"(model output, not a source)",E5,modelled,"distance-decay allocation, capacity-capped, straight line x1.3",58.2 km. HYPOTHESIS ONLY - do not present as a flow.,FALSE
FLW_0175,SRC_OS_011,AK_UL_002,Regjeringskvartalet C-blokk,ØRAS Miljøstasjon Dal Skog,demolition,1182,pfm3,2025,2029,modelled,low,"(model output, not a source)",E5,modelled,"distance-decay allocation, capacity-capped, straight line x1.3",56.0 km. HYPOTHESIS ONLY - do not present as a flow.,FALSE
FLW_0176,SRC_OS_011,OF_IO_002,Regjeringskvartalet C-blokk,Veidekke Elvestad,demolition,2648,pfm3,2025,2029,modelled,low,"(model output, not a source)",E5,modelled,"distance-decay allocation, capacity-capped, straight line x1.3",42.2 km. HYPOTHESIS ONLY - do not present as a flow.,FALSE
FLW_0177,SRC_OS_011,OS_OS_004,Regjeringskvartalet C-blokk,FRANO gjenvinningsanlegg for forurensede masser (Bondkall),demolition,11053,pfm3,2025,2029,modelled,low,"(model output, not a source)",E5,modelled,"distance-decay allocation, capacity-capped, straight line x1.3",15.9 km. HYPOTHESIS ONLY - do not present as a flow.,FALSE
FLW_0178,SRC_OS_011,AK_NA_001,Regjeringskvartalet C-blokk,Herstua Grus AS - avfallshåndtering,demolition,1698,pfm3,2025,2029,modelled,low,"(model output, not a source)",E5,modelled,"distance-decay allocation, capacity-capped, straight line x1.3",54.0 km. HYPOTHESIS ONLY - do not present as a flow.,FALSE
FLW_0179,SRC_OS_011,BU_DR_003,Regjeringskvartalet C-blokk,Lerpeveien gjenvinningsstasjon,demolition,1927,pfm3,2025,2029,modelled,low,"(model output, not a source)",E5,modelled,"distance-decay allocation, capacity-capped, straight line x1.3",47.5 km. HYPOTHESIS ONLY - do not present as a flow.,FALSE
FLW_0180,SRC_OS_011,BU_DR_004,Regjeringskvartalet C-blokk,Mile gjenvinningsstasjon,demolition,1386,pfm3,2025,2029,modelled,low,"(model output, not a source)",E5,modelled,"distance-decay allocation, capacity-capped, straight line x1.3",57.4 km. HYPOTHESIS ONLY - do not present as a flow.,FALSE
FLW_0181,SRC_OS_011,BU_LI_001,Regjeringskvartalet C-blokk,Egge I - inert deponi,demolition,2424,pfm3,2025,2029,modelled,low,"(model output, not a source)",E5,modelled,"distance-decay allocation, capacity-capped, straight line x1.3",40.6 km. HYPOTHESIS ONLY - do not present as a flow.,FALSE
FLW_0182,SRC_OS_011,BU_LI_002,Regjeringskvartalet C-blokk,Egge II - inert deponi,demolition,2410,pfm3,2025,2029,modelled,low,"(model output, not a source)",E5,modelled,"distance-decay allocation, capacity-capped, straight line x1.3",40.8 km. HYPOTHESIS ONLY - do not present as a flow.,FALSE
FLW_0183,SRC_OS_011,OS_OS_001,Regjeringskvartalet C-blokk,Alnabru Massemottak,contaminated,5193,pfm3,2025,2029,modelled,low,"(model output, not a source)",E5,modelled,"distance-decay allocation, capacity-capped, straight line x1.3",8.4 km. HYPOTHESIS ONLY - do not present as a flow.,FALSE
FLW_0184,SRC_OS_011,AK_LI_003,Regjeringskvartalet C-blokk,Jølsen Miljøpark,contaminated,3639,pfm3,2025,2029,modelled,low,"(model output, not a source)",E5,modelled,"distance-decay allocation, capacity-capped, straight line x1.3",27.4 km. HYPOTHESIS ONLY - do not present as a flow.,FALSE
FLW_0185,SRC_OS_011,AK_NE_001,Regjeringskvartalet C-blokk,Esval Miljøpark,contaminated,3158,pfm3,2025,2029,modelled,low,"(model output, not a source)",E5,modelled,"distance-decay allocation, capacity-capped, straight line x1.3",61.3 km. HYPOTHESIS ONLY - do not present as a flow.,FALSE
FLW_0186,SRC_OS_011,AK_UL_001,Regjeringskvartalet C-blokk,Ragn-Sells avd. Gardermoen,contaminated,3639,pfm3,2025,2029,modelled,low,"(model output, not a source)",E5,modelled,"distance-decay allocation, capacity-capped, straight line x1.3",48.6 km. HYPOTHESIS ONLY - do not present as a flow.,FALSE
FLW_0187,SRC_OS_011,AK_NI_001,Regjeringskvartalet C-blokk,NOAH Engadalen,contaminated,10992,pfm3,2025,2029,modelled,low,"(model output, not a source)",E5,modelled,"distance-decay allocation, capacity-capped, straight line x1.3",31.5 km. HYPOTHESIS ONLY - do not present as a flow.,FALSE
FLW_0188,SRC_OS_011,AK_AH_001,Regjeringskvartalet C-blokk,Helgerud Inert Deponi,contaminated,2588,pfm3,2025,2029,modelled,low,"(model output, not a source)",E5,modelled,"distance-decay allocation, capacity-capped, straight line x1.3",58.1 km. HYPOTHESIS ONLY - do not present as a flow.,FALSE
FLW_0189,SRC_OS_011,AK_AS_001,Regjeringskvartalet C-blokk,Lindum Oredalen,contaminated,6202,pfm3,2025,2029,modelled,low,"(model output, not a source)",E5,modelled,"distance-decay allocation, capacity-capped, straight line x1.3",54.8 km. HYPOTHESIS ONLY - do not present as a flow.,FALSE
FLW_0190,SRC_OS_011,AK_AH_002,Regjeringskvartalet C-blokk,Mr. Pukk Høland AS,contaminated,2586,pfm3,2025,2029,modelled,low,"(model output, not a source)",E5,modelled,"distance-decay allocation, capacity-capped, straight line x1.3",58.2 km. HYPOTHESIS ONLY - do not present as a flow.,FALSE
FLW_0191,SRC_OS_011,AK_LI_004,Regjeringskvartalet C-blokk,ROAF Miljøpark,contaminated,5205,pfm3,2025,2029,modelled,low,"(model output, not a source)",E5,modelled,"distance-decay allocation, capacity-capped, straight line x1.3",26.4 km. HYPOTHESIS ONLY - do not present as a flow.,FALSE
FLW_0192,SRC_OS_011,AK_UL_002,Regjeringskvartalet C-blokk,ØRAS Miljøstasjon Dal Skog,contaminated,2161,pfm3,2025,2029,modelled,low,"(model output, not a source)",E5,modelled,"distance-decay allocation, capacity-capped, straight line x1.3",56.0 km. HYPOTHESIS ONLY - do not present as a flow.,FALSE
FLW_0193,SRC_OS_011,OS_OS_004,Regjeringskvartalet C-blokk,FRANO gjenvinningsanlegg for forurensede masser (Bondkall),contaminated,8275,pfm3,2025,2029,modelled,low,"(model output, not a source)",E5,modelled,"distance-decay allocation, capacity-capped, straight line x1.3",15.9 km. HYPOTHESIS ONLY - do not present as a flow.,FALSE
FLW_0194,SRC_OS_011,BU_DR_002,Regjeringskvartalet C-blokk,Lindum AS avd. Drammen - avfallsdeponi,contaminated,5308,pfm3,2025,2029,modelled,low,"(model output, not a source)",E5,modelled,"distance-decay allocation, capacity-capped, straight line x1.3",47.6 km. HYPOTHESIS ONLY - do not present as a flow.,FALSE
FLW_0195,SRC_OS_011,BU_LI_001,Regjeringskvartalet C-blokk,Egge I - inert deponi,contaminated,3144,pfm3,2025,2029,modelled,low,"(model output, not a source)",E5,modelled,"distance-decay allocation, capacity-capped, straight line x1.3",40.6 km. HYPOTHESIS ONLY - do not present as a flow.,FALSE
FLW_0196,SRC_OS_011,TE_SK_001,Regjeringskvartalet C-blokk,Bjorstaddalen Næring deponi,contaminated,997,pfm3,2025,2029,modelled,low,"(model output, not a source)",E5,modelled,"distance-decay allocation, capacity-capped, straight line x1.3",146.8 km. HYPOTHESIS ONLY - do not present as a flow.,FALSE
FLW_0197,SRC_OS_011,IN_HA_001,Regjeringskvartalet C-blokk,Heggvin Alun - alunskiferdeponi,contaminated,3161,pfm3,2025,2029,modelled,low,"(model output, not a source)",E5,modelled,"distance-decay allocation, capacity-capped, straight line x1.3",140.6 km. HYPOTHESIS ONLY - do not present as a flow.,FALSE
FLW_0198,SRC_OS_011,IN_GJ_001,Regjeringskvartalet C-blokk,Horisont Miljøpark IKS - deponi kategori 2,contaminated,1254,pfm3,2025,2029,modelled,low,"(model output, not a source)",E5,modelled,"distance-decay allocation, capacity-capped, straight line x1.3",123.3 km. HYPOTHESIS ONLY - do not present as a flow.,FALSE
FLW_0199,SRC_OS_012,OS_OS_001,Nye Aker Sykehus,Alnabru Massemottak,rock,30021,pfm3,2024,2031,modelled,low,"(model output, not a source)",E5,modelled,"distance-decay allocation, capacity-capped, straight line x1.3",4.8 km. HYPOTHESIS ONLY - do not present as a flow.,FALSE
FLW_0200,SRC_OS_012,AK_LI_002,Nye Aker Sykehus,Skedsmo Massesenter,rock,15230,pfm3,2024,2031,modelled,low,"(model output, not a source)",E5,modelled,"distance-decay allocation, capacity-capped, straight line x1.3",21.8 km. HYPOTHESIS ONLY - do not present as a flow.,FALSE
FLW_0201,SRC_OS_012,AK_LI_003,Nye Aker Sykehus,Jølsen Miljøpark,rock,12438,pfm3,2024,2031,modelled,low,"(model output, not a source)",E5,modelled,"distance-decay allocation, capacity-capped, straight line x1.3",23.3 km. HYPOTHESIS ONLY - do not present as a flow.,FALSE
FLW_0202,SRC_OS_012,AK_EI_002,Nye Aker Sykehus,Feiring Bruk AS avd. Dal Pukkverk,rock,9823,pfm3,2024,2031,modelled,low,"(model output, not a source)",E5,modelled,"distance-decay allocation, capacity-capped, straight line x1.3",52.9 km. HYPOTHESIS ONLY - do not present as a flow.,FALSE
FLW_0203,SRC_OS_012,AK_UL_003,Nye Aker Sykehus,Veidekke Gardermoen Massesenter,rock,11563,pfm3,2024,2031,modelled,low,"(model output, not a source)",E5,modelled,"distance-decay allocation, capacity-capped, straight line x1.3",42.4 km. HYPOTHESIS ONLY - do not present as a flow.,FALSE
FLW_0204,SRC_OS_012,AK_NI_001,Nye Aker Sykehus,NOAH Engadalen,rock,32893,pfm3,2024,2031,modelled,low,"(model output, not a source)",E5,modelled,"distance-decay allocation, capacity-capped, straight line x1.3",27.7 km. HYPOTHESIS ONLY - do not present as a flow.,FALSE
FLW_0205,SRC_OS_012,AK_AH_001,Nye Aker Sykehus,Helgerud Inert Deponi,rock,3410,pfm3,2024,2031,modelled,low,"(model output, not a source)",E5,modelled,"distance-decay allocation, capacity-capped, straight line x1.3",55.6 km. HYPOTHESIS ONLY - do not present as a flow.,FALSE
FLW_0206,SRC_OS_012,AK_AH_002,Nye Aker Sykehus,Mr. Pukk Høland AS,rock,3395,pfm3,2024,2031,modelled,low,"(model output, not a source)",E5,modelled,"distance-decay allocation, capacity-capped, straight line x1.3",55.7 km. HYPOTHESIS ONLY - do not present as a flow.,FALSE
FLW_0207,SRC_OS_012,OF_IO_002,Nye Aker Sykehus,Veidekke Elvestad,rock,6177,pfm3,2024,2031,modelled,low,"(model output, not a source)",E5,modelled,"distance-decay allocation, capacity-capped, straight line x1.3",44.3 km. HYPOTHESIS ONLY - do not present as a flow.,FALSE
FLW_0208,SRC_OS_012,OS_OS_004,Nye Aker Sykehus,FRANO gjenvinningsanlegg for forurensede masser (Bondkall),rock,40571,pfm3,2024,2031,modelled,low,"(model output, not a source)",E5,modelled,"distance-decay allocation, capacity-capped, straight line x1.3",11.0 km. HYPOTHESIS ONLY - do not present as a flow.,FALSE
FLW_0209,SRC_OS_012,AK_NA_001,Nye Aker Sykehus,Herstua Grus AS - avfallshåndtering,rock,4769,pfm3,2024,2031,modelled,low,"(model output, not a source)",E5,modelled,"distance-decay allocation, capacity-capped, straight line x1.3",49.5 km. HYPOTHESIS ONLY - do not present as a flow.,FALSE
FLW_0210,SRC_OS_012,BU_LI_001,Nye Aker Sykehus,Egge I - inert deponi,rock,5192,pfm3,2024,2031,modelled,low,"(model output, not a source)",E5,modelled,"distance-decay allocation, capacity-capped, straight line x1.3",45.1 km. HYPOTHESIS ONLY - do not present as a flow.,FALSE
FLW_0211,SRC_OS_012,BU_LI_002,Nye Aker Sykehus,Egge II - inert deponi,rock,5156,pfm3,2024,2031,modelled,low,"(model output, not a source)",E5,modelled,"distance-decay allocation, capacity-capped, straight line x1.3",45.3 km. HYPOTHESIS ONLY - do not present as a flow.,FALSE
FLW_0212,SRC_OS_012,OS_OS_001,Nye Aker Sykehus,Alnabru Massemottak,soil and clay,31610,pfm3,2024,2031,modelled,low,"(model output, not a source)",E5,modelled,"distance-decay allocation, capacity-capped, straight line x1.3",4.8 km. HYPOTHESIS ONLY - do not present as a flow.,FALSE
FLW_0213,SRC_OS_012,AK_LI_002,Nye Aker Sykehus,Skedsmo Massesenter,soil and clay,13534,pfm3,2024,2031,modelled,low,"(model output, not a source)",E5,modelled,"distance-decay allocation, capacity-capped, straight line x1.3",21.8 km. HYPOTHESIS ONLY - do not present as a flow.,FALSE
FLW_0214,SRC_OS_012,AK_LI_003,Nye Aker Sykehus,Jølsen Miljøpark,soil and clay,10892,pfm3,2024,2031,modelled,low,"(model output, not a source)",E5,modelled,"distance-decay allocation, capacity-capped, straight line x1.3",23.3 km. HYPOTHESIS ONLY - do not present as a flow.,FALSE
FLW_0215,SRC_OS_012,AK_NE_001,Nye Aker Sykehus,Esval Miljøpark,soil and clay,2618,pfm3,2024,2031,modelled,low,"(model output, not a source)",E5,modelled,"distance-decay allocation, capacity-capped, straight line x1.3",56.5 km. HYPOTHESIS ONLY - do not present as a flow.,FALSE
FLW_0216,SRC_OS_012,AK_EI_002,Nye Aker Sykehus,Feiring Bruk AS avd. Dal Pukkverk,soil and clay,6397,pfm3,2024,2031,modelled,low,"(model output, not a source)",E5,modelled,"distance-decay allocation, capacity-capped, straight line x1.3",52.9 km. HYPOTHESIS ONLY - do not present as a flow.,FALSE
FLW_0217,SRC_OS_012,AK_UL_003,Nye Aker Sykehus,Veidekke Gardermoen Massesenter,soil and clay,8361,pfm3,2024,2031,modelled,low,"(model output, not a source)",E5,modelled,"distance-decay allocation, capacity-capped, straight line x1.3",42.4 km. HYPOTHESIS ONLY - do not present as a flow.,FALSE
FLW_0218,SRC_OS_012,AK_NI_001,Nye Aker Sykehus,NOAH Engadalen,soil and clay,27546,pfm3,2024,2031,modelled,low,"(model output, not a source)",E5,modelled,"distance-decay allocation, capacity-capped, straight line x1.3",27.7 km. HYPOTHESIS ONLY - do not present as a flow.,FALSE
FLW_0219,SRC_OS_012,AK_AH_001,Nye Aker Sykehus,Helgerud Inert Deponi,soil and clay,2161,pfm3,2024,2031,modelled,low,"(model output, not a source)",E5,modelled,"distance-decay allocation, capacity-capped, straight line x1.3",55.6 km. HYPOTHESIS ONLY - do not present as a flow.,FALSE
FLW_0220,SRC_OS_012,AK_AS_004,Nye Aker Sykehus,Røyken Grovfyllplass,soil and clay,2036,pfm3,2024,2031,modelled,low,"(model output, not a source)",E5,modelled,"distance-decay allocation, capacity-capped, straight line x1.3",42.0 km. HYPOTHESIS ONLY - do not present as a flow.,FALSE
FLW_0221,SRC_OS_012,AK_AH_002,Nye Aker Sykehus,Mr. Pukk Høland AS,soil and clay,2149,pfm3,2024,2031,modelled,low,"(model output, not a source)",E5,modelled,"distance-decay allocation, capacity-capped, straight line x1.3",55.7 km. HYPOTHESIS ONLY - do not present as a flow.,FALSE
FLW_0222,SRC_OS_012,AK_LI_004,Nye Aker Sykehus,ROAF Miljøpark,soil and clay,16675,pfm3,2024,2031,modelled,low,"(model output, not a source)",E5,modelled,"distance-decay allocation, capacity-capped, straight line x1.3",21.7 km. HYPOTHESIS ONLY - do not present as a flow.,FALSE
FLW_0223,SRC_OS_012,AK_UL_002,Nye Aker Sykehus,ØRAS Miljøstasjon Dal Skog,soil and clay,2188,pfm3,2024,2031,modelled,low,"(model output, not a source)",E5,modelled,"distance-decay allocation, capacity-capped, straight line x1.3",51.3 km. HYPOTHESIS ONLY - do not present as a flow.,FALSE
FLW_0224,SRC_OS_012,OF_IO_002,Nye Aker Sykehus,Veidekke Elvestad,soil and clay,4380,pfm3,2024,2031,modelled,low,"(model output, not a source)",E5,modelled,"distance-decay allocation, capacity-capped, straight line x1.3",44.3 km. HYPOTHESIS ONLY - do not present as a flow.,FALSE
FLW_0225,SRC_OS_012,OS_OS_004,Nye Aker Sykehus,FRANO gjenvinningsanlegg for forurensede masser (Bondkall),soil and clay,40150,pfm3,2024,2031,modelled,low,"(model output, not a source)",E5,modelled,"distance-decay allocation, capacity-capped, straight line x1.3",11.0 km. HYPOTHESIS ONLY - do not present as a flow.,FALSE
FLW_0226,SRC_OS_012,AK_NA_001,Nye Aker Sykehus,Herstua Grus AS - avfallshåndtering,soil and clay,3212,pfm3,2024,2031,modelled,low,"(model output, not a source)",E5,modelled,"distance-decay allocation, capacity-capped, straight line x1.3",49.5 km. HYPOTHESIS ONLY - do not present as a flow.,FALSE
FLW_0227,SRC_OS_012,BU_DR_002,Nye Aker Sykehus,Lindum AS avd. Drammen - avfallsdeponi,soil and clay,4611,pfm3,2024,2031,modelled,low,"(model output, not a source)",E5,modelled,"distance-decay allocation, capacity-capped, straight line x1.3",52.5 km. HYPOTHESIS ONLY - do not present as a flow.,FALSE
FLW_0228,SRC_OS_012,BU_LI_001,Nye Aker Sykehus,Egge I - inert deponi,soil and clay,3655,pfm3,2024,2031,modelled,low,"(model output, not a source)",E5,modelled,"distance-decay allocation, capacity-capped, straight line x1.3",45.1 km. HYPOTHESIS ONLY - do not present as a flow.,FALSE
FLW_0229,SRC_OS_012,BU_LI_002,Nye Aker Sykehus,Egge II - inert deponi,soil and clay,3623,pfm3,2024,2031,modelled,low,"(model output, not a source)",E5,modelled,"distance-decay allocation, capacity-capped, straight line x1.3",45.3 km. HYPOTHESIS ONLY - do not present as a flow.,FALSE
FLW_0230,SRC_OS_012,OS_OS_001,Nye Aker Sykehus,Alnabru Massemottak,contaminated,3905,pfm3,2024,2031,modelled,low,"(model output, not a source)",E5,modelled,"distance-decay allocation, capacity-capped, straight line x1.3",4.8 km. HYPOTHESIS ONLY - do not present as a flow.,FALSE
FLW_0231,SRC_OS_012,AK_LI_003,Nye Aker Sykehus,Jølsen Miljøpark,contaminated,2756,pfm3,2024,2031,modelled,low,"(model output, not a source)",E5,modelled,"distance-decay allocation, capacity-capped, straight line x1.3",23.3 km. HYPOTHESIS ONLY - do not present as a flow.,FALSE
FLW_0232,SRC_OS_012,AK_NE_001,Nye Aker Sykehus,Esval Miljøpark,contaminated,2410,pfm3,2024,2031,modelled,low,"(model output, not a source)",E5,modelled,"distance-decay allocation, capacity-capped, straight line x1.3",56.5 km. HYPOTHESIS ONLY - do not present as a flow.,FALSE
FLW_0233,SRC_OS_012,AK_UL_001,Nye Aker Sykehus,Ragn-Sells avd. Gardermoen,contaminated,2775,pfm3,2024,2031,modelled,low,"(model output, not a source)",E5,modelled,"distance-decay allocation, capacity-capped, straight line x1.3",43.8 km. HYPOTHESIS ONLY - do not present as a flow.,FALSE
FLW_0234,SRC_OS_012,AK_NI_001,Nye Aker Sykehus,NOAH Engadalen,contaminated,8292,pfm3,2024,2031,modelled,low,"(model output, not a source)",E5,modelled,"distance-decay allocation, capacity-capped, straight line x1.3",27.7 km. HYPOTHESIS ONLY - do not present as a flow.,FALSE
FLW_0235,SRC_OS_012,AK_AH_001,Nye Aker Sykehus,Helgerud Inert Deponi,contaminated,1924,pfm3,2024,2031,modelled,low,"(model output, not a source)",E5,modelled,"distance-decay allocation, capacity-capped, straight line x1.3",55.6 km. HYPOTHESIS ONLY - do not present as a flow.,FALSE
FLW_0236,SRC_OS_012,AK_AH_002,Nye Aker Sykehus,Mr. Pukk Høland AS,contaminated,1921,pfm3,2024,2031,modelled,low,"(model output, not a source)",E5,modelled,"distance-decay allocation, capacity-capped, straight line x1.3",55.7 km. HYPOTHESIS ONLY - do not present as a flow.,FALSE
FLW_0237,SRC_OS_012,AK_LI_004,Nye Aker Sykehus,ROAF Miljøpark,contaminated,3967,pfm3,2024,2031,modelled,low,"(model output, not a source)",E5,modelled,"distance-decay allocation, capacity-capped, straight line x1.3",21.7 km. HYPOTHESIS ONLY - do not present as a flow.,FALSE
FLW_0238,SRC_OS_012,AK_UL_002,Nye Aker Sykehus,ØRAS Miljøstasjon Dal Skog,contaminated,1648,pfm3,2024,2031,modelled,low,"(model output, not a source)",E5,modelled,"distance-decay allocation, capacity-capped, straight line x1.3",51.3 km. HYPOTHESIS ONLY - do not present as a flow.,FALSE
FLW_0239,SRC_OS_012,OS_OS_004,Nye Aker Sykehus,FRANO gjenvinningsanlegg for forurensede masser (Bondkall),contaminated,6314,pfm3,2024,2031,modelled,low,"(model output, not a source)",E5,modelled,"distance-decay allocation, capacity-capped, straight line x1.3",11.0 km. HYPOTHESIS ONLY - do not present as a flow.,FALSE
FLW_0240,SRC_OS_012,BU_DR_002,Nye Aker Sykehus,Lindum AS avd. Drammen - avfallsdeponi,contaminated,3636,pfm3,2024,2031,modelled,low,"(model output, not a source)",E5,modelled,"distance-decay allocation, capacity-capped, straight line x1.3",52.5 km. HYPOTHESIS ONLY - do not present as a flow.,FALSE
FLW_0241,SRC_OS_012,BU_LI_001,Nye Aker Sykehus,Egge I - inert deponi,contaminated,2162,pfm3,2024,2031,modelled,low,"(model output, not a source)",E5,modelled,"distance-decay allocation, capacity-capped, straight line x1.3",45.1 km. HYPOTHESIS ONLY - do not present as a flow.,FALSE
FLW_0242,SRC_OS_012,TE_SK_001,Nye Aker Sykehus,Bjorstaddalen Næring deponi,contaminated,684,pfm3,2024,2031,modelled,low,"(model output, not a source)",E5,modelled,"distance-decay allocation, capacity-capped, straight line x1.3",151.6 km. HYPOTHESIS ONLY - do not present as a flow.,FALSE
FLW_0243,SRC_OS_012,IN_HA_001,Nye Aker Sykehus,Heggvin Alun - alunskiferdeponi,contaminated,2393,pfm3,2024,2031,modelled,low,"(model output, not a source)",E5,modelled,"distance-decay allocation, capacity-capped, straight line x1.3",136.5 km. HYPOTHESIS ONLY - do not present as a flow.,FALSE
FLW_0244,SRC_OS_012,IN_GJ_001,Nye Aker Sykehus,Horisont Miljøpark IKS - deponi kategori 2,contaminated,938,pfm3,2024,2031,modelled,low,"(model output, not a source)",E5,modelled,"distance-decay allocation, capacity-capped, straight line x1.3",120.3 km. HYPOTHESIS ONLY - do not present as a flow.,FALSE
FLW_0245,SRC_VI_003,OS_OS_001,E134 Oslofjordforbindelsen 2,Alnabru Massemottak,rock,53280,pfm3,2025,2032,modelled,low,"(model output, not a source)",E5,modelled,"distance-decay allocation, capacity-capped, straight line x1.3",41.8 km. HYPOTHESIS ONLY - do not present as a flow.,FALSE
FLW_0246,SRC_VI_003,AK_LI_002,E134 Oslofjordforbindelsen 2,Skedsmo Massesenter,rock,25498,pfm3,2025,2032,modelled,low,"(model output, not a source)",E5,modelled,"distance-decay allocation, capacity-capped, straight line x1.3",60.2 km. HYPOTHESIS ONLY - do not present as a flow.,FALSE
FLW_0247,SRC_VI_003,AK_LI_003,E134 Oslofjordforbindelsen 2,Jølsen Miljøpark,rock,26134,pfm3,2025,2032,modelled,low,"(model output, not a source)",E5,modelled,"distance-decay allocation, capacity-capped, straight line x1.3",56.0 km. HYPOTHESIS ONLY - do not present as a flow.,FALSE
FLW_0248,SRC_VI_003,AK_NI_001,E134 Oslofjordforbindelsen 2,NOAH Engadalen,rock,49488,pfm3,2025,2032,modelled,low,"(model output, not a source)",E5,modelled,"distance-decay allocation, capacity-capped, straight line x1.3",68.8 km. HYPOTHESIS ONLY - do not present as a flow.,FALSE
FLW_0249,SRC_VI_003,AK_AH_001,E134 Oslofjordforbindelsen 2,Helgerud Inert Deponi,rock,15512,pfm3,2025,2032,modelled,low,"(model output, not a source)",E5,modelled,"distance-decay allocation, capacity-capped, straight line x1.3",69.0 km. HYPOTHESIS ONLY - do not present as a flow.,FALSE
FLW_0250,SRC_VI_003,AK_AS_001,E134 Oslofjordforbindelsen 2,Lindum Oredalen,rock,279348,pfm3,2025,2032,modelled,low,"(model output, not a source)",E5,modelled,"distance-decay allocation, capacity-capped, straight line x1.3",17.7 km. HYPOTHESIS ONLY - do not present as a flow.,FALSE
FLW_0251,SRC_VI_003,AK_AH_002,E134 Oslofjordforbindelsen 2,Mr. Pukk Høland AS,rock,15529,pfm3,2025,2032,modelled,low,"(model output, not a source)",E5,modelled,"distance-decay allocation, capacity-capped, straight line x1.3",69.0 km. HYPOTHESIS ONLY - do not present as a flow.,FALSE
FLW_0252,SRC_VI_003,OF_IO_002,E134 Oslofjordforbindelsen 2,Veidekke Elvestad,rock,107387,pfm3,2025,2032,modelled,low,"(model output, not a source)",E5,modelled,"distance-decay allocation, capacity-capped, straight line x1.3",24.2 km. HYPOTHESIS ONLY - do not present as a flow.,FALSE
FLW_0253,SRC_VI_003,OS_OS_004,E134 Oslofjordforbindelsen 2,FRANO gjenvinningsanlegg for forurensede masser (Bondkall),rock,64355,pfm3,2025,2032,modelled,low,"(model output, not a source)",E5,modelled,"distance-decay allocation, capacity-capped, straight line x1.3",50.8 km. HYPOTHESIS ONLY - do not present as a flow.,FALSE
FLW_0254,SRC_VI_003,OF_FR_001,E134 Oslofjordforbindelsen 2,Borge pukkverk avfallsdeponi (Borge Massemottak),rock,17347,pfm3,2025,2032,modelled,low,"(model output, not a source)",E5,modelled,"distance-decay allocation, capacity-capped, straight line x1.3",69.8 km. HYPOTHESIS ONLY - do not present as a flow.,FALSE
FLW_0255,SRC_VI_003,VF_HO_001,E134 Oslofjordforbindelsen 2,Kopstad Massemottak AS,rock,54766,pfm3,2025,2032,modelled,low,"(model output, not a source)",E5,modelled,"distance-decay allocation, capacity-capped, straight line x1.3",37.5 km. HYPOTHESIS ONLY - do not present as a flow.,FALSE
FLW_0256,SRC_VI_003,BU_LI_001,E134 Oslofjordforbindelsen 2,Egge I - inert deponi,rock,56880,pfm3,2025,2032,modelled,low,"(model output, not a source)",E5,modelled,"distance-decay allocation, capacity-capped, straight line x1.3",36.5 km. HYPOTHESIS ONLY - do not present as a flow.,FALSE
FLW_0257,SRC_VI_003,BU_LI_002,E134 Oslofjordforbindelsen 2,Egge II - inert deponi,rock,56877,pfm3,2025,2032,modelled,low,"(model output, not a source)",E5,modelled,"distance-decay allocation, capacity-capped, straight line x1.3",36.5 km. HYPOTHESIS ONLY - do not present as a flow.,FALSE
FLW_0258,SRC_VI_003,OS_OS_001,E134 Oslofjordforbindelsen 2,Alnabru Massemottak,soil and clay,9521,pfm3,2025,2032,modelled,low,"(model output, not a source)",E5,modelled,"distance-decay allocation, capacity-capped, straight line x1.3",41.8 km. HYPOTHESIS ONLY - do not present as a flow.,FALSE
FLW_0259,SRC_VI_003,AK_LI_003,E134 Oslofjordforbindelsen 2,Jølsen Miljøpark,soil and clay,4051,pfm3,2025,2032,modelled,low,"(model output, not a source)",E5,modelled,"distance-decay allocation, capacity-capped, straight line x1.3",56.0 km. HYPOTHESIS ONLY - do not present as a flow.,FALSE
FLW_0260,SRC_VI_003,AK_AS_001,E134 Oslofjordforbindelsen 2,Lindum Oredalen,soil and clay,63519,pfm3,2025,2032,modelled,low,"(model output, not a source)",E5,modelled,"distance-decay allocation, capacity-capped, straight line x1.3",17.7 km. HYPOTHESIS ONLY - do not present as a flow.,FALSE
FLW_0261,SRC_VI_003,AK_AS_004,E134 Oslofjordforbindelsen 2,Røyken Grovfyllplass,soil and clay,17780,pfm3,2025,2032,modelled,low,"(model output, not a source)",E5,modelled,"distance-decay allocation, capacity-capped, straight line x1.3",11.6 km. HYPOTHESIS ONLY - do not present as a flow.,FALSE
FLW_0262,SRC_VI_003,AK_LI_004,E134 Oslofjordforbindelsen 2,ROAF Miljøpark,soil and clay,4923,pfm3,2025,2032,modelled,low,"(model output, not a source)",E5,modelled,"distance-decay allocation, capacity-capped, straight line x1.3",59.0 km. HYPOTHESIS ONLY - do not present as a flow.,FALSE
FLW_0263,SRC_VI_003,OF_IO_002,E134 Oslofjordforbindelsen 2,Veidekke Elvestad,soil and clay,22865,pfm3,2025,2032,modelled,low,"(model output, not a source)",E5,modelled,"distance-decay allocation, capacity-capped, straight line x1.3",24.2 km. HYPOTHESIS ONLY - do not present as a flow.,FALSE
FLW_0264,SRC_VI_003,OS_OS_004,E134 Oslofjordforbindelsen 2,FRANO gjenvinningsanlegg for forurensede masser (Bondkall),soil and clay,10509,pfm3,2025,2032,modelled,low,"(model output, not a source)",E5,modelled,"distance-decay allocation, capacity-capped, straight line x1.3",50.8 km. HYPOTHESIS ONLY - do not present as a flow.,FALSE
FLW_0265,SRC_VI_003,VF_HO_001,E134 Oslofjordforbindelsen 2,Kopstad Massemottak AS,soil and clay,10215,pfm3,2025,2032,modelled,low,"(model output, not a source)",E5,modelled,"distance-decay allocation, capacity-capped, straight line x1.3",37.5 km. HYPOTHESIS ONLY - do not present as a flow.,FALSE
FLW_0266,SRC_VI_003,BU_DR_002,E134 Oslofjordforbindelsen 2,Lindum AS avd. Drammen - avfallsdeponi,soil and clay,33583,pfm3,2025,2032,modelled,low,"(model output, not a source)",E5,modelled,"distance-decay allocation, capacity-capped, straight line x1.3",25.7 km. HYPOTHESIS ONLY - do not present as a flow.,FALSE
FLW_0267,SRC_VI_003,BU_DR_005,E134 Oslofjordforbindelsen 2,Mile avfallsdeponi,soil and clay,7213,pfm3,2025,2032,modelled,low,"(model output, not a source)",E5,modelled,"distance-decay allocation, capacity-capped, straight line x1.3",44.4 km. HYPOTHESIS ONLY - do not present as a flow.,FALSE
FLW_0268,SRC_VI_003,BU_LI_001,E134 Oslofjordforbindelsen 2,Egge I - inert deponi,soil and clay,10710,pfm3,2025,2032,modelled,low,"(model output, not a source)",E5,modelled,"distance-decay allocation, capacity-capped, straight line x1.3",36.5 km. HYPOTHESIS ONLY - do not present as a flow.,FALSE
FLW_0269,SRC_VI_003,BU_LI_002,E134 Oslofjordforbindelsen 2,Egge II - inert deponi,soil and clay,10709,pfm3,2025,2032,modelled,low,"(model output, not a source)",E5,modelled,"distance-decay allocation, capacity-capped, straight line x1.3",36.5 km. HYPOTHESIS ONLY - do not present as a flow.,FALSE
FLW_0270,SRC_VI_006,OS_OS_001,Drammen Helsepark,Alnabru Massemottak,soil and clay,10367,pfm3,2023,2026,modelled,low,"(model output, not a source)",E5,modelled,"distance-decay allocation, capacity-capped, straight line x1.3",53.1 km. HYPOTHESIS ONLY - do not present as a flow.,FALSE
FLW_0271,SRC_VI_006,AK_AS_001,Drammen Helsepark,Lindum Oredalen,soil and clay,53258,pfm3,2023,2026,modelled,low,"(model output, not a source)",E5,modelled,"distance-decay allocation, capacity-capped, straight line x1.3",34.2 km. HYPOTHESIS ONLY - do not present as a flow.,FALSE
FLW_0272,SRC_VI_006,AK_AS_004,Drammen Helsepark,Røyken Grovfyllplass,soil and clay,23647,pfm3,2023,2026,modelled,low,"(model output, not a source)",E5,modelled,"distance-decay allocation, capacity-capped, straight line x1.3",18.9 km. HYPOTHESIS ONLY - do not present as a flow.,FALSE
FLW_0273,SRC_VI_006,OF_IO_002,Drammen Helsepark,Veidekke Elvestad,soil and clay,9754,pfm3,2023,2026,modelled,low,"(model output, not a source)",E5,modelled,"distance-decay allocation, capacity-capped, straight line x1.3",54.3 km. HYPOTHESIS ONLY - do not present as a flow.,FALSE
FLW_0274,SRC_VI_006,VF_HO_001,Drammen Helsepark,Kopstad Massemottak AS,soil and clay,14182,pfm3,2023,2026,modelled,low,"(model output, not a source)",E5,modelled,"distance-decay allocation, capacity-capped, straight line x1.3",44.0 km. HYPOTHESIS ONLY - do not present as a flow.,FALSE
FLW_0275,SRC_VI_006,BU_DR_002,Drammen Helsepark,Lindum AS avd. Drammen - avfallsdeponi,soil and clay,156124,pfm3,2023,2026,modelled,low,"(model output, not a source)",E5,modelled,"distance-decay allocation, capacity-capped, straight line x1.3",8.0 km. HYPOTHESIS ONLY - do not present as a flow.,FALSE
FLW_0276,SRC_VI_006,BU_DR_005,Drammen Helsepark,Mile avfallsdeponi,soil and clay,61985,pfm3,2023,2026,modelled,low,"(model output, not a source)",E5,modelled,"distance-decay allocation, capacity-capped, straight line x1.3",14.5 km. HYPOTHESIS ONLY - do not present as a flow.,FALSE
FLW_0277,SRC_VI_006,BU_LI_001,Drammen Helsepark,Egge I - inert deponi,soil and clay,72561,pfm3,2023,2026,modelled,low,"(model output, not a source)",E5,modelled,"distance-decay allocation, capacity-capped, straight line x1.3",11.3 km. HYPOTHESIS ONLY - do not present as a flow.,FALSE
FLW_0278,SRC_VI_006,BU_LI_002,Drammen Helsepark,Egge II - inert deponi,soil and clay,73121,pfm3,2023,2026,modelled,low,"(model output, not a source)",E5,modelled,"distance-decay allocation, capacity-capped, straight line x1.3",11.2 km. HYPOTHESIS ONLY - do not present as a flow.,FALSE
FLW_0279,SRC_OS_015,OS_OS_001,Construction City,Alnabru Massemottak,soil and clay,19121,pfm3,2021,2025,modelled,low,"(model output, not a source)",E5,modelled,"distance-decay allocation, capacity-capped, straight line x1.3",3.2 km. HYPOTHESIS ONLY - do not present as a flow.,FALSE
FLW_0280,SRC_OS_015,AK_LI_002,Construction City,Skedsmo Massesenter,soil and clay,7541,pfm3,2021,2025,modelled,low,"(model output, not a source)",E5,modelled,"distance-decay allocation, capacity-capped, straight line x1.3",21.8 km. HYPOTHESIS ONLY - do not present as a flow.,FALSE
FLW_0281,SRC_OS_015,AK_LI_003,Construction City,Jølsen Miljøpark,soil and clay,6391,pfm3,2021,2025,modelled,low,"(model output, not a source)",E5,modelled,"distance-decay allocation, capacity-capped, straight line x1.3",22.2 km. HYPOTHESIS ONLY - do not present as a flow.,FALSE
FLW_0282,SRC_OS_015,AK_NE_001,Construction City,Esval Miljøpark,soil and clay,1448,pfm3,2021,2025,modelled,low,"(model output, not a source)",E5,modelled,"distance-decay allocation, capacity-capped, straight line x1.3",56.6 km. HYPOTHESIS ONLY - do not present as a flow.,FALSE
FLW_0283,SRC_OS_015,AK_EI_002,Construction City,Feiring Bruk AS avd. Dal Pukkverk,soil and clay,3401,pfm3,2021,2025,modelled,low,"(model output, not a source)",E5,modelled,"distance-decay allocation, capacity-capped, straight line x1.3",53.8 km. HYPOTHESIS ONLY - do not present as a flow.,FALSE
FLW_0284,SRC_OS_015,AK_UL_003,Construction City,Veidekke Gardermoen Massesenter,soil and clay,4485,pfm3,2021,2025,modelled,low,"(model output, not a source)",E5,modelled,"distance-decay allocation, capacity-capped, straight line x1.3",43.2 km. HYPOTHESIS ONLY - do not present as a flow.,FALSE
FLW_0285,SRC_OS_015,AK_NI_001,Construction City,NOAH Engadalen,soil and clay,14039,pfm3,2021,2025,modelled,low,"(model output, not a source)",E5,modelled,"distance-decay allocation, capacity-capped, straight line x1.3",29.5 km. HYPOTHESIS ONLY - do not present as a flow.,FALSE
FLW_0286,SRC_OS_015,AK_AH_001,Construction City,Helgerud Inert Deponi,soil and clay,1327,pfm3,2021,2025,modelled,low,"(model output, not a source)",E5,modelled,"distance-decay allocation, capacity-capped, straight line x1.3",53.6 km. HYPOTHESIS ONLY - do not present as a flow.,FALSE
FLW_0287,SRC_OS_015,AK_AS_001,Construction City,Lindum Oredalen,soil and clay,2489,pfm3,2021,2025,modelled,low,"(model output, not a source)",E5,modelled,"distance-decay allocation, capacity-capped, straight line x1.3",57.8 km. HYPOTHESIS ONLY - do not present as a flow.,FALSE
FLW_0288,SRC_OS_015,AK_AS_004,Construction City,Røyken Grovfyllplass,soil and clay,1174,pfm3,2021,2025,modelled,low,"(model output, not a source)",E5,modelled,"distance-decay allocation, capacity-capped, straight line x1.3",41.3 km. HYPOTHESIS ONLY - do not present as a flow.,FALSE
FLW_0289,SRC_OS_015,AK_AH_002,Construction City,Mr. Pukk Høland AS,soil and clay,1320,pfm3,2021,2025,modelled,low,"(model output, not a source)",E5,modelled,"distance-decay allocation, capacity-capped, straight line x1.3",53.8 km. HYPOTHESIS ONLY - do not present as a flow.,FALSE
FLW_0290,SRC_OS_015,AK_LI_004,Construction City,ROAF Miljøpark,soil and clay,9412,pfm3,2021,2025,modelled,low,"(model output, not a source)",E5,modelled,"distance-decay allocation, capacity-capped, straight line x1.3",21.4 km. HYPOTHESIS ONLY - do not present as a flow.,FALSE
FLW_0291,SRC_OS_015,AK_UL_002,Construction City,ØRAS Miljøstasjon Dal Skog,soil and clay,1171,pfm3,2021,2025,modelled,low,"(model output, not a source)",E5,modelled,"distance-decay allocation, capacity-capped, straight line x1.3",52.1 km. HYPOTHESIS ONLY - do not present as a flow.,FALSE
FLW_0292,SRC_OS_015,OF_IO_002,Construction City,Veidekke Elvestad,soil and clay,2720,pfm3,2021,2025,modelled,low,"(model output, not a source)",E5,modelled,"distance-decay allocation, capacity-capped, straight line x1.3",42.2 km. HYPOTHESIS ONLY - do not present as a flow.,FALSE
FLW_0293,SRC_OS_015,OS_OS_004,Construction City,FRANO gjenvinningsanlegg for forurensede masser (Bondkall),soil and clay,22165,pfm3,2021,2025,modelled,low,"(model output, not a source)",E5,modelled,"distance-decay allocation, capacity-capped, straight line x1.3",11.2 km. HYPOTHESIS ONLY - do not present as a flow.,FALSE
FLW_0294,SRC_OS_015,AK_NA_001,Construction City,Herstua Grus AS - avfallshåndtering,soil and clay,1687,pfm3,2021,2025,modelled,low,"(model output, not a source)",E5,modelled,"distance-decay allocation, capacity-capped, straight line x1.3",50.7 km. HYPOTHESIS ONLY - do not present as a flow.,FALSE
FLW_0295,SRC_OS_015,BU_DR_002,Construction City,Lindum AS avd. Drammen - avfallsdeponi,soil and clay,2591,pfm3,2021,2025,modelled,low,"(model output, not a source)",E5,modelled,"distance-decay allocation, capacity-capped, straight line x1.3",52.3 km. HYPOTHESIS ONLY - do not present as a flow.,FALSE
FLW_0296,SRC_OS_015,BU_LI_001,Construction City,Egge I - inert deponi,soil and clay,1967,pfm3,2021,2025,modelled,low,"(model output, not a source)",E5,modelled,"distance-decay allocation, capacity-capped, straight line x1.3",45.8 km. HYPOTHESIS ONLY - do not present as a flow.,FALSE
FLW_0297,SRC_OS_015,BU_LI_002,Construction City,Egge II - inert deponi,soil and clay,1951,pfm3,2021,2025,modelled,low,"(model output, not a source)",E5,modelled,"distance-decay allocation, capacity-capped, straight line x1.3",45.9 km. HYPOTHESIS ONLY - do not present as a flow.,FALSE
FLW_0298,SRC_OS_015,OS_OS_001,Construction City,Alnabru Massemottak,rock,6147,pfm3,2021,2025,modelled,low,"(model output, not a source)",E5,modelled,"distance-decay allocation, capacity-capped, straight line x1.3",3.2 km. HYPOTHESIS ONLY - do not present as a flow.,FALSE
FLW_0299,SRC_OS_015,AK_LI_002,Construction City,Skedsmo Massesenter,rock,2920,pfm3,2021,2025,modelled,low,"(model output, not a source)",E5,modelled,"distance-decay allocation, capacity-capped, straight line x1.3",21.8 km. HYPOTHESIS ONLY - do not present as a flow.,FALSE
FLW_0300,SRC_OS_015,AK_LI_003,Construction City,Jølsen Miljøpark,rock,2486,pfm3,2021,2025,modelled,low,"(model output, not a source)",E5,modelled,"distance-decay allocation, capacity-capped, straight line x1.3",22.2 km. HYPOTHESIS ONLY - do not present as a flow.,FALSE
FLW_0301,SRC_OS_015,AK_EI_002,Construction City,Feiring Bruk AS avd. Dal Pukkverk,rock,1814,pfm3,2021,2025,modelled,low,"(model output, not a source)",E5,modelled,"distance-decay allocation, capacity-capped, straight line x1.3",53.8 km. HYPOTHESIS ONLY - do not present as a flow.,FALSE
FLW_0302,SRC_OS_015,AK_UL_003,Construction City,Veidekke Gardermoen Massesenter,rock,2151,pfm3,2021,2025,modelled,low,"(model output, not a source)",E5,modelled,"distance-decay allocation, capacity-capped, straight line x1.3",43.2 km. HYPOTHESIS ONLY - do not present as a flow.,FALSE
FLW_0303,SRC_OS_015,AK_NI_001,Construction City,NOAH Engadalen,rock,5873,pfm3,2021,2025,modelled,low,"(model output, not a source)",E5,modelled,"distance-decay allocation, capacity-capped, straight line x1.3",29.5 km. HYPOTHESIS ONLY - do not present as a flow.,FALSE
FLW_0304,SRC_OS_015,AK_AH_001,Construction City,Helgerud Inert Deponi,rock,707,pfm3,2021,2025,modelled,low,"(model output, not a source)",E5,modelled,"distance-decay allocation, capacity-capped, straight line x1.3",53.6 km. HYPOTHESIS ONLY - do not present as a flow.,FALSE
FLW_0305,SRC_OS_015,AK_AS_001,Construction City,Lindum Oredalen,rock,1382,pfm3,2021,2025,modelled,low,"(model output, not a source)",E5,modelled,"distance-decay allocation, capacity-capped, straight line x1.3",57.8 km. HYPOTHESIS ONLY - do not present as a flow.,FALSE
FLW_0306,SRC_OS_015,AK_AH_002,Construction City,Mr. Pukk Høland AS,rock,704,pfm3,2021,2025,modelled,low,"(model output, not a source)",E5,modelled,"distance-decay allocation, capacity-capped, straight line x1.3",53.8 km. HYPOTHESIS ONLY - do not present as a flow.,FALSE
FLW_0307,SRC_OS_015,OF_IO_002,Construction City,Veidekke Elvestad,rock,1292,pfm3,2021,2025,modelled,low,"(model output, not a source)",E5,modelled,"distance-decay allocation, capacity-capped, straight line x1.3",42.2 km. HYPOTHESIS ONLY - do not present as a flow.,FALSE
FLW_0308,SRC_OS_015,OS_OS_004,Construction City,FRANO gjenvinningsanlegg for forurensede masser (Bondkall),rock,7722,pfm3,2021,2025,modelled,low,"(model output, not a source)",E5,modelled,"distance-decay allocation, capacity-capped, straight line x1.3",11.2 km. HYPOTHESIS ONLY - do not present as a flow.,FALSE
FLW_0309,SRC_OS_015,AK_NA_001,Construction City,Herstua Grus AS - avfallshåndtering,rock,872,pfm3,2021,2025,modelled,low,"(model output, not a source)",E5,modelled,"distance-decay allocation, capacity-capped, straight line x1.3",50.7 km. HYPOTHESIS ONLY - do not present as a flow.,FALSE
FLW_0310,SRC_OS_015,BU_LI_001,Construction City,Egge I - inert deponi,rock,968,pfm3,2021,2025,modelled,low,"(model output, not a source)",E5,modelled,"distance-decay allocation, capacity-capped, straight line x1.3",45.8 km. HYPOTHESIS ONLY - do not present as a flow.,FALSE
FLW_0311,SRC_OS_015,BU_LI_002,Construction City,Egge II - inert deponi,rock,962,pfm3,2021,2025,modelled,low,"(model output, not a source)",E5,modelled,"distance-decay allocation, capacity-capped, straight line x1.3",45.9 km. HYPOTHESIS ONLY - do not present as a flow.,FALSE
FLW_0312,SRC_HIS_001,OS_OS_001,Follobanen,Alnabru Massemottak,rock,323566,pfm3,2015,2022,modelled,low,"(model output, not a source)",E5,modelled,"distance-decay allocation, capacity-capped, straight line x1.3",13.8 km. HYPOTHESIS ONLY - do not present as a flow.,FALSE
FLW_0313,SRC_HIS_001,AK_LI_002,Follobanen,Skedsmo Massesenter,rock,161088,pfm3,2015,2022,modelled,low,"(model output, not a source)",E5,modelled,"distance-decay allocation, capacity-capped, straight line x1.3",31.2 km. HYPOTHESIS ONLY - do not present as a flow.,FALSE
FLW_0314,SRC_HIS_001,AK_LI_003,Follobanen,Jølsen Miljøpark,rock,162962,pfm3,2015,2022,modelled,low,"(model output, not a source)",E5,modelled,"distance-decay allocation, capacity-capped, straight line x1.3",27.3 km. HYPOTHESIS ONLY - do not present as a flow.,FALSE
FLW_0315,SRC_HIS_001,AK_EI_002,Follobanen,Feiring Bruk AS avd. Dal Pukkverk,rock,92574,pfm3,2015,2022,modelled,low,"(model output, not a source)",E5,modelled,"distance-decay allocation, capacity-capped, straight line x1.3",65.2 km. HYPOTHESIS ONLY - do not present as a flow.,FALSE
FLW_0316,SRC_HIS_001,AK_UL_003,Follobanen,Veidekke Gardermoen Massesenter,rock,111461,pfm3,2015,2022,modelled,low,"(model output, not a source)",E5,modelled,"distance-decay allocation, capacity-capped, straight line x1.3",54.2 km. HYPOTHESIS ONLY - do not present as a flow.,FALSE
FLW_0317,SRC_HIS_001,AK_NI_001,Follobanen,NOAH Engadalen,rock,277942,pfm3,2015,2022,modelled,low,"(model output, not a source)",E5,modelled,"distance-decay allocation, capacity-capped, straight line x1.3",42.8 km. HYPOTHESIS ONLY - do not present as a flow.,FALSE
FLW_0318,SRC_HIS_001,AK_AH_001,Follobanen,Helgerud Inert Deponi,rock,66746,pfm3,2015,2022,modelled,low,"(model output, not a source)",E5,modelled,"distance-decay allocation, capacity-capped, straight line x1.3",49.7 km. HYPOTHESIS ONLY - do not present as a flow.,FALSE
FLW_0319,SRC_HIS_001,AK_AS_001,Follobanen,Lindum Oredalen,rock,174454,pfm3,2015,2022,modelled,low,"(model output, not a source)",E5,modelled,"distance-decay allocation, capacity-capped, straight line x1.3",46.6 km. HYPOTHESIS ONLY - do not present as a flow.,FALSE
FLW_0320,SRC_HIS_001,AK_AH_002,Follobanen,Mr. Pukk Høland AS,rock,66593,pfm3,2015,2022,modelled,low,"(model output, not a source)",E5,modelled,"distance-decay allocation, capacity-capped, straight line x1.3",49.7 km. HYPOTHESIS ONLY - do not present as a flow.,FALSE
FLW_0321,SRC_HIS_001,OF_IO_002,Follobanen,Veidekke Elvestad,rock,176880,pfm3,2015,2022,modelled,low,"(model output, not a source)",E5,modelled,"distance-decay allocation, capacity-capped, straight line x1.3",28.9 km. HYPOTHESIS ONLY - do not present as a flow.,FALSE
FLW_0322,SRC_HIS_001,OS_OS_004,Follobanen,FRANO gjenvinningsanlegg for forurensede masser (Bondkall),rock,397211,pfm3,2015,2022,modelled,low,"(model output, not a source)",E5,modelled,"distance-decay allocation, capacity-capped, straight line x1.3",22.4 km. HYPOTHESIS ONLY - do not present as a flow.,FALSE
FLW_0323,SRC_HIS_001,AK_NA_001,Follobanen,Herstua Grus AS - avfallshåndtering,rock,43275,pfm3,2015,2022,modelled,low,"(model output, not a source)",E5,modelled,"distance-decay allocation, capacity-capped, straight line x1.3",62.8 km. HYPOTHESIS ONLY - do not present as a flow.,FALSE
FLW_0324,SRC_HIS_001,VF_HO_001,Follobanen,Kopstad Massemottak AS,rock,34049,pfm3,2015,2022,modelled,low,"(model output, not a source)",E5,modelled,"distance-decay allocation, capacity-capped, straight line x1.3",66.5 km. HYPOTHESIS ONLY - do not present as a flow.,FALSE
FLW_0325,SRC_HIS_001,BU_LI_001,Follobanen,Egge I - inert deponi,rock,80813,pfm3,2015,2022,modelled,low,"(model output, not a source)",E5,modelled,"distance-decay allocation, capacity-capped, straight line x1.3",44.9 km. HYPOTHESIS ONLY - do not present as a flow.,FALSE
FLW_0326,SRC_HIS_001,BU_LI_002,Follobanen,Egge II - inert deponi,rock,80387,pfm3,2015,2022,modelled,low,"(model output, not a source)",E5,modelled,"distance-decay allocation, capacity-capped, straight line x1.3",45.0 km. HYPOTHESIS ONLY - do not present as a flow.,FALSE
FLW_0327,SRC_HIS_002,OS_OS_001,Barcode-rekken,Alnabru Massemottak,contaminated,86974,pfm3,2005,2016,modelled,low,"(model output, not a source)",E5,modelled,"distance-decay allocation, capacity-capped, straight line x1.3",8.0 km. HYPOTHESIS ONLY - do not present as a flow.,FALSE
FLW_0328,SRC_HIS_002,AK_LI_003,Barcode-rekken,Jølsen Miljøpark,contaminated,60952,pfm3,2005,2016,modelled,low,"(model output, not a source)",E5,modelled,"distance-decay allocation, capacity-capped, straight line x1.3",27.0 km. HYPOTHESIS ONLY - do not present as a flow.,FALSE
FLW_0329,SRC_HIS_002,AK_NE_001,Barcode-rekken,Esval Miljøpark,contaminated,52625,pfm3,2005,2016,modelled,low,"(model output, not a source)",E5,modelled,"distance-decay allocation, capacity-capped, straight line x1.3",61.4 km. HYPOTHESIS ONLY - do not present as a flow.,FALSE
FLW_0330,SRC_HIS_002,AK_UL_001,Barcode-rekken,Ragn-Sells avd. Gardermoen,contaminated,60494,pfm3,2005,2016,modelled,low,"(model output, not a source)",E5,modelled,"distance-decay allocation, capacity-capped, straight line x1.3",48.9 km. HYPOTHESIS ONLY - do not present as a flow.,FALSE
FLW_0331,SRC_HIS_002,AK_AS_001,Barcode-rekken,Lindum Oredalen,contaminated,104152,pfm3,2005,2016,modelled,low,"(model output, not a source)",E5,modelled,"distance-decay allocation, capacity-capped, straight line x1.3",54.1 km. HYPOTHESIS ONLY - do not present as a flow.,FALSE
FLW_0332,SRC_HIS_002,AK_AH_002,Barcode-rekken,Mr. Pukk Høland AS,contaminated,43528,pfm3,2005,2016,modelled,low,"(model output, not a source)",E5,modelled,"distance-decay allocation, capacity-capped, straight line x1.3",57.3 km. HYPOTHESIS ONLY - do not present as a flow.,FALSE
FLW_0333,SRC_HIS_002,AK_LI_004,Barcode-rekken,ROAF Miljøpark,contaminated,86893,pfm3,2005,2016,modelled,low,"(model output, not a source)",E5,modelled,"distance-decay allocation, capacity-capped, straight line x1.3",26.3 km. HYPOTHESIS ONLY - do not present as a flow.,FALSE
FLW_0334,SRC_HIS_002,AK_UL_002,Barcode-rekken,ØRAS Miljøstasjon Dal Skog,contaminated,35911,pfm3,2005,2016,modelled,low,"(model output, not a source)",E5,modelled,"distance-decay allocation, capacity-capped, straight line x1.3",56.4 km. HYPOTHESIS ONLY - do not present as a flow.,FALSE
FLW_0335,SRC_HIS_002,OS_OS_004,Barcode-rekken,FRANO gjenvinningsanlegg for forurensede masser (Bondkall),contaminated,137912,pfm3,2005,2016,modelled,low,"(model output, not a source)",E5,modelled,"distance-decay allocation, capacity-capped, straight line x1.3",15.9 km. HYPOTHESIS ONLY - do not present as a flow.,FALSE
FLW_0336,SRC_HIS_002,BU_DR_002,Barcode-rekken,Lindum AS avd. Drammen - avfallsdeponi,contaminated,88623,pfm3,2005,2016,modelled,low,"(model output, not a source)",E5,modelled,"distance-decay allocation, capacity-capped, straight line x1.3",47.5 km. HYPOTHESIS ONLY - do not present as a flow.,FALSE
FLW_0337,SRC_HIS_002,BU_LI_001,Barcode-rekken,Egge I - inert deponi,contaminated,52236,pfm3,2005,2016,modelled,low,"(model output, not a source)",E5,modelled,"distance-decay allocation, capacity-capped, straight line x1.3",40.9 km. HYPOTHESIS ONLY - do not present as a flow.,FALSE
FLW_0338,SRC_HIS_002,TE_SK_001,Barcode-rekken,Bjorstaddalen Næring deponi,contaminated,16678,pfm3,2005,2016,modelled,low,"(model output, not a source)",E5,modelled,"distance-decay allocation, capacity-capped, straight line x1.3",146.6 km. HYPOTHESIS ONLY - do not present as a flow.,FALSE
FLW_0339,SRC_HIS_002,IN_HA_001,Barcode-rekken,Heggvin Alun - alunskiferdeponi,contaminated,52323,pfm3,2005,2016,modelled,low,"(model output, not a source)",E5,modelled,"distance-decay allocation, capacity-capped, straight line x1.3",141.3 km. HYPOTHESIS ONLY - do not present as a flow.,FALSE
FLW_0340,SRC_HIS_002,IN_GJ_001,Barcode-rekken,Horisont Miljøpark IKS - deponi kategori 2,contaminated,20700,pfm3,2005,2016,modelled,low,"(model output, not a source)",E5,modelled,"distance-decay allocation, capacity-capped, straight line x1.3",124.2 km. HYPOTHESIS ONLY - do not present as a flow.,FALSE
FLW_0341,SRC_HIS_002,OS_OS_001,Barcode-rekken,Alnabru Massemottak,soil and clay,115060,pfm3,2005,2016,modelled,low,"(model output, not a source)",E5,modelled,"distance-decay allocation, capacity-capped, straight line x1.3",8.0 km. HYPOTHESIS ONLY - do not present as a flow.,FALSE
FLW_0342,SRC_HIS_002,AK_LI_002,Barcode-rekken,Skedsmo Massesenter,soil and clay,45318,pfm3,2005,2016,modelled,low,"(model output, not a source)",E5,modelled,"distance-decay allocation, capacity-capped, straight line x1.3",26.6 km. HYPOTHESIS ONLY - do not present as a flow.,FALSE
FLW_0343,SRC_HIS_002,AK_LI_003,Barcode-rekken,Jølsen Miljøpark,soil and clay,38438,pfm3,2005,2016,modelled,low,"(model output, not a source)",E5,modelled,"distance-decay allocation, capacity-capped, straight line x1.3",27.0 km. HYPOTHESIS ONLY - do not present as a flow.,FALSE
FLW_0344,SRC_HIS_002,AK_EI_002,Barcode-rekken,Feiring Bruk AS avd. Dal Pukkverk,soil and clay,21139,pfm3,2005,2016,modelled,low,"(model output, not a source)",E5,modelled,"distance-decay allocation, capacity-capped, straight line x1.3",58.0 km. HYPOTHESIS ONLY - do not present as a flow.,FALSE
FLW_0345,SRC_HIS_002,AK_UL_003,Barcode-rekken,Veidekke Gardermoen Massesenter,soil and clay,27614,pfm3,2005,2016,modelled,low,"(model output, not a source)",E5,modelled,"distance-decay allocation, capacity-capped, straight line x1.3",47.5 km. HYPOTHESIS ONLY - do not present as a flow.,FALSE
FLW_0346,SRC_HIS_002,AK_AS_001,Barcode-rekken,Lindum Oredalen,soil and clay,22886,pfm3,2005,2016,modelled,low,"(model output, not a source)",E5,modelled,"distance-decay allocation, capacity-capped, straight line x1.3",54.1 km. HYPOTHESIS ONLY - do not present as a flow.,FALSE
FLW_0347,SRC_HIS_002,AK_AS_004,Barcode-rekken,Røyken Grovfyllplass,soil and clay,11193,pfm3,2005,2016,modelled,low,"(model output, not a source)",E5,modelled,"distance-decay allocation, capacity-capped, straight line x1.3",36.9 km. HYPOTHESIS ONLY - do not present as a flow.,FALSE
FLW_0348,SRC_HIS_002,AK_AH_002,Barcode-rekken,Mr. Pukk Høland AS,soil and clay,8449,pfm3,2005,2016,modelled,low,"(model output, not a source)",E5,modelled,"distance-decay allocation, capacity-capped, straight line x1.3",57.3 km. HYPOTHESIS ONLY - do not present as a flow.,FALSE
FLW_0349,SRC_HIS_002,AK_LI_004,Barcode-rekken,ROAF Miljøpark,soil and clay,56355,pfm3,2005,2016,modelled,low,"(model output, not a source)",E5,modelled,"distance-decay allocation, capacity-capped, straight line x1.3",26.3 km. HYPOTHESIS ONLY - do not present as a flow.,FALSE
FLW_0350,SRC_HIS_002,AK_UL_002,Barcode-rekken,ØRAS Miljøstasjon Dal Skog,soil and clay,7227,pfm3,2005,2016,modelled,low,"(model output, not a source)",E5,modelled,"distance-decay allocation, capacity-capped, straight line x1.3",56.4 km. HYPOTHESIS ONLY - do not present as a flow.,FALSE
FLW_0351,SRC_HIS_002,OS_OS_004,Barcode-rekken,FRANO gjenvinningsanlegg for forurensede masser (Bondkall),soil and clay,133943,pfm3,2005,2016,modelled,low,"(model output, not a source)",E5,modelled,"distance-decay allocation, capacity-capped, straight line x1.3",15.9 km. HYPOTHESIS ONLY - do not present as a flow.,FALSE
FLW_0352,SRC_HIS_002,AK_NA_001,Barcode-rekken,Herstua Grus AS - avfallshåndtering,soil and clay,10653,pfm3,2005,2016,modelled,low,"(model output, not a source)",E5,modelled,"distance-decay allocation, capacity-capped, straight line x1.3",54.5 km. HYPOTHESIS ONLY - do not present as a flow.,FALSE
FLW_0353,SRC_HIS_002,BU_DR_002,Barcode-rekken,Lindum AS avd. Drammen - avfallsdeponi,soil and clay,25190,pfm3,2005,2016,modelled,low,"(model output, not a source)",E5,modelled,"distance-decay allocation, capacity-capped, straight line x1.3",47.5 km. HYPOTHESIS ONLY - do not present as a flow.,FALSE
FLW_0354,SRC_HIS_002,BU_DR_005,Barcode-rekken,Mile avfallsdeponi,soil and clay,8308,pfm3,2005,2016,modelled,low,"(model output, not a source)",E5,modelled,"distance-decay allocation, capacity-capped, straight line x1.3",57.7 km. HYPOTHESIS ONLY - do not present as a flow.,FALSE
FLW_0355,SRC_HIS_002,BU_LI_001,Barcode-rekken,Egge I - inert deponi,soil and clay,19194,pfm3,2005,2016,modelled,low,"(model output, not a source)",E5,modelled,"distance-decay allocation, capacity-capped, straight line x1.3",40.9 km. HYPOTHESIS ONLY - do not present as a flow.,FALSE
FLW_0356,SRC_HIS_002,BU_LI_002,Barcode-rekken,Egge II - inert deponi,soil and clay,19032,pfm3,2005,2016,modelled,low,"(model output, not a source)",E5,modelled,"distance-decay allocation, capacity-capped, straight line x1.3",41.1 km. HYPOTHESIS ONLY - do not present as a flow.,FALSE
FLW_0357,SRC_HIS_003,OS_OS_001,Nasjonalmuseet,Alnabru Massemottak,soil and clay,26218,pfm3,2014,2022,modelled,low,"(model output, not a source)",E5,modelled,"distance-decay allocation, capacity-capped, straight line x1.3",9.8 km. HYPOTHESIS ONLY - do not present as a flow.,FALSE
FLW_0358,SRC_HIS_003,AK_LI_002,Nasjonalmuseet,Skedsmo Massesenter,soil and clay,10561,pfm3,2014,2022,modelled,low,"(model output, not a source)",E5,modelled,"distance-decay allocation, capacity-capped, straight line x1.3",28.0 km. HYPOTHESIS ONLY - do not present as a flow.,FALSE
FLW_0359,SRC_HIS_003,AK_LI_003,Nasjonalmuseet,Jølsen Miljøpark,soil and clay,8753,pfm3,2014,2022,modelled,low,"(model output, not a source)",E5,modelled,"distance-decay allocation, capacity-capped, straight line x1.3",28.9 km. HYPOTHESIS ONLY - do not present as a flow.,FALSE
FLW_0360,SRC_HIS_003,AK_EI_002,Nasjonalmuseet,Feiring Bruk AS avd. Dal Pukkverk,soil and clay,5094,pfm3,2014,2022,modelled,low,"(model output, not a source)",E5,modelled,"distance-decay allocation, capacity-capped, straight line x1.3",58.7 km. HYPOTHESIS ONLY - do not present as a flow.,FALSE
FLW_0361,SRC_HIS_003,AK_UL_003,Nasjonalmuseet,Veidekke Gardermoen Massesenter,soil and clay,6603,pfm3,2014,2022,modelled,low,"(model output, not a source)",E5,modelled,"distance-decay allocation, capacity-capped, straight line x1.3",48.4 km. HYPOTHESIS ONLY - do not present as a flow.,FALSE
FLW_0362,SRC_HIS_003,AK_NI_001,Nasjonalmuseet,NOAH Engadalen,soil and clay,23353,pfm3,2014,2022,modelled,low,"(model output, not a source)",E5,modelled,"distance-decay allocation, capacity-capped, straight line x1.3",32.3 km. HYPOTHESIS ONLY - do not present as a flow.,FALSE
FLW_0363,SRC_HIS_003,AK_AH_001,Nasjonalmuseet,Helgerud Inert Deponi,soil and clay,1910,pfm3,2014,2022,modelled,low,"(model output, not a source)",E5,modelled,"distance-decay allocation, capacity-capped, straight line x1.3",59.3 km. HYPOTHESIS ONLY - do not present as a flow.,FALSE
FLW_0364,SRC_HIS_003,AK_AS_001,Nasjonalmuseet,Lindum Oredalen,soil and clay,5768,pfm3,2014,2022,modelled,low,"(model output, not a source)",E5,modelled,"distance-decay allocation, capacity-capped, straight line x1.3",53.9 km. HYPOTHESIS ONLY - do not present as a flow.,FALSE
FLW_0365,SRC_HIS_003,AK_AS_004,Nasjonalmuseet,Røyken Grovfyllplass,soil and clay,2895,pfm3,2014,2022,modelled,low,"(model output, not a source)",E5,modelled,"distance-decay allocation, capacity-capped, straight line x1.3",36.1 km. HYPOTHESIS ONLY - do not present as a flow.,FALSE
FLW_0366,SRC_HIS_003,AK_AH_002,Nasjonalmuseet,Mr. Pukk Høland AS,soil and clay,1901,pfm3,2014,2022,modelled,low,"(model output, not a source)",E5,modelled,"distance-decay allocation, capacity-capped, straight line x1.3",59.4 km. HYPOTHESIS ONLY - do not present as a flow.,FALSE
FLW_0367,SRC_HIS_003,AK_LI_004,Nasjonalmuseet,ROAF Miljøpark,soil and clay,13049,pfm3,2014,2022,modelled,low,"(model output, not a source)",E5,modelled,"distance-decay allocation, capacity-capped, straight line x1.3",27.8 km. HYPOTHESIS ONLY - do not present as a flow.,FALSE
FLW_0368,SRC_HIS_003,AK_UL_002,Nasjonalmuseet,ØRAS Miljøstasjon Dal Skog,soil and clay,1732,pfm3,2014,2022,modelled,low,"(model output, not a source)",E5,modelled,"distance-decay allocation, capacity-capped, straight line x1.3",57.2 km. HYPOTHESIS ONLY - do not present as a flow.,FALSE
FLW_0369,SRC_HIS_003,OF_IO_002,Nasjonalmuseet,Veidekke Elvestad,soil and clay,5148,pfm3,2014,2022,modelled,low,"(model output, not a source)",E5,modelled,"distance-decay allocation, capacity-capped, straight line x1.3",42.3 km. HYPOTHESIS ONLY - do not present as a flow.,FALSE
FLW_0370,SRC_HIS_003,OS_OS_004,Nasjonalmuseet,FRANO gjenvinningsanlegg for forurensede masser (Bondkall),soil and clay,31324,pfm3,2014,2022,modelled,low,"(model output, not a source)",E5,modelled,"distance-decay allocation, capacity-capped, straight line x1.3",17.2 km. HYPOTHESIS ONLY - do not present as a flow.,FALSE
FLW_0371,SRC_HIS_003,AK_NA_001,Nasjonalmuseet,Herstua Grus AS - avfallshåndtering,soil and clay,2594,pfm3,2014,2022,modelled,low,"(model output, not a source)",E5,modelled,"distance-decay allocation, capacity-capped, straight line x1.3",55.0 km. HYPOTHESIS ONLY - do not present as a flow.,FALSE
FLW_0372,SRC_HIS_003,BU_DR_002,Nasjonalmuseet,Lindum AS avd. Drammen - avfallsdeponi,soil and clay,6672,pfm3,2014,2022,modelled,low,"(model output, not a source)",E5,modelled,"distance-decay allocation, capacity-capped, straight line x1.3",46.3 km. HYPOTHESIS ONLY - do not present as a flow.,FALSE
FLW_0373,SRC_HIS_003,BU_DR_005,Nasjonalmuseet,Mile avfallsdeponi,soil and clay,2253,pfm3,2014,2022,modelled,low,"(model output, not a source)",E5,modelled,"distance-decay allocation, capacity-capped, straight line x1.3",56.0 km. HYPOTHESIS ONLY - do not present as a flow.,FALSE
FLW_0374,SRC_HIS_003,BU_LI_001,Nasjonalmuseet,Egge I - inert deponi,soil and clay,5234,pfm3,2014,2022,modelled,low,"(model output, not a source)",E5,modelled,"distance-decay allocation, capacity-capped, straight line x1.3",39.1 km. HYPOTHESIS ONLY - do not present as a flow.,FALSE
FLW_0375,SRC_HIS_003,BU_LI_002,Nasjonalmuseet,Egge II - inert deponi,soil and clay,5189,pfm3,2014,2022,modelled,low,"(model output, not a source)",E5,modelled,"distance-decay allocation, capacity-capped, straight line x1.3",39.3 km. HYPOTHESIS ONLY - do not present as a flow.,FALSE
FLW_0376,SRC_HIS_003,OS_OS_001,Nasjonalmuseet,Alnabru Massemottak,rock,2334,pfm3,2014,2022,modelled,low,"(model output, not a source)",E5,modelled,"distance-decay allocation, capacity-capped, straight line x1.3",9.8 km. HYPOTHESIS ONLY - do not present as a flow.,FALSE
FLW_0377,SRC_HIS_003,AK_LI_002,Nasjonalmuseet,Skedsmo Massesenter,rock,4721,pfm3,2014,2022,modelled,low,"(model output, not a source)",E5,modelled,"distance-decay allocation, capacity-capped, straight line x1.3",28.0 km. HYPOTHESIS ONLY - do not present as a flow.,FALSE
FLW_0378,SRC_HIS_003,AK_LI_003,Nasjonalmuseet,Jølsen Miljøpark,rock,3947,pfm3,2014,2022,modelled,low,"(model output, not a source)",E5,modelled,"distance-decay allocation, capacity-capped, straight line x1.3",28.9 km. HYPOTHESIS ONLY - do not present as a flow.,FALSE
FLW_0379,SRC_HIS_003,AK_EI_002,Nasjonalmuseet,Feiring Bruk AS avd. Dal Pukkverk,rock,3095,pfm3,2014,2022,modelled,low,"(model output, not a source)",E5,modelled,"distance-decay allocation, capacity-capped, straight line x1.3",58.7 km. HYPOTHESIS ONLY - do not present as a flow.,FALSE
FLW_0380,SRC_HIS_003,AK_UL_003,Nasjonalmuseet,Veidekke Gardermoen Massesenter,rock,3619,pfm3,2014,2022,modelled,low,"(model output, not a source)",E5,modelled,"distance-decay allocation, capacity-capped, straight line x1.3",48.4 km. HYPOTHESIS ONLY - do not present as a flow.,FALSE
FLW_0381,SRC_HIS_003,AK_NI_001,Nasjonalmuseet,NOAH Engadalen,rock,10896,pfm3,2014,2022,modelled,low,"(model output, not a source)",E5,modelled,"distance-decay allocation, capacity-capped, straight line x1.3",32.3 km. HYPOTHESIS ONLY - do not present as a flow.,FALSE
FLW_0382,SRC_HIS_003,AK_AH_001,Nasjonalmuseet,Helgerud Inert Deponi,rock,1168,pfm3,2014,2022,modelled,low,"(model output, not a source)",E5,modelled,"distance-decay allocation, capacity-capped, straight line x1.3",59.3 km. HYPOTHESIS ONLY - do not present as a flow.,FALSE
FLW_0383,SRC_HIS_003,AK_AS_001,Nasjonalmuseet,Lindum Oredalen,rock,3343,pfm3,2014,2022,modelled,low,"(model output, not a source)",E5,modelled,"distance-decay allocation, capacity-capped, straight line x1.3",53.9 km. HYPOTHESIS ONLY - do not present as a flow.,FALSE
FLW_0384,SRC_HIS_003,AK_AH_002,Nasjonalmuseet,Mr. Pukk Høland AS,rock,1163,pfm3,2014,2022,modelled,low,"(model output, not a source)",E5,modelled,"distance-decay allocation, capacity-capped, straight line x1.3",59.4 km. HYPOTHESIS ONLY - do not present as a flow.,FALSE
FLW_0385,SRC_HIS_003,OF_IO_002,Nasjonalmuseet,Veidekke Elvestad,rock,2657,pfm3,2014,2022,modelled,low,"(model output, not a source)",E5,modelled,"distance-decay allocation, capacity-capped, straight line x1.3",42.3 km. HYPOTHESIS ONLY - do not present as a flow.,FALSE
FLW_0386,SRC_HIS_003,OS_OS_004,Nasjonalmuseet,FRANO gjenvinningsanlegg for forurensede masser (Bondkall),rock,12574,pfm3,2014,2022,modelled,low,"(model output, not a source)",E5,modelled,"distance-decay allocation, capacity-capped, straight line x1.3",17.2 km. HYPOTHESIS ONLY - do not present as a flow.,FALSE
FLW_0387,SRC_HIS_003,AK_NA_001,Nasjonalmuseet,Herstua Grus AS - avfallshåndtering,rock,1519,pfm3,2014,2022,modelled,low,"(model output, not a source)",E5,modelled,"distance-decay allocation, capacity-capped, straight line x1.3",55.0 km. HYPOTHESIS ONLY - do not present as a flow.,FALSE
FLW_0388,SRC_HIS_003,BU_LI_001,Nasjonalmuseet,Egge I - inert deponi,rock,2616,pfm3,2014,2022,modelled,low,"(model output, not a source)",E5,modelled,"distance-decay allocation, capacity-capped, straight line x1.3",39.1 km. HYPOTHESIS ONLY - do not present as a flow.,FALSE
FLW_0389,SRC_HIS_003,BU_LI_002,Nasjonalmuseet,Egge II - inert deponi,rock,2598,pfm3,2014,2022,modelled,low,"(model output, not a source)",E5,modelled,"distance-decay allocation, capacity-capped, straight line x1.3",39.3 km. HYPOTHESIS ONLY - do not present as a flow.,FALSE
FLW_0390,SRC_HIS_004,AK_LI_002,Munchmuseet,Skedsmo Massesenter,soil and clay,7498,pfm3,2016,2021,modelled,low,"(model output, not a source)",E5,modelled,"distance-decay allocation, capacity-capped, straight line x1.3",27.0 km. HYPOTHESIS ONLY - do not present as a flow.,FALSE
FLW_0391,SRC_HIS_004,AK_LI_003,Munchmuseet,Jølsen Miljøpark,soil and clay,6420,pfm3,2016,2021,modelled,low,"(model output, not a source)",E5,modelled,"distance-decay allocation, capacity-capped, straight line x1.3",27.2 km. HYPOTHESIS ONLY - do not present as a flow.,FALSE
FLW_0392,SRC_HIS_004,AK_EI_002,Munchmuseet,Feiring Bruk AS avd. Dal Pukkverk,soil and clay,3474,pfm3,2016,2021,modelled,low,"(model output, not a source)",E5,modelled,"distance-decay allocation, capacity-capped, straight line x1.3",58.5 km. HYPOTHESIS ONLY - do not present as a flow.,FALSE
FLW_0393,SRC_HIS_004,AK_UL_003,Munchmuseet,Veidekke Gardermoen Massesenter,soil and clay,4543,pfm3,2016,2021,modelled,low,"(model output, not a source)",E5,modelled,"distance-decay allocation, capacity-capped, straight line x1.3",48.0 km. HYPOTHESIS ONLY - do not present as a flow.,FALSE
FLW_0394,SRC_HIS_004,AK_NI_001,Munchmuseet,NOAH Engadalen,soil and clay,15311,pfm3,2016,2021,modelled,low,"(model output, not a source)",E5,modelled,"distance-decay allocation, capacity-capped, straight line x1.3",32.8 km. HYPOTHESIS ONLY - do not present as a flow.,FALSE
FLW_0395,SRC_HIS_004,AK_AS_001,Munchmuseet,Lindum Oredalen,soil and clay,3963,pfm3,2016,2021,modelled,low,"(model output, not a source)",E5,modelled,"distance-decay allocation, capacity-capped, straight line x1.3",53.6 km. HYPOTHESIS ONLY - do not present as a flow.,FALSE
FLW_0396,SRC_HIS_004,AK_AS_004,Munchmuseet,Røyken Grovfyllplass,soil and clay,1931,pfm3,2016,2021,modelled,low,"(model output, not a source)",E5,modelled,"distance-decay allocation, capacity-capped, straight line x1.3",36.4 km. HYPOTHESIS ONLY - do not present as a flow.,FALSE
FLW_0397,SRC_HIS_004,AK_AH_002,Munchmuseet,Mr. Pukk Høland AS,soil and clay,1433,pfm3,2016,2021,modelled,low,"(model output, not a source)",E5,modelled,"distance-decay allocation, capacity-capped, straight line x1.3",57.2 km. HYPOTHESIS ONLY - do not present as a flow.,FALSE
FLW_0398,SRC_HIS_004,AK_LI_004,Munchmuseet,ROAF Miljøpark,soil and clay,9343,pfm3,2016,2021,modelled,low,"(model output, not a source)",E5,modelled,"distance-decay allocation, capacity-capped, straight line x1.3",26.6 km. HYPOTHESIS ONLY - do not present as a flow.,FALSE
FLW_0399,SRC_HIS_004,AK_UL_002,Munchmuseet,ØRAS Miljøstasjon Dal Skog,soil and clay,1189,pfm3,2016,2021,modelled,low,"(model output, not a source)",E5,modelled,"distance-decay allocation, capacity-capped, straight line x1.3",56.9 km. HYPOTHESIS ONLY - do not present as a flow.,FALSE
FLW_0400,SRC_HIS_004,OF_IO_002,Munchmuseet,Veidekke Elvestad,soil and clay,3780,pfm3,2016,2021,modelled,low,"(model output, not a source)",E5,modelled,"distance-decay allocation, capacity-capped, straight line x1.3",40.7 km. HYPOTHESIS ONLY - do not present as a flow.,FALSE
FLW_0401,SRC_HIS_004,OS_OS_004,Munchmuseet,FRANO gjenvinningsanlegg for forurensede masser (Bondkall),soil and clay,22127,pfm3,2016,2021,modelled,low,"(model output, not a source)",E5,modelled,"distance-decay allocation, capacity-capped, straight line x1.3",16.3 km. HYPOTHESIS ONLY - do not present as a flow.,FALSE
FLW_0402,SRC_HIS_004,AK_NA_001,Munchmuseet,Herstua Grus AS - avfallshåndtering,soil and clay,1748,pfm3,2016,2021,modelled,low,"(model output, not a source)",E5,modelled,"distance-decay allocation, capacity-capped, straight line x1.3",55.0 km. HYPOTHESIS ONLY - do not present as a flow.,FALSE
FLW_0403,SRC_HIS_004,BU_DR_002,Munchmuseet,Lindum AS avd. Drammen - avfallsdeponi,soil and clay,4326,pfm3,2016,2021,modelled,low,"(model output, not a source)",E5,modelled,"distance-decay allocation, capacity-capped, straight line x1.3",47.1 km. HYPOTHESIS ONLY - do not present as a flow.,FALSE
FLW_0404,SRC_HIS_004,BU_DR_005,Munchmuseet,Mile avfallsdeponi,soil and clay,1416,pfm3,2016,2021,modelled,low,"(model output, not a source)",E5,modelled,"distance-decay allocation, capacity-capped, straight line x1.3",57.4 km. HYPOTHESIS ONLY - do not present as a flow.,FALSE
FLW_0405,SRC_HIS_004,BU_LI_001,Munchmuseet,Egge I - inert deponi,soil and clay,3263,pfm3,2016,2021,modelled,low,"(model output, not a source)",E5,modelled,"distance-decay allocation, capacity-capped, straight line x1.3",40.7 km. HYPOTHESIS ONLY - do not present as a flow.,FALSE
FLW_0406,SRC_HIS_004,BU_LI_002,Munchmuseet,Egge II - inert deponi,soil and clay,3235,pfm3,2016,2021,modelled,low,"(model output, not a source)",E5,modelled,"distance-decay allocation, capacity-capped, straight line x1.3",40.9 km. HYPOTHESIS ONLY - do not present as a flow.,FALSE
FLW_0407,SRC_OS_003,AK_LI_002,Livsvitenskapsbygget,Skedsmo Massesenter,soil and clay,37764,pfm3,2019,2026,modelled,low,"(model output, not a source)",E5,modelled,"distance-decay allocation, capacity-capped, straight line x1.3",26.3 km. HYPOTHESIS ONLY - do not present as a flow.,FALSE
FLW_0408,SRC_OS_003,AK_LI_003,Livsvitenskapsbygget,Jølsen Miljøpark,soil and clay,28951,pfm3,2019,2026,modelled,low,"(model output, not a source)",E5,modelled,"distance-decay allocation, capacity-capped, straight line x1.3",28.7 km. HYPOTHESIS ONLY - do not present as a flow.,FALSE
FLW_0409,SRC_OS_003,AK_EI_002,Livsvitenskapsbygget,Feiring Bruk AS avd. Dal Pukkverk,soil and clay,19743,pfm3,2019,2026,modelled,low,"(model output, not a source)",E5,modelled,"distance-decay allocation, capacity-capped, straight line x1.3",55.3 km. HYPOTHESIS ONLY - do not present as a flow.,FALSE
FLW_0410,SRC_OS_003,AK_UL_003,Livsvitenskapsbygget,Veidekke Gardermoen Massesenter,soil and clay,25215,pfm3,2019,2026,modelled,low,"(model output, not a source)",E5,modelled,"distance-decay allocation, capacity-capped, straight line x1.3",45.3 km. HYPOTHESIS ONLY - do not present as a flow.,FALSE
FLW_0411,SRC_OS_003,AK_AS_001,Livsvitenskapsbygget,Lindum Oredalen,soil and clay,15376,pfm3,2019,2026,modelled,low,"(model output, not a source)",E5,modelled,"distance-decay allocation, capacity-capped, straight line x1.3",58.1 km. HYPOTHESIS ONLY - do not present as a flow.,FALSE
FLW_0412,SRC_OS_003,AK_AS_004,Livsvitenskapsbygget,Røyken Grovfyllplass,soil and clay,7921,pfm3,2019,2026,modelled,low,"(model output, not a source)",E5,modelled,"distance-decay allocation, capacity-capped, straight line x1.3",39.8 km. HYPOTHESIS ONLY - do not present as a flow.,FALSE
FLW_0413,SRC_OS_003,AK_LI_004,Livsvitenskapsbygget,ROAF Miljøpark,soil and clay,45805,pfm3,2019,2026,modelled,low,"(model output, not a source)",E5,modelled,"distance-decay allocation, capacity-capped, straight line x1.3",26.4 km. HYPOTHESIS ONLY - do not present as a flow.,FALSE
FLW_0414,SRC_OS_003,AK_UL_002,Livsvitenskapsbygget,ØRAS Miljøstasjon Dal Skog,soil and clay,6654,pfm3,2019,2026,modelled,low,"(model output, not a source)",E5,modelled,"distance-decay allocation, capacity-capped, straight line x1.3",54.0 km. HYPOTHESIS ONLY - do not present as a flow.,FALSE
FLW_0415,SRC_OS_003,OF_IO_002,Livsvitenskapsbygget,Veidekke Elvestad,soil and clay,13549,pfm3,2019,2026,modelled,low,"(model output, not a source)",E5,modelled,"distance-decay allocation, capacity-capped, straight line x1.3",46.8 km. HYPOTHESIS ONLY - do not present as a flow.,FALSE
FLW_0416,SRC_OS_003,OS_OS_004,Livsvitenskapsbygget,FRANO gjenvinningsanlegg for forurensede masser (Bondkall),soil and clay,111392,pfm3,2019,2026,modelled,low,"(model output, not a source)",E5,modelled,"distance-decay allocation, capacity-capped, straight line x1.3",15.6 km. HYPOTHESIS ONLY - do not present as a flow.,FALSE
FLW_0417,SRC_OS_003,AK_NA_001,Livsvitenskapsbygget,Herstua Grus AS - avfallshåndtering,soil and clay,10204,pfm3,2019,2026,modelled,low,"(model output, not a source)",E5,modelled,"distance-decay allocation, capacity-capped, straight line x1.3",51.4 km. HYPOTHESIS ONLY - do not present as a flow.,FALSE
FLW_0418,SRC_OS_003,BU_DR_002,Livsvitenskapsbygget,Lindum AS avd. Drammen - avfallsdeponi,soil and clay,19039,pfm3,2019,2026,modelled,low,"(model output, not a source)",E5,modelled,"distance-decay allocation, capacity-capped, straight line x1.3",49.1 km. HYPOTHESIS ONLY - do not present as a flow.,FALSE
FLW_0419,SRC_OS_003,BU_DR_005,Livsvitenskapsbygget,Mile avfallsdeponi,soil and clay,6863,pfm3,2019,2026,modelled,low,"(model output, not a source)",E5,modelled,"distance-decay allocation, capacity-capped, straight line x1.3",57.5 km. HYPOTHESIS ONLY - do not present as a flow.,FALSE
FLW_0420,SRC_OS_003,BU_LI_001,Livsvitenskapsbygget,Egge I - inert deponi,soil and clay,16194,pfm3,2019,2026,modelled,low,"(model output, not a source)",E5,modelled,"distance-decay allocation, capacity-capped, straight line x1.3",40.3 km. HYPOTHESIS ONLY - do not present as a flow.,FALSE
FLW_0421,SRC_OS_003,BU_LI_002,Livsvitenskapsbygget,Egge II - inert deponi,soil and clay,16047,pfm3,2019,2026,modelled,low,"(model output, not a source)",E5,modelled,"distance-decay allocation, capacity-capped, straight line x1.3",40.5 km. HYPOTHESIS ONLY - do not present as a flow.,FALSE
FLW_0422,SRC_VI_012,AK_LI_002,Vestby Næringspark Øst,Skedsmo Massesenter,rock,3808,pfm3,2023,2026,modelled,low,"(model output, not a source)",E5,modelled,"distance-decay allocation, capacity-capped, straight line x1.3",66.6 km. HYPOTHESIS ONLY - do not present as a flow.,FALSE
FLW_0423,SRC_VI_012,AK_LI_003,Vestby Næringspark Øst,Jølsen Miljøpark,rock,4232,pfm3,2023,2026,modelled,low,"(model output, not a source)",E5,modelled,"distance-decay allocation, capacity-capped, straight line x1.3",60.3 km. HYPOTHESIS ONLY - do not present as a flow.,FALSE
FLW_0424,SRC_VI_012,AK_AH_001,Vestby Næringspark Øst,Helgerud Inert Deponi,rock,3573,pfm3,2023,2026,modelled,low,"(model output, not a source)",E5,modelled,"distance-decay allocation, capacity-capped, straight line x1.3",64.6 km. HYPOTHESIS ONLY - do not present as a flow.,FALSE
FLW_0425,SRC_VI_012,AK_AS_001,Vestby Næringspark Øst,Lindum Oredalen,rock,52797,pfm3,2023,2026,modelled,low,"(model output, not a source)",E5,modelled,"distance-decay allocation, capacity-capped, straight line x1.3",18.2 km. HYPOTHESIS ONLY - do not present as a flow.,FALSE
FLW_0426,SRC_VI_012,AK_AH_002,Vestby Næringspark Øst,Mr. Pukk Høland AS,rock,3584,pfm3,2023,2026,modelled,low,"(model output, not a source)",E5,modelled,"distance-decay allocation, capacity-capped, straight line x1.3",64.5 km. HYPOTHESIS ONLY - do not present as a flow.,FALSE
FLW_0427,SRC_VI_012,OF_IO_002,Vestby Næringspark Øst,Veidekke Elvestad,rock,28787,pfm3,2023,2026,modelled,low,"(model output, not a source)",E5,modelled,"distance-decay allocation, capacity-capped, straight line x1.3",16.0 km. HYPOTHESIS ONLY - do not present as a flow.,FALSE
FLW_0428,SRC_VI_012,OS_OS_004,Vestby Næringspark Øst,FRANO gjenvinningsanlegg for forurensede masser (Bondkall),rock,9064,pfm3,2023,2026,modelled,low,"(model output, not a source)",E5,modelled,"distance-decay allocation, capacity-capped, straight line x1.3",58.6 km. HYPOTHESIS ONLY - do not present as a flow.,FALSE
FLW_0429,SRC_VI_012,OF_FR_001,Vestby Næringspark Øst,Borge pukkverk avfallsdeponi (Borge Massemottak),rock,6050,pfm3,2023,2026,modelled,low,"(model output, not a source)",E5,modelled,"distance-decay allocation, capacity-capped, straight line x1.3",55.0 km. HYPOTHESIS ONLY - do not present as a flow.,FALSE
FLW_0430,SRC_VI_012,VF_HO_001,Vestby Næringspark Øst,Kopstad Massemottak AS,rock,11187,pfm3,2023,2026,modelled,low,"(model output, not a source)",E5,modelled,"distance-decay allocation, capacity-capped, straight line x1.3",36.0 km. HYPOTHESIS ONLY - do not present as a flow.,FALSE
FLW_0431,SRC_VI_012,BU_LI_001,Vestby Næringspark Øst,Egge I - inert deponi,rock,5958,pfm3,2023,2026,modelled,low,"(model output, not a source)",E5,modelled,"distance-decay allocation, capacity-capped, straight line x1.3",51.8 km. HYPOTHESIS ONLY - do not present as a flow.,FALSE
FLW_0432,SRC_VI_012,BU_LI_002,Vestby Næringspark Øst,Egge II - inert deponi,rock,5960,pfm3,2023,2026,modelled,low,"(model output, not a source)",E5,modelled,"distance-decay allocation, capacity-capped, straight line x1.3",51.8 km. HYPOTHESIS ONLY - do not present as a flow.,FALSE
FLW_0433,SRC_VI_012,AK_AS_001,Vestby Næringspark Øst,Lindum Oredalen,soil and clay,43159,pfm3,2023,2026,modelled,low,"(model output, not a source)",E5,modelled,"distance-decay allocation, capacity-capped, straight line x1.3",18.2 km. HYPOTHESIS ONLY - do not present as a flow.,FALSE
FLW_0434,SRC_VI_012,AK_AS_004,Vestby Næringspark Øst,Røyken Grovfyllplass,soil and clay,5903,pfm3,2023,2026,modelled,low,"(model output, not a source)",E5,modelled,"distance-decay allocation, capacity-capped, straight line x1.3",26.4 km. HYPOTHESIS ONLY - do not present as a flow.,FALSE
FLW_0435,SRC_VI_012,OF_IO_002,Vestby Næringspark Øst,Veidekke Elvestad,soil and clay,24047,pfm3,2023,2026,modelled,low,"(model output, not a source)",E5,modelled,"distance-decay allocation, capacity-capped, straight line x1.3",16.0 km. HYPOTHESIS ONLY - do not present as a flow.,FALSE
FLW_0436,SRC_VI_012,OS_OS_004,Vestby Næringspark Øst,FRANO gjenvinningsanlegg for forurensede masser (Bondkall),soil and clay,4944,pfm3,2023,2026,modelled,low,"(model output, not a source)",E5,modelled,"distance-decay allocation, capacity-capped, straight line x1.3",58.6 km. HYPOTHESIS ONLY - do not present as a flow.,FALSE
FLW_0437,SRC_VI_012,OF_FR_001,Vestby Næringspark Øst,Borge pukkverk avfallsdeponi (Borge Massemottak),soil and clay,3422,pfm3,2023,2026,modelled,low,"(model output, not a source)",E5,modelled,"distance-decay allocation, capacity-capped, straight line x1.3",55.0 km. HYPOTHESIS ONLY - do not present as a flow.,FALSE
FLW_0438,SRC_VI_012,OF_SA_001,Vestby Næringspark Øst,Gatedalen miljøanlegg - deponi,soil and clay,3179,pfm3,2023,2026,modelled,low,"(model output, not a source)",E5,modelled,"distance-decay allocation, capacity-capped, straight line x1.3",53.6 km. HYPOTHESIS ONLY - do not present as a flow.,FALSE
FLW_0439,SRC_VI_012,VF_HO_001,Vestby Næringspark Øst,Kopstad Massemottak AS,soil and clay,7648,pfm3,2023,2026,modelled,low,"(model output, not a source)",E5,modelled,"distance-decay allocation, capacity-capped, straight line x1.3",36.0 km. HYPOTHESIS ONLY - do not present as a flow.,FALSE
FLW_0440,SRC_VI_012,BU_DR_002,Vestby Næringspark Øst,Lindum AS avd. Drammen - avfallsdeponi,soil and clay,12186,pfm3,2023,2026,modelled,low,"(model output, not a source)",E5,modelled,"distance-decay allocation, capacity-capped, straight line x1.3",38.7 km. HYPOTHESIS ONLY - do not present as a flow.,FALSE
FLW_0441,SRC_VI_012,BU_DR_005,Vestby Næringspark Øst,Mile avfallsdeponi,soil and clay,2550,pfm3,2023,2026,modelled,low,"(model output, not a source)",E5,modelled,"distance-decay allocation, capacity-capped, straight line x1.3",58.0 km. HYPOTHESIS ONLY - do not present as a flow.,FALSE
FLW_0442,SRC_VI_012,BU_LI_001,Vestby Næringspark Øst,Egge I - inert deponi,soil and clay,3480,pfm3,2023,2026,modelled,low,"(model output, not a source)",E5,modelled,"distance-decay allocation, capacity-capped, straight line x1.3",51.8 km. HYPOTHESIS ONLY - do not present as a flow.,FALSE
FLW_0443,SRC_VI_012,BU_LI_002,Vestby Næringspark Øst,Egge II - inert deponi,soil and clay,3482,pfm3,2023,2026,modelled,low,"(model output, not a source)",E5,modelled,"distance-decay allocation, capacity-capped, straight line x1.3",51.8 km. HYPOTHESIS ONLY - do not present as a flow.,FALSE
FLW_0444,SRC_VI_001,AK_LI_002,E18 Vestkorridoren,Skedsmo Massesenter,rock,107393,pfm3,2020,2028,modelled,low,"(model output, not a source)",E5,modelled,"distance-decay allocation, capacity-capped, straight line x1.3",34.1 km. HYPOTHESIS ONLY - do not present as a flow.,FALSE
FLW_0445,SRC_VI_001,AK_LI_003,E18 Vestkorridoren,Jølsen Miljøpark,rock,87075,pfm3,2020,2028,modelled,low,"(model output, not a source)",E5,modelled,"distance-decay allocation, capacity-capped, straight line x1.3",35.8 km. HYPOTHESIS ONLY - do not present as a flow.,FALSE
FLW_0446,SRC_VI_001,AK_EI_002,E18 Vestkorridoren,Feiring Bruk AS avd. Dal Pukkverk,rock,75733,pfm3,2020,2028,modelled,low,"(model output, not a source)",E5,modelled,"distance-decay allocation, capacity-capped, straight line x1.3",63.0 km. HYPOTHESIS ONLY - do not present as a flow.,FALSE
FLW_0447,SRC_VI_001,AK_UL_003,E18 Vestkorridoren,Veidekke Gardermoen Massesenter,rock,86885,pfm3,2020,2028,modelled,low,"(model output, not a source)",E5,modelled,"distance-decay allocation, capacity-capped, straight line x1.3",53.1 km. HYPOTHESIS ONLY - do not present as a flow.,FALSE
FLW_0448,SRC_VI_001,AK_NI_001,E18 Vestkorridoren,NOAH Engadalen,rock,285625,pfm3,2020,2028,modelled,low,"(model output, not a source)",E5,modelled,"distance-decay allocation, capacity-capped, straight line x1.3",34.8 km. HYPOTHESIS ONLY - do not present as a flow.,FALSE
FLW_0449,SRC_VI_001,AK_AH_001,E18 Vestkorridoren,Helgerud Inert Deponi,rock,25871,pfm3,2020,2028,modelled,low,"(model output, not a source)",E5,modelled,"distance-decay allocation, capacity-capped, straight line x1.3",66.1 km. HYPOTHESIS ONLY - do not present as a flow.,FALSE
FLW_0450,SRC_VI_001,AK_AH_002,E18 Vestkorridoren,Mr. Pukk Høland AS,rock,25776,pfm3,2020,2028,modelled,low,"(model output, not a source)",E5,modelled,"distance-decay allocation, capacity-capped, straight line x1.3",66.2 km. HYPOTHESIS ONLY - do not present as a flow.,FALSE
FLW_0451,SRC_VI_001,OF_IO_002,E18 Vestkorridoren,Veidekke Elvestad,rock,68753,pfm3,2020,2028,modelled,low,"(model output, not a source)",E5,modelled,"distance-decay allocation, capacity-capped, straight line x1.3",45.3 km. HYPOTHESIS ONLY - do not present as a flow.,FALSE
FLW_0452,SRC_VI_001,OS_OS_004,E18 Vestkorridoren,FRANO gjenvinningsanlegg for forurensede masser (Bondkall),rock,285701,pfm3,2020,2028,modelled,low,"(model output, not a source)",E5,modelled,"distance-decay allocation, capacity-capped, straight line x1.3",23.4 km. HYPOTHESIS ONLY - do not present as a flow.,FALSE
FLW_0453,SRC_VI_001,AK_NA_001,E18 Vestkorridoren,Herstua Grus AS - avfallshåndtering,rock,38010,pfm3,2020,2028,modelled,low,"(model output, not a source)",E5,modelled,"distance-decay allocation, capacity-capped, straight line x1.3",58.8 km. HYPOTHESIS ONLY - do not present as a flow.,FALSE
FLW_0454,SRC_VI_001,BU_LI_002,E18 Vestkorridoren,Egge II - inert deponi,rock,98442,pfm3,2020,2028,modelled,low,"(model output, not a source)",E5,modelled,"distance-decay allocation, capacity-capped, straight line x1.3",32.7 km. HYPOTHESIS ONLY - do not present as a flow.,FALSE
FLW_0455,SRC_VI_001,AK_LI_002,E18 Vestkorridoren,Skedsmo Massesenter,soil and clay,30145,pfm3,2020,2028,modelled,low,"(model output, not a source)",E5,modelled,"distance-decay allocation, capacity-capped, straight line x1.3",34.1 km. HYPOTHESIS ONLY - do not present as a flow.,FALSE
FLW_0456,SRC_VI_001,AK_LI_003,E18 Vestkorridoren,Jølsen Miljøpark,soil and clay,24042,pfm3,2020,2028,modelled,low,"(model output, not a source)",E5,modelled,"distance-decay allocation, capacity-capped, straight line x1.3",35.8 km. HYPOTHESIS ONLY - do not present as a flow.,FALSE
FLW_0457,SRC_VI_001,AK_UL_003,E18 Vestkorridoren,Veidekke Gardermoen Massesenter,soil and clay,20162,pfm3,2020,2028,modelled,low,"(model output, not a source)",E5,modelled,"distance-decay allocation, capacity-capped, straight line x1.3",53.1 km. HYPOTHESIS ONLY - do not present as a flow.,FALSE
FLW_0458,SRC_VI_001,AK_NI_001,E18 Vestkorridoren,NOAH Engadalen,soil and clay,79590,pfm3,2020,2028,modelled,low,"(model output, not a source)",E5,modelled,"distance-decay allocation, capacity-capped, straight line x1.3",34.8 km. HYPOTHESIS ONLY - do not present as a flow.,FALSE
FLW_0459,SRC_VI_001,AK_AS_004,E18 Vestkorridoren,Røyken Grovfyllplass,soil and clay,13236,pfm3,2020,2028,modelled,low,"(model output, not a source)",E5,modelled,"distance-decay allocation, capacity-capped, straight line x1.3",32.9 km. HYPOTHESIS ONLY - do not present as a flow.,FALSE
FLW_0460,SRC_VI_001,AK_LI_004,E18 Vestkorridoren,ROAF Miljøpark,soil and clay,36792,pfm3,2020,2028,modelled,low,"(model output, not a source)",E5,modelled,"distance-decay allocation, capacity-capped, straight line x1.3",34.2 km. HYPOTHESIS ONLY - do not present as a flow.,FALSE
FLW_0461,SRC_VI_001,OF_IO_002,E18 Vestkorridoren,Veidekke Elvestad,soil and clay,17263,pfm3,2020,2028,modelled,low,"(model output, not a source)",E5,modelled,"distance-decay allocation, capacity-capped, straight line x1.3",45.3 km. HYPOTHESIS ONLY - do not present as a flow.,FALSE
FLW_0462,SRC_VI_001,OS_OS_004,E18 Vestkorridoren,FRANO gjenvinningsanlegg for forurensede masser (Bondkall),soil and clay,89278,pfm3,2020,2028,modelled,low,"(model output, not a source)",E5,modelled,"distance-decay allocation, capacity-capped, straight line x1.3",23.4 km. HYPOTHESIS ONLY - do not present as a flow.,FALSE
FLW_0463,SRC_VI_001,AK_NA_001,E18 Vestkorridoren,Herstua Grus AS - avfallshåndtering,soil and clay,8338,pfm3,2020,2028,modelled,low,"(model output, not a source)",E5,modelled,"distance-decay allocation, capacity-capped, straight line x1.3",58.8 km. HYPOTHESIS ONLY - do not present as a flow.,FALSE
FLW_0464,SRC_VI_001,BU_DR_002,E18 Vestkorridoren,Lindum AS avd. Drammen - avfallsdeponi,soil and clay,33197,pfm3,2020,2028,modelled,low,"(model output, not a source)",E5,modelled,"distance-decay allocation, capacity-capped, straight line x1.3",41.3 km. HYPOTHESIS ONLY - do not present as a flow.,FALSE
FLW_0465,SRC_VI_001,BU_DR_005,E18 Vestkorridoren,Mile avfallsdeponi,soil and clay,12038,pfm3,2020,2028,modelled,low,"(model output, not a source)",E5,modelled,"distance-decay allocation, capacity-capped, straight line x1.3",49.6 km. HYPOTHESIS ONLY - do not present as a flow.,FALSE
FLW_0466,SRC_VI_001,BU_LI_002,E18 Vestkorridoren,Egge II - inert deponi,soil and clay,28028,pfm3,2020,2028,modelled,low,"(model output, not a source)",E5,modelled,"distance-decay allocation, capacity-capped, straight line x1.3",32.7 km. HYPOTHESIS ONLY - do not present as a flow.,FALSE
FLW_0467,SRC_VI_001,AK_LI_002,E18 Vestkorridoren,Skedsmo Massesenter,demolition,2255,pfm3,2020,2028,modelled,low,"(model output, not a source)",E5,modelled,"distance-decay allocation, capacity-capped, straight line x1.3",34.1 km. HYPOTHESIS ONLY - do not present as a flow.,FALSE
FLW_0468,SRC_VI_001,AK_LI_003,E18 Vestkorridoren,Jølsen Miljøpark,demolition,1849,pfm3,2020,2028,modelled,low,"(model output, not a source)",E5,modelled,"distance-decay allocation, capacity-capped, straight line x1.3",35.8 km. HYPOTHESIS ONLY - do not present as a flow.,FALSE
FLW_0469,SRC_VI_001,AK_EI_002,E18 Vestkorridoren,Feiring Bruk AS avd. Dal Pukkverk,demolition,1927,pfm3,2020,2028,modelled,low,"(model output, not a source)",E5,modelled,"distance-decay allocation, capacity-capped, straight line x1.3",63.0 km. HYPOTHESIS ONLY - do not present as a flow.,FALSE
FLW_0470,SRC_VI_001,AK_UL_001,E18 Vestkorridoren,Ragn-Sells avd. Gardermoen,demolition,1244,pfm3,2020,2028,modelled,low,"(model output, not a source)",E5,modelled,"distance-decay allocation, capacity-capped, straight line x1.3",54.7 km. HYPOTHESIS ONLY - do not present as a flow.,FALSE
FLW_0471,SRC_VI_001,AK_UL_003,E18 Vestkorridoren,Veidekke Gardermoen Massesenter,demolition,2071,pfm3,2020,2028,modelled,low,"(model output, not a source)",E5,modelled,"distance-decay allocation, capacity-capped, straight line x1.3",53.1 km. HYPOTHESIS ONLY - do not present as a flow.,FALSE
FLW_0472,SRC_VI_001,AK_NI_001,E18 Vestkorridoren,NOAH Engadalen,demolition,6027,pfm3,2020,2028,modelled,low,"(model output, not a source)",E5,modelled,"distance-decay allocation, capacity-capped, straight line x1.3",34.8 km. HYPOTHESIS ONLY - do not present as a flow.,FALSE
FLW_0473,SRC_VI_001,AK_AH_001,E18 Vestkorridoren,Helgerud Inert Deponi,demolition,672,pfm3,2020,2028,modelled,low,"(model output, not a source)",E5,modelled,"distance-decay allocation, capacity-capped, straight line x1.3",66.1 km. HYPOTHESIS ONLY - do not present as a flow.,FALSE
FLW_0474,SRC_VI_001,AK_AH_002,E18 Vestkorridoren,Mr. Pukk Høland AS,demolition,670,pfm3,2020,2028,modelled,low,"(model output, not a source)",E5,modelled,"distance-decay allocation, capacity-capped, straight line x1.3",66.2 km. HYPOTHESIS ONLY - do not present as a flow.,FALSE
FLW_0475,SRC_VI_001,AK_UL_002,E18 Vestkorridoren,ØRAS Miljøstasjon Dal Skog,demolition,634,pfm3,2020,2028,modelled,low,"(model output, not a source)",E5,modelled,"distance-decay allocation, capacity-capped, straight line x1.3",61.8 km. HYPOTHESIS ONLY - do not present as a flow.,FALSE
FLW_0476,SRC_VI_001,OF_IO_002,E18 Vestkorridoren,Veidekke Elvestad,demolition,1555,pfm3,2020,2028,modelled,low,"(model output, not a source)",E5,modelled,"distance-decay allocation, capacity-capped, straight line x1.3",45.3 km. HYPOTHESIS ONLY - do not present as a flow.,FALSE
FLW_0477,SRC_VI_001,OS_OS_004,E18 Vestkorridoren,FRANO gjenvinningsanlegg for forurensede masser (Bondkall),demolition,5585,pfm3,2020,2028,modelled,low,"(model output, not a source)",E5,modelled,"distance-decay allocation, capacity-capped, straight line x1.3",23.4 km. HYPOTHESIS ONLY - do not present as a flow.,FALSE
FLW_0478,SRC_VI_001,AK_NA_001,E18 Vestkorridoren,Herstua Grus AS - avfallshåndtering,demolition,941,pfm3,2020,2028,modelled,low,"(model output, not a source)",E5,modelled,"distance-decay allocation, capacity-capped, straight line x1.3",58.8 km. HYPOTHESIS ONLY - do not present as a flow.,FALSE
FLW_0479,SRC_VI_001,BU_DR_003,E18 Vestkorridoren,Lerpeveien gjenvinningsstasjon,demolition,1543,pfm3,2020,2028,modelled,low,"(model output, not a source)",E5,modelled,"distance-decay allocation, capacity-capped, straight line x1.3",41.2 km. HYPOTHESIS ONLY - do not present as a flow.,FALSE
FLW_0480,SRC_VI_001,BU_DR_004,E18 Vestkorridoren,Mile gjenvinningsstasjon,demolition,1169,pfm3,2020,2028,modelled,low,"(model output, not a source)",E5,modelled,"distance-decay allocation, capacity-capped, straight line x1.3",49.5 km. HYPOTHESIS ONLY - do not present as a flow.,FALSE
FLW_0481,SRC_VI_001,BU_LI_002,E18 Vestkorridoren,Egge II - inert deponi,demolition,2048,pfm3,2020,2028,modelled,low,"(model output, not a source)",E5,modelled,"distance-decay allocation, capacity-capped, straight line x1.3",32.7 km. HYPOTHESIS ONLY - do not present as a flow.,FALSE
FLW_0482,SRC_VI_001,AK_LI_003,E18 Vestkorridoren,Jølsen Miljøpark,contaminated,16604,pfm3,2020,2028,modelled,low,"(model output, not a source)",E5,modelled,"distance-decay allocation, capacity-capped, straight line x1.3",35.8 km. HYPOTHESIS ONLY - do not present as a flow.,FALSE
FLW_0483,SRC_VI_001,AK_NE_001,E18 Vestkorridoren,Esval Miljøpark,contaminated,14618,pfm3,2020,2028,modelled,low,"(model output, not a source)",E5,modelled,"distance-decay allocation, capacity-capped, straight line x1.3",68.4 km. HYPOTHESIS ONLY - do not present as a flow.,FALSE
FLW_0484,SRC_VI_001,AK_UL_001,E18 Vestkorridoren,Ragn-Sells avd. Gardermoen,contaminated,17017,pfm3,2020,2028,modelled,low,"(model output, not a source)",E5,modelled,"distance-decay allocation, capacity-capped, straight line x1.3",54.7 km. HYPOTHESIS ONLY - do not present as a flow.,FALSE
FLW_0485,SRC_VI_001,AK_NI_001,E18 Vestkorridoren,NOAH Engadalen,contaminated,53044,pfm3,2020,2028,modelled,low,"(model output, not a source)",E5,modelled,"distance-decay allocation, capacity-capped, straight line x1.3",34.8 km. HYPOTHESIS ONLY - do not present as a flow.,FALSE
FLW_0486,SRC_VI_001,AK_AH_001,E18 Vestkorridoren,Helgerud Inert Deponi,contaminated,11852,pfm3,2020,2028,modelled,low,"(model output, not a source)",E5,modelled,"distance-decay allocation, capacity-capped, straight line x1.3",66.1 km. HYPOTHESIS ONLY - do not present as a flow.,FALSE
FLW_0487,SRC_VI_001,AK_AH_002,E18 Vestkorridoren,Mr. Pukk Høland AS,contaminated,11840,pfm3,2020,2028,modelled,low,"(model output, not a source)",E5,modelled,"distance-decay allocation, capacity-capped, straight line x1.3",66.2 km. HYPOTHESIS ONLY - do not present as a flow.,FALSE
FLW_0488,SRC_VI_001,AK_LI_004,E18 Vestkorridoren,ROAF Miljøpark,contaminated,23897,pfm3,2020,2028,modelled,low,"(model output, not a source)",E5,modelled,"distance-decay allocation, capacity-capped, straight line x1.3",34.2 km. HYPOTHESIS ONLY - do not present as a flow.,FALSE
FLW_0489,SRC_VI_001,AK_UL_002,E18 Vestkorridoren,ØRAS Miljøstasjon Dal Skog,contaminated,10151,pfm3,2020,2028,modelled,low,"(model output, not a source)",E5,modelled,"distance-decay allocation, capacity-capped, straight line x1.3",61.8 km. HYPOTHESIS ONLY - do not present as a flow.,FALSE
FLW_0490,SRC_VI_001,OS_OS_004,E18 Vestkorridoren,FRANO gjenvinningsanlegg for forurensede masser (Bondkall),contaminated,38104,pfm3,2020,2028,modelled,low,"(model output, not a source)",E5,modelled,"distance-decay allocation, capacity-capped, straight line x1.3",23.4 km. HYPOTHESIS ONLY - do not present as a flow.,FALSE
FLW_0491,SRC_VI_001,BU_DR_002,E18 Vestkorridoren,Lindum AS avd. Drammen - avfallsdeponi,contaminated,28490,pfm3,2020,2028,modelled,low,"(model output, not a source)",E5,modelled,"distance-decay allocation, capacity-capped, straight line x1.3",41.3 km. HYPOTHESIS ONLY - do not present as a flow.,FALSE
FLW_0492,SRC_VI_001,TE_SK_001,E18 Vestkorridoren,Bjorstaddalen Næring deponi,contaminated,5330,pfm3,2020,2028,modelled,low,"(model output, not a source)",E5,modelled,"distance-decay allocation, capacity-capped, straight line x1.3",140.9 km. HYPOTHESIS ONLY - do not present as a flow.,FALSE
FLW_0493,SRC_VI_001,IN_HA_001,E18 Vestkorridoren,Heggvin Alun - alunskiferdeponi,contaminated,15282,pfm3,2020,2028,modelled,low,"(model output, not a source)",E5,modelled,"distance-decay allocation, capacity-capped, straight line x1.3",143.7 km. HYPOTHESIS ONLY - do not present as a flow.,FALSE
FLW_0494,SRC_VI_001,IN_GJ_001,E18 Vestkorridoren,Horisont Miljøpark IKS - deponi kategori 2,contaminated,6242,pfm3,2020,2028,modelled,low,"(model output, not a source)",E5,modelled,"distance-decay allocation, capacity-capped, straight line x1.3",123.8 km. HYPOTHESIS ONLY - do not present as a flow.,FALSE
FLW_0495,SRC_OS_013,AK_LI_003,Bjørvika Skole,Jølsen Miljøpark,contaminated,3528,pfm3,2025,2027,modelled,low,"(model output, not a source)",E5,modelled,"distance-decay allocation, capacity-capped, straight line x1.3",27.0 km. HYPOTHESIS ONLY - do not present as a flow.,FALSE
FLW_0496,SRC_OS_013,AK_NE_001,Bjørvika Skole,Esval Miljøpark,contaminated,3035,pfm3,2025,2027,modelled,low,"(model output, not a source)",E5,modelled,"distance-decay allocation, capacity-capped, straight line x1.3",61.7 km. HYPOTHESIS ONLY - do not present as a flow.,FALSE
FLW_0497,SRC_OS_013,AK_UL_001,Bjørvika Skole,Ragn-Sells avd. Gardermoen,contaminated,3484,pfm3,2025,2027,modelled,low,"(model output, not a source)",E5,modelled,"distance-decay allocation, capacity-capped, straight line x1.3",49.3 km. HYPOTHESIS ONLY - do not present as a flow.,FALSE
FLW_0498,SRC_OS_013,AK_NI_001,Bjørvika Skole,NOAH Engadalen,contaminated,10446,pfm3,2025,2027,modelled,low,"(model output, not a source)",E5,modelled,"distance-decay allocation, capacity-capped, straight line x1.3",32.9 km. HYPOTHESIS ONLY - do not present as a flow.,FALSE
FLW_0499,SRC_OS_013,AK_AH_001,Bjørvika Skole,Helgerud Inert Deponi,contaminated,2533,pfm3,2025,2027,modelled,low,"(model output, not a source)",E5,modelled,"distance-decay allocation, capacity-capped, straight line x1.3",56.8 km. HYPOTHESIS ONLY - do not present as a flow.,FALSE
FLW_0500,SRC_OS_013,AK_AS_001,Bjørvika Skole,Lindum Oredalen,contaminated,6070,pfm3,2025,2027,modelled,low,"(model output, not a source)",E5,modelled,"distance-decay allocation, capacity-capped, straight line x1.3",53.5 km. HYPOTHESIS ONLY - do not present as a flow.,FALSE
FLW_0501,SRC_OS_013,AK_AH_002,Bjørvika Skole,Mr. Pukk Høland AS,contaminated,2530,pfm3,2025,2027,modelled,low,"(model output, not a source)",E5,modelled,"distance-decay allocation, capacity-capped, straight line x1.3",56.9 km. HYPOTHESIS ONLY - do not present as a flow.,FALSE
FLW_0502,SRC_OS_013,AK_LI_004,Bjørvika Skole,ROAF Miljøpark,contaminated,5017,pfm3,2025,2027,modelled,low,"(model output, not a source)",E5,modelled,"distance-decay allocation, capacity-capped, straight line x1.3",26.5 km. HYPOTHESIS ONLY - do not present as a flow.,FALSE
FLW_0503,SRC_OS_013,AK_UL_002,Bjørvika Skole,ØRAS Miljøstasjon Dal Skog,contaminated,2068,pfm3,2025,2027,modelled,low,"(model output, not a source)",E5,modelled,"distance-decay allocation, capacity-capped, straight line x1.3",56.9 km. HYPOTHESIS ONLY - do not present as a flow.,FALSE
FLW_0504,SRC_OS_013,OS_OS_004,Bjørvika Skole,FRANO gjenvinningsanlegg for forurensede masser (Bondkall),contaminated,7953,pfm3,2025,2027,modelled,low,"(model output, not a source)",E5,modelled,"distance-decay allocation, capacity-capped, straight line x1.3",16.3 km. HYPOTHESIS ONLY - do not present as a flow.,FALSE
FLW_0505,SRC_OS_013,BU_DR_002,Bjørvika Skole,Lindum AS avd. Drammen - avfallsdeponi,contaminated,5148,pfm3,2025,2027,modelled,low,"(model output, not a source)",E5,modelled,"distance-decay allocation, capacity-capped, straight line x1.3",47.2 km. HYPOTHESIS ONLY - do not present as a flow.,FALSE
FLW_0506,SRC_OS_013,BU_LI_001,Bjørvika Skole,Egge I - inert deponi,contaminated,3024,pfm3,2025,2027,modelled,low,"(model output, not a source)",E5,modelled,"distance-decay allocation, capacity-capped, straight line x1.3",40.9 km. HYPOTHESIS ONLY - do not present as a flow.,FALSE
FLW_0507,SRC_OS_013,TE_SK_001,Bjørvika Skole,Bjorstaddalen Næring deponi,contaminated,970,pfm3,2025,2027,modelled,low,"(model output, not a source)",E5,modelled,"distance-decay allocation, capacity-capped, straight line x1.3",146.2 km. HYPOTHESIS ONLY - do not present as a flow.,FALSE
FLW_0508,SRC_OS_013,IN_HA_001,Bjørvika Skole,Heggvin Alun - alunskiferdeponi,contaminated,3007,pfm3,2025,2027,modelled,low,"(model output, not a source)",E5,modelled,"distance-decay allocation, capacity-capped, straight line x1.3",141.9 km. HYPOTHESIS ONLY - do not present as a flow.,FALSE
FLW_0509,SRC_OS_013,IN_GJ_001,Bjørvika Skole,Horisont Miljøpark IKS - deponi kategori 2,contaminated,1188,pfm3,2025,2027,modelled,low,"(model output, not a source)",E5,modelled,"distance-decay allocation, capacity-capped, straight line x1.3",125.0 km. HYPOTHESIS ONLY - do not present as a flow.,FALSE
FLW_0510,SRC_OS_013,AK_LI_002,Bjørvika Skole,Skedsmo Massesenter,soil and clay,2962,pfm3,2025,2027,modelled,low,"(model output, not a source)",E5,modelled,"distance-decay allocation, capacity-capped, straight line x1.3",26.9 km. HYPOTHESIS ONLY - do not present as a flow.,FALSE
FLW_0511,SRC_OS_013,AK_LI_003,Bjørvika Skole,Jølsen Miljøpark,soil and clay,2547,pfm3,2025,2027,modelled,low,"(model output, not a source)",E5,modelled,"distance-decay allocation, capacity-capped, straight line x1.3",27.0 km. HYPOTHESIS ONLY - do not present as a flow.,FALSE
FLW_0512,SRC_OS_013,AK_EI_002,Bjørvika Skole,Feiring Bruk AS avd. Dal Pukkverk,soil and clay,1366,pfm3,2025,2027,modelled,low,"(model output, not a source)",E5,modelled,"distance-decay allocation, capacity-capped, straight line x1.3",58.5 km. HYPOTHESIS ONLY - do not present as a flow.,FALSE
FLW_0513,SRC_OS_013,AK_UL_003,Bjørvika Skole,Veidekke Gardermoen Massesenter,soil and clay,1789,pfm3,2025,2027,modelled,low,"(model output, not a source)",E5,modelled,"distance-decay allocation, capacity-capped, straight line x1.3",48.0 km. HYPOTHESIS ONLY - do not present as a flow.,FALSE
FLW_0514,SRC_OS_013,AK_NI_001,Bjørvika Skole,NOAH Engadalen,soil and clay,5994,pfm3,2025,2027,modelled,low,"(model output, not a source)",E5,modelled,"distance-decay allocation, capacity-capped, straight line x1.3",32.9 km. HYPOTHESIS ONLY - do not present as a flow.,FALSE
FLW_0515,SRC_OS_013,AK_AH_001,Bjørvika Skole,Helgerud Inert Deponi,soil and clay,574,pfm3,2025,2027,modelled,low,"(model output, not a source)",E5,modelled,"distance-decay allocation, capacity-capped, straight line x1.3",56.8 km. HYPOTHESIS ONLY - do not present as a flow.,FALSE
FLW_0516,SRC_OS_013,AK_AS_001,Bjørvika Skole,Lindum Oredalen,soil and clay,1565,pfm3,2025,2027,modelled,low,"(model output, not a source)",E5,modelled,"distance-decay allocation, capacity-capped, straight line x1.3",53.5 km. HYPOTHESIS ONLY - do not present as a flow.,FALSE
FLW_0517,SRC_OS_013,AK_AS_004,Bjørvika Skole,Røyken Grovfyllplass,soil and clay,760,pfm3,2025,2027,modelled,low,"(model output, not a source)",E5,modelled,"distance-decay allocation, capacity-capped, straight line x1.3",36.4 km. HYPOTHESIS ONLY - do not present as a flow.,FALSE
FLW_0518,SRC_OS_013,AK_AH_002,Bjørvika Skole,Mr. Pukk Høland AS,soil and clay,571,pfm3,2025,2027,modelled,low,"(model output, not a source)",E5,modelled,"distance-decay allocation, capacity-capped, straight line x1.3",56.9 km. HYPOTHESIS ONLY - do not present as a flow.,FALSE
FLW_0519,SRC_OS_013,AK_LI_004,Bjørvika Skole,ROAF Miljøpark,soil and clay,3695,pfm3,2025,2027,modelled,low,"(model output, not a source)",E5,modelled,"distance-decay allocation, capacity-capped, straight line x1.3",26.5 km. HYPOTHESIS ONLY - do not present as a flow.,FALSE
FLW_0520,SRC_OS_013,AK_UL_002,Bjørvika Skole,ØRAS Miljøstasjon Dal Skog,soil and clay,468,pfm3,2025,2027,modelled,low,"(model output, not a source)",E5,modelled,"distance-decay allocation, capacity-capped, straight line x1.3",56.9 km. HYPOTHESIS ONLY - do not present as a flow.,FALSE
FLW_0521,SRC_OS_013,OF_IO_002,Bjørvika Skole,Veidekke Elvestad,soil and clay,1503,pfm3,2025,2027,modelled,low,"(model output, not a source)",E5,modelled,"distance-decay allocation, capacity-capped, straight line x1.3",40.5 km. HYPOTHESIS ONLY - do not present as a flow.,FALSE
FLW_0522,SRC_OS_013,OS_OS_004,Bjørvika Skole,FRANO gjenvinningsanlegg for forurensede masser (Bondkall),soil and clay,8733,pfm3,2025,2027,modelled,low,"(model output, not a source)",E5,modelled,"distance-decay allocation, capacity-capped, straight line x1.3",16.3 km. HYPOTHESIS ONLY - do not present as a flow.,FALSE
FLW_0523,SRC_OS_013,AK_NA_001,Bjørvika Skole,Herstua Grus AS - avfallshåndtering,soil and clay,687,pfm3,2025,2027,modelled,low,"(model output, not a source)",E5,modelled,"distance-decay allocation, capacity-capped, straight line x1.3",55.1 km. HYPOTHESIS ONLY - do not present as a flow.,FALSE
FLW_0524,SRC_OS_013,BU_DR_002,Bjørvika Skole,Lindum AS avd. Drammen - avfallsdeponi,soil and clay,1697,pfm3,2025,2027,modelled,low,"(model output, not a source)",E5,modelled,"distance-decay allocation, capacity-capped, straight line x1.3",47.2 km. HYPOTHESIS ONLY - do not present as a flow.,FALSE
FLW_0525,SRC_OS_013,BU_DR_005,Bjørvika Skole,Mile avfallsdeponi,soil and clay,553,pfm3,2025,2027,modelled,low,"(model output, not a source)",E5,modelled,"distance-decay allocation, capacity-capped, straight line x1.3",57.6 km. HYPOTHESIS ONLY - do not present as a flow.,FALSE
FLW_0526,SRC_OS_013,BU_LI_001,Bjørvika Skole,Egge I - inert deponi,soil and clay,1274,pfm3,2025,2027,modelled,low,"(model output, not a source)",E5,modelled,"distance-decay allocation, capacity-capped, straight line x1.3",40.9 km. HYPOTHESIS ONLY - do not present as a flow.,FALSE
FLW_0527,SRC_OS_013,BU_LI_002,Bjørvika Skole,Egge II - inert deponi,soil and clay,1263,pfm3,2025,2027,modelled,low,"(model output, not a source)",E5,modelled,"distance-decay allocation, capacity-capped, straight line x1.3",41.1 km. HYPOTHESIS ONLY - do not present as a flow.,FALSE
FLW_0528,SRC_VI_014,AK_LI_002,Fjellhamar Bruk,Skedsmo Massesenter,demolition,3648,pfm3,2022,2026,modelled,low,"(model output, not a source)",E5,modelled,"distance-decay allocation, capacity-capped, straight line x1.3",11.9 km. HYPOTHESIS ONLY - do not present as a flow.,FALSE
FLW_0529,SRC_VI_014,AK_LI_003,Fjellhamar Bruk,Jølsen Miljøpark,demolition,3454,pfm3,2022,2026,modelled,low,"(model output, not a source)",E5,modelled,"distance-decay allocation, capacity-capped, straight line x1.3",9.2 km. HYPOTHESIS ONLY - do not present as a flow.,FALSE
FLW_0530,SRC_VI_014,AK_EI_002,Fjellhamar Bruk,Feiring Bruk AS avd. Dal Pukkverk,demolition,2592,pfm3,2022,2026,modelled,low,"(model output, not a source)",E5,modelled,"distance-decay allocation, capacity-capped, straight line x1.3",46.3 km. HYPOTHESIS ONLY - do not present as a flow.,FALSE
FLW_0531,SRC_VI_014,AK_UL_001,Fjellhamar Bruk,Ragn-Sells avd. Gardermoen,demolition,1793,pfm3,2022,2026,modelled,low,"(model output, not a source)",E5,modelled,"distance-decay allocation, capacity-capped, straight line x1.3",35.9 km. HYPOTHESIS ONLY - do not present as a flow.,FALSE
FLW_0532,SRC_VI_014,AK_UL_003,Fjellhamar Bruk,Veidekke Gardermoen Massesenter,demolition,2914,pfm3,2022,2026,modelled,low,"(model output, not a source)",E5,modelled,"distance-decay allocation, capacity-capped, straight line x1.3",35.1 km. HYPOTHESIS ONLY - do not present as a flow.,FALSE
FLW_0533,SRC_VI_014,AK_NI_001,Fjellhamar Bruk,NOAH Engadalen,demolition,5663,pfm3,2022,2026,modelled,low,"(model output, not a source)",E5,modelled,"distance-decay allocation, capacity-capped, straight line x1.3",28.9 km. HYPOTHESIS ONLY - do not present as a flow.,FALSE
FLW_0534,SRC_VI_014,AK_AH_001,Fjellhamar Bruk,Helgerud Inert Deponi,demolition,1124,pfm3,2022,2026,modelled,low,"(model output, not a source)",E5,modelled,"distance-decay allocation, capacity-capped, straight line x1.3",42.9 km. HYPOTHESIS ONLY - do not present as a flow.,FALSE
FLW_0535,SRC_VI_014,AK_AS_001,Fjellhamar Bruk,Lindum Oredalen,demolition,1197,pfm3,2022,2026,modelled,low,"(model output, not a source)",E5,modelled,"distance-decay allocation, capacity-capped, straight line x1.3",66.1 km. HYPOTHESIS ONLY - do not present as a flow.,FALSE
FLW_0536,SRC_VI_014,AK_AH_002,Fjellhamar Bruk,Mr. Pukk Høland AS,demolition,1119,pfm3,2022,2026,modelled,low,"(model output, not a source)",E5,modelled,"distance-decay allocation, capacity-capped, straight line x1.3",43.0 km. HYPOTHESIS ONLY - do not present as a flow.,FALSE
FLW_0537,SRC_VI_014,AK_UL_002,Fjellhamar Bruk,ØRAS Miljøstasjon Dal Skog,demolition,885,pfm3,2022,2026,modelled,low,"(model output, not a source)",E5,modelled,"distance-decay allocation, capacity-capped, straight line x1.3",44.0 km. HYPOTHESIS ONLY - do not present as a flow.,FALSE
FLW_0538,SRC_VI_014,OF_IO_002,Fjellhamar Bruk,Veidekke Elvestad,demolition,1250,pfm3,2022,2026,modelled,low,"(model output, not a source)",E5,modelled,"distance-decay allocation, capacity-capped, straight line x1.3",44.0 km. HYPOTHESIS ONLY - do not present as a flow.,FALSE
FLW_0539,SRC_VI_014,OS_OS_004,Fjellhamar Bruk,FRANO gjenvinningsanlegg for forurensede masser (Bondkall),demolition,7318,pfm3,2022,2026,modelled,low,"(model output, not a source)",E5,modelled,"distance-decay allocation, capacity-capped, straight line x1.3",7.5 km. HYPOTHESIS ONLY - do not present as a flow.,FALSE
FLW_0540,SRC_VI_014,AK_NA_001,Fjellhamar Bruk,Herstua Grus AS - avfallshåndtering,demolition,1162,pfm3,2022,2026,modelled,low,"(model output, not a source)",E5,modelled,"distance-decay allocation, capacity-capped, straight line x1.3",44.6 km. HYPOTHESIS ONLY - do not present as a flow.,FALSE
FLW_0541,SRC_VI_014,BU_DR_003,Fjellhamar Bruk,Lerpeveien gjenvinningsstasjon,demolition,557,pfm3,2022,2026,modelled,low,"(model output, not a source)",E5,modelled,"distance-decay allocation, capacity-capped, straight line x1.3",64.0 km. HYPOTHESIS ONLY - do not present as a flow.,FALSE
FLW_0542,SRC_VI_014,BU_LI_001,Fjellhamar Bruk,Egge I - inert deponi,demolition,664,pfm3,2022,2026,modelled,low,"(model output, not a source)",E5,modelled,"distance-decay allocation, capacity-capped, straight line x1.3",58.7 km. HYPOTHESIS ONLY - do not present as a flow.,FALSE
FLW_0543,SRC_VI_014,BU_LI_002,Fjellhamar Bruk,Egge II - inert deponi,demolition,660,pfm3,2022,2026,modelled,low,"(model output, not a source)",E5,modelled,"distance-decay allocation, capacity-capped, straight line x1.3",58.9 km. HYPOTHESIS ONLY - do not present as a flow.,FALSE
FLW_0544,SRC_VI_014,AK_LI_002,Fjellhamar Bruk,Skedsmo Massesenter,soil and clay,4273,pfm3,2022,2026,modelled,low,"(model output, not a source)",E5,modelled,"distance-decay allocation, capacity-capped, straight line x1.3",11.9 km. HYPOTHESIS ONLY - do not present as a flow.,FALSE
FLW_0545,SRC_VI_014,AK_LI_003,Fjellhamar Bruk,Jølsen Miljøpark,soil and clay,4229,pfm3,2022,2026,modelled,low,"(model output, not a source)",E5,modelled,"distance-decay allocation, capacity-capped, straight line x1.3",9.2 km. HYPOTHESIS ONLY - do not present as a flow.,FALSE
FLW_0546,SRC_VI_014,AK_NE_001,Fjellhamar Bruk,Esval Miljøpark,soil and clay,862,pfm3,2022,2026,modelled,low,"(model output, not a source)",E5,modelled,"distance-decay allocation, capacity-capped, straight line x1.3",45.7 km. HYPOTHESIS ONLY - do not present as a flow.,FALSE
FLW_0547,SRC_VI_014,AK_EI_002,Fjellhamar Bruk,Feiring Bruk AS avd. Dal Pukkverk,soil and clay,1711,pfm3,2022,2026,modelled,low,"(model output, not a source)",E5,modelled,"distance-decay allocation, capacity-capped, straight line x1.3",46.3 km. HYPOTHESIS ONLY - do not present as a flow.,FALSE
FLW_0548,SRC_VI_014,AK_UL_003,Fjellhamar Bruk,Veidekke Gardermoen Massesenter,soil and clay,2317,pfm3,2022,2026,modelled,low,"(model output, not a source)",E5,modelled,"distance-decay allocation, capacity-capped, straight line x1.3",35.1 km. HYPOTHESIS ONLY - do not present as a flow.,FALSE
FLW_0549,SRC_VI_014,AK_NI_001,Fjellhamar Bruk,NOAH Engadalen,soil and clay,4993,pfm3,2022,2026,modelled,low,"(model output, not a source)",E5,modelled,"distance-decay allocation, capacity-capped, straight line x1.3",28.9 km. HYPOTHESIS ONLY - do not present as a flow.,FALSE
FLW_0550,SRC_VI_014,AK_AH_001,Fjellhamar Bruk,Helgerud Inert Deponi,soil and clay,785,pfm3,2022,2026,modelled,low,"(model output, not a source)",E5,modelled,"distance-decay allocation, capacity-capped, straight line x1.3",42.9 km. HYPOTHESIS ONLY - do not present as a flow.,FALSE
FLW_0551,SRC_VI_014,AK_AH_002,Fjellhamar Bruk,Mr. Pukk Høland AS,soil and clay,780,pfm3,2022,2026,modelled,low,"(model output, not a source)",E5,modelled,"distance-decay allocation, capacity-capped, straight line x1.3",43.0 km. HYPOTHESIS ONLY - do not present as a flow.,FALSE
FLW_0552,SRC_VI_014,AK_LI_004,Fjellhamar Bruk,ROAF Miljøpark,soil and clay,5627,pfm3,2022,2026,modelled,low,"(model output, not a source)",E5,modelled,"distance-decay allocation, capacity-capped, straight line x1.3",10.4 km. HYPOTHESIS ONLY - do not present as a flow.,FALSE
FLW_0553,SRC_VI_014,AK_UL_002,Fjellhamar Bruk,ØRAS Miljøstasjon Dal Skog,soil and clay,607,pfm3,2022,2026,modelled,low,"(model output, not a source)",E5,modelled,"distance-decay allocation, capacity-capped, straight line x1.3",44.0 km. HYPOTHESIS ONLY - do not present as a flow.,FALSE
FLW_0554,SRC_VI_014,OF_IO_002,Fjellhamar Bruk,Veidekke Elvestad,soil and clay,857,pfm3,2022,2026,modelled,low,"(model output, not a source)",E5,modelled,"distance-decay allocation, capacity-capped, straight line x1.3",44.0 km. HYPOTHESIS ONLY - do not present as a flow.,FALSE
FLW_0555,SRC_VI_014,OS_OS_004,Fjellhamar Bruk,FRANO gjenvinningsanlegg for forurensede masser (Bondkall),soil and clay,9223,pfm3,2022,2026,modelled,low,"(model output, not a source)",E5,modelled,"distance-decay allocation, capacity-capped, straight line x1.3",7.5 km. HYPOTHESIS ONLY - do not present as a flow.,FALSE
FLW_0556,SRC_VI_014,AK_NA_001,Fjellhamar Bruk,Herstua Grus AS - avfallshåndtering,soil and clay,789,pfm3,2022,2026,modelled,low,"(model output, not a source)",E5,modelled,"distance-decay allocation, capacity-capped, straight line x1.3",44.6 km. HYPOTHESIS ONLY - do not present as a flow.,FALSE
FLW_0557,SRC_VI_008,AK_LI_002,GlobalConnect fiber,Skedsmo Massesenter,soil and clay,2614,pfm3,2025,2027,modelled,low,"(model output, not a source)",E5,modelled,"distance-decay allocation, capacity-capped, straight line x1.3",26.3 km. HYPOTHESIS ONLY - do not present as a flow.,FALSE
FLW_0558,SRC_VI_008,AK_LI_003,GlobalConnect fiber,Jølsen Miljøpark,soil and clay,2188,pfm3,2025,2027,modelled,low,"(model output, not a source)",E5,modelled,"distance-decay allocation, capacity-capped, straight line x1.3",27.0 km. HYPOTHESIS ONLY - do not present as a flow.,FALSE
FLW_0559,SRC_VI_008,AK_EI_002,GlobalConnect fiber,Feiring Bruk AS avd. Dal Pukkverk,soil and clay,1233,pfm3,2025,2027,modelled,low,"(model output, not a source)",E5,modelled,"distance-decay allocation, capacity-capped, straight line x1.3",57.5 km. HYPOTHESIS ONLY - do not present as a flow.,FALSE
FLW_0560,SRC_VI_008,AK_UL_003,GlobalConnect fiber,Veidekke Gardermoen Massesenter,soil and clay,1608,pfm3,2025,2027,modelled,low,"(model output, not a source)",E5,modelled,"distance-decay allocation, capacity-capped, straight line x1.3",47.0 km. HYPOTHESIS ONLY - do not present as a flow.,FALSE
FLW_0561,SRC_VI_008,AK_NI_001,GlobalConnect fiber,NOAH Engadalen,soil and clay,5500,pfm3,2025,2027,modelled,low,"(model output, not a source)",E5,modelled,"distance-decay allocation, capacity-capped, straight line x1.3",31.6 km. HYPOTHESIS ONLY - do not present as a flow.,FALSE
FLW_0562,SRC_VI_008,AK_AH_001,GlobalConnect fiber,Helgerud Inert Deponi,soil and clay,474,pfm3,2025,2027,modelled,low,"(model output, not a source)",E5,modelled,"distance-decay allocation, capacity-capped, straight line x1.3",57.6 km. HYPOTHESIS ONLY - do not present as a flow.,FALSE
FLW_0563,SRC_VI_008,AK_AS_001,GlobalConnect fiber,Lindum Oredalen,soil and clay,1263,pfm3,2025,2027,modelled,low,"(model output, not a source)",E5,modelled,"distance-decay allocation, capacity-capped, straight line x1.3",54.7 km. HYPOTHESIS ONLY - do not present as a flow.,FALSE
FLW_0564,SRC_VI_008,AK_AS_004,GlobalConnect fiber,Røyken Grovfyllplass,soil and clay,622,pfm3,2025,2027,modelled,low,"(model output, not a source)",E5,modelled,"distance-decay allocation, capacity-capped, straight line x1.3",37.3 km. HYPOTHESIS ONLY - do not present as a flow.,FALSE
FLW_0565,SRC_VI_008,AK_AH_002,GlobalConnect fiber,Mr. Pukk Høland AS,soil and clay,472,pfm3,2025,2027,modelled,low,"(model output, not a source)",E5,modelled,"distance-decay allocation, capacity-capped, straight line x1.3",57.7 km. HYPOTHESIS ONLY - do not present as a flow.,FALSE
FLW_0566,SRC_VI_008,AK_LI_004,GlobalConnect fiber,ROAF Miljøpark,soil and clay,3241,pfm3,2025,2027,modelled,low,"(model output, not a source)",E5,modelled,"distance-decay allocation, capacity-capped, straight line x1.3",26.1 km. HYPOTHESIS ONLY - do not present as a flow.,FALSE
FLW_0567,SRC_VI_008,AK_UL_002,GlobalConnect fiber,ØRAS Miljøstasjon Dal Skog,soil and clay,421,pfm3,2025,2027,modelled,low,"(model output, not a source)",E5,modelled,"distance-decay allocation, capacity-capped, straight line x1.3",55.9 km. HYPOTHESIS ONLY - do not present as a flow.,FALSE
FLW_0568,SRC_VI_008,OF_IO_002,GlobalConnect fiber,Veidekke Elvestad,soil and clay,1198,pfm3,2025,2027,modelled,low,"(model output, not a source)",E5,modelled,"distance-decay allocation, capacity-capped, straight line x1.3",41.9 km. HYPOTHESIS ONLY - do not present as a flow.,FALSE
FLW_0569,SRC_VI_008,OS_OS_004,GlobalConnect fiber,FRANO gjenvinningsanlegg for forurensede masser (Bondkall),soil and clay,7741,pfm3,2025,2027,modelled,low,"(model output, not a source)",E5,modelled,"distance-decay allocation, capacity-capped, straight line x1.3",15.6 km. HYPOTHESIS ONLY - do not present as a flow.,FALSE
FLW_0570,SRC_VI_008,AK_NA_001,GlobalConnect fiber,Herstua Grus AS - avfallshåndtering,soil and clay,623,pfm3,2025,2027,modelled,low,"(model output, not a source)",E5,modelled,"distance-decay allocation, capacity-capped, straight line x1.3",54.0 km. HYPOTHESIS ONLY - do not present as a flow.,FALSE
FLW_0571,SRC_VI_008,BU_DR_002,GlobalConnect fiber,Lindum AS avd. Drammen - avfallsdeponi,soil and clay,1410,pfm3,2025,2027,modelled,low,"(model output, not a source)",E5,modelled,"distance-decay allocation, capacity-capped, straight line x1.3",47.8 km. HYPOTHESIS ONLY - do not present as a flow.,FALSE
FLW_0572,SRC_VI_008,BU_DR_005,GlobalConnect fiber,Mile avfallsdeponi,soil and clay,470,pfm3,2025,2027,modelled,low,"(model output, not a source)",E5,modelled,"distance-decay allocation, capacity-capped, straight line x1.3",57.8 km. HYPOTHESIS ONLY - do not present as a flow.,FALSE
FLW_0573,SRC_VI_008,BU_LI_001,GlobalConnect fiber,Egge I - inert deponi,soil and clay,1090,pfm3,2025,2027,modelled,low,"(model output, not a source)",E5,modelled,"distance-decay allocation, capacity-capped, straight line x1.3",41.0 km. HYPOTHESIS ONLY - do not present as a flow.,FALSE
FLW_0574,SRC_VI_008,BU_LI_002,GlobalConnect fiber,Egge II - inert deponi,soil and clay,1081,pfm3,2025,2027,modelled,low,"(model output, not a source)",E5,modelled,"distance-decay allocation, capacity-capped, straight line x1.3",41.1 km. HYPOTHESIS ONLY - do not present as a flow.,FALSE
FLW_0575,SRC_VI_008,AK_LI_002,GlobalConnect fiber,Skedsmo Massesenter,demolition,1021,pfm3,2025,2027,modelled,low,"(model output, not a source)",E5,modelled,"distance-decay allocation, capacity-capped, straight line x1.3",26.3 km. HYPOTHESIS ONLY - do not present as a flow.,FALSE
FLW_0576,SRC_VI_008,AK_LI_003,GlobalConnect fiber,Jølsen Miljøpark,demolition,864,pfm3,2025,2027,modelled,low,"(model output, not a source)",E5,modelled,"distance-decay allocation, capacity-capped, straight line x1.3",27.0 km. HYPOTHESIS ONLY - do not present as a flow.,FALSE
FLW_0577,SRC_VI_008,AK_EI_002,GlobalConnect fiber,Feiring Bruk AS avd. Dal Pukkverk,demolition,809,pfm3,2025,2027,modelled,low,"(model output, not a source)",E5,modelled,"distance-decay allocation, capacity-capped, straight line x1.3",57.5 km. HYPOTHESIS ONLY - do not present as a flow.,FALSE
FLW_0578,SRC_VI_008,AK_UL_001,GlobalConnect fiber,Ragn-Sells avd. Gardermoen,demolition,536,pfm3,2025,2027,modelled,low,"(model output, not a source)",E5,modelled,"distance-decay allocation, capacity-capped, straight line x1.3",48.4 km. HYPOTHESIS ONLY - do not present as a flow.,FALSE
FLW_0579,SRC_VI_008,AK_UL_003,GlobalConnect fiber,Veidekke Gardermoen Massesenter,demolition,887,pfm3,2025,2027,modelled,low,"(model output, not a source)",E5,modelled,"distance-decay allocation, capacity-capped, straight line x1.3",47.0 km. HYPOTHESIS ONLY - do not present as a flow.,FALSE
FLW_0580,SRC_VI_008,AK_NI_001,GlobalConnect fiber,NOAH Engadalen,demolition,2346,pfm3,2025,2027,modelled,low,"(model output, not a source)",E5,modelled,"distance-decay allocation, capacity-capped, straight line x1.3",31.6 km. HYPOTHESIS ONLY - do not present as a flow.,FALSE
FLW_0581,SRC_VI_008,AK_AH_001,GlobalConnect fiber,Helgerud Inert Deponi,demolition,312,pfm3,2025,2027,modelled,low,"(model output, not a source)",E5,modelled,"distance-decay allocation, capacity-capped, straight line x1.3",57.6 km. HYPOTHESIS ONLY - do not present as a flow.,FALSE
FLW_0582,SRC_VI_008,AK_AS_001,GlobalConnect fiber,Lindum Oredalen,demolition,792,pfm3,2025,2027,modelled,low,"(model output, not a source)",E5,modelled,"distance-decay allocation, capacity-capped, straight line x1.3",54.7 km. HYPOTHESIS ONLY - do not present as a flow.,FALSE
FLW_0583,SRC_VI_008,AK_AH_002,GlobalConnect fiber,Mr. Pukk Høland AS,demolition,311,pfm3,2025,2027,modelled,low,"(model output, not a source)",E5,modelled,"distance-decay allocation, capacity-capped, straight line x1.3",57.7 km. HYPOTHESIS ONLY - do not present as a flow.,FALSE
FLW_0584,SRC_VI_008,AK_UL_002,GlobalConnect fiber,ØRAS Miljøstasjon Dal Skog,demolition,269,pfm3,2025,2027,modelled,low,"(model output, not a source)",E5,modelled,"distance-decay allocation, capacity-capped, straight line x1.3",55.9 km. HYPOTHESIS ONLY - do not present as a flow.,FALSE
FLW_0585,SRC_VI_008,OF_IO_002,GlobalConnect fiber,Veidekke Elvestad,demolition,607,pfm3,2025,2027,modelled,low,"(model output, not a source)",E5,modelled,"distance-decay allocation, capacity-capped, straight line x1.3",41.9 km. HYPOTHESIS ONLY - do not present as a flow.,FALSE
FLW_0586,SRC_VI_008,OS_OS_004,GlobalConnect fiber,FRANO gjenvinningsanlegg for forurensede masser (Bondkall),demolition,2529,pfm3,2025,2027,modelled,low,"(model output, not a source)",E5,modelled,"distance-decay allocation, capacity-capped, straight line x1.3",15.6 km. HYPOTHESIS ONLY - do not present as a flow.,FALSE
FLW_0587,SRC_VI_008,AK_NA_001,GlobalConnect fiber,Herstua Grus AS - avfallshåndtering,demolition,386,pfm3,2025,2027,modelled,low,"(model output, not a source)",E5,modelled,"distance-decay allocation, capacity-capped, straight line x1.3",54.0 km. HYPOTHESIS ONLY - do not present as a flow.,FALSE
FLW_0588,SRC_VI_008,BU_DR_003,GlobalConnect fiber,Lerpeveien gjenvinningsstasjon,demolition,434,pfm3,2025,2027,modelled,low,"(model output, not a source)",E5,modelled,"distance-decay allocation, capacity-capped, straight line x1.3",47.7 km. HYPOTHESIS ONLY - do not present as a flow.,FALSE
FLW_0589,SRC_VI_008,BU_DR_004,GlobalConnect fiber,Mile gjenvinningsstasjon,demolition,311,pfm3,2025,2027,modelled,low,"(model output, not a source)",E5,modelled,"distance-decay allocation, capacity-capped, straight line x1.3",57.7 km. HYPOTHESIS ONLY - do not present as a flow.,FALSE
FLW_0590,SRC_VI_008,BU_LI_001,GlobalConnect fiber,Egge I - inert deponi,demolition,543,pfm3,2025,2027,modelled,low,"(model output, not a source)",E5,modelled,"distance-decay allocation, capacity-capped, straight line x1.3",41.0 km. HYPOTHESIS ONLY - do not present as a flow.,FALSE
FLW_0591,SRC_VI_008,BU_LI_002,GlobalConnect fiber,Egge II - inert deponi,demolition,540,pfm3,2025,2027,modelled,low,"(model output, not a source)",E5,modelled,"distance-decay allocation, capacity-capped, straight line x1.3",41.1 km. HYPOTHESIS ONLY - do not present as a flow.,FALSE
