{"type":"FeatureCollection","features":[{"type":"Feature","properties":{"k":"current","n":"Masseuttak Hillestad","a":46412,"ikraft":"2024-06-20","planid":"2022002","kommunenr":"4217"},"geometry":{"type":"Polygon","coordinates":[[[8.15515,58.81167],[8.15498,58.81124],[8.15784,58.81083],[8.1609,58.81124],[8.15894,58.81222],[8.15605,58.81305],[8.15598,58.81268],[8.15515,58.81167]]]}},{"type":"Feature","properties":{"k":"current","n":"Masseuttak Jørundland","a":47254,"ikraft":"2025-02-13","planid":"2022001","kommunenr":"4217"},"geometry":{"type":"Polygon","coordinates":[[[8.24632,58.89473],[8.24663,58.89465],[8.24663,58.89452],[8.24887,58.89379],[8.25315,58.89362],[8.25444,58.89343],[8.25465,58.89354],[8.25322,58.89408],[8.25325,58.8943],[8.25171,58.89434],[8.25005,58.89454],[8.24932,58.89484],[8.24931,58.89544],[8.24738,58.8958],[8.24632,58.89473]]]}},{"type":"Feature","properties":{"k":"current","n":"Massedeponi ved Varpe bru","a":40496,"ikraft":"2013-05-23","planid":"2012003","kommunenr":"3454"},"geometry":{"type":"Polygon","coordinates":[[[8.29797,61.20739],[8.29922,61.20665],[8.29995,61.20648],[8.30242,61.20666],[8.30512,61.20729],[8.30466,61.20764],[8.30231,61.20764],[8.2991,61.20792],[8.29774,61.20782],[8.29753,61.20756],[8.29797,61.20739]]]}},{"type":"Feature","properties":{"k":"current","n":"Reguleringsplan for Flatmoen grustak","a":387748,"ikraft":"2009-04-30","planid":"05130026","kommunenr":"3433"},"geometry":{"type":"Polygon","coordinates":[[[8.28309,61.86331],[8.27568,61.86505],[8.2727,61.85537],[8.27563,61.85502],[8.28034,61.85608],[8.28043,61.85936],[8.28257,61.86137],[8.28287,61.86146],[8.28277,61.86155],[8.28433,61.86301],[8.28309,61.86331]]]}},{"type":"Feature","properties":{"k":"current","n":"Detaljregulering for masseuttak og deponi, Bryplass - Skurdalen","a":53500,"ikraft":"2020-04-22","planid":"6013","kommunenr":"3330"},"geometry":{"type":"Polygon","coordinates":[[[8.34377,60.46143],[8.34364,60.46136],[8.34734,60.4611],[8.349,60.4611],[8.34965,60.46138],[8.35056,60.46233],[8.34535,60.46302],[8.34562,60.46278],[8.3448,60.46203],[8.34337,60.46184],[8.34296,60.46149],[8.34377,60.46143]]]}},{"type":"Feature","properties":{"k":"current","n":"HOL PUKKVERK","a":134928,"ikraft":"2002-02-28","planid":"062003014","kommunenr":"3330"},"geometry":{"type":"Polygon","coordinates":[[[8.36626,60.57575],[8.36592,60.575],[8.36172,60.57529],[8.36072,60.57546],[8.36008,60.57443],[8.367,60.57295],[8.37236,60.57273],[8.37291,60.57365],[8.36969,60.57478],[8.36973,60.57532],[8.36856,60.57543],[8.36855,60.57555],[8.36626,60.57575]]]}},{"type":"Feature","properties":{"k":"current","n":"HALL. RENOVASJON  DEPONERINGSPLAN","a":15828,"ikraft":"1990-10-04","planid":"062003007","kommunenr":"3330"},"geometry":{"type":"Polygon","coordinates":[[[8.39805,60.57149],[8.39971,60.57295],[8.39842,60.57328],[8.3966,60.57186],[8.39805,60.57149]]]}},{"type":"Feature","properties":{"k":"current","n":"Eidskroken massedeponi","a":56292,"ikraft":"2019-04-11","planid":"2013004","kommunenr":"3454"},"geometry":{"type":"Polygon","coordinates":[[[8.39004,61.1779],[8.3898,61.1778],[8.38944,61.17777],[8.38839,61.17787],[8.38783,61.17786],[8.38726,61.17777],[8.38678,61.1775],[8.38675,61.17717],[8.38718,61.17634],[8.38723,61.17574],[8.38767,61.17496],[8.38789,61.17424],[8.38925,61.17424],[8.38925,61.17482],[8.38904,61.17543],[8.38919,61.17524],[8.38926,61.17571],[8.38947,61.17576],[8.3897,61.1763],[8.39046,61.17688],[8.39048,61.17701],[8.39021,61.17696],[8.39019,61.17702],[8.39056,61.17709],[8.39104,61.17738],[8.39116,61.17757],[8.39102,61.17788],[8.39069,61.17786],[8.39016,61.178],[8.39004,61.1779]]]}},{"type":"Feature","properties":{"k":"current","n":"Breie deponi","a":42124,"ikraft":"2012-12-20","planid":"2009002","kommunenr":"3328"},"geometry":{"type":"Polygon","coordinates":[[[8.44312,60.57652],[8.44351,60.57688],[8.44378,60.57769],[8.44438,60.57837],[8.44407,60.57937],[8.44078,60.57862],[8.44167,60.5764],[8.44312,60.57652]]]}},{"type":"Feature","properties":{"k":"current","n":"Raudåna Næringsområde/masseuttak","a":100820,"ikraft":"2021-09-23","planid":"2020003","kommunenr":"4217"},"geometry":{"type":"Polygon","coordinates":[[[8.57962,58.85014],[8.58019,58.85026],[8.58072,58.85021],[8.58125,58.85071],[8.57907,58.8507],[8.58021,58.85213],[8.58169,58.85233],[8.58286,58.8527],[8.58176,58.8529],[8.58104,58.85317],[8.57745,58.85349],[8.57628,58.8535],[8.57614,58.85315],[8.57534,58.85259],[8.57374,58.85232],[8.57545,58.85095],[8.57638,58.85082],[8.57821,58.85077],[8.57827,58.85045],[8.57962,58.85014]]]}},{"type":"Feature","properties":{"k":"current","n":"Masseuttak Roen og Sataslåtten, Endring","a":21471,"ikraft":"2015-05-28","planid":"2003002","kommunenr":"3328"},"geometry":{"type":"Polygon","coordinates":[[[8.61706,60.6484],[8.61621,60.64827],[8.61625,60.64728],[8.61832,60.64745],[8.61895,60.64799],[8.61968,60.64832],[8.61923,60.64896],[8.61829,60.6488],[8.61706,60.6484]]]}},{"type":"Feature","properties":{"k":"current","n":"E134, Tilkomstveg Flatin deponi","a":15115,"ikraft":"2013-03-05","planid":"20120006","kommunenr":"4022"},"geometry":{"type":"Polygon","coordinates":[[[8.64244,59.50477],[8.64224,59.50511],[8.6422,59.5055],[8.64232,59.50559],[8.64228,59.50564],[8.64202,59.50558],[8.64202,59.50573],[8.64169,59.50573],[8.64169,59.50554],[8.64114,59.50534],[8.64087,59.50507],[8.64076,59.5051],[8.64055,59.5049],[8.64059,59.50484],[8.64033,59.50485],[8.64035,59.50489],[8.6397,59.50486],[8.63906,59.50501],[8.63877,59.50516],[8.63864,59.50535],[8.63871,59.50549],[8.63911,59.50577],[8.63896,59.50604],[8.63909,59.50633],[8.63886,59.50633],[8.63875,59.50611],[8.63826,59.50611],[8.63827,59.50594],[8.63788,59.50534],[8.63831,59.50493],[8.64004,59.50449],[8.64077,59.50447],[8.64104,59.50476],[8.64117,59.50473],[8.64138,59.50493],[8.6412,59.50497],[8.64142,59.50518],[8.6418,59.5051],[8.64198,59.50531],[8.64213,59.50526],[8.6422,59.50495],[8.64244,59.50477]]]}},{"type":"Feature","properties":{"k":"current","n":"E134 Gvammen - Århus, Flatin deponi","a":63118,"ikraft":"2014-02-13","planid":"20130001","kommunenr":"4022"},"geometry":{"type":"Polygon","coordinates":[[[8.63886,59.50632],[8.63866,59.50654],[8.63868,59.50681],[8.63855,59.50701],[8.63746,59.50761],[8.6361,59.50769],[8.63484,59.50761],[8.63382,59.50734],[8.63337,59.50713],[8.63338,59.50685],[8.6345,59.50599],[8.63449,59.50576],[8.63493,59.50558],[8.63527,59.50528],[8.63675,59.50521],[8.63687,59.50524],[8.63742,59.50517],[8.63802,59.5052],[8.63788,59.50534],[8.63827,59.50594],[8.63826,59.50611],[8.63875,59.50611],[8.63886,59.50632]]]}},{"type":"Feature","properties":{"k":"current","n":"Torpo industriområde og masseuttak, områderegulering","a":285606,"ikraft":"2011-11-17","planid":"2009006","kommunenr":"3328"},"geometry":{"type":"Polygon","coordinates":[[[8.6983,60.65855],[8.69806,60.6584],[8.69794,60.65845],[8.69813,60.65851],[8.69767,60.659],[8.69808,60.66045],[8.69812,60.66136],[8.69699,60.66131],[8.69555,60.66017],[8.69426,60.66032],[8.69337,60.65919],[8.68965,60.65841],[8.68774,60.65736],[8.68575,60.65581],[8.68722,60.6539],[8.69116,60.65454],[8.6911,60.65488],[8.69136,60.65506],[8.69184,60.6547],[8.69478,60.65564],[8.69657,60.65649],[8.69829,60.65767],[8.69879,60.6581],[8.69839,60.65829],[8.6986,60.65844],[8.6983,60.65855]]]}},{"type":"Feature","properties":{"k":"current","n":"Espeland grustak","a":52856,"ikraft":"1990-02-15","planid":"5501","kommunenr":"4026"},"geometry":{"type":"Polygon","coordinates":[[[8.71535,59.98996],[8.71612,59.99003],[8.71709,59.9896],[8.71763,59.98884],[8.72032,59.98869],[8.72328,59.98913],[8.72322,59.98924],[8.72218,59.98911],[8.72055,59.9893],[8.72006,59.99077],[8.71725,59.99073],[8.71594,59.99101],[8.71535,59.98996]]]}},{"type":"Feature","properties":{"k":"current","n":"Raudberget masseuttak","a":152929,"ikraft":"2012-06-25","planid":"2011005","kommunenr":"3326"},"geometry":{"type":"Polygon","coordinates":[[[8.71077,60.79557],[8.71091,60.79552],[8.71209,60.79614],[8.71367,60.79664],[8.715,60.79802],[8.71667,60.7975],[8.71919,60.80027],[8.72039,60.80187],[8.71595,60.80264],[8.71475,60.80269],[8.71451,60.80159],[8.71336,60.80064],[8.71193,60.79899],[8.71484,60.79807],[8.71355,60.79671],[8.71198,60.79621],[8.71077,60.79557]]]}},{"type":"Feature","properties":{"k":"current","n":"Mårvik masseuttak","a":276230,"ikraft":"2022-06-14","planid":"5420","kommunenr":"4026"},"geometry":{"type":"Polygon","coordinates":[[[8.75761,59.99238],[8.75651,59.99271],[8.75506,59.99207],[8.75545,59.99083],[8.75679,59.98919],[8.75792,59.98882],[8.75937,59.98753],[8.7599,59.98731],[8.76092,59.98721],[8.76462,59.98729],[8.76804,59.98781],[8.76894,59.98961],[8.76886,59.99013],[8.76739,59.98999],[8.76628,59.99015],[8.75761,59.99238]]]}},{"type":"Feature","properties":{"k":"current","n":"Moen massedeponi","a":524172,"ikraft":"2012-09-12","planid":"88","kommunenr":"4024"},"geometry":{"type":"Polygon","coordinates":[[[8.79002,59.61547],[8.79749,59.61146],[8.80629,59.61242],[8.81011,59.61526],[8.80197,59.61728],[8.80096,59.61654],[8.79982,59.61686],[8.79624,59.61869],[8.79445,59.61913],[8.79406,59.61908],[8.7939,59.61841],[8.79344,59.61783],[8.78993,59.61552],[8.79002,59.61547]]]}},{"type":"Feature","properties":{"k":"current","n":"Trillhustippen område for masseuttak","a":238233,"ikraft":"1996-08-22","planid":"1996002","kommunenr":"3328"},"geometry":{"type":"Polygon","coordinates":[[[8.7958,60.65632],[8.79574,60.65593],[8.79678,60.65576],[8.79721,60.6561],[8.79861,60.65653],[8.80792,60.65788],[8.80893,60.65812],[8.81143,60.65901],[8.81455,60.65958],[8.81058,60.66201],[8.81012,60.662],[8.80045,60.65868],[8.7995,60.65759],[8.7958,60.65632]]]}},{"type":"Feature","properties":{"k":"current","n":"Vestlie masseuttak 2","a":216898,"ikraft":"2025-08-26","planid":"01202118","kommunenr":"3322"},"geometry":{"type":"Polygon","coordinates":[[[8.94281,60.54179],[8.94261,60.5417],[8.94332,60.5419],[8.94422,60.54168],[8.94539,60.54229],[8.94794,60.5419],[8.95252,60.54245],[8.95581,60.54349],[8.95721,60.54336],[8.96114,60.54469],[8.95935,60.54704],[8.95655,60.54636],[8.95631,60.54563],[8.95598,60.54552],[8.95414,60.54525],[8.9536,60.54528],[8.95356,60.54538],[8.9539,60.54549],[8.95384,60.54556],[8.95202,60.54535],[8.95082,60.54513],[8.94933,60.54442],[8.94945,60.54435],[8.94978,60.54445],[8.95003,60.54427],[8.9461,60.54298],[8.94501,60.54252],[8.94431,60.54207],[8.94372,60.54215],[8.94392,60.54244],[8.94281,60.54179]]]}},{"type":"Feature","properties":{"k":"current","n":"Råen steinbrudd","a":58722,"ikraft":"2025-04-07","planid":"2021005","kommunenr":"3338"},"geometry":{"type":"Polygon","coordinates":[[[8.96907,60.27817],[8.96814,60.27792],[8.96827,60.27726],[8.96798,60.2762],[8.96805,60.27589],[8.96972,60.27452],[8.97011,60.27459],[8.97104,60.27517],[8.97203,60.27557],[8.97217,60.27585],[8.97155,60.27667],[8.96997,60.27786],[8.96947,60.27815],[8.96907,60.27817]]]}},{"type":"Feature","properties":{"k":"current","n":"Fjerdingsbekkhaugen_masseuttak","a":100603,"ikraft":"2007-12-11","planid":"2007002","kommunenr":"3324"},"geometry":{"type":"Polygon","coordinates":[[[8.98617,60.74613],[8.986,60.74646],[8.98509,60.74662],[8.98014,60.74238],[8.98314,60.74139],[8.98441,60.74206],[8.98537,60.74354],[8.98683,60.74449],[8.9868,60.7451],[8.98617,60.74613]]]}},{"type":"Feature","properties":{"k":"current","n":"Skrøviken steinbrudd","a":213476,"ikraft":"1985-09-24","planid":"0543R006","kommunenr":"3452"},"geometry":{"type":"Polygon","coordinates":[[[9.01295,61.05963],[9.01108,61.06049],[9.01055,61.06019],[9.01012,61.06038],[9.00514,61.05852],[9.00578,61.05824],[9.00695,61.05743],[9.00748,61.05634],[9.00788,61.05644],[9.0084,61.05602],[9.00841,61.05584],[9.00788,61.05581],[9.00813,61.05546],[9.00867,61.05541],[9.00973,61.05509],[9.01281,61.05484],[9.01371,61.05539],[9.01381,61.05603],[9.01565,61.05834],[9.01295,61.05963]]]}},{"type":"Feature","properties":{"k":"current","n":"Detaljregulering for Lidalen grustak","a":200669,"ikraft":"2023-08-31","planid":"201101","kommunenr":"4005"},"geometry":{"type":"Polygon","coordinates":[[[9.01825,59.61886],[9.01791,59.61845],[9.01785,59.61775],[9.019,59.61631],[9.01944,59.61418],[9.02029,59.61368],[9.02065,59.61277],[9.02302,59.61289],[9.02445,59.61311],[9.02368,59.61519],[9.02391,59.61589],[9.02474,59.61626],[9.02447,59.61774],[9.0223,59.61941],[9.01845,59.61889],[9.01846,59.61908],[9.01825,59.61886]]]}},{"type":"Feature","properties":{"k":"current","n":"Hegna Grustak - og Steinbrudd","a":316377,"ikraft":"2023-06-13","planid":"201501","kommunenr":"4005"},"geometry":{"type":"Polygon","coordinates":[[[9.0223,59.61941],[9.02601,59.62],[9.02626,59.62136],[9.02436,59.62144],[9.02344,59.62119],[9.02203,59.62022],[9.02085,59.61983],[9.01923,59.61964],[9.01972,59.62016],[9.01922,59.62028],[9.0201,59.62117],[9.02032,59.62167],[9.0203,59.62286],[9.01987,59.62386],[9.01946,59.62401],[9.01517,59.62418],[9.0152,59.62338],[9.01475,59.62287],[9.01476,59.62244],[9.01427,59.62159],[9.01353,59.62067],[9.01217,59.61974],[9.01209,59.61949],[9.01237,59.61934],[9.01262,59.61728],[9.01632,59.61551],[9.01713,59.61587],[9.01687,59.6163],[9.01698,59.61654],[9.01841,59.61606],[9.01869,59.61575],[9.01895,59.61392],[9.01935,59.61367],[9.0194,59.61302],[9.01942,59.61402],[9.01932,59.6144],[9.01916,59.61438],[9.01882,59.61589],[9.01824,59.61628],[9.01688,59.61671],[9.01611,59.618],[9.01645,59.61852],[9.01825,59.61886],[9.01846,59.61908],[9.01845,59.61889],[9.0223,59.61941]]]}},{"type":"Feature","properties":{"k":"current","n":"Limoen steinbrudd","a":87368,"ikraft":"2023-12-14","planid":"200802","kommunenr":"3808"},"geometry":{"type":"Polygon","coordinates":[[[9.01384,59.63041],[9.01368,59.63037],[9.01445,59.62969],[9.01661,59.62817],[9.01895,59.62847],[9.01982,59.62827],[9.02157,59.629],[9.01782,59.63126],[9.01384,59.63041]]]}},{"type":"Feature","properties":{"k":"current","n":"Vadbrue 2 masseuttak","a":40047,"ikraft":"2025-10-09","planid":"01202302","kommunenr":"3322"},"geometry":{"type":"Polygon","coordinates":[[[9.07405,60.55852],[9.0728,60.55853],[9.0726,60.55834],[9.07223,60.55825],[9.07361,60.55826],[9.07536,60.55798],[9.07629,60.55806],[9.07715,60.55861],[9.07722,60.55857],[9.07879,60.55969],[9.0787,60.55973],[9.07892,60.55991],[9.07897,60.5602],[9.07886,60.56047],[9.0786,60.56068],[9.07768,60.56094],[9.0769,60.56081],[9.07739,60.56015],[9.0773,60.55971],[9.07637,60.5591],[9.07616,60.55923],[9.07407,60.55917],[9.07431,60.55883],[9.07405,60.55852]]]}},{"type":"Feature","properties":{"k":"current","n":"Infiltrasjonsanlegg og masseuttak i Randsverk","a":178921,"ikraft":"2004-11-16","planid":"05152004005","kommunenr":"3435"},"geometry":{"type":"Polygon","coordinates":[[[9.09163,61.73188],[9.08909,61.7314],[9.08926,61.73124],[9.08881,61.73118],[9.08878,61.72993],[9.09081,61.72993],[9.09288,61.7297],[9.09474,61.72967],[9.0983,61.72912],[9.09962,61.72907],[9.10069,61.72924],[9.10181,61.72981],[9.1029,61.73017],[9.10221,61.73125],[9.10016,61.7315],[9.09925,61.73143],[9.09825,61.73151],[9.09701,61.73188],[9.09538,61.73198],[9.0938,61.73246],[9.09309,61.7324],[9.09263,61.73246],[9.0915,61.73197],[9.09163,61.73188]]]}},{"type":"Feature","properties":{"k":"current","n":"Ravneberget pukkverk","a":259673,"ikraft":"2018-09-06","planid":"2018003","kommunenr":"4201"},"geometry":{"type":"Polygon","coordinates":[[[9.10626,58.75489],[9.10483,58.7551],[9.10294,58.75559],[9.10032,58.75552],[9.09945,58.75533],[9.09896,58.75561],[9.09727,58.75489],[9.09682,58.7545],[9.09545,58.75419],[9.09509,58.75397],[9.09709,58.75361],[9.09896,58.75251],[9.09975,58.75222],[9.1023,58.75224],[9.10226,58.75211],[9.10399,58.75176],[9.10483,58.75146],[9.10499,58.75156],[9.10594,58.75103],[9.10707,58.75075],[9.10779,58.75095],[9.10881,58.75156],[9.1103,58.75285],[9.10975,58.75332],[9.10761,58.75411],[9.10716,58.75434],[9.10686,58.75477],[9.10626,58.75489]]]}},{"type":"Feature","properties":{"k":"current","n":"Masseuttak Lofthus","a":56933,"ikraft":"2012-09-13","planid":"2009005","kommunenr":"3336"},"geometry":{"type":"Polygon","coordinates":[[[9.11326,60.08496],[9.11099,60.08468],[9.10996,60.08444],[9.10902,60.08382],[9.10988,60.08336],[9.11106,60.08336],[9.11107,60.08303],[9.11182,60.08308],[9.11376,60.08273],[9.11419,60.08282],[9.11473,60.08225],[9.11552,60.08181],[9.11606,60.08201],[9.11499,60.08262],[9.11466,60.08302],[9.1141,60.08507],[9.11326,60.08496]]]}},{"type":"Feature","properties":{"k":"current","n":"Masseuttak Leinin","a":12891,"ikraft":"2012-09-13","planid":"2009003","kommunenr":"3336"},"geometry":{"type":"Polygon","coordinates":[[[9.12695,60.10707],[9.12748,60.1071],[9.12806,60.10673],[9.12849,60.10674],[9.1295,60.10805],[9.12871,60.10817],[9.12793,60.10763],[9.12611,60.10751],[9.12695,60.10707]]]}},{"type":"Feature","properties":{"k":"current","n":"Felles gjenvinningsstasjon for Bø og Sauherad kommuner","a":13394,"ikraft":"2017-10-19","planid":"10122016","kommunenr":"4020"},"geometry":{"type":"Polygon","coordinates":[[[9.13252,59.40502],[9.13246,59.40494],[9.13265,59.40478],[9.13277,59.40454],[9.13315,59.40424],[9.13523,59.40498],[9.13425,59.40575],[9.13252,59.40502]]]}},{"type":"Feature","properties":{"k":"current","n":"Rogndokken nærings- og renovasjonsområde","a":1119780,"ikraft":"2019-12-13","planid":"0543R121","kommunenr":"3452"},"geometry":{"type":"Polygon","coordinates":[[[9.14805,61.0536],[9.14744,61.05326],[9.14367,61.05336],[9.14294,61.05289],[9.14209,61.0515],[9.14375,61.04938],[9.14523,61.04828],[9.14611,61.04733],[9.1484,61.0462],[9.15015,61.04504],[9.15258,61.04483],[9.15497,61.04209],[9.15705,61.04048],[9.15873,61.04071],[9.1622,61.04089],[9.16377,61.04153],[9.16427,61.04364],[9.1629,61.04478],[9.16508,61.04878],[9.16463,61.04906],[9.16455,61.04868],[9.16324,61.04886],[9.16163,61.04968],[9.16086,61.05032],[9.15684,61.05275],[9.15297,61.0547],[9.15115,61.05434],[9.15047,61.05495],[9.14805,61.0536]]]}},{"type":"Feature","properties":{"k":"current","n":"Skårdalen Steinbrudd","a":88147,"ikraft":"2002-02-07","planid":"2002_01","kommunenr":"4018"},"geometry":{"type":"Polygon","coordinates":[[[9.15212,59.27293],[9.15273,59.27356],[9.15251,59.27364],[9.152,59.27313],[9.14825,59.2739],[9.14672,59.27354],[9.14636,59.27305],[9.14666,59.27152],[9.14729,59.27083],[9.14986,59.27037],[9.15212,59.27293]]]}},{"type":"Feature","properties":{"k":"current","n":"Åsstad masseuttak","a":24211,"ikraft":"2014-12-16","planid":"05152013004","kommunenr":"3435"},"geometry":{"type":"Polygon","coordinates":[[[9.19209,61.86748],[9.19138,61.8672],[9.19061,61.86733],[9.18948,61.86681],[9.19096,61.86588],[9.19334,61.86605],[9.19347,61.86635],[9.19326,61.86665],[9.19265,61.86726],[9.19209,61.86748]]]}},{"type":"Feature","properties":{"k":"current","n":"Spesialavfallsdeponi Roe 1.","a":10226,"ikraft":"1994-03-24","planid":"228","kommunenr":"4005"},"geometry":{"type":"Polygon","coordinates":[[[9.18713,59.56477],[9.18607,59.564],[9.18566,59.56388],[9.18444,59.56383],[9.18355,59.56393],[9.18345,59.56378],[9.18402,59.56368],[9.18413,59.56338],[9.18485,59.56332],[9.18449,59.56282],[9.18514,59.56343],[9.18622,59.56372],[9.18744,59.56436],[9.18737,59.56481],[9.18713,59.56477]]]}},{"type":"Feature","properties":{"k":"current","n":"Masseuttak Gvammen","a":35384,"ikraft":"2012-12-14","planid":"2009004","kommunenr":"3336"},"geometry":{"type":"Polygon","coordinates":[[[9.1911,60.04517],[9.19274,60.0456],[9.19361,60.04564],[9.19529,60.04548],[9.19533,60.04559],[9.19286,60.04576],[9.19284,60.04627],[9.19331,60.04663],[9.19293,60.04673],[9.19111,60.04617],[9.18918,60.04515],[9.18594,60.04615],[9.18479,60.04645],[9.18467,60.04635],[9.18644,60.04581],[9.18683,60.04498],[9.18846,60.04455],[9.18916,60.04497],[9.19005,60.04493],[9.1911,60.04517]]]}},{"type":"Feature","properties":{"k":"current","n":"Massedeponi Brøtaskogen","a":97767,"ikraft":"2023-03-23","planid":"2020001","kommunenr":"3451"},"geometry":{"type":"Polygon","coordinates":[[[9.20452,61.01425],[9.20479,61.01433],[9.20424,61.01485],[9.20751,61.01584],[9.20332,61.019],[9.2021,61.01854],[9.19971,61.01819],[9.20303,61.01527],[9.20452,61.01425]]]}},{"type":"Feature","properties":{"k":"current","n":"Mågetjønn steinbrudd","a":327536,"ikraft":"2014-06-12","planid":"06022012","kommunenr":"4020"},"geometry":{"type":"Polygon","coordinates":[[[9.20019,59.48501],[9.20007,59.48483],[9.20018,59.48463],[9.20113,59.48423],[9.20126,59.48423],[9.20122,59.48427],[9.20154,59.48416],[9.20218,59.48416],[9.2024,59.484],[9.20277,59.48387],[9.20344,59.48375],[9.20461,59.48332],[9.2051,59.48302],[9.20698,59.48236],[9.20754,59.48204],[9.20763,59.48191],[9.20778,59.48191],[9.20792,59.48213],[9.20789,59.48199],[9.20818,59.48172],[9.20816,59.48162],[9.20899,59.48097],[9.20896,59.48056],[9.20907,59.48041],[9.20969,59.48023],[9.21006,59.47998],[9.21073,59.4798],[9.21095,59.47964],[9.21605,59.48013],[9.21809,59.48005],[9.21716,59.48144],[9.21934,59.48169],[9.21913,59.48217],[9.21686,59.4822],[9.21337,59.48192],[9.21006,59.48355],[9.20855,59.48463],[9.20541,59.4865],[9.2041,59.48693],[9.20018,59.48677],[9.1989,59.48543],[9.20019,59.48501]]]}},{"type":"Feature","properties":{"k":"current","n":"Kippen Steinbrudd","a":34083,"ikraft":"2009-12-17","planid":"2009002","kommunenr":"3336"},"geometry":{"type":"Polygon","coordinates":[[[9.20658,60.06506],[9.20675,60.06457],[9.20638,60.06366],[9.20643,60.06253],[9.20727,60.06204],[9.2084,60.06276],[9.20823,60.06548],[9.20656,60.0653],[9.20658,60.06506]]]}},{"type":"Feature","properties":{"k":"current","n":"Bjorsåte masseuttak","a":341485,"ikraft":"2024-09-19","planid":"2022001","kommunenr":"3336"},"geometry":{"type":"Polygon","coordinates":[[[9.23818,60.02921],[9.23803,60.02919],[9.23938,60.0268],[9.23954,60.0268],[9.23971,60.02501],[9.24034,60.02399],[9.24192,60.02266],[9.24574,60.02021],[9.2474,60.0202],[9.25105,60.02166],[9.25099,60.0228],[9.25145,60.02362],[9.24943,60.0246],[9.24255,60.02723],[9.24195,60.02812],[9.23892,60.02834],[9.2386,60.02909],[9.23834,60.02906],[9.23818,60.02921]]]}},{"type":"Feature","properties":{"k":"current","n":"Reguleringsplan for Bjørndalen deponi","a":86876,"ikraft":"2016-06-16","planid":"2015_01","kommunenr":"4018"},"geometry":{"type":"Polygon","coordinates":[[[9.24892,59.29086],[9.24901,59.2902],[9.25064,59.29003],[9.24974,59.29055],[9.24927,59.291],[9.24895,59.29157],[9.2489,59.29224],[9.24841,59.29262],[9.24525,59.29396],[9.2422,59.29443],[9.24121,59.29311],[9.24892,59.29086]]]}},{"type":"Feature","properties":{"k":"current","n":"Ryntveit masseuttak","a":85363,"ikraft":"1999-10-14","planid":"07041999","kommunenr":"4020"},"geometry":{"type":"MultiPolygon","coordinates":[[[[9.26322,59.39115],[9.26185,59.39265],[9.26128,59.39308],[9.26089,59.39306],[9.26095,59.39289],[9.26087,59.39294],[9.26085,59.39327],[9.26126,59.3932],[9.26207,59.39254],[9.26322,59.39115]]],[[[9.26249,59.39359],[9.26308,59.39355],[9.2632,59.39293],[9.2637,59.39222],[9.26343,59.39234],[9.26304,59.39296],[9.26246,59.39336],[9.26253,59.39335],[9.26178,59.39355],[9.26065,59.3937],[9.26084,59.39384],[9.26249,59.39359]]],[[[9.26295,59.39093],[9.26325,59.39108],[9.26358,59.39014],[9.26295,59.39093]]],[[[9.2642,59.38951],[9.26387,59.38983],[9.26429,59.38945],[9.2642,59.38951]]],[[[9.26506,59.38862],[9.26526,59.38869],[9.26499,59.38852],[9.26506,59.38862]]],[[[9.26421,59.38898],[9.26469,59.38918],[9.26432,59.3889],[9.26421,59.38898]]],[[[9.27027,59.38986],[9.26746,59.38894],[9.26669,59.38914],[9.26743,59.38869],[9.26643,59.3886],[9.26602,59.38888],[9.26569,59.38884],[9.26665,59.38968],[9.26394,59.39104],[9.26365,59.39144],[9.26388,59.39166],[9.26526,59.3914],[9.26542,59.39153],[9.26525,59.39158],[9.26755,59.39133],[9.27097,59.3915],[9.2717,59.39137],[9.2717,59.39128],[9.27127,59.39137],[9.27107,59.39076],[9.27027,59.38986]]]]}},{"type":"Feature","properties":{"k":"current","n":"Svelgfoss nedlagte avfallsplass","a":112256,"ikraft":"1995-06-15","planid":"234","kommunenr":"4005"},"geometry":{"type":"Polygon","coordinates":[[[9.26751,59.59348],[9.2676,59.59234],[9.2695,59.59002],[9.27157,59.59018],[9.27328,59.59193],[9.27341,59.59229],[9.27433,59.59306],[9.27301,59.59337],[9.27314,59.59356],[9.27244,59.59364],[9.27238,59.59352],[9.27031,59.594],[9.26881,59.59417],[9.2688,59.59371],[9.26751,59.59348]]]}},{"type":"Feature","properties":{"k":"current","n":"Trøllåslie grustak","a":311274,"ikraft":"2004-06-24","planid":"U29","kommunenr":"3453"},"geometry":{"type":"Polygon","coordinates":[[[9.31798,61.16645],[9.31738,61.1665],[9.31543,61.16515],[9.31541,61.16492],[9.31486,61.16463],[9.31376,61.16308],[9.31007,61.16299],[9.31018,61.16283],[9.31066,61.16286],[9.31063,61.16273],[9.31023,61.1626],[9.3102,61.16248],[9.30958,61.1625],[9.30947,61.16243],[9.30968,61.1624],[9.30946,61.16236],[9.30899,61.1624],[9.309,61.16253],[9.308,61.1625],[9.30745,61.16271],[9.30726,61.16209],[9.30656,61.16177],[9.30697,61.16157],[9.3064,61.16138],[9.30614,61.16113],[9.30942,61.15905],[9.31195,61.15911],[9.31706,61.16075],[9.3182,61.16211],[9.31736,61.16254],[9.32093,61.16393],[9.32085,61.16625],[9.31798,61.16645]]]}},{"type":"Feature","properties":{"k":"current","n":"Tolstadmoen masseuttak","a":162249,"ikraft":"2014-12-16","planid":"05152014002","kommunenr":"3435"},"geometry":{"type":"Polygon","coordinates":[[[9.31529,61.80385],[9.31524,61.80376],[9.31472,61.80382],[9.3141,61.80259],[9.32173,61.8013],[9.32438,61.80118],[9.3281,61.80119],[9.33158,61.80168],[9.33433,61.80188],[9.33426,61.80265],[9.32831,61.80249],[9.3266,61.80254],[9.31529,61.80385]]]}},{"type":"Feature","properties":{"k":"current","n":"Leivstein vest steinbrudd","a":132572,"ikraft":"2014-04-24","planid":"335","kommunenr":"4005"},"geometry":{"type":"Polygon","coordinates":[[[9.30459,59.58485],[9.30509,59.58481],[9.30643,59.58502],[9.30846,59.58476],[9.30689,59.58516],[9.3069,59.5858],[9.31015,59.58724],[9.31152,59.58721],[9.31155,59.58846],[9.31019,59.58916],[9.30764,59.58918],[9.30415,59.58764],[9.30328,59.58563],[9.30459,59.58485]]]}},{"type":"Feature","properties":{"k":"current","n":"Juvike grustak","a":130425,"ikraft":"2013-03-21","planid":"0544201105","kommunenr":"3453"},"geometry":{"type":"Polygon","coordinates":[[[9.31461,61.08207],[9.31458,61.08175],[9.31512,61.08121],[9.31559,61.08096],[9.31598,61.08084],[9.31737,61.0806],[9.31905,61.08018],[9.31978,61.07989],[9.32028,61.07979],[9.32131,61.0798],[9.32322,61.07992],[9.32391,61.0799],[9.32722,61.08087],[9.32641,61.08165],[9.32374,61.08148],[9.32038,61.08242],[9.31476,61.08209],[9.31429,61.08235],[9.31356,61.0826],[9.31344,61.08276],[9.31355,61.08347],[9.3145,61.08428],[9.31472,61.08462],[9.31489,61.08509],[9.31484,61.08588],[9.31539,61.08664],[9.31526,61.08701],[9.31498,61.08732],[9.31484,61.08729],[9.31512,61.08698],[9.31524,61.08664],[9.3147,61.08589],[9.31467,61.08482],[9.31437,61.08432],[9.31342,61.08353],[9.31329,61.08276],[9.31345,61.08256],[9.31414,61.08232],[9.31461,61.08207]]]}},{"type":"Feature","properties":{"k":"current","n":"Goasholtmyra avfallsdeponi","a":269238,"ikraft":"1992-06-18","planid":"222","kommunenr":"4005"},"geometry":{"type":"MultiPolygon","coordinates":[[[[9.32272,59.5836],[9.32176,59.58361],[9.32183,59.5834],[9.32285,59.58347],[9.32272,59.5836]]],[[[9.32864,59.58438],[9.3267,59.58372],[9.32564,59.58353],[9.32602,59.58311],[9.32721,59.58304],[9.32725,59.58287],[9.32653,59.58248],[9.32679,59.58202],[9.3252,59.58211],[9.32653,59.58075],[9.33386,59.58109],[9.33503,59.58099],[9.33631,59.58114],[9.33667,59.58131],[9.33705,59.5812],[9.33895,59.58135],[9.33901,59.58195],[9.33837,59.58228],[9.33906,59.58251],[9.33916,59.58357],[9.33807,59.58376],[9.33724,59.58416],[9.33481,59.58418],[9.33041,59.58523],[9.32864,59.58438]]]]}},{"type":"Feature","properties":{"k":"current","n":"Masseuttak Sørlie","a":80079,"ikraft":"2005-04-05","planid":"05152005001","kommunenr":"3435"},"geometry":{"type":"Polygon","coordinates":[[[9.34271,61.79615],[9.34712,61.79643],[9.34858,61.79687],[9.34882,61.79757],[9.34843,61.79811],[9.34879,61.79834],[9.3478,61.79862],[9.34447,61.79878],[9.3418,61.79733],[9.34271,61.79615]]]}},{"type":"Feature","properties":{"k":"current","n":"Goasholt steinbrudd","a":199359,"ikraft":"2009-10-15","planid":"307","kommunenr":"4005"},"geometry":{"type":"Polygon","coordinates":[[[9.32387,59.58078],[9.32403,59.58064],[9.32503,59.58075],[9.32417,59.5804],[9.32391,59.57984],[9.32603,59.57795],[9.32966,59.57777],[9.33181,59.57788],[9.33638,59.57909],[9.3354,59.58102],[9.33143,59.58098],[9.32711,59.58071],[9.32656,59.58075],[9.32651,59.58066],[9.32502,59.58092],[9.32387,59.58078]]]}},{"type":"Feature","properties":{"k":"current","n":"Fossan masseuttak","a":107051,"ikraft":"2017-09-14","planid":"2015004","kommunenr":"3336"},"geometry":{"type":"Polygon","coordinates":[[[9.35179,59.9212],[9.35051,59.92243],[9.34935,59.92297],[9.34815,59.92304],[9.34893,59.92034],[9.34963,59.91926],[9.35043,59.91858],[9.35179,59.91777],[9.35272,59.91758],[9.355,59.9181],[9.35179,59.9212]]]}},{"type":"Feature","properties":{"k":"current","n":"Hagen masseuttak","a":117025,"ikraft":"2026-09-03","planid":"202405","kommunenr":"3451"},"geometry":{"type":"Polygon","coordinates":[[[9.36553,60.92846],[9.36525,60.92858],[9.36529,60.92819],[9.36515,60.92781],[9.36468,60.92727],[9.36243,60.92635],[9.36212,60.92609],[9.36299,60.9258],[9.36478,60.92469],[9.36572,60.92494],[9.36705,60.9245],[9.36752,60.9251],[9.37082,60.92816],[9.36888,60.92865],[9.36864,60.92841],[9.36665,60.92872],[9.36648,60.92855],[9.36642,60.92863],[9.3661,60.92844],[9.36583,60.92841],[9.36553,60.92846]]]}},{"type":"Feature","properties":{"k":"current","n":"Masseuttak Bakkerud","a":138875,"ikraft":"2018-03-22","planid":"2014002","kommunenr":"3334"},"geometry":{"type":"Polygon","coordinates":[[[9.36027,59.91299],[9.36224,59.90971],[9.36613,59.91119],[9.3649,59.91217],[9.36442,59.91234],[9.36387,59.91314],[9.36491,59.91407],[9.36422,59.91459],[9.36391,59.91503],[9.36235,59.91557],[9.36253,59.9158],[9.36236,59.91588],[9.36197,59.91573],[9.36167,59.91583],[9.36087,59.91577],[9.36068,59.91545],[9.36023,59.91531],[9.35952,59.91543],[9.35873,59.91525],[9.36085,59.9131],[9.36027,59.91299]]]}},{"type":"Feature","properties":{"k":"current","n":"Søre Moen masseuttak","a":136632,"ikraft":"2023-06-22","planid":"2022001","kommunenr":"3332"},"geometry":{"type":"Polygon","coordinates":[[[9.36597,60.23952],[9.36462,60.23921],[9.36412,60.23869],[9.36332,60.23848],[9.36307,60.23759],[9.36239,60.23692],[9.36135,60.23647],[9.36132,60.23599],[9.36076,60.23578],[9.36024,60.23647],[9.3611,60.23483],[9.36113,60.23519],[9.36131,60.23528],[9.36217,60.23521],[9.3621,60.23581],[9.36316,60.23675],[9.36786,60.23701],[9.36854,60.23754],[9.36783,60.23895],[9.37056,60.23958],[9.3715,60.24011],[9.37288,60.24058],[9.37056,60.24183],[9.36899,60.24144],[9.36921,60.24071],[9.36903,60.2405],[9.36745,60.24048],[9.36737,60.24001],[9.36688,60.2396],[9.36662,60.23948],[9.36597,60.23952]]]}},{"type":"Feature","properties":{"k":"current","n":"Kopseng steinbrudd","a":75285,"ikraft":"2017-04-27","planid":"2015003","kommunenr":"3332"},"geometry":{"type":"Polygon","coordinates":[[[9.39052,60.19278],[9.39159,60.19452],[9.39196,60.19608],[9.38772,60.19703],[9.3869,60.19637],[9.38912,60.19336],[9.3905,60.193],[9.39038,60.1928],[9.39052,60.19278]]]}},{"type":"Feature","properties":{"k":"current","n":"Kippen_Steinbrudd","a":9663,"ikraft":"2017-09-21","planid":"2016004","kommunenr":"3334"},"geometry":{"type":"Polygon","coordinates":[[[9.39678,59.84491],[9.39585,59.84461],[9.39531,59.84417],[9.39684,59.84376],[9.3971,59.84425],[9.39766,59.84438],[9.39762,59.84452],[9.39792,59.8447],[9.39678,59.84491]]]}},{"type":"Feature","properties":{"k":"current","n":"Detaljregulering for Bjorstaddalen avfallsanlegg","a":322143,"ikraft":"2020-12-11","planid":"2019008","kommunenr":"4003"},"geometry":{"type":"Polygon","coordinates":[[[9.4862,59.13054],[9.48652,59.13025],[9.487,59.13036],[9.48671,59.13079],[9.48673,59.1318],[9.48741,59.1323],[9.48707,59.13313],[9.48694,59.13376],[9.48351,59.13417],[9.48339,59.13358],[9.47957,59.13391],[9.47915,59.13313],[9.47787,59.13332],[9.47731,59.13334],[9.4772,59.13328],[9.47635,59.13332],[9.4732,59.13362],[9.47303,59.1337],[9.47281,59.13368],[9.47278,59.13357],[9.47178,59.13335],[9.47071,59.13346],[9.46668,59.13315],[9.46494,59.13228],[9.46425,59.13136],[9.47641,59.13103],[9.48028,59.13137],[9.48066,59.13162],[9.4813,59.13171],[9.48268,59.13158],[9.48373,59.13137],[9.48549,59.13091],[9.4862,59.13054]]]}},{"type":"Feature","properties":{"k":"current","n":"Detaljreguleringsplan masseuttak ved Sprentjern - BKB - BSM/BVA/BL Turufjell","a":39246,"ikraft":"2018-05-31","planid":"2017003","kommunenr":"3320"},"geometry":{"type":"Polygon","coordinates":[[[9.48534,60.45392],[9.48527,60.45415],[9.48543,60.45443],[9.48526,60.45446],[9.48492,60.45405],[9.48459,60.45416],[9.48352,60.45402],[9.48147,60.45268],[9.4825,60.45204],[9.48419,60.45196],[9.48527,60.45259],[9.48614,60.45366],[9.48534,60.45392]]]}},{"type":"Feature","properties":{"k":"current","n":"Reguleringsplan for nytt masseuttaksområde på Sandbumoen","a":274923,"ikraft":"2016-06-20","planid":"05170218","kommunenr":"3437"},"geometry":{"type":"Polygon","coordinates":[[[9.55276,61.7213],[9.55141,61.72107],[9.54762,61.72077],[9.54615,61.72033],[9.54605,61.72021],[9.54505,61.72019],[9.54487,61.72051],[9.54412,61.72003],[9.5438,61.72007],[9.54347,61.7204],[9.5429,61.7202],[9.54335,61.71894],[9.5446,61.71781],[9.55181,61.71456],[9.55376,61.71465],[9.55348,61.71569],[9.55354,61.72144],[9.55276,61.7213]]]}},{"type":"Feature","properties":{"k":"current","n":"Reguleringsplan for Bjørndalen pukkverk","a":237007,"ikraft":"2002-06-20","planid":"808","kommunenr":"4003"},"geometry":{"type":"Polygon","coordinates":[[[9.54374,59.25913],[9.54346,59.2591],[9.54178,59.25956],[9.54185,59.26049],[9.54108,59.25992],[9.54079,59.25871],[9.54025,59.25793],[9.53912,59.25796],[9.53811,59.25784],[9.53751,59.25759],[9.53592,59.25645],[9.53699,59.2555],[9.53825,59.25365],[9.53887,59.2533],[9.53993,59.25297],[9.54144,59.25286],[9.5424,59.25296],[9.54358,59.25333],[9.54392,59.25366],[9.54413,59.2546],[9.54342,59.2568],[9.54458,59.25831],[9.54374,59.25913]]]}},{"type":"Feature","properties":{"k":"current","n":"Detaljregulering for del av gbnr. 202/2 m.m. - Grenland Massegjenvinning","a":160910,"planid":"2023002","kommunenr":"4003"},"geometry":{"type":"Polygon","coordinates":[[[9.55266,59.15671],[9.55291,59.15718],[9.5532,59.15709],[9.5537,59.15749],[9.55454,59.15722],[9.55375,59.15626],[9.55383,59.15607],[9.55529,59.15789],[9.55698,59.15908],[9.55597,59.15946],[9.55502,59.15912],[9.55463,59.15912],[9.55265,59.15987],[9.5514,59.16062],[9.54961,59.16075],[9.54884,59.16054],[9.54864,59.15974],[9.54754,59.15968],[9.54866,59.15823],[9.54721,59.15732],[9.54909,59.15603],[9.55041,59.15658],[9.55048,59.15675],[9.55266,59.15671]]]}},{"type":"Feature","properties":{"k":"current","n":"Reguleringsplan for Hyni pukkverk i Gjerpen","a":96361,"ikraft":"1985-06-27","planid":"536","kommunenr":"4003"},"geometry":{"type":"Polygon","coordinates":[[[9.55768,59.23084],[9.55591,59.23057],[9.55488,59.23061],[9.55368,59.23172],[9.55385,59.2319],[9.55372,59.23223],[9.55402,59.23242],[9.55419,59.23295],[9.55474,59.23338],[9.55398,59.23315],[9.55395,59.23335],[9.55423,59.23333],[9.55503,59.23357],[9.55596,59.23418],[9.55683,59.23366],[9.55726,59.23361],[9.55809,59.23371],[9.55905,59.23339],[9.55962,59.23267],[9.55892,59.23188],[9.5597,59.2311],[9.55761,59.23052],[9.55803,59.23106],[9.55768,59.23084]],[[9.55825,59.23136],[9.55847,59.23235],[9.55802,59.23195],[9.55803,59.23107],[9.55825,59.23136]]]}},{"type":"Feature","properties":{"k":"current","n":"Sandbæk Grustak","a":174042,"ikraft":"2011-04-07","planid":"2011001","kommunenr":"3334"},"geometry":{"type":"Polygon","coordinates":[[[9.56614,59.81542],[9.56729,59.81496],[9.56689,59.81552],[9.56802,59.81632],[9.56792,59.81722],[9.56844,59.81737],[9.56901,59.81734],[9.57015,59.81853],[9.56801,59.82119],[9.56226,59.8198],[9.56283,59.81819],[9.56372,59.81695],[9.56461,59.81624],[9.56614,59.81542]]]}},{"type":"Feature","properties":{"k":"current","n":"Reguleringsplan for Skien pukkverk, Skutvikåsen","a":392160,"ikraft":"2010-04-29","planid":"967","kommunenr":"4003"},"geometry":{"type":"Polygon","coordinates":[[[9.56781,59.12604],[9.56749,59.12535],[9.56681,59.12528],[9.56603,59.12504],[9.56577,59.12471],[9.56548,59.12452],[9.5655,59.12444],[9.56619,59.12419],[9.56862,59.12301],[9.5704,59.12225],[9.57144,59.12137],[9.57117,59.12135],[9.57182,59.12064],[9.57189,59.12042],[9.57226,59.12039],[9.57251,59.12026],[9.57254,59.12016],[9.5728,59.12014],[9.57806,59.11875],[9.57853,59.11907],[9.57886,59.11895],[9.57899,59.11899],[9.5795,59.11892],[9.57986,59.11879],[9.58029,59.11885],[9.58078,59.11879],[9.58103,59.11885],[9.58124,59.11873],[9.58153,59.11883],[9.58144,59.11894],[9.58158,59.11904],[9.58186,59.11899],[9.58194,59.12346],[9.58137,59.12331],[9.58074,59.12326],[9.57963,59.12329],[9.57867,59.12339],[9.57684,59.12387],[9.57316,59.1245],[9.56927,59.12572],[9.56781,59.12604]]]}},{"type":"Feature","properties":{"k":"current","n":"Skyggestein grustak","a":608378,"ikraft":"2013-10-31","planid":"2013993","kommunenr":"4003"},"geometry":{"type":"MultiPolygon","coordinates":[[[[9.56176,59.1753],[9.56486,59.17424],[9.56724,59.17365],[9.56591,59.17277],[9.56532,59.17211],[9.56379,59.17218],[9.56117,59.17275],[9.5606,59.1743],[9.55986,59.17483],[9.55941,59.17556],[9.56176,59.1753]]],[[[9.56244,59.17613],[9.55946,59.17662],[9.55963,59.17714],[9.56067,59.17781],[9.56201,59.17821],[9.56294,59.17836],[9.56361,59.17825],[9.56461,59.17777],[9.56548,59.17771],[9.56581,59.17793],[9.56617,59.17872],[9.56671,59.18066],[9.5671,59.18062],[9.56727,59.18119],[9.56936,59.18035],[9.56871,59.1794],[9.56835,59.17843],[9.56833,59.1751],[9.56805,59.17444],[9.5648,59.17534],[9.56244,59.17613]]],[[[9.57109,59.17384],[9.5714,59.17396],[9.57126,59.17406],[9.57469,59.17488],[9.57637,59.17561],[9.57879,59.17553],[9.5802,59.17628],[9.57947,59.17683],[9.57796,59.1775],[9.57684,59.17873],[9.57799,59.18035],[9.57812,59.18106],[9.57796,59.1823],[9.57821,59.18243],[9.57608,59.18256],[9.57507,59.18246],[9.57389,59.18219],[9.57419,59.18187],[9.57248,59.18118],[9.57086,59.17984],[9.57011,59.17837],[9.5701,59.17614],[9.57091,59.17607],[9.57123,59.17597],[9.57123,59.17579],[9.5701,59.17595],[9.57007,59.17497],[9.56975,59.17421],[9.57109,59.17384]]]]}},{"type":"Feature","properties":{"k":"current","n":"Svene pukkverk","a":347443,"ikraft":"2015-11-12","planid":"2014005","kommunenr":"3334"},"geometry":{"type":"Polygon","coordinates":[[[9.58499,59.77458],[9.58762,59.77531],[9.58792,59.77529],[9.5889,59.7738],[9.5891,59.77384],[9.58766,59.77641],[9.58684,59.777],[9.58669,59.7769],[9.58768,59.77562],[9.58575,59.77644],[9.5855,59.77688],[9.58476,59.77734],[9.58361,59.77693],[9.58086,59.77652],[9.57906,59.77744],[9.57799,59.77689],[9.57635,59.77532],[9.57606,59.7745],[9.57632,59.7737],[9.57659,59.77124],[9.57627,59.76942],[9.57651,59.7686],[9.57776,59.76851],[9.58025,59.7686],[9.58072,59.76923],[9.58117,59.77236],[9.58191,59.77315],[9.58236,59.77335],[9.58326,59.77331],[9.58403,59.77381],[9.58433,59.77442],[9.58499,59.77458]]]}},{"type":"Feature","properties":{"k":"current","n":"Mindre endring av reguleringsplan for boliger i steinbruddet ved Myren med tilstøtende områder","a":1785,"ikraft":"2009-06-22","planid":"937","kommunenr":"4003"},"geometry":{"type":"Polygon","coordinates":[[[9.58573,59.20305],[9.58509,59.20295],[9.58551,59.20263],[9.58569,59.20256],[9.5862,59.20253],[9.58608,59.2027],[9.58594,59.20267],[9.58573,59.20305]]]}},{"type":"Feature","properties":{"k":"current","n":"Reguleringsplan for boliger i Steinbruddet ved Myren med tilstøtende områder","a":15953,"ikraft":"2007-05-31","planid":"886","kommunenr":"4003"},"geometry":{"type":"Polygon","coordinates":[[[9.58569,59.20256],[9.58536,59.20271],[9.58509,59.20295],[9.58573,59.20305],[9.58547,59.20318],[9.58531,59.20313],[9.5851,59.20329],[9.58443,59.20313],[9.585,59.20293],[9.58531,59.20266],[9.58567,59.20251],[9.58515,59.2023],[9.58454,59.20221],[9.58397,59.20201],[9.58444,59.20183],[9.5857,59.2017],[9.5865,59.20168],[9.58686,59.20176],[9.5872,59.202],[9.58729,59.20228],[9.58675,59.20286],[9.58608,59.2027],[9.5862,59.20253],[9.58569,59.20256]]]}},{"type":"Feature","properties":{"k":"current","n":"Langeidfoss vest Pukkverk","a":152699,"ikraft":"2017-11-15","planid":"495R","kommunenr":"3303"},"geometry":{"type":"Polygon","coordinates":[[[9.5915,59.72174],[9.58787,59.7217],[9.58705,59.72149],[9.58649,59.7212],[9.58604,59.72051],[9.58644,59.71951],[9.5868,59.71916],[9.58863,59.71818],[9.58918,59.71807],[9.59085,59.71808],[9.59088,59.71771],[9.59115,59.71758],[9.59153,59.71764],[9.5931,59.71843],[9.59408,59.71935],[9.59403,59.72063],[9.5915,59.72174]]]}},{"type":"Feature","properties":{"k":"current","n":"Masseuttak Haugen","a":63332,"ikraft":"2005-09-22","planid":"2005003","kommunenr":"3334"},"geometry":{"type":"Polygon","coordinates":[[[9.58596,59.75934],[9.5859,59.75732],[9.58821,59.75654],[9.58855,59.75616],[9.58899,59.75596],[9.59037,59.75827],[9.59036,59.75902],[9.5892,59.7589],[9.58673,59.75904],[9.58614,59.7607],[9.58596,59.75934]]]}},{"type":"Feature","properties":{"k":"current","n":"Espelibygda masseuttak","a":46882,"ikraft":"2023-09-28","planid":"20190140","kommunenr":"3450"},"geometry":{"type":"Polygon","coordinates":[[[9.62574,60.91624],[9.62653,60.91673],[9.62687,60.91632],[9.62957,60.91674],[9.62908,60.91738],[9.62857,60.91754],[9.62793,60.91755],[9.62714,60.91792],[9.62516,60.91793],[9.62417,60.91767],[9.62316,60.91755],[9.62286,60.91732],[9.62398,60.91675],[9.62483,60.91601],[9.62524,60.91607],[9.62539,60.91552],[9.62539,60.9161],[9.62587,60.91617],[9.62574,60.91624]]]}},{"type":"Feature","properties":{"k":"current","n":"Detaljregulering for Granmo Massegjenvinning","a":31743,"planid":"2013011","kommunenr":"4003"},"geometry":{"type":"Polygon","coordinates":[[[9.62116,59.16418],[9.62252,59.16589],[9.62068,59.1662],[9.62122,59.16607],[9.6187,59.16551],[9.61767,59.16497],[9.62116,59.16418]]]}},{"type":"Feature","properties":{"k":"current","n":"Gomsrud Snødeponi","a":37781,"ikraft":"2020-10-14","planid":"521R","kommunenr":"3303"},"geometry":{"type":"Polygon","coordinates":[[[9.66339,59.63362],[9.66162,59.63352],[9.66188,59.63215],[9.66314,59.63217],[9.66341,59.63144],[9.66494,59.63101],[9.66629,59.63163],[9.66497,59.63216],[9.6637,59.63364],[9.66339,59.63362]]]}},{"type":"Feature","properties":{"k":"current","n":"Tukudalen pukkverk","a":109637,"ikraft":"2018-10-25","planid":"2012008","kommunenr":"3332"},"geometry":{"type":"Polygon","coordinates":[[[9.67785,60.06242],[9.67373,60.06189],[9.67161,60.06069],[9.67176,60.05851],[9.67312,60.05819],[9.67372,60.05777],[9.67442,60.05789],[9.67475,60.05842],[9.67746,60.06098],[9.67807,60.06078],[9.67772,60.06149],[9.67785,60.06242]]]}},{"type":"Feature","properties":{"k":"current","n":"Deponi for rene masser i Pasadalen","a":102844,"ikraft":"2022-09-08","planid":"645","kommunenr":"4001"},"geometry":{"type":"Polygon","coordinates":[[[9.67946,59.11923],[9.67959,59.11936],[9.67985,59.11946],[9.68082,59.11947],[9.68083,59.11974],[9.68113,59.11973],[9.68116,59.1199],[9.68175,59.11992],[9.68196,59.11973],[9.68282,59.11995],[9.68259,59.1202],[9.68366,59.12107],[9.68304,59.12137],[9.68267,59.12169],[9.68241,59.12237],[9.68223,59.12253],[9.68117,59.12244],[9.68076,59.12307],[9.68063,59.1235],[9.67992,59.12436],[9.67909,59.12403],[9.67823,59.1238],[9.67894,59.12268],[9.67926,59.12151],[9.67949,59.12133],[9.6792,59.12093],[9.6792,59.12055],[9.67872,59.11995],[9.67866,59.11891],[9.67901,59.11788],[9.67888,59.11783],[9.6799,59.11715],[9.68056,59.11687],[9.68095,59.11713],[9.68068,59.11729],[9.68011,59.11747],[9.6797,59.118],[9.67946,59.11923]]]}},{"type":"Feature","properties":{"k":"current","n":"Garastølen masseuttak","a":23417,"ikraft":"2024-08-29","planid":"20190139","kommunenr":"3450"},"geometry":{"type":"Polygon","coordinates":[[[9.7197,60.96488],[9.72001,60.96514],[9.71939,60.96531],[9.71922,60.96549],[9.71881,60.96542],[9.71727,60.96558],[9.71567,60.96549],[9.71535,60.96534],[9.71545,60.96468],[9.71583,60.96457],[9.71871,60.96451],[9.71887,60.96479],[9.71954,60.96471],[9.7197,60.96488]]]}},{"type":"Feature","properties":{"k":"current","n":"Reguleringsplan for Damåsen pukkverk","a":454956,"ikraft":"2008-10-15","planid":"0574","kommunenr":"3314"},"geometry":{"type":"Polygon","coordinates":[[[9.7168,59.67584],[9.71697,59.67574],[9.71731,59.67522],[9.71756,59.67504],[9.71828,59.67475],[9.71875,59.67437],[9.71965,59.67417],[9.72024,59.67375],[9.7208,59.67351],[9.72022,59.67273],[9.71897,59.67179],[9.71881,59.67158],[9.71882,59.67132],[9.71939,59.67142],[9.71975,59.67104],[9.72013,59.67102],[9.72262,59.67137],[9.72928,59.67255],[9.73323,59.67384],[9.73359,59.67404],[9.73287,59.67524],[9.73297,59.67549],[9.73213,59.67579],[9.73189,59.67596],[9.73196,59.67611],[9.73297,59.67646],[9.73296,59.67678],[9.73249,59.67722],[9.73166,59.67737],[9.7313,59.67723],[9.73067,59.67742],[9.72964,59.67749],[9.72929,59.67743],[9.72901,59.67717],[9.7286,59.67715],[9.728,59.67718],[9.72704,59.67744],[9.72657,59.67747],[9.72513,59.67723],[9.72306,59.6766],[9.72231,59.67656],[9.72021,59.67681],[9.71963,59.677],[9.71877,59.67742],[9.71656,59.67684],[9.71657,59.67591],[9.7168,59.67584]]]}},{"type":"Feature","properties":{"k":"current","n":"Redalen Pukkverk","a":359629,"ikraft":"2019-06-13","planid":"91","kommunenr":"3318"},"geometry":{"type":"Polygon","coordinates":[[[9.74012,60.17731],[9.74076,60.17794],[9.74207,60.17796],[9.74307,60.17839],[9.74333,60.17868],[9.74303,60.17933],[9.74324,60.18096],[9.74465,60.18227],[9.74483,60.18277],[9.74318,60.18331],[9.73965,60.18326],[9.73935,60.18451],[9.73464,60.18456],[9.73249,60.18121],[9.73882,60.1776],[9.73885,60.17567],[9.73931,60.17548],[9.74002,60.17589],[9.74042,60.17716],[9.74012,60.17731]]]}},{"type":"Feature","properties":{"k":"current","n":"Masseuttak Hedalen","a":33883,"ikraft":"1997-05-15","planid":"0540R022","kommunenr":"3449"},"geometry":{"type":"Polygon","coordinates":[[[9.73469,60.6018],[9.73446,60.60094],[9.73571,60.60015],[9.73804,60.6009],[9.73784,60.60137],[9.73798,60.60212],[9.7369,60.60231],[9.73474,60.60201],[9.73469,60.6018]]]}},{"type":"Feature","properties":{"k":"current","n":"Reguleringsplan for Hokksund pukkverk omregulering","a":477392,"ikraft":"2008-10-15","planid":"0554-1","kommunenr":"3314"},"geometry":{"type":"Polygon","coordinates":[[[9.81447,59.8002],[9.81884,59.79951],[9.8194,59.79979],[9.81959,59.80022],[9.82024,59.80071],[9.82037,59.80115],[9.82247,59.80119],[9.82428,59.80099],[9.82744,59.79961],[9.82948,59.80038],[9.82947,59.80075],[9.82903,59.80083],[9.82924,59.80178],[9.8296,59.80177],[9.83109,59.80228],[9.83241,59.80226],[9.83205,59.80297],[9.83109,59.80366],[9.8287,59.80367],[9.82583,59.8039],[9.81951,59.80473],[9.81504,59.80501],[9.80943,59.80578],[9.80705,59.80365],[9.81111,59.80328],[9.81631,59.80233],[9.81447,59.8002]]]}},{"type":"Feature","properties":{"k":"current","n":"Kjennskogen masseuttak","a":164301,"ikraft":"2022-10-20","planid":"1120","kommunenr":"4001"},"geometry":{"type":"Polygon","coordinates":[[[9.8131,59.06581],[9.81431,59.0643],[9.81507,59.06297],[9.81811,59.06367],[9.82025,59.06364],[9.82148,59.06324],[9.82191,59.06329],[9.82216,59.0635],[9.82155,59.06538],[9.8191,59.06627],[9.82042,59.06637],[9.82345,59.06604],[9.82349,59.06594],[9.82549,59.06635],[9.82578,59.06625],[9.8253,59.06677],[9.82532,59.06647],[9.82337,59.06619],[9.82063,59.06654],[9.81891,59.06655],[9.81675,59.06693],[9.81406,59.06705],[9.8136,59.06681],[9.81374,59.06605],[9.8131,59.06581]]]}},{"type":"Feature","properties":{"k":"current","n":"Masseuttak Stenseth","a":121397,"ikraft":"2020-12-09","planid":"0687","kommunenr":"3314"},"geometry":{"type":"Polygon","coordinates":[[[9.83178,59.80312],[9.83254,59.80234],[9.83304,59.8023],[9.83235,59.80306],[9.83208,59.80375],[9.83235,59.80505],[9.83367,59.80636],[9.83382,59.80668],[9.83314,59.80675],[9.83247,59.8065],[9.83187,59.8061],[9.8262,59.80658],[9.82516,59.80396],[9.8287,59.80367],[9.83109,59.80366],[9.83178,59.80312]]]}},{"type":"Feature","properties":{"k":"current","n":"MASSEUTTAK KLØFTEFOSS","a":281640,"ikraft":"2008-12-12","planid":"2008006","kommunenr":"3316"},"geometry":{"type":"Polygon","coordinates":[[[9.83272,60.08525],[9.83575,60.08453],[9.83795,60.08377],[9.83974,60.08246],[9.83884,60.08209],[9.83858,60.08138],[9.83975,60.08062],[9.83922,60.08017],[9.83998,60.07971],[9.84202,60.08051],[9.8442,60.08077],[9.85035,60.08016],[9.8507,60.08033],[9.84526,60.08319],[9.84062,60.08583],[9.83881,60.08662],[9.83272,60.08525]]]}},{"type":"Feature","properties":{"k":"current","n":"Bassebo steinbrudd","a":195235,"ikraft":"2013-06-13","planid":"1110","kommunenr":"4001"},"geometry":{"type":"Polygon","coordinates":[[[9.83408,59.06484],[9.83417,59.06453],[9.834,59.06448],[9.83385,59.06381],[9.83386,59.06324],[9.83351,59.06292],[9.83345,59.0626],[9.83396,59.06177],[9.83385,59.0617],[9.83392,59.06154],[9.83381,59.06125],[9.83362,59.06109],[9.83377,59.06081],[9.8338,59.05869],[9.83629,59.05864],[9.83675,59.06018],[9.83555,59.06207],[9.83686,59.06341],[9.83913,59.06327],[9.84015,59.06429],[9.8405,59.06533],[9.84057,59.0661],[9.84023,59.06704],[9.83832,59.06712],[9.83571,59.06626],[9.83593,59.06536],[9.83408,59.06484]]]}},{"type":"Feature","properties":{"k":"current","n":"Ny adkomst til Bassebo steinbrudd","a":28922,"ikraft":"2021-06-10","planid":"1116","kommunenr":"4001"},"geometry":{"type":"Polygon","coordinates":[[[9.83214,59.0672],[9.83195,59.06714],[9.83173,59.06684],[9.83103,59.06633],[9.83066,59.06572],[9.82993,59.06516],[9.82978,59.06458],[9.83003,59.06427],[9.83023,59.06371],[9.82993,59.06398],[9.82982,59.06395],[9.83062,59.06301],[9.83073,59.06303],[9.83033,59.0636],[9.83038,59.06378],[9.83016,59.06429],[9.82992,59.06458],[9.82993,59.06481],[9.83009,59.06517],[9.8308,59.0657],[9.83116,59.0663],[9.83185,59.0668],[9.83207,59.0671],[9.83219,59.06712],[9.83228,59.0663],[9.83248,59.06587],[9.83308,59.06523],[9.83349,59.06508],[9.83394,59.06481],[9.83353,59.06472],[9.8328,59.06263],[9.83348,59.06135],[9.83297,59.06089],[9.83298,59.06076],[9.83261,59.0602],[9.83241,59.06019],[9.83221,59.06039],[9.83194,59.06048],[9.83172,59.06091],[9.8315,59.06042],[9.83094,59.05962],[9.83154,59.06041],[9.83175,59.06008],[9.83259,59.05986],[9.83302,59.05994],[9.83324,59.06007],[9.83334,59.06021],[9.83335,59.06074],[9.83381,59.06125],[9.83392,59.06154],[9.83385,59.0617],[9.83396,59.06177],[9.83345,59.0626],[9.83351,59.06292],[9.83386,59.06324],[9.83385,59.06381],[9.834,59.06448],[9.83417,59.06453],[9.83415,59.06475],[9.83361,59.06512],[9.83319,59.06527],[9.83278,59.06568],[9.83243,59.06627],[9.83232,59.06677],[9.83239,59.0671],[9.83214,59.0672]]]}},{"type":"Feature","properties":{"k":"current","n":"Reguleringsplan Krøkla grustak","a":86760,"ikraft":"2004-05-06","planid":"051920040002","kommunenr":"3438"},"geometry":{"type":"Polygon","coordinates":[[[9.90208,61.67305],[9.90216,61.67012],[9.90718,61.67015],[9.90711,61.67308],[9.90208,61.67305]]]}},{"type":"Feature","properties":{"k":"current","n":"Krøkla grustak","a":86673,"ikraft":"2004-02-19","planid":"051620040001","kommunenr":"3436"},"geometry":{"type":"Polygon","coordinates":[[[9.90514,61.67012],[9.90717,61.67013],[9.90713,61.67306],[9.90212,61.67304],[9.90216,61.67011],[9.90514,61.67012]]]}},{"type":"Feature","properties":{"k":"current","n":"Rundåsen pukkverk","a":198707,"ikraft":"2015-04-13","planid":"201334","kommunenr":"3909"},"geometry":{"type":"Polygon","coordinates":[[[9.84987,59.30875],[9.84915,59.30823],[9.84784,59.30773],[9.84797,59.30762],[9.84743,59.30724],[9.84744,59.30701],[9.84785,59.30654],[9.84771,59.30657],[9.8477,59.30625],[9.84686,59.30506],[9.84636,59.30321],[9.84713,59.30309],[9.84922,59.30321],[9.85122,59.30373],[9.85167,59.30459],[9.8513,59.30504],[9.85113,59.30562],[9.85207,59.30626],[9.85329,59.30648],[9.85484,59.30642],[9.85564,59.30629],[9.85587,59.30711],[9.85556,59.3075],[9.85525,59.30752],[9.85514,59.30763],[9.85521,59.30786],[9.85564,59.30807],[9.85435,59.30903],[9.85363,59.30918],[9.85263,59.30908],[9.85193,59.30865],[9.84959,59.30832],[9.8502,59.30878],[9.85006,59.30885],[9.84987,59.30875]]]}},{"type":"Feature","properties":{"k":"current","n":"Snarum Pukkverk","a":139476,"ikraft":"2014-09-22","planid":"2014004","kommunenr":"3316"},"geometry":{"type":"Polygon","coordinates":[[[9.86015,60.06156],[9.85996,60.06158],[9.85976,60.06125],[9.85918,60.05994],[9.85913,60.05947],[9.85951,60.05942],[9.85978,60.06002],[9.86037,60.05978],[9.86056,60.05951],[9.86084,60.05955],[9.86095,60.06007],[9.86191,60.06032],[9.86285,60.06023],[9.86334,60.06028],[9.86372,60.0605],[9.86387,60.06146],[9.86447,60.06151],[9.865,60.06174],[9.86652,60.0618],[9.86674,60.06192],[9.86689,60.06222],[9.86656,60.06405],[9.86587,60.06467],[9.86499,60.06482],[9.8623,60.0648],[9.86213,60.06411],[9.86146,60.06318],[9.86065,60.06152],[9.86015,60.06156]]]}},{"type":"Feature","properties":{"k":"current","n":"Grustak, Begnadalen","a":31879,"ikraft":"1992-11-26","planid":"0540R016","kommunenr":"3449"},"geometry":{"type":"Polygon","coordinates":[[[9.88521,60.63595],[9.88518,60.63586],[9.88584,60.63557],[9.8886,60.63477],[9.88993,60.63516],[9.88904,60.6358],[9.88649,60.63689],[9.88593,60.63686],[9.88552,60.63671],[9.88524,60.63642],[9.88521,60.63595]]]}},{"type":"Feature","properties":{"k":"current","n":"Detaljplan for masseuttak Hoensmarka","a":451243,"ikraft":"2013-02-20","planid":"0642","kommunenr":"3314"},"geometry":{"type":"Polygon","coordinates":[[[9.87861,59.78627],[9.87851,59.78631],[9.87851,59.78518],[9.87869,59.78522],[9.87869,59.78563],[9.87915,59.78563],[9.87916,59.78553],[9.88022,59.78554],[9.88002,59.78485],[9.87962,59.78412],[9.87962,59.78382],[9.8798,59.78354],[9.8802,59.78355],[9.88047,59.78302],[9.88111,59.78301],[9.88095,59.78257],[9.88137,59.78245],[9.88198,59.78267],[9.88232,59.78257],[9.88246,59.78259],[9.88274,59.78301],[9.8838,59.78392],[9.88558,59.78466],[9.88795,59.78493],[9.88848,59.78549],[9.8893,59.78751],[9.88962,59.788],[9.89156,59.78802],[9.89238,59.78837],[9.89392,59.78836],[9.8941,59.78854],[9.89389,59.78925],[9.893,59.79035],[9.89205,59.79115],[9.89169,59.79134],[9.89,59.79266],[9.88876,59.79232],[9.88789,59.79229],[9.88753,59.79221],[9.88689,59.7918],[9.88618,59.79058],[9.88626,59.79019],[9.88592,59.78979],[9.88498,59.78908],[9.88282,59.78888],[9.88029,59.78896],[9.87998,59.7883],[9.8792,59.78768],[9.87961,59.78761],[9.87896,59.78663],[9.87921,59.78663],[9.87914,59.786],[9.87865,59.78594],[9.87861,59.78627]]]}},{"type":"Feature","properties":{"k":"current","n":"Reguleringsplan for Burud fyllplass","a":146151,"ikraft":"1978-10-30","planid":"0031","kommunenr":"3314"},"geometry":{"type":"Polygon","coordinates":[[[9.8879,59.81108],[9.88819,59.81112],[9.88834,59.81159],[9.88826,59.81281],[9.88895,59.81282],[9.88895,59.81315],[9.88823,59.81474],[9.88749,59.81485],[9.88747,59.81439],[9.88662,59.81452],[9.88584,59.8139],[9.88589,59.81319],[9.88617,59.81275],[9.88571,59.81234],[9.88312,59.81181],[9.88207,59.81177],[9.88153,59.81244],[9.88211,59.81146],[9.88208,59.81006],[9.88233,59.80896],[9.88588,59.80868],[9.88598,59.80914],[9.88636,59.80913],[9.88736,59.81017],[9.88721,59.8102],[9.8879,59.81108]]]}},{"type":"Feature","properties":{"k":"current","n":"Reguleringsplan for Burud Pukkverk","a":766091,"ikraft":"1988-06-30","planid":"0094","kommunenr":"3314"},"geometry":{"type":"Polygon","coordinates":[[[9.88221,59.815],[9.88247,59.81554],[9.88303,59.816],[9.88274,59.81618],[9.88236,59.81618],[9.88222,59.8165],[9.88329,59.81649],[9.88548,59.81788],[9.88521,59.81799],[9.88579,59.81836],[9.88673,59.81808],[9.88772,59.81845],[9.88877,59.81867],[9.88941,59.81865],[9.89413,59.82278],[9.89526,59.82403],[9.89391,59.82413],[9.89393,59.82423],[9.88826,59.82516],[9.88724,59.82596],[9.88424,59.82578],[9.88118,59.82667],[9.88073,59.82553],[9.87977,59.82642],[9.88006,59.82697],[9.87645,59.82806],[9.87645,59.8264],[9.87698,59.82421],[9.87743,59.82287],[9.87868,59.82091],[9.87841,59.81975],[9.87862,59.81899],[9.87902,59.81834],[9.87985,59.81803],[9.87953,59.81776],[9.87992,59.818],[9.88034,59.8176],[9.88053,59.81657],[9.88128,59.81537],[9.88125,59.81441],[9.88213,59.81475],[9.88221,59.815]]]}},{"type":"Feature","properties":{"k":"current","n":"Løkken grustak","a":72697,"ikraft":"1992-06-30","planid":"19920002","kommunenr":"3448"},"geometry":{"type":"Polygon","coordinates":[[[9.90201,60.8326],[9.9006,60.83294],[9.90075,60.83311],[9.90046,60.83345],[9.90043,60.83387],[9.8957,60.83428],[9.89558,60.83349],[9.89593,60.83311],[9.89843,60.83217],[9.90043,60.83153],[9.90306,60.83149],[9.90334,60.83185],[9.904,60.83207],[9.90399,60.83232],[9.90201,60.8326]]]}},{"type":"Feature","properties":{"k":"current","n":"Detaljplan for Øvre Hoen grustak","a":188379,"ikraft":"2014-02-19","planid":"0643","kommunenr":"3314"},"geometry":{"type":"Polygon","coordinates":[[[9.8838,59.77695],[9.88477,59.77675],[9.88415,59.77695],[9.88454,59.77734],[9.88481,59.7774],[9.88578,59.7772],[9.88744,59.77715],[9.88901,59.77831],[9.88933,59.77825],[9.88995,59.77849],[9.89294,59.77868],[9.89378,59.77857],[9.89398,59.7794],[9.89391,59.78059],[9.89228,59.78113],[9.89061,59.78081],[9.88722,59.78079],[9.8855,59.78057],[9.88441,59.78014],[9.88235,59.77873],[9.88272,59.77807],[9.88299,59.77809],[9.88319,59.77771],[9.88364,59.77755],[9.88396,59.77701],[9.88261,59.77726],[9.8838,59.77695]]]}},{"type":"Feature","properties":{"k":"current","n":"Burud Pukkverk utvidelse","a":99441,"ikraft":"2004-11-03","planid":"0603","kommunenr":"3314"},"geometry":{"type":"Polygon","coordinates":[[[9.88221,59.815],[9.88238,59.81455],[9.88561,59.81391],[9.88573,59.81423],[9.88622,59.81446],[9.88661,59.8152],[9.88755,59.81529],[9.8879,59.81708],[9.8883,59.81761],[9.88579,59.81836],[9.88521,59.81799],[9.88548,59.81788],[9.88329,59.81649],[9.88222,59.8165],[9.88236,59.81618],[9.88274,59.81618],[9.88303,59.816],[9.88247,59.81554],[9.88221,59.815]]]}},{"type":"Feature","properties":{"k":"current","n":"MASSEUTTAK VESTRE SPONE","a":483914,"ikraft":"2008-11-17","planid":"2008005","kommunenr":"3316"},"geometry":{"type":"MultiPolygon","coordinates":[[[[9.89544,59.9514],[9.89755,59.95091],[9.89973,59.95219],[9.90093,59.95237],[9.9016,59.9518],[9.90214,59.95168],[9.90249,59.95173],[9.90272,59.95195],[9.90325,59.95201],[9.90358,59.95125],[9.90385,59.95023],[9.90347,59.95009],[9.90338,59.94953],[9.9031,59.94917],[9.90219,59.9486],[9.89896,59.94719],[9.89779,59.94614],[9.89762,59.9455],[9.89821,59.94462],[9.89831,59.94378],[9.89531,59.94378],[9.89489,59.94399],[9.89399,59.9442],[9.89245,59.94429],[9.89131,59.94448],[9.89017,59.94443],[9.88998,59.94863],[9.8921,59.9511],[9.8929,59.95109],[9.89409,59.95175],[9.89474,59.95148],[9.8952,59.95157],[9.89544,59.9514]]],[[[9.8983,59.95221],[9.89965,59.9536],[9.90143,59.9533],[9.90318,59.95317],[9.90309,59.95273],[9.90291,59.95275],[9.90294,59.95301],[9.90134,59.95313],[9.89984,59.95339],[9.89856,59.95207],[9.89548,59.95143],[9.89534,59.9516],[9.8983,59.95221]]]]}},{"type":"Feature","properties":{"k":"current","n":"Detaljregulering for Bøen grustak","a":142576,"ikraft":"2021-06-21","planid":"2019003","kommunenr":"3316"},"geometry":{"type":"Polygon","coordinates":[[[9.89781,59.97618],[9.89761,59.97613],[9.89892,59.97545],[9.90004,59.97448],[9.90636,59.97541],[9.9061,59.9764],[9.9054,59.97689],[9.90391,59.97754],[9.90174,59.97825],[9.89998,59.97854],[9.89925,59.9784],[9.8982,59.97783],[9.89844,59.97719],[9.89772,59.97644],[9.89781,59.97618]]]}},{"type":"Feature","properties":{"k":"current","n":"Detaljplan Skarsberg Pukkverk","a":81968,"ikraft":"2013-12-11","planid":"0641","kommunenr":"3314"},"geometry":{"type":"Polygon","coordinates":[[[9.90378,59.82243],[9.904,59.82279],[9.9038,59.82282],[9.90266,59.82136],[9.90289,59.82131],[9.90307,59.82135],[9.90307,59.82119],[9.90292,59.82114],[9.90317,59.82035],[9.90307,59.81927],[9.90377,59.81797],[9.90393,59.81797],[9.90398,59.81808],[9.90452,59.8184],[9.90495,59.81886],[9.90536,59.81896],[9.90533,59.81932],[9.90568,59.81966],[9.9061,59.8198],[9.90758,59.81956],[9.90823,59.82134],[9.90715,59.82132],[9.90667,59.82146],[9.90596,59.82147],[9.90573,59.8217],[9.90481,59.82204],[9.90371,59.82232],[9.90378,59.82243]]]}},{"type":"Feature","properties":{"k":"current","n":"ENGER AVFALL","a":114602,"ikraft":"1996-12-13","planid":"1996001","kommunenr":"3316"},"geometry":{"type":"Polygon","coordinates":[[[9.91369,59.88761],[9.91324,59.88721],[9.91206,59.88678],[9.91103,59.88625],[9.91146,59.88558],[9.91306,59.88577],[9.91374,59.8856],[9.91463,59.88554],[9.91565,59.8852],[9.91692,59.88453],[9.91803,59.88464],[9.91912,59.88518],[9.91902,59.88655],[9.91924,59.88739],[9.91778,59.88757],[9.91599,59.88873],[9.91499,59.88817],[9.91513,59.88793],[9.91464,59.8874],[9.91403,59.8872],[9.91369,59.88761]]]}},{"type":"Feature","properties":{"k":"current","n":"Renningsåsen Pukkverk","a":446863,"ikraft":"2013-04-17","planid":"0647","kommunenr":"3314"},"geometry":{"type":"Polygon","coordinates":[[[9.91752,59.83877],[9.91764,59.83863],[9.91801,59.83851],[9.91935,59.8384],[9.91974,59.83843],[9.92046,59.83861],[9.9208,59.83878],[9.92184,59.8397],[9.92245,59.83992],[9.92399,59.84081],[9.92472,59.84107],[9.92611,59.84143],[9.92721,59.84201],[9.92834,59.84245],[9.92829,59.84237],[9.92863,59.84243],[9.92892,59.84237],[9.92908,59.8421],[9.92902,59.84168],[9.92845,59.84136],[9.92852,59.84115],[9.92891,59.84108],[9.92957,59.84119],[9.93116,59.84123],[9.93169,59.84112],[9.93211,59.84089],[9.93241,59.84057],[9.93423,59.83983],[9.93462,59.83925],[9.93529,59.83859],[9.93531,59.83808],[9.9359,59.83807],[9.93914,59.83827],[9.9419,59.83816],[9.94425,59.83787],[9.94439,59.8404],[9.94473,59.841],[9.94537,59.84271],[9.94567,59.844],[9.94559,59.84432],[9.94531,59.84465],[9.9439,59.84558],[9.94398,59.84626],[9.94306,59.84624],[9.93919,59.84564],[9.93756,59.84233],[9.93653,59.84199],[9.93594,59.84157],[9.93511,59.84144],[9.93293,59.84136],[9.93166,59.84135],[9.93118,59.84141],[9.92954,59.84137],[9.92882,59.84126],[9.92881,59.84132],[9.92928,59.84155],[9.92942,59.84172],[9.92939,59.84231],[9.92928,59.84244],[9.92892,59.84259],[9.92834,59.84258],[9.92697,59.84207],[9.92598,59.84154],[9.92389,59.84095],[9.92238,59.84012],[9.92156,59.83981],[9.92042,59.83882],[9.91961,59.8386],[9.91939,59.83858],[9.91797,59.83873],[9.91688,59.83928],[9.9166,59.83957],[9.91632,59.8401],[9.91605,59.84029],[9.9134,59.84078],[9.91338,59.84115],[9.91325,59.84116],[9.91294,59.84029],[9.91314,59.84028],[9.91323,59.84059],[9.91341,59.84065],[9.91588,59.84017],[9.91605,59.84007],[9.91657,59.83919],[9.91752,59.83877]]]}},{"type":"Feature","properties":{"k":"current","n":"Renningsåsen Massedeponi","a":19468,"ikraft":"2017-06-21","planid":"0647-1","kommunenr":"3314"},"geometry":{"type":"Polygon","coordinates":[[[9.92829,59.84237],[9.92834,59.84245],[9.92721,59.84201],[9.92611,59.84143],[9.92402,59.84082],[9.923,59.84029],[9.92216,59.83969],[9.92251,59.83978],[9.92302,59.83976],[9.92712,59.84128],[9.92769,59.84195],[9.92829,59.84237]]]}},{"type":"Feature","properties":{"k":"current","n":"MASTEDALEN MASSEUTTAK","a":83691,"ikraft":"2011-06-20","planid":"2011001","kommunenr":"3316"},"geometry":{"type":"Polygon","coordinates":[[[9.92419,59.96074],[9.92544,59.95834],[9.92545,59.95795],[9.92518,59.95753],[9.92552,59.95732],[9.92605,59.95732],[9.92653,59.95746],[9.92691,59.95785],[9.92727,59.95885],[9.92731,59.95933],[9.92685,59.96032],[9.92663,59.96116],[9.92576,59.96228],[9.92573,59.96307],[9.92558,59.96346],[9.92517,59.96388],[9.92482,59.9641],[9.9246,59.96414],[9.92433,59.96409],[9.92421,59.96399],[9.92419,59.96364],[9.92382,59.96257],[9.92388,59.96181],[9.92419,59.96074]]]}},{"type":"Feature","properties":{"k":"current","n":"Djupdal masseuttak","a":322558,"ikraft":"2026-02-19","planid":"470","kommunenr":"3305"},"geometry":{"type":"Polygon","coordinates":[[[9.94912,60.26691],[9.94942,60.26735],[9.94977,60.26858],[9.94984,60.27042],[9.94968,60.27153],[9.94911,60.2723],[9.94737,60.27379],[9.94668,60.27357],[9.94588,60.27377],[9.94506,60.27364],[9.94459,60.27344],[9.94393,60.27342],[9.94247,60.27316],[9.94137,60.27332],[9.93772,60.27335],[9.93621,60.27268],[9.93737,60.27119],[9.93803,60.27085],[9.93894,60.27076],[9.94124,60.27103],[9.94124,60.27061],[9.94177,60.27002],[9.94342,60.26944],[9.9438,60.26917],[9.94443,60.26909],[9.94479,60.26815],[9.94551,60.26793],[9.94648,60.26726],[9.94718,60.26703],[9.94753,60.26727],[9.94796,60.26725],[9.94844,60.2674],[9.9488,60.26774],[9.94916,60.2677],[9.94912,60.26691]]]}},{"type":"Feature","properties":{"k":"current","n":"Esbjug og Aspenes grustak","a":114061,"ikraft":"2006-02-14","planid":"20060001","kommunenr":"3448"},"geometry":{"type":"Polygon","coordinates":[[[9.94689,60.84117],[9.94677,60.83995],[9.94792,60.84002],[9.9482,60.83971],[9.95108,60.83986],[9.95225,60.83973],[9.95261,60.83867],[9.95171,60.83831],[9.95164,60.8381],[9.95274,60.83773],[9.95311,60.8377],[9.95502,60.83849],[9.95483,60.83958],[9.95589,60.83966],[9.95528,60.84083],[9.95496,60.8408],[9.95496,60.84099],[9.95457,60.84096],[9.95445,60.84125],[9.95403,60.84119],[9.95364,60.84171],[9.94671,60.84126],[9.94689,60.84117]]]}},{"type":"Feature","properties":{"k":"current","n":"Malerød pukkverk","a":52577,"ikraft":"2024-09-18","planid":"202316","kommunenr":"3909"},"geometry":{"type":"Polygon","coordinates":[[[9.93954,59.07854],[9.93941,59.07824],[9.93964,59.0778],[9.93977,59.07721],[9.94003,59.07717],[9.93993,59.07689],[9.94204,59.07693],[9.94236,59.0772],[9.94461,59.07744],[9.94462,59.07844],[9.94406,59.07839],[9.94315,59.07842],[9.94332,59.0786],[9.94198,59.07866],[9.94096,59.07883],[9.94052,59.08001],[9.94022,59.0804],[9.93967,59.08036],[9.94015,59.07999],[9.94052,59.07881],[9.93979,59.07875],[9.93954,59.07865],[9.93954,59.07854]]]}},{"type":"Feature","properties":{"k":"current","n":"Bratlien masseuttak","a":28357,"ikraft":"2009-09-15","planid":"20080005","kommunenr":"3448"},"geometry":{"type":"Polygon","coordinates":[[[9.99247,61.00959],[9.99237,61.00946],[9.99192,61.00934],[9.99178,61.00919],[9.99192,61.00863],[9.99186,61.00827],[9.99202,61.00794],[9.99241,61.00752],[9.99256,61.0069],[9.99287,61.00662],[9.99285,61.0062],[9.99301,61.00602],[9.99209,61.0059],[9.99168,61.00578],[9.99123,61.00553],[9.99108,61.00529],[9.99117,61.00513],[9.99153,61.00488],[9.99213,61.00465],[9.99257,61.00458],[9.99362,61.00462],[9.99443,61.0048],[9.99469,61.00502],[9.99471,61.00552],[9.99446,61.00579],[9.99343,61.00596],[9.993,61.00618],[9.99302,61.00662],[9.9927,61.00692],[9.99256,61.00753],[9.99201,61.00827],[9.99207,61.00863],[9.99193,61.00918],[9.99205,61.00931],[9.99257,61.00948],[9.99258,61.00977],[9.99243,61.00976],[9.99247,61.00959]]]}},{"type":"Feature","properties":{"k":"current","n":"LANGSRUDÅSEN PUKKVERK","a":79224,"ikraft":"2012-05-07","planid":"2011003","kommunenr":"3316"},"geometry":{"type":"Polygon","coordinates":[[[9.98853,60.00634],[9.99055,60.00671],[9.99123,60.00719],[9.9911,60.00776],[9.98983,60.00858],[9.98658,60.00827],[9.98586,60.00808],[9.98465,60.00794],[9.98392,60.0075],[9.98435,60.00717],[9.9842,60.00691],[9.98525,60.00638],[9.98489,60.00608],[9.98665,60.00612],[9.98853,60.00634]]]}},{"type":"Feature","properties":{"k":"current","n":"KR 30, Steinbrudd","a":153390,"ikraft":"1988-10-19","planid":"062519880007","kommunenr":"3301"},"geometry":{"type":"Polygon","coordinates":[[[10.00533,59.77325],[10.00443,59.77204],[10.00484,59.77157],[10.00487,59.77075],[10.00527,59.76983],[10.00672,59.76946],[10.00893,59.76846],[10.0107,59.76812],[10.01058,59.77327],[10.00533,59.77325]]]}},{"type":"Feature","properties":{"k":"current","n":"Risøya grustak","a":200917,"ikraft":"1999-09-23","planid":"052019990003","kommunenr":"3439"},"geometry":{"type":"Polygon","coordinates":[[[10.08748,61.53756],[10.08614,61.53798],[10.08834,61.53934],[10.08801,61.53953],[10.08816,61.53968],[10.08535,61.54088],[10.08457,61.54141],[10.08446,61.54173],[10.08382,61.54165],[10.08056,61.54124],[10.07882,61.53813],[10.07905,61.53804],[10.07917,61.53702],[10.07833,61.53682],[10.07767,61.53634],[10.0772,61.53625],[10.07819,61.53603],[10.07861,61.53581],[10.08136,61.53758],[10.08673,61.53648],[10.08748,61.53756]]]}},{"type":"Feature","properties":{"k":"current","n":"MJ 05, Mile fyllplass","a":138941,"ikraft":"1992-08-19","planid":"062519920001","kommunenr":"3301"},"geometry":{"type":"Polygon","coordinates":[[[10.03686,59.74659],[10.028,59.74626],[10.02754,59.74617],[10.02725,59.74564],[10.02713,59.74499],[10.02726,59.74471],[10.02816,59.74407],[10.02802,59.74395],[10.02943,59.74363],[10.03129,59.74349],[10.0341,59.74358],[10.03391,59.74444],[10.03565,59.74486],[10.03602,59.74481],[10.03612,59.74556],[10.03633,59.74591],[10.03698,59.7464],[10.03686,59.74659]]]}},{"type":"Feature","properties":{"k":"current","n":"MJ 35.01; Reg.plan Gevelt grustak","a":27901,"ikraft":"2005-05-25","planid":"062520010010","kommunenr":"3301"},"geometry":{"type":"Polygon","coordinates":[[[10.05075,59.75204],[10.05065,59.7512],[10.05361,59.75014],[10.05465,59.75019],[10.05536,59.75043],[10.05577,59.75033],[10.05584,59.75041],[10.05497,59.75068],[10.05506,59.75075],[10.05662,59.75034],[10.05444,59.7511],[10.05383,59.75111],[10.05089,59.75214],[10.05075,59.75204]]]}},{"type":"Feature","properties":{"k":"current","n":"Hedrum pukkverk","a":837044,"ikraft":"2022-03-23","planid":"202013","kommunenr":"3909"},"geometry":{"type":"Polygon","coordinates":[[[10.04812,59.08955],[10.04778,59.08785],[10.04783,59.08715],[10.04772,59.08692],[10.04805,59.08697],[10.04844,59.08719],[10.05333,59.088],[10.05365,59.08821],[10.05333,59.08879],[10.05369,59.08894],[10.05413,59.08888],[10.05454,59.0889],[10.05471,59.08913],[10.05486,59.08974],[10.05543,59.08996],[10.05614,59.09074],[10.05644,59.09074],[10.05668,59.09065],[10.05704,59.09001],[10.05758,59.08988],[10.05813,59.08995],[10.05849,59.09009],[10.05852,59.09026],[10.05888,59.0904],[10.05926,59.09171],[10.05924,59.09331],[10.0587,59.09331],[10.05868,59.09438],[10.05801,59.09484],[10.05872,59.0955],[10.05902,59.0956],[10.05944,59.09561],[10.05932,59.09698],[10.06053,59.09733],[10.0609,59.09765],[10.06094,59.09812],[10.06033,59.09919],[10.06036,59.0999],[10.06113,59.09989],[10.06129,59.10104],[10.06168,59.10205],[10.05732,59.1021],[10.05468,59.10202],[10.05282,59.10127],[10.05204,59.10072],[10.05146,59.09967],[10.05171,59.09954],[10.0508,59.09864],[10.05022,59.09834],[10.04985,59.09787],[10.04992,59.09752],[10.04972,59.09692],[10.04961,59.09597],[10.04952,59.0957],[10.04938,59.09564],[10.04919,59.09534],[10.04885,59.09453],[10.04904,59.09392],[10.04886,59.09308],[10.049,59.09251],[10.0488,59.09214],[10.04878,59.09142],[10.04937,59.09105],[10.04926,59.09088],[10.04861,59.0905],[10.04848,59.08992],[10.04812,59.08955]]]}},{"type":"Feature","properties":{"k":"current","n":"Grinda avfallsanlegg - SVA","a":6483,"ikraft":"1999-06-08","planid":"199.04","kommunenr":"3909"},"geometry":{"type":"Polygon","coordinates":[[[10.05764,59.0872],[10.05859,59.08745],[10.05878,59.08713],[10.05982,59.08718],[10.05981,59.08774],[10.0581,59.08775],[10.05771,59.08752],[10.05764,59.0872]]]}},{"type":"Feature","properties":{"k":"current","n":"Grinda avfallsanlegg - SVA","a":232027,"ikraft":"1989-11-01","planid":"199.01","kommunenr":"3909"},"geometry":{"type":"Polygon","coordinates":[[[10.05646,59.08453],[10.05871,59.08584],[10.06004,59.08674],[10.06069,59.0873],[10.06046,59.08788],[10.06018,59.08823],[10.05999,59.08828],[10.05949,59.08868],[10.05985,59.08952],[10.06044,59.08925],[10.0611,59.08926],[10.0611,59.08921],[10.0613,59.08921],[10.06142,59.08904],[10.06146,59.08857],[10.06235,59.08876],[10.06248,59.08928],[10.06234,59.09023],[10.06261,59.09114],[10.06123,59.09132],[10.05915,59.09126],[10.05888,59.0904],[10.05852,59.09026],[10.05849,59.09009],[10.05813,59.08995],[10.05758,59.08988],[10.05704,59.09001],[10.05668,59.09065],[10.05644,59.09074],[10.05614,59.09074],[10.05543,59.08996],[10.05486,59.08974],[10.05471,59.08913],[10.05454,59.0889],[10.05413,59.08888],[10.05369,59.08894],[10.05333,59.08879],[10.05365,59.08821],[10.05333,59.088],[10.05248,59.0879],[10.05164,59.08769],[10.05239,59.08628],[10.05648,59.08514],[10.05646,59.08453]],[[10.0585,59.08776],[10.05876,59.08802],[10.059,59.0881],[10.05979,59.08809],[10.0598,59.08776],[10.0585,59.08776]],[[10.05764,59.0872],[10.05771,59.08752],[10.0581,59.08775],[10.05981,59.08774],[10.05982,59.08718],[10.05878,59.08713],[10.05859,59.08745],[10.05764,59.0872]]]}},{"type":"Feature","properties":{"k":"current","n":"Reguleringsplan for Moheimsflata og Myhre grustak","a":275578,"ikraft":"1992-12-17","planid":"052019920009","kommunenr":"3439"},"geometry":{"type":"Polygon","coordinates":[[[10.18522,61.44724],[10.18554,61.44768],[10.18436,61.45049],[10.18463,61.45087],[10.18406,61.45133],[10.18461,61.45088],[10.18432,61.45051],[10.1841,61.4506],[10.18463,61.44972],[10.18387,61.44954],[10.18331,61.44928],[10.18267,61.44847],[10.18206,61.4484],[10.17997,61.44858],[10.1788,61.4483],[10.17743,61.44968],[10.17628,61.45052],[10.17617,61.45086],[10.17632,61.45116],[10.17674,61.4514],[10.17793,61.45164],[10.18205,61.45211],[10.18138,61.45248],[10.17715,61.45312],[10.17332,61.45328],[10.17197,61.45181],[10.17326,61.45086],[10.17529,61.45017],[10.17725,61.4492],[10.17756,61.44871],[10.1792,61.44774],[10.18066,61.44513],[10.18037,61.44424],[10.18049,61.44378],[10.18011,61.44337],[10.18059,61.44291],[10.18209,61.44236],[10.18374,61.4424],[10.1845,61.44253],[10.18535,61.44288],[10.18529,61.44403],[10.18556,61.44433],[10.18467,61.44451],[10.18476,61.44466],[10.18375,61.4448],[10.18456,61.44533],[10.18377,61.44547],[10.1836,61.44589],[10.18255,61.44585],[10.18219,61.44663],[10.1824,61.44691],[10.18392,61.44712],[10.18457,61.44682],[10.18453,61.44707],[10.18522,61.44724]]]}},{"type":"Feature","properties":{"k":"current","n":"Sønsetveien masseuttak av sand og fjell","a":168343,"ikraft":"2022-03-10","planid":"20190013","kommunenr":"3907"},"geometry":{"type":"Polygon","coordinates":[[[10.13424,59.34756],[10.13367,59.34867],[10.13411,59.35132],[10.13471,59.35173],[10.1351,59.35162],[10.13745,59.34996],[10.13996,59.34965],[10.14234,59.34958],[10.1445,59.35007],[10.14655,59.35035],[10.14754,59.34994],[10.14875,59.34915],[10.14889,59.3492],[10.14596,59.35113],[10.14537,59.35171],[10.14521,59.35169],[10.14529,59.35157],[10.14636,59.35046],[10.14417,59.35022],[10.14291,59.34984],[10.14205,59.34975],[10.13945,59.34989],[10.13761,59.35014],[10.13523,59.35182],[10.1347,59.35191],[10.13418,59.35176],[10.13375,59.35133],[10.13332,59.34867],[10.13386,59.34762],[10.13382,59.3471],[10.13123,59.34577],[10.13163,59.34355],[10.13361,59.34346],[10.13513,59.34204],[10.13818,59.34295],[10.13824,59.34306],[10.13658,59.34525],[10.1362,59.34644],[10.13558,59.34694],[10.13517,59.34705],[10.13433,59.34709],[10.13424,59.34756]]]}},{"type":"Feature","properties":{"k":"current","n":"Somma pukkverk","a":268195,"ikraft":"2023-11-27","planid":"392","kommunenr":"3305"},"geometry":{"type":"Polygon","coordinates":[[[10.16699,60.3173],[10.15943,60.31301],[10.1591,60.31254],[10.1563,60.31248],[10.15508,60.31221],[10.15524,60.3121],[10.15664,60.31239],[10.15978,60.31233],[10.15982,60.31248],[10.1595,60.31256],[10.15968,60.31291],[10.17212,60.31993],[10.17278,60.32037],[10.17364,60.32131],[10.17537,60.32203],[10.17679,60.32341],[10.17714,60.32432],[10.17897,60.32509],[10.17985,60.32525],[10.18091,60.32525],[10.18231,60.32489],[10.18301,60.32438],[10.18424,60.32281],[10.18443,60.32224],[10.18593,60.32136],[10.18652,60.32128],[10.18712,60.32143],[10.18845,60.32232],[10.18861,60.32303],[10.18963,60.32409],[10.18993,60.32526],[10.19038,60.32545],[10.19066,60.32619],[10.19103,60.3264],[10.19141,60.32694],[10.19082,60.32713],[10.19007,60.32716],[10.18921,60.3275],[10.18895,60.32745],[10.18808,60.32781],[10.18744,60.32794],[10.18604,60.32742],[10.1828,60.32659],[10.18228,60.32591],[10.1825,60.32504],[10.18155,60.32533],[10.18026,60.32549],[10.17881,60.32523],[10.17732,60.32468],[10.17675,60.32428],[10.1764,60.32339],[10.17498,60.32206],[10.17338,60.32141],[10.17236,60.32035],[10.16699,60.3173]]]}},{"type":"Feature","properties":{"k":"current","n":"Detaljregulering for Hanekleiva Pukkverk","a":428468,"ikraft":"2018-02-13","planid":"20150001","kommunenr":"3903"},"geometry":{"type":"Polygon","coordinates":[[[10.1718,59.57595],[10.17061,59.57542],[10.16805,59.57504],[10.16732,59.57478],[10.16462,59.5744],[10.16411,59.57412],[10.16309,59.57265],[10.16086,59.57021],[10.16181,59.56998],[10.16605,59.57002],[10.16791,59.57019],[10.1689,59.57001],[10.17005,59.57],[10.17084,59.56981],[10.17227,59.56883],[10.17519,59.57059],[10.1744,59.57247],[10.17465,59.5735],[10.17499,59.57394],[10.1754,59.57406],[10.17599,59.57404],[10.17675,59.5738],[10.1769,59.57527],[10.17554,59.57597],[10.17201,59.57605],[10.1718,59.57595]]]}},{"type":"Feature","properties":{"k":"current","n":"Vestsiden Pukkverk","a":1622227,"ikraft":"2005-12-15","planid":"308","kommunenr":"3305"},"geometry":{"type":"Polygon","coordinates":[[[10.1957,60.21293],[10.19222,60.21237],[10.18892,60.21117],[10.18659,60.21056],[10.18471,60.21027],[10.18442,60.21003],[10.18434,60.20937],[10.18517,60.20834],[10.18542,60.20769],[10.18535,60.20707],[10.18585,60.20633],[10.19167,60.20251],[10.19279,60.20193],[10.19528,60.2012],[10.19764,60.2003],[10.19987,60.19892],[10.20087,60.19846],[10.20383,60.19768],[10.2064,60.19731],[10.21109,60.19723],[10.2146,60.19688],[10.21624,60.19715],[10.21587,60.19789],[10.21275,60.20082],[10.21217,60.20258],[10.2111,60.20412],[10.20957,60.20399],[10.2098,60.20337],[10.20863,60.20327],[10.20818,60.20195],[10.20423,60.20293],[10.20348,60.20381],[10.20494,60.20506],[10.20666,60.20451],[10.20841,60.20441],[10.20866,60.20406],[10.20913,60.20401],[10.21105,60.20421],[10.21049,60.20511],[10.21067,60.20515],[10.21051,60.20538],[10.20887,60.20717],[10.20642,60.20868],[10.20275,60.20994],[10.19941,60.21063],[10.19811,60.21119],[10.1957,60.21293]]]}},{"type":"Feature","properties":{"k":"current","n":"Reguleringsplan for massedeponi nord for Borgeneset","a":14792,"ikraft":"1995-06-27","planid":"052019950005","kommunenr":"3439"},"geometry":{"type":"Polygon","coordinates":[[[10.23683,61.39271],[10.23696,61.39288],[10.2367,61.39434],[10.23701,61.39451],[10.23755,61.39458],[10.23749,61.39479],[10.23661,61.39535],[10.23502,61.39565],[10.23487,61.39561],[10.23609,61.39425],[10.23683,61.39271]]]}},{"type":"Feature","properties":{"k":"current","n":"Klåstad steinindustriområde, Brattås massedeponi","a":194416,"ikraft":"2007-03-14","planid":"105.03","kommunenr":"3909"},"geometry":{"type":"MultiPolygon","coordinates":[[[[10.16817,59.06097],[10.16816,59.06077],[10.16834,59.06048],[10.17021,59.06015],[10.16755,59.05715],[10.16402,59.05689],[10.164,59.05803],[10.16361,59.05801],[10.16317,59.05774],[10.1627,59.05774],[10.16253,59.05781],[10.1623,59.05832],[10.16236,59.05867],[10.16185,59.0589],[10.16169,59.05926],[10.16135,59.05959],[10.16131,59.05975],[10.16147,59.06026],[10.16138,59.06039],[10.16106,59.06057],[10.1611,59.06061],[10.16139,59.06078],[10.16264,59.0612],[10.16372,59.0618],[10.16431,59.0619],[10.1657,59.06186],[10.1669,59.06176],[10.16696,59.06181],[10.16779,59.06151],[10.16785,59.06155],[10.16802,59.06149],[10.16795,59.06145],[10.1682,59.06135],[10.16817,59.06097]]],[[[10.16904,59.06132],[10.16898,59.06128],[10.16595,59.06246],[10.166,59.06249],[10.16805,59.06175],[10.16814,59.06182],[10.1684,59.06171],[10.16829,59.06161],[10.16904,59.06132]]]]}},{"type":"Feature","properties":{"k":"current","n":"Brattås - Steinbrudd","a":97522,"ikraft":"1996-11-27","planid":"1992.01.02","kommunenr":"3909"},"geometry":{"type":"Polygon","coordinates":[[[10.16402,59.05689],[10.164,59.05803],[10.16361,59.05801],[10.16317,59.05774],[10.16258,59.05778],[10.1623,59.05832],[10.16236,59.05867],[10.16185,59.0589],[10.16135,59.05959],[10.16138,59.06039],[10.16104,59.06058],[10.15996,59.06062],[10.15877,59.05894],[10.15882,59.05697],[10.16287,59.05578],[10.16405,59.05647],[10.16402,59.05689]]]}},{"type":"Feature","properties":{"k":"current","n":"Brattås massedeponi - Sedimenteringsbasseng","a":8412,"ikraft":"2016-03-16","planid":"201508","kommunenr":"3909"},"geometry":{"type":"Polygon","coordinates":[[[10.17055,59.06053],[10.16866,59.06115],[10.16854,59.06107],[10.16826,59.06116],[10.16816,59.06077],[10.16834,59.06048],[10.17021,59.06015],[10.17055,59.06053]]]}},{"type":"Feature","properties":{"k":"current","n":"Massedeponi Askjem","a":34121,"ikraft":"2020-11-26","planid":"20190009","kommunenr":"3907"},"geometry":{"type":"Polygon","coordinates":[[[10.18518,59.29826],[10.18506,59.29802],[10.18599,59.297],[10.18571,59.2961],[10.18437,59.29635],[10.18349,59.29622],[10.18292,59.29556],[10.18409,59.2953],[10.18477,59.29484],[10.18582,59.29454],[10.18674,59.29447],[10.18743,59.29476],[10.18707,59.29498],[10.18682,59.29566],[10.18598,59.29627],[10.18606,59.29708],[10.18514,59.29808],[10.18597,59.29856],[10.18639,59.29849],[10.18591,59.29883],[10.18593,59.29861],[10.18518,59.29826]]]}},{"type":"Feature","properties":{"k":"current","n":"Ruteig deponi","a":137212,"ikraft":"2023-03-08","planid":"20180046","kommunenr":"3905"},"geometry":{"type":"Polygon","coordinates":[[[10.19548,59.47365],[10.19581,59.47359],[10.19609,59.47378],[10.19598,59.47735],[10.19495,59.47744],[10.19401,59.47905],[10.19119,59.47907],[10.19087,59.47749],[10.19029,59.47659],[10.19094,59.47532],[10.19076,59.47527],[10.19022,59.47435],[10.19032,59.47336],[10.1905,59.47431],[10.19113,59.47432],[10.19114,59.47467],[10.19196,59.47466],[10.19368,59.4751],[10.19452,59.47469],[10.19498,59.47419],[10.19505,59.47388],[10.194,59.47303],[10.19507,59.47368],[10.19538,59.47375],[10.19548,59.47365]]]}},{"type":"Feature","properties":{"k":"current","n":"Støen grustak","a":63747,"ikraft":"2023-12-15","planid":"490","kommunenr":"3305"},"geometry":{"type":"Polygon","coordinates":[[[10.21223,60.21284],[10.21129,60.21233],[10.21131,60.2116],[10.21743,60.21331],[10.21671,60.21415],[10.21608,60.21419],[10.21566,60.21495],[10.21532,60.21514],[10.21469,60.21515],[10.21431,60.21503],[10.21413,60.21456],[10.21368,60.21469],[10.21323,60.21461],[10.21293,60.21435],[10.21316,60.2142],[10.21279,60.21388],[10.21325,60.21378],[10.21328,60.21363],[10.21295,60.21356],[10.2125,60.21366],[10.21203,60.21334],[10.21223,60.21284]]]}},{"type":"Feature","properties":{"k":"current","n":"Detaljreguleringsplan for Skarsløkka - deponiområde for rene masser","a":225080,"ikraft":"2018-03-20","planid":"20170001","kommunenr":"3903"},"geometry":{"type":"Polygon","coordinates":[[[10.21733,59.56261],[10.2163,59.56224],[10.21647,59.56191],[10.21618,59.56185],[10.21602,59.56139],[10.21673,59.56074],[10.216,59.56065],[10.21609,59.55924],[10.21578,59.55908],[10.21508,59.55954],[10.21369,59.56009],[10.21325,59.56015],[10.21292,59.56005],[10.21279,59.55972],[10.21171,59.55874],[10.21153,59.55873],[10.20928,59.55989],[10.20837,59.56085],[10.20804,59.56102],[10.20786,59.56092],[10.20835,59.5606],[10.20868,59.55997],[10.209,59.55974],[10.21138,59.5586],[10.21176,59.5586],[10.21226,59.55879],[10.2133,59.56001],[10.21516,59.5593],[10.21611,59.55833],[10.21815,59.55735],[10.21843,59.55635],[10.21873,59.55633],[10.21968,59.55358],[10.22224,59.55391],[10.22289,59.55411],[10.22401,59.55398],[10.22533,59.55491],[10.22441,59.55528],[10.22459,59.55533],[10.22124,59.55658],[10.22061,59.55695],[10.22191,59.55742],[10.22103,59.55875],[10.22018,59.55899],[10.21955,59.55888],[10.21897,59.55929],[10.21942,59.56218],[10.2189,59.56228],[10.21848,59.56282],[10.21733,59.56261]]]}},{"type":"Feature","properties":{"k":"current","n":"Detaljregulering for utvidelse av Egge massedeponi med konsekvensutredning","a":136193,"ikraft":"2021-10-12","planid":"2020-04","kommunenr":"3312"},"geometry":{"type":"Polygon","coordinates":[[[10.21701,59.81787],[10.21803,59.81764],[10.22075,59.81751],[10.22082,59.81741],[10.22045,59.8171],[10.2211,59.81696],[10.22141,59.81678],[10.22163,59.81601],[10.21901,59.81585],[10.21688,59.81552],[10.21593,59.81522],[10.21471,59.8147],[10.21518,59.81444],[10.21512,59.81454],[10.21525,59.81469],[10.2161,59.81509],[10.21715,59.81541],[10.21868,59.81566],[10.22161,59.81587],[10.22184,59.81581],[10.22331,59.81601],[10.22432,59.81627],[10.22446,59.81626],[10.22456,59.81603],[10.22549,59.81592],[10.22661,59.81715],[10.2262,59.81765],[10.22562,59.8179],[10.2252,59.81822],[10.22497,59.81855],[10.22493,59.81896],[10.22475,59.81924],[10.22422,59.81928],[10.22299,59.81923],[10.22179,59.81902],[10.2213,59.81904],[10.22047,59.81921],[10.21924,59.81925],[10.21763,59.81908],[10.21705,59.81908],[10.21721,59.81836],[10.21697,59.818],[10.21701,59.81787]]]}},{"type":"Feature","properties":{"k":"current","n":"Massedeponi Anholt","a":70754,"ikraft":"2022-04-07","planid":"20190007","kommunenr":"3907"},"geometry":{"type":"Polygon","coordinates":[[[10.21792,59.24113],[10.2188,59.24104],[10.21829,59.24149],[10.21815,59.24117],[10.21764,59.24137],[10.21719,59.24141],[10.21626,59.24116],[10.21599,59.24186],[10.2122,59.24244],[10.21179,59.24164],[10.21108,59.24108],[10.21077,59.2405],[10.21249,59.23971],[10.21536,59.24043],[10.21582,59.24011],[10.21792,59.24113]]]}},{"type":"Feature","properties":{"k":"current","n":"Vestfoldbanen parsell4.2 Massedeponi v/Skjærvik","a":91364,"ikraft":"1996-09-11","planid":"713064","kommunenr":"3903"},"geometry":{"type":"Polygon","coordinates":[[[10.23083,59.55165],[10.22923,59.553],[10.22879,59.55312],[10.22852,59.55342],[10.22888,59.55367],[10.22808,59.5545],[10.22732,59.55422],[10.22636,59.55362],[10.22624,59.55366],[10.22595,59.55351],[10.22543,59.55364],[10.22533,59.55346],[10.22518,59.55357],[10.22515,59.55339],[10.2254,59.55334],[10.22391,59.55243],[10.22721,59.5512],[10.22863,59.55047],[10.22999,59.55039],[10.23101,59.5508],[10.2306,59.55128],[10.23083,59.55165]]]}},{"type":"Feature","properties":{"k":"current","n":"Holmestrandveien med gang- og sykkelvei på strekningen fra pukkverket til Iver Holters gate","a":22020,"ikraft":"2008-05-27","planid":"060265-3","kommunenr":"3301"},"geometry":{"type":"Polygon","coordinates":[[[10.22521,59.72896],[10.2258,59.72834],[10.22592,59.7284],[10.22668,59.72816],[10.22676,59.72797],[10.22628,59.72795],[10.22873,59.72595],[10.22903,59.72578],[10.22929,59.72594],[10.22941,59.72585],[10.22946,59.72576],[10.22896,59.72556],[10.23161,59.72207],[10.23185,59.71968],[10.23153,59.7197],[10.23152,59.71993],[10.23113,59.72004],[10.23078,59.7204],[10.22984,59.7203],[10.22982,59.72051],[10.23071,59.72055],[10.23065,59.72097],[10.23078,59.72098],[10.23103,59.7203],[10.2315,59.72002],[10.23156,59.72179],[10.23125,59.72253],[10.22893,59.72545],[10.22879,59.72539],[10.22869,59.72547],[10.22796,59.72625],[10.2263,59.72741],[10.22446,59.72902],[10.22395,59.72924],[10.22397,59.72939],[10.22417,59.72947],[10.2251,59.72883],[10.22521,59.72896]]]}},{"type":"Feature","properties":{"k":"current","n":"Meren masseuttak","a":137468,"ikraft":"2008-09-02","planid":"504-903-12","kommunenr":"3312"},"geometry":{"type":"Polygon","coordinates":[[[10.24001,59.84386],[10.23949,59.84363],[10.23798,59.84335],[10.23602,59.8431],[10.2351,59.84287],[10.2333,59.84283],[10.23205,59.84274],[10.2313,59.84223],[10.23046,59.84199],[10.23051,59.84056],[10.23124,59.84054],[10.23288,59.83991],[10.23329,59.83965],[10.23351,59.83968],[10.23359,59.83981],[10.23449,59.84028],[10.23561,59.84045],[10.23652,59.84046],[10.237,59.84075],[10.23891,59.84162],[10.23937,59.84195],[10.23969,59.84238],[10.24004,59.84327],[10.24001,59.84386]]]}},{"type":"Feature","properties":{"k":"current","n":"Stokke Pukkverk","a":285033,"ikraft":"2004-09-13","planid":"20050010","kommunenr":"3907"},"geometry":{"type":"Polygon","coordinates":[[[10.24549,59.2294],[10.24508,59.22914],[10.2447,59.22864],[10.24481,59.2279],[10.24438,59.22628],[10.24445,59.22571],[10.24538,59.22472],[10.247,59.22413],[10.24689,59.22348],[10.24651,59.22345],[10.24659,59.2229],[10.24718,59.22301],[10.24834,59.22292],[10.25066,59.22506],[10.25383,59.22711],[10.25384,59.22765],[10.25331,59.22825],[10.25257,59.22873],[10.25202,59.22964],[10.25108,59.23],[10.24879,59.2302],[10.24549,59.2294]]]}},{"type":"Feature","properties":{"k":"current","n":"Dalenveien 445 - massedeponi","a":110426,"ikraft":"2020-11-26","planid":"20180014","kommunenr":"3907"},"geometry":{"type":"Polygon","coordinates":[[[10.24628,59.258],[10.24611,59.25798],[10.24319,59.2558],[10.24209,59.25581],[10.24089,59.25417],[10.24188,59.25353],[10.24347,59.25412],[10.2466,59.25589],[10.25058,59.25747],[10.2502,59.25844],[10.24935,59.25848],[10.24912,59.25878],[10.24867,59.2588],[10.24796,59.2581],[10.24628,59.258]]]}},{"type":"Feature","properties":{"k":"current","n":"Detaljregulering for Lindum avfallsanlegg","a":600028,"ikraft":"2019-04-30","planid":"0602324","kommunenr":"3301"},"geometry":{"type":"Polygon","coordinates":[[[10.26935,59.68862],[10.26901,59.68801],[10.27088,59.68795],[10.2706,59.68743],[10.26947,59.68705],[10.26943,59.68569],[10.26884,59.68519],[10.26895,59.68468],[10.26926,59.68445],[10.26978,59.68431],[10.27159,59.68427],[10.27221,59.68407],[10.27305,59.68411],[10.27363,59.68393],[10.27454,59.68467],[10.27566,59.68469],[10.27596,59.68483],[10.27683,59.68611],[10.27878,59.68719],[10.27875,59.68779],[10.27916,59.68852],[10.27924,59.68941],[10.27847,59.69009],[10.27814,59.69106],[10.27777,59.69153],[10.27782,59.692],[10.27843,59.69267],[10.27848,59.69406],[10.27811,59.69615],[10.27762,59.697],[10.27663,59.69737],[10.27614,59.69651],[10.27525,59.69584],[10.27442,59.69602],[10.27358,59.69534],[10.27331,59.69482],[10.27277,59.69477],[10.27061,59.69501],[10.27034,59.69486],[10.27008,59.69412],[10.26835,59.69391],[10.26908,59.69317],[10.27034,59.691],[10.27052,59.69032],[10.26935,59.68862]]]}},{"type":"Feature","properties":{"k":"current","n":"REGULERINGSPLAN FOR LINDUM AVFALLSANLEGG","a":4635,"ikraft":"1996-06-25","planid":"060251-4","kommunenr":"3301"},"geometry":{"type":"Polygon","coordinates":[[[10.26935,59.68861],[10.27052,59.69032],[10.27034,59.691],[10.26908,59.69317],[10.26835,59.69391],[10.27032,59.69076],[10.27029,59.69007],[10.26935,59.68861]]]}},{"type":"Feature","properties":{"k":"current","n":"Rudsbygd steinbrudd","a":216084,"ikraft":"2022-06-16","planid":"2020p170e03","kommunenr":"3405"},"geometry":{"type":"Polygon","coordinates":[[[10.32636,61.17917],[10.3253,61.17918],[10.32662,61.17802],[10.32725,61.17721],[10.32881,61.17736],[10.33197,61.17815],[10.33349,61.17774],[10.33617,61.17579],[10.33938,61.17698],[10.33738,61.17826],[10.33754,61.17887],[10.33727,61.17914],[10.3338,61.18111],[10.33076,61.18085],[10.32994,61.18064],[10.32796,61.17994],[10.32726,61.17935],[10.32636,61.17917]]]}},{"type":"Feature","properties":{"k":"current","n":"From massedeponi","a":59583,"ikraft":"2021-04-29","planid":"20190011","kommunenr":"3907"},"geometry":{"type":"Polygon","coordinates":[[[10.26298,59.15327],[10.26399,59.15416],[10.26421,59.15412],[10.26404,59.15424],[10.26458,59.15476],[10.26492,59.15574],[10.26469,59.15613],[10.2639,59.15649],[10.26424,59.15723],[10.26452,59.1573],[10.26373,59.15752],[10.26374,59.15792],[10.26283,59.15725],[10.26363,59.15742],[10.26396,59.15734],[10.26408,59.15726],[10.26389,59.15684],[10.26194,59.15525],[10.26036,59.1526],[10.26127,59.15252],[10.26298,59.15327]]]}},{"type":"Feature","properties":{"k":"current","n":"Lierskogen pukkverk","a":68911,"ikraft":"2011-09-06","planid":"504-908-05-03","kommunenr":"3312"},"geometry":{"type":"Polygon","coordinates":[[[10.29152,59.8154],[10.29339,59.81457],[10.29409,59.81474],[10.29565,59.81483],[10.29587,59.81519],[10.29651,59.81543],[10.29644,59.81549],[10.2968,59.81562],[10.29699,59.81576],[10.29712,59.81677],[10.29433,59.8169],[10.29431,59.81715],[10.29148,59.81735],[10.29162,59.81685],[10.29183,59.81664],[10.29175,59.81589],[10.29152,59.8154]]]}},{"type":"Feature","properties":{"k":"current","n":"Lierskogen Pukkverk","a":342164,"ikraft":"1987-01-21","planid":"504-908-05-02","kommunenr":"3312"},"geometry":{"type":"MultiPolygon","coordinates":[[[[10.29534,59.81481],[10.29409,59.81474],[10.29339,59.81457],[10.29374,59.81418],[10.29365,59.8145],[10.29378,59.81458],[10.29534,59.81473],[10.29534,59.81481]]],[[[10.29292,59.81449],[10.29268,59.8144],[10.2926,59.81442],[10.29271,59.81437],[10.29292,59.81449]]],[[[10.28903,59.81693],[10.28936,59.817],[10.2916,59.81693],[10.29148,59.81735],[10.29431,59.81715],[10.29433,59.8169],[10.29712,59.81677],[10.29699,59.81576],[10.2968,59.81562],[10.29644,59.81549],[10.29651,59.81543],[10.29587,59.81519],[10.29564,59.81486],[10.29819,59.815],[10.2983,59.81586],[10.30043,59.81704],[10.30233,59.81872],[10.30261,59.8188],[10.30241,59.81977],[10.30152,59.82162],[10.30099,59.82202],[10.30045,59.82223],[10.30005,59.82227],[10.29601,59.82227],[10.29423,59.82106],[10.2924,59.82103],[10.29209,59.82073],[10.29209,59.82061],[10.29218,59.82061],[10.2922,59.81923],[10.29201,59.81898],[10.29181,59.81887],[10.29176,59.81891],[10.29144,59.81883],[10.29091,59.81883],[10.29107,59.81822],[10.29118,59.81813],[10.29099,59.81821],[10.29094,59.81848],[10.29095,59.81806],[10.29057,59.81768],[10.29009,59.81748],[10.28835,59.81703],[10.28873,59.81691],[10.28903,59.81693]]],[[[10.28703,59.81644],[10.28736,59.81636],[10.28755,59.81654],[10.28744,59.81657],[10.28703,59.81644]]]]}},{"type":"Feature","properties":{"k":"current","n":"Veum massemottak","a":227572,"ikraft":"2022-06-16","planid":"2019p246","kommunenr":"3405"},"geometry":{"type":"Polygon","coordinates":[[[10.34563,61.15671],[10.34555,61.15634],[10.34476,61.15606],[10.34492,61.15571],[10.34031,61.15359],[10.3409,61.15264],[10.34061,61.15213],[10.34122,61.15168],[10.34153,61.14977],[10.34284,61.14978],[10.34318,61.15008],[10.34351,61.15004],[10.34342,61.14977],[10.34521,61.1499],[10.345,61.15011],[10.34535,61.15072],[10.34469,61.15169],[10.34518,61.15255],[10.34557,61.15284],[10.34809,61.15398],[10.3483,61.15501],[10.34903,61.15561],[10.35055,61.15572],[10.35207,61.15541],[10.35354,61.15476],[10.35442,61.15531],[10.35488,61.15526],[10.35502,61.15535],[10.35239,61.15631],[10.34991,61.15678],[10.34691,61.15696],[10.34563,61.15685],[10.34563,61.15671]]]}},{"type":"Feature","properties":{"k":"current","n":"Re Pukkverk","a":181436,"ikraft":"2016-10-25","planid":"20130020","kommunenr":"3905"},"geometry":{"type":"Polygon","coordinates":[[[10.2893,59.324],[10.28938,59.32291],[10.28885,59.32129],[10.28915,59.32096],[10.28913,59.32054],[10.28946,59.32001],[10.28939,59.3194],[10.28965,59.31867],[10.28939,59.31721],[10.28952,59.31682],[10.2911,59.31677],[10.29111,59.3172],[10.29214,59.31732],[10.29437,59.31786],[10.29352,59.31906],[10.29339,59.32003],[10.29226,59.32229],[10.29231,59.32371],[10.29292,59.3248],[10.2899,59.32504],[10.29005,59.32467],[10.28902,59.32443],[10.2893,59.324]]]}},{"type":"Feature","properties":{"k":"current","n":"Reguleringsplan Sando Pukkverk","a":73525,"ikraft":"2010-11-03","planid":"713114","kommunenr":"3903"},"geometry":{"type":"Polygon","coordinates":[[[10.30035,59.54457],[10.29999,59.54451],[10.299,59.54499],[10.29617,59.54344],[10.2995,59.54196],[10.30185,59.54339],[10.30152,59.54352],[10.30208,59.54417],[10.30189,59.54482],[10.30106,59.54574],[10.30083,59.54582],[10.2997,59.54555],[10.30035,59.54457]]]}},{"type":"Feature","properties":{"k":"current","n":"Taranrød fyllplass","a":239132,"ikraft":"2003-12-03","planid":"15003","kommunenr":"3905"},"geometry":{"type":"Polygon","coordinates":[[[10.29103,59.3023],[10.29085,59.30189],[10.29065,59.30189],[10.29098,59.299],[10.29156,59.29807],[10.29111,59.29702],[10.2913,59.29559],[10.29177,59.29524],[10.29384,59.29453],[10.29439,59.29451],[10.29525,59.2947],[10.29573,59.2946],[10.2963,59.29306],[10.29698,59.29234],[10.29772,59.29204],[10.29782,59.29212],[10.2975,59.29221],[10.29731,59.29243],[10.29718,59.29296],[10.29761,59.29359],[10.29858,59.29369],[10.29889,59.29406],[10.29898,59.29467],[10.29879,59.29485],[10.2991,59.29543],[10.29726,59.29532],[10.29655,59.29551],[10.29733,59.29541],[10.29915,59.29554],[10.29965,59.29677],[10.29948,59.29764],[10.29758,59.30027],[10.29561,59.30027],[10.29524,59.3006],[10.29476,59.30061],[10.29345,59.3011],[10.29181,59.30256],[10.29146,59.30264],[10.29103,59.3023]],[[10.29384,59.29464],[10.29191,59.29531],[10.29157,59.29553],[10.29131,59.2971],[10.29172,59.29781],[10.29173,59.29818],[10.29319,59.29813],[10.29376,59.29824],[10.29388,59.29883],[10.29497,59.29902],[10.29546,59.29771],[10.29556,59.29673],[10.29596,59.29658],[10.29572,59.29595],[10.29642,59.29494],[10.29626,59.29481],[10.29574,59.29472],[10.29522,59.29479],[10.29433,59.29459],[10.29384,59.29464]]]}},{"type":"Feature","properties":{"k":"current","n":"Taranrød pukkverk, del av gbnr. 36/11","a":95057,"ikraft":"2015-11-11","planid":"20140101","kommunenr":"3905"},"geometry":{"type":"Polygon","coordinates":[[[10.29384,59.29464],[10.29433,59.29459],[10.29522,59.29479],[10.29574,59.29472],[10.29626,59.29481],[10.29642,59.29494],[10.29572,59.29595],[10.29596,59.29658],[10.29556,59.29673],[10.29546,59.29771],[10.29497,59.29902],[10.29388,59.29883],[10.29376,59.29824],[10.29319,59.29813],[10.29173,59.29818],[10.29172,59.29781],[10.29131,59.2971],[10.29157,59.29553],[10.29191,59.29531],[10.29384,59.29464]]]}},{"type":"Feature","properties":{"k":"current","n":"Taranrød pukkverk øst","a":67892,"ikraft":"2017-12-06","planid":"20150124","kommunenr":"3905"},"geometry":{"type":"Polygon","coordinates":[[[10.29735,59.30058],[10.29948,59.29764],[10.29965,59.29677],[10.29915,59.29554],[10.29733,59.29541],[10.29655,59.29551],[10.29726,59.29532],[10.2991,59.29543],[10.29879,59.29485],[10.30113,59.29499],[10.30095,59.29542],[10.30118,59.29765],[10.30015,59.30001],[10.29887,59.30052],[10.29735,59.30058]]]}},{"type":"Feature","properties":{"k":"current","n":"Utvidelse Taranrød pukkverk og deponi","a":22052,"ikraft":"2023-11-08","planid":"20210205","kommunenr":"3905"},"geometry":{"type":"Polygon","coordinates":[[[10.30095,59.29542],[10.30329,59.29542],[10.3032,59.29699],[10.30111,59.29698],[10.30095,59.29542]]]}},{"type":"Feature","properties":{"k":"current","n":"Himberg pukkverk","a":210542,"ikraft":"2016-06-21","planid":"20120016","kommunenr":"3905"},"geometry":{"type":"Polygon","coordinates":[[[10.29292,59.3248],[10.29231,59.32371],[10.29226,59.32229],[10.29339,59.32003],[10.29352,59.31906],[10.29437,59.31786],[10.29498,59.31717],[10.2966,59.31723],[10.29857,59.31707],[10.29965,59.31719],[10.30044,59.31746],[10.30036,59.31784],[10.29812,59.32006],[10.2973,59.3206],[10.29759,59.32072],[10.29664,59.32173],[10.29571,59.32389],[10.29538,59.32388],[10.29403,59.32457],[10.29292,59.3248]]]}},{"type":"Feature","properties":{"k":"current","n":"Enger Østre, løsmasseuttak","a":449075,"ikraft":"1992-03-10","planid":"504-905-04","kommunenr":"3312"},"geometry":{"type":"Polygon","coordinates":[[[10.32379,59.8974],[10.32252,59.89596],[10.3224,59.89519],[10.32497,59.8938],[10.33068,59.90318],[10.3283,59.90386],[10.32538,59.90516],[10.31975,59.90191],[10.31931,59.90175],[10.31785,59.90152],[10.31788,59.89867],[10.319,59.89903],[10.32058,59.89865],[10.32106,59.8981],[10.32373,59.89788],[10.32379,59.8974]]]}},{"type":"Feature","properties":{"k":"current","n":"Trollmyra Avfallsplass","a":246966,"ikraft":"1991-09-26","planid":"209","kommunenr":"3305"},"geometry":{"type":"Polygon","coordinates":[[[10.33523,60.22329],[10.33676,60.22205],[10.34284,60.21992],[10.34485,60.22093],[10.34734,60.22261],[10.34469,60.22314],[10.34155,60.22406],[10.33764,60.22533],[10.33527,60.22629],[10.33247,60.22553],[10.33494,60.22353],[10.33575,60.22318],[10.33523,60.22329]]]}},{"type":"Feature","properties":{"k":"current","n":"Solum pukkverk","a":99674,"ikraft":"2019-06-19","planid":"2017041","kommunenr":"3903"},"geometry":{"type":"Polygon","coordinates":[[[10.32109,59.46218],[10.31954,59.46209],[10.31886,59.46016],[10.32,59.4599],[10.3205,59.45936],[10.32071,59.45834],[10.32048,59.45816],[10.31975,59.45794],[10.32035,59.45768],[10.32033,59.45757],[10.32057,59.4575],[10.32077,59.45759],[10.32219,59.45716],[10.32263,59.45732],[10.32255,59.45766],[10.32306,59.45802],[10.3238,59.45824],[10.32371,59.45855],[10.32334,59.45866],[10.32319,59.45971],[10.32346,59.46074],[10.32231,59.46224],[10.32109,59.46218]]]}},{"type":"Feature","properties":{"k":"current","n":"Solum pukkverk, gbnr. 12/1 og 12/2","a":123057,"ikraft":"2013-02-20","planid":"2011011","kommunenr":"3903"},"geometry":{"type":"Polygon","coordinates":[[[10.32107,59.46261],[10.31865,59.46251],[10.31789,59.4603],[10.31772,59.45593],[10.32195,59.45589],[10.32248,59.45631],[10.32248,59.45659],[10.32207,59.45685],[10.32219,59.45716],[10.32077,59.45759],[10.32057,59.4575],[10.32033,59.45757],[10.32035,59.45768],[10.31975,59.45794],[10.32061,59.45823],[10.32074,59.45868],[10.32016,59.45981],[10.31957,59.46006],[10.31886,59.46016],[10.31954,59.46209],[10.32231,59.46224],[10.32346,59.46074],[10.32319,59.45971],[10.32334,59.45866],[10.32371,59.45855],[10.3238,59.45824],[10.32419,59.45831],[10.32415,59.4587],[10.32432,59.45868],[10.32476,59.45894],[10.32461,59.45939],[10.32366,59.45949],[10.32347,59.45971],[10.32367,59.46077],[10.32386,59.46082],[10.32236,59.46267],[10.32107,59.46261]]]}},{"type":"Feature","properties":{"k":"current","n":"Toverud, løsmasseuttak","a":48416,"ikraft":"1993-03-30","planid":"504-905-07","kommunenr":"3312"},"geometry":{"type":"Polygon","coordinates":[[[10.34301,59.92528],[10.34252,59.92135],[10.33793,59.92049],[10.34054,59.91902],[10.34077,59.91883],[10.34089,59.91808],[10.34211,59.91806],[10.34301,59.92528]]]}},{"type":"Feature","properties":{"k":"current","n":"Istandsetting av Toverud masseuttak","a":153771,"ikraft":"2023-03-28","planid":"2019-03","kommunenr":"3312"},"geometry":{"type":"Polygon","coordinates":[[[10.3379,59.92049],[10.34252,59.92135],[10.34304,59.92554],[10.34257,59.92597],[10.34197,59.92599],[10.34125,59.92572],[10.34052,59.92531],[10.33994,59.92519],[10.33957,59.92482],[10.33778,59.92439],[10.3371,59.92394],[10.3365,59.92289],[10.33662,59.92195],[10.33706,59.92155],[10.33691,59.92124],[10.33733,59.92112],[10.3379,59.92049]]]}},{"type":"Feature","properties":{"k":"current","n":"Randsfjorden Golf og nye Moen grustak","a":271133,"ikraft":"2001-06-25","planid":"0536032","kommunenr":"3447"},"geometry":{"type":"Polygon","coordinates":[[[10.36491,60.64319],[10.36484,60.6436],[10.36458,60.64363],[10.36579,60.64578],[10.36606,60.64687],[10.36788,60.64678],[10.36781,60.6464],[10.36808,60.64643],[10.36835,60.64614],[10.36774,60.64606],[10.36801,60.64609],[10.3694,60.64545],[10.37073,60.64563],[10.37151,60.64537],[10.37165,60.64454],[10.37277,60.64474],[10.37271,60.64507],[10.37375,60.64491],[10.37579,60.64497],[10.37642,60.64653],[10.37513,60.64726],[10.37387,60.64843],[10.37347,60.64845],[10.37323,60.64819],[10.37271,60.64799],[10.37205,60.64815],[10.37205,60.64799],[10.36927,60.64808],[10.36797,60.64833],[10.36726,60.64814],[10.36496,60.6482],[10.36413,60.648],[10.36352,60.64809],[10.3633,60.64833],[10.36227,60.64864],[10.36212,60.6474],[10.36101,60.64612],[10.361,60.64569],[10.36155,60.6451],[10.36219,60.64353],[10.36191,60.64299],[10.36491,60.64319]]]}},{"type":"Feature","properties":{"k":"current","n":"Øyer grustak - Rabben nord endring","a":196207,"ikraft":"2024-05-08","planid":"201105A","kommunenr":"3440"},"geometry":{"type":"Polygon","coordinates":[[[10.38993,61.27099],[10.38725,61.27029],[10.39025,61.26901],[10.39484,61.26614],[10.39834,61.26434],[10.40258,61.26549],[10.40225,61.26588],[10.40092,61.26643],[10.40049,61.26675],[10.39559,61.26885],[10.39265,61.26989],[10.39185,61.27035],[10.38993,61.27099]]]}},{"type":"Feature","properties":{"k":"current","n":"Hovemoen Masseuttak-Næringsområde","a":363282,"ikraft":"2006-11-02","planid":"Plan-174","kommunenr":"3405"},"geometry":{"type":"MultiPolygon","coordinates":[[[[10.40436,61.14109],[10.40463,61.14124],[10.40475,61.14156],[10.40453,61.14171],[10.40597,61.14169],[10.40545,61.1405],[10.40557,61.14012],[10.40754,61.13976],[10.40801,61.13988],[10.4078,61.13943],[10.40308,61.13821],[10.40298,61.13926],[10.40283,61.1394],[10.40218,61.13948],[10.40205,61.13983],[10.40174,61.13959],[10.40183,61.14004],[10.40199,61.14025],[10.40319,61.1403],[10.40318,61.14054],[10.40431,61.14043],[10.40436,61.14109]]],[[[10.42093,61.13359],[10.42093,61.13129],[10.42109,61.13115],[10.41676,61.131],[10.41652,61.13338],[10.41753,61.13358],[10.42093,61.13359]]],[[[10.41742,61.13427],[10.41552,61.13522],[10.41541,61.13517],[10.4152,61.13527],[10.41588,61.1357],[10.41521,61.13617],[10.4143,61.1363],[10.41382,61.13591],[10.41346,61.13608],[10.41154,61.13607],[10.41128,61.13666],[10.41229,61.1369],[10.41258,61.13664],[10.41299,61.13674],[10.41261,61.13742],[10.41323,61.13772],[10.41304,61.13799],[10.41178,61.13753],[10.41149,61.13765],[10.41157,61.13786],[10.41136,61.13809],[10.41151,61.13856],[10.41204,61.13877],[10.41188,61.13886],[10.41196,61.13931],[10.41165,61.13951],[10.41215,61.14113],[10.41295,61.1428],[10.41329,61.14304],[10.41455,61.14147],[10.41519,61.14113],[10.41557,61.14068],[10.41699,61.13999],[10.41723,61.13968],[10.41687,61.13949],[10.41735,61.13963],[10.41731,61.1392],[10.41766,61.13887],[10.41806,61.13791],[10.41924,61.13639],[10.42039,61.13561],[10.42154,61.13394],[10.42047,61.1344],[10.41753,61.13358],[10.41742,61.13427]]]]}},{"type":"Feature","properties":{"k":"current","n":"Bottum grustak","a":115542,"ikraft":"2024-01-25","planid":"2021p253","kommunenr":"3405"},"geometry":{"type":"Polygon","coordinates":[[[10.40672,61.18114],[10.40615,61.18018],[10.4047,61.17893],[10.40516,61.17818],[10.40425,61.17726],[10.40353,61.17698],[10.40257,61.1769],[10.40214,61.17658],[10.40086,61.17606],[10.40047,61.17573],[10.39967,61.1756],[10.39855,61.17641],[10.39762,61.17637],[10.39803,61.17741],[10.39775,61.17743],[10.39738,61.1766],[10.39681,61.17591],[10.39659,61.1752],[10.3968,61.17519],[10.39748,61.17621],[10.39808,61.17615],[10.39918,61.17567],[10.39994,61.17493],[10.40038,61.17493],[10.40082,61.17511],[10.4014,61.17571],[10.40279,61.17606],[10.40428,61.17661],[10.40517,61.17719],[10.40708,61.17678],[10.40958,61.182],[10.40979,61.18212],[10.40945,61.1823],[10.40792,61.18239],[10.40672,61.18114]]]}},{"type":"Feature","properties":{"k":"current","n":"Øvre Dahl steinbrudd","a":68216,"ikraft":"2021-08-26","planid":"2019p240","kommunenr":"3405"},"geometry":{"type":"Polygon","coordinates":[[[10.40229,61.18488],[10.39736,61.18512],[10.39701,61.18468],[10.39583,61.18405],[10.39523,61.18295],[10.39847,61.18253],[10.40156,61.18402],[10.40229,61.18488]]]}},{"type":"Feature","properties":{"k":"current","n":"Freste pukkverk nord","a":60261,"ikraft":"2011-04-13","planid":"20090011","kommunenr":"3905"},"geometry":{"type":"Polygon","coordinates":[[[10.33656,59.3186],[10.3367,59.31554],[10.3369,59.31488],[10.33717,59.31469],[10.33784,59.31472],[10.33843,59.31497],[10.34046,59.31662],[10.33986,59.31722],[10.33874,59.31779],[10.33732,59.31847],[10.33656,59.3186]]]}},{"type":"Feature","properties":{"k":"current","n":"Freste pukkverk","a":276268,"ikraft":"2010-02-03","planid":"24002","kommunenr":"3905"},"geometry":{"type":"Polygon","coordinates":[[[10.34264,59.30819],[10.34336,59.3086],[10.34426,59.3095],[10.34421,59.31074],[10.34523,59.31406],[10.34504,59.31443],[10.3444,59.31496],[10.34261,59.31555],[10.34101,59.31642],[10.34071,59.31626],[10.34046,59.31662],[10.33843,59.31497],[10.33784,59.31472],[10.33717,59.31469],[10.33694,59.31382],[10.33727,59.31197],[10.33753,59.31203],[10.33783,59.31154],[10.33934,59.31098],[10.33942,59.31038],[10.33912,59.31033],[10.34054,59.30935],[10.34264,59.30819]]]}},{"type":"Feature","properties":{"k":"current","n":"IC Nykirke-Barkåker, jernbane og deponier","a":2321560,"ikraft":"2018-06-19","planid":"00401","kommunenr":"3901"},"geometry":{"type":"MultiPolygon","coordinates":[[[[10.39589,59.37603],[10.39553,59.37618],[10.39511,59.37669],[10.39552,59.37666],[10.39579,59.37686],[10.39575,59.37651],[10.396,59.37646],[10.3961,59.37624],[10.39589,59.37603]]],[[[10.37591,59.40368],[10.37614,59.40324],[10.37497,59.40316],[10.37475,59.40271],[10.37394,59.40246],[10.37344,59.40179],[10.37343,59.40103],[10.37434,59.40074],[10.37247,59.40123],[10.37299,59.40261],[10.37466,59.40358],[10.3768,59.40398],[10.37669,59.40424],[10.3771,59.40506],[10.37588,59.40792],[10.37539,59.40837],[10.37042,59.41704],[10.37012,59.41804],[10.3706,59.41825],[10.36999,59.41922],[10.36877,59.4189],[10.36863,59.41906],[10.36568,59.41837],[10.36515,59.41835],[10.36527,59.4208],[10.36541,59.42112],[10.3664,59.42171],[10.36714,59.42317],[10.36548,59.42427],[10.36564,59.42473],[10.36551,59.42492],[10.36523,59.425],[10.36521,59.4258],[10.36309,59.42853],[10.36034,59.42794],[10.35945,59.42792],[10.35939,59.42827],[10.35879,59.42836],[10.35804,59.42918],[10.3564,59.43278],[10.35653,59.43301],[10.35631,59.43329],[10.35619,59.43431],[10.35133,59.43885],[10.35131,59.43984],[10.35033,59.44104],[10.35158,59.44125],[10.35142,59.44188],[10.35094,59.44238],[10.35074,59.44299],[10.35123,59.44321],[10.35314,59.44256],[10.35169,59.44166],[10.35177,59.44115],[10.35253,59.44019],[10.35301,59.44011],[10.355,59.43762],[10.35685,59.43609],[10.3609,59.43356],[10.364,59.4321],[10.36438,59.43206],[10.36337,59.43506],[10.37049,59.43654],[10.37056,59.43645],[10.36364,59.43499],[10.36468,59.43211],[10.36448,59.43189],[10.36955,59.42981],[10.37782,59.42692],[10.37766,59.4268],[10.37631,59.42722],[10.3654,59.43116],[10.36638,59.42815],[10.36675,59.42793],[10.36643,59.42754],[10.36646,59.4272],[10.36819,59.42476],[10.36836,59.42456],[10.36869,59.42463],[10.36893,59.42432],[10.37054,59.4241],[10.37042,59.42389],[10.3701,59.42387],[10.3703,59.42383],[10.36988,59.42377],[10.37005,59.4236],[10.37,59.42262],[10.37022,59.42259],[10.37037,59.42234],[10.37013,59.42224],[10.3713,59.42037],[10.37192,59.41974],[10.37207,59.41917],[10.37221,59.41903],[10.37293,59.41919],[10.37318,59.41865],[10.37236,59.41857],[10.3723,59.41839],[10.37417,59.41491],[10.37482,59.41457],[10.37788,59.41483],[10.37957,59.41473],[10.37964,59.41451],[10.38017,59.41428],[10.38068,59.41384],[10.38824,59.41056],[10.38785,59.41048],[10.3874,59.41065],[10.38042,59.41368],[10.37992,59.41415],[10.37911,59.4146],[10.37784,59.41464],[10.37654,59.41447],[10.37583,59.41448],[10.37444,59.41404],[10.37689,59.40972],[10.37727,59.40865],[10.37828,59.40755],[10.37891,59.40549],[10.37915,59.40525],[10.38009,59.40509],[10.38071,59.40547],[10.38248,59.40587],[10.38356,59.40556],[10.38525,59.40421],[10.38609,59.40258],[10.3868,59.40239],[10.38807,59.40158],[10.39041,59.40151],[10.392,59.40056],[10.39381,59.39991],[10.39662,59.40053],[10.39812,59.40196],[10.40066,59.40252],[10.40138,59.40101],[10.40176,59.40073],[10.40125,59.40011],[10.40246,59.39981],[10.40168,59.39784],[10.40136,59.39585],[10.40092,59.39612],[10.40006,59.39547],[10.39862,59.39608],[10.39879,59.39585],[10.39845,59.39574],[10.39743,59.3967],[10.39604,59.39658],[10.39514,59.39581],[10.39535,59.39562],[10.39411,59.39532],[10.39175,59.39527],[10.39047,59.39488],[10.3899,59.3944],[10.39028,59.39408],[10.39054,59.39345],[10.3924,59.391],[10.39387,59.38841],[10.3944,59.38834],[10.39514,59.3885],[10.39671,59.38808],[10.39707,59.38828],[10.39738,59.38891],[10.39705,59.38977],[10.39774,59.39077],[10.39803,59.39071],[10.39742,59.3897],[10.39782,59.38925],[10.3978,59.38873],[10.39671,59.38696],[10.39654,59.38574],[10.39827,59.38493],[10.39751,59.38482],[10.39706,59.38522],[10.39626,59.38556],[10.39591,59.38542],[10.39594,59.38488],[10.39632,59.38443],[10.39584,59.38339],[10.3955,59.38304],[10.39571,59.37941],[10.39623,59.37939],[10.39621,59.37928],[10.39571,59.37928],[10.3962,59.37925],[10.39621,59.3786],[10.39536,59.37856],[10.39534,59.37789],[10.39648,59.37814],[10.39883,59.37792],[10.40023,59.37797],[10.40022,59.37757],[10.39508,59.37738],[10.39511,59.3767],[10.39496,59.37729],[10.39355,59.37725],[10.39243,59.37848],[10.39196,59.37855],[10.39108,59.37916],[10.39142,59.38001],[10.39176,59.37995],[10.39193,59.38017],[10.39481,59.38016],[10.39452,59.38363],[10.39361,59.38363],[10.39341,59.38325],[10.39246,59.38683],[10.39099,59.38982],[10.38887,59.39278],[10.38705,59.39476],[10.38638,59.39506],[10.3864,59.39539],[10.38568,59.39604],[10.38509,59.39633],[10.38387,59.39659],[10.38365,59.39673],[10.38339,59.39729],[10.38361,59.39785],[10.38067,59.40076],[10.38192,59.40189],[10.3843,59.39937],[10.38443,59.40011],[10.38426,59.40157],[10.38476,59.40224],[10.3845,59.40243],[10.38481,59.40225],[10.38431,59.40159],[10.38449,59.39986],[10.38527,59.40015],[10.38632,59.39988],[10.38675,59.39961],[10.38752,59.39978],[10.38816,59.39971],[10.38835,59.39952],[10.3883,59.39926],[10.38872,59.39899],[10.38806,59.39915],[10.38794,59.39957],[10.38764,59.39961],[10.38703,59.39944],[10.38661,59.39944],[10.38611,59.39973],[10.38522,59.39997],[10.38447,59.39967],[10.38434,59.39934],[10.38677,59.39717],[10.38765,59.39742],[10.38866,59.39736],[10.3895,59.39695],[10.38968,59.39628],[10.39075,59.39628],[10.39117,59.39736],[10.38962,59.39807],[10.38881,59.39893],[10.38915,59.39871],[10.38953,59.39818],[10.39121,59.39737],[10.3917,59.39755],[10.39175,59.39778],[10.39372,59.39703],[10.39484,59.39751],[10.39383,59.39926],[10.39338,59.39955],[10.3912,59.40022],[10.39076,59.40067],[10.39019,59.40093],[10.38877,59.40124],[10.3876,59.40129],[10.38701,59.40141],[10.38669,59.40206],[10.38554,59.40231],[10.3846,59.40403],[10.38338,59.40496],[10.38167,59.40533],[10.38295,59.40355],[10.38285,59.40344],[10.38377,59.40287],[10.38319,59.40306],[10.38268,59.40343],[10.38189,59.40307],[10.3793,59.40384],[10.37591,59.40368]],[[10.38643,59.39508],[10.387,59.3948],[10.38644,59.39535],[10.38643,59.39508]],[[10.38365,59.39782],[10.38344,59.39726],[10.38373,59.39671],[10.3848,59.39648],[10.38562,59.39609],[10.38365,59.39782]],[[10.36798,59.41905],[10.36877,59.41959],[10.36783,59.42031],[10.36838,59.42084],[10.36772,59.42202],[10.36672,59.42215],[10.36648,59.42168],[10.36549,59.4211],[10.36526,59.41861],[10.36554,59.41851],[10.36798,59.41905]]],[[[10.3845,59.40243],[10.38377,59.40287],[10.384,59.4028],[10.3845,59.40243]]],[[[10.38869,59.36685],[10.38795,59.36593],[10.38774,59.36601],[10.38869,59.36685]]],[[[10.38831,59.36917],[10.38883,59.36911],[10.38861,59.36862],[10.38917,59.36852],[10.3892,59.36839],[10.38897,59.3672],[10.38875,59.36693],[10.389,59.36763],[10.38892,59.36836],[10.38836,59.36853],[10.38831,59.36917]]],[[[10.39592,59.37192],[10.39617,59.37191],[10.3962,59.37176],[10.396,59.37157],[10.39645,59.36881],[10.39669,59.36569],[10.39705,59.36544],[10.39695,59.36525],[10.39672,59.36523],[10.39673,59.36506],[10.39743,59.36537],[10.39781,59.3654],[10.39804,59.36513],[10.39784,59.36508],[10.39785,59.36448],[10.40094,59.36307],[10.4013,59.36235],[10.40191,59.3619],[10.4036,59.36136],[10.40337,59.36109],[10.40132,59.36156],[10.40091,59.36183],[10.39967,59.36216],[10.39841,59.36223],[10.3972,59.36269],[10.39759,59.36214],[10.39922,59.35304],[10.40119,59.35275],[10.40242,59.35303],[10.40215,59.35242],[10.40113,59.35135],[10.40091,59.34956],[10.40008,59.34948],[10.39789,59.34948],[10.39642,59.34989],[10.39643,59.35051],[10.39517,59.35213],[10.39397,59.35245],[10.39317,59.35426],[10.39241,59.35745],[10.39355,59.36232],[10.39321,59.36278],[10.39184,59.36313],[10.39151,59.36433],[10.39057,59.36485],[10.38877,59.36542],[10.38887,59.36563],[10.38907,59.36559],[10.38904,59.36548],[10.39087,59.36484],[10.39167,59.36439],[10.39195,59.36324],[10.39353,59.36274],[10.39384,59.362],[10.39394,59.36296],[10.39372,59.36437],[10.39345,59.36473],[10.39481,59.36509],[10.39447,59.36732],[10.39534,59.36902],[10.39527,59.36952],[10.39501,59.36983],[10.39559,59.37068],[10.39565,59.37175],[10.39541,59.37232],[10.39565,59.37281],[10.39561,59.37327],[10.39592,59.37192]],[[10.3963,59.35756],[10.39599,59.35396],[10.39654,59.35281],[10.3972,59.35287],[10.39686,59.35422],[10.3963,59.35756]]]]}},{"type":"Feature","properties":{"k":"current","n":"Mindre endring Hovemoen masseuttak","a":7062,"ikraft":"2018-05-09","planid":"2017p174e01","kommunenr":"3405"},"geometry":{"type":"Polygon","coordinates":[[[10.41406,61.13619],[10.41382,61.13591],[10.4152,61.13527],[10.41588,61.1357],[10.4156,61.13596],[10.41485,61.13626],[10.4143,61.1363],[10.41406,61.13619]]]}},{"type":"Feature","properties":{"k":"current","n":"Våsjøen Grustak","a":110653,"ikraft":"2004-02-19","planid":"603","kommunenr":"3440"},"geometry":{"type":"Polygon","coordinates":[[[10.45439,61.38778],[10.45421,61.38841],[10.45327,61.38866],[10.45294,61.3882],[10.44959,61.38804],[10.44856,61.38752],[10.44867,61.38734],[10.44906,61.38721],[10.44887,61.3852],[10.45002,61.38501],[10.45454,61.38609],[10.45544,61.3865],[10.45738,61.38783],[10.45597,61.38839],[10.4549,61.38785],[10.45439,61.38778]]]}},{"type":"Feature","properties":{"k":"current","n":"Massedeponi Nordre Hem, gbnr. 143/1","a":54505,"ikraft":"2017-06-13","planid":"20160036","kommunenr":"3905"},"geometry":{"type":"Polygon","coordinates":[[[10.37283,59.35794],[10.37278,59.35739],[10.37298,59.35737],[10.37432,59.35583],[10.37518,59.35583],[10.37535,59.35561],[10.37544,59.35622],[10.37443,59.35757],[10.37424,59.35889],[10.37439,59.35995],[10.37474,59.36038],[10.37464,59.36167],[10.37296,59.36116],[10.37283,59.35794]]]}},{"type":"Feature","properties":{"k":"current","n":"Dobbeltspor og deponiområder Nykirke-Barkåker","a":171313,"ikraft":"2018-06-19","planid":"20160037","kommunenr":"3901"},"geometry":{"type":"MultiPolygon","coordinates":[[[[10.37614,59.40324],[10.37716,59.40334],[10.37899,59.40273],[10.38067,59.40076],[10.38192,59.40189],[10.38137,59.40256],[10.38188,59.40308],[10.3793,59.40384],[10.37591,59.40368],[10.37614,59.40324]]],[[[10.39196,59.37855],[10.39194,59.37826],[10.39136,59.37819],[10.39055,59.37775],[10.38953,59.37773],[10.38982,59.37732],[10.38846,59.37732],[10.38765,59.37751],[10.38728,59.37747],[10.38572,59.37707],[10.3851,59.37682],[10.38512,59.37664],[10.38703,59.37688],[10.38727,59.3765],[10.38745,59.37666],[10.38885,59.37687],[10.389,59.37673],[10.3904,59.37687],[10.39083,59.3768],[10.39082,59.37539],[10.39187,59.37531],[10.39188,59.3747],[10.39337,59.3734],[10.39411,59.37351],[10.39465,59.37399],[10.39564,59.37398],[10.39545,59.37503],[10.39571,59.37608],[10.39513,59.37665],[10.39496,59.37729],[10.39355,59.37725],[10.39243,59.37848],[10.39196,59.37855]]]]}},{"type":"Feature","properties":{"k":"current","n":"Dobbeltspor og deponiområder Nykirke-Barkåker","a":569773,"ikraft":"2018-06-20","planid":"20160146","kommunenr":"3905"},"geometry":{"type":"Polygon","coordinates":[[[10.40091,59.34956],[10.39861,59.34948],[10.39956,59.34783],[10.39887,59.34768],[10.39879,59.34743],[10.39908,59.34736],[10.39967,59.34748],[10.39991,59.34662],[10.39894,59.34595],[10.39916,59.3447],[10.39952,59.34338],[10.40006,59.343],[10.40009,59.34189],[10.40086,59.3406],[10.40107,59.33979],[10.40077,59.33782],[10.39996,59.33493],[10.39914,59.33458],[10.3985,59.33305],[10.39733,59.33254],[10.39771,59.3317],[10.39662,59.33108],[10.39662,59.33033],[10.39703,59.32967],[10.39693,59.32927],[10.39632,59.32893],[10.39555,59.32971],[10.3952,59.32981],[10.39478,59.3295],[10.39389,59.32986],[10.39274,59.32975],[10.39049,59.32858],[10.38825,59.32716],[10.38768,59.32618],[10.38785,59.32433],[10.38588,59.32433],[10.38342,59.32464],[10.38143,59.32473],[10.38154,59.32437],[10.38532,59.32402],[10.38888,59.32396],[10.3889,59.32644],[10.38921,59.32736],[10.38986,59.3275],[10.39207,59.32724],[10.39275,59.32809],[10.3932,59.32815],[10.39381,59.32801],[10.39403,59.32769],[10.3935,59.32741],[10.39354,59.32713],[10.39238,59.3251],[10.39237,59.32449],[10.39253,59.32458],[10.39501,59.32761],[10.39628,59.32829],[10.39691,59.32815],[10.3989,59.33072],[10.40049,59.33349],[10.40165,59.33346],[10.40207,59.33425],[10.40256,59.33425],[10.40283,59.34179],[10.40499,59.34165],[10.40543,59.34174],[10.40592,59.34164],[10.40646,59.34193],[10.40907,59.34246],[10.408,59.34321],[10.40796,59.34469],[10.40699,59.34523],[10.40226,59.34611],[10.40211,59.34643],[10.40237,59.34657],[10.40219,59.34664],[10.40182,59.34805],[10.40091,59.34956]]]}},{"type":"Feature","properties":{"k":"current","n":"Dobbeltspor og deponiområder Nykirke-Barkåker","a":113131,"ikraft":"2018-06-19","planid":"20160037","kommunenr":"3905"},"geometry":{"type":"MultiPolygon","coordinates":[[[[10.3892,59.36839],[10.38897,59.3672],[10.38825,59.36636],[10.38911,59.36718],[10.3892,59.36839]]],[[[10.38754,59.37661],[10.38846,59.37674],[10.38901,59.3766],[10.389,59.37673],[10.38885,59.37687],[10.38745,59.37666],[10.38754,59.37661]]],[[[10.39082,59.37539],[10.3912,59.3741],[10.3922,59.37376],[10.39375,59.37284],[10.39391,59.37081],[10.39314,59.37047],[10.3934,59.36985],[10.39318,59.36694],[10.39283,59.36621],[10.39345,59.36473],[10.39481,59.36509],[10.39447,59.36732],[10.39534,59.36902],[10.39527,59.36952],[10.39501,59.36983],[10.39559,59.37068],[10.39565,59.37175],[10.39541,59.37232],[10.39565,59.37281],[10.39564,59.37398],[10.39465,59.37399],[10.39411,59.37351],[10.39337,59.3734],[10.39188,59.3747],[10.39187,59.37531],[10.39082,59.37539]]]]}},{"type":"Feature","properties":{"k":"current","n":"Juve pukkverk","a":404757,"ikraft":"1996-03-18","planid":"071119960001","kommunenr":"3301"},"geometry":{"type":"Polygon","coordinates":[[[10.40179,59.63562],[10.40179,59.63685],[10.39849,59.63861],[10.39566,59.64154],[10.3909,59.6432],[10.38818,59.64049],[10.39219,59.63588],[10.39957,59.63416],[10.40179,59.63562]]]}},{"type":"Feature","properties":{"k":"current","n":"Lofterød gjenvinningsstasjon","a":32404,"ikraft":"2013-03-05","planid":"2012002","kommunenr":"3911"},"geometry":{"type":"Polygon","coordinates":[[[10.39637,59.19686],[10.39769,59.1968],[10.39773,59.19767],[10.39739,59.19768],[10.39743,59.19813],[10.39761,59.19812],[10.39767,59.19835],[10.39846,59.19847],[10.39907,59.19845],[10.39947,59.19833],[10.39955,59.19797],[10.39979,59.19796],[10.40025,59.19872],[10.40002,59.1988],[10.40079,59.19918],[10.3965,59.19909],[10.39614,59.19743],[10.39637,59.19686]]]}},{"type":"Feature","properties":{"k":"current","n":"Skaane pukkverk","a":82951,"ikraft":"2001-04-30","planid":"00279","kommunenr":"3901"},"geometry":{"type":"Polygon","coordinates":[[[10.39508,59.43505],[10.39509,59.43482],[10.39563,59.43431],[10.39514,59.4338],[10.39588,59.43292],[10.39567,59.43285],[10.39552,59.4325],[10.39569,59.43176],[10.39596,59.43161],[10.39691,59.4315],[10.39773,59.43117],[10.39925,59.43018],[10.39988,59.43017],[10.40124,59.43073],[10.40131,59.43086],[10.40024,59.43161],[10.40002,59.43158],[10.3996,59.43195],[10.39989,59.43204],[10.39944,59.43229],[10.39921,59.43298],[10.39881,59.43313],[10.39871,59.43361],[10.39575,59.43458],[10.39508,59.43505]]]}},{"type":"Feature","properties":{"k":"current","n":"ISI MILJØPARK","a":597468,"ikraft":"2007-04-25","planid":"2000033","kommunenr":"3201"},"geometry":{"type":"Polygon","coordinates":[[[10.43644,59.93523],[10.43639,59.93503],[10.43706,59.93478],[10.43758,59.9348],[10.43812,59.93491],[10.43835,59.93476],[10.44072,59.93477],[10.44067,59.93483],[10.44076,59.93484],[10.44112,59.93434],[10.44096,59.9336],[10.44136,59.93288],[10.44135,59.9324],[10.4419,59.93258],[10.44399,59.93224],[10.44426,59.93237],[10.444,59.93375],[10.44342,59.93373],[10.44316,59.93398],[10.4431,59.9343],[10.44323,59.93479],[10.44303,59.93506],[10.44314,59.93535],[10.4433,59.93546],[10.44471,59.93593],[10.44619,59.93672],[10.44867,59.93729],[10.44903,59.93743],[10.44926,59.93764],[10.44964,59.93767],[10.44968,59.9383],[10.44991,59.93857],[10.44956,59.93908],[10.4471,59.93903],[10.44677,59.9391],[10.4467,59.93917],[10.44646,59.93911],[10.44511,59.93942],[10.44447,59.93933],[10.44404,59.93944],[10.44271,59.93947],[10.44214,59.93936],[10.44115,59.93943],[10.44004,59.93969],[10.43902,59.94022],[10.43945,59.93938],[10.43945,59.93903],[10.43929,59.93877],[10.4394,59.93935],[10.43931,59.93936],[10.43879,59.94042],[10.43844,59.94061],[10.43751,59.94089],[10.43724,59.94109],[10.43711,59.94141],[10.43675,59.94161],[10.43618,59.94181],[10.43593,59.94184],[10.43509,59.94158],[10.43398,59.94158],[10.43321,59.94204],[10.43263,59.94223],[10.43129,59.9425],[10.43062,59.94287],[10.42973,59.94317],[10.42979,59.94321],[10.42933,59.94339],[10.42912,59.94325],[10.42901,59.94287],[10.4293,59.94285],[10.42895,59.94229],[10.42884,59.94163],[10.4285,59.94136],[10.42777,59.94116],[10.42896,59.93997],[10.42782,59.93936],[10.42932,59.93911],[10.43073,59.93876],[10.43095,59.93817],[10.43141,59.93784],[10.4333,59.93699],[10.4338,59.93692],[10.43466,59.93706],[10.43503,59.93699],[10.43534,59.93675],[10.43506,59.93643],[10.43517,59.93605],[10.43644,59.93523]]]}},{"type":"Feature","properties":{"k":"current","n":"Skoppum pukkverk","a":131536,"ikraft":"2006-09-18","planid":"00324","kommunenr":"3901"},"geometry":{"type":"Polygon","coordinates":[[[10.416,59.37964],[10.41491,59.37934],[10.41368,59.37874],[10.41303,59.37854],[10.41318,59.3771],[10.41416,59.37647],[10.41454,59.37605],[10.41485,59.37486],[10.41503,59.37477],[10.41781,59.37562],[10.41863,59.37569],[10.4197,59.37619],[10.41901,59.37687],[10.41819,59.3783],[10.41863,59.3787],[10.41837,59.3791],[10.41875,59.37936],[10.41836,59.37938],[10.41778,59.37918],[10.41731,59.37957],[10.41603,59.37975],[10.416,59.37964]]]}},{"type":"Feature","properties":{"k":"current","n":"Detaljregulering for snødeponi i Bøveien 4","a":26554,"ikraft":"2025-05-06","planid":"202403","kommunenr":"3203"},"geometry":{"type":"Polygon","coordinates":[[[10.44687,59.77276],[10.44743,59.77284],[10.44783,59.773],[10.4487,59.77374],[10.44878,59.77391],[10.44874,59.77411],[10.44849,59.77427],[10.44721,59.77478],[10.44689,59.77484],[10.44629,59.77471],[10.44595,59.77443],[10.44594,59.77426],[10.44658,59.77416],[10.44667,59.774],[10.44641,59.77384],[10.44624,59.7729],[10.44681,59.77279],[10.44646,59.77241],[10.4462,59.77174],[10.44497,59.77065],[10.44434,59.7702],[10.44397,59.77012],[10.44276,59.77006],[10.44164,59.76957],[10.44118,59.76976],[10.4421,59.76912],[10.44185,59.76959],[10.44265,59.76996],[10.44306,59.77005],[10.4442,59.77009],[10.44452,59.77018],[10.44625,59.77171],[10.44653,59.77236],[10.44687,59.77276]]]}},{"type":"Feature","properties":{"k":"current","n":"Roverudmyra miljøstasjon, steinbrudd og pukkverk","a":673067,"ikraft":"2020-06-17","planid":"2019p142e01","kommunenr":"3405"},"geometry":{"type":"Polygon","coordinates":[[[10.50687,61.07301],[10.51409,61.07115],[10.51528,61.07141],[10.5161,61.07182],[10.52426,61.07446],[10.52122,61.07622],[10.51436,61.07795],[10.51305,61.0797],[10.51186,61.0797],[10.51209,61.08013],[10.51281,61.08033],[10.51437,61.0805],[10.51616,61.08036],[10.5166,61.08051],[10.5165,61.08085],[10.51513,61.08134],[10.5161,61.08116],[10.51503,61.08145],[10.5141,61.08184],[10.51477,61.08146],[10.51486,61.08115],[10.51628,61.08072],[10.51619,61.08053],[10.51439,61.08068],[10.51337,61.08061],[10.51195,61.08027],[10.5116,61.08001],[10.5115,61.0797],[10.50371,61.07968],[10.50378,61.07511],[10.50687,61.07301]]]}},{"type":"Feature","properties":{"k":"current","n":"Detaljregulering for steinbrudd, mellomlagring og massetipp 26/1 Hotvet gård","a":125891,"ikraft":"2020-10-14","planid":"062720150342","kommunenr":"3203"},"geometry":{"type":"Polygon","coordinates":[[[10.4554,59.72764],[10.45532,59.72753],[10.45478,59.72751],[10.45434,59.72736],[10.4553,59.72741],[10.45628,59.72713],[10.45654,59.72694],[10.45704,59.72688],[10.45823,59.72609],[10.45841,59.72606],[10.45885,59.72629],[10.46036,59.72569],[10.46187,59.7256],[10.46269,59.72536],[10.46255,59.72553],[10.46281,59.72553],[10.46373,59.72518],[10.46421,59.72517],[10.46425,59.72492],[10.46445,59.72492],[10.46441,59.72517],[10.46479,59.72516],[10.46521,59.72462],[10.46621,59.72413],[10.47063,59.72294],[10.47103,59.72264],[10.47365,59.72461],[10.47172,59.72482],[10.47066,59.72584],[10.46775,59.72621],[10.46684,59.72515],[10.46535,59.72591],[10.46469,59.72554],[10.46473,59.72533],[10.46397,59.72562],[10.46428,59.7253],[10.46413,59.72529],[10.46304,59.72557],[10.46291,59.72576],[10.46239,59.72565],[10.46192,59.72571],[10.46176,59.72593],[10.45986,59.72601],[10.45985,59.72611],[10.45908,59.72634],[10.45888,59.72681],[10.45799,59.7272],[10.45861,59.72757],[10.45823,59.72771],[10.45722,59.72721],[10.45579,59.72765],[10.4554,59.72764]]]}},{"type":"Feature","properties":{"k":"current","n":"Yggeset fyllplass","a":4981,"ikraft":"1988-06-22","planid":"0220164F","kommunenr":"3203"},"geometry":{"type":"Polygon","coordinates":[[[10.45815,59.79375],[10.45886,59.79387],[10.45956,59.79371],[10.46024,59.79341],[10.46155,59.79263],[10.46215,59.79243],[10.46319,59.79229],[10.46417,59.79231],[10.46412,59.79241],[10.4632,59.79238],[10.46222,59.79251],[10.46166,59.7927],[10.46038,59.79347],[10.45966,59.79378],[10.45886,59.79396],[10.4579,59.79384],[10.45718,59.7943],[10.45701,59.79426],[10.45768,59.79378],[10.45791,59.79373],[10.45815,59.79375]]]}},{"type":"Feature","properties":{"k":"current","n":"Yggeset avfallspark","a":244377,"ikraft":"2001-10-31","planid":"0220164M","kommunenr":"3203"},"geometry":{"type":"Polygon","coordinates":[[[10.46412,59.79241],[10.46422,59.79223],[10.4615,59.79159],[10.46296,59.79044],[10.46291,59.79027],[10.46271,59.79023],[10.46111,59.79029],[10.46084,59.79017],[10.46046,59.78767],[10.46349,59.78804],[10.46719,59.78968],[10.46718,59.79058],[10.46745,59.79098],[10.46794,59.79123],[10.47048,59.79192],[10.46985,59.79262],[10.4711,59.793],[10.47328,59.79308],[10.47389,59.79321],[10.47415,59.79353],[10.47398,59.79393],[10.47543,59.79455],[10.47529,59.79502],[10.47484,59.79517],[10.47268,59.79501],[10.47139,59.79456],[10.47003,59.7943],[10.4695,59.79439],[10.46914,59.79431],[10.46876,59.7939],[10.46782,59.79357],[10.46728,59.79403],[10.46701,59.79398],[10.46668,59.79389],[10.46727,59.7934],[10.46412,59.79241]]]}},{"type":"Feature","properties":{"k":"current","n":"Endring Røyken avfallsplass","a":56941,"ikraft":"2011-09-22","planid":"0627235","kommunenr":"3203"},"geometry":{"type":"Polygon","coordinates":[[[10.47585,59.69404],[10.47552,59.69692],[10.47521,59.69803],[10.47531,59.69835],[10.47499,59.69972],[10.47453,59.69925],[10.47456,59.70024],[10.4743,59.70027],[10.47422,59.69999],[10.47426,59.69873],[10.47397,59.69767],[10.47409,59.69695],[10.47405,59.69639],[10.47328,59.69469],[10.47283,59.69415],[10.47585,59.69404]]]}},{"type":"Feature","properties":{"k":"current","n":"Røyken avfallsplass","a":229548,"ikraft":"1997-09-29","planid":"062762760006A","kommunenr":"3203"},"geometry":{"type":"Polygon","coordinates":[[[10.46886,59.70054],[10.4699,59.69939],[10.46899,59.69882],[10.46989,59.69749],[10.47083,59.69575],[10.47119,59.69421],[10.47283,59.69415],[10.47328,59.69469],[10.47405,59.69643],[10.47409,59.69695],[10.47397,59.69767],[10.47426,59.69873],[10.47423,59.70007],[10.47446,59.70059],[10.47441,59.7009],[10.47409,59.70143],[10.47415,59.70153],[10.47394,59.7017],[10.47399,59.70183],[10.47429,59.7018],[10.47435,59.70195],[10.47435,59.70208],[10.47408,59.70209],[10.47404,59.7026],[10.4728,59.70282],[10.4723,59.70277],[10.47196,59.70294],[10.47155,59.70333],[10.47143,59.70328],[10.47133,59.70334],[10.47148,59.70338],[10.47141,59.70342],[10.46955,59.70255],[10.46864,59.7008],[10.46886,59.70054]]]}},{"type":"Feature","properties":{"k":"current","n":"Buhammeren pukkverk","a":326041,"ikraft":"2015-03-26","planid":"E-228","kommunenr":"3446"},"geometry":{"type":"Polygon","coordinates":[[[10.50345,60.34103],[10.50302,60.33898],[10.5038,60.33904],[10.50663,60.33724],[10.50817,60.3372],[10.50879,60.33733],[10.5091,60.33747],[10.50941,60.33773],[10.50949,60.33844],[10.51146,60.33864],[10.51184,60.33862],[10.51239,60.33845],[10.5132,60.33786],[10.51369,60.33655],[10.51339,60.33615],[10.51337,60.33568],[10.51405,60.33324],[10.51428,60.33295],[10.51423,60.33278],[10.51329,60.3321],[10.51341,60.33207],[10.51439,60.33272],[10.51485,60.33282],[10.51609,60.33286],[10.51674,60.333],[10.5166,60.3331],[10.51644,60.33306],[10.515,60.33303],[10.51468,60.33307],[10.51456,60.33317],[10.51377,60.33595],[10.51383,60.33617],[10.51411,60.33647],[10.51409,60.33667],[10.51363,60.3379],[10.51274,60.33857],[10.51215,60.33879],[10.51169,60.33887],[10.50933,60.33865],[10.50909,60.33888],[10.50874,60.33901],[10.50725,60.33912],[10.50695,60.33956],[10.51025,60.34006],[10.51169,60.34035],[10.51425,60.34057],[10.51439,60.34132],[10.51433,60.34187],[10.51378,60.34344],[10.511,60.34313],[10.50937,60.34336],[10.50367,60.34444],[10.50344,60.34227],[10.50355,60.34222],[10.50338,60.34186],[10.50353,60.3413],[10.50345,60.34103]]]}},{"type":"Feature","properties":{"k":"current","n":"Oredalen Deponi","a":566886,"ikraft":"2018-06-12","planid":"06285078","kommunenr":"3203"},"geometry":{"type":"Polygon","coordinates":[[[10.51427,59.5531],[10.51409,59.55303],[10.51396,59.55282],[10.51394,59.55239],[10.51464,59.55154],[10.5146,59.55141],[10.51452,59.55139],[10.5136,59.55208],[10.51463,59.55106],[10.51501,59.55018],[10.51764,59.54998],[10.52131,59.54931],[10.52308,59.5494],[10.52451,59.54967],[10.52507,59.54931],[10.5256,59.54912],[10.52615,59.54914],[10.52656,59.54938],[10.52689,59.54969],[10.52581,59.55017],[10.5269,59.55093],[10.52732,59.55151],[10.52212,59.55638],[10.5215,59.55706],[10.51873,59.55925],[10.51765,59.55931],[10.51538,59.55811],[10.51444,59.55741],[10.51332,59.55694],[10.51189,59.55659],[10.51066,59.55572],[10.51012,59.55564],[10.51027,59.55529],[10.51111,59.55542],[10.51234,59.5563],[10.5137,59.55663],[10.51497,59.55717],[10.51572,59.55773],[10.51396,59.55483],[10.51384,59.55381],[10.51427,59.5531]]]}},{"type":"Feature","properties":{"k":"current","n":"STEINBRUDDET STEINSHØGDA","a":434109,"ikraft":"2004-04-28","planid":"2002003","kommunenr":"3201"},"geometry":{"type":"Polygon","coordinates":[[[10.53081,59.94382],[10.52742,59.94412],[10.52598,59.94382],[10.52538,59.94353],[10.52677,59.94194],[10.52643,59.94146],[10.52712,59.94068],[10.52608,59.93999],[10.52433,59.94015],[10.52479,59.93983],[10.52438,59.93892],[10.52645,59.93824],[10.52702,59.93797],[10.52881,59.93734],[10.53015,59.93717],[10.53178,59.9373],[10.53251,59.93728],[10.53318,59.93717],[10.53598,59.93649],[10.5349,59.93902],[10.5352,59.93887],[10.53719,59.93893],[10.53782,59.93942],[10.53799,59.94087],[10.5363,59.94276],[10.53296,59.94389],[10.53142,59.94377],[10.53081,59.94382]]]}},{"type":"Feature","properties":{"k":"current","n":"Åndalen Pukkverk","a":293671,"ikraft":"2018-06-14","planid":"05020387","kommunenr":"3407"},"geometry":{"type":"Polygon","coordinates":[[[10.5778,60.75349],[10.57713,60.7533],[10.57667,60.75336],[10.57541,60.75324],[10.57362,60.75289],[10.57127,60.75221],[10.57095,60.75195],[10.56828,60.75183],[10.56677,60.75149],[10.56617,60.75082],[10.56592,60.74974],[10.56654,60.74827],[10.56736,60.74773],[10.56918,60.7477],[10.56972,60.74868],[10.5733,60.74939],[10.57572,60.75006],[10.57533,60.75118],[10.57912,60.75127],[10.58354,60.75121],[10.58194,60.75364],[10.57879,60.75337],[10.5778,60.75349]]]}},{"type":"Feature","properties":{"k":"current","n":"Kluke massemottak","a":46799,"ikraft":"2024-10-31","planid":"0454","kommunenr":"3407"},"geometry":{"type":"Polygon","coordinates":[[[10.57635,60.9583],[10.57647,60.95847],[10.57637,60.95866],[10.57662,60.95847],[10.57675,60.95896],[10.57626,60.95903],[10.57658,60.95935],[10.57658,60.96001],[10.578,60.95992],[10.57681,60.96008],[10.57572,60.96007],[10.57574,60.96001],[10.57637,60.95999],[10.57638,60.95937],[10.57606,60.95905],[10.57599,60.95906],[10.57623,60.95846],[10.57589,60.95817],[10.57475,60.95866],[10.574,60.95885],[10.57297,60.95902],[10.57187,60.95909],[10.57047,60.95939],[10.57046,60.95968],[10.56877,60.95963],[10.56751,60.95946],[10.56788,60.959],[10.56806,60.95903],[10.56852,60.95884],[10.56856,60.95874],[10.56839,60.95853],[10.56945,60.95872],[10.57025,60.95869],[10.57148,60.95835],[10.5736,60.95819],[10.57404,60.95811],[10.57494,60.95785],[10.57555,60.95749],[10.5761,60.95739],[10.57661,60.95764],[10.57672,60.9578],[10.57665,60.95788],[10.57624,60.95796],[10.57602,60.95808],[10.57635,60.9583]]]}},{"type":"Feature","properties":{"k":"current","n":"Energigjennvinningsanlegg for avfall på Slagentangen","a":18352,"ikraft":"2009-06-17","planid":"46008","kommunenr":"3905"},"geometry":{"type":"Polygon","coordinates":[[[10.51425,59.31049],[10.51408,59.31049],[10.51394,59.31023],[10.51412,59.31017],[10.51441,59.31026],[10.51553,59.31027],[10.51568,59.30908],[10.51773,59.3091],[10.51772,59.31014],[10.51716,59.3102],[10.5168,59.31042],[10.51443,59.31038],[10.51425,59.31049]]]}},{"type":"Feature","properties":{"k":"current","n":"UTVIDELSE AV STEINBRUDD PÅ STEINSHØGDA","a":171982,"ikraft":"2024-06-14","planid":"2020009","kommunenr":"3201"},"geometry":{"type":"Polygon","coordinates":[[[10.52977,59.94391],[10.53142,59.94377],[10.53296,59.94389],[10.5363,59.94276],[10.53799,59.94087],[10.53782,59.93942],[10.53719,59.93893],[10.54054,59.93952],[10.54073,59.94096],[10.53709,59.94366],[10.53685,59.94394],[10.53672,59.94482],[10.53564,59.94662],[10.53539,59.94675],[10.53475,59.94689],[10.53283,59.94622],[10.53142,59.946],[10.53017,59.94502],[10.52977,59.94391]]]}},{"type":"Feature","properties":{"k":"current","n":"Lillehammer pukkverk II, Lismarka","a":567048,"ikraft":"2010-03-08","planid":"2010030810713","kommunenr":"3411"},"geometry":{"type":"Polygon","coordinates":[[[10.59987,61.0909],[10.60125,61.08991],[10.60354,61.08925],[10.60683,61.08766],[10.60709,61.08713],[10.6069,61.08663],[10.60631,61.08622],[10.60456,61.0855],[10.6042,61.08504],[10.60436,61.08453],[10.6048,61.08418],[10.60558,61.08385],[10.60622,61.08372],[10.60699,61.08372],[10.61029,61.08428],[10.61307,61.08462],[10.61658,61.08463],[10.61768,61.08489],[10.61839,61.08526],[10.6189,61.08609],[10.61899,61.08686],[10.6187,61.08838],[10.60518,61.09202],[10.60335,61.09265],[10.59964,61.09269],[10.599,61.09261],[10.59863,61.09236],[10.59856,61.09207],[10.59876,61.09172],[10.59987,61.0909]]]}},{"type":"Feature","properties":{"k":"current","n":"Massedeponi Askimhaugen","a":9490,"ikraft":"2001-11-08","planid":"05020246","kommunenr":"3407"},"geometry":{"type":"Polygon","coordinates":[[[10.61231,60.79215],[10.61153,60.79156],[10.61275,60.79101],[10.61352,60.79161],[10.61428,60.79185],[10.61302,60.79211],[10.61231,60.79215]]]}},{"type":"Feature","properties":{"k":"current","n":"Detaljregulering for Lunner pukkverk","a":199589,"ikraft":"2017-10-19","planid":"0533-2017-0003","kommunenr":"3234"},"geometry":{"type":"Polygon","coordinates":[[[10.59873,60.27705],[10.59855,60.2766],[10.59888,60.27663],[10.59923,60.27612],[10.59896,60.27595],[10.59904,60.27579],[10.59865,60.27568],[10.59915,60.2752],[10.60013,60.27514],[10.6002,60.27473],[10.60146,60.2748],[10.60138,60.27499],[10.59966,60.27616],[10.60068,60.27652],[10.60145,60.27649],[10.60298,60.27616],[10.60305,60.27538],[10.60633,60.2755],[10.60747,60.27567],[10.60609,60.27724],[10.60615,60.2777],[10.60553,60.27834],[10.6052,60.27909],[10.60402,60.28047],[10.60354,60.28065],[10.60129,60.28073],[10.59961,60.2797],[10.59851,60.2785],[10.59918,60.27774],[10.59913,60.27757],[10.5985,60.27727],[10.59873,60.27705]]]}},{"type":"Feature","properties":{"k":"current","n":"Amsrud masseuttak","a":244046,"ikraft":"2019-06-20","planid":"05020384","kommunenr":"3407"},"geometry":{"type":"Polygon","coordinates":[[[10.6277,60.77782],[10.62797,60.77734],[10.6258,60.77668],[10.62525,60.77682],[10.62434,60.77676],[10.6226,60.77699],[10.62145,60.77659],[10.61887,60.77696],[10.61822,60.77696],[10.61713,60.77651],[10.61713,60.77495],[10.62052,60.77302],[10.62391,60.77392],[10.63072,60.77477],[10.63103,60.77498],[10.6311,60.77528],[10.62975,60.77701],[10.6293,60.77731],[10.62826,60.77739],[10.62846,60.77939],[10.62821,60.77972],[10.62876,60.77998],[10.6286,60.78001],[10.62735,60.77943],[10.62785,60.77957],[10.62811,60.77939],[10.62762,60.77884],[10.6277,60.77782]]]}},{"type":"Feature","properties":{"k":"current","n":"Dalborgmarka miljøpark","a":286708,"ikraft":"2018-06-14","planid":"05020393","kommunenr":"3407"},"geometry":{"type":"Polygon","coordinates":[[[10.6467,60.7752],[10.64598,60.77431],[10.64618,60.77372],[10.6459,60.77324],[10.64493,60.77215],[10.64394,60.77147],[10.64357,60.7708],[10.64207,60.77029],[10.64084,60.7691],[10.64042,60.76888],[10.63911,60.76902],[10.63852,60.76873],[10.63806,60.76881],[10.63709,60.76835],[10.6371,60.76804],[10.63806,60.76699],[10.63829,60.76599],[10.63918,60.76481],[10.6395,60.76441],[10.64084,60.76348],[10.64151,60.76215],[10.64171,60.76091],[10.64236,60.7608],[10.64403,60.7609],[10.64557,60.76213],[10.64528,60.76352],[10.64417,60.76419],[10.64289,60.76476],[10.64259,60.76567],[10.64513,60.76688],[10.64412,60.7679],[10.64492,60.76927],[10.64247,60.77019],[10.64331,60.77049],[10.64464,60.77053],[10.64515,60.77077],[10.64504,60.77183],[10.64536,60.77189],[10.64569,60.7725],[10.64606,60.77254],[10.64618,60.77269],[10.64673,60.77374],[10.64653,60.77444],[10.6471,60.77475],[10.64782,60.77458],[10.6479,60.7748],[10.64737,60.77492],[10.64678,60.77526],[10.6467,60.7752]]]}},{"type":"Feature","properties":{"k":"current","n":"Dalborgmarka avfallsplass, mm.","a":35,"ikraft":"1991-05-02","planid":"05020150","kommunenr":"3407"},"geometry":{"type":"Polygon","coordinates":[[[10.63845,60.76885],[10.63822,60.76878],[10.63832,60.76876],[10.63845,60.76885]]]}},{"type":"Feature","properties":{"k":"current","n":"STEINBRUDDET PÅ FOSSUM","a":6318,"ikraft":"1976-08-24","planid":"1969173","kommunenr":"3201"},"geometry":{"type":"Polygon","coordinates":[[[10.61274,59.95255],[10.61099,59.95373],[10.61078,59.95365],[10.61336,59.95191],[10.61633,59.95056],[10.61649,59.95063],[10.61372,59.95191],[10.61274,59.95255]]]}},{"type":"Feature","properties":{"k":"current","n":"FOSSUM, Steinbruddet,","a":1073,"ikraft":"1988-11-16","planid":"1986020","kommunenr":"3201"},"geometry":{"type":"MultiPolygon","coordinates":[[[[10.60967,59.95772],[10.61024,59.95755],[10.60855,59.95817],[10.60791,59.95855],[10.60841,59.95818],[10.60967,59.95772]]],[[[10.61144,59.95684],[10.61061,59.95734],[10.61132,59.95684],[10.61184,59.95666],[10.61187,59.9567],[10.61144,59.95684]]]]}},{"type":"Feature","properties":{"k":"current","n":"Detaljregulering for Hurum Pukkverk","a":145680,"ikraft":"2023-11-14","planid":"06284065","kommunenr":"3203"},"geometry":{"type":"Polygon","coordinates":[[[10.60864,59.58262],[10.60883,59.58258],[10.60881,59.58286],[10.6087,59.58285],[10.60906,59.58361],[10.60869,59.58431],[10.60776,59.58497],[10.60689,59.58579],[10.60619,59.58615],[10.60614,59.58675],[10.60599,59.58709],[10.60532,59.58693],[10.60504,59.58721],[10.6045,59.58715],[10.60233,59.58785],[10.60223,59.5878],[10.601,59.58832],[10.60044,59.58847],[10.60005,59.58846],[10.59952,59.58808],[10.59956,59.58782],[10.60096,59.58703],[10.60162,59.58657],[10.60221,59.58572],[10.60163,59.58547],[10.60154,59.58516],[10.60098,59.5849],[10.60061,59.58458],[10.60052,59.58421],[10.60083,59.58375],[10.60156,59.58343],[10.60251,59.58333],[10.60373,59.58346],[10.60413,59.5838],[10.60499,59.58357],[10.60595,59.58365],[10.60653,59.58378],[10.60697,59.584],[10.60715,59.58419],[10.60721,59.58461],[10.60684,59.58499],[10.60596,59.58533],[10.60587,59.58543],[10.60596,59.58553],[10.60665,59.58578],[10.60763,59.58491],[10.6084,59.58438],[10.60862,59.58409],[10.60882,59.58376],[10.6088,59.58348],[10.6087,59.58325],[10.60822,59.58277],[10.60836,59.58265],[10.60864,59.58262]]]}},{"type":"Feature","properties":{"k":"current","n":"Tyria massedeponi","a":57562,"ikraft":"2016-09-14","planid":"2014040840","kommunenr":"3411"},"geometry":{"type":"Polygon","coordinates":[[[10.69351,61.12305],[10.69152,61.12273],[10.69406,61.12102],[10.69629,61.12075],[10.69705,61.12128],[10.69668,61.12189],[10.6968,61.12219],[10.69648,61.12235],[10.6962,61.1237],[10.69537,61.124],[10.69528,61.12375],[10.69507,61.12357],[10.69351,61.12305]]]}},{"type":"Feature","properties":{"k":"current","n":"TEIGEN FYLLPLASS","a":348137,"ikraft":"1992-12-05","planid":"19920073","kommunenr":"3212"},"geometry":{"type":"Polygon","coordinates":[[[10.63886,59.75442],[10.64396,59.75521],[10.64689,59.75981],[10.64634,59.76191],[10.64551,59.76292],[10.64455,59.76338],[10.63991,59.76149],[10.63749,59.75759],[10.63749,59.75677],[10.63793,59.75634],[10.63865,59.75398],[10.63886,59.75442]]]}},{"type":"Feature","properties":{"k":"current","n":"DOKKEN GRUSTAK","a":47473,"ikraft":"2006-03-07","planid":"2006030710588","kommunenr":"3411"},"geometry":{"type":"Polygon","coordinates":[[[10.72455,60.91954],[10.72425,60.9193],[10.72355,60.91914],[10.72298,60.9191],[10.72061,60.9191],[10.71978,60.91888],[10.71939,60.91867],[10.7192,60.91848],[10.71924,60.91803],[10.71908,60.91793],[10.71884,60.91806],[10.71853,60.918],[10.71887,60.91779],[10.71814,60.91732],[10.71757,60.91676],[10.71757,60.91653],[10.71801,60.9165],[10.71839,60.91693],[10.71981,60.91722],[10.72027,60.91693],[10.72064,60.91711],[10.72113,60.91694],[10.72166,60.91696],[10.72203,60.91706],[10.7224,60.91728],[10.72234,60.91734],[10.72246,60.91743],[10.72282,60.91748],[10.72192,60.91762],[10.72181,60.91795],[10.72184,60.91845],[10.72267,60.91859],[10.723,60.91854],[10.72316,60.91858],[10.72312,60.91871],[10.72326,60.91878],[10.72357,60.9186],[10.72442,60.91905],[10.72455,60.91954]]]}},{"type":"Feature","properties":{"k":"current","n":"Holter deponi","a":125653,"ikraft":"1996-11-25","planid":"016-0700","kommunenr":"3214"},"geometry":{"type":"Polygon","coordinates":[[[10.66146,59.66769],[10.66172,59.66719],[10.66072,59.6667],[10.66042,59.66667],[10.66042,59.66642],[10.66164,59.6658],[10.66404,59.66549],[10.6656,59.66647],[10.66684,59.66801],[10.66691,59.66838],[10.6662,59.66889],[10.66584,59.67],[10.66623,59.67078],[10.66581,59.6714],[10.66466,59.67129],[10.66414,59.67142],[10.66366,59.67174],[10.66331,59.67164],[10.66272,59.67107],[10.6622,59.66978],[10.6619,59.66965],[10.66144,59.66987],[10.66123,59.66978],[10.66174,59.66955],[10.66212,59.66866],[10.66193,59.66787],[10.66146,59.66769]],[[10.66522,59.66783],[10.66263,59.66761],[10.66263,59.66785],[10.66293,59.66785],[10.66339,59.66876],[10.66391,59.66901],[10.66595,59.66942],[10.66603,59.66886],[10.66673,59.66827],[10.66616,59.6679],[10.66522,59.66783]]]}},{"type":"Feature","properties":{"k":"current","n":"Solgård Avfallsplass","a":418470,"ikraft":"2025-02-11","planid":"389E","kommunenr":"3103"},"geometry":{"type":"Polygon","coordinates":[[[10.71683,59.43689],[10.71727,59.43759],[10.71712,59.438],[10.71665,59.43868],[10.71609,59.43921],[10.71529,59.43978],[10.71332,59.43944],[10.71324,59.44089],[10.71295,59.44124],[10.71253,59.44139],[10.7104,59.44174],[10.70972,59.442],[10.7085,59.4428],[10.7083,59.44306],[10.70807,59.44366],[10.70732,59.44405],[10.70706,59.44439],[10.70437,59.44397],[10.70447,59.44325],[10.70477,59.44276],[10.70487,59.44295],[10.70587,59.4414],[10.7057,59.44126],[10.70588,59.44116],[10.70636,59.44013],[10.70665,59.439],[10.70668,59.43828],[10.70726,59.43784],[10.7072,59.43714],[10.70801,59.43648],[10.708,59.43638],[10.70931,59.43544],[10.70989,59.43555],[10.71063,59.43458],[10.71099,59.43457],[10.71122,59.43423],[10.71226,59.43417],[10.71442,59.43467],[10.71509,59.43503],[10.71577,59.43566],[10.71588,59.43635],[10.71676,59.43677],[10.71683,59.43689]]]}},{"type":"Feature","properties":{"k":"current","n":"Solgaard, Renovasjonsanlegg mv.","a":180724,"ikraft":"1994-05-06","planid":"239","kommunenr":"3103"},"geometry":{"type":"Polygon","coordinates":[[[10.70475,59.44426],[10.70514,59.44553],[10.70468,59.44553],[10.70445,59.44571],[10.70401,59.44572],[10.70444,59.44611],[10.70561,59.44626],[10.70584,59.44598],[10.7063,59.44576],[10.70739,59.44584],[10.71056,59.44662],[10.71146,59.44578],[10.71137,59.44558],[10.71194,59.44509],[10.71206,59.44461],[10.71298,59.44329],[10.71333,59.44257],[10.71418,59.44181],[10.71424,59.44147],[10.7144,59.44128],[10.71442,59.44057],[10.71469,59.4402],[10.71529,59.43978],[10.71332,59.43944],[10.71324,59.44089],[10.71295,59.44124],[10.71253,59.44139],[10.7104,59.44174],[10.70972,59.442],[10.7085,59.4428],[10.7083,59.44306],[10.70807,59.44366],[10.70732,59.44405],[10.70706,59.44439],[10.70478,59.44404],[10.70475,59.44426]]]}},{"type":"Feature","properties":{"k":"current","n":"Masseuttak på Seberg","a":75427,"ikraft":"2023-04-12","planid":"2022006","kommunenr":"3411"},"geometry":{"type":"Polygon","coordinates":[[[10.77335,60.89422],[10.77423,60.89401],[10.7745,60.89412],[10.775,60.89406],[10.7762,60.89369],[10.77848,60.89467],[10.78025,60.89528],[10.77827,60.89618],[10.7742,60.89599],[10.7734,60.89528],[10.77084,60.89426],[10.77335,60.89422]]]}},{"type":"Feature","properties":{"k":"current","n":"Solgård Avfallsplass","a":1250,"ikraft":"2017-10-23","planid":"389","kommunenr":"3103"},"geometry":{"type":"Polygon","coordinates":[[[10.71763,59.43759],[10.71735,59.43703],[10.71815,59.43719],[10.71763,59.43759]]]}},{"type":"Feature","properties":{"k":"current","n":"Moss pukkverk","a":338349,"ikraft":"2014-12-15","planid":"356","kommunenr":"3103"},"geometry":{"type":"Polygon","coordinates":[[[10.72592,59.45079],[10.7257,59.44955],[10.72641,59.44845],[10.72767,59.44725],[10.7292,59.44608],[10.73079,59.44541],[10.7327,59.44506],[10.73337,59.44562],[10.73456,59.44609],[10.73498,59.44641],[10.73537,59.44709],[10.73615,59.44746],[10.73719,59.44829],[10.73743,59.44988],[10.73528,59.45091],[10.73277,59.45167],[10.72831,59.45137],[10.72598,59.451],[10.72592,59.45079]]]}},{"type":"Feature","properties":{"k":"current","n":"Terminaltomt for avfallssug Vestby sentrum","a":19892,"ikraft":"2024-02-05","planid":"0306","kommunenr":"3216"},"geometry":{"type":"Polygon","coordinates":[[[10.74678,59.60045],[10.7466,59.60042],[10.74674,59.59909],[10.74644,59.59893],[10.74602,59.59901],[10.74559,59.59945],[10.74447,59.60027],[10.74419,59.60016],[10.74531,59.59931],[10.74539,59.59892],[10.74522,59.59878],[10.74521,59.59867],[10.7453,59.59854],[10.74581,59.59837],[10.74592,59.59824],[10.74609,59.59725],[10.74622,59.59716],[10.74669,59.59718],[10.74656,59.59795],[10.74695,59.59791],[10.7475,59.59851],[10.74753,59.59866],[10.74749,59.59877],[10.74705,59.59906],[10.74698,59.59962],[10.74683,59.59978],[10.74678,59.60045]]]}},{"type":"Feature","properties":{"k":"current","n":"VESTBY PUKKVERK","a":279306,"ikraft":"2018-04-23","planid":"0178","kommunenr":"3216"},"geometry":{"type":"Polygon","coordinates":[[[10.76067,59.59102],[10.76015,59.591],[10.75963,59.59087],[10.75893,59.5915],[10.75879,59.59149],[10.75904,59.59113],[10.76003,59.59035],[10.76033,59.58999],[10.76047,59.59002],[10.76074,59.58972],[10.76261,59.5885],[10.76335,59.58773],[10.76522,59.58649],[10.76573,59.58603],[10.7661,59.58585],[10.76679,59.58581],[10.76711,59.58571],[10.76719,59.58561],[10.76713,59.58539],[10.76647,59.58529],[10.7656,59.58595],[10.76637,59.58514],[10.76664,59.58469],[10.76699,59.5844],[10.76651,59.58517],[10.7673,59.58533],[10.76753,59.58528],[10.76823,59.58581],[10.76863,59.58599],[10.76952,59.58613],[10.77012,59.58609],[10.77025,59.58624],[10.77,59.5866],[10.77033,59.58745],[10.7704,59.58794],[10.77023,59.58822],[10.7703,59.58839],[10.77041,59.58845],[10.77083,59.58845],[10.77137,59.5888],[10.77055,59.58909],[10.77021,59.58934],[10.77006,59.58949],[10.77006,59.58974],[10.76967,59.59024],[10.76976,59.59055],[10.76959,59.59061],[10.7703,59.59112],[10.77071,59.59123],[10.77039,59.59153],[10.76574,59.59157],[10.76384,59.59152],[10.76279,59.59141],[10.76067,59.59102]]]}},{"type":"Feature","properties":{"k":"current","n":"Reguleringsplan for Pukkverk ved Vinterbro","a":312533,"ikraft":"2010-10-24","planid":"235","kommunenr":"3218"},"geometry":{"type":"Polygon","coordinates":[[[10.78418,59.74638],[10.7843,59.74594],[10.78338,59.74487],[10.78258,59.74303],[10.78231,59.74297],[10.78233,59.74229],[10.78258,59.74195],[10.78306,59.74178],[10.78401,59.74177],[10.78452,59.74236],[10.78534,59.74268],[10.78845,59.74311],[10.78902,59.74328],[10.7894,59.7432],[10.79053,59.74337],[10.79098,59.74385],[10.79162,59.74421],[10.79235,59.74515],[10.79171,59.74665],[10.79289,59.74843],[10.79301,59.74888],[10.79246,59.74907],[10.79099,59.74932],[10.78662,59.74933],[10.7858,59.74859],[10.78586,59.74781],[10.78552,59.74699],[10.78418,59.74638]]]}},{"type":"Feature","properties":{"k":"current","n":"Bjøråneset grustak","a":394871,"ikraft":"2017-09-20","planid":"20100201","kommunenr":"3423"},"geometry":{"type":"Polygon","coordinates":[[[10.89562,61.6745],[10.89619,61.67435],[10.8959,61.67246],[10.89481,61.67172],[10.89457,61.67044],[10.89508,61.66999],[10.89487,61.66917],[10.89591,61.66897],[10.89783,61.66977],[10.89911,61.67],[10.90034,61.66986],[10.90062,61.67004],[10.9018,61.67109],[10.9033,61.67316],[10.90431,61.67493],[10.90451,61.6766],[10.90389,61.67754],[10.90383,61.67829],[10.90319,61.67869],[10.90242,61.67877],[10.90146,61.67912],[10.9012,61.67977],[10.90144,61.68027],[10.89894,61.68032],[10.89865,61.67865],[10.89809,61.67729],[10.89704,61.67583],[10.89562,61.6745]]]}},{"type":"Feature","properties":{"k":"current","n":"Detaljreguleringsplan for massemottak på Aas gård","a":302764,"ikraft":"2014-06-16","planid":"339","kommunenr":"3232"},"geometry":{"type":"Polygon","coordinates":[[[10.83372,60.12892],[10.83315,60.12953],[10.83321,60.13003],[10.83308,60.13006],[10.83395,60.1311],[10.83382,60.13115],[10.83239,60.13105],[10.83187,60.13091],[10.83208,60.13066],[10.83169,60.13059],[10.83147,60.1308],[10.83119,60.13073],[10.83089,60.13116],[10.8314,60.13131],[10.83133,60.13194],[10.83049,60.13192],[10.83005,60.13206],[10.83019,60.13214],[10.82971,60.13249],[10.82929,60.1324],[10.82874,60.13275],[10.82767,60.13321],[10.82736,60.13352],[10.82702,60.13391],[10.82707,60.13443],[10.8269,60.13483],[10.82731,60.135],[10.82712,60.13514],[10.82631,60.13533],[10.82468,60.13611],[10.82393,60.13618],[10.82347,60.13635],[10.82296,60.13623],[10.82299,60.13615],[10.82217,60.13569],[10.82135,60.13559],[10.82031,60.13561],[10.81897,60.13534],[10.81521,60.13718],[10.81503,60.13709],[10.81447,60.13735],[10.81421,60.1372],[10.82134,60.13387],[10.82348,60.13278],[10.82571,60.13132],[10.82735,60.1299],[10.82824,60.12888],[10.82912,60.12913],[10.82935,60.12926],[10.83227,60.12728],[10.83292,60.12719],[10.83314,60.12684],[10.83568,60.12522],[10.83574,60.12505],[10.83554,60.12479],[10.83437,60.12491],[10.83436,60.12482],[10.83492,60.12476],[10.83644,60.12443],[10.83652,60.12453],[10.83581,60.1247],[10.83593,60.12513],[10.83582,60.12534],[10.83332,60.12686],[10.83318,60.12703],[10.83314,60.12732],[10.83385,60.12843],[10.83388,60.12863],[10.83372,60.12892]]]}},{"type":"Feature","properties":{"k":"current","n":"Reguleringsplan for Tanfetten Nord grustak","a":308889,"ikraft":"2014-04-09","planid":"20140100","kommunenr":"3423"},"geometry":{"type":"Polygon","coordinates":[[[10.96705,61.60076],[10.97168,61.60426],[10.96893,61.60448],[10.96335,61.60434],[10.96235,61.6044],[10.96161,61.60452],[10.96181,61.6046],[10.96123,61.60462],[10.95937,61.60449],[10.95644,61.60406],[10.95407,61.60402],[10.95387,61.60082],[10.95436,61.60075],[10.95478,61.60096],[10.95539,61.60106],[10.95687,61.60108],[10.95815,61.60119],[10.95901,61.60118],[10.95995,61.60106],[10.95972,61.60098],[10.96027,61.60097],[10.96012,61.60102],[10.9601,61.60114],[10.96046,61.60113],[10.96079,61.60104],[10.96437,61.60093],[10.96705,61.60076]]]}},{"type":"Feature","properties":{"k":"current","n":"Sommerbrekka grustak","a":73349,"ikraft":"2012-11-29","planid":"R50","kommunenr":"3424"},"geometry":{"type":"Polygon","coordinates":[[[10.96968,61.98042],[10.97426,61.98143],[10.97093,61.98389],[10.96846,61.98341],[10.96836,61.98174],[10.9687,61.98122],[10.96968,61.98042]]]}},{"type":"Feature","properties":{"k":"current","n":"Onsøy pukkverk II","a":236579,"ikraft":"2008-12-04","planid":"581","kommunenr":"3107"},"geometry":{"type":"Polygon","coordinates":[[[10.83476,59.24685],[10.83316,59.24732],[10.83068,59.24543],[10.82974,59.24418],[10.82973,59.24257],[10.83135,59.24257],[10.83157,59.24241],[10.83319,59.24205],[10.83419,59.24199],[10.8369,59.24232],[10.83617,59.2427],[10.83706,59.24314],[10.84054,59.24437],[10.84147,59.24502],[10.83604,59.2465],[10.83541,59.24685],[10.83476,59.24685]]]}},{"type":"Feature","properties":{"k":"current","n":"Reguleringsplan for Tanfetten grustak","a":362003,"ikraft":"2012-11-28","planid":"20110400","kommunenr":"3423"},"geometry":{"type":"Polygon","coordinates":[[[10.97661,61.59777],[10.97718,61.59757],[10.97846,61.59751],[10.97919,61.59806],[10.98016,61.59819],[10.9804,61.59846],[10.98171,61.59847],[10.98185,61.59939],[10.98107,61.60095],[10.98036,61.6018],[10.97951,61.60237],[10.97792,61.60305],[10.97366,61.60407],[10.97165,61.60425],[10.96705,61.60076],[10.9693,61.60008],[10.97071,61.59954],[10.97049,61.59941],[10.97147,61.59907],[10.97642,61.59765],[10.97661,61.59777]]]}},{"type":"Feature","properties":{"k":"current","n":"Detaljreguleringsplan for massemottak på Aalerud gård","a":102718,"ikraft":"2017-03-15","planid":"299","kommunenr":"3218"},"geometry":{"type":"Polygon","coordinates":[[[10.87284,59.60907],[10.87296,59.60904],[10.8734,59.60932],[10.87366,59.60935],[10.87536,59.60884],[10.87562,59.60846],[10.87592,59.60831],[10.87644,59.60821],[10.87888,59.60808],[10.87832,59.60729],[10.87859,59.60697],[10.87902,59.60685],[10.87892,59.60664],[10.87905,59.60621],[10.88042,59.6058],[10.88117,59.60551],[10.88118,59.60686],[10.88149,59.60683],[10.88172,59.60688],[10.88195,59.6078],[10.88231,59.60828],[10.88254,59.60956],[10.88293,59.60993],[10.88349,59.61026],[10.88381,59.61035],[10.8841,59.61197],[10.88336,59.61227],[10.88112,59.61066],[10.88091,59.60977],[10.87975,59.6098],[10.87933,59.60971],[10.87927,59.60958],[10.8801,59.60899],[10.87992,59.60854],[10.87947,59.60837],[10.87904,59.60829],[10.87892,59.60814],[10.87646,59.60828],[10.87592,59.60838],[10.87573,59.60849],[10.87563,59.60874],[10.87544,59.60889],[10.87355,59.60948],[10.87336,59.60964],[10.87332,59.60985],[10.87284,59.60907]]]}},{"type":"Feature","properties":{"k":"current","n":"Tresa grustak","a":193611,"ikraft":"2017-04-25","planid":"20110600","kommunenr":"3423"},"geometry":{"type":"Polygon","coordinates":[[[11.01127,61.59617],[11.01248,61.59534],[11.01277,61.59447],[11.01284,61.59472],[11.0166,61.59478],[11.01794,61.59464],[11.0199,61.5948],[11.02056,61.59495],[11.01894,61.59632],[11.01842,61.59733],[11.01657,61.59965],[11.01715,61.59995],[11.01531,61.60031],[11.01439,61.60013],[11.01366,61.59977],[11.01259,61.59869],[11.0116,61.59799],[11.01181,61.59679],[11.01127,61.59617]]]}},{"type":"Feature","properties":{"k":"current","n":"Thorbjørnrød massedeponi","a":174771,"ikraft":"2019-06-20","planid":"1151","kommunenr":"3107"},"geometry":{"type":"Polygon","coordinates":[[[10.89383,59.27151],[10.89284,59.27232],[10.89279,59.27263],[10.88954,59.27207],[10.88994,59.27163],[10.89034,59.27052],[10.89042,59.26941],[10.89213,59.26769],[10.89259,59.26675],[10.89345,59.26578],[10.89514,59.26548],[10.89522,59.26575],[10.89665,59.26553],[10.89664,59.26543],[10.89715,59.26602],[10.89589,59.26635],[10.89659,59.2675],[10.89656,59.26818],[10.89639,59.26842],[10.89543,59.269],[10.89552,59.26916],[10.89503,59.26939],[10.89458,59.26983],[10.89425,59.27094],[10.89383,59.27151]]]}},{"type":"Feature","properties":{"k":"current","n":"Svartmoegga grustak","a":155846,"ikraft":"2013-08-29","planid":"R55","kommunenr":"3424"},"geometry":{"type":"Polygon","coordinates":[[[11.06825,61.93462],[11.06857,61.93459],[11.07003,61.93685],[11.07255,61.93845],[11.07228,61.93855],[11.07091,61.9377],[11.07114,61.93831],[11.07086,61.93835],[11.07067,61.93888],[11.06982,61.93939],[11.068,61.93931],[11.06717,61.93918],[11.06444,61.93832],[11.06371,61.93793],[11.06348,61.93715],[11.06458,61.93601],[11.0645,61.93499],[11.06548,61.93485],[11.06558,61.93451],[11.066,61.93436],[11.06689,61.93431],[11.06818,61.93452],[11.06825,61.93462]]]}},{"type":"Feature","properties":{"k":"current","n":"E18 Massedeponier Skaug - Bråtan","a":195717,"ikraft":"2013-11-26","planid":"013820130001","kommunenr":"3118"},"geometry":{"type":"Polygon","coordinates":[[[10.94666,59.64022],[10.94699,59.64032],[10.94674,59.6405],[10.94711,59.6409],[10.94695,59.64115],[10.94989,59.64124],[10.95036,59.64276],[10.95007,59.64342],[10.94887,59.64405],[10.94546,59.64439],[10.94415,59.64404],[10.94256,59.64291],[10.94257,59.64274],[10.94607,59.64138],[10.94474,59.64107],[10.94408,59.64115],[10.94369,59.64131],[10.94355,59.64198],[10.94267,59.64243],[10.94094,59.64213],[10.94032,59.64177],[10.94013,59.64096],[10.94072,59.64057],[10.94153,59.64068],[10.9411,59.64016],[10.94137,59.63999],[10.94206,59.64047],[10.94219,59.64079],[10.94286,59.64104],[10.94345,59.64105],[10.94449,59.64087],[10.94624,59.64116],[10.94644,59.64109],[10.94656,59.64085],[10.94636,59.64051],[10.94554,59.64055],[10.94476,59.64042],[10.94362,59.63966],[10.94306,59.6387],[10.94434,59.63762],[10.94554,59.63775],[10.94586,59.63811],[10.94639,59.63838],[10.9462,59.63897],[10.94654,59.63955],[10.9462,59.64014],[10.94645,59.64036],[10.94666,59.64022]]]}},{"type":"Feature","properties":{"k":"current","n":"Hobøl Pukkverk - Høgåsen Industriområde","a":166975,"ikraft":"1992-06-22","planid":"013819920001","kommunenr":"3118"},"geometry":{"type":"Polygon","coordinates":[[[10.94827,59.60583],[10.94969,59.60569],[10.95047,59.60588],[10.95204,59.60548],[10.95286,59.60549],[10.95325,59.60535],[10.95545,59.60571],[10.95424,59.60745],[10.95365,59.608],[10.95241,59.60877],[10.95178,59.61023],[10.95217,59.61102],[10.95114,59.61078],[10.94965,59.60992],[10.94853,59.60974],[10.94876,59.60907],[10.94853,59.60835],[10.94644,59.60701],[10.94653,59.60652],[10.94827,59.60583]]]}},{"type":"Feature","properties":{"k":"current","n":"Hobøl Pukkverk","a":149546,"ikraft":"2003-03-17","planid":"013820030001","kommunenr":"3118"},"geometry":{"type":"Polygon","coordinates":[[[10.95532,59.60569],[10.95325,59.60535],[10.95286,59.60549],[10.95204,59.60548],[10.95087,59.60578],[10.94968,59.60561],[10.94827,59.60583],[10.94758,59.60464],[10.94709,59.60424],[10.94714,59.60411],[10.94661,59.60377],[10.94742,59.60346],[10.94815,59.60334],[10.9503,59.60343],[10.95178,59.6029],[10.95505,59.60269],[10.95752,59.60214],[10.95721,59.60336],[10.95621,59.6043],[10.95532,59.60569]]]}},{"type":"Feature","properties":{"k":"current","n":"Lørenskog gjenvinningsstasjon","a":6394,"ikraft":"2018-12-12","planid":"2018006","kommunenr":"3222"},"geometry":{"type":"Polygon","coordinates":[[[10.96952,59.92804],[10.96978,59.92789],[10.9698,59.92777],[10.96997,59.92768],[10.9701,59.9277],[10.97029,59.92762],[10.97126,59.92697],[10.97155,59.92709],[10.97129,59.92726],[10.97144,59.92732],[10.97094,59.92769],[10.96942,59.92856],[10.96909,59.92842],[10.96961,59.92808],[10.96952,59.92804]]]}},{"type":"Feature","properties":{"k":"current","n":"Sentrum øst - gjenvinningsstasjon","a":35166,"ikraft":"2012-03-07","planid":"2012001","kommunenr":"3222"},"geometry":{"type":"Polygon","coordinates":[[[10.96503,59.92582],[10.96577,59.92581],[10.96591,59.92624],[10.96616,59.92647],[10.96641,59.92655],[10.9667,59.92698],[10.96673,59.92724],[10.96688,59.92722],[10.96739,59.92753],[10.96818,59.92772],[10.96943,59.92777],[10.96973,59.92784],[10.96947,59.92802],[10.96961,59.92808],[10.96882,59.9286],[10.96829,59.92864],[10.96562,59.92809],[10.96492,59.92811],[10.96533,59.92715],[10.96473,59.92614],[10.96504,59.92614],[10.96503,59.92582]]]}},{"type":"Feature","properties":{"k":"current","n":"Solli Miljøpark","a":162755,"ikraft":"2022-12-08","planid":"201806","kommunenr":"3112"},"geometry":{"type":"Polygon","coordinates":[[[10.94523,59.32526],[10.94716,59.32504],[10.94722,59.32517],[10.94826,59.32558],[10.9482,59.32575],[10.94945,59.32726],[10.94947,59.32931],[10.9494,59.3298],[10.94922,59.32989],[10.94835,59.32968],[10.94781,59.32972],[10.94759,59.32944],[10.94718,59.32944],[10.94453,59.32824],[10.94278,59.32825],[10.94128,59.32852],[10.94053,59.32845],[10.94023,59.32854],[10.9392,59.32829],[10.94085,59.32702],[10.94153,59.32733],[10.94272,59.32669],[10.94426,59.32614],[10.94361,59.32561],[10.94523,59.32526]]]}},{"type":"Feature","properties":{"k":"current","n":"Detaljregulering for Massedeponi ved Råde Pukkverk","a":109955,"ikraft":"2019-11-14","planid":"0135201805","kommunenr":"3112"},"geometry":{"type":"Polygon","coordinates":[[[10.95171,59.35432],[10.95184,59.35446],[10.95031,59.35598],[10.94963,59.35603],[10.94875,59.35589],[10.94707,59.3548],[10.947,59.35434],[10.9459,59.3538],[10.94567,59.35271],[10.94765,59.35208],[10.94964,59.35178],[10.95083,59.35229],[10.95171,59.35432]]]}},{"type":"Feature","properties":{"k":"current","n":"Reguleringsplan for Råde pukkverk, Slangsvoll","a":206247,"ikraft":"2018-06-14","planid":"0135 2017 05","kommunenr":"3112"},"geometry":{"type":"Polygon","coordinates":[[[10.9516,59.3547],[10.95184,59.35446],[10.95171,59.35432],[10.95269,59.35397],[10.95648,59.3549],[10.96025,59.35538],[10.96069,59.35698],[10.96059,59.3576],[10.95992,59.35801],[10.95989,59.35818],[10.9583,59.35835],[10.95736,59.35835],[10.95522,59.35814],[10.95415,59.35792],[10.95395,59.35769],[10.95322,59.35766],[10.95252,59.35795],[10.95092,59.35787],[10.9508,59.35774],[10.95095,59.35707],[10.94996,59.35595],[10.95031,59.35598],[10.9516,59.3547]]]}},{"type":"Feature","properties":{"k":"current","n":"Massemottak på Grani, Holter","a":86983,"ikraft":"2019-06-18","planid":"16-06","kommunenr":"3238"},"geometry":{"type":"Polygon","coordinates":[[[11.02582,60.12674],[11.02628,60.12689],[11.02636,60.12672],[11.0263,60.12689],[11.02705,60.12704],[11.02823,60.12705],[11.02885,60.12681],[11.02936,60.12648],[11.0295,60.12612],[11.0297,60.12614],[11.02936,60.12764],[11.02916,60.12763],[11.02922,60.12704],[11.02913,60.127],[11.02891,60.12699],[11.02804,60.12712],[11.0274,60.12713],[11.02628,60.12695],[11.02624,60.12702],[11.02626,60.12694],[11.02617,60.12693],[11.02602,60.12793],[11.02616,60.12858],[11.02595,60.12849],[11.02577,60.12819],[11.02377,60.12882],[11.02235,60.12825],[11.02178,60.12787],[11.02088,60.12771],[11.01999,60.12742],[11.01924,60.12735],[11.0194,60.12712],[11.0196,60.12587],[11.02035,60.12586],[11.02125,60.12597],[11.02226,60.12588],[11.02533,60.12655],[11.02582,60.12674]]]}},{"type":"Feature","properties":{"k":"current","n":"Bortstu Hornset grustak","a":89647,"ikraft":"2008-11-27","planid":"R30","kommunenr":"3424"},"geometry":{"type":"Polygon","coordinates":[[[11.13316,61.79227],[11.13448,61.79248],[11.13329,61.79354],[11.13281,61.79417],[11.1299,61.79442],[11.12834,61.79442],[11.12796,61.79433],[11.12784,61.79421],[11.12789,61.79376],[11.12753,61.79291],[11.12759,61.79267],[11.1288,61.79157],[11.12986,61.79089],[11.13003,61.79086],[11.13043,61.79119],[11.13151,61.79187],[11.13264,61.79208],[11.13316,61.79227]]]}},{"type":"Feature","properties":{"k":"current","n":"Herstua grustak og næringsområde","a":445878,"ikraft":"2015-03-17","planid":"11-01","kommunenr":"3238"},"geometry":{"type":"Polygon","coordinates":[[[11.07679,60.24793],[11.0803,60.24977],[11.07825,60.25101],[11.07954,60.25195],[11.07993,60.25239],[11.08001,60.2527],[11.07855,60.25262],[11.07749,60.25268],[11.0775,60.25278],[11.0754,60.25301],[11.07534,60.25292],[11.06591,60.25444],[11.06636,60.25272],[11.06605,60.25044],[11.06348,60.24924],[11.06528,60.24881],[11.06483,60.2486],[11.06536,60.24852],[11.06684,60.24809],[11.0688,60.24776],[11.06899,60.24778],[11.07068,60.24745],[11.07317,60.24863],[11.07387,60.24825],[11.07444,60.24835],[11.07496,60.24835],[11.0756,60.24817],[11.07587,60.24788],[11.07679,60.24793]]]}},{"type":"Feature","properties":{"k":"current","n":"Tangen pukkverk","a":278236,"ikraft":"2018-05-02","planid":"13-01","kommunenr":"3238"},"geometry":{"type":"Polygon","coordinates":[[[11.07284,60.29243],[11.07325,60.29218],[11.07313,60.29211],[11.07672,60.29188],[11.07665,60.29168],[11.07943,60.29181],[11.07675,60.29379],[11.0762,60.29365],[11.07594,60.2938],[11.07586,60.29435],[11.07596,60.29437],[11.07552,60.29497],[11.07549,60.29538],[11.0757,60.29637],[11.0757,60.297],[11.07581,60.29701],[11.07518,60.29856],[11.07511,60.29824],[11.07254,60.29877],[11.07171,60.29901],[11.07065,60.29914],[11.07025,60.29911],[11.069,60.29922],[11.06815,60.29935],[11.06791,60.29947],[11.06766,60.29978],[11.06695,60.30013],[11.06736,60.29945],[11.06782,60.29903],[11.06816,60.29823],[11.06815,60.29766],[11.06832,60.29738],[11.06815,60.29711],[11.06851,60.29704],[11.0692,60.29671],[11.06931,60.2965],[11.06903,60.29626],[11.06905,60.29599],[11.06938,60.29574],[11.0696,60.2952],[11.06947,60.29518],[11.06935,60.29502],[11.06927,60.29445],[11.06955,60.29434],[11.07003,60.29429],[11.0707,60.29403],[11.07065,60.29389],[11.07107,60.29366],[11.07105,60.29361],[11.07188,60.29325],[11.07205,60.29296],[11.07234,60.2928],[11.07242,60.29265],[11.07284,60.29243]]]}},{"type":"Feature","properties":{"k":"current","n":"MINDRE VESENTLIG ENDRING AV REGULERINGSPLAN FOR VANG GRUSTAK","a":673238,"ikraft":"2003-03-05","planid":"577MVE1","kommunenr":"3403"},"geometry":{"type":"Polygon","coordinates":[[[11.1079,60.85489],[11.10951,60.85546],[11.11347,60.85713],[11.11531,60.85836],[11.11569,60.85896],[11.1165,60.86093],[11.11673,60.86121],[11.11784,60.86209],[11.11847,60.8631],[11.11864,60.86398],[11.11889,60.86455],[11.119,60.86661],[11.11799,60.86663],[11.11798,60.86651],[11.11559,60.8666],[11.1154,60.86653],[11.11503,60.8661],[11.11459,60.86583],[11.11349,60.86635],[11.1133,60.86635],[11.1131,60.86618],[11.11328,60.86575],[11.11269,60.865],[11.11211,60.86477],[11.11086,60.86462],[11.11028,60.86447],[11.10991,60.86412],[11.10978,60.86383],[11.10914,60.8634],[11.10848,60.86322],[11.10719,60.863],[11.10568,60.86243],[11.10513,60.86198],[11.10516,60.86169],[11.10548,60.86122],[11.10541,60.86096],[11.10513,60.86069],[11.1045,60.86027],[11.10321,60.8601],[11.10269,60.85989],[11.10281,60.85892],[11.1025,60.85864],[11.10193,60.85833],[11.10314,60.85784],[11.10335,60.85762],[11.10319,60.85733],[11.10275,60.85697],[11.10331,60.85664],[11.10333,60.85654],[11.10298,60.85617],[11.10321,60.85564],[11.10634,60.8556],[11.10665,60.85552],[11.1079,60.85489]]]}},{"type":"Feature","properties":{"k":"current","n":"Grustak på Lundestad","a":76248,"ikraft":"1991-06-13","planid":"31005","kommunenr":"3105"},"geometry":{"type":"Polygon","coordinates":[[[11.0331,59.29702],[11.03296,59.29714],[11.03332,59.29731],[11.03254,59.29714],[11.03166,59.2972],[11.03112,59.2973],[11.03045,59.29756],[11.02845,59.29776],[11.02477,59.29766],[11.02378,59.29796],[11.02239,59.29822],[11.02078,59.29845],[11.01924,59.29854],[11.01945,59.29908],[11.01944,59.29934],[11.02004,59.29932],[11.01934,59.30038],[11.01873,59.30091],[11.01885,59.30133],[11.01831,59.30196],[11.01791,59.30205],[11.01441,59.30149],[11.01588,59.29968],[11.01651,59.30044],[11.01673,59.30049],[11.0172,59.30048],[11.01714,59.30036],[11.01754,59.29971],[11.01784,59.29971],[11.01811,59.29985],[11.01862,59.29984],[11.01884,59.29975],[11.01864,59.29948],[11.0183,59.29851],[11.01809,59.29852],[11.01806,59.2984],[11.02048,59.29825],[11.02199,59.29806],[11.0233,59.29784],[11.02426,59.29754],[11.0248,59.29745],[11.02847,59.29755],[11.02983,59.29741],[11.02985,59.29727],[11.03028,59.29715],[11.03049,59.29729],[11.03119,59.29706],[11.03233,59.29695],[11.0331,59.29702]]]}},{"type":"Feature","properties":{"k":"current","n":"Hassellia grustak","a":80525,"ikraft":"2006-02-09","planid":"31010","kommunenr":"3105"},"geometry":{"type":"MultiPolygon","coordinates":[[[[11.01368,59.31267],[11.01328,59.31253],[11.01451,59.31226],[11.01287,59.31223],[11.01285,59.31242],[11.01221,59.3123],[11.01368,59.31267]]],[[[11.01519,59.31221],[11.01583,59.31211],[11.01505,59.31135],[11.01638,59.31031],[11.01679,59.30948],[11.01584,59.30898],[11.01485,59.30904],[11.01427,59.30864],[11.01348,59.30863],[11.0116,59.30987],[11.01211,59.31037],[11.01165,59.31092],[11.01175,59.31132],[11.01242,59.31175],[11.01386,59.3119],[11.01495,59.31238],[11.01519,59.31221]]]]}},{"type":"Feature","properties":{"k":"current","n":"Detaljregulering Vang grustak Øst - Utvidelse ","a":244275,"ikraft":"2021-12-15","planid":"072601","kommunenr":"3403"},"geometry":{"type":"Polygon","coordinates":[[[11.1079,60.85489],[11.10803,60.85483],[11.10749,60.85459],[11.10697,60.85411],[11.10619,60.85298],[11.10517,60.85232],[11.10585,60.8518],[11.10548,60.85148],[11.10647,60.85062],[11.10761,60.85105],[11.11078,60.84874],[11.11133,60.8494],[11.11025,60.85043],[11.11064,60.85126],[11.11265,60.85166],[11.11383,60.85235],[11.11599,60.85533],[11.11181,60.85642],[11.1079,60.85489]]]}},{"type":"Feature","properties":{"k":"current","n":"Masseuttak på Frang gård-gnr.130 bnr.1","a":25558,"ikraft":"2005-04-28","planid":"171","kommunenr":"3413"},"geometry":{"type":"Polygon","coordinates":[[[11.12097,60.69707],[11.11956,60.69671],[11.1196,60.69651],[11.1203,60.69586],[11.12115,60.69558],[11.12159,60.69496],[11.12251,60.69509],[11.12291,60.69527],[11.12348,60.69561],[11.12356,60.69602],[11.12305,60.69606],[11.12238,60.69647],[11.12126,60.69652],[11.12097,60.69707]]]}},{"type":"Feature","properties":{"k":"current","n":"Lindalen masseuttak","a":178178,"ikraft":"2000-06-22","planid":"446","kommunenr":"3107"},"geometry":{"type":"MultiPolygon","coordinates":[[[[11.05293,59.23528],[11.05317,59.23493],[11.05356,59.23499],[11.05429,59.23437],[11.05572,59.23477],[11.05635,59.23449],[11.05356,59.2323],[11.0511,59.2325],[11.05114,59.23294],[11.04966,59.23336],[11.04817,59.23402],[11.04785,59.23379],[11.048,59.23311],[11.04744,59.2325],[11.04698,59.23321],[11.04562,59.23436],[11.0458,59.23441],[11.0462,59.23408],[11.04666,59.23464],[11.0485,59.23446],[11.05003,59.23444],[11.05086,59.23523],[11.05118,59.23581],[11.05259,59.23518],[11.05293,59.23528]]],[[[11.0488,59.23807],[11.05165,59.23643],[11.05099,59.23597],[11.0507,59.23531],[11.04992,59.23453],[11.04674,59.23474],[11.04636,59.23467],[11.04758,59.23586],[11.04707,59.23724],[11.04793,59.23808],[11.0488,59.23807]]]]}},{"type":"Feature","properties":{"k":"current","n":"Utvidelse av Lindalen masseuttak","a":147908,"ikraft":"2012-10-18","planid":"1005","kommunenr":"3107"},"geometry":{"type":"Polygon","coordinates":[[[11.05572,59.23477],[11.05736,59.23573],[11.05776,59.23651],[11.05886,59.23709],[11.05933,59.23713],[11.05971,59.23749],[11.05865,59.23882],[11.05514,59.23907],[11.05303,59.2372],[11.05205,59.2368],[11.05099,59.23597],[11.0507,59.23531],[11.04996,59.23454],[11.0483,59.23458],[11.04665,59.23474],[11.04634,59.23465],[11.04602,59.2343],[11.04589,59.23434],[11.0462,59.23408],[11.04648,59.23456],[11.04669,59.23464],[11.0485,59.23446],[11.05003,59.23444],[11.05086,59.23523],[11.05119,59.23581],[11.05242,59.2352],[11.05293,59.23528],[11.05317,59.23493],[11.05356,59.23499],[11.05429,59.23437],[11.05572,59.23477]]]}},{"type":"Feature","properties":{"k":"current","n":"Nes fyllplass","a":98115,"ikraft":"1989-11-06","planid":"122","kommunenr":"3224"},"geometry":{"type":"Polygon","coordinates":[[[11.10148,59.87557],[11.09922,59.87603],[11.0984,59.87587],[11.0971,59.87595],[11.09771,59.87522],[11.09756,59.87509],[11.096,59.87576],[11.09532,59.87592],[11.09503,59.87586],[11.09661,59.87446],[11.09647,59.87414],[11.09663,59.87386],[11.09795,59.87391],[11.09952,59.87379],[11.10137,59.87247],[11.10228,59.87272],[11.10274,59.87274],[11.10287,59.87368],[11.10452,59.87429],[11.10348,59.87478],[11.10285,59.87464],[11.10251,59.87468],[11.1013,59.87529],[11.10148,59.87557]]]}},{"type":"Feature","properties":{"k":"current","n":"Jahrfeltet Masseuttak","a":245485,"ikraft":"2003-06-18","planid":"160","kommunenr":"3224"},"geometry":{"type":"Polygon","coordinates":[[[11.10188,59.88365],[11.10145,59.88422],[11.10096,59.88388],[11.10025,59.88423],[11.099,59.88435],[11.09869,59.88411],[11.09894,59.88382],[11.09844,59.88317],[11.0968,59.88237],[11.09689,59.88195],[11.0973,59.88162],[11.09735,59.88123],[11.09758,59.88105],[11.09836,59.88082],[11.09855,59.8803],[11.09916,59.87962],[11.09879,59.87893],[11.09891,59.87857],[11.0996,59.87816],[11.10043,59.87801],[11.1024,59.87807],[11.10371,59.87834],[11.10369,59.87871],[11.10406,59.87889],[11.10383,59.87961],[11.10396,59.87975],[11.10489,59.87985],[11.1055,59.88029],[11.10603,59.88043],[11.10689,59.88],[11.10745,59.87993],[11.10735,59.88048],[11.10782,59.88076],[11.10707,59.88168],[11.10582,59.88196],[11.10582,59.88224],[11.10549,59.88248],[11.10405,59.88263],[11.10376,59.88282],[11.10315,59.88288],[11.10294,59.88305],[11.10244,59.88314],[11.10231,59.88343],[11.10188,59.88365]]]}},{"type":"Feature","properties":{"k":"current","n":"Skogberget fjell- og masseuttak","a":64337,"ikraft":"2012-11-29","planid":"R54","kommunenr":"3424"},"geometry":{"type":"Polygon","coordinates":[[[11.24681,61.69894],[11.24614,61.69919],[11.24552,61.69928],[11.24492,61.69929],[11.24379,61.6992],[11.2431,61.6987],[11.24285,61.69868],[11.24273,61.6986],[11.24277,61.69852],[11.2424,61.69824],[11.2423,61.69802],[11.24222,61.69804],[11.24114,61.69753],[11.24069,61.69713],[11.24081,61.69652],[11.24158,61.69615],[11.24176,61.69617],[11.24266,61.69501],[11.24252,61.69412],[11.24217,61.69363],[11.2419,61.69352],[11.2414,61.69343],[11.23859,61.69322],[11.23636,61.69323],[11.23603,61.69332],[11.23598,61.69434],[11.2354,61.69539],[11.23489,61.69947],[11.23457,61.69966],[11.23409,61.69965],[11.23361,61.69948],[11.23316,61.69906],[11.23283,61.69901],[11.23313,61.6994],[11.23345,61.69959],[11.2333,61.69966],[11.23315,61.69959],[11.23227,61.69889],[11.23141,61.69849],[11.23176,61.69842],[11.23188,61.69856],[11.2323,61.69878],[11.23271,61.69894],[11.23322,61.699],[11.23365,61.69939],[11.23396,61.69954],[11.23442,61.69961],[11.23473,61.69951],[11.23528,61.69549],[11.23589,61.6943],[11.23593,61.69313],[11.23626,61.6932],[11.23856,61.69319],[11.24129,61.69339],[11.24222,61.69354],[11.24257,61.69409],[11.24274,61.69494],[11.24183,61.69618],[11.24286,61.6963],[11.24335,61.69642],[11.24499,61.69652],[11.24526,61.6968],[11.24338,61.69751],[11.24285,61.69785],[11.24237,61.698],[11.24249,61.69822],[11.24382,61.69917],[11.2451,61.69927],[11.24571,61.69923],[11.24623,61.69912],[11.24687,61.69878],[11.24671,61.69873],[11.24681,61.69861],[11.24658,61.69834],[11.24675,61.69715],[11.2491,61.69745],[11.24937,61.69759],[11.24945,61.69794],[11.24926,61.69819],[11.24925,61.69843],[11.24937,61.69854],[11.24919,61.69869],[11.24883,61.69869],[11.2485,61.69887],[11.24786,61.69899],[11.24732,61.69891],[11.24681,61.69894]]]}},{"type":"Feature","properties":{"k":"current","n":"Åkrestrømmen grustak","a":127452,"ikraft":"2011-05-26","planid":"R43","kommunenr":"3424"},"geometry":{"type":"Polygon","coordinates":[[[11.22208,61.6987],[11.22264,61.69838],[11.22512,61.69896],[11.22777,61.69925],[11.2326,61.70164],[11.23286,61.70261],[11.22954,61.70363],[11.2273,61.70231],[11.22679,61.70123],[11.22586,61.70046],[11.22477,61.69977],[11.22384,61.6998],[11.22316,61.69963],[11.22261,61.69963],[11.22212,61.69921],[11.22245,61.69899],[11.22208,61.6987]]]}},{"type":"Feature","properties":{"k":"current","n":"Bråten sand- og grustak","a":468568,"ikraft":"1994-09-08","planid":"375","kommunenr":"3107"},"geometry":{"type":"Polygon","coordinates":[[[11.0777,59.24215],[11.0771,59.24314],[11.07547,59.24293],[11.07289,59.24282],[11.0732,59.24188],[11.07375,59.24175],[11.07528,59.23818],[11.07282,59.2349],[11.07503,59.23274],[11.07575,59.2326],[11.07837,59.23261],[11.07838,59.23329],[11.08145,59.23488],[11.08419,59.23669],[11.08136,59.23675],[11.08144,59.23715],[11.08125,59.23766],[11.08141,59.23823],[11.08267,59.23816],[11.08192,59.23888],[11.08204,59.23923],[11.08262,59.23966],[11.08262,59.24006],[11.08171,59.24033],[11.08152,59.24049],[11.08199,59.24127],[11.08154,59.24243],[11.0777,59.24215]]]}},{"type":"Feature","properties":{"k":"current","n":"Massemottak Lystad","a":100146,"ikraft":"2014-06-16","planid":"341","kommunenr":"3209"},"geometry":{"type":"Polygon","coordinates":[[[11.13923,60.1044],[11.13931,60.1043],[11.13955,60.10432],[11.13937,60.10479],[11.13807,60.10428],[11.13608,60.10294],[11.13534,60.10283],[11.13473,60.10261],[11.13279,60.10132],[11.13124,60.10071],[11.12985,60.10036],[11.12969,60.10015],[11.12986,60.09995],[11.13165,60.09982],[11.1333,60.10002],[11.13482,60.09976],[11.13524,60.09997],[11.13552,60.10088],[11.13595,60.10103],[11.13637,60.10094],[11.13722,60.10031],[11.1385,60.10025],[11.13945,60.10034],[11.13952,60.1006],[11.1388,60.1008],[11.13842,60.10137],[11.13723,60.10196],[11.13683,60.10236],[11.13854,60.10413],[11.13923,60.1044]]]}},{"type":"Feature","properties":{"k":"current","n":"Grustak Nordby","a":71090,"ikraft":"1978-06-19","planid":"37","kommunenr":"3209"},"geometry":{"type":"Polygon","coordinates":[[[11.14055,60.1917],[11.14077,60.19166],[11.14252,60.19406],[11.14232,60.19409],[11.14321,60.19515],[11.14314,60.19535],[11.14353,60.19542],[11.14394,60.19653],[11.14371,60.19669],[11.14283,60.19667],[11.14108,60.19584],[11.14035,60.19574],[11.13967,60.19589],[11.139,60.19407],[11.13835,60.19323],[11.13942,60.19322],[11.1404,60.19336],[11.14142,60.1929],[11.14055,60.1917]]]}},{"type":"Feature","properties":{"k":"current","n":"Massemottak Ormlia Nord, del av gbnr. 97/1 m.fl.","a":80437,"ikraft":"2021-06-22","planid":"303532900","kommunenr":"3240"},"geometry":{"type":"Polygon","coordinates":[[[11.14923,60.3127],[11.15028,60.3127],[11.1524,60.31284],[11.15237,60.31308],[11.15206,60.31347],[11.15167,60.31366],[11.15171,60.31377],[11.15209,60.31397],[11.15219,60.31426],[11.15195,60.31458],[11.15143,60.31585],[11.15131,60.31636],[11.15137,60.31678],[11.15104,60.31674],[11.14794,60.31467],[11.14716,60.31391],[11.14724,60.31345],[11.14763,60.31327],[11.14786,60.313],[11.14842,60.31264],[11.14923,60.3127]]]}},{"type":"Feature","properties":{"k":"current","n":"Grustak Vilbergområdet","a":1318895,"ikraft":"1978-06-19","planid":"36","kommunenr":"3209"},"geometry":{"type":"MultiPolygon","coordinates":[[[[11.15601,60.18712],[11.1566,60.18669],[11.15926,60.18738],[11.15858,60.18833],[11.15784,60.18868],[11.15762,60.18885],[11.15896,60.18927],[11.15428,60.1914],[11.15299,60.1915],[11.15163,60.18864],[11.15204,60.18842],[11.15462,60.18777],[11.15601,60.18712]]],[[[11.19183,60.17415],[11.19104,60.17469],[11.18938,60.17564],[11.18921,60.17592],[11.18876,60.17571],[11.18805,60.17512],[11.18649,60.17463],[11.18566,60.17399],[11.18503,60.17391],[11.1845,60.1739],[11.18384,60.1745],[11.18256,60.17541],[11.18125,60.17615],[11.18021,60.17664],[11.17886,60.17718],[11.17732,60.17766],[11.17443,60.17838],[11.17454,60.17853],[11.17437,60.17872],[11.17336,60.17891],[11.17235,60.17806],[11.17141,60.17712],[11.17032,60.17563],[11.16959,60.17325],[11.16948,60.17214],[11.16928,60.1721],[11.16924,60.17074],[11.16936,60.17074],[11.16941,60.16986],[11.16956,60.16937],[11.17015,60.16937],[11.17227,60.16955],[11.17261,60.1698],[11.17298,60.1698],[11.17334,60.16966],[11.17337,60.16954],[11.17319,60.16941],[11.17277,60.16942],[11.17249,60.1695],[11.17307,60.16818],[11.17444,60.16559],[11.17448,60.16511],[11.17786,60.16519],[11.18329,60.16518],[11.18335,60.16546],[11.18355,60.16557],[11.18383,60.16561],[11.18385,60.16577],[11.18435,60.16552],[11.18492,60.16605],[11.18652,60.1682],[11.19183,60.17415]]]]}},{"type":"Feature","properties":{"k":"current","n":"Reg.plan for Dal pukkverk gnr 197/3 m.fl.","a":118250,"ikraft":"2009-08-31","planid":"291","kommunenr":"3209"},"geometry":{"type":"Polygon","coordinates":[[[11.17402,60.2538],[11.17487,60.25385],[11.17756,60.25506],[11.17915,60.25538],[11.17876,60.25596],[11.17694,60.25542],[11.17608,60.25498],[11.17529,60.2548],[11.17194,60.25504],[11.17057,60.25489],[11.16702,60.25525],[11.165,60.25475],[11.16488,60.25304],[11.16652,60.25306],[11.1676,60.25284],[11.16768,60.24822],[11.16789,60.248],[11.16891,60.24761],[11.16779,60.24815],[11.16769,60.25282],[11.16851,60.25269],[11.1688,60.25319],[11.16986,60.25372],[11.17106,60.25359],[11.17402,60.2538]]]}},{"type":"Feature","properties":{"k":"current","n":"Utvidelse av Dal pukkverk","a":200130,"ikraft":"2009-09-08","planid":"023719000","kommunenr":"3240"},"geometry":{"type":"Polygon","coordinates":[[[11.17877,60.25596],[11.17734,60.25758],[11.17594,60.25887],[11.17557,60.25901],[11.17447,60.25904],[11.17365,60.25893],[11.1735,60.2587],[11.17325,60.25895],[11.17164,60.2578],[11.16924,60.25674],[11.16627,60.25609],[11.16532,60.25572],[11.165,60.25476],[11.16702,60.25525],[11.17057,60.25489],[11.17194,60.25504],[11.17529,60.2548],[11.17608,60.25498],[11.17694,60.25542],[11.17877,60.25596]]]}},{"type":"Feature","properties":{"k":"current","n":"Gatedalen renovasjonsanlegg","a":43221,"ikraft":"1998-04-30","planid":"422","kommunenr":"3107"},"geometry":{"type":"MultiPolygon","coordinates":[[[[11.11715,59.25699],[11.11548,59.25716],[11.11551,59.2581],[11.1152,59.25858],[11.11557,59.25889],[11.11555,59.25913],[11.11458,59.25952],[11.11414,59.25941],[11.11223,59.26019],[11.1143,59.26087],[11.11609,59.25998],[11.11715,59.25699]]],[[[11.1118,59.26057],[11.11314,59.26091],[11.11356,59.26124],[11.11396,59.26103],[11.11185,59.26037],[11.1118,59.26057]]]]}},{"type":"Feature","properties":{"k":"current","n":"Steinbrudd på eiendommen gnr 197/11, 15 og 18 på Sessvoll","a":51708,"ikraft":"1988-12-12","planid":"113","kommunenr":"3209"},"geometry":{"type":"Polygon","coordinates":[[[11.17342,60.25269],[11.1722,60.2533],[11.17187,60.25367],[11.17106,60.25359],[11.16986,60.25372],[11.1688,60.25319],[11.16838,60.25223],[11.16856,60.25208],[11.16921,60.25193],[11.16951,60.25159],[11.1704,60.25158],[11.17141,60.25174],[11.17182,60.25129],[11.17238,60.25128],[11.17269,60.25146],[11.17275,60.25179],[11.17328,60.25216],[11.17342,60.25269]]]}},{"type":"Feature","properties":{"k":"current","n":"Steinbrudd på eiendommen gnr. 197 bnr.3, Fjellberg skog 143","a":129312,"ikraft":"1992-08-31","planid":"142","kommunenr":"3209"},"geometry":{"type":"Polygon","coordinates":[[[11.17855,60.25506],[11.17854,60.25526],[11.17756,60.25506],[11.17487,60.25385],[11.17187,60.25367],[11.1722,60.2533],[11.17342,60.25269],[11.17383,60.2526],[11.17376,60.25235],[11.17406,60.25207],[11.17441,60.25188],[11.17481,60.2513],[11.17527,60.25117],[11.17619,60.25075],[11.17687,60.2506],[11.17739,60.25037],[11.17777,60.25004],[11.17928,60.25091],[11.17963,60.25132],[11.18003,60.25208],[11.17927,60.25213],[11.17941,60.25284],[11.17878,60.25357],[11.17878,60.25383],[11.17893,60.25404],[11.1786,60.25441],[11.17855,60.25506]]]}},{"type":"Feature","properties":{"k":"current","n":"Hjera pukkverk, Brensmork og Nes, gbnr. 151/11 m.fl.","a":323408,"ikraft":"2016-10-18","planid":"023725200","kommunenr":"3240"},"geometry":{"type":"Polygon","coordinates":[[[11.18636,60.31626],[11.18541,60.31675],[11.18611,60.3179],[11.18507,60.31873],[11.1849,60.31959],[11.18443,60.32035],[11.18396,60.32063],[11.18326,60.3208],[11.18259,60.3208],[11.18183,60.32061],[11.18153,60.32045],[11.18097,60.31993],[11.18053,60.31974],[11.17843,60.31964],[11.17752,60.31946],[11.17703,60.31925],[11.17667,60.31899],[11.17546,60.31769],[11.17454,60.31776],[11.1748,60.31738],[11.17483,60.31661],[11.1753,60.31605],[11.17546,60.31548],[11.17569,60.3152],[11.17612,60.31499],[11.17813,60.3143],[11.17928,60.3141],[11.18005,60.31381],[11.18003,60.31371],[11.17856,60.3125],[11.18032,60.31379],[11.18133,60.31433],[11.18352,60.31528],[11.18636,60.31626]]]}},{"type":"Feature","properties":{"k":"current","n":"Berglivegen grustak","a":44327,"ikraft":"2006-04-26","planid":"2006131","kommunenr":"3422"},"geometry":{"type":"Polygon","coordinates":[[[11.24665,61.1525],[11.24437,61.15278],[11.24283,61.15349],[11.24204,61.15372],[11.24021,61.1539],[11.23986,61.15342],[11.23982,61.153],[11.2464,61.15145],[11.24722,61.15224],[11.24774,61.15243],[11.24665,61.1525]]]}},{"type":"Feature","properties":{"k":"current","n":"Sarpsborg Pukkverk AS ","a":745713,"ikraft":"2023-11-14","planid":"37014","kommunenr":"3105"},"geometry":{"type":"Polygon","coordinates":[[[11.13587,59.23701],[11.13292,59.23933],[11.12975,59.24103],[11.12789,59.24021],[11.12724,59.23943],[11.12662,59.23916],[11.1264,59.23875],[11.12556,59.23815],[11.1225,59.23378],[11.12287,59.2331],[11.12074,59.2306],[11.12073,59.22866],[11.12345,59.22733],[11.12387,59.22692],[11.1244,59.2268],[11.12489,59.22682],[11.12507,59.22704],[11.12462,59.22742],[11.1275,59.22897],[11.1288,59.23019],[11.13,59.23022],[11.13197,59.23103],[11.13219,59.23166],[11.13199,59.23189],[11.13328,59.23302],[11.13511,59.23414],[11.13517,59.23499],[11.135,59.23541],[11.13587,59.23701]]]}},{"type":"Feature","properties":{"k":"current","n":"HEIER PUKKVERK","a":240657,"ikraft":"2016-12-05","planid":"453","kommunenr":"3220"},"geometry":{"type":"Polygon","coordinates":[[[11.15761,59.72914],[11.15791,59.72876],[11.15869,59.7284],[11.15971,59.7283],[11.16047,59.7284],[11.16126,59.72874],[11.16342,59.7305],[11.16424,59.73159],[11.1645,59.73255],[11.1638,59.73486],[11.1619,59.73507],[11.16268,59.73508],[11.1606,59.73515],[11.15862,59.73482],[11.15923,59.73489],[11.15801,59.73464],[11.15812,59.73434],[11.15796,59.73368],[11.15736,59.73238],[11.1577,59.73208],[11.15736,59.73165],[11.15724,59.73021],[11.15734,59.72981],[11.1576,59.7295],[11.15761,59.72914]]]}},{"type":"Feature","properties":{"k":"current","n":"Torud midertidig massemottak","a":59804,"ikraft":"2015-12-07","planid":"454","kommunenr":"3220"},"geometry":{"type":"Polygon","coordinates":[[[11.1544,59.75402],[11.15392,59.75385],[11.15309,59.75309],[11.154,59.75279],[11.15503,59.75277],[11.15638,59.75256],[11.15686,59.75227],[11.15931,59.75184],[11.15992,59.75224],[11.15949,59.75257],[11.15846,59.75407],[11.15736,59.75441],[11.15627,59.75411],[11.1544,59.75402]]]}},{"type":"Feature","properties":{"k":"current","n":"Sørli masseuttak","a":712553,"ikraft":"2009-02-11","planid":"205","kommunenr":"3413"},"geometry":{"type":"Polygon","coordinates":[[[11.21602,60.68236],[11.21635,60.68233],[11.21688,60.68264],[11.21722,60.6825],[11.21583,60.68169],[11.21576,60.68119],[11.2153,60.68113],[11.21586,60.67778],[11.21488,60.67776],[11.21496,60.67748],[11.21551,60.67616],[11.21674,60.67447],[11.22015,60.67179],[11.22481,60.67362],[11.22584,60.67375],[11.22677,60.67413],[11.22735,60.67416],[11.23026,60.67387],[11.23033,60.67645],[11.22932,60.67718],[11.22716,60.67777],[11.22584,60.67996],[11.22216,60.68152],[11.22217,60.6846],[11.22162,60.68471],[11.21981,60.68474],[11.21964,60.68566],[11.21931,60.68566],[11.21775,60.68475],[11.21739,60.68418],[11.21719,60.68303],[11.21676,60.68268],[11.21602,60.68236]]]}},{"type":"Feature","properties":{"k":"current","n":"Steinbrudd Strand","a":172030,"ikraft":"2011-12-14","planid":"20070101","kommunenr":"3423"},"geometry":{"type":"Polygon","coordinates":[[[11.25957,61.28771],[11.25333,61.286],[11.25946,61.28263],[11.26464,61.28491],[11.25957,61.28771]]]}},{"type":"Feature","properties":{"k":"current","n":"Øvre Kløfte grustak","a":41406,"ikraft":"2006-11-30","planid":"R29","kommunenr":"3424"},"geometry":{"type":"Polygon","coordinates":[[[11.30036,61.88093],[11.29932,61.88094],[11.29861,61.88051],[11.29815,61.87975],[11.29724,61.87935],[11.29719,61.87914],[11.29762,61.87879],[11.29854,61.87835],[11.29909,61.87824],[11.30049,61.87831],[11.30101,61.87909],[11.30073,61.88039],[11.30036,61.88093]]]}},{"type":"Feature","properties":{"k":"current","n":"Detaljregulering av massedeponi, gnr/bnr 69/1 og 70/2, Skjørten","a":84079,"ikraft":"2016-04-28","planid":"012420130005","kommunenr":"3118"},"geometry":{"type":"Polygon","coordinates":[[[11.15891,59.5583],[11.15964,59.55802],[11.16054,59.55821],[11.16152,59.55853],[11.16273,59.55942],[11.15942,59.56054],[11.1589,59.56042],[11.15644,59.56085],[11.15473,59.56102],[11.15412,59.56098],[11.15372,59.56062],[11.15394,59.56059],[11.15405,59.5603],[11.15891,59.5583]]]}},{"type":"Feature","properties":{"k":"current","n":"Hasle pukkverk","a":38435,"ikraft":"2006-10-19","planid":"24030","kommunenr":"3105"},"geometry":{"type":"Polygon","coordinates":[[[11.15906,59.3056],[11.16008,59.30503],[11.16118,59.30476],[11.16261,59.30475],[11.16325,59.30672],[11.16074,59.30662],[11.1609,59.30623],[11.16008,59.30606],[11.15971,59.30643],[11.15919,59.30658],[11.15884,59.30604],[11.15914,59.3058],[11.15906,59.3056]]]}},{"type":"Feature","properties":{"k":"current","n":"Detaljregulering for del av Stegen avfallsanlegg, gnr/bnr 57/2 m.fl.","a":127865,"ikraft":"2017-02-16","planid":"012420140001","kommunenr":"3118"},"geometry":{"type":"Polygon","coordinates":[[[11.17013,59.56237],[11.17075,59.56248],[11.1709,59.56243],[11.1711,59.56208],[11.17353,59.56206],[11.17376,59.56189],[11.17462,59.56227],[11.17501,59.56226],[11.17594,59.56211],[11.17605,59.56344],[11.17637,59.56391],[11.17693,59.5643],[11.17511,59.56509],[11.1749,59.5648],[11.1746,59.56464],[11.17355,59.56424],[11.16953,59.56482],[11.16834,59.56491],[11.16828,59.56466],[11.16783,59.56411],[11.16751,59.56348],[11.16718,59.56236],[11.16741,59.56229],[11.16772,59.56235],[11.16946,59.56282],[11.16973,59.56245],[11.17013,59.56237]]]}},{"type":"Feature","properties":{"k":"current","n":"Ny fyllplass Stegen","a":102384,"ikraft":"1976-12-22","planid":"012419760007","kommunenr":"3118"},"geometry":{"type":"MultiPolygon","coordinates":[[[[11.17353,59.56206],[11.17376,59.56189],[11.17462,59.56227],[11.17564,59.56213],[11.17539,59.56174],[11.17668,59.56041],[11.17684,59.55988],[11.17671,59.55936],[11.17532,59.56011],[11.17347,59.56147],[11.17282,59.56168],[11.17235,59.56165],[11.17242,59.56207],[11.17353,59.56206]]],[[[11.17059,59.56173],[11.17016,59.56159],[11.16939,59.56152],[11.16862,59.56177],[11.16784,59.5624],[11.16946,59.56282],[11.16973,59.56245],[11.17013,59.56237],[11.17059,59.56173]]],[[[11.16916,59.56485],[11.1701,59.56581],[11.17074,59.56622],[11.1711,59.56629],[11.1712,59.56622],[11.17096,59.56556],[11.17228,59.5655],[11.17221,59.56506],[11.17305,59.5653],[11.17391,59.56535],[11.17389,59.56514],[11.1732,59.56473],[11.17298,59.56432],[11.16916,59.56485]]],[[[11.1757,59.56483],[11.17599,59.56551],[11.17652,59.5661],[11.17627,59.56669],[11.17696,59.56656],[11.17802,59.56675],[11.17832,59.56665],[11.17821,59.56625],[11.1788,59.56609],[11.17892,59.56593],[11.17848,59.56577],[11.17855,59.56557],[11.17739,59.56541],[11.17728,59.56514],[11.17973,59.5653],[11.18024,59.56523],[11.18034,59.56504],[11.17876,59.56497],[11.17684,59.56433],[11.1757,59.56483]]]]}},{"type":"Feature","properties":{"k":"current","n":"Steinbrudd og utbedring av alpinbakke, Rambydalen","a":64706,"ikraft":"2004-06-14","planid":"234","kommunenr":"3209"},"geometry":{"type":"Polygon","coordinates":[[[11.20251,60.11936],[11.20081,60.11746],[11.20478,60.11672],[11.20519,60.11735],[11.20482,60.11818],[11.20552,60.11927],[11.20534,60.11952],[11.20441,60.11999],[11.20442,60.12041],[11.20379,60.12095],[11.2035,60.12096],[11.20301,60.11975],[11.20251,60.11936]]]}},{"type":"Feature","properties":{"k":"current","n":"DETALJREGULERING FOR HEGGVIN AVFALL OG GJENVINNING","a":597550,"ikraft":"2015-05-27","planid":"068500","kommunenr":"3403"},"geometry":{"type":"Polygon","coordinates":[[[11.27011,60.85114],[11.27026,60.85041],[11.27514,60.84839],[11.2756,60.84851],[11.27693,60.84975],[11.27958,60.85153],[11.27967,60.8522],[11.27909,60.8532],[11.27948,60.85391],[11.27919,60.8543],[11.2791,60.85488],[11.27576,60.85765],[11.27546,60.85862],[11.27503,60.85911],[11.2748,60.86012],[11.2678,60.85993],[11.26735,60.85855],[11.26889,60.85171],[11.26984,60.85118],[11.27009,60.85124],[11.27011,60.85114]]]}},{"type":"Feature","properties":{"k":"current","n":"BRYNSÅSEN STEINBRUDD","a":192342,"ikraft":"2010-10-06","planid":"211","kommunenr":"3413"},"geometry":{"type":"Polygon","coordinates":[[[11.30657,60.78228],[11.30681,60.78231],[11.30617,60.7834],[11.30446,60.785],[11.30423,60.78494],[11.30138,60.78524],[11.30145,60.78589],[11.30097,60.78487],[11.29996,60.7839],[11.30041,60.78418],[11.30054,60.78216],[11.30189,60.77938],[11.30619,60.77892],[11.30666,60.78016],[11.30683,60.78131],[11.30657,60.78228]]]}},{"type":"Feature","properties":{"k":"current","n":"Hovda grustak","a":159452,"ikraft":"1998-11-05","planid":"199894","kommunenr":"3422"},"geometry":{"type":"Polygon","coordinates":[[[11.32907,61.21051],[11.33201,61.20671],[11.33247,61.2056],[11.33291,61.20353],[11.33312,61.2034],[11.33431,61.20326],[11.33466,61.20348],[11.33537,61.20355],[11.33647,61.20396],[11.33601,61.20454],[11.33555,61.20479],[11.33511,61.20578],[11.33513,61.20672],[11.33635,61.2085],[11.33368,61.20902],[11.3311,61.21151],[11.32907,61.21051]]]}},{"type":"Feature","properties":{"k":"current","n":"Vikåteigen grustak","a":21014,"ikraft":"1998-11-05","planid":"199893","kommunenr":"3422"},"geometry":{"type":"Polygon","coordinates":[[[11.33745,61.25065],[11.33755,61.25064],[11.33784,61.2508],[11.33818,61.25113],[11.33819,61.25129],[11.33738,61.25235],[11.33731,61.25256],[11.33742,61.25293],[11.33632,61.25307],[11.33516,61.25279],[11.33745,61.25065]]]}},{"type":"Feature","properties":{"k":"current","n":"Sand-/grustak Hovdmoen","a":64673,"ikraft":"2007-12-12","planid":"2007140","kommunenr":"3422"},"geometry":{"type":"Polygon","coordinates":[[[11.33757,61.18146],[11.33774,61.18143],[11.33971,61.1828],[11.34194,61.18292],[11.34206,61.18248],[11.34437,61.18259],[11.34405,61.18426],[11.34378,61.18427],[11.34363,61.18471],[11.34247,61.18584],[11.34251,61.18601],[11.34147,61.18568],[11.33916,61.18264],[11.33757,61.18146]]]}},{"type":"Feature","properties":{"k":"current","n":"SØNDRE LØSSET STEINBRUDD","a":22984,"ikraft":"2005-02-16","planid":"2005124","kommunenr":"3422"},"geometry":{"type":"MultiPolygon","coordinates":[[[[11.40129,61.38365],[11.40287,61.38261],[11.40342,61.3824],[11.40315,61.3829],[11.40202,61.38366],[11.40145,61.38387],[11.40129,61.38365]]],[[[11.40611,61.37935],[11.40544,61.37923],[11.40564,61.37821],[11.40605,61.3779],[11.40686,61.37764],[11.40854,61.37609],[11.4087,61.37637],[11.40725,61.37794],[11.40682,61.37919],[11.40663,61.37932],[11.40611,61.37935]]]]}},{"type":"Feature","properties":{"k":"current","n":"Berget grustak","a":73424,"ikraft":"2008-06-25","planid":"2008147","kommunenr":"3422"},"geometry":{"type":"Polygon","coordinates":[[[11.40462,61.3925],[11.40461,61.39223],[11.4051,61.39185],[11.40681,61.39085],[11.4072,61.39106],[11.40832,61.39118],[11.4084,61.39091],[11.4119,61.39102],[11.41163,61.39161],[11.41094,61.39233],[11.41072,61.3931],[11.40864,61.39315],[11.40601,61.393],[11.40462,61.3925]]]}},{"type":"Feature","properties":{"k":"current","n":"Reguleringsplan for kombinert lager og deponi for lavt og midels radioaktivt avfall i Himdalen","a":126334,"ikraft":"1997-02-28","planid":"22119970006","kommunenr":"3226"},"geometry":{"type":"Polygon","coordinates":[[[11.2962,59.80197],[11.30219,59.80378],[11.30211,59.80409],[11.299,59.80673],[11.29537,59.80563],[11.2955,59.803],[11.29522,59.80293],[11.2962,59.80197]]]}},{"type":"Feature","properties":{"k":"current","n":"Detaljregulering for Svingen Pukkverk","a":177403,"ikraft":"2025-11-27","planid":"G-753","kommunenr":"3101"},"geometry":{"type":"Polygon","coordinates":[[[11.27499,59.1275],[11.27588,59.12701],[11.27698,59.12675],[11.27809,59.12685],[11.27869,59.12655],[11.27869,59.1264],[11.27885,59.12631],[11.2798,59.12621],[11.28114,59.12642],[11.28155,59.12666],[11.28241,59.1269],[11.28357,59.127],[11.28373,59.12721],[11.28416,59.12739],[11.28418,59.12778],[11.28349,59.1285],[11.28147,59.12998],[11.28054,59.13134],[11.28028,59.13132],[11.28031,59.13084],[11.27943,59.13075],[11.27862,59.13087],[11.27864,59.13224],[11.27852,59.13224],[11.27848,59.13194],[11.27829,59.13191],[11.27849,59.13179],[11.27844,59.13095],[11.27832,59.13092],[11.27721,59.13107],[11.27689,59.12945],[11.27624,59.12842],[11.27499,59.1275]]]}},{"type":"Feature","properties":{"k":"current","n":"Grustak Deset vest","a":72413,"ikraft":"2003-10-16","planid":"2003111","kommunenr":"3422"},"geometry":{"type":"Polygon","coordinates":[[[11.44559,61.29722],[11.44557,61.29707],[11.44461,61.29634],[11.44321,61.29579],[11.43789,61.29505],[11.43849,61.29418],[11.44103,61.29391],[11.44548,61.29502],[11.44656,61.2959],[11.44686,61.29666],[11.44592,61.29722],[11.44559,61.29722]]]}},{"type":"Feature","properties":{"k":"current","n":"Områderegulering m/KU for Gjeslia steinbrudd og Langbakken grustak og steinbrudd","a":51064,"ikraft":"2011-03-09","planid":"20101300","kommunenr":"3422"},"geometry":{"type":"MultiPolygon","coordinates":[[[[11.4515,61.15743],[11.45132,61.15761],[11.45114,61.1581],[11.45027,61.15845],[11.44876,61.15886],[11.44872,61.15903],[11.44818,61.15896],[11.44647,61.15896],[11.44576,61.15907],[11.44533,61.1593],[11.44475,61.15925],[11.44463,61.1595],[11.4445,61.15946],[11.44445,61.15963],[11.44495,61.1597],[11.44483,61.15999],[11.44357,61.16],[11.44356,61.16017],[11.44633,61.1602],[11.44639,61.16004],[11.44543,61.16002],[11.44534,61.1596],[11.44538,61.15938],[11.44555,61.15922],[11.44592,61.15909],[11.44629,61.15905],[11.44924,61.15935],[11.45144,61.15978],[11.45195,61.15851],[11.45281,61.15764],[11.45331,61.1573],[11.45406,61.15705],[11.45344,61.15673],[11.45255,61.15642],[11.45124,61.15714],[11.45106,61.15736],[11.45116,61.15736],[11.45116,61.15743],[11.4515,61.15743]]],[[[11.44939,61.158],[11.44729,61.15865],[11.44735,61.15888],[11.44783,61.15876],[11.44941,61.15807],[11.44978,61.15786],[11.45006,61.15758],[11.44939,61.158]]],[[[11.45953,61.15231],[11.45941,61.15224],[11.46038,61.15184],[11.46284,61.15116],[11.46302,61.15122],[11.46048,61.15192],[11.45953,61.15231]]]]}},{"type":"Feature","properties":{"k":"current","n":"Mindre endring Gjeslia steinbrudd og Langbakken grustak og steinbrudd","a":18187,"ikraft":"2012-06-22","planid":"20101301","kommunenr":"3422"},"geometry":{"type":"Polygon","coordinates":[[[11.45006,61.15758],[11.45059,61.15719],[11.45233,61.15625],[11.45261,61.15639],[11.45124,61.15714],[11.45106,61.15736],[11.45116,61.15736],[11.45116,61.15743],[11.4515,61.15743],[11.45152,61.15749],[11.45132,61.15761],[11.45114,61.1581],[11.45027,61.15845],[11.44876,61.15886],[11.44872,61.15903],[11.44818,61.15896],[11.44703,61.15898],[11.44704,61.15889],[11.44776,61.15879],[11.44941,61.15807],[11.44978,61.15786],[11.45006,61.15758]]]}},{"type":"Feature","properties":{"k":"current","n":"Esval Miljøpark","a":448609,"ikraft":"2021-04-20","planid":"2016016","kommunenr":"3228"},"geometry":{"type":"Polygon","coordinates":[[[11.40996,60.18853],[11.40635,60.18932],[11.40486,60.18917],[11.40273,60.18876],[11.40075,60.18966],[11.40068,60.18988],[11.40031,60.19002],[11.40018,60.19044],[11.39841,60.19086],[11.39712,60.19072],[11.39626,60.19081],[11.39461,60.19123],[11.3934,60.19133],[11.39208,60.19115],[11.39071,60.19024],[11.39002,60.1901],[11.38911,60.18957],[11.38665,60.18958],[11.38722,60.18927],[11.38723,60.18915],[11.38695,60.18917],[11.38676,60.18896],[11.38694,60.18883],[11.38737,60.18871],[11.38885,60.18873],[11.3905,60.18763],[11.39164,60.18765],[11.39456,60.18728],[11.39479,60.18709],[11.3973,60.18613],[11.40069,60.18515],[11.4027,60.18431],[11.40268,60.18484],[11.40528,60.185],[11.40605,60.18566],[11.40545,60.18699],[11.40672,60.18774],[11.40663,60.18785],[11.40996,60.18853]]]}},{"type":"Feature","properties":{"k":"current","n":"Langbakken grustak og steinbrudd","a":287717,"ikraft":"2011-03-09","planid":"20101500","kommunenr":"3422"},"geometry":{"type":"Polygon","coordinates":[[[11.46657,61.15184],[11.4663,61.15188],[11.46526,61.15164],[11.4634,61.15139],[11.4617,61.15078],[11.46118,61.15032],[11.46123,61.14972],[11.46173,61.14911],[11.46173,61.14819],[11.46301,61.14663],[11.46393,61.14612],[11.46247,61.14532],[11.46213,61.14489],[11.46194,61.14414],[11.46081,61.14343],[11.46135,61.14342],[11.46243,61.14392],[11.46295,61.1451],[11.46439,61.14596],[11.467,61.14517],[11.46924,61.14519],[11.47083,61.14841],[11.4709,61.14891],[11.47068,61.14908],[11.46959,61.14933],[11.46913,61.14978],[11.46953,61.15021],[11.46884,61.15108],[11.46657,61.15184]]]}},{"type":"Feature","properties":{"k":"current","n":"Gjesslia steinbrudd","a":127468,"ikraft":"2011-03-09","planid":"20101400","kommunenr":"3422"},"geometry":{"type":"Polygon","coordinates":[[[11.45941,61.15224],[11.45953,61.15231],[11.45692,61.15358],[11.45688,61.15344],[11.4561,61.15354],[11.45427,61.15351],[11.45153,61.1532],[11.45166,61.15089],[11.45236,61.15003],[11.45371,61.14934],[11.45941,61.15224]]]}},{"type":"Feature","properties":{"k":"current","n":"Områderegulering for Tykkeriset og Nybergveien steinbrudd","a":620605,"ikraft":"2012-06-20","planid":"20102300","kommunenr":"3422"},"geometry":{"type":"Polygon","coordinates":[[[11.48229,61.16633],[11.48058,61.1667],[11.47998,61.1667],[11.47945,61.1666],[11.4772,61.16583],[11.47534,61.16498],[11.4721,61.16318],[11.46964,61.16238],[11.46812,61.16201],[11.4673,61.16188],[11.46691,61.16172],[11.46574,61.16201],[11.4638,61.16238],[11.46283,61.16268],[11.46113,61.16347],[11.46165,61.1638],[11.46152,61.16386],[11.45922,61.16269],[11.45935,61.16264],[11.46035,61.16315],[11.46085,61.16333],[11.46277,61.16244],[11.46372,61.16218],[11.46578,61.16179],[11.46663,61.16155],[11.46862,61.1607],[11.47014,61.16024],[11.47,61.16001],[11.46981,61.15995],[11.46984,61.15976],[11.47026,61.15986],[11.47055,61.16016],[11.47391,61.15984],[11.48172,61.15838],[11.48338,61.15792],[11.48349,61.15798],[11.48463,61.15752],[11.48472,61.15757],[11.48467,61.15767],[11.48727,61.16032],[11.48772,61.16061],[11.48868,61.16103],[11.48491,61.16233],[11.48491,61.16413],[11.48602,61.16445],[11.48724,61.16437],[11.49006,61.16388],[11.49078,61.16363],[11.49052,61.16558],[11.49029,61.1656],[11.48991,61.16527],[11.48952,61.16506],[11.48905,61.16491],[11.4879,61.1648],[11.48649,61.1645],[11.48403,61.16449],[11.48323,61.16458],[11.48177,61.16495],[11.48186,61.16577],[11.48229,61.16633]]]}},{"type":"Feature","properties":{"k":"current","n":"Rokke avfallsplass","a":235707,"ikraft":"2011-02-10","planid":"G-629","kommunenr":"3101"},"geometry":{"type":"Polygon","coordinates":[[[11.33727,59.17984],[11.33719,59.17979],[11.3358,59.18002],[11.33397,59.18066],[11.33286,59.18081],[11.33276,59.18094],[11.33285,59.18139],[11.33266,59.18141],[11.3323,59.18012],[11.33251,59.1801],[11.33265,59.18052],[11.33332,59.18052],[11.33399,59.18037],[11.33424,59.18036],[11.33578,59.17981],[11.33709,59.1796],[11.33534,59.17666],[11.33521,59.17598],[11.3355,59.17596],[11.33546,59.17573],[11.33563,59.17542],[11.33555,59.17529],[11.33561,59.17497],[11.33549,59.17489],[11.33564,59.17481],[11.33567,59.17469],[11.33554,59.17443],[11.33523,59.17426],[11.33538,59.1737],[11.33509,59.17344],[11.33614,59.17195],[11.33712,59.17278],[11.33866,59.17476],[11.34052,59.17445],[11.34117,59.17462],[11.3428,59.17549],[11.34371,59.17668],[11.34107,59.17721],[11.33999,59.17881],[11.34018,59.18027],[11.33826,59.18069],[11.33764,59.18002],[11.33748,59.18006],[11.33727,59.17984]]]}},{"type":"Feature","properties":{"k":"current","n":"Torperåsen pukkverk","a":244253,"ikraft":"1994-04-29","planid":"012519940002","kommunenr":"3118"},"geometry":{"type":"Polygon","coordinates":[[[11.35532,59.58275],[11.35531,59.58231],[11.35558,59.58197],[11.35808,59.57968],[11.35908,59.57909],[11.36025,59.57899],[11.36141,59.57857],[11.36214,59.57864],[11.36285,59.57823],[11.36332,59.57819],[11.36624,59.57865],[11.36957,59.57947],[11.37,59.5808],[11.36953,59.5814],[11.36805,59.58219],[11.36514,59.58303],[11.36431,59.58305],[11.3636,59.58281],[11.36047,59.58131],[11.35865,59.58061],[11.35813,59.58001],[11.35586,59.58213],[11.35558,59.58277],[11.35532,59.58296],[11.35532,59.58275]]]}},{"type":"Feature","properties":{"k":"current","n":"Kulmoen masseuttak","a":174245,"ikraft":"2007-06-19","planid":"023607060","kommunenr":"3228"},"geometry":{"type":"Polygon","coordinates":[[[11.39437,60.14218],[11.39413,60.14214],[11.39443,60.14199],[11.39382,60.14174],[11.39391,60.14168],[11.39884,60.14351],[11.39953,60.1438],[11.39938,60.14389],[11.40092,60.14461],[11.39963,60.14478],[11.40008,60.14505],[11.39808,60.14612],[11.39795,60.14606],[11.39618,60.14668],[11.39544,60.14667],[11.39536,60.14687],[11.39484,60.14697],[11.39395,60.1468],[11.39335,60.14628],[11.39317,60.14586],[11.39232,60.14596],[11.39168,60.14563],[11.39235,60.14553],[11.39116,60.14275],[11.393,60.14273],[11.39422,60.14262],[11.39422,60.14238],[11.39453,60.14221],[11.39437,60.14218]]]}},{"type":"Feature","properties":{"k":"current","n":"Julussdalen avfallsdeponi","a":341389,"ikraft":"1996-06-20","planid":"199683","kommunenr":"3422"},"geometry":{"type":"Polygon","coordinates":[[[11.50145,61.15088],[11.49937,61.15138],[11.49619,61.15245],[11.49478,61.15222],[11.48828,61.14882],[11.49606,61.14555],[11.50462,61.15021],[11.50145,61.15088]]]}},{"type":"Feature","properties":{"k":"current","n":"Detaljregulering for Tykkeriset steinbrudd","a":99526,"ikraft":"2012-06-20","planid":"20102600","kommunenr":"3422"},"geometry":{"type":"Polygon","coordinates":[[[11.48229,61.16633],[11.48186,61.16577],[11.48177,61.16495],[11.48403,61.16449],[11.48649,61.1645],[11.4879,61.1648],[11.48905,61.16491],[11.48991,61.16527],[11.49029,61.1656],[11.48775,61.16632],[11.48614,61.16697],[11.48646,61.16722],[11.48406,61.16755],[11.48328,61.16727],[11.48229,61.16633]]]}},{"type":"Feature","properties":{"k":"current","n":"Detaljregulering for Nybergveien steinbrudd","a":89210,"ikraft":"2012-06-20","planid":"20102700","kommunenr":"3422"},"geometry":{"type":"Polygon","coordinates":[[[11.49078,61.16363],[11.49006,61.16388],[11.48724,61.16437],[11.48602,61.16445],[11.48491,61.16413],[11.48491,61.16233],[11.48868,61.16103],[11.48937,61.16143],[11.4903,61.16224],[11.49101,61.16251],[11.49096,61.16261],[11.49149,61.16268],[11.49078,61.16363]]]}},{"type":"Feature","properties":{"k":"current","n":"Nedre Brenna grustak","a":63551,"ikraft":"1998-11-05","planid":"199895","kommunenr":"3422"},"geometry":{"type":"Polygon","coordinates":[[[11.48761,61.17908],[11.48585,61.17901],[11.485,61.17571],[11.48757,61.17643],[11.48826,61.1768],[11.49059,61.17919],[11.48761,61.17908]]]}},{"type":"Feature","properties":{"k":"current","n":"BUØYA GRUSTAK","a":16194,"ikraft":"2006-04-26","planid":"2006130","kommunenr":"3422"},"geometry":{"type":"Polygon","coordinates":[[[11.50831,61.4406],[11.5075,61.44051],[11.50772,61.43988],[11.50755,61.43924],[11.50812,61.43881],[11.50914,61.43926],[11.50998,61.4394],[11.51032,61.43967],[11.50895,61.44017],[11.50831,61.4406]]]}},{"type":"Feature","properties":{"k":"current","n":"Kopla renovasjonsplass","a":47604,"ikraft":"1991-11-07","planid":"19910003","kommunenr":"3120"},"geometry":{"type":"Polygon","coordinates":[[[11.37337,59.41618],[11.37348,59.4154],[11.37172,59.4157],[11.37143,59.41493],[11.37209,59.4136],[11.37307,59.41349],[11.37343,59.41258],[11.37385,59.41251],[11.3747,59.41262],[11.37487,59.41307],[11.37524,59.4131],[11.37428,59.414],[11.37417,59.41477],[11.37448,59.41533],[11.37451,59.41602],[11.37337,59.41618]]]}},{"type":"Feature","properties":{"k":"current","n":"Gampmyra massedeponi ved rv. 3/25 Løten-Elverum","a":172018,"ikraft":"2016-08-31","planid":"2015008","kommunenr":"3420"},"geometry":{"type":"Polygon","coordinates":[[[11.48033,60.88167],[11.4815,60.87918],[11.48403,60.8795],[11.48643,60.87966],[11.4905,60.87966],[11.49051,60.87972],[11.49032,60.87975],[11.49006,60.87997],[11.48998,60.88017],[11.49094,60.88176],[11.49093,60.88279],[11.48497,60.88243],[11.48295,60.88226],[11.48022,60.88192],[11.48033,60.88167]]]}},{"type":"Feature","properties":{"k":"current","n":"Grundset Grustak","a":133077,"ikraft":"2004-11-15","planid":"200403","kommunenr":"3420"},"geometry":{"type":"MultiPolygon","coordinates":[[[[11.50166,60.93101],[11.50463,60.92761],[11.50529,60.92715],[11.50313,60.93223],[11.50217,60.93206],[11.50172,60.93182],[11.50159,60.93162],[11.50166,60.93101]]],[[[11.5085,60.9285],[11.50982,60.92489],[11.51071,60.92434],[11.51097,60.925],[11.51195,60.92532],[11.51227,60.92559],[11.51168,60.92669],[11.51209,60.92674],[11.51029,60.92967],[11.50986,60.92961],[11.50857,60.93169],[11.50838,60.93166],[11.50701,60.93198],[11.5085,60.9285]]]]}},{"type":"Feature","properties":{"k":"current","n":"Åsen grustak","a":22469,"ikraft":"2004-03-25","planid":"2004113","kommunenr":"3422"},"geometry":{"type":"Polygon","coordinates":[[[11.5691,61.42598],[11.56925,61.42603],[11.56889,61.42631],[11.56813,61.42672],[11.56716,61.42686],[11.56502,61.42691],[11.56559,61.42591],[11.56753,61.42555],[11.5691,61.42598]]]}},{"type":"Feature","properties":{"k":"current","n":"Reguleringsplan for Skriverøya steinbrudd","a":77846,"ikraft":"2011-03-17","planid":"G-648","kommunenr":"3101"},"geometry":{"type":"Polygon","coordinates":[[[11.41515,59.0585],[11.41282,59.05987],[11.41251,59.06027],[11.41208,59.06033],[11.41183,59.06051],[11.40949,59.06013],[11.40959,59.05875],[11.4101,59.05826],[11.41016,59.05776],[11.41069,59.05703],[11.41269,59.05702],[11.4127,59.0575],[11.41293,59.05774],[11.41334,59.05793],[11.41402,59.05803],[11.41515,59.0585]]]}},{"type":"Feature","properties":{"k":"current","n":"Masseuttak Stensrudåsen ","a":36695,"planid":"20120002","kommunenr":"3120"},"geometry":{"type":"Polygon","coordinates":[[[11.42594,59.33789],[11.42567,59.33792],[11.42523,59.33787],[11.42437,59.33752],[11.42444,59.33743],[11.42324,59.33715],[11.42347,59.33655],[11.42114,59.33615],[11.42021,59.33715],[11.42225,59.33848],[11.42268,59.33789],[11.42387,59.3383],[11.42431,59.33759],[11.42517,59.33794],[11.42586,59.33803],[11.42582,59.339],[11.4259,59.33901],[11.42619,59.33695],[11.42611,59.33694],[11.42594,59.33789]]]}},{"type":"Feature","properties":{"k":"current","n":"Klepper grustak","a":48386,"ikraft":"2005-06-16","planid":"G-576","kommunenr":"3101"},"geometry":{"type":"Polygon","coordinates":[[[11.43058,59.10421],[11.43266,59.10376],[11.43294,59.10432],[11.43344,59.10455],[11.43387,59.10526],[11.43357,59.10577],[11.43397,59.10641],[11.43381,59.10682],[11.43265,59.1068],[11.43197,59.10577],[11.43074,59.10576],[11.43024,59.10535],[11.42961,59.10517],[11.42958,59.10469],[11.43058,59.10421]]]}},{"type":"Feature","properties":{"k":"current","n":"Oreid grustakområde m.m","a":531580,"ikraft":"1988-10-20","planid":"G-179","kommunenr":"3101"},"geometry":{"type":"Polygon","coordinates":[[[11.43932,59.1143],[11.44039,59.1146],[11.44208,59.11465],[11.44179,59.11437],[11.44188,59.11429],[11.44352,59.11429],[11.44353,59.11435],[11.44706,59.11432],[11.44754,59.11587],[11.44727,59.11596],[11.44611,59.11693],[11.44595,59.11695],[11.44681,59.1177],[11.44697,59.11823],[11.44695,59.11847],[11.4463,59.11887],[11.44599,59.11917],[11.43841,59.1197],[11.43416,59.11794],[11.43265,59.11743],[11.43255,59.11733],[11.43276,59.11651],[11.43331,59.1162],[11.43315,59.11612],[11.43303,59.11618],[11.43286,59.11617],[11.43299,59.11513],[11.43228,59.11465],[11.43226,59.11396],[11.43142,59.11401],[11.4309,59.11392],[11.43073,59.11371],[11.43064,59.11329],[11.43047,59.11328],[11.43045,59.11291],[11.43025,59.11265],[11.43076,59.11251],[11.4316,59.11213],[11.4322,59.11169],[11.433,59.11087],[11.43316,59.11087],[11.43611,59.11177],[11.43625,59.11191],[11.43657,59.11293],[11.4369,59.1133],[11.4377,59.11377],[11.43932,59.1143]]]}},{"type":"Feature","properties":{"k":"current","n":"Ødegård avfallsdeponi","a":103892,"ikraft":"2002-05-21","planid":"023602020","kommunenr":"3228"},"geometry":{"type":"Polygon","coordinates":[[[11.51392,60.11172],[11.51667,60.11152],[11.52091,60.11067],[11.52134,60.11096],[11.52156,60.11092],[11.52175,60.11126],[11.5221,60.11119],[11.52236,60.11156],[11.52196,60.11172],[11.52233,60.11305],[11.52125,60.11345],[11.52066,60.11327],[11.51994,60.11375],[11.5191,60.11369],[11.51706,60.1138],[11.51697,60.11276],[11.51467,60.11272],[11.51381,60.11248],[11.51324,60.11183],[11.51392,60.11172]]]}},{"type":"Feature","properties":{"k":"current","n":"Nes pukkverk","a":384518,"ikraft":"2002-02-26","planid":"023602010","kommunenr":"3228"},"geometry":{"type":"Polygon","coordinates":[[[11.51572,60.16105],[11.51513,60.16089],[11.51657,60.16041],[11.51706,60.16001],[11.5178,60.15874],[11.51888,60.15851],[11.51833,60.15809],[11.51782,60.15705],[11.51853,60.15699],[11.52508,60.15565],[11.52643,60.15627],[11.52785,60.15673],[11.52949,60.15807],[11.52925,60.15939],[11.52949,60.15997],[11.52902,60.16021],[11.52898,60.16039],[11.52982,60.16087],[11.52953,60.16098],[11.52783,60.16009],[11.52751,60.16007],[11.52532,60.16126],[11.52614,60.16211],[11.52516,60.16242],[11.52452,60.16245],[11.52446,60.16214],[11.52421,60.16202],[11.52348,60.16209],[11.5228,60.16233],[11.52217,60.1621],[11.52094,60.16282],[11.51955,60.16213],[11.51572,60.16105]]]}},{"type":"Feature","properties":{"k":"current","n":"Grustak Løvbergsmoen","a":276788,"ikraft":"1988-01-25","planid":"198404","kommunenr":"3420"},"geometry":{"type":"MultiPolygon","coordinates":[[[[11.59534,60.90145],[11.60008,60.904],[11.60006,60.90495],[11.59372,60.90532],[11.5902,60.90299],[11.58415,60.90494],[11.57836,60.90375],[11.57927,60.90265],[11.58418,60.90368],[11.58513,60.9024],[11.58574,60.90229],[11.58635,60.90182],[11.58817,60.90273],[11.58844,60.90311],[11.58874,60.9031],[11.58895,60.90299],[11.59144,60.90265],[11.59214,60.9025],[11.59461,60.90174],[11.59534,60.90145]]],[[[11.58094,60.90062],[11.58372,60.90032],[11.58311,60.8997],[11.58415,60.89948],[11.58456,60.8993],[11.58475,60.89905],[11.58445,60.89849],[11.5851,60.89831],[11.58607,60.8992],[11.58637,60.8997],[11.58633,60.90005],[11.58588,60.90073],[11.58579,60.90125],[11.58415,60.9014],[11.58303,60.90129],[11.58172,60.90125],[11.58112,60.90113],[11.58094,60.90062]]]]}},{"type":"Feature","properties":{"k":"current","n":"Gjenvinningsstasjon Sandskogen","a":16656,"ikraft":"1996-12-14","planid":"19960001","kommunenr":"3414"},"geometry":{"type":"Polygon","coordinates":[[[11.5514,60.40881],[11.55142,60.40821],[11.55104,60.40819],[11.55029,60.40855],[11.54986,60.40829],[11.55003,60.40778],[11.55072,60.40798],[11.5515,60.40802],[11.55363,60.40763],[11.55354,60.40884],[11.5514,60.40881]]]}},{"type":"Feature","properties":{"k":"current","n":"Helgerud massedeponi","a":53181,"ikraft":"2017-06-19","planid":"22120150001","kommunenr":"3226"},"geometry":{"type":"Polygon","coordinates":[[[11.51727,59.81455],[11.51709,59.81401],[11.51864,59.81309],[11.51908,59.81312],[11.52,59.81349],[11.52053,59.8135],[11.52097,59.81378],[11.52142,59.81386],[11.5222,59.81379],[11.52255,59.81295],[11.52212,59.81473],[11.52218,59.81387],[11.52106,59.8139],[11.52045,59.81356],[11.51992,59.81355],[11.51884,59.81315],[11.51836,59.81337],[11.52017,59.8147],[11.52047,59.81544],[11.52131,59.81619],[11.52101,59.81764],[11.51983,59.81714],[11.51937,59.81642],[11.51801,59.81539],[11.51727,59.81455]]]}},{"type":"Feature","properties":{"k":"current","n":"Pukkverk og massemottak ved Fetmosen","a":114770,"ikraft":"2023-02-13","planid":"302620200006","kommunenr":"3226"},"geometry":{"type":"Polygon","coordinates":[[[11.51733,59.81952],[11.51796,59.81938],[11.51812,59.81876],[11.51742,59.81721],[11.51377,59.81644],[11.51125,59.81389],[11.51312,59.81355],[11.51483,59.81309],[11.51573,59.81361],[11.51698,59.81344],[11.51745,59.8129],[11.51851,59.81267],[11.51881,59.81299],[11.51709,59.81401],[11.51768,59.81702],[11.51843,59.81863],[11.51824,59.81924],[11.5183,59.81933],[11.52032,59.81925],[11.5162,59.81982],[11.51733,59.81952]]]}},{"type":"Feature","properties":{"k":"current","n":"Reguleringsplan for masseuttak ved Øverli","a":26834,"ikraft":"2011-04-14","planid":"20100400","kommunenr":"3425"},"geometry":{"type":"Polygon","coordinates":[[[11.68095,61.79308],[11.682,61.79408],[11.68179,61.79413],[11.68095,61.79336],[11.67917,61.79223],[11.67935,61.79216],[11.68084,61.79301],[11.68128,61.79296],[11.68254,61.79318],[11.6825,61.79238],[11.68377,61.79188],[11.68486,61.79256],[11.68465,61.79376],[11.68361,61.79409],[11.68255,61.79345],[11.68254,61.79328],[11.68127,61.79305],[11.68095,61.79308]]]}},{"type":"Feature","properties":{"k":"current","n":"MASSEUTTAK PÅ DEL AV GNR 134 / BNR 1","a":38221,"ikraft":"2013-03-12","planid":"22120100011","kommunenr":"3226"},"geometry":{"type":"Polygon","coordinates":[[[11.52573,59.71017],[11.52593,59.70989],[11.52619,59.70984],[11.52574,59.70933],[11.52408,59.7094],[11.5263,59.70916],[11.52592,59.70931],[11.52638,59.70981],[11.52837,59.70931],[11.52925,59.70927],[11.52999,59.71009],[11.52974,59.71057],[11.52899,59.71107],[11.52822,59.71129],[11.52698,59.71124],[11.52573,59.71017]]]}},{"type":"Feature","properties":{"k":"current","n":"Hærland grustak - Nordskogen","a":250793,"ikraft":"1997-09-25","planid":"012519970003","kommunenr":"3118"},"geometry":{"type":"Polygon","coordinates":[[[11.52853,59.55193],[11.52844,59.55233],[11.52737,59.55363],[11.52942,59.55612],[11.52957,59.55789],[11.52903,59.55892],[11.52844,59.55943],[11.5272,59.56007],[11.52617,59.56026],[11.52172,59.55923],[11.52136,59.5589],[11.52139,59.55848],[11.52233,59.55727],[11.52254,59.55557],[11.5228,59.55516],[11.52663,59.55345],[11.52816,59.55187],[11.52853,59.55193]]]}},{"type":"Feature","properties":{"k":"current","n":"Ulvåmoen masseuttak","a":276941,"ikraft":"2015-05-21","planid":"20140100","kommunenr":"3425"},"geometry":{"type":"Polygon","coordinates":[[[11.72649,61.84277],[11.7258,61.84303],[11.72573,61.84299],[11.72215,61.8407],[11.72194,61.84035],[11.72198,61.83976],[11.72138,61.83929],[11.72046,61.83835],[11.7201,61.83766],[11.7203,61.83699],[11.71931,61.83593],[11.71916,61.83568],[11.71927,61.83562],[11.719,61.83532],[11.71899,61.83525],[11.72097,61.83488],[11.72072,61.8343],[11.72125,61.8337],[11.72132,61.83324],[11.72119,61.83285],[11.72134,61.83231],[11.72113,61.83226],[11.72189,61.83144],[11.72272,61.83106],[11.7228,61.83095],[11.7231,61.83112],[11.72281,61.83114],[11.72208,61.83146],[11.72154,61.83213],[11.72138,61.83285],[11.7215,61.83323],[11.72144,61.83372],[11.72091,61.8343],[11.72113,61.83482],[11.72335,61.83444],[11.7301,61.84142],[11.72649,61.84277]]]}},{"type":"Feature","properties":{"k":"current","n":"Murtnes masseuttak ","a":33097,"planid":"20170001","kommunenr":"3120"},"geometry":{"type":"Polygon","coordinates":[[[11.5476,59.37245],[11.54768,59.37261],[11.54748,59.37277],[11.54676,59.37282],[11.54581,59.37229],[11.54451,59.37232],[11.54444,59.37276],[11.5444,59.37231],[11.54397,59.37188],[11.54446,59.37226],[11.54548,59.3722],[11.54602,59.37229],[11.54599,59.3716],[11.54652,59.37156],[11.54689,59.37107],[11.54835,59.37088],[11.54901,59.37116],[11.55002,59.37231],[11.54839,59.37251],[11.5476,59.37245]]]}},{"type":"Feature","properties":{"k":"current","n":"Spillhaug avfallsplass","a":85907,"ikraft":"1997-08-21","planid":"22119970003","kommunenr":"3226"},"geometry":{"type":"Polygon","coordinates":[[[11.60136,59.92926],[11.60086,59.92922],[11.59975,59.92858],[11.60033,59.92675],[11.60011,59.92587],[11.59934,59.92525],[11.59903,59.92522],[11.59832,59.9254],[11.59743,59.92587],[11.59678,59.92557],[11.59814,59.92485],[11.59811,59.92469],[11.59882,59.92447],[11.59941,59.92479],[11.59983,59.92485],[11.60006,59.92505],[11.60149,59.92538],[11.60158,59.92547],[11.6021,59.92548],[11.60255,59.92525],[11.6029,59.92521],[11.60485,59.92567],[11.60471,59.92583],[11.60426,59.92595],[11.60409,59.92629],[11.60337,59.92664],[11.60266,59.92808],[11.60201,59.92829],[11.60194,59.92924],[11.60136,59.92926]]]}},{"type":"Feature","properties":{"k":"current","n":"Tørrmoen masseuttak","a":82460,"ikraft":"2010-06-21","planid":"22120100003","kommunenr":"3226"},"geometry":{"type":"Polygon","coordinates":[[[11.60871,59.95033],[11.60853,59.95026],[11.60742,59.95123],[11.60704,59.95114],[11.6065,59.95062],[11.60626,59.95059],[11.60625,59.95069],[11.60515,59.95055],[11.60435,59.95096],[11.6034,59.9507],[11.60287,59.95134],[11.60183,59.95134],[11.60117,59.95057],[11.60085,59.94927],[11.60053,59.94893],[11.60196,59.94844],[11.60298,59.94845],[11.60375,59.9486],[11.60415,59.94919],[11.60656,59.94944],[11.60871,59.95033]]]}},{"type":"Feature","properties":{"k":"current","n":"Hea Grustak endring","a":91009,"ikraft":"2013-03-20","planid":"20102200","kommunenr":"3422"},"geometry":{"type":"Polygon","coordinates":[[[11.71331,61.31939],[11.71361,61.31955],[11.7119,61.32245],[11.70881,61.32195],[11.70994,61.32019],[11.70909,61.3199],[11.70888,61.31997],[11.70871,61.31991],[11.70989,61.31899],[11.70998,61.31795],[11.71345,61.31819],[11.71423,61.31914],[11.71371,61.3192],[11.71331,61.31939]]]}},{"type":"Feature","properties":{"k":"current","n":"Detaljregulering for Holo pukkverk","a":116173,"ikraft":"2014-03-25","planid":"20130001","kommunenr":"3122"},"geometry":{"type":"Polygon","coordinates":[[[11.60122,59.52321],[11.6007,59.52289],[11.6003,59.52298],[11.59872,59.52291],[11.5979,59.52252],[11.59725,59.52253],[11.59729,59.5199],[11.59699,59.51933],[11.59959,59.51927],[11.60245,59.5204],[11.60306,59.52205],[11.60306,59.52261],[11.60256,59.52303],[11.60181,59.52338],[11.60122,59.52321]]]}},{"type":"Feature","properties":{"k":"current","n":"Steinbrudd med pukkverk, Strømsfoss","a":35289,"ikraft":"2009-02-12","planid":"20090001","kommunenr":"3124"},"geometry":{"type":"Polygon","coordinates":[[[11.63935,59.32113],[11.63911,59.32155],[11.63893,59.32154],[11.63954,59.32062],[11.64066,59.31941],[11.64055,59.31938],[11.64114,59.31889],[11.6413,59.31893],[11.64045,59.31986],[11.64161,59.32035],[11.64238,59.3216],[11.64241,59.32195],[11.64189,59.3224],[11.64069,59.32246],[11.63935,59.32113]]]}},{"type":"Feature","properties":{"k":"current","n":"Gråbølsødegården Pukkverk","a":161149,"ikraft":"2024-02-27","planid":"20210003","kommunenr":"3122"},"geometry":{"type":"Polygon","coordinates":[[[11.69022,59.36932],[11.69123,59.36873],[11.69035,59.36793],[11.68984,59.36656],[11.68794,59.36696],[11.68786,59.36689],[11.69266,59.36557],[11.69275,59.36566],[11.69112,59.36619],[11.69101,59.36747],[11.69135,59.36804],[11.69559,59.36777],[11.69761,59.36981],[11.69594,59.37073],[11.69092,59.37185],[11.6894,59.37137],[11.68901,59.3698],[11.69022,59.36932]]]}},{"type":"Feature","properties":{"k":"current","n":"Tangemoen pukkverk","a":142792,"ikraft":"2016-06-20","planid":"22120140005","kommunenr":"3226"},"geometry":{"type":"Polygon","coordinates":[[[11.73345,59.85087],[11.73261,59.8506],[11.73126,59.84968],[11.73122,59.84926],[11.73199,59.84852],[11.72801,59.84889],[11.72687,59.84854],[11.72627,59.84821],[11.72739,59.84889],[11.72486,59.84762],[11.7261,59.84815],[11.72635,59.84807],[11.72691,59.84848],[11.72802,59.84884],[11.73199,59.84847],[11.73272,59.84766],[11.73719,59.84756],[11.73857,59.84803],[11.7388,59.85074],[11.73632,59.85113],[11.73478,59.85116],[11.73345,59.85087]]]}},{"type":"Feature","properties":{"k":"current","n":"Steinbrudd Nøtberget","a":51286,"ikraft":"2014-09-03","planid":"2012005","kommunenr":"3420"},"geometry":{"type":"Polygon","coordinates":[[[11.84359,61.00754],[11.84235,61.00673],[11.84473,61.00509],[11.84618,61.0052],[11.84742,61.00593],[11.84728,61.00658],[11.84634,61.00667],[11.84566,61.00681],[11.84489,61.00708],[11.845,61.00716],[11.84397,61.00755],[11.84212,61.00787],[11.84066,61.0084],[11.84026,61.00867],[11.83995,61.00924],[11.83938,61.00979],[11.83864,61.01022],[11.83791,61.01051],[11.83654,61.01091],[11.83548,61.01101],[11.83462,61.01121],[11.83308,61.01172],[11.83296,61.01196],[11.8324,61.01178],[11.83486,61.01103],[11.83543,61.01092],[11.83647,61.01082],[11.83815,61.01031],[11.83922,61.00974],[11.83972,61.00928],[11.83998,61.00876],[11.84038,61.00841],[11.84203,61.00779],[11.84359,61.00754]]]}},{"type":"Feature","properties":{"k":"current","n":"Enlia steinbrudd","a":123470,"ikraft":"2022-06-15","planid":"20200200","kommunenr":"3422"},"geometry":{"type":"Polygon","coordinates":[[[11.89357,61.29652],[11.89301,61.2967],[11.89226,61.29627],[11.89157,61.29607],[11.89251,61.29583],[11.89199,61.2953],[11.89056,61.29433],[11.89285,61.29361],[11.89428,61.2928],[11.89557,61.29332],[11.89889,61.29389],[11.89765,61.2958],[11.8967,61.29609],[11.89606,61.29724],[11.89483,61.29705],[11.89357,61.29652]]]}},{"type":"Feature","properties":{"k":"current","n":"Lortbrua masseuttak","a":41313,"ikraft":"2010-04-15","planid":"12120100001","kommunenr":"3226"},"geometry":{"type":"Polygon","coordinates":[[[11.7677,59.72909],[11.76675,59.7305],[11.7642,59.73014],[11.76461,59.7291],[11.76532,59.72821],[11.77039,59.7288],[11.76953,59.72884],[11.76853,59.72917],[11.7677,59.72909]]]}},{"type":"Feature","properties":{"k":"current","n":"Masseuttak Grønne Bakke","a":146157,"ikraft":"2005-12-13","planid":"20050002","kommunenr":"3122"},"geometry":{"type":"Polygon","coordinates":[[[11.76,59.36675],[11.75939,59.36641],[11.75904,59.36635],[11.75678,59.36652],[11.75587,59.36669],[11.75552,59.3619],[11.75904,59.36156],[11.76036,59.36154],[11.76061,59.36582],[11.76,59.36675]]]}},{"type":"Feature","properties":{"k":"current","n":"Nye Spulsåsen pukkverk","a":81728,"ikraft":"2018-03-19","planid":"201701","kommunenr":"3419"},"geometry":{"type":"Polygon","coordinates":[[[11.87366,60.67704],[11.8734,60.6769],[11.87342,60.67666],[11.87378,60.67639],[11.87419,60.67591],[11.87748,60.67462],[11.87778,60.67412],[11.87782,60.67363],[11.88044,60.67419],[11.87874,60.67571],[11.87784,60.67618],[11.87625,60.67683],[11.87639,60.67689],[11.87542,60.67738],[11.8735,60.67867],[11.87325,60.67878],[11.87271,60.67888],[11.87067,60.67873],[11.87167,60.67953],[11.87145,60.6796],[11.87029,60.6787],[11.86936,60.67816],[11.86957,60.67806],[11.86564,60.6761],[11.86566,60.67604],[11.86581,60.67592],[11.8664,60.67609],[11.86792,60.67695],[11.87166,60.67873],[11.8725,60.67883],[11.87293,60.67878],[11.8738,60.67842],[11.87507,60.67751],[11.87457,60.67727],[11.87366,60.67704]]]}},{"type":"Feature","properties":{"k":"current","n":"STEINBRUDD I SØRE OSEN","a":81226,"ikraft":"2006-02-23","planid":"20060100","kommunenr":"3421"},"geometry":{"type":"Polygon","coordinates":[[[11.95844,61.10816],[11.95573,61.10698],[11.95578,61.10589],[11.95838,61.10444],[11.96041,61.10531],[11.96052,61.10725],[11.96311,61.10646],[11.96477,61.10581],[11.96626,61.10637],[11.96659,61.10667],[11.96767,61.10675],[11.97123,61.10771],[11.97114,61.10778],[11.96759,61.10681],[11.96646,61.10672],[11.9661,61.1064],[11.96477,61.10589],[11.96323,61.10652],[11.96052,61.10733],[11.96054,61.10757],[11.95844,61.10816]]]}},{"type":"Feature","properties":{"k":"current","n":"Haugerberget Pukkverk AS","a":92116,"ikraft":"2002-10-28","planid":"20020001","kommunenr":"3418"},"geometry":{"type":"Polygon","coordinates":[[[11.961,60.57193],[11.96252,60.56975],[11.96905,60.57066],[11.96771,60.57267],[11.961,60.57193]]]}},{"type":"Feature","properties":{"k":"current","n":"Steinbrudd og masseuttak på del av eiendommen gnr 34 bnr 1 ved Kirkenær","a":21969,"ikraft":"2012-11-26","planid":"201001","kommunenr":"3417"},"geometry":{"type":"Polygon","coordinates":[[[12.07994,60.45763],[12.08041,60.45726],[12.08092,60.45665],[12.08126,60.45643],[12.08068,60.45734],[12.08106,60.45707],[12.08141,60.45695],[12.08225,60.45704],[12.08251,60.45695],[12.08263,60.45697],[12.0828,60.45718],[12.0835,60.45733],[12.0838,60.45749],[12.0839,60.45765],[12.08378,60.45801],[12.0829,60.45799],[12.08125,60.4583],[12.08074,60.45819],[12.08034,60.45751],[12.07974,60.45776],[12.07994,60.45763]]]}},{"type":"Feature","properties":{"k":"current","n":"Kabberud grustak","a":89733,"ikraft":"2009-03-31","planid":"0409","kommunenr":"3401"},"geometry":{"type":"Polygon","coordinates":[[[12.05958,60.16156],[12.05946,60.16118],[12.05916,60.16101],[12.05928,60.16095],[12.06046,60.16165],[12.06119,60.16225],[12.06457,60.16626],[12.0625,60.16683],[12.0616,60.16622],[12.06063,60.16597],[12.06059,60.16554],[12.06,60.16423],[12.05931,60.16339],[12.05914,60.1628],[12.05822,60.16188],[12.05958,60.16156]]]}},{"type":"Feature","properties":{"k":"current","n":"Svartmoen steinbrudd","a":80786,"ikraft":"2002-11-04","planid":"20020038","kommunenr":"3417"},"geometry":{"type":"Polygon","coordinates":[[[12.08796,60.48773],[12.08821,60.4875],[12.08859,60.48735],[12.09002,60.48722],[12.0905,60.48707],[12.09046,60.48672],[12.09117,60.486],[12.09132,60.48545],[12.08958,60.48521],[12.08964,60.48362],[12.09275,60.48408],[12.09271,60.48421],[12.09354,60.4843],[12.09241,60.48739],[12.09085,60.48735],[12.09021,60.48753],[12.08899,60.48762],[12.08862,60.48779],[12.08782,60.48933],[12.08735,60.49171],[12.08703,60.49209],[12.08682,60.492],[12.08615,60.49234],[12.08612,60.49248],[12.08567,60.49231],[12.08636,60.49198],[12.08672,60.49161],[12.08714,60.48936],[12.08796,60.48773]]]}},{"type":"Feature","properties":{"k":"current","n":"Halvorsholtet Masseuttak","a":189843,"ikraft":"2013-04-25","planid":"200901","kommunenr":"3418"},"geometry":{"type":"Polygon","coordinates":[[[12.10178,60.56166],[12.10177,60.56162],[12.1027,60.56138],[12.10288,60.56146],[12.10269,60.56156],[12.10284,60.5617],[12.10924,60.56168],[12.10977,60.56714],[12.10512,60.56713],[12.10496,60.5665],[12.1043,60.56581],[12.10416,60.56484],[12.10303,60.56303],[12.10291,60.56193],[12.10264,60.5617],[12.1018,60.56174],[12.10178,60.56166]]]}},{"type":"Feature","properties":{"k":"current","n":"Kaldevja grustak","a":145148,"ikraft":"2003-12-19","planid":"20031000","kommunenr":"3421"},"geometry":{"type":"Polygon","coordinates":[[[12.22065,61.37972],[12.22162,61.38012],[12.22323,61.38167],[12.22013,61.38392],[12.21726,61.3838],[12.21507,61.3835],[12.21576,61.38227],[12.21608,61.38063],[12.21652,61.38021],[12.21891,61.37981],[12.22021,61.37947],[12.22065,61.37972]]]}},{"type":"Feature","properties":{"k":"current","n":"Masseuttak-Moldberget","a":37507,"ikraft":"2012-05-21","planid":"200701","kommunenr":"3418"},"geometry":{"type":"Polygon","coordinates":[[[12.16381,60.78459],[12.16623,60.7857],[12.1637,60.78708],[12.16239,60.78664],[12.16157,60.78576],[12.16381,60.78459]]]}},{"type":"Feature","properties":{"k":"current","n":"Nordre Fuglsjøen masseuttak","a":272540,"ikraft":"2003-08-28","planid":"20030500","kommunenr":"3421"},"geometry":{"type":"Polygon","coordinates":[[[12.25717,61.34876],[12.25832,61.34901],[12.26075,61.34776],[12.26045,61.34765],[12.26055,61.34694],[12.26188,61.34535],[12.26331,61.34429],[12.2652,61.34395],[12.26628,61.34405],[12.26797,61.34475],[12.26622,61.34573],[12.26324,61.34687],[12.25889,61.34917],[12.25906,61.34936],[12.25962,61.34948],[12.26398,61.34874],[12.26547,61.34867],[12.26592,61.34983],[12.26512,61.35089],[12.26218,61.35299],[12.26063,61.35335],[12.25785,61.35331],[12.25744,61.3522],[12.25681,61.35162],[12.25696,61.34897],[12.25717,61.34876]]]}},{"type":"Feature","properties":{"k":"current","n":"Grasmo masseuttak","a":487513,"ikraft":"2008-02-12","planid":"38","kommunenr":"3416"},"geometry":{"type":"Polygon","coordinates":[[[12.13941,60.05217],[12.1393,60.05177],[12.13978,60.05144],[12.13988,60.05123],[12.13993,60.05128],[12.14004,60.05113],[12.14078,60.05174],[12.14151,60.05273],[12.14167,60.05326],[12.14177,60.0548],[12.14221,60.05579],[12.14742,60.06153],[12.14772,60.06208],[12.14784,60.06279],[12.14692,60.06311],[12.1462,60.06327],[12.14598,60.06317],[12.14563,60.06327],[12.1455,60.06388],[12.14486,60.0639],[12.14435,60.06411],[12.14367,60.06408],[12.14291,60.06396],[12.14244,60.06403],[12.14205,60.06403],[12.14178,60.06434],[12.14151,60.06439],[12.14103,60.06435],[12.14076,60.06463],[12.14024,60.06475],[12.13912,60.06487],[12.13879,60.06509],[12.13839,60.065],[12.13748,60.06501],[12.13725,60.06492],[12.13727,60.06452],[12.13707,60.06445],[12.13714,60.06424],[12.13729,60.0642],[12.13727,60.06404],[12.13691,60.06401],[12.1367,60.06386],[12.13671,60.06325],[12.13659,60.06325],[12.13644,60.06298],[12.13662,60.06277],[12.1366,60.06241],[12.13705,60.06188],[12.13726,60.06175],[12.13778,60.0616],[12.13772,60.06068],[12.13789,60.06002],[12.13775,60.05885],[12.1379,60.05813],[12.13838,60.05697],[12.13838,60.05653],[12.13857,60.05629],[12.13846,60.05537],[12.1388,60.05497],[12.13882,60.05465],[12.13906,60.05421],[12.13905,60.05379],[12.13922,60.05352],[12.13936,60.0535],[12.13956,60.05332],[12.13957,60.05308],[12.13975,60.05286],[12.1396,60.0527],[12.13955,60.05228],[12.13941,60.05217]]]}},{"type":"Feature","properties":{"k":"current","n":"Skjærberget Masseuttak","a":200280,"ikraft":"2013-02-25","planid":"200702","kommunenr":"3418"},"geometry":{"type":"Polygon","coordinates":[[[12.34505,60.61432],[12.34519,60.61436],[12.34452,60.61504],[12.3433,60.61667],[12.34336,60.61705],[12.34369,60.61767],[12.34363,60.61794],[12.34324,60.61835],[12.34182,60.61949],[12.33473,60.61506],[12.34136,60.6133],[12.34505,60.61432]]]}},{"type":"Feature","properties":{"k":"current","n":"Sagnmoen masseuttak","a":97458,"ikraft":"2001-10-26","planid":"20010800","kommunenr":"3421"},"geometry":{"type":"Polygon","coordinates":[[[12.45114,61.16012],[12.45499,61.15668],[12.45937,61.15792],[12.45879,61.15839],[12.45749,61.15905],[12.45709,61.15985],[12.45638,61.16032],[12.45114,61.16012]]]}},{"type":"Feature","properties":{"k":"future","n":"Mårvik masseuttak","a":276230,"planid":"5421","kommunenr":"4026"},"geometry":{"type":"Polygon","coordinates":[[[8.75761,59.99238],[8.75651,59.99271],[8.75506,59.99207],[8.75545,59.99083],[8.75679,59.98919],[8.75792,59.98882],[8.75937,59.98753],[8.7599,59.98731],[8.76092,59.98721],[8.76462,59.98729],[8.76804,59.98781],[8.76894,59.98961],[8.76886,59.99013],[8.76739,59.98999],[8.76628,59.99015],[8.75761,59.99238]]]}},{"type":"Feature","properties":{"k":"future","n":"Masseuttak_Toengen","a":114623,"planid":"01202404","kommunenr":"3322"},"geometry":{"type":"Polygon","coordinates":[[[9.18702,60.57057],[9.1847,60.56958],[9.18419,60.56949],[9.18386,60.56986],[9.18341,60.56999],[9.18257,60.5694],[9.18224,60.56937],[9.18092,60.56979],[9.1804,60.57015],[9.17918,60.57047],[9.17855,60.57082],[9.1781,60.57092],[9.17762,60.57134],[9.17954,60.57169],[9.1834,60.57265],[9.18562,60.57255],[9.18702,60.57057]]]}},{"type":"Feature","properties":{"k":"future","n":"Ådalsvegen masseuttak","a":168154,"planid":"2019004","kommunenr":"3334"},"geometry":{"type":"Polygon","coordinates":[[[9.46106,59.80681],[9.45672,59.80484],[9.45648,59.80493],[9.45658,59.80476],[9.45095,59.80179],[9.45111,59.80171],[9.45458,59.80068],[9.4561,59.80068],[9.45826,59.80185],[9.45863,59.80322],[9.45806,59.8039],[9.45814,59.80402],[9.45844,59.80419],[9.45932,59.80432],[9.46065,59.80499],[9.46099,59.80551],[9.46164,59.80545],[9.46293,59.80555],[9.46486,59.80636],[9.46391,59.8065],[9.46343,59.80638],[9.46287,59.80647],[9.46146,59.80699],[9.46106,59.80681]]]}},{"type":"Feature","properties":{"k":"future","n":"Detaljreguleringsplan for utvidet masseuttak Sprentjern Turufjell","a":57560,"planid":"2024001","kommunenr":"3320"},"geometry":{"type":"Polygon","coordinates":[[[9.48147,60.45268],[9.4825,60.45204],[9.48419,60.45196],[9.48527,60.45259],[9.48614,60.45366],[9.48571,60.4538],[9.486,60.45474],[9.48378,60.45471],[9.48134,60.45343],[9.48147,60.45268]]]}},{"type":"Feature","properties":{"k":"future","n":"Sjøbunnsdeponi Herreflaket syd","a":485582,"planid":"423","kommunenr":"4012"},"geometry":{"type":"Polygon","coordinates":[[[9.55776,59.10828],[9.57242,59.10602],[9.5752,59.11079],[9.56054,59.11305],[9.55776,59.10828]]]}},{"type":"Feature","properties":{"k":"future","n":"Svene pukkverk 2025","a":411389,"planid":"2025002","kommunenr":"3334"},"geometry":{"type":"Polygon","coordinates":[[[9.58499,59.77458],[9.58792,59.77529],[9.5889,59.7738],[9.5891,59.77384],[9.58766,59.77641],[9.58684,59.777],[9.58669,59.7769],[9.58768,59.77562],[9.58575,59.77644],[9.5855,59.77688],[9.58476,59.77734],[9.58361,59.77693],[9.58086,59.77652],[9.57906,59.77744],[9.57799,59.77689],[9.57635,59.77532],[9.57606,59.7745],[9.57632,59.7737],[9.57659,59.77124],[9.57627,59.76942],[9.57678,59.76698],[9.58123,59.76737],[9.58223,59.77058],[9.58159,59.77124],[9.58118,59.77236],[9.58191,59.77315],[9.58236,59.77335],[9.58326,59.77331],[9.58403,59.77381],[9.58433,59.77442],[9.58499,59.77458]]]}},{"type":"Feature","properties":{"k":"future","n":"Dyrebu Masseuttak","a":237466,"kunngjort":"2024-06-18","planid":"2024001","kommunenr":"3334"},"geometry":{"type":"Polygon","coordinates":[[[9.57213,59.81114],[9.56825,59.81082],[9.56884,59.8077],[9.57086,59.80535],[9.57734,59.80612],[9.57436,59.8114],[9.57213,59.81114]]]}},{"type":"Feature","properties":{"k":"future","n":"Varlo massedeponi","a":107325,"planid":"0698","kommunenr":"3314"},"geometry":{"type":"Polygon","coordinates":[[[9.8682,59.79066],[9.86838,59.79114],[9.86829,59.79186],[9.86789,59.7928],[9.867,59.79302],[9.86665,59.79381],[9.86486,59.79405],[9.86468,59.79454],[9.86514,59.79489],[9.865,59.79499],[9.86411,59.7948],[9.86433,59.79426],[9.86389,59.79406],[9.86418,59.79382],[9.86399,59.79063],[9.8647,59.79048],[9.8652,59.79009],[9.86516,59.78984],[9.86546,59.7897],[9.8656,59.78937],[9.86562,59.78844],[9.86439,59.78859],[9.8643,59.78852],[9.86636,59.78806],[9.86716,59.78802],[9.8672,59.7881],[9.86606,59.78833],[9.86603,59.78873],[9.86768,59.78997],[9.8682,59.79066]]]}},{"type":"Feature","properties":{"k":"future","n":"Detaljregulering Skarsberget pukkverk","a":81852,"planid":"0703","kommunenr":"3314"},"geometry":{"type":"Polygon","coordinates":[[[9.90536,59.81896],[9.90533,59.81932],[9.90568,59.81966],[9.9061,59.8198],[9.90758,59.81956],[9.90823,59.82134],[9.90715,59.82132],[9.90667,59.82146],[9.90596,59.82147],[9.90573,59.8217],[9.90481,59.82204],[9.90371,59.82232],[9.904,59.82279],[9.90381,59.82282],[9.90265,59.82134],[9.90307,59.82135],[9.90307,59.82119],[9.90292,59.82114],[9.90317,59.82035],[9.90307,59.81927],[9.90377,59.81797],[9.90393,59.81797],[9.90398,59.81808],[9.90452,59.8184],[9.90495,59.81886],[9.90536,59.81896]]]}},{"type":"Feature","properties":{"k":"future","n":"Detaljregulering Renningsåsen massedeponi","a":41775,"planid":"0647-2","kommunenr":"3314"},"geometry":{"type":"Polygon","coordinates":[[[9.92263,59.84006],[9.92216,59.83969],[9.92251,59.83978],[9.92302,59.83976],[9.92513,59.83993],[9.92833,59.84123],[9.92851,59.84143],[9.92905,59.84172],[9.92908,59.8421],[9.92898,59.84234],[9.92872,59.84242],[9.92829,59.84237],[9.92837,59.84243],[9.9283,59.84243],[9.92721,59.84201],[9.92611,59.84143],[9.92402,59.84082],[9.92263,59.84006]]]}},{"type":"Feature","properties":{"k":"future","n":"Masseuttak Gravlimoen","a":53647,"planid":"469","kommunenr":"3305"},"geometry":{"type":"Polygon","coordinates":[[[10.00017,60.58876],[9.9997,60.5886],[9.99947,60.58873],[9.99923,60.58942],[9.99904,60.58948],[9.99946,60.58827],[9.99948,60.58734],[9.99974,60.58845],[10.00174,60.58914],[10.00228,60.58846],[10.0046,60.58853],[10.00516,60.58949],[10.00527,60.59024],[10.00191,60.59055],[10.00157,60.59014],[10.00005,60.59019],[9.99998,60.58913],[10.00017,60.58876]]]}},{"type":"Feature","properties":{"k":"future","n":"Hof pukkverk","a":403703,"planid":"HOF-2016006","kommunenr":"3903"},"geometry":{"type":"Polygon","coordinates":[[[10.07147,59.5555],[10.07192,59.55486],[10.07112,59.5547],[10.06909,59.55484],[10.06427,59.55349],[10.06269,59.55389],[10.0613,59.55387],[10.05704,59.55553],[10.05557,59.55564],[10.05414,59.55544],[10.05294,59.55491],[10.05232,59.55416],[10.05325,59.55147],[10.05311,59.55056],[10.05714,59.54933],[10.05863,59.54834],[10.05993,59.54804],[10.06192,59.5481],[10.06324,59.548],[10.0634,59.55305],[10.06161,59.55375],[10.06255,59.55376],[10.06495,59.55313],[10.06558,59.55307],[10.06691,59.55359],[10.06749,59.55412],[10.06917,59.55471],[10.07123,59.55458],[10.07219,59.55466],[10.07348,59.55417],[10.07147,59.5555]]]}},{"type":"Feature","properties":{"k":"future","n":"Detaljreguleringsplan for Haslestad deponi","a":38261,"planid":"20240003","kommunenr":"3903"},"geometry":{"type":"Polygon","coordinates":[[[10.08241,59.51385],[10.08202,59.51368],[10.08135,59.51366],[10.07954,59.51412],[10.07839,59.51424],[10.07867,59.5134],[10.07987,59.51278],[10.0803,59.51272],[10.08188,59.51283],[10.08394,59.51261],[10.08413,59.51195],[10.08437,59.51196],[10.08388,59.51361],[10.08365,59.51357],[10.083,59.51428],[10.08241,59.51385]]]}},{"type":"Feature","properties":{"k":"future","n":"Brattås massedeponi","a":303716,"planid":"202105","kommunenr":"3909"},"geometry":{"type":"Polygon","coordinates":[[[10.16876,59.06142],[10.16805,59.06175],[10.168,59.06172],[10.166,59.06249],[10.16583,59.06238],[10.16708,59.06189],[10.1669,59.06176],[10.1657,59.06186],[10.16403,59.06187],[10.16358,59.06174],[10.16244,59.06112],[10.1614,59.06078],[10.16104,59.06058],[10.15998,59.06063],[10.15877,59.05894],[10.15882,59.05697],[10.1601,59.05666],[10.16286,59.05578],[10.16405,59.05647],[10.16402,59.05689],[10.16755,59.05715],[10.17056,59.06054],[10.16884,59.06118],[10.16897,59.06123],[10.16912,59.06119],[10.16895,59.06126],[10.16903,59.06132],[10.16876,59.06142]]]}},{"type":"Feature","properties":{"k":"future","n":"Detaljregulering for Klåstad steinbrudd","a":736010,"planid":"201707","kommunenr":"3909"},"geometry":{"type":"Polygon","coordinates":[[[10.16908,59.06752],[10.16744,59.06759],[10.16681,59.06747],[10.16597,59.06633],[10.16454,59.0656],[10.16345,59.06455],[10.16245,59.06386],[10.16635,59.06235],[10.16805,59.06175],[10.16814,59.06182],[10.16843,59.0617],[10.16829,59.06161],[10.16876,59.06142],[10.1732,59.06011],[10.17439,59.0607],[10.1753,59.06027],[10.17776,59.06146],[10.17721,59.06176],[10.1777,59.06199],[10.1778,59.06195],[10.17879,59.06257],[10.17834,59.06293],[10.17857,59.06306],[10.17942,59.06275],[10.18013,59.06324],[10.18091,59.06313],[10.18164,59.06412],[10.18048,59.06433],[10.17993,59.06465],[10.17793,59.06726],[10.179,59.06774],[10.17934,59.06811],[10.1793,59.06974],[10.17847,59.07055],[10.17825,59.07107],[10.17546,59.07085],[10.17451,59.07118],[10.17403,59.06998],[10.17322,59.06958],[10.1725,59.06894],[10.17068,59.06842],[10.1697,59.06777],[10.16908,59.06752]]]}},{"type":"Feature","properties":{"k":"future","n":"Detaljreguleringsplan for Hanekleiva massemottak","a":178881,"planid":"20240008","kommunenr":"3903"},"geometry":{"type":"Polygon","coordinates":[[[10.17675,59.55656],[10.1768,59.55637],[10.17754,59.55641],[10.17928,59.55655],[10.17956,59.55672],[10.17908,59.55754],[10.17952,59.55829],[10.17969,59.55909],[10.18043,59.55912],[10.17985,59.56291],[10.17952,59.56355],[10.17848,59.56449],[10.17826,59.56554],[10.17824,59.56631],[10.17945,59.56731],[10.17846,59.56775],[10.17828,59.56847],[10.17802,59.56848],[10.178,59.56705],[10.17753,59.56597],[10.17786,59.56595],[10.17749,59.56466],[10.17754,59.56441],[10.17791,59.56428],[10.17791,59.56388],[10.17643,59.56182],[10.17557,59.56152],[10.17675,59.55656]]]}},{"type":"Feature","properties":{"k":"future","n":"Vestsiden Miljøpark","a":225750,"planid":"501","kommunenr":"3305"},"geometry":{"type":"Polygon","coordinates":[[[10.20263,60.20032],[10.19987,60.19891],[10.20085,60.19846],[10.20385,60.19767],[10.20648,60.1973],[10.21112,60.19722],[10.21461,60.19687],[10.21637,60.19716],[10.2158,60.19806],[10.213,60.20067],[10.21244,60.20056],[10.21181,60.20018],[10.20708,60.19944],[10.20657,60.19943],[10.20472,60.19977],[10.20263,60.20032]]]}},{"type":"Feature","properties":{"k":"future","n":"Gjenvinningsstasjon, industri og biogassanlegg på Rygg","a":68036,"planid":"20240231","kommunenr":"3905"},"geometry":{"type":"Polygon","coordinates":[[[10.29076,59.29687],[10.29079,59.29658],[10.29192,59.29658],[10.29227,59.29693],[10.29212,59.29725],[10.29551,59.29723],[10.29497,59.29902],[10.29516,59.29923],[10.29501,59.30058],[10.29522,59.3007],[10.29436,59.30087],[10.29386,59.3011],[10.29368,59.30099],[10.2937,59.29874],[10.29116,59.29904],[10.29063,59.29901],[10.29122,59.29805],[10.29076,59.29687]]]}},{"type":"Feature","properties":{"k":"future","n":"Trollmyra Gjenvinningsanlegg","a":200421,"planid":"94","kommunenr":"3236"},"geometry":{"type":"Polygon","coordinates":[[[10.34431,60.22751],[10.33972,60.22711],[10.33537,60.22637],[10.33619,60.2259],[10.33757,60.2254],[10.34376,60.22345],[10.34489,60.22297],[10.34705,60.22267],[10.34657,60.22345],[10.34582,60.22393],[10.34875,60.22592],[10.34657,60.22674],[10.34476,60.22722],[10.34431,60.22751]]]}},{"type":"Feature","properties":{"k":"future","n":"Trollmyra Gjenvinningsstasjon","a":287667,"planid":"526","kommunenr":"3305"},"geometry":{"type":"Polygon","coordinates":[[[10.34705,60.22267],[10.34489,60.22297],[10.34376,60.22345],[10.33757,60.2254],[10.33619,60.2259],[10.33537,60.22637],[10.33213,60.22549],[10.32959,60.22446],[10.32815,60.22412],[10.33166,60.22391],[10.33523,60.22329],[10.33676,60.22205],[10.34284,60.21992],[10.34324,60.21999],[10.34737,60.22251],[10.34705,60.22267]]]}},{"type":"Feature","properties":{"k":"future","n":"IC Nykirke-Barkåker, jernbane og deponier - endring forenklet prosess","a":127502,"planid":"00401E2","kommunenr":"3901"},"geometry":{"type":"Polygon","coordinates":[[[10.397,59.39765],[10.39719,59.39731],[10.39821,59.39694],[10.39877,59.39645],[10.40076,59.39608],[10.40103,59.39627],[10.4009,59.39652],[10.40108,59.39768],[10.40076,59.39792],[10.40157,59.39819],[10.40153,59.39873],[10.4012,59.39878],[10.40089,59.39905],[10.40035,59.39923],[10.40045,59.39952],[10.40023,59.40003],[10.40072,59.40037],[10.40079,59.40075],[10.40107,59.40103],[10.40037,59.40229],[10.39918,59.40175],[10.39843,59.40183],[10.39814,59.40168],[10.39791,59.40093],[10.39739,59.40054],[10.39635,59.4001],[10.39674,59.39904],[10.39681,59.39783],[10.397,59.39765]]]}},{"type":"Feature","properties":{"k":"future","n":"Guttulfsrød - midlertidig massedeponi","a":6341,"planid":"00458","kommunenr":"3901"},"geometry":{"type":"Polygon","coordinates":[[[10.4067,59.41053],[10.40721,59.41071],[10.40774,59.41065],[10.40743,59.41115],[10.40628,59.41081],[10.40655,59.40968],[10.40655,59.40847],[10.40695,59.40777],[10.40665,59.40806],[10.40615,59.40823],[10.40669,59.40787],[10.40678,59.40699],[10.40685,59.40764],[10.40704,59.40778],[10.4066,59.40854],[10.40672,59.40968],[10.40653,59.41045],[10.4067,59.41053]]]}},{"type":"Feature","properties":{"k":"future","n":"Reguleringsplan for utvidelse av Skoppum pukkverk","a":157351,"planid":"00454","kommunenr":"3901"},"geometry":{"type":"Polygon","coordinates":[[[10.41298,59.37798],[10.41321,59.37709],[10.41331,59.37487],[10.41447,59.37494],[10.415,59.37478],[10.41667,59.37532],[10.41895,59.37579],[10.41955,59.37617],[10.41979,59.37677],[10.42017,59.37709],[10.41948,59.37745],[10.41825,59.37859],[10.41817,59.3791],[10.41844,59.37937],[10.41778,59.37918],[10.41731,59.37957],[10.41589,59.37981],[10.41379,59.37896],[10.41289,59.37876],[10.41298,59.37798]]]}},{"type":"Feature","properties":{"k":"future","n":"Gullerød massedeponi","a":77087,"planid":"20220213","kommunenr":"3905"},"geometry":{"type":"Polygon","coordinates":[[[10.44009,59.34497],[10.43915,59.34424],[10.43909,59.344],[10.44207,59.34258],[10.44245,59.34295],[10.44273,59.34283],[10.44337,59.3429],[10.44424,59.34267],[10.44594,59.34369],[10.44406,59.34434],[10.44127,59.3456],[10.43973,59.34592],[10.43754,59.34611],[10.43784,59.34685],[10.43598,59.34545],[10.43739,59.34599],[10.43896,59.34579],[10.43949,59.34582],[10.44062,59.34559],[10.44009,59.34497]]]}},{"type":"Feature","properties":{"k":"future","n":"Vesleseterengen massemottak","a":244948,"planid":"2022p255","kommunenr":"3405"},"geometry":{"type":"MultiPolygon","coordinates":[[[[10.56891,61.09135],[10.56986,61.09175],[10.57,61.09227],[10.57077,61.093],[10.57186,61.09292],[10.57254,61.09327],[10.57439,61.09288],[10.57597,61.09213],[10.57859,61.09168],[10.58116,61.0918],[10.58021,61.09233],[10.57943,61.0923],[10.57872,61.09252],[10.57402,61.0951],[10.57161,61.09564],[10.57029,61.09498],[10.56865,61.09548],[10.56687,61.09568],[10.56523,61.09479],[10.56521,61.09426],[10.56392,61.09265],[10.56694,61.09177],[10.56891,61.09135]]],[[[10.58879,61.09666],[10.58966,61.09722],[10.58961,61.0977],[10.58889,61.09877],[10.58903,61.09919],[10.59026,61.09955],[10.59194,61.09953],[10.59197,61.09966],[10.58503,61.09984],[10.58503,61.09972],[10.58706,61.09965],[10.58809,61.09923],[10.58809,61.09884],[10.58869,61.09768],[10.58879,61.09666]]]]}},{"type":"Feature","properties":{"k":"future","n":"Steinbruddet ved Bliksekilen","a":76382,"planid":"20170159","kommunenr":"3905"},"geometry":{"type":"Polygon","coordinates":[[[10.49701,59.3211],[10.49699,59.32087],[10.49744,59.32087],[10.49725,59.3222],[10.4968,59.32217],[10.49652,59.32285],[10.49572,59.32272],[10.49469,59.32326],[10.49448,59.32329],[10.49122,59.32221],[10.4907,59.32214],[10.49058,59.32173],[10.4908,59.32072],[10.49186,59.32101],[10.49241,59.32102],[10.49365,59.32089],[10.494,59.32049],[10.49524,59.32078],[10.49525,59.32097],[10.49562,59.3211],[10.49701,59.3211]]]}},{"type":"Feature","properties":{"k":"future","n":"Gjøvik massesenter","a":848157,"planid":"0477","kommunenr":"3407"},"geometry":{"type":"Polygon","coordinates":[[[10.56592,60.75007],[10.56554,60.74974],[10.5658,60.74842],[10.56545,60.74641],[10.5704,60.74603],[10.57276,60.74562],[10.57367,60.74571],[10.57428,60.74562],[10.5738,60.74472],[10.57408,60.74447],[10.57578,60.74374],[10.57786,60.74309],[10.58067,60.74429],[10.58147,60.74476],[10.58487,60.7481],[10.58628,60.74887],[10.58622,60.74915],[10.58414,60.74949],[10.58443,60.74986],[10.58192,60.75366],[10.57879,60.75337],[10.57816,60.75351],[10.5776,60.75347],[10.57713,60.7533],[10.57667,60.75336],[10.57541,60.75324],[10.57362,60.75289],[10.57173,60.75235],[10.57122,60.75219],[10.57095,60.75195],[10.56828,60.75183],[10.56709,60.7516],[10.5664,60.75117],[10.56592,60.75007]]]}},{"type":"Feature","properties":{"k":"future","n":"Vesleseterengen massemottak - adkomstvei","a":77897,"planid":"2022022","kommunenr":"3411"},"geometry":{"type":"Polygon","coordinates":[[[10.58021,61.09233],[10.58116,61.0918],[10.58468,61.09269],[10.59111,61.09269],[10.59161,61.09297],[10.59162,61.09362],[10.59027,61.09561],[10.5896,61.09686],[10.58966,61.09721],[10.58879,61.09666],[10.5897,61.09463],[10.5896,61.09347],[10.58467,61.09352],[10.58021,61.09233]]]}},{"type":"Feature","properties":{"k":"future","n":"Horisont miljøpark","a":511158,"planid":"0479","kommunenr":"3407"},"geometry":{"type":"Polygon","coordinates":[[[10.64149,60.76973],[10.64103,60.76976],[10.64045,60.76931],[10.64062,60.76917],[10.63904,60.7697],[10.6374,60.76972],[10.63673,60.76955],[10.63613,60.76912],[10.6351,60.76779],[10.63494,60.7669],[10.63558,60.76578],[10.63649,60.76578],[10.63675,60.7643],[10.63656,60.76367],[10.64059,60.76366],[10.64084,60.76348],[10.64151,60.76215],[10.64171,60.76091],[10.64272,60.76078],[10.64403,60.7609],[10.64557,60.76213],[10.64528,60.76352],[10.64417,60.76419],[10.6429,60.76476],[10.64259,60.76567],[10.64513,60.76688],[10.64412,60.7679],[10.64492,60.76927],[10.64796,60.77034],[10.65007,60.77315],[10.64831,60.77394],[10.64886,60.77458],[10.64864,60.77483],[10.64806,60.77477],[10.64752,60.77486],[10.64678,60.77526],[10.64583,60.77414],[10.6449,60.7726],[10.64386,60.77186],[10.64268,60.77149],[10.64204,60.77095],[10.64195,60.7702],[10.64149,60.76973]]]}},{"type":"Feature","properties":{"k":"future","n":"Detaljregulering for renovasjonsanlegg Rud gård","a":26165,"planid":"20240230","kommunenr":"3212"},"geometry":{"type":"Polygon","coordinates":[[[10.69108,59.79561],[10.69139,59.79608],[10.69212,59.79665],[10.69398,59.79724],[10.6942,59.797],[10.69586,59.79721],[10.69588,59.79776],[10.69631,59.79787],[10.69633,59.79798],[10.69754,59.7979],[10.69782,59.79854],[10.69762,59.79869],[10.69637,59.79887],[10.69601,59.79879],[10.69534,59.79843],[10.69501,59.79781],[10.69392,59.79756],[10.69383,59.79732],[10.69203,59.79679],[10.69105,59.79611],[10.69046,59.79605],[10.6907,59.79549],[10.69111,59.7955],[10.69108,59.79561]]]}},{"type":"Feature","properties":{"k":"future","n":"Horgen Miljøpark AS","a":117655,"planid":"202402","kommunenr":"3214"},"geometry":{"type":"Polygon","coordinates":[[[10.73074,59.68641],[10.73014,59.68501],[10.73056,59.68496],[10.73068,59.68533],[10.73127,59.68537],[10.73145,59.68499],[10.73175,59.68497],[10.73298,59.68506],[10.733,59.68537],[10.73354,59.68534],[10.73359,59.68507],[10.734,59.68511],[10.73407,59.685],[10.73481,59.68519],[10.73674,59.68487],[10.73717,59.68504],[10.73514,59.68857],[10.73483,59.68893],[10.73414,59.6892],[10.73337,59.68876],[10.73299,59.68876],[10.73198,59.68825],[10.73081,59.68728],[10.731,59.68707],[10.73074,59.68641]]]}},{"type":"Feature","properties":{"k":"future","n":"Vestby pukkverk","a":292406,"planid":"0323","kommunenr":"3216"},"geometry":{"type":"Polygon","coordinates":[[[10.7668,59.58453],[10.76699,59.5844],[10.76687,59.58461],[10.76703,59.58447],[10.76723,59.58441],[10.76743,59.5844],[10.76764,59.58448],[10.76798,59.58499],[10.76864,59.5855],[10.76911,59.58604],[10.76957,59.58615],[10.76995,59.58618],[10.77014,59.58614],[10.77025,59.58624],[10.77,59.5866],[10.77033,59.58745],[10.7704,59.58794],[10.77023,59.58822],[10.7703,59.58839],[10.77041,59.58845],[10.77083,59.58845],[10.77137,59.5888],[10.77055,59.58909],[10.77021,59.58934],[10.77006,59.58949],[10.77006,59.58974],[10.76967,59.59024],[10.76976,59.59055],[10.76959,59.59061],[10.7703,59.59112],[10.77071,59.59123],[10.77039,59.59153],[10.76574,59.59157],[10.76384,59.59152],[10.76279,59.59141],[10.76067,59.59102],[10.76015,59.591],[10.75963,59.59087],[10.75893,59.5915],[10.75879,59.59149],[10.75904,59.59113],[10.76003,59.59035],[10.76033,59.58999],[10.76047,59.59002],[10.76074,59.58972],[10.76221,59.58879],[10.7637,59.58746],[10.76558,59.58623],[10.76573,59.58603],[10.7656,59.58595],[10.76637,59.58514],[10.7668,59.58453]]]}},{"type":"Feature","properties":{"k":"future","n":"Engadalen deponi for inert avfall og lett forurensede masser","a":446921,"planid":"352","kommunenr":"3232"},"geometry":{"type":"Polygon","coordinates":[[[10.82912,60.13374],[10.8291,60.13467],[10.82982,60.13469],[10.83006,60.1349],[10.82918,60.13552],[10.82908,60.13585],[10.82572,60.13696],[10.82503,60.1371],[10.82522,60.13714],[10.82514,60.13724],[10.82427,60.13708],[10.82385,60.13777],[10.82377,60.13776],[10.82329,60.13917],[10.82116,60.13916],[10.82124,60.13868],[10.82114,60.13834],[10.82014,60.1375],[10.82002,60.13728],[10.82013,60.13646],[10.82048,60.13601],[10.82054,60.13558],[10.82031,60.13561],[10.81897,60.13534],[10.81521,60.13718],[10.81503,60.13709],[10.81447,60.13735],[10.81421,60.1372],[10.82134,60.13387],[10.82348,60.13278],[10.82589,60.13119],[10.82724,60.13],[10.82824,60.12888],[10.82912,60.12913],[10.82935,60.12926],[10.83227,60.12728],[10.83292,60.12719],[10.83314,60.12684],[10.8356,60.1253],[10.83574,60.12505],[10.83555,60.1248],[10.83531,60.12478],[10.83437,60.12491],[10.83436,60.12482],[10.83492,60.12476],[10.83644,60.12443],[10.83652,60.12453],[10.83581,60.1247],[10.83593,60.12515],[10.83584,60.12532],[10.83332,60.12686],[10.83314,60.1271],[10.83315,60.12734],[10.83381,60.12834],[10.83388,60.12863],[10.8338,60.12882],[10.83318,60.12949],[10.83311,60.12973],[10.83321,60.13003],[10.83308,60.13006],[10.83395,60.1311],[10.83382,60.13115],[10.83239,60.13105],[10.83187,60.13091],[10.83208,60.13066],[10.83169,60.13059],[10.83147,60.1308],[10.83119,60.13073],[10.83089,60.13116],[10.8314,60.13131],[10.83133,60.13194],[10.83147,60.13194],[10.83142,60.13207],[10.83097,60.13265],[10.82937,60.13343],[10.82912,60.13374]]]}},{"type":"Feature","properties":{"k":"future","n":"Detaljregulering for massemottak ved Østensjøveien","a":109445,"planid":"355","kommunenr":"3218"},"geometry":{"type":"Polygon","coordinates":[[[10.83967,59.69684],[10.83887,59.69593],[10.83837,59.69439],[10.83917,59.69357],[10.84044,59.6933],[10.84244,59.69347],[10.84309,59.69381],[10.84406,59.69365],[10.84485,59.69535],[10.84617,59.69577],[10.83967,59.69684]]]}},{"type":"Feature","properties":{"k":"future","n":"Råde Pukkverk","a":612289,"planid":"202501","kommunenr":"3112"},"geometry":{"type":"Polygon","coordinates":[[[10.94625,59.34798],[10.95368,59.34926],[10.95564,59.35011],[10.95735,59.3496],[10.96028,59.34816],[10.96064,59.34834],[10.96088,59.34874],[10.96143,59.34908],[10.96302,59.3506],[10.96303,59.35089],[10.96121,59.35244],[10.96013,59.35284],[10.96019,59.35376],[10.96054,59.35432],[10.96057,59.35472],[10.96004,59.35551],[10.96036,59.35705],[10.95989,59.35776],[10.95988,59.35809],[10.95739,59.35826],[10.95527,59.35805],[10.95395,59.35769],[10.95322,59.35766],[10.95252,59.35795],[10.95092,59.35787],[10.9508,59.35774],[10.95095,59.35707],[10.94996,59.35595],[10.95031,59.35598],[10.95184,59.35446],[10.95083,59.35229],[10.94625,59.34798]]]}},{"type":"Feature","properties":{"k":"future","n":"Lysdammen grustak","a":40457,"kunngjort":"2025-06-05","planid":"202501","kommunenr":"3424"},"geometry":{"type":"Polygon","coordinates":[[[11.15659,61.75288],[11.15871,61.75304],[11.15966,61.75373],[11.15848,61.75478],[11.1574,61.75465],[11.15599,61.7543],[11.15519,61.75441],[11.15482,61.75435],[11.15493,61.75408],[11.15554,61.75397],[11.15542,61.75385],[11.15375,61.7536],[11.15389,61.75338],[11.15659,61.75288]]]}},{"type":"Feature","properties":{"k":"future","n":"Detaljreguleringsplan for Miljøpark Indre Østfold, gbnr. 405/1 m.fl.","a":432605,"planid":"311820240014","kommunenr":"3118"},"geometry":{"type":"Polygon","coordinates":[[[11.05149,59.61392],[11.05074,59.61379],[11.04933,59.6139],[11.04884,59.61524],[11.04862,59.61531],[11.04901,59.61615],[11.04995,59.61648],[11.05168,59.61658],[11.05155,59.61697],[11.04941,59.61674],[11.04742,59.61667],[11.04355,59.61669],[11.04204,59.61677],[11.04084,59.61689],[11.0359,59.6177],[11.03571,59.6174],[11.03669,59.61728],[11.03906,59.61679],[11.03932,59.6162],[11.0418,59.61551],[11.04311,59.61471],[11.04293,59.61437],[11.04327,59.61411],[11.04341,59.61405],[11.04391,59.61409],[11.04428,59.61386],[11.04445,59.6136],[11.04442,59.61326],[11.04434,59.6132],[11.04396,59.61316],[11.0439,59.61282],[11.04491,59.6125],[11.04535,59.61135],[11.046,59.61047],[11.04672,59.61012],[11.04748,59.60996],[11.04774,59.60985],[11.04811,59.60952],[11.04831,59.60894],[11.04828,59.60867],[11.04754,59.60838],[11.04744,59.60829],[11.04711,59.60739],[11.04632,59.60752],[11.04555,59.60772],[11.04541,59.60761],[11.04597,59.60745],[11.04866,59.60697],[11.04931,59.6067],[11.04988,59.60632],[11.05015,59.6064],[11.04962,59.60679],[11.04926,59.60695],[11.05031,59.60752],[11.05157,59.60782],[11.05239,59.60743],[11.05277,59.60757],[11.05352,59.60741],[11.0538,59.60749],[11.05423,59.60783],[11.05394,59.60843],[11.0543,59.60918],[11.05291,59.61044],[11.0526,59.61087],[11.05285,59.61179],[11.05149,59.61392]]]}},{"type":"Feature","properties":{"k":"future","n":"Borge pukkverk","a":209943,"planid":"446","kommunenr":"3107"},"geometry":{"type":"Polygon","coordinates":[[[11.04629,59.23461],[11.04602,59.2343],[11.0458,59.23441],[11.04562,59.23436],[11.04698,59.23321],[11.04744,59.2325],[11.048,59.23311],[11.04785,59.23379],[11.04817,59.23402],[11.04966,59.23336],[11.05114,59.23294],[11.0511,59.2325],[11.05324,59.23235],[11.05123,59.23067],[11.05162,59.23057],[11.05557,59.2336],[11.0553,59.23369],[11.05635,59.23449],[11.05572,59.23477],[11.05429,59.23437],[11.05356,59.23499],[11.05334,59.23583],[11.05258,59.23605],[11.05257,59.23636],[11.05306,59.23677],[11.05317,59.23716],[11.053,59.23719],[11.05205,59.2368],[11.05165,59.23643],[11.0488,59.23807],[11.0481,59.23808],[11.04793,59.23808],[11.04707,59.23724],[11.04758,59.23586],[11.04629,59.23461]]]}},{"type":"Feature","properties":{"k":"future","n":"Detaljregulering for Spydeberg pukkverk, Skåruddalen, gbnr. 39/1 m.fl.","a":95155,"kunngjort":"2017-10-17","planid":"012320160003","kommunenr":"3118"},"geometry":{"type":"Polygon","coordinates":[[[11.07846,59.57065],[11.08024,59.57057],[11.08011,59.57181],[11.08114,59.57476],[11.07949,59.57436],[11.07561,59.57286],[11.07556,59.57267],[11.07499,59.57236],[11.07552,59.57179],[11.0768,59.57091],[11.07647,59.57067],[11.07747,59.57046],[11.07846,59.57065]]]}},{"type":"Feature","properties":{"k":"future","n":"Detaljreguleringsplan for Fløgstad massemottak","a":122452,"planid":"499","kommunenr":"3209"},"geometry":{"type":"Polygon","coordinates":[[[11.14107,60.21976],[11.13851,60.21758],[11.13808,60.21676],[11.13877,60.21537],[11.14042,60.21553],[11.14053,60.21491],[11.14103,60.21444],[11.14138,60.2145],[11.14109,60.21571],[11.14128,60.21603],[11.14162,60.21622],[11.14387,60.21674],[11.14539,60.21671],[11.14595,60.21654],[11.14606,60.21665],[11.14565,60.21715],[11.14478,60.21746],[11.145,60.21775],[11.14455,60.218],[11.14503,60.21845],[11.14107,60.21976]]]}},{"type":"Feature","properties":{"k":"future","n":"Haug Massemottak","a":118359,"planid":"484","kommunenr":"3209"},"geometry":{"type":"Polygon","coordinates":[[[11.14947,60.11013],[11.14911,60.11001],[11.1493,60.10973],[11.15084,60.11025],[11.152,60.11039],[11.15261,60.11024],[11.15326,60.10967],[11.15398,60.10984],[11.15372,60.11016],[11.15391,60.1104],[11.15336,60.11076],[11.15202,60.11087],[11.15098,60.11064],[11.14991,60.11028],[11.14981,60.11035],[11.14981,60.11047],[11.15078,60.11128],[11.15147,60.11175],[11.15197,60.11196],[11.15256,60.1121],[11.15506,60.11243],[11.15824,60.11306],[11.16097,60.11318],[11.16228,60.1131],[11.16678,60.11381],[11.16835,60.11427],[11.169,60.11462],[11.16985,60.11567],[11.16929,60.11599],[11.16823,60.11596],[11.16644,60.11479],[11.1655,60.11473],[11.16478,60.11502],[11.16207,60.11504],[11.1594,60.11365],[11.15871,60.11339],[11.15495,60.1126],[11.15245,60.11227],[11.15147,60.112],[11.15052,60.11142],[11.14946,60.11053],[11.14939,60.11034],[11.14947,60.11013]]]}},{"type":"Feature","properties":{"k":"future","n":"Detaljreguleringsplan for Dal gård massemottak","a":81297,"planid":"475","kommunenr":"3209"},"geometry":{"type":"Polygon","coordinates":[[[11.18517,60.23536],[11.18568,60.23502],[11.18977,60.23495],[11.19064,60.23578],[11.19153,60.23728],[11.19187,60.23845],[11.19161,60.23846],[11.19147,60.2388],[11.19128,60.23871],[11.19065,60.23889],[11.18996,60.23855],[11.18935,60.23817],[11.18836,60.23716],[11.18679,60.23629],[11.18668,60.23603],[11.1863,60.23615],[11.18517,60.23536]]]}},{"type":"Feature","properties":{"k":"future","n":"Tilbakeføring av gamle Hjera grustak, gbnr. 92/626 m.fl.","a":203375,"planid":"303535300","kommunenr":"3240"},"geometry":{"type":"Polygon","coordinates":[[[11.18521,60.26307],[11.18485,60.26326],[11.18531,60.26267],[11.18528,60.26285],[11.18549,60.26292],[11.18762,60.26278],[11.18804,60.26255],[11.18835,60.26255],[11.18876,60.26266],[11.19058,60.26259],[11.19284,60.26284],[11.19354,60.2628],[11.19556,60.26247],[11.19657,60.26261],[11.19776,60.2626],[11.19869,60.2624],[11.19962,60.26239],[11.20012,60.26222],[11.20019,60.2623],[11.20082,60.26213],[11.20095,60.26214],[11.20148,60.26238],[11.20147,60.26245],[11.20258,60.26235],[11.203,60.26224],[11.2038,60.26329],[11.2034,60.2633],[11.20367,60.26376],[11.20408,60.26366],[11.20435,60.26437],[11.20445,60.26517],[11.2042,60.26536],[11.20383,60.26547],[11.20266,60.2656],[11.20233,60.26569],[11.20205,60.26586],[11.20072,60.26538],[11.19926,60.26551],[11.19912,60.26548],[11.19855,60.26557],[11.19761,60.26545],[11.1971,60.26528],[11.1965,60.26543],[11.19623,60.2656],[11.19575,60.26557],[11.19664,60.26524],[11.19341,60.26523],[11.19266,60.26567],[11.19129,60.26545],[11.19113,60.26501],[11.19019,60.26484],[11.19004,60.26487],[11.19001,60.26475],[11.19078,60.26482],[11.1918,60.26469],[11.19422,60.26458],[11.19441,60.26389],[11.19526,60.2633],[11.19384,60.26296],[11.19285,60.26298],[11.19112,60.26278],[11.19053,60.26277],[11.18816,60.26285],[11.18817,60.26289],[11.1879,60.2629],[11.18783,60.26304],[11.18771,60.26304],[11.18759,60.26292],[11.18521,60.26307]]]}},{"type":"Feature","properties":{"k":"future","n":"Tukkebøl-område for anleggsvirksomhet, massemottak/-oppfylling, uttak av fjell og etterbruk landbruk, jord og skogbruk.","a":379448,"planid":"455","kommunenr":"3220"},"geometry":{"type":"Polygon","coordinates":[[[11.1749,59.78463],[11.175,59.78467],[11.17455,59.78505],[11.17558,59.78565],[11.17548,59.7863],[11.17534,59.78639],[11.17551,59.78698],[11.17537,59.78724],[11.1754,59.78762],[11.17398,59.78793],[11.17069,59.78811],[11.16828,59.78807],[11.16783,59.7812],[11.16369,59.77886],[11.16455,59.7784],[11.16528,59.77872],[11.1657,59.7788],[11.16957,59.77901],[11.17156,59.77919],[11.1725,59.77936],[11.17371,59.78001],[11.17422,59.78051],[11.17382,59.78062],[11.17398,59.78125],[11.17394,59.7816],[11.17315,59.78277],[11.17305,59.78319],[11.17327,59.78359],[11.17376,59.78401],[11.1749,59.78463]]]}},{"type":"Feature","properties":{"k":"future","n":"Detaljregulering Heggvin Avfallsanlegg","a":876524,"planid":"2025007","kommunenr":"3403"},"geometry":{"type":"Polygon","coordinates":[[[11.26889,60.85172],[11.26984,60.85118],[11.27009,60.85124],[11.27026,60.85041],[11.27505,60.84843],[11.27566,60.84853],[11.27614,60.84915],[11.27797,60.85052],[11.27957,60.8515],[11.2797,60.85188],[11.27971,60.85217],[11.27917,60.85303],[11.27915,60.85346],[11.27949,60.85388],[11.27902,60.85501],[11.27698,60.85658],[11.27652,60.85713],[11.27579,60.85758],[11.27551,60.85852],[11.27509,60.85912],[11.27467,60.86044],[11.27502,60.8614],[11.27487,60.86248],[11.27523,60.86334],[11.27503,60.86399],[11.27417,60.86513],[11.27383,60.86615],[11.27153,60.86587],[11.26562,60.8648],[11.26624,60.86307],[11.26627,60.86219],[11.26771,60.86063],[11.26788,60.86015],[11.26735,60.85858],[11.26889,60.85172]]]}},{"type":"Feature","properties":{"k":"future","n":"Tobroåsen masseuttak og pukkverk","a":1420987,"planid":"G-752","kommunenr":"3101"},"geometry":{"type":"Polygon","coordinates":[[[11.28413,59.15321],[11.28405,59.15205],[11.28416,59.15155],[11.28445,59.1512],[11.28438,59.15064],[11.28414,59.15039],[11.27937,59.14797],[11.27922,59.14759],[11.27846,59.1467],[11.27958,59.14587],[11.28008,59.14561],[11.28022,59.14526],[11.28062,59.14507],[11.28125,59.14497],[11.2813,59.14465],[11.28063,59.14334],[11.28074,59.14255],[11.28041,59.1425],[11.28122,59.14059],[11.27972,59.14018],[11.27899,59.13976],[11.27915,59.13916],[11.27892,59.13839],[11.279,59.1378],[11.27822,59.13666],[11.27854,59.13546],[11.27936,59.13529],[11.2793,59.13513],[11.28116,59.1343],[11.28148,59.13375],[11.28235,59.13352],[11.28207,59.13342],[11.28206,59.13333],[11.28153,59.13323],[11.28418,59.13241],[11.28592,59.13166],[11.28571,59.13176],[11.28576,59.13385],[11.28698,59.13388],[11.28698,59.13448],[11.28939,59.13541],[11.29459,59.13539],[11.29464,59.13767],[11.29529,59.13864],[11.29529,59.13881],[11.29469,59.13963],[11.29471,59.14116],[11.29254,59.14168],[11.29211,59.14209],[11.29208,59.14273],[11.29306,59.14319],[11.29436,59.14553],[11.29413,59.1465],[11.29465,59.14676],[11.29518,59.1472],[11.29391,59.14747],[11.29358,59.14921],[11.29381,59.14941],[11.2933,59.15384],[11.29261,59.15434],[11.29231,59.1547],[11.29148,59.15514],[11.29119,59.15547],[11.28989,59.15517],[11.2886,59.15516],[11.28778,59.15502],[11.28674,59.15454],[11.28545,59.15365],[11.28452,59.15342],[11.28413,59.15321]],[[11.28658,59.13815],[11.28642,59.13775],[11.28529,59.13782],[11.28525,59.13767],[11.28497,59.13769],[11.28478,59.13762],[11.28433,59.13767],[11.28426,59.13721],[11.28401,59.1372],[11.28338,59.13754],[11.28349,59.13841],[11.28305,59.13868],[11.28285,59.13906],[11.2829,59.14193],[11.28313,59.14226],[11.28376,59.14268],[11.28433,59.14287],[11.28498,59.14298],[11.28566,59.143],[11.2864,59.14291],[11.2913,59.14167],[11.29187,59.14112],[11.29223,59.14095],[11.29227,59.13864],[11.2922,59.1384],[11.29192,59.13816],[11.2902,59.13752],[11.28789,59.1377],[11.28716,59.13789],[11.28658,59.13815]]]}},{"type":"Feature","properties":{"k":"future","n":"Reguleringsplan for Stikla masseuttak","a":155884,"planid":"012220180003","kommunenr":"3118"},"geometry":{"type":"Polygon","coordinates":[[[11.33385,59.7307],[11.33322,59.72979],[11.33349,59.72948],[11.33461,59.72918],[11.33475,59.72975],[11.33537,59.73008],[11.33473,59.72999],[11.33462,59.73064],[11.33531,59.73156],[11.33588,59.73163],[11.33689,59.73198],[11.33796,59.73284],[11.33871,59.73265],[11.33842,59.73217],[11.33856,59.73209],[11.33944,59.73209],[11.33955,59.73259],[11.33883,59.7332],[11.33858,59.73378],[11.33741,59.73396],[11.33702,59.73472],[11.33722,59.73511],[11.33685,59.73528],[11.33683,59.73615],[11.33658,59.7365],[11.33672,59.73722],[11.33405,59.73706],[11.33446,59.73559],[11.3343,59.73468],[11.3338,59.73472],[11.33347,59.73435],[11.33194,59.73211],[11.33384,59.7318],[11.33328,59.73106],[11.33385,59.7307]]]}},{"type":"Feature","properties":{"k":"future","n":"Detaljregulering for Aasekjær miljøpark","a":49485,"planid":"G-755","kommunenr":"3101"},"geometry":{"type":"Polygon","coordinates":[[[11.31151,59.13984],[11.30984,59.13929],[11.30997,59.1392],[11.31181,59.13977],[11.31246,59.13978],[11.31394,59.13968],[11.31397,59.1398],[11.31195,59.13991],[11.3116,59.14013],[11.31083,59.1402],[11.31059,59.14029],[11.31034,59.14064],[11.31116,59.14091],[11.31117,59.1415],[11.31164,59.14187],[11.31158,59.14273],[11.31152,59.14289],[11.31096,59.14332],[11.31014,59.14348],[11.30945,59.14351],[11.30899,59.14328],[11.30886,59.14302],[11.30872,59.1419],[11.30881,59.14185],[11.3085,59.14141],[11.30897,59.14118],[11.30934,59.14065],[11.30991,59.14056],[11.31015,59.14059],[11.31039,59.14025],[11.30998,59.14032],[11.30991,59.14024],[11.3108,59.14008],[11.3115,59.14003],[11.31161,59.13993],[11.31151,59.13984]]]}},{"type":"Feature","properties":{"k":"future","n":"Detaljregulering for Rokke avfallsanlegg - utvidelse i sydøst","a":48672,"planid":"G-762","kommunenr":"3101"},"geometry":{"type":"Polygon","coordinates":[[[11.34235,59.17548],[11.34067,59.17456],[11.33865,59.17486],[11.33624,59.17191],[11.33647,59.17178],[11.34243,59.17456],[11.34332,59.17528],[11.34235,59.17548]]]}},{"type":"Feature","properties":{"k":"future","n":"Folbergåsen masseuttak","a":637608,"planid":"2024036","kommunenr":"3228"},"geometry":{"type":"Polygon","coordinates":[[[11.51782,60.15705],[11.5179,60.15303],[11.52084,60.15211],[11.52239,60.15191],[11.52309,60.15197],[11.52337,60.15233],[11.52613,60.15252],[11.5273,60.15287],[11.52827,60.15698],[11.52949,60.15807],[11.52925,60.15939],[11.52949,60.15997],[11.52902,60.16021],[11.52898,60.16039],[11.52982,60.16087],[11.52953,60.16098],[11.52783,60.16009],[11.52756,60.16006],[11.5253,60.16129],[11.52614,60.16211],[11.52516,60.16242],[11.52452,60.16245],[11.52446,60.16214],[11.52421,60.16202],[11.52348,60.16209],[11.5228,60.16233],[11.52217,60.1621],[11.52135,60.16249],[11.52107,60.16281],[11.52064,60.1629],[11.52007,60.16273],[11.51894,60.16211],[11.51562,60.16117],[11.51494,60.16107],[11.51513,60.16089],[11.51657,60.16041],[11.51706,60.16001],[11.51769,60.15883],[11.51782,60.15705]]]}},{"type":"Feature","properties":{"k":"future","n":"Aarnes deponi","a":94623,"planid":"20210002","kommunenr":"3122"},"geometry":{"type":"Polygon","coordinates":[[[11.64497,59.44565],[11.64468,59.44564],[11.64499,59.44491],[11.64404,59.44466],[11.64217,59.44486],[11.64169,59.44634],[11.63513,59.44652],[11.63511,59.44446],[11.64094,59.44438],[11.64323,59.4446],[11.64393,59.44444],[11.6452,59.44456],[11.64596,59.44392],[11.6461,59.44401],[11.64552,59.44448],[11.64497,59.44565]]]}},{"type":"Feature","properties":{"k":"future","n":"Steinbrudd og mineralutvinning gnr.60 bnr.1 ","a":34958,"planid":"2013004","kommunenr":"3417"},"geometry":{"type":"Polygon","coordinates":[[[12.00431,60.50169],[12.00694,60.50172],[12.00719,60.50362],[12.0038,60.50357],[12.00431,60.50169]]]}},{"type":"Feature","properties":{"k":"future","n":"Detaljreguleringsplan for Grinder steinbrudd ","a":121661,"kunngjort":"2019-06-26","planid":"2016001","kommunenr":"3417"},"geometry":{"type":"Polygon","coordinates":[[[12.04787,60.39043],[12.04782,60.39027],[12.048,60.39026],[12.04824,60.39059],[12.04973,60.39058],[12.05016,60.39054],[12.05105,60.39033],[12.05195,60.39036],[12.05275,60.39029],[12.05345,60.39033],[12.05403,60.39021],[12.0516,60.39009],[12.04979,60.39012],[12.04944,60.39],[12.04867,60.38945],[12.04859,60.38933],[12.04871,60.38901],[12.04934,60.38822],[12.05012,60.38761],[12.05066,60.38735],[12.05382,60.38736],[12.05704,60.38808],[12.05646,60.38918],[12.056,60.38943],[12.05518,60.39019],[12.05346,60.39042],[12.05109,60.39042],[12.05001,60.39065],[12.04825,60.39068],[12.04807,60.39085],[12.0479,60.39084],[12.04787,60.39043]]]}},{"type":"Feature","properties":{"k":"future","n":"Detaljregulering for Bårderud Steinbrudd","a":41540,"planid":"2025001","kommunenr":"3417"},"geometry":{"type":"Polygon","coordinates":[[[12.07994,60.45763],[12.08041,60.45726],[12.08092,60.45665],[12.08126,60.45643],[12.08068,60.45734],[12.08102,60.45709],[12.08141,60.45695],[12.08225,60.45704],[12.08251,60.45695],[12.08263,60.45697],[12.0828,60.45718],[12.0835,60.45733],[12.0838,60.45749],[12.0839,60.45765],[12.08365,60.45844],[12.08299,60.45894],[12.08243,60.4592],[12.08187,60.45933],[12.08112,60.45928],[12.08047,60.45864],[12.08,60.45833],[12.0805,60.45785],[12.08034,60.45751],[12.07974,60.45776],[12.07994,60.45763]]]}},{"type":"Feature","properties":{"k":"future","n":"Salberget masseuttak","a":365011,"planid":"2025002","kommunenr":"3418"},"geometry":{"type":"Polygon","coordinates":[[[12.09839,60.56153],[12.09842,60.56143],[12.10143,60.56166],[12.10195,60.5616],[12.10267,60.56139],[12.10374,60.56078],[12.10393,60.56089],[12.10339,60.56119],[12.10345,60.5617],[12.11449,60.56169],[12.11417,60.56716],[12.1051,60.56713],[12.10492,60.56649],[12.10428,60.56583],[12.10389,60.56441],[12.10318,60.56445],[12.10301,60.56397],[12.10341,60.56373],[12.10237,60.5624],[12.10169,60.56186],[12.10137,60.56178],[12.09839,60.56153]]]}},{"type":"Feature","properties":{"k":"future","n":"Utneset masseuttak","a":108988,"planid":"2025005","kommunenr":"3418"},"geometry":{"type":"Polygon","coordinates":[[[12.27644,60.65172],[12.27236,60.65025],[12.27496,60.6481],[12.27668,60.64861],[12.27676,60.64854],[12.28064,60.64973],[12.27966,60.65116],[12.27746,60.65176],[12.27644,60.65172]]]}},{"type":"Feature","properties":{"k":"future","n":"Svartdulpa masseuttak","a":63567,"planid":"Forslag","kommunenr":"3416"},"geometry":{"type":"Polygon","coordinates":[[[12.27685,59.97067],[12.2762,59.97037],[12.27666,59.97016],[12.27629,59.96989],[12.27575,59.96929],[12.27678,59.969],[12.27784,59.9689],[12.27856,59.96893],[12.27901,59.9691],[12.28041,59.96997],[12.28106,59.97026],[12.28143,59.97107],[12.28003,59.97153],[12.27955,59.97142],[12.27909,59.97159],[12.27837,59.97168],[12.27759,59.9716],[12.27685,59.971],[12.27685,59.97067]]]}},{"type":"Feature","properties":{"k":"old","n":"Lutvann leir HV 02, grovafallsfylling","a":130,"type":"Deponi","status":"Tiltak gjennomført"},"geometry":{"type":"Polygon","coordinates":[[[10.8781,59.92384],[10.87832,59.92384],[10.87832,59.92373],[10.87815,59.92374],[10.8781,59.92384]]]}},{"type":"Feature","properties":{"k":"old","n":"Brattli","a":8535,"type":"Deponi","status":"Avsluttet"},"geometry":{"type":"Polygon","coordinates":[[[11.38674,59.13505],[11.38675,59.13544],[11.38693,59.13585],[11.38659,59.136],[11.38783,59.13604],[11.38826,59.13581],[11.38807,59.13512],[11.38742,59.13498],[11.38674,59.13505]]]}},{"type":"Feature","properties":{"k":"old","n":"Holmsensvei - Stasjonsveien - SK3","a":7497,"type":"Kommunalt deponi","status":"Uavklart"},"geometry":{"type":"Polygon","coordinates":[[[11.00271,59.94593],[11.00182,59.94596],[11.00156,59.94602],[11.00097,59.94639],[11.00096,59.94649],[11.00114,59.94655],[11.00184,59.94645],[11.00255,59.94645],[11.00302,59.94664],[11.00333,59.94659],[11.00361,59.94646],[11.00364,59.94638],[11.00289,59.94595],[11.00271,59.94593]]]}},{"type":"Feature","properties":{"k":"old","n":"HEIMLI","a":6222,"type":"Deponi","status":"Avsluttet"},"geometry":{"type":"Polygon","coordinates":[[[11.37723,59.14635],[11.37707,59.1462],[11.37658,59.14621],[11.37624,59.14646],[11.37725,59.14709],[11.37763,59.14708],[11.37777,59.14702],[11.37813,59.14649],[11.37723,59.14635]]]}},{"type":"Feature","properties":{"k":"old","n":"Hov Østre","a":5269,"type":"Deponi","status":"Undersøkelser gjennomført"},"geometry":{"type":"Polygon","coordinates":[[[11.4281,59.08885],[11.42825,59.08955],[11.42937,59.08958],[11.42933,59.08887],[11.4281,59.08885]]]}},{"type":"Feature","properties":{"k":"old","n":"Sunde Resirk - Utla","a":14431,"type":"Gjenvinning av avfall","status":"Uavklart"},"geometry":{"type":"Polygon","coordinates":[[[7.84016,61.32017],[7.83752,61.32005],[7.83674,61.32015],[7.8371,61.32055],[7.83973,61.3212],[7.84004,61.3207],[7.83972,61.32065],[7.83975,61.32059],[7.84006,61.3206],[7.84016,61.32017]]]}},{"type":"Feature","properties":{"k":"old","n":"Gjenbrukt betong til E6- ved Kåterud","a":248,"type":"Gjenvinning av avfall","status":"Avsluttet"},"geometry":{"type":"Polygon","coordinates":[[[11.14403,60.77984],[11.14439,60.77972],[11.1444,60.77961],[11.14388,60.7798],[11.14403,60.77984]]]}},{"type":"Feature","properties":{"k":"old","n":"Borregaard, gammelt deponi","a":7957,"type":"Deponi","status":"Avsluttet"},"geometry":{"type":"Polygon","coordinates":[[[11.11655,59.27073],[11.11769,59.2711],[11.11783,59.27099],[11.11813,59.27109],[11.11877,59.27056],[11.11723,59.27009],[11.11655,59.27073]]]}},{"type":"Feature","properties":{"k":"old","n":"Røyken Grovfyllplass","a":57754,"type":"Deponi","status":"Uavklart"},"geometry":{"type":"Polygon","coordinates":[[[10.47311,59.70137],[10.47199,59.69936],[10.47403,59.69908],[10.47402,59.69862],[10.46972,59.69859],[10.4698,59.6992],[10.46951,59.70011],[10.46972,59.70154],[10.47083,59.70154],[10.47311,59.70137]]]}},{"type":"Feature","properties":{"k":"old","n":"Torsbekkdalen","a":174495,"type":"Kommunalt deponi","status":"Avsluttet"},"geometry":{"type":"Polygon","coordinates":[[[11.09297,59.27321],[11.09304,59.27344],[11.09245,59.27347],[11.09239,59.27377],[11.09103,59.2747],[11.09149,59.275],[11.09164,59.2759],[11.09244,59.27593],[11.09247,59.27646],[11.09265,59.2767],[11.09328,59.27664],[11.09388,59.27699],[11.09431,59.27758],[11.09438,59.27858],[11.09427,59.27859],[11.09427,59.27868],[11.09438,59.27869],[11.09439,59.28017],[11.09486,59.28018],[11.09461,59.28058],[11.0945,59.28146],[11.09395,59.28201],[11.09416,59.28243],[11.0949,59.28301],[11.09746,59.28379],[11.09909,59.28409],[11.10007,59.28413],[11.10012,59.28397],[11.09948,59.28342],[11.09892,59.28356],[11.09797,59.28271],[11.09842,59.28253],[11.0981,59.28218],[11.09692,59.28246],[11.09716,59.28268],[11.0969,59.2828],[11.09597,59.28244],[11.09554,59.28257],[11.09542,59.2825],[11.09528,59.28221],[11.09537,59.28201],[11.09588,59.28173],[11.09592,59.28146],[11.09724,59.2811],[11.09699,59.28011],[11.09682,59.28013],[11.09678,59.27986],[11.09695,59.27948],[11.09675,59.27946],[11.09679,59.27906],[11.0974,59.27906],[11.09742,59.27872],[11.09699,59.27861],[11.09701,59.27846],[11.09761,59.27822],[11.09773,59.27806],[11.09728,59.27795],[11.09737,59.27777],[11.0973,59.27743],[11.09696,59.27694],[11.09659,59.27686],[11.0963,59.27629],[11.09571,59.27616],[11.09468,59.27569],[11.09465,59.27544],[11.0943,59.27547],[11.09417,59.2751],[11.09416,59.27458],[11.09435,59.27396],[11.09466,59.27374],[11.09297,59.27321]],[[11.09377,59.27391],[11.09376,59.27434],[11.09356,59.27473],[11.09327,59.27491],[11.09291,59.27497],[11.09273,59.27487],[11.09284,59.2745],[11.09259,59.27404],[11.09377,59.27391]]]}},{"type":"Feature","properties":{"k":"old","n":"BURESKJÆR","a":9295,"type":"Kommunalt deponi","status":"Avsluttet"},"geometry":{"type":"Polygon","coordinates":[[[10.91657,59.22296],[10.91659,59.22268],[10.91675,59.22268],[10.91689,59.22254],[10.91715,59.22247],[10.91695,59.22233],[10.91712,59.22226],[10.91633,59.2219],[10.91594,59.2221],[10.91576,59.22237],[10.91539,59.22265],[10.91559,59.22266],[10.91554,59.22328],[10.91668,59.2233],[10.9167,59.22307],[10.91657,59.22296]]]}},{"type":"Feature","properties":{"k":"old","n":"Tåjeodden","a":15326,"type":"Deponi","status":"Undersøkelser igangsatt"},"geometry":{"type":"Polygon","coordinates":[[[10.49802,59.78621],[10.49922,59.7862],[10.49931,59.78628],[10.49928,59.78682],[10.49945,59.787],[10.49991,59.7871],[10.5004,59.78708],[10.50075,59.78692],[10.50083,59.78649],[10.50043,59.78627],[10.49999,59.78562],[10.49968,59.78554],[10.49951,59.78536],[10.49897,59.78539],[10.49802,59.78621]]]}},{"type":"Feature","properties":{"k":"old","n":"PETTERSTOMTA/PORSELENS-OMR, Mosseveien 1-5","a":46096,"type":"Kommunalt deponi","status":"Avsluttet"},"geometry":{"type":"Polygon","coordinates":[[[10.92431,59.2166],[10.91968,59.2158],[10.91872,59.21707],[10.92143,59.21802],[10.92231,59.21803],[10.92431,59.2166]]]}},{"type":"Feature","properties":{"k":"old","n":"Sulfid Øygaardsdalen og Ramsdalen","a":25150,"type":"Deponi","status":"Tiltak gjennomført"},"geometry":{"type":"Polygon","coordinates":[[[8.90638,58.61784],[8.90699,58.61944],[8.9073,58.6198],[8.90729,58.62029],[8.90758,58.62083],[8.90786,58.62104],[8.90843,58.62132],[8.90858,58.62109],[8.90854,58.6209],[8.90817,58.62035],[8.90821,58.62005],[8.9086,58.6196],[8.90869,58.61909],[8.90805,58.61871],[8.90759,58.6182],[8.90693,58.61776],[8.90638,58.61784]]]}},{"type":"Feature","properties":{"k":"old","n":"Peterson Linerboard, Tykkemyr","a":18177,"type":"Deponi","status":"Avsluttet"},"geometry":{"type":"Polygon","coordinates":[[[10.68456,59.44335],[10.68442,59.44311],[10.68301,59.44307],[10.68148,59.44265],[10.68033,59.44267],[10.68196,59.44352],[10.68364,59.44413],[10.68384,59.44415],[10.68424,59.44402],[10.68454,59.44359],[10.68456,59.44335]]]}},{"type":"Feature","properties":{"k":"old","n":"Trolldalen","a":38242,"type":"Kommunalt deponi","status":"Avsluttet"},"geometry":{"type":"Polygon","coordinates":[[[10.68996,59.4455],[10.69057,59.44554],[10.69118,59.4455],[10.69128,59.44411],[10.68627,59.44424],[10.68634,59.44456],[10.68652,59.44463],[10.68606,59.44492],[10.68631,59.44506],[10.68796,59.44541],[10.68906,59.4455],[10.68996,59.4455]]]}},{"type":"Feature","properties":{"k":"old","n":"Mile gjenvinningsstasjon","a":38336,"type":"Kommunalt deponi","status":"Tiltak igangsatt"},"geometry":{"type":"Polygon","coordinates":[[[10.03174,59.74455],[10.03127,59.74573],[10.02964,59.74559],[10.02939,59.74631],[10.03386,59.74658],[10.03407,59.74584],[10.03406,59.74475],[10.03174,59.74455]]]}},{"type":"Feature","properties":{"k":"old","n":"TJUVHOLMEN FYLLPLASS","a":6536,"type":"Kommunalt deponi","status":"Avsluttet"},"geometry":{"type":"Polygon","coordinates":[[[11.07342,60.78934],[11.07359,60.78862],[11.07223,60.78838],[11.072,60.78842],[11.07167,60.78859],[11.07163,60.78879],[11.07287,60.78911],[11.07342,60.78934]]]}},{"type":"Feature","properties":{"k":"old","n":"TJUVHOLMEN FYLLPLASS","a":75,"type":"Kommunalt deponi","status":"Avsluttet"},"geometry":{"type":"Polygon","coordinates":[[[11.07562,60.78848],[11.07559,60.78853],[11.07579,60.78857],[11.07583,60.78851],[11.07562,60.78848]]]}},{"type":"Feature","properties":{"k":"old","n":"Furnes-Hamjern SCC as, avd. Hamar","a":100123,"type":"Deponi","status":"Avsluttet"},"geometry":{"type":"Polygon","coordinates":[[[11.07015,60.79364],[11.07084,60.79353],[11.07193,60.7932],[11.07379,60.79221],[11.07408,60.79233],[11.07489,60.79184],[11.07825,60.79149],[11.07832,60.79144],[11.07904,60.79145],[11.07913,60.79153],[11.07944,60.79153],[11.08251,60.79135],[11.08305,60.79137],[11.085,60.79125],[11.08494,60.79101],[11.08816,60.79081],[11.08822,60.79102],[11.08922,60.791],[11.09011,60.79093],[11.09088,60.79071],[11.09107,60.79071],[11.09128,60.79051],[11.08942,60.79054],[11.0873,60.79068],[11.08709,60.79063],[11.08844,60.79028],[11.09078,60.78939],[11.09089,60.78941],[11.09204,60.78888],[11.09394,60.78773],[11.09371,60.78765],[11.09251,60.7884],[11.09186,60.78862],[11.09193,60.78868],[11.09057,60.78921],[11.09068,60.78928],[11.09041,60.7894],[11.08879,60.79001],[11.08716,60.79041],[11.08615,60.79052],[11.0838,60.79054],[11.08532,60.79042],[11.08524,60.79009],[11.08211,60.79028],[11.08198,60.79008],[11.08259,60.78994],[11.08146,60.79001],[11.08143,60.78996],[11.0792,60.79016],[11.07832,60.79031],[11.07697,60.79074],[11.07552,60.79106],[11.07418,60.79145],[11.07355,60.79194],[11.07363,60.79205],[11.07234,60.79286],[11.07126,60.79328],[11.07003,60.79354],[11.07015,60.79364]]]}},{"type":"Feature","properties":{"k":"old","n":"Distriktskommando Østlandet -Avfallsfylling","a":16364,"type":"Deponi","status":"Tiltak gjennomført"},"geometry":{"type":"Polygon","coordinates":[[[11.1234,60.79954],[11.12391,60.79953],[11.12553,60.79913],[11.125,60.79837],[11.12439,60.79809],[11.12332,60.79819],[11.12306,60.79827],[11.12289,60.79881],[11.1234,60.79954]]]}},{"type":"Feature","properties":{"k":"old","n":"Kjus gård (NGU 231 015)","a":56222,"type":"Deponi","status":"Uavklart"},"geometry":{"type":"Polygon","coordinates":[[[11.06812,59.99524],[11.06797,59.99573],[11.06622,59.99681],[11.06431,59.99725],[11.06499,59.99794],[11.06765,59.9972],[11.06804,59.99682],[11.07126,59.99658],[11.07244,59.99589],[11.07314,59.99539],[11.06812,59.99524]]]}},{"type":"Feature","properties":{"k":"old","n":"Glengshølen","a":84121,"type":"Deponi","status":"Uavklart"},"geometry":{"type":"Polygon","coordinates":[[[11.11592,59.29065],[11.11612,59.2896],[11.11704,59.2889],[11.11919,59.28825],[11.1218,59.28822],[11.12377,59.28899],[11.12465,59.28967],[11.12486,59.29006],[11.12528,59.28992],[11.12477,59.28917],[11.12375,59.28818],[11.12376,59.28784],[11.11999,59.28656],[11.11913,59.28656],[11.11819,59.28696],[11.11746,59.28755],[11.11625,59.28816],[11.11519,59.28884],[11.11501,59.28939],[11.11523,59.29064],[11.11592,59.29065]]]}},{"type":"Feature","properties":{"k":"old","n":"Duggetorp","a":2645,"type":"Deponi","status":"Uavklart"},"geometry":{"type":"Polygon","coordinates":[[[11.10245,59.60619],[11.10249,59.60635],[11.10273,59.60653],[11.10331,59.60648],[11.10355,59.60634],[11.10358,59.60616],[11.10326,59.60606],[11.10252,59.60613],[11.10245,59.60619]]]}},{"type":"Feature","properties":{"k":"old","n":"Eidskog kommuneskogers sag og høvleri sponfylling","a":4947,"type":"Deponi","status":"Uavklart"},"geometry":{"type":"Polygon","coordinates":[[[12.1203,60.0057],[12.1203,60.00557],[12.1191,60.00558],[12.1186,60.00572],[12.11854,60.00613],[12.1195,60.00618],[12.1203,60.0057]]]}},{"type":"Feature","properties":{"k":"old","n":"TANDESKOGEN SØP.FORBR.ANL.","a":12638,"type":"Kommunalt deponi","status":"Avsluttet"},"geometry":{"type":"Polygon","coordinates":[[[10.73731,60.92285],[10.73752,60.92196],[10.73485,60.922],[10.73465,60.92206],[10.73482,60.92251],[10.73516,60.92267],[10.73581,60.92278],[10.73731,60.92285]]]}},{"type":"Feature","properties":{"k":"old","n":"MOELVEN JERNSTØPERI","a":6123,"type":"Deponi","status":"Uavklart"},"geometry":{"type":"Polygon","coordinates":[[[10.70849,60.93139],[10.70794,60.93114],[10.70699,60.93038],[10.70668,60.93025],[10.70662,60.93029],[10.70683,60.93043],[10.70679,60.93129],[10.70721,60.93125],[10.70717,60.93169],[10.70849,60.93139]]]}},{"type":"Feature","properties":{"k":"old","n":"Midtskogen planteskole","a":8686,"type":"Deponi","status":"Avsluttet"},"geometry":{"type":"Polygon","coordinates":[[[11.27785,60.50108],[11.27924,60.50113],[11.27967,60.5008],[11.2796,60.50069],[11.27706,60.5005],[11.27677,60.50092],[11.27691,60.5012],[11.27713,60.50125],[11.27785,60.50108]]]}},{"type":"Feature","properties":{"k":"old","n":"HERNESMOEN FYLLPLASS","a":15086,"type":"Kommunalt deponi","status":"Uavklart"},"geometry":{"type":"Polygon","coordinates":[[[11.8403,60.21921],[11.83912,60.21782],[11.83769,60.21836],[11.83906,60.21967],[11.8403,60.21921]]]}},{"type":"Feature","properties":{"k":"old","n":"MAGNOR GLASSVERK A/S","a":4008,"type":"Deponi","status":"Uavklart"},"geometry":{"type":"Polygon","coordinates":[[[12.19858,59.95245],[12.19872,59.95242],[12.19892,59.95206],[12.19843,59.95176],[12.19811,59.95195],[12.1976,59.9525],[12.19787,59.95265],[12.198,59.95265],[12.19858,59.95245]]]}},{"type":"Feature","properties":{"k":"old","n":"JØMNA BRUG A/S","a":10743,"type":"Deponi","status":"Uavklart"},"geometry":{"type":"Polygon","coordinates":[[[11.70349,60.80793],[11.70367,60.80797],[11.70518,60.80781],[11.70563,60.80766],[11.70542,60.80726],[11.70244,60.80763],[11.70176,60.80797],[11.70228,60.80817],[11.70349,60.80793]]]}},{"type":"Feature","properties":{"k":"old","n":"LJØRDALEN FYLLPLASS (Orrleikgropa)","a":7634,"type":"Kommunalt deponi","status":"Uavklart"},"geometry":{"type":"Polygon","coordinates":[[[12.741,61.37335],[12.74108,61.37324],[12.74251,61.3728],[12.74194,61.37252],[12.74106,61.37267],[12.74048,61.37268],[12.7405,61.37287],[12.73979,61.37312],[12.73973,61.37328],[12.74004,61.37336],[12.74018,61.37355],[12.741,61.37335]]]}},{"type":"Feature","properties":{"k":"old","n":"RENA KARTONGFABRIKK","a":16815,"type":"Deponi","status":"Avsluttet"},"geometry":{"type":"Polygon","coordinates":[[[11.37502,61.13057],[11.37702,61.13019],[11.37588,61.12927],[11.37368,61.12956],[11.37423,61.13022],[11.37417,61.1304],[11.37351,61.13047],[11.37429,61.13055],[11.37433,61.13049],[11.37452,61.1305],[11.37456,61.13058],[11.37502,61.13057]]]}},{"type":"Feature","properties":{"k":"old","n":"RENA KARTONGFABRIKK (sørlig deponi)","a":64770,"type":"Deponi","status":"Uavklart"},"geometry":{"type":"Polygon","coordinates":[[[11.36789,61.12905],[11.3686,61.12834],[11.36818,61.12824],[11.36837,61.12798],[11.36872,61.12805],[11.3691,61.12771],[11.36868,61.12694],[11.36878,61.12685],[11.36842,61.12625],[11.36927,61.12613],[11.37083,61.12669],[11.37179,61.12712],[11.37174,61.12733],[11.37199,61.1274],[11.37197,61.12765],[11.37215,61.12774],[11.37253,61.1275],[11.3731,61.12771],[11.37414,61.12836],[11.37446,61.12824],[11.37341,61.12765],[11.37246,61.12728],[11.37079,61.12644],[11.36869,61.12564],[11.36607,61.12482],[11.36501,61.12442],[11.36453,61.12417],[11.36376,61.12362],[11.36306,61.12363],[11.36274,61.12418],[11.36259,61.12493],[11.36274,61.12573],[11.3631,61.12641],[11.36332,61.12655],[11.36339,61.1264],[11.36365,61.12637],[11.36411,61.12687],[11.36373,61.12636],[11.36328,61.12629],[11.36342,61.12596],[11.36312,61.12583],[11.36282,61.12557],[11.36272,61.12503],[11.36284,61.12488],[11.36305,61.12483],[11.36328,61.12485],[11.36333,61.12493],[11.36354,61.12493],[11.3636,61.12486],[11.36385,61.12492],[11.3655,61.12568],[11.36714,61.12614],[11.36702,61.12622],[11.36721,61.12619],[11.36761,61.12649],[11.36659,61.12671],[11.36721,61.12667],[11.36723,61.12694],[11.36779,61.12669],[11.36812,61.12707],[11.36792,61.12721],[11.36829,61.12759],[11.36823,61.12775],[11.36776,61.12788],[11.36769,61.12816],[11.36777,61.12831],[11.36826,61.12848],[11.36809,61.12867],[11.36785,61.12872],[11.36767,61.12885],[11.36737,61.12887],[11.36657,61.12869],[11.36579,61.12865],[11.36432,61.12711],[11.36482,61.12773],[11.36456,61.12776],[11.36493,61.12836],[11.36527,61.12867],[11.36698,61.1288],[11.36704,61.12888],[11.36763,61.1289],[11.3678,61.12886],[11.36789,61.12905]]]}},{"type":"Feature","properties":{"k":"old","n":"DREVSJØ FYLLPLASS","a":4125,"type":"Kommunalt deponi","status":"Avsluttet"},"geometry":{"type":"Polygon","coordinates":[[[11.97923,61.91048],[11.97951,61.91024],[11.97921,61.91002],[11.97876,61.90992],[11.97842,61.90999],[11.97807,61.91026],[11.97814,61.9105],[11.97848,61.91061],[11.97923,61.91048]]]}},{"type":"Feature","properties":{"k":"old","n":"BJØRNÅSMOEN","a":18508,"type":"Kommunalt deponi","status":"Uavklart"},"geometry":{"type":"Polygon","coordinates":[[[12.05355,61.86071],[12.05221,61.8606],[12.0513,61.86072],[12.05168,61.86186],[12.05354,61.86201],[12.05436,61.86179],[12.05355,61.86071]]]}},{"type":"Feature","properties":{"k":"old","n":"BIRI FYLLPLASS","a":2191,"type":"Kommunalt deponi","status":"Uavklart"},"geometry":{"type":"Polygon","coordinates":[[[10.60384,60.9537],[10.60294,60.9541],[10.60334,60.95428],[10.60433,60.95391],[10.60384,60.9537]]]}},{"type":"Feature","properties":{"k":"old","n":"A/S TOTEN CELLULOSEFABRIKK","a":99,"type":"Deponi","status":"Uavklart"},"geometry":{"type":"Polygon","coordinates":[[[10.64906,60.7817],[10.64896,60.78165],[10.64885,60.78169],[10.64895,60.78175],[10.64906,60.7817]]]}},{"type":"Feature","properties":{"k":"old","n":"ØSD, avfallsfylling II på Rauøy","a":331,"type":"Deponi","status":"Undersøkelser gjennomført"},"geometry":{"type":"Polygon","coordinates":[[[10.69583,59.22028],[10.69602,59.2202],[10.69585,59.2201],[10.69566,59.22019],[10.69583,59.22028]]]}},{"type":"Feature","properties":{"k":"old","n":"Torgeir Forseths veg 14, GNR/BNR 66/238 (tidl. 66/155) - Forurenset grunn","a":2038,"type":"Deponi","status":"Avsluttet"},"geometry":{"type":"Polygon","coordinates":[[[10.66982,60.79162],[10.66992,60.79162],[10.67006,60.79123],[10.66941,60.79114],[10.66923,60.79133],[10.66922,60.79161],[10.66982,60.79162]]]}},{"type":"Feature","properties":{"k":"old","n":"Østre Totenveg 134, GNR/BNR 62/270 - Tidl. Fina-depotet","a":128,"type":"Deponi","status":"Avsluttet"},"geometry":{"type":"Polygon","coordinates":[[[10.69708,60.77964],[10.697,60.77949],[10.69685,60.77949],[10.69693,60.77963],[10.69708,60.77964]]]}},{"type":"Feature","properties":{"k":"old","n":"Spesialdeponi på Øra","a":6635,"type":"Deponi","status":"Avsluttet"},"geometry":{"type":"Polygon","coordinates":[[[10.96704,59.18204],[10.96681,59.18273],[10.9683,59.18285],[10.96853,59.18217],[10.96704,59.18204]]]}},{"type":"Feature","properties":{"k":"old","n":"MYRMOEN","a":34168,"type":"Kommunalt deponi","status":"Uavklart"},"geometry":{"type":"Polygon","coordinates":[[[9.45629,61.78485],[9.45586,61.7856],[9.45688,61.78581],[9.45804,61.7858],[9.45902,61.7849],[9.45993,61.78357],[9.45852,61.78327],[9.45819,61.78334],[9.45629,61.78485]]]}},{"type":"Feature","properties":{"k":"old","n":"FÅVANG SAG","a":3000,"type":"Deponi","status":"Uavklart"},"geometry":{"type":"Polygon","coordinates":[[[10.19893,61.45194],[10.19817,61.45182],[10.19777,61.45182],[10.19707,61.452],[10.19851,61.4523],[10.19893,61.45194]]]}},{"type":"Feature","properties":{"k":"old","n":"SLETTEN","a":99,"type":"Kommunalt deponi","status":"Uavklart"},"geometry":{"type":"Polygon","coordinates":[[[10.39164,61.26519],[10.39154,61.26513],[10.39143,61.26518],[10.39152,61.26523],[10.39164,61.26519]]]}},{"type":"Feature","properties":{"k":"old","n":"BERGS GUMMIINDUSTRI A/S","a":33730,"type":"Deponi","status":"Undersøkelser gjennomført"},"geometry":{"type":"Polygon","coordinates":[[[10.43391,61.23979],[10.43595,61.23988],[10.43597,61.23977],[10.43664,61.23984],[10.43729,61.23896],[10.43534,61.23897],[10.4338,61.23841],[10.43358,61.23854],[10.43289,61.23851],[10.43303,61.23893],[10.43268,61.23918],[10.43181,61.24018],[10.43299,61.2404],[10.43372,61.24036],[10.43391,61.23979]]]}},{"type":"Feature","properties":{"k":"old","n":"Trollmyra avfallsdeponi","a":9037,"type":"Kommunalt deponi","status":"Uavklart"},"geometry":{"type":"Polygon","coordinates":[[[10.3363,60.22331],[10.3359,60.22345],[10.33621,60.22453],[10.33646,60.22472],[10.33677,60.22455],[10.33779,60.22435],[10.33724,60.22402],[10.33725,60.22361],[10.3363,60.22331]]]}},{"type":"Feature","properties":{"k":"old","n":"RÅTARUD FYLLPLASS","a":988,"type":"Deponi","status":"Avsluttet"},"geometry":{"type":"Polygon","coordinates":[[[10.40755,60.24081],[10.40809,60.24025],[10.40791,60.24022],[10.40796,60.24027],[10.40755,60.2407],[10.40742,60.24072],[10.40693,60.24049],[10.40724,60.24013],[10.40736,60.24011],[10.40718,60.24008],[10.40685,60.24052],[10.40747,60.24081],[10.4075,60.2409],[10.40755,60.24081]]]}},{"type":"Feature","properties":{"k":"old","n":"Grua Stasjon","a":6534,"type":"Deponi","status":"Avsluttet"},"geometry":{"type":"Polygon","coordinates":[[[10.66447,60.25703],[10.66641,60.25561],[10.66617,60.25553],[10.66544,60.25604],[10.66456,60.25651],[10.66424,60.25687],[10.66376,60.25683],[10.66373,60.25737],[10.66424,60.25773],[10.66447,60.25703]]]}},{"type":"Feature","properties":{"k":"old","n":"GJEFLE","a":3889,"type":"Kommunalt deponi","status":"Uavklart"},"geometry":{"type":"Polygon","coordinates":[[[10.05356,60.85212],[10.05263,60.85195],[10.05215,60.85258],[10.05336,60.85263],[10.05356,60.85212]]]}},{"type":"Feature","properties":{"k":"old","n":"FELDELIA","a":6465,"type":"Kommunalt deponi","status":"Uavklart"},"geometry":{"type":"Polygon","coordinates":[[[10.09507,60.96104],[10.0959,60.96115],[10.0964,60.96056],[10.09508,60.9604],[10.09459,60.96053],[10.09425,60.9611],[10.09507,60.96104]]]}},{"type":"Feature","properties":{"k":"old","n":"ØYSTRE SLIDRE KOMMUNALE AVFALLSPLASS","a":99,"type":"Kommunalt deponi","status":"Uavklart"},"geometry":{"type":"Polygon","coordinates":[[[9.08083,61.1177],[9.08074,61.11765],[9.08062,61.11769],[9.08072,61.11775],[9.08083,61.1177]]]}},{"type":"Feature","properties":{"k":"old","n":"BANGELØKKA","a":455,"type":"Kommunalt deponi","status":"Avsluttet"},"geometry":{"type":"Polygon","coordinates":[[[10.22294,59.73048],[10.22305,59.73043],[10.22244,59.73044],[10.22243,59.73059],[10.22272,59.7306],[10.22294,59.73048]]]}},{"type":"Feature","properties":{"k":"old","n":"CENTRALGARASJEN","a":16724,"type":"Deponi","status":"Uavklart"},"geometry":{"type":"Polygon","coordinates":[[[10.17529,59.74768],[10.17131,59.74785],[10.17141,59.74841],[10.17537,59.74846],[10.17529,59.74768]]]}},{"type":"Feature","properties":{"k":"old","n":"Arsenalet på Kongsgårdsmoen 1","a":556,"type":"Deponi","status":"Avsluttet"},"geometry":{"type":"Polygon","coordinates":[[[9.64121,59.62798],[9.64126,59.62782],[9.6407,59.62782],[9.6407,59.62799],[9.64121,59.62798]]]}},{"type":"Feature","properties":{"k":"old","n":"Heistadmoen, intdep fylling","a":1064,"type":"Deponi","status":"Uavklart"},"geometry":{"type":"Polygon","coordinates":[[[9.66678,59.59798],[9.6673,59.598],[9.66737,59.59768],[9.66685,59.59765],[9.66678,59.59798]]]}},{"type":"Feature","properties":{"k":"old","n":"NES AVFALLSPLASS","a":99,"type":"Kommunalt deponi","status":"Uavklart"},"geometry":{"type":"Polygon","coordinates":[[[9.95661,60.55766],[9.95651,60.55761],[9.9564,60.55765],[9.9565,60.55771],[9.95661,60.55766]]]}},{"type":"Feature","properties":{"k":"old","n":"PRESTEMOEN SLAMDEPONI","a":13807,"type":"Kommunalt deponi","status":"Uavklart"},"geometry":{"type":"Polygon","coordinates":[[[10.22325,60.13652],[10.22122,60.1361],[10.22026,60.13703],[10.22166,60.1373],[10.22233,60.13734],[10.22325,60.13652]]]}},{"type":"Feature","properties":{"k":"old","n":"Norske Skog Follum - Ådalsvika","a":46880,"type":"Deponi","status":"Uavklart"},"geometry":{"type":"Polygon","coordinates":[[[10.23555,60.21099],[10.23737,60.21022],[10.23717,60.20928],[10.23734,60.20906],[10.23757,60.20896],[10.23786,60.20828],[10.23767,60.20781],[10.2379,60.20694],[10.23725,60.20686],[10.23773,60.20599],[10.23616,60.2058],[10.23605,60.20673],[10.23596,60.20673],[10.23555,60.21099]],[[10.23586,60.20983],[10.23657,60.20988],[10.23645,60.2104],[10.23606,60.21036],[10.23592,60.21026],[10.23586,60.20983]]]}},{"type":"Feature","properties":{"k":"old","n":"Sætrang Nordre","a":3784,"type":"Deponi","status":"Uavklart"},"geometry":{"type":"Polygon","coordinates":[[[10.31191,60.17003],[10.31014,60.17037],[10.31024,60.17067],[10.31205,60.17037],[10.31191,60.17003]]]}},{"type":"Feature","properties":{"k":"old","n":"VEIEN SKOLE","a":99,"type":"Kommunalt deponi","status":"Uavklart"},"geometry":{"type":"Polygon","coordinates":[[[10.23569,60.17552],[10.23559,60.17547],[10.23548,60.17552],[10.23558,60.17557],[10.23569,60.17552]]]}},{"type":"Feature","properties":{"k":"old","n":"TIPPEN","a":2006,"type":"Kommunalt deponi","status":"Uavklart"},"geometry":{"type":"Polygon","coordinates":[[[10.2588,60.1679],[10.25772,60.16791],[10.25798,60.16828],[10.25914,60.16801],[10.25915,60.16794],[10.2588,60.1679]]]}},{"type":"Feature","properties":{"k":"old","n":"Hvalsmoen - deponi mellom byg. 8 - 11","a":99,"type":"Deponi","status":"Avsluttet"},"geometry":{"type":"Polygon","coordinates":[[[10.30439,60.18965],[10.30429,60.18959],[10.30418,60.18964],[10.30428,60.18969],[10.30439,60.18965]]]}},{"type":"Feature","properties":{"k":"old","n":"Sørkilen 2","a":5307,"type":"Kommunalt deponi","status":"Uavklart"},"geometry":{"type":"Polygon","coordinates":[[[10.89227,59.20567],[10.89136,59.20557],[10.8915,59.20644],[10.89246,59.2064],[10.89241,59.20568],[10.89227,59.20567]]]}},{"type":"Feature","properties":{"k":"old","n":"VIK","a":8054,"type":"Deponi","status":"Uavklart"},"geometry":{"type":"Polygon","coordinates":[[[10.28157,60.0786],[10.28248,60.07912],[10.28299,60.07932],[10.28269,60.07952],[10.28315,60.07969],[10.28416,60.07918],[10.28225,60.0784],[10.28157,60.0786]]]}},{"type":"Feature","properties":{"k":"old","n":"Løvig-Sukkestad (Novema Aggregater AS)","a":11024,"type":"Deponi","status":"Uavklart"},"geometry":{"type":"Polygon","coordinates":[[[9.45692,60.43801],[9.45806,60.43751],[9.4583,60.4373],[9.45746,60.43678],[9.45639,60.43685],[9.4559,60.43733],[9.45692,60.43801]]]}},{"type":"Feature","properties":{"k":"old","n":"FUGLEHAUGEN AVFALLSPLASS","a":43812,"type":"Kommunalt deponi","status":"Uavklart"},"geometry":{"type":"Polygon","coordinates":[[[8.77346,60.79834],[8.7723,60.7974],[8.7701,60.79719],[8.76769,60.79774],[8.76885,60.79885],[8.77085,60.79894],[8.7727,60.79884],[8.77346,60.79834]]]}},{"type":"Feature","properties":{"k":"old","n":"Svøo avfallsplass","a":3863,"type":"Kommunalt deponi","status":"Uavklart"},"geometry":{"type":"Polygon","coordinates":[[[8.92902,60.71183],[8.92954,60.71141],[8.92953,60.71133],[8.92899,60.71123],[8.92841,60.71127],[8.92814,60.71138],[8.92815,60.71155],[8.9285,60.71178],[8.92902,60.71183]]]}},{"type":"Feature","properties":{"k":"old","n":"FYLLPLASS VED ULSÅK","a":99,"type":"Kommunalt deponi","status":"Uavklart"},"geometry":{"type":"Polygon","coordinates":[[[8.62075,60.83755],[8.62066,60.83749],[8.62055,60.83754],[8.62064,60.83759],[8.62075,60.83755]]]}},{"type":"Feature","properties":{"k":"old","n":"Haugen","a":7300,"type":"Deponi","status":"Uavklart"},"geometry":{"type":"Polygon","coordinates":[[[8.74918,60.66522],[8.75084,60.66579],[8.75145,60.66582],[8.75168,60.66574],[8.7516,60.66561],[8.75114,60.66537],[8.7495,60.66477],[8.74907,60.665],[8.74918,60.66522]]]}},{"type":"Feature","properties":{"k":"old","n":"Vikersund avfallsplass","a":52839,"type":"Kommunalt deponi","status":"Uavklart"},"geometry":{"type":"Polygon","coordinates":[[[10.00256,59.96495],[10.00467,59.96466],[10.00445,59.96346],[10.00458,59.96342],[10.00469,59.9631],[10.00462,59.96285],[10.00366,59.96171],[10.0022,59.96215],[10.00237,59.96233],[10.00112,59.96261],[10.00097,59.96304],[10.00104,59.9636],[10.00123,59.96385],[10.00201,59.96434],[10.00192,59.96439],[10.00234,59.96459],[10.00198,59.96477],[10.00256,59.96495]]]}},{"type":"Feature","properties":{"k":"old","n":"Skytterdalen 12–14","a":918,"type":"Kommunalt deponi","status":"Undersøkelser igangsatt"},"geometry":{"type":"Polygon","coordinates":[[[10.52362,59.8976],[10.52466,59.89788],[10.52476,59.89781],[10.52404,59.89756],[10.52403,59.8975],[10.52379,59.89746],[10.52362,59.8976]]]}},{"type":"Feature","properties":{"k":"old","n":"Burud fyllplass","a":15806,"type":"Kommunalt deponi","status":"Overvåking"},"geometry":{"type":"Polygon","coordinates":[[[9.89185,59.81255],[9.89147,59.81193],[9.89082,59.812],[9.8898,59.81194],[9.88921,59.81172],[9.88849,59.81174],[9.88849,59.81226],[9.88871,59.81283],[9.88989,59.81276],[9.89076,59.81261],[9.89185,59.81255]]]}},{"type":"Feature","properties":{"k":"old","n":"VESTFOSSEN CELLULOSE","a":3755,"type":"Deponi","status":"Uavklart"},"geometry":{"type":"Polygon","coordinates":[[[9.87436,59.73704],[9.87504,59.7369],[9.87394,59.73621],[9.87378,59.73648],[9.87354,59.73652],[9.87386,59.73696],[9.87423,59.73695],[9.87436,59.73704]]]}},{"type":"Feature","properties":{"k":"old","n":"HABIL A/S, HOKKSUND","a":25653,"type":"Deponi","status":"Uavklart"},"geometry":{"type":"Polygon","coordinates":[[[9.94052,59.76539],[9.93919,59.7651],[9.93885,59.76548],[9.93808,59.76584],[9.93918,59.76656],[9.93805,59.76711],[9.93876,59.76763],[9.93934,59.76753],[9.93996,59.76733],[9.94109,59.76649],[9.94026,59.76618],[9.94035,59.7661],[9.9399,59.76595],[9.94052,59.76539]]]}},{"type":"Feature","properties":{"k":"old","n":"Steinberg Bilopphoggeri","a":2380,"type":"Deponi","status":"Uavklart"},"geometry":{"type":"Polygon","coordinates":[[[10.09154,59.7562],[10.09146,59.75589],[10.09049,59.75593],[10.09054,59.75631],[10.09156,59.75627],[10.09154,59.7562]]]}},{"type":"Feature","properties":{"k":"old","n":"EIKER PAPIRFABRIKK","a":14988,"type":"Deponi","status":"Uavklart"},"geometry":{"type":"Polygon","coordinates":[[[9.99473,59.75383],[9.99549,59.75371],[9.99549,59.75365],[9.99711,59.75348],[9.99765,59.75336],[9.99807,59.75342],[10.00045,59.75297],[10.00034,59.7528],[9.99869,59.75285],[9.99411,59.75349],[9.99403,59.75362],[9.99415,59.75381],[9.99441,59.75376],[9.99473,59.75383]]]}},{"type":"Feature","properties":{"k":"old","n":"SOLBERG SPINNERI","a":1139,"type":"Deponi","status":"Uavklart"},"geometry":{"type":"Polygon","coordinates":[[[10.08014,59.7675],[10.08008,59.76691],[10.07999,59.7669],[10.08009,59.76714],[10.07918,59.76726],[10.0797,59.76729],[10.07967,59.76749],[10.08013,59.7675],[10.08017,59.76771],[10.08,59.76797],[10.08017,59.76771],[10.08014,59.7675]]]}},{"type":"Feature","properties":{"k":"old","n":"Juel Fuglerud industrideponi","a":25529,"type":"Deponi","status":"Overvåking"},"geometry":{"type":"Polygon","coordinates":[[[10.2901,59.88686],[10.28928,59.88742],[10.28959,59.88771],[10.28958,59.88792],[10.28928,59.88837],[10.28975,59.8893],[10.28846,59.88993],[10.28853,59.89005],[10.28885,59.89019],[10.28928,59.8901],[10.28983,59.8898],[10.29065,59.88963],[10.29107,59.88931],[10.29133,59.88889],[10.29091,59.88863],[10.29094,59.88837],[10.29043,59.88806],[10.29069,59.88723],[10.29055,59.8869],[10.2901,59.88686]]]}},{"type":"Feature","properties":{"k":"old","n":"Veggli","a":1070,"type":"Kommunalt deponi","status":"Uavklart"},"geometry":{"type":"Polygon","coordinates":[[[9.14913,60.04643],[9.14853,60.04659],[9.14855,60.04673],[9.1492,60.04667],[9.14929,60.04653],[9.14913,60.04643]]]}},{"type":"Feature","properties":{"k":"old","n":"Forurenset og forsøplet grunn på Torp Mellom","a":1391,"type":"Deponi","status":"Undersøkelser gjennomført"},"geometry":{"type":"Polygon","coordinates":[[[11.01098,59.24525],[11.01152,59.24509],[11.01104,59.24477],[11.01061,59.24492],[11.01098,59.24525]]]}},{"type":"Feature","properties":{"k":"old","n":"VEDEN","a":1968,"type":"Kommunalt deponi","status":"Avsluttet"},"geometry":{"type":"Polygon","coordinates":[[[11.44788,59.13286],[11.4477,59.13289],[11.44708,59.13337],[11.44756,59.13352],[11.44806,59.13302],[11.44802,59.13291],[11.44788,59.13286]]]}},{"type":"Feature","properties":{"k":"old","n":"FREDRIKSTEN FESTN. PARK.PL","a":6127,"type":"Deponi","status":"Uavklart"},"geometry":{"type":"Polygon","coordinates":[[[11.40472,59.1193],[11.40429,59.1195],[11.40429,59.11992],[11.40681,59.11982],[11.40618,59.11953],[11.40472,59.1193]]]}},{"type":"Feature","properties":{"k":"old","n":"Ammunisjon avfallsdeponi Haus Oldenburg gruve","a":343,"type":"Deponi","status":"Avsluttet"},"geometry":{"type":"Polygon","coordinates":[[[9.58301,59.66491],[9.58336,59.66473],[9.5831,59.66466],[9.58289,59.66481],[9.58301,59.66491]]]}},{"type":"Feature","properties":{"k":"old","n":"Alna - Turvei D10 fra Breivollveien 25 langs Alnaelva (parsell D)","a":99,"type":"Deponi","status":"Avsluttet"},"geometry":{"type":"Polygon","coordinates":[[[10.8358,59.92265],[10.8357,59.92259],[10.83559,59.92264],[10.83569,59.92269],[10.8358,59.92265]]]}},{"type":"Feature","properties":{"k":"old","n":"Sirkustomta","a":5242,"type":"Deponi","status":"Avsluttet"},"geometry":{"type":"Polygon","coordinates":[[[11.0988,59.28457],[11.09965,59.28531],[11.10037,59.28512],[11.0997,59.28437],[11.09909,59.28434],[11.0988,59.28457]]]}},{"type":"Feature","properties":{"k":"old","n":"Pumpehuset Barbroveien","a":5366,"type":"Deponi","status":"Uavklart"},"geometry":{"type":"Polygon","coordinates":[[[10.24846,60.15225],[10.24969,60.15223],[10.25006,60.15228],[10.25011,60.15258],[10.25019,60.1525],[10.25094,60.15233],[10.25136,60.15197],[10.25126,60.15191],[10.25126,60.15163],[10.25047,60.152],[10.24994,60.15208],[10.24919,60.15212],[10.2491,60.15202],[10.24844,60.15202],[10.24846,60.15225]]]}},{"type":"Feature","properties":{"k":"old","n":"Gjenbrukt betong til E6- ved Kåterud","a":6707,"type":"Gjenvinning av avfall","status":"Avsluttet"},"geometry":{"type":"Polygon","coordinates":[[[11.13196,60.78428],[11.13356,60.78347],[11.13579,60.78256],[11.1354,60.78239],[11.13159,60.78412],[11.13196,60.78428]]]}},{"type":"Feature","properties":{"k":"old","n":"Synsterud nord-vest","a":254,"type":"Gjenvinning av avfall","status":"Avsluttet"},"geometry":{"type":"Polygon","coordinates":[[[11.14439,60.77961],[11.14388,60.7798],[11.14403,60.77984],[11.14438,60.77971],[11.14439,60.77961]]]}},{"type":"Feature","properties":{"k":"old","n":"NØKLEBY","a":19870,"type":"Kommunalt deponi","status":"Avsluttet"},"geometry":{"type":"Polygon","coordinates":[[[10.99498,59.23786],[10.99364,59.2369],[10.99317,59.23704],[10.99256,59.23684],[10.9923,59.23686],[10.99232,59.23695],[10.9916,59.237],[10.99254,59.23842],[10.99337,59.23829],[10.99498,59.23786]]]}},{"type":"Feature","properties":{"k":"old","n":"Rokke Avfallsanlegg (ROKKE AVFALLSPLASS)","a":284376,"type":"Kommunalt deponi","status":"Avsluttet"},"geometry":{"type":"Polygon","coordinates":[[[11.33609,59.17204],[11.33509,59.17344],[11.33538,59.1737],[11.3353,59.17401],[11.33577,59.17487],[11.33579,59.17536],[11.33574,59.17578],[11.33523,59.17589],[11.33523,59.17646],[11.33472,59.17961],[11.33458,59.1799],[11.33437,59.18004],[11.33318,59.18035],[11.33259,59.18039],[11.33276,59.18103],[11.33531,59.18088],[11.33751,59.18095],[11.33787,59.18076],[11.34014,59.18027],[11.33989,59.17887],[11.34066,59.17779],[11.34113,59.17733],[11.34113,59.1772],[11.34371,59.17668],[11.3428,59.17549],[11.34117,59.17463],[11.34052,59.17446],[11.33866,59.17476],[11.33697,59.17261],[11.33664,59.1723],[11.33609,59.17204]]]}},{"type":"Feature","properties":{"k":"old","n":"Schultzedalen, Alfheimveien","a":10759,"type":"Deponi","status":"Uavklart"},"geometry":{"type":"Polygon","coordinates":[[[11.38575,59.13719],[11.38605,59.13767],[11.38689,59.13768],[11.38756,59.13717],[11.38722,59.13693],[11.38715,59.13654],[11.38677,59.13641],[11.38629,59.13642],[11.38589,59.13656],[11.38575,59.13719]]]}},{"type":"Feature","properties":{"k":"old","n":"Solli / Ås grustak, IDD","a":22154,"type":"Deponi","status":"Uavklart"},"geometry":{"type":"Polygon","coordinates":[[[11.44149,59.09627],[11.44076,59.09681],[11.43945,59.09721],[11.43861,59.09736],[11.43835,59.098],[11.43893,59.09877],[11.43961,59.0992],[11.44005,59.0991],[11.43999,59.09849],[11.43957,59.09806],[11.43992,59.0978],[11.44038,59.09761],[11.44143,59.09734],[11.44149,59.09627]]]}},{"type":"Feature","properties":{"k":"old","n":"Stumberg gård, Idd","a":725,"type":"Deponi","status":"Uavklart"},"geometry":{"type":"Polygon","coordinates":[[[11.42688,59.09086],[11.4273,59.09087],[11.42734,59.0906],[11.42691,59.09059],[11.42688,59.09086]]]}},{"type":"Feature","properties":{"k":"old","n":"Borge pukkverk avfallsdeponi","a":35814,"type":"Deponi","status":"Overvåking"},"geometry":{"type":"Polygon","coordinates":[[[11.05283,59.23359],[11.05226,59.2337],[11.05133,59.23418],[11.05017,59.23463],[11.05003,59.23525],[11.05041,59.23539],[11.05082,59.23587],[11.0513,59.2361],[11.0521,59.23604],[11.05294,59.23547],[11.0531,59.23523],[11.05349,59.23445],[11.05323,59.23369],[11.05283,59.23359]]]}},{"type":"Feature","properties":{"k":"old","n":"Jørstadmovegen Vingnes","a":1532,"type":"Deponi","status":"Uavklart"},"geometry":{"type":"Polygon","coordinates":[[[10.44042,61.1073],[10.44006,61.10731],[10.44,61.10778],[10.44044,61.10782],[10.4406,61.10733],[10.44042,61.1073]]]}},{"type":"Feature","properties":{"k":"old","n":"Sandakerveien 74","a":5814,"type":"Kommunalt deponi","status":"Avsluttet"},"geometry":{"type":"Polygon","coordinates":[[[10.77059,59.94306],[10.77018,59.94244],[10.76933,59.94258],[10.76904,59.94302],[10.76872,59.94307],[10.7689,59.94334],[10.77059,59.94306]]]}},{"type":"Feature","properties":{"k":"old","n":"Østreheimsveien 28 A - Ridesenter","a":26312,"type":"Deponi","status":"Uavklart"},"geometry":{"type":"Polygon","coordinates":[[[10.81642,59.95091],[10.81506,59.95078],[10.81521,59.95151],[10.81506,59.95215],[10.81465,59.95267],[10.81514,59.95283],[10.81676,59.95297],[10.81707,59.95229],[10.8173,59.95212],[10.81718,59.95165],[10.81742,59.95101],[10.81642,59.95091]]]}},{"type":"Feature","properties":{"k":"old","n":"Risum Husmorskole","a":11460,"type":"Deponi","status":"Uavklart"},"geometry":{"type":"Polygon","coordinates":[[[11.41251,59.1153],[11.41363,59.11557],[11.41439,59.11426],[11.41265,59.1142],[11.41251,59.1153]]]}},{"type":"Feature","properties":{"k":"old","n":"Asbestdeponi_Høymyrveien","a":692,"type":"Deponi","status":"Uavklart"},"geometry":{"type":"Polygon","coordinates":[[[10.48457,59.7924],[10.48494,59.79219],[10.48444,59.79214],[10.48421,59.79236],[10.48457,59.7924]]]}},{"type":"Feature","properties":{"k":"old","n":"ØBERG, HØSTBAKKEN","a":7342,"type":"Kommunalt deponi","status":"Avsluttet"},"geometry":{"type":"Polygon","coordinates":[[[11.42728,59.11464],[11.42774,59.1146],[11.42768,59.11387],[11.42737,59.11309],[11.4268,59.11303],[11.42629,59.11324],[11.42711,59.11401],[11.42728,59.11464]]]}},{"type":"Feature","properties":{"k":"old","n":"Næringsutvikling Damstedet - massedeponi","a":6294,"type":"Deponi","status":"Avsluttet"},"geometry":{"type":"Polygon","coordinates":[[[10.64061,60.77569],[10.64193,60.77636],[10.64167,60.77647],[10.64204,60.77661],[10.64217,60.77644],[10.64267,60.77668],[10.64328,60.77659],[10.64237,60.77577],[10.64167,60.77589],[10.64061,60.77569]]]}},{"type":"Feature","properties":{"k":"old","n":"Esval Frogner Deponi ","a":35024,"type":"Deponi","status":"Overvåking"},"geometry":{"type":"Polygon","coordinates":[[[11.08052,60.03312],[11.08107,60.03325],[11.08266,60.03329],[11.08279,60.03325],[11.08305,60.03283],[11.08342,60.03268],[11.08332,60.03254],[11.08415,60.03247],[11.08459,60.03231],[11.08446,60.03217],[11.08453,60.03196],[11.08428,60.03174],[11.08429,60.03154],[11.08465,60.03123],[11.08358,60.03087],[11.08319,60.03083],[11.08161,60.03123],[11.08149,60.03166],[11.08179,60.03179],[11.08192,60.03177],[11.08255,60.03213],[11.08221,60.03233],[11.08173,60.03241],[11.08155,60.0326],[11.08116,60.03267],[11.08049,60.03263],[11.08052,60.03312]]]}},{"type":"Feature","properties":{"k":"old","n":"Sulfid Nye Longum","a":6047,"type":"Deponi","status":"Overvåking"},"geometry":{"type":"Polygon","coordinates":[[[8.79306,58.50171],[8.79311,58.50159],[8.79145,58.5014],[8.79121,58.50193],[8.79292,58.50211],[8.79306,58.50171]]]}},{"type":"Feature","properties":{"k":"old","n":"NARNTE","a":5099,"type":"Deponi","status":"Uavklart"},"geometry":{"type":"Polygon","coordinates":[[[10.97877,59.2216],[10.978,59.22201],[10.978,59.22225],[10.97852,59.22233],[10.97905,59.22224],[10.97937,59.22205],[10.97954,59.22181],[10.97945,59.2216],[10.97912,59.22155],[10.97877,59.2216]]]}},{"type":"Feature","properties":{"k":"old","n":"NARNTE","a":1046,"type":"Deponi","status":"Uavklart"},"geometry":{"type":"Polygon","coordinates":[[[10.97786,59.22212],[10.97767,59.22197],[10.9774,59.22189],[10.97725,59.22185],[10.97709,59.2219],[10.97729,59.22212],[10.9776,59.22224],[10.97779,59.2222],[10.97786,59.22212]]]}},{"type":"Feature","properties":{"k":"old","n":"Movar brannstasjon, tilbygg","a":733,"type":"Deponi","status":"Tiltak gjennomført"},"geometry":{"type":"Polygon","coordinates":[[[10.6839,59.44227],[10.68362,59.4423],[10.68368,59.44245],[10.68379,59.4427],[10.68406,59.4427],[10.6839,59.44227]]]}},{"type":"Feature","properties":{"k":"old","n":"FISKE","a":3218,"type":"Kommunalt deponi","status":"Avsluttet"},"geometry":{"type":"Polygon","coordinates":[[[10.6463,59.43035],[10.64572,59.43034],[10.64542,59.43041],[10.6469,59.43088],[10.64705,59.43087],[10.64729,59.4306],[10.6463,59.43035]]]}},{"type":"Feature","properties":{"k":"old","n":"MYRA","a":8048,"type":"Kommunalt deponi","status":"Avsluttet"},"geometry":{"type":"Polygon","coordinates":[[[10.67462,59.43773],[10.67292,59.43639],[10.67274,59.43663],[10.67204,59.43675],[10.67254,59.43718],[10.6732,59.4376],[10.67341,59.43747],[10.67371,59.43752],[10.67393,59.43748],[10.67417,59.43755],[10.67418,59.43765],[10.67441,59.43778],[10.67462,59.43773]]]}},{"type":"Feature","properties":{"k":"old","n":"NOAH Engadalen","a":78213,"type":"Deponi","status":"Overvåking"},"geometry":{"type":"Polygon","coordinates":[[[10.82682,60.13102],[10.83022,60.13178],[10.83059,60.13172],[10.83083,60.1315],[10.83066,60.1312],[10.83138,60.13053],[10.83228,60.13042],[10.83355,60.13074],[10.83274,60.13],[10.8329,60.12949],[10.83364,60.12869],[10.83282,60.12726],[10.83096,60.12902],[10.82978,60.12964],[10.82843,60.12939],[10.82682,60.13102]]]}},{"type":"Feature","properties":{"k":"old","n":"LILJA (SAXSÆTHER), SOMMERO","a":5902,"type":"Deponi","status":"Uavklart"},"geometry":{"type":"Polygon","coordinates":[[[11.41848,59.11868],[11.41848,59.11858],[11.41737,59.11936],[11.4187,59.11975],[11.41885,59.11953],[11.41916,59.11937],[11.41862,59.11895],[11.41848,59.11868]]]}},{"type":"Feature","properties":{"k":"old","n":"Norske Skog Saugbrugs, ØBERG DEPONI","a":17378,"type":"Deponi","status":"Uavklart"},"geometry":{"type":"Polygon","coordinates":[[[11.433,59.11219],[11.43326,59.11166],[11.43234,59.11163],[11.43184,59.11276],[11.43187,59.11341],[11.43251,59.11374],[11.4334,59.11375],[11.4338,59.11335],[11.43326,59.11278],[11.433,59.11219]]]}},{"type":"Feature","properties":{"k":"old","n":"Hovsveien 80 (HOVSVEIEN, DYPEDAL)","a":7598,"type":"Deponi","status":"Uavklart"},"geometry":{"type":"Polygon","coordinates":[[[11.40342,59.10174],[11.40331,59.10188],[11.4039,59.10201],[11.40398,59.10255],[11.40442,59.10262],[11.4053,59.10256],[11.40543,59.10241],[11.40533,59.10222],[11.40477,59.10178],[11.40432,59.10164],[11.4039,59.10177],[11.40342,59.10174]]]}},{"type":"Feature","properties":{"k":"old","n":"Aalerudmyra AS","a":53462,"type":"Deponi","status":"Tiltak gjennomført"},"geometry":{"type":"Polygon","coordinates":[[[10.86949,59.60953],[10.87049,59.60998],[10.87065,59.61002],[10.87103,59.60995],[10.87129,59.60972],[10.87106,59.60931],[10.87126,59.60902],[10.87302,59.60829],[10.87269,59.60776],[10.8719,59.60705],[10.8685,59.60802],[10.86718,59.60825],[10.86707,59.60838],[10.86949,59.60953]]]}},{"type":"Feature","properties":{"k":"old","n":"Tomineborgdalen - industriavfall","a":14480,"type":"Deponi","status":"Uavklart"},"geometry":{"type":"Polygon","coordinates":[[[10.22722,59.74973],[10.2257,59.75215],[10.22661,59.75235],[10.22796,59.75003],[10.22722,59.74973]]]}},{"type":"Feature","properties":{"k":"old","n":"Saint Gobain Byggevarer AS Gyproc ","a":4509,"type":"Deponi","status":"Avsluttet"},"geometry":{"type":"Polygon","coordinates":[[[10.97091,59.18692],[10.97081,59.18738],[10.97095,59.18751],[10.97145,59.18756],[10.97188,59.1875],[10.97208,59.1873],[10.97187,59.18699],[10.97149,59.18682],[10.97091,59.18692]]]}},{"type":"Feature","properties":{"k":"old","n":"ØRA 3 - øvrig areal","a":183775,"type":"Kommunalt deponi","status":"Avsluttet"},"geometry":{"type":"Polygon","coordinates":[[[10.96685,59.18169],[10.96824,59.17871],[10.96812,59.1788],[10.96944,59.17758],[10.96668,59.17683],[10.9644,59.17654],[10.96182,59.17662],[10.96109,59.17692],[10.95972,59.17925],[10.96205,59.17938],[10.96277,59.17938],[10.96189,59.17935],[10.96186,59.1793],[10.96339,59.17929],[10.96294,59.17899],[10.96318,59.17875],[10.96393,59.17914],[10.9635,59.17937],[10.96409,59.17936],[10.96348,59.18142],[10.96685,59.18169]]]}},{"type":"Feature","properties":{"k":"old","n":"ØRA 3 - øvrig areal","a":2682,"type":"Kommunalt deponi","status":"Avsluttet"},"geometry":{"type":"Polygon","coordinates":[[[10.96188,59.17935],[10.96341,59.17943],[10.96392,59.17914],[10.96318,59.17875],[10.96294,59.17899],[10.96339,59.17929],[10.96185,59.1793],[10.96188,59.17935]]]}},{"type":"Feature","properties":{"k":"old","n":"Gjenbrukt betong til E6- ved Kåterud","a":164,"type":"Gjenvinning av avfall","status":"Avsluttet"},"geometry":{"type":"Polygon","coordinates":[[[11.14497,60.77944],[11.14534,60.7793],[11.14526,60.77925],[11.14491,60.77938],[11.14497,60.77944]]]}},{"type":"Feature","properties":{"k":"old","n":"Hønefoss bryggeri","a":107,"type":"Deponi","status":"Uavklart"},"geometry":{"type":"Polygon","coordinates":[[[10.25756,60.16659],[10.25751,60.16668],[10.25769,60.16671],[10.25774,60.16663],[10.25756,60.16659]]]}},{"type":"Feature","properties":{"k":"old","n":"Kroktjern Sulfid","a":7341,"type":"Deponi","status":"Tiltak gjennomført"},"geometry":{"type":"Polygon","coordinates":[[[8.87577,58.55708],[8.87629,58.55686],[8.87445,58.55554],[8.87388,58.55576],[8.87577,58.55708]]]}},{"type":"Feature","properties":{"k":"old","n":"Sulfid Øygaardsdalen og Ramsdalen","a":7932,"type":"Deponi","status":"Tiltak gjennomført"},"geometry":{"type":"Polygon","coordinates":[[[8.90608,58.61084],[8.9063,58.60988],[8.90608,58.60979],[8.90573,58.61076],[8.90559,58.61156],[8.90497,58.61248],[8.90452,58.6129],[8.90518,58.61321],[8.90608,58.61084]]]}},{"type":"Feature","properties":{"k":"old","n":"Øra Industriområde (ØRA 1)","a":70795,"type":"Kommunalt deponi","status":"Avsluttet"},"geometry":{"type":"Polygon","coordinates":[[[10.95572,59.1893],[10.95577,59.18916],[10.95531,59.18911],[10.9554,59.18886],[10.95586,59.1889],[10.95612,59.18816],[10.95572,59.18813],[10.95577,59.18799],[10.95616,59.18803],[10.95688,59.18595],[10.95309,59.18621],[10.95211,59.18897],[10.95484,59.18921],[10.95487,59.18913],[10.95514,59.18915],[10.95511,59.18924],[10.95572,59.1893]]]}},{"type":"Feature","properties":{"k":"old","n":"MYRA","a":111,"type":"Kommunalt deponi","status":"Avsluttet"},"geometry":{"type":"Polygon","coordinates":[[[10.6785,59.43422],[10.6784,59.43422],[10.67853,59.43435],[10.6786,59.43427],[10.6785,59.43422]]]}},{"type":"Feature","properties":{"k":"old","n":"Peterson Linerboard, Tykkemyr","a":16941,"type":"Deponi","status":"Avsluttet"},"geometry":{"type":"Polygon","coordinates":[[[10.68405,59.44176],[10.68406,59.44154],[10.684,59.44161],[10.68378,59.44161],[10.68361,59.44168],[10.68315,59.44159],[10.68308,59.44146],[10.68268,59.44165],[10.6826,59.442],[10.68218,59.44201],[10.6816,59.44255],[10.68307,59.44296],[10.68361,59.443],[10.68438,59.44298],[10.68444,59.44291],[10.68411,59.44218],[10.68405,59.44176]]]}},{"type":"Feature","properties":{"k":"old","n":"ALVIM","a":72300,"type":"Kommunalt deponi","status":"Avsluttet"},"geometry":{"type":"MultiPolygon","coordinates":[[[[11.07365,59.26902],[11.07321,59.27023],[11.07356,59.27064],[11.07408,59.27076],[11.07467,59.27078],[11.07558,59.27092],[11.07553,59.27097],[11.07561,59.27093],[11.07823,59.27151],[11.07952,59.2707],[11.07998,59.27081],[11.07971,59.27027],[11.07956,59.27029],[11.07918,59.26999],[11.07826,59.26976],[11.07802,59.26964],[11.07797,59.2692],[11.07766,59.26922],[11.07776,59.26959],[11.07797,59.26978],[11.07758,59.26994],[11.07673,59.26997],[11.07674,59.27037],[11.07629,59.27036],[11.07575,59.27027],[11.07569,59.2694],[11.07541,59.2694],[11.07542,59.26926],[11.07448,59.26919],[11.07365,59.26902]]],[[[11.07765,59.26922],[11.07569,59.26925],[11.07575,59.27027],[11.07674,59.27037],[11.07673,59.26997],[11.07758,59.26994],[11.07796,59.26978],[11.07776,59.26959],[11.07765,59.26922]]],[[[11.07949,59.26915],[11.07798,59.2692],[11.07792,59.26931],[11.07807,59.26968],[11.07918,59.26999],[11.07957,59.27029],[11.07971,59.27027],[11.07949,59.26915]]]]}},{"type":"Feature","properties":{"k":"old","n":"Simo A/S","a":14470,"type":"Deponi","status":"Uavklart"},"geometry":{"type":"Polygon","coordinates":[[[10.91485,59.22552],[10.914,59.22556],[10.91397,59.22681],[10.91419,59.22708],[10.91527,59.22724],[10.91566,59.22637],[10.91564,59.22589],[10.9156,59.22585],[10.91511,59.22586],[10.91485,59.22552]]]}},{"type":"Feature","properties":{"k":"old","n":"Gjenbrukt betong i Vienkrysset","a":844,"type":"Gjenvinning av avfall","status":"Avsluttet"},"geometry":{"type":"Polygon","coordinates":[[[11.11841,60.79958],[11.11903,60.79911],[11.11916,60.79889],[11.11902,60.79886],[11.11842,60.79938],[11.11833,60.79956],[11.11841,60.79958]]]}},{"type":"Feature","properties":{"k":"old","n":"Gjenbrukt betong i Vienkrysset","a":766,"type":"Gjenvinning av avfall","status":"Avsluttet"},"geometry":{"type":"Polygon","coordinates":[[[11.11952,60.80056],[11.12034,60.80067],[11.12212,60.80079],[11.12212,60.80073],[11.11952,60.80056]]]}},{"type":"Feature","properties":{"k":"old","n":"Øra 2 Norsk Gjenvinning randsoneareal","a":33369,"type":"Deponi","status":"Uavklart"},"geometry":{"type":"Polygon","coordinates":[[[10.95849,59.18473],[10.96046,59.18484],[10.9608,59.18483],[10.96097,59.18476],[10.96117,59.18464],[10.96199,59.18351],[10.96198,59.18336],[10.96176,59.18329],[10.95808,59.18337],[10.95794,59.18346],[10.95781,59.18413],[10.95849,59.18473]]]}},{"type":"Feature","properties":{"k":"old","n":"Øra Industriområde (ØRA 1)","a":22659,"type":"Kommunalt deponi","status":"Avsluttet"},"geometry":{"type":"Polygon","coordinates":[[[10.95693,59.18743],[10.95659,59.18825],[10.96072,59.18863],[10.96102,59.18777],[10.95693,59.18743]]]}},{"type":"Feature","properties":{"k":"old","n":"Moelven Soknabruket","a":5610,"type":"Deponi","status":"Undersøkelser igangsatt"},"geometry":{"type":"Polygon","coordinates":[[[9.94732,60.24036],[9.94769,60.23998],[9.94775,60.23962],[9.94696,60.23936],[9.94653,60.2396],[9.94646,60.24002],[9.94681,60.24029],[9.94732,60.24036]]]}},{"type":"Feature","properties":{"k":"old","n":"MOSS HAVN","a":35286,"type":"Deponi","status":"Uavklart"},"geometry":{"type":"Polygon","coordinates":[[[10.65779,59.42506],[10.65762,59.42703],[10.65771,59.42737],[10.65958,59.42747],[10.6597,59.42584],[10.65987,59.42503],[10.65969,59.42437],[10.65888,59.42452],[10.65825,59.42476],[10.65779,59.42506]]]}},{"type":"Feature","properties":{"k":"old","n":"FISKE","a":1826,"type":"Kommunalt deponi","status":"Avsluttet"},"geometry":{"type":"Polygon","coordinates":[[[10.64608,59.43071],[10.64571,59.43059],[10.64548,59.43076],[10.64665,59.43116],[10.64683,59.43097],[10.64608,59.43071]]]}},{"type":"Feature","properties":{"k":"old","n":"MYRA","a":1273,"type":"Kommunalt deponi","status":"Avsluttet"},"geometry":{"type":"Polygon","coordinates":[[[10.67873,59.4342],[10.67887,59.43409],[10.67876,59.43376],[10.67813,59.43383],[10.67838,59.43407],[10.67873,59.4342]]]}},{"type":"Feature","properties":{"k":"old","n":"TJUVHOLMEN FYLLPLASS","a":321,"type":"Kommunalt deponi","status":"Avsluttet"},"geometry":{"type":"Polygon","coordinates":[[[11.0753,60.78863],[11.07524,60.78873],[11.07571,60.7888],[11.07577,60.7887],[11.0753,60.78863]]]}},{"type":"Feature","properties":{"k":"old","n":"NGM PRODUKTER A/S","a":25737,"type":"Deponi","status":"Uavklart"},"geometry":{"type":"Polygon","coordinates":[[[11.97246,60.20299],[11.97477,60.20377],[11.97647,60.20264],[11.97409,60.20175],[11.97246,60.20299]]]}},{"type":"Feature","properties":{"k":"old","n":"SK4 Henrik Ibsens vei","a":3879,"type":"Deponi","status":"Uavklart"},"geometry":{"type":"Polygon","coordinates":[[[11.01085,59.95668],[11.0104,59.95682],[11.01077,59.95701],[11.01127,59.95707],[11.01172,59.95722],[11.01209,59.9576],[11.01256,59.95784],[11.01299,59.95775],[11.0124,59.95749],[11.01195,59.95704],[11.01158,59.95691],[11.01107,59.95687],[11.01085,59.95668]]]}},{"type":"Feature","properties":{"k":"old","n":"SK8 Frydenbergveien/Øvre Guldalsgate","a":1045,"type":"Deponi","status":"Uavklart"},"geometry":{"type":"Polygon","coordinates":[[[11.0111,59.94163],[11.01135,59.94192],[11.01182,59.94183],[11.01148,59.94148],[11.0111,59.94163]]]}},{"type":"Feature","properties":{"k":"old","n":"Mjermen sag","a":8741,"type":"Deponi","status":"Uavklart"},"geometry":{"type":"Polygon","coordinates":[[[11.57833,59.7207],[11.57874,59.72183],[11.57907,59.72184],[11.57977,59.72145],[11.58004,59.72066],[11.57833,59.7207]]]}},{"type":"Feature","properties":{"k":"old","n":"Blåbærlia","a":5152,"type":"Deponi","status":"Uavklart"},"geometry":{"type":"Polygon","coordinates":[[[9.62134,59.1973],[9.62131,59.19764],[9.62224,59.19709],[9.62275,59.19689],[9.62305,59.19666],[9.62507,59.19583],[9.62555,59.19575],[9.62546,59.19555],[9.62321,59.19643],[9.62224,59.19688],[9.62179,59.1972],[9.62134,59.1973]]]}},{"type":"Feature","properties":{"k":"old","n":"Bergerbakken","a":3030,"type":"Deponi","status":"Uavklart"},"geometry":{"type":"Polygon","coordinates":[[[11.51921,59.92618],[11.51834,59.92589],[11.51795,59.92636],[11.51891,59.92658],[11.51921,59.92618]]]}},{"type":"Feature","properties":{"k":"old","n":"GUNDERSBY","a":2395,"type":"Deponi","status":"Avsluttet"},"geometry":{"type":"Polygon","coordinates":[[[11.61211,60.20895],[11.61189,60.20888],[11.61206,60.2087],[11.61094,60.20884],[11.61072,60.20898],[11.61098,60.2091],[11.61165,60.20917],[11.61211,60.20895]]]}},{"type":"Feature","properties":{"k":"old","n":"ENGEBAKKEN","a":99,"type":"Kommunalt deponi","status":"Uavklart"},"geometry":{"type":"Polygon","coordinates":[[[12.06311,60.51081],[12.06302,60.51076],[12.06291,60.51081],[12.06301,60.51086],[12.06311,60.51081]]]}},{"type":"Feature","properties":{"k":"old","n":"KRAVDALSMOEN FYLLPLASS","a":3481,"type":"Kommunalt deponi","status":"Avsluttet"},"geometry":{"type":"Polygon","coordinates":[[[12.0257,60.6232],[12.02696,60.62312],[12.02699,60.62276],[12.02564,60.6229],[12.02489,60.62318],[12.0257,60.6232]]]}},{"type":"Feature","properties":{"k":"old","n":"LERVANG FYLLINGA","a":20175,"type":"Deponi","status":"Avsluttet"},"geometry":{"type":"Polygon","coordinates":[[[11.76947,60.73902],[11.77106,60.73902],[11.77065,60.73658],[11.76969,60.7366],[11.76941,60.73721],[11.76947,60.73902]]]}},{"type":"Feature","properties":{"k":"old","n":"Aslakrud","a":4738,"type":"Deponi","status":"Uavklart"},"geometry":{"type":"Polygon","coordinates":[[[11.75987,60.71472],[11.75975,60.71498],[11.75884,60.7153],[11.75876,60.71551],[11.75898,60.71554],[11.75994,60.71542],[11.76042,60.71498],[11.76052,60.71456],[11.75999,60.71464],[11.75987,60.71472]]]}},{"type":"Feature","properties":{"k":"old","n":"Forestia AS, Braskereidfoss (Industrilagune)","a":5262,"type":"Deponi","status":"Uavklart"},"geometry":{"type":"Polygon","coordinates":[[[11.81251,60.71524],[11.8132,60.7151],[11.81391,60.71509],[11.81413,60.71482],[11.81275,60.71462],[11.81201,60.71465],[11.81218,60.71508],[11.81251,60.71524]]]}},{"type":"Feature","properties":{"k":"old","n":"SVALSGÅRD, BILLEBAKKEN","a":27386,"type":"Deponi","status":"Uavklart"},"geometry":{"type":"Polygon","coordinates":[[[11.34698,59.13776],[11.34323,59.13954],[11.34488,59.14015],[11.34725,59.13928],[11.34679,59.13886],[11.34698,59.13776]]]}},{"type":"Feature","properties":{"k":"old","n":"DDT-deponi, Prestebakke Skog og Planteskole","a":99,"type":"Deponi","status":"Avsluttet"},"geometry":{"type":"Polygon","coordinates":[[[11.53732,58.99309],[11.53722,58.99303],[11.53712,58.99308],[11.53721,58.99313],[11.53732,58.99309]]]}},{"type":"Feature","properties":{"k":"old","n":"Bøler avfallsdeponi - ROAF Miljøpark","a":145118,"type":"Kommunalt deponi","status":"Overvåking"},"geometry":{"type":"Polygon","coordinates":[[[11.07585,60.00421],[11.07444,60.00444],[11.06947,60.00556],[11.06537,60.00588],[11.0627,60.00697],[11.0604,60.00712],[11.05913,60.00799],[11.05977,60.00816],[11.06083,60.00764],[11.06218,60.00787],[11.06191,60.00816],[11.06216,60.00825],[11.06185,60.00852],[11.06211,60.00871],[11.06266,60.00826],[11.06312,60.00819],[11.06316,60.00806],[11.064,60.00802],[11.06472,60.00748],[11.06575,60.00742],[11.06555,60.00794],[11.06623,60.00819],[11.07072,60.007],[11.0735,60.00581],[11.07564,60.00499],[11.07585,60.00421]]]}},{"type":"Feature","properties":{"k":"old","n":"Skøyenåsen","a":4941,"type":"Deponi","status":"Uavklart"},"geometry":{"type":"Polygon","coordinates":[[[10.83948,59.89791],[10.83956,59.8991],[10.84073,59.89931],[10.84079,59.89888],[10.83995,59.89856],[10.83948,59.89791]]]}},{"type":"Feature","properties":{"k":"old","n":"Opplandsgata 20B, Vålerenga","a":38906,"type":"Deponi","status":"Avsluttet"},"geometry":{"type":"Polygon","coordinates":[[[10.7889,59.90748],[10.78897,59.90732],[10.78924,59.90736],[10.78958,59.90656],[10.79069,59.90669],[10.79091,59.90661],[10.791,59.90639],[10.79205,59.90649],[10.79196,59.9067],[10.7921,59.90671],[10.79231,59.9065],[10.7933,59.90673],[10.79335,59.90668],[10.79275,59.90653],[10.79097,59.90638],[10.79112,59.906],[10.7852,59.90597],[10.7854,59.90607],[10.78589,59.90606],[10.78601,59.90617],[10.78558,59.90672],[10.78535,59.90736],[10.7867,59.90745],[10.7886,59.9078],[10.7889,59.90748]],[[10.78733,59.90684],[10.78739,59.90661],[10.78755,59.90655],[10.78847,59.90664],[10.78867,59.90679],[10.78852,59.907],[10.78795,59.90695],[10.78773,59.90733],[10.78719,59.90728],[10.78708,59.90716],[10.78721,59.90686],[10.78733,59.90684]]]}},{"type":"Feature","properties":{"k":"old","n":"Borregaard, kisaskedeponi","a":23623,"type":"Deponi","status":"Avsluttet"},"geometry":{"type":"Polygon","coordinates":[[[11.11216,59.26843],[11.10942,59.26735],[11.10882,59.2673],[11.10829,59.26758],[11.10822,59.268],[11.10836,59.26817],[11.10978,59.26881],[11.11015,59.26881],[11.1105,59.26894],[11.11071,59.26914],[11.11216,59.26843]]]}},{"type":"Feature","properties":{"k":"old","n":"E18 Muddermasser fra Longumvannet","a":2160,"type":"Gjenvinning av avfall","status":"Avsluttet"},"geometry":{"type":"Polygon","coordinates":[[[8.80311,58.50216],[8.8043,58.50238],[8.80448,58.50214],[8.80332,58.50191],[8.80311,58.50216]]]}},{"type":"Feature","properties":{"k":"old","n":"Sulfid Mørkoppdalen","a":1774,"type":"Deponi","status":"Overvåking"},"geometry":{"type":"Polygon","coordinates":[[[8.85929,58.54358],[8.85962,58.54361],[8.86023,58.54343],[8.85995,58.5432],[8.85971,58.54313],[8.85952,58.54323],[8.8597,58.54331],[8.85902,58.54343],[8.85929,58.54358]]]}},{"type":"Feature","properties":{"k":"old","n":"Kroktjern Sulfid","a":6757,"type":"Deponi","status":"Tiltak gjennomført"},"geometry":{"type":"Polygon","coordinates":[[[8.87579,58.55711],[8.87735,58.55804],[8.87812,58.55785],[8.87638,58.55684],[8.87579,58.55711]]]}},{"type":"Feature","properties":{"k":"old","n":"Sulfid Øygaardsdalen og Ramsdalen","a":29463,"type":"Deponi","status":"Tiltak gjennomført"},"geometry":{"type":"Polygon","coordinates":[[[8.90279,58.6133],[8.90325,58.6131],[8.90363,58.61305],[8.90402,58.61316],[8.90427,58.61307],[8.90501,58.61231],[8.9056,58.61145],[8.90339,58.61118],[8.90247,58.6121],[8.9022,58.6125],[8.90231,58.61304],[8.90279,58.6133]]]}},{"type":"Feature","properties":{"k":"old","n":"Sulfid Øygaardsdalen og Ramsdalen","a":29177,"type":"Deponi","status":"Tiltak gjennomført"},"geometry":{"type":"Polygon","coordinates":[[[8.90362,58.61104],[8.90455,58.61114],[8.90466,58.61077],[8.90531,58.61038],[8.905,58.61033],[8.90479,58.61045],[8.90465,58.61038],[8.90499,58.61003],[8.90596,58.60975],[8.90624,58.60961],[8.90643,58.60904],[8.90618,58.60878],[8.90568,58.60856],[8.90519,58.60852],[8.90468,58.60857],[8.90428,58.60867],[8.904,58.60884],[8.90375,58.6094],[8.90362,58.61104]]]}},{"type":"Feature","properties":{"k":"old","n":"Skjørten deponi for inert avfall","a":36238,"type":"Deponi","status":"Tiltak gjennomført"},"geometry":{"type":"Polygon","coordinates":[[[11.15506,59.56029],[11.15552,59.5607],[11.15835,59.55994],[11.1588,59.56005],[11.16184,59.55917],[11.15996,59.55831],[11.15506,59.56029]]]}},{"type":"Feature","properties":{"k":"old","n":"Moelven Soknabruket","a":3238,"type":"Deponi","status":"Undersøkelser igangsatt"},"geometry":{"type":"Polygon","coordinates":[[[9.95133,60.24014],[9.95225,60.24021],[9.95316,60.23959],[9.95254,60.23959],[9.95198,60.23978],[9.95133,60.24014]]]}},{"type":"Feature","properties":{"k":"old","n":"Moelven Soknabruket","a":9417,"type":"Deponi","status":"Undersøkelser igangsatt"},"geometry":{"type":"Polygon","coordinates":[[[9.95283,60.24031],[9.95474,60.24044],[9.95503,60.24013],[9.95487,60.23947],[9.95404,60.23944],[9.95328,60.23984],[9.95283,60.24031]]]}},{"type":"Feature","properties":{"k":"old","n":"Solgård avfallsplass (SOLGÅRD SKOG)","a":183257,"type":"Kommunalt deponi","status":"Avsluttet"},"geometry":{"type":"Polygon","coordinates":[[[10.70623,59.44102],[10.70638,59.4413],[10.7064,59.44181],[10.70657,59.44202],[10.70613,59.44245],[10.70614,59.44305],[10.70668,59.44339],[10.70752,59.44343],[10.70802,59.44361],[10.70852,59.44276],[10.70958,59.44205],[10.71027,59.44176],[10.71237,59.44141],[10.71183,59.44123],[10.71165,59.44057],[10.71183,59.43955],[10.71053,59.43964],[10.71023,59.43944],[10.71019,59.4393],[10.71178,59.43882],[10.71198,59.43886],[10.71215,59.439],[10.7122,59.4392],[10.71197,59.43941],[10.71173,59.43945],[10.71231,59.43946],[10.71287,59.43934],[10.71341,59.43825],[10.71349,59.43819],[10.71407,59.43814],[10.71326,59.43764],[10.71279,59.4375],[10.71226,59.43746],[10.70952,59.4374],[10.70958,59.43695],[10.70911,59.43702],[10.70852,59.43689],[10.70812,59.43683],[10.70797,59.43687],[10.7075,59.43722],[10.70762,59.43756],[10.70745,59.43787],[10.70693,59.43817],[10.70674,59.43947],[10.70623,59.44102]]]}},{"type":"Feature","properties":{"k":"old","n":"Trolldalen","a":652,"type":"Kommunalt deponi","status":"Avsluttet"},"geometry":{"type":"Polygon","coordinates":[[[10.6869,59.4503],[10.6869,59.45023],[10.68639,59.45022],[10.68634,59.45042],[10.68687,59.45042],[10.6869,59.4503]]]}},{"type":"Feature","properties":{"k":"old","n":"Trolldalen","a":1287767,"type":"Kommunalt deponi","status":"Avsluttet"},"geometry":{"type":"Polygon","coordinates":[[[10.67332,59.44797],[10.66953,59.44794],[10.66975,59.44896],[10.67061,59.45115],[10.67147,59.45298],[10.67324,59.45604],[10.67393,59.45615],[10.67534,59.45626],[10.67661,59.45646],[10.67741,59.45571],[10.67798,59.45594],[10.67767,59.45609],[10.67683,59.45702],[10.67695,59.45736],[10.67755,59.458],[10.6781,59.45835],[10.6786,59.45857],[10.67917,59.45929],[10.67956,59.46019],[10.67909,59.46053],[10.67844,59.46136],[10.67786,59.46137],[10.67738,59.46131],[10.67602,59.46092],[10.67374,59.46079],[10.674,59.46103],[10.67422,59.46203],[10.67461,59.46264],[10.67465,59.463],[10.67494,59.46325],[10.67517,59.46334],[10.67541,59.46333],[10.67641,59.46395],[10.67683,59.46444],[10.67688,59.46476],[10.67718,59.46497],[10.67713,59.4651],[10.67731,59.4652],[10.67754,59.46519],[10.67762,59.46527],[10.67761,59.46543],[10.67741,59.46547],[10.67725,59.46541],[10.6772,59.46549],[10.67712,59.46547],[10.67708,59.46568],[10.67742,59.46566],[10.67739,59.46582],[10.67759,59.46596],[10.67752,59.46608],[10.67761,59.46606],[10.67768,59.4662],[10.67781,59.46623],[10.67773,59.46631],[10.67803,59.46639],[10.67799,59.46655],[10.67816,59.46658],[10.6782,59.46689],[10.67839,59.46703],[10.67856,59.46751],[10.67857,59.46776],[10.67849,59.46774],[10.67846,59.46781],[10.67859,59.46801],[10.67841,59.4682],[10.67841,59.46833],[10.67936,59.46938],[10.68277,59.46871],[10.68283,59.46878],[10.68608,59.46794],[10.68576,59.46743],[10.68575,59.46727],[10.68605,59.46723],[10.68517,59.46559],[10.68533,59.46557],[10.68551,59.46519],[10.68684,59.46359],[10.68773,59.46332],[10.68743,59.46215],[10.68784,59.46212],[10.68758,59.46127],[10.68722,59.46132],[10.68696,59.46125],[10.68687,59.46084],[10.68745,59.46076],[10.68701,59.45959],[10.68679,59.45805],[10.68693,59.45663],[10.68751,59.45525],[10.68782,59.45394],[10.68782,59.45299],[10.68751,59.45153],[10.68638,59.45156],[10.686,59.4511],[10.68621,59.45106],[10.68594,59.45095],[10.68612,59.45077],[10.68585,59.45081],[10.68562,59.45078],[10.68551,59.4504],[10.68538,59.45045],[10.68494,59.45045],[10.68491,59.4504],[10.68442,59.45056],[10.68447,59.45062],[10.68494,59.45064],[10.68501,59.45083],[10.68469,59.4509],[10.68407,59.45124],[10.68397,59.4512],[10.68382,59.45127],[10.68348,59.45152],[10.68344,59.45164],[10.68325,59.45164],[10.68311,59.45156],[10.68295,59.45126],[10.68286,59.45071],[10.68336,59.45068],[10.68333,59.45095],[10.68369,59.45095],[10.68369,59.45068],[10.68305,59.45065],[10.68307,59.45047],[10.6827,59.45047],[10.68283,59.45131],[10.68299,59.4516],[10.68291,59.45164],[10.68219,59.45161],[10.68201,59.45147],[10.68159,59.45047],[10.68259,59.4502],[10.68315,59.4502],[10.68315,59.45042],[10.68377,59.45041],[10.68326,59.44985],[10.68269,59.44952],[10.68173,59.44938],[10.68076,59.44964],[10.68097,59.44989],[10.68099,59.45011],[10.67825,59.45026],[10.67838,59.45049],[10.67892,59.45036],[10.6791,59.45084],[10.67942,59.45116],[10.67901,59.45148],[10.67882,59.45179],[10.6789,59.45229],[10.67698,59.45224],[10.67634,59.45234],[10.6759,59.45234],[10.67574,59.4516],[10.67529,59.45041],[10.67463,59.45044],[10.67412,59.44947],[10.67389,59.44952],[10.67374,59.4493],[10.6736,59.44895],[10.67384,59.44894],[10.67332,59.44797]],[[10.68374,59.45363],[10.68385,59.45369],[10.68387,59.45421],[10.68343,59.45421],[10.68342,59.45381],[10.68374,59.45363]],[[10.68448,59.45371],[10.68448,59.454],[10.68394,59.45396],[10.68398,59.45376],[10.68448,59.45371]],[[10.6821,59.45171],[10.68214,59.45245],[10.68163,59.45246],[10.6815,59.45221],[10.6817,59.45214],[10.68168,59.45179],[10.68178,59.45173],[10.6821,59.45171]],[[10.68247,59.45175],[10.68276,59.45177],[10.68283,59.45259],[10.68274,59.45292],[10.68221,59.45292],[10.68232,59.45194],[10.68247,59.45175]],[[10.68163,59.45087],[10.68204,59.45167],[10.6815,59.45169],[10.68127,59.45115],[10.68127,59.45087],[10.68163,59.45087]],[[10.68549,59.45085],[10.6858,59.45093],[10.6847,59.45232],[10.68462,59.45352],[10.68438,59.45366],[10.68412,59.45367],[10.68376,59.45352],[10.6834,59.45313],[10.6833,59.45262],[10.68343,59.45214],[10.68372,59.45167],[10.68438,59.45115],[10.68485,59.45094],[10.68549,59.45085]],[[10.68525,59.45322],[10.68519,59.45369],[10.68458,59.45368],[10.68475,59.45353],[10.68474,59.45323],[10.68525,59.45322]],[[10.68589,59.45145],[10.6859,59.45161],[10.68562,59.45192],[10.68533,59.45255],[10.68527,59.45303],[10.68474,59.45303],[10.68482,59.45238],[10.68498,59.45207],[10.68551,59.45145],[10.68589,59.45145]],[[10.67211,59.44834],[10.67255,59.44967],[10.67185,59.44973],[10.67141,59.4484],[10.67211,59.44834]]]}},{"type":"Feature","properties":{"k":"old","n":"Munkholmen, Kornsjø (MUNKHOLMEN)","a":827,"type":"Deponi","status":"Avsluttet"},"geometry":{"type":"Polygon","coordinates":[[[11.66871,58.93575],[11.66849,58.93582],[11.66839,58.93605],[11.66889,58.93603],[11.66895,58.93597],[11.66894,58.93588],[11.66871,58.93575]]]}},{"type":"Feature","properties":{"k":"old","n":"Borregaard, Opsund deponi","a":69037,"type":"Deponi","status":"Avsluttet"},"geometry":{"type":"Polygon","coordinates":[[[11.12444,59.28404],[11.12338,59.28494],[11.12406,59.28534],[11.12482,59.28555],[11.12531,59.28563],[11.12612,59.28563],[11.12722,59.28526],[11.1284,59.28505],[11.12895,59.28484],[11.12905,59.28473],[11.12824,59.28429],[11.12744,59.28334],[11.12674,59.28273],[11.12615,59.28253],[11.12585,59.2825],[11.12537,59.28257],[11.12436,59.28307],[11.12397,59.28336],[11.12363,59.28374],[11.12444,59.28404]]]}},{"type":"Feature","properties":{"k":"old","n":"Røyken Grovfyllplass","a":78278,"type":"Deponi","status":"Uavklart"},"geometry":{"type":"Polygon","coordinates":[[[10.46971,59.69858],[10.47399,59.69859],[10.47387,59.69743],[10.47405,59.69676],[10.47276,59.69426],[10.4719,59.69424],[10.46991,59.69797],[10.46971,59.69858]]]}},{"type":"Feature","properties":{"k":"old","n":"Gjenbrukt betong i Vienkrysset","a":608,"type":"Gjenvinning av avfall","status":"Avsluttet"},"geometry":{"type":"Polygon","coordinates":[[[11.11642,60.80135],[11.11648,60.80138],[11.11776,60.80065],[11.11767,60.80061],[11.11642,60.80135]]]}},{"type":"Feature","properties":{"k":"old","n":"Sulfid Øygaardsdalen og Ramsdalen","a":7752,"type":"Deponi","status":"Tiltak gjennomført"},"geometry":{"type":"Polygon","coordinates":[[[8.90451,58.61292],[8.90388,58.61327],[8.90432,58.61365],[8.90448,58.61405],[8.90524,58.61476],[8.90553,58.6147],[8.90528,58.61411],[8.90496,58.61383],[8.9049,58.61347],[8.90515,58.61321],[8.90451,58.61292]]]}},{"type":"Feature","properties":{"k":"old","n":"Seutveien 34","a":7649,"type":"Deponi","status":"Avsluttet"},"geometry":{"type":"Polygon","coordinates":[[[10.9159,59.22435],[10.91612,59.22399],[10.91496,59.22373],[10.91427,59.22455],[10.91583,59.22487],[10.91559,59.22482],[10.9159,59.22435]]]}},{"type":"Feature","properties":{"k":"old","n":"Deponiet på Sandem","a":6443,"type":"Deponi","status":"Uavklart"},"geometry":{"type":"Polygon","coordinates":[[[11.00198,59.23803],[11.00109,59.23839],[11.00134,59.23864],[11.00182,59.23857],[11.00225,59.2389],[11.0027,59.239],[11.00307,59.2388],[11.00313,59.23857],[11.00267,59.23827],[11.00232,59.23824],[11.00198,59.23803]]]}},{"type":"Feature","properties":{"k":"old","n":"MYRA","a":20,"type":"Kommunalt deponi","status":"Avsluttet"},"geometry":{"type":"Polygon","coordinates":[[[10.67818,59.43417],[10.67823,59.43425],[10.67824,59.43426],[10.67826,59.43426],[10.67827,59.43425],[10.67826,59.43423],[10.67818,59.43417]]]}},{"type":"Feature","properties":{"k":"old","n":"MYRA","a":24685,"type":"Kommunalt deponi","status":"Avsluttet"},"geometry":{"type":"Polygon","coordinates":[[[10.67252,59.43842],[10.6728,59.4383],[10.67266,59.4382],[10.67266,59.4378],[10.67296,59.43773],[10.67225,59.43728],[10.67084,59.43597],[10.67127,59.43587],[10.6716,59.4362],[10.67146,59.43597],[10.67157,59.43594],[10.67223,59.4361],[10.67243,59.43596],[10.67222,59.436],[10.6718,59.43595],[10.67148,59.43582],[10.67141,59.43568],[10.67175,59.43577],[10.67168,59.43549],[10.67149,59.43527],[10.67135,59.43525],[10.67118,59.43494],[10.67127,59.4348],[10.67151,59.43471],[10.67119,59.43455],[10.67069,59.435],[10.67115,59.43572],[10.67086,59.43553],[10.67061,59.43565],[10.67029,59.43525],[10.66989,59.4352],[10.66953,59.43556],[10.66893,59.43569],[10.66919,59.43605],[10.66994,59.43591],[10.67004,59.43604],[10.67064,59.43593],[10.67069,59.436],[10.67047,59.43604],[10.67074,59.4365],[10.67068,59.43664],[10.67134,59.43765],[10.67231,59.43842],[10.67241,59.43841],[10.67248,59.43847],[10.67252,59.43842]]]}},{"type":"Feature","properties":{"k":"old","n":"Bokerøya avfallsdeponi - nedlagt","a":3076,"type":"Kommunalt deponi","status":"Avsluttet"},"geometry":{"type":"Polygon","coordinates":[[[10.40027,59.59209],[10.39951,59.5923],[10.40006,59.5928],[10.4008,59.5926],[10.40027,59.59209]]]}},{"type":"Feature","properties":{"k":"old","n":"NOAH Engadalen","a":134136,"type":"Deponi","status":"Overvåking"},"geometry":{"type":"Polygon","coordinates":[[[10.81877,60.13524],[10.82043,60.13549],[10.82224,60.13555],[10.82308,60.13581],[10.82339,60.13605],[10.82403,60.13588],[10.82507,60.1354],[10.82649,60.13509],[10.82636,60.13477],[10.82667,60.13403],[10.8279,60.13304],[10.82845,60.13278],[10.82887,60.13247],[10.82955,60.13222],[10.83015,60.13178],[10.82684,60.13102],[10.82574,60.13182],[10.82447,60.1326],[10.82317,60.13327],[10.81877,60.13524]]]}},{"type":"Feature","properties":{"k":"old","n":"Karljohansvern Østøya, tidligere fylling","a":314,"type":"Deponi","status":"Uavklart"},"geometry":{"type":"Polygon","coordinates":[[[10.47501,59.44189],[10.47475,59.44195],[10.47483,59.44211],[10.4751,59.44207],[10.47501,59.44189]]]}},{"type":"Feature","properties":{"k":"old","n":"Lehus Kalbakkstubben mot Bredtvedt","a":10,"type":"Kommunalt deponi","status":"Avsluttet"},"geometry":{"type":"Polygon","coordinates":[[[10.86626,59.95076],[10.86629,59.95075],[10.86628,59.95072],[10.86623,59.95072],[10.86626,59.95076]]]}},{"type":"Feature","properties":{"k":"old","n":"Gardermoen næringspark II","a":30,"type":"Kommunalt deponi","status":"Undersøkelser gjennomført"},"geometry":{"type":"Polygon","coordinates":[[[11.14313,60.17166],[11.1432,60.17163],[11.14315,60.17158],[11.14308,60.17161],[11.14313,60.17166]]]}},{"type":"Feature","properties":{"k":"old","n":"SÆTER FYLLPLASS","a":3062,"type":"Kommunalt deponi","status":"Uavklart"},"geometry":{"type":"Polygon","coordinates":[[[12.01732,60.20617],[12.01739,60.2063],[12.01769,60.20636],[12.01805,60.20632],[12.01834,60.20609],[12.01837,60.20585],[12.01806,60.20571],[12.01781,60.20571],[12.01732,60.20617]]]}},{"type":"Feature","properties":{"k":"old","n":"HV-01, FYLLING VED RAVNEBERGET FORT","a":194431,"type":"Deponi","status":"Uavklart"},"geometry":{"type":"Polygon","coordinates":[[[11.1297,59.30844],[11.12965,59.3075],[11.12933,59.30755],[11.12996,59.30393],[11.13043,59.304],[11.13116,59.30364],[11.13139,59.30302],[11.13082,59.30213],[11.13053,59.30187],[11.12988,59.30159],[11.12894,59.3015],[11.12804,59.3015],[11.12774,59.30125],[11.12597,59.30075],[11.12563,59.301],[11.12556,59.30125],[11.12508,59.30194],[11.12525,59.3023],[11.12508,59.30321],[11.12492,59.3035],[11.12491,59.30395],[11.12534,59.30531],[11.12575,59.30587],[11.12674,59.30689],[11.12603,59.30735],[11.12628,59.30753],[11.12697,59.30841],[11.12691,59.3089],[11.12701,59.30942],[11.12756,59.30935],[11.1297,59.30844]],[[11.12662,59.30287],[11.12831,59.30438],[11.12817,59.30461],[11.12695,59.30498],[11.12587,59.30406],[11.12562,59.30337],[11.12587,59.30303],[11.12662,59.30287]]]}},{"type":"Feature","properties":{"k":"old","n":"Fossnes gård ravine","a":524,"type":"Deponi","status":"Uavklart"},"geometry":{"type":"Polygon","coordinates":[[[10.01188,59.46379],[10.0124,59.46373],[10.01197,59.46346],[10.01188,59.46379]]]}},{"type":"Feature","properties":{"k":"old","n":"Fjellsdalen massedeponi","a":6873,"type":"Deponi","status":"Uavklart"},"geometry":{"type":"Polygon","coordinates":[[[11.45692,59.81669],[11.45579,59.81741],[11.45551,59.81754],[11.45516,59.81755],[11.45583,59.81798],[11.4566,59.81773],[11.45667,59.81751],[11.45719,59.81746],[11.45717,59.81711],[11.45692,59.81669]]]}},{"type":"Feature","properties":{"k":"old","n":"Bahus","a":2035,"type":"Deponi","status":"Uavklart"},"geometry":{"type":"Polygon","coordinates":[[[11.00526,60.22589],[11.00568,60.22606],[11.00657,60.22573],[11.00589,60.22553],[11.00526,60.22589]]]}},{"type":"Feature","properties":{"k":"old","n":"Heistadmoen fylling med krigsetterlatenskaper","a":281,"type":"Deponi","status":"Uavklart"},"geometry":{"type":"Polygon","coordinates":[[[9.65793,59.59628],[9.65834,59.59641],[9.65858,59.59626],[9.65793,59.59628]]]}},{"type":"Feature","properties":{"k":"old","n":"Kjelsrudfylling 3","a":371,"type":"Deponi","status":"Avsluttet"},"geometry":{"type":"Polygon","coordinates":[[[10.84048,59.9255],[10.84012,59.92537],[10.83957,59.9255],[10.83996,59.92544],[10.84041,59.92551],[10.84064,59.92561],[10.84048,59.9255]]]}},{"type":"Feature","properties":{"k":"old","n":"Haugereid fyllplass","a":1544,"type":"Kommunalt deponi","status":"Uavklart"},"geometry":{"type":"Polygon","coordinates":[[[8.83706,58.50211],[8.83666,58.50241],[8.83639,58.50276],[8.83643,58.50285],[8.83684,58.50279],[8.83706,58.50211]]]}},{"type":"Feature","properties":{"k":"old","n":"Vigernesfyllinga","a":26489,"type":"Deponi","status":"Uavklart"},"geometry":{"type":"Polygon","coordinates":[[[11.07061,59.95429],[11.07,59.95431],[11.06993,59.95467],[11.07297,59.9549],[11.0758,59.95375],[11.07602,59.95351],[11.07575,59.95333],[11.07533,59.95327],[11.07359,59.954],[11.07319,59.95404],[11.07242,59.95391],[11.0711,59.95398],[11.07086,59.95403],[11.07061,59.95429]]]}},{"type":"Feature","properties":{"k":"old","n":"Fylling bak tidl. Skjetten fryseri, SK1","a":2791,"type":"Deponi","status":"Uavklart"},"geometry":{"type":"Polygon","coordinates":[[[11.00015,59.95975],[11.00081,59.95985],[11.00106,59.95973],[11.00087,59.95929],[11.00012,59.95937],[11.00006,59.95968],[11.00015,59.95975]]]}},{"type":"Feature","properties":{"k":"old","n":"TJUVHOLMEN FYLLPLASS","a":273,"type":"Kommunalt deponi","status":"Avsluttet"},"geometry":{"type":"Polygon","coordinates":[[[11.0736,60.78812],[11.07346,60.78825],[11.07374,60.78831],[11.07387,60.78818],[11.0736,60.78812]]]}},{"type":"Feature","properties":{"k":"old","n":"Korperud avfallsplass (Ormtjern fyllplass)","a":124130,"type":"Kommunalt deponi","status":"Uavklart"},"geometry":{"type":"Polygon","coordinates":[[[12.12283,60.24662],[12.12245,60.24661],[12.12253,60.24841],[12.12236,60.24875],[12.12252,60.24885],[12.12318,60.24892],[12.12326,60.24968],[12.1237,60.25032],[12.12468,60.2509],[12.12619,60.25136],[12.12756,60.25156],[12.12781,60.25123],[12.12802,60.25013],[12.12775,60.24915],[12.12668,60.24802],[12.12571,60.24706],[12.12531,60.24701],[12.12492,60.24621],[12.12447,60.24591],[12.12384,60.24571],[12.12333,60.24588],[12.12292,60.24619],[12.12283,60.24662]]]}},{"type":"Feature","properties":{"k":"old","n":"DDT-deponi, Granli planteskole","a":99,"type":"Deponi","status":"Avsluttet"},"geometry":{"type":"Polygon","coordinates":[[[12.06679,60.15209],[12.06669,60.15204],[12.06659,60.15209],[12.06668,60.15214],[12.06679,60.15209]]]}},{"type":"Feature","properties":{"k":"old","n":"GÅLÅS SØPPELPLASS","a":348421,"type":"Kommunalt deponi","status":"Avsluttet"},"geometry":{"type":"Polygon","coordinates":[[[11.08386,60.83793],[11.08347,60.83816],[11.08336,60.83846],[11.08356,60.83865],[11.08324,60.83881],[11.08236,60.83888],[11.08299,60.83985],[11.084,60.83978],[11.08411,60.84035],[11.08444,60.8406],[11.08446,60.84072],[11.08408,60.84077],[11.08337,60.84074],[11.08369,60.8415],[11.08501,60.84187],[11.08472,60.84207],[11.08366,60.84197],[11.08371,60.84255],[11.08428,60.8433],[11.0852,60.84391],[11.08793,60.84548],[11.09102,60.84714],[11.09187,60.84677],[11.0931,60.84751],[11.09233,60.84782],[11.09504,60.84933],[11.09748,60.85097],[11.0977,60.85091],[11.09776,60.85064],[11.09636,60.84913],[11.09676,60.84902],[11.0976,60.84972],[11.09793,60.84967],[11.09746,60.84928],[11.09752,60.84857],[11.09733,60.84813],[11.09585,60.84634],[11.09432,60.84511],[11.09295,60.8437],[11.09143,60.84297],[11.08943,60.84218],[11.08761,60.84052],[11.08708,60.84014],[11.08469,60.83875],[11.08386,60.83793]]]}},{"type":"Feature","properties":{"k":"old","n":"Søpppelfylling for Fasø NO. II, Haslemoen","a":6659,"type":"Deponi","status":"Uavklart"},"geometry":{"type":"Polygon","coordinates":[[[11.90137,60.65733],[11.90234,60.65748],[11.90314,60.65743],[11.90321,60.65714],[11.90312,60.65697],[11.90259,60.65675],[11.90214,60.65673],[11.9017,60.6568],[11.90137,60.65733]]]}},{"type":"Feature","properties":{"k":"old","n":"ATNBRUA","a":1297,"type":"Kommunalt deponi","status":"Uavklart"},"geometry":{"type":"Polygon","coordinates":[[[10.23987,61.83825],[10.2402,61.83828],[10.24055,61.83819],[10.24038,61.83795],[10.24001,61.83793],[10.23967,61.83803],[10.23969,61.83817],[10.23987,61.83825]]]}},{"type":"Feature","properties":{"k":"old","n":"SNERTA FYLLPLASS","a":1732,"type":"Kommunalt deponi","status":"Uavklart"},"geometry":{"type":"Polygon","coordinates":[[[11.71438,61.69777],[11.71421,61.69788],[11.71435,61.69814],[11.71476,61.69822],[11.71504,61.6978],[11.7145,61.69773],[11.71438,61.69777]]]}},{"type":"Feature","properties":{"k":"old","n":"BUSMOEN","a":88961,"type":"Kommunalt deponi","status":"Uavklart"},"geometry":{"type":"Polygon","coordinates":[[[10.44487,61.12039],[10.44604,61.12063],[10.44757,61.11926],[10.44793,61.1188],[10.44837,61.11866],[10.44904,61.11812],[10.44957,61.11745],[10.44955,61.11722],[10.45077,61.11629],[10.45062,61.11617],[10.44829,61.11681],[10.44673,61.1169],[10.44602,61.11686],[10.4449,61.11694],[10.44397,61.11779],[10.44384,61.11803],[10.44487,61.12039]]]}},{"type":"Feature","properties":{"k":"old","n":"KVÆRNER MESNA A/S - DEPONI","a":2230,"type":"Deponi","status":"Uavklart"},"geometry":{"type":"Polygon","coordinates":[[[10.44827,61.11497],[10.44749,61.1152],[10.44771,61.11538],[10.44823,61.11552],[10.44871,61.11534],[10.44827,61.11497]]]}},{"type":"Feature","properties":{"k":"old","n":"STRANDA FYLLPLASS/HUNTONSTRANDA","a":71748,"type":"Deponi","status":"Avsluttet"},"geometry":{"type":"Polygon","coordinates":[[[10.70141,60.79376],[10.70154,60.79332],[10.70148,60.793],[10.70172,60.79268],[10.70176,60.7924],[10.70168,60.79193],[10.70133,60.79119],[10.70144,60.79087],[10.69903,60.79067],[10.69896,60.79072],[10.69877,60.79063],[10.69854,60.79062],[10.69837,60.79073],[10.69869,60.79137],[10.69867,60.79234],[10.69719,60.79234],[10.69718,60.79299],[10.69709,60.793],[10.69729,60.7933],[10.69731,60.79263],[10.69825,60.79277],[10.69838,60.79286],[10.69818,60.79351],[10.69807,60.79351],[10.69803,60.79363],[10.69746,60.79358],[10.69751,60.79413],[10.70092,60.79438],[10.70125,60.79425],[10.70141,60.79376]]]}},{"type":"Feature","properties":{"k":"old","n":"Damsletta 4, GNR/BNR 69/828 - Tidl. massedeponi","a":13033,"type":"Deponi","status":"Uavklart"},"geometry":{"type":"Polygon","coordinates":[[[10.64265,60.77646],[10.64189,60.77592],[10.64128,60.77592],[10.64062,60.77567],[10.6394,60.77586],[10.63989,60.77663],[10.64243,60.77662],[10.64265,60.77646]]]}},{"type":"Feature","properties":{"k":"old","n":"Damstedet - turbinledning - massedeponi","a":99,"type":"Deponi","status":"Avsluttet"},"geometry":{"type":"Polygon","coordinates":[[[10.64268,60.77621],[10.64258,60.77616],[10.64247,60.7762],[10.64257,60.77626],[10.64268,60.77621]]]}},{"type":"Feature","properties":{"k":"old","n":"STEINHULLET","a":7596,"type":"Kommunalt deponi","status":"Uavklart"},"geometry":{"type":"Polygon","coordinates":[[[8.98796,61.62717],[8.98874,61.62684],[8.98861,61.6267],[8.98682,61.62607],[8.98618,61.62646],[8.98796,61.62717]]]}},{"type":"Feature","properties":{"k":"old","n":"VESLEØYA","a":41013,"type":"Kommunalt deponi","status":"Avsluttet"},"geometry":{"type":"Polygon","coordinates":[[[9.70596,61.66352],[9.70804,61.66416],[9.71177,61.66496],[9.71316,61.66502],[9.71255,61.66368],[9.71098,61.66346],[9.7081,61.66322],[9.70599,61.66336],[9.70596,61.66352]]]}},{"type":"Feature","properties":{"k":"old","n":"RINGEBU NORD","a":3364,"type":"Kommunalt deponi","status":"Avsluttet"},"geometry":{"type":"Polygon","coordinates":[[[10.12248,61.53056],[10.12193,61.53045],[10.12141,61.53056],[10.12125,61.53088],[10.12173,61.53103],[10.12201,61.53101],[10.12233,61.53093],[10.12251,61.53081],[10.12248,61.53056]]]}},{"type":"Feature","properties":{"k":"old","n":"DJUPDALEN","a":6828,"type":"Deponi","status":"Uavklart"},"geometry":{"type":"Polygon","coordinates":[[[10.12352,61.53211],[10.12414,61.5318],[10.12358,61.5314],[10.12254,61.53156],[10.12212,61.53168],[10.12195,61.5318],[10.12192,61.53194],[10.12232,61.53217],[10.12352,61.53211]]]}},{"type":"Feature","properties":{"k":"old","n":"Bokerøya avfallsdeponi - nedlagt","a":1618,"type":"Kommunalt deponi","status":"Avsluttet"},"geometry":{"type":"Polygon","coordinates":[[[10.39843,59.59272],[10.398,59.59283],[10.39852,59.59329],[10.39895,59.59318],[10.39843,59.59272]]]}},{"type":"Feature","properties":{"k":"old","n":"Solgård avfallsplass (SOLGÅRD SKOG)","a":168,"type":"Kommunalt deponi","status":"Avsluttet"},"geometry":{"type":"Polygon","coordinates":[[[10.70596,59.44321],[10.70573,59.44308],[10.70563,59.44312],[10.70559,59.44318],[10.70596,59.44321]]]}},{"type":"Feature","properties":{"k":"old","n":"Peterson Linerboard, SANDBUKTA","a":3726,"type":"Deponi","status":"Undersøkelser gjennomført"},"geometry":{"type":"Polygon","coordinates":[[[10.6716,59.44294],[10.67064,59.44316],[10.67034,59.44339],[10.6702,59.44377],[10.67149,59.44344],[10.67142,59.44332],[10.67158,59.44329],[10.67142,59.44311],[10.6716,59.44294]]]}},{"type":"Feature","properties":{"k":"old","n":"Heistadmoen fylling ved Grønvad pumpehus","a":236,"type":"Deponi","status":"Uavklart"},"geometry":{"type":"Polygon","coordinates":[[[9.65694,59.59279],[9.65722,59.59298],[9.65733,59.59296],[9.65711,59.59274],[9.65694,59.59279]]]}},{"type":"Feature","properties":{"k":"old","n":"Kjelsrudfylling 3","a":103,"type":"Deponi","status":"Avsluttet"},"geometry":{"type":"Polygon","coordinates":[[[10.84075,59.92614],[10.84077,59.9263],[10.84087,59.92632],[10.84093,59.92626],[10.84075,59.92614]]]}},{"type":"Feature","properties":{"k":"old","n":"Åsgårdstrand havn - strandkantdeponi sediment","a":2143,"type":"Deponi","status":"Avsluttet"},"geometry":{"type":"Polygon","coordinates":[[[10.47364,59.35029],[10.47393,59.34997],[10.47307,59.34976],[10.47278,59.35008],[10.47364,59.35029]]]}},{"type":"Feature","properties":{"k":"old","n":"Konsul Haneborgs vei","a":9191,"type":"Deponi","status":"Undersøkelser gjennomført"},"geometry":{"type":"Polygon","coordinates":[[[11.03054,59.96214],[11.02973,59.96225],[11.02907,59.9622],[11.02867,59.96289],[11.02896,59.96315],[11.02915,59.96315],[11.03067,59.96276],[11.03065,59.96218],[11.03054,59.96214]]]}},{"type":"Feature","properties":{"k":"old","n":"Furnes-Hamjern SCC as, avd. Hamar","a":8546,"type":"Deponi","status":"Avsluttet"},"geometry":{"type":"Polygon","coordinates":[[[11.08723,60.78829],[11.08634,60.78776],[11.08553,60.78807],[11.08736,60.78918],[11.0875,60.78913],[11.08741,60.78907],[11.08808,60.78879],[11.08723,60.78829]]]}},{"type":"Feature","properties":{"k":"old","n":"SK7 Lahaug gård","a":43790,"type":"Deponi","status":"Uavklart"},"geometry":{"type":"Polygon","coordinates":[[[10.96536,59.97215],[10.96878,59.97215],[10.97014,59.97275],[10.97188,59.97261],[10.97197,59.97155],[10.96873,59.97113],[10.96523,59.97137],[10.96536,59.97215]]]}},{"type":"Feature","properties":{"k":"old","n":"Løken gård","a":126170,"type":"Deponi","status":"Uavklart"},"geometry":{"type":"Polygon","coordinates":[[[11.0438,59.98613],[11.04371,59.98701],[11.04267,59.98783],[11.04196,59.98794],[11.04134,59.98857],[11.0415,59.98909],[11.04503,59.99052],[11.04666,59.99071],[11.04769,59.99118],[11.04852,59.99118],[11.04772,59.98895],[11.04776,59.98741],[11.0438,59.98613]]]}},{"type":"Feature","properties":{"k":"old","n":"Lotterudsaga","a":2024,"type":"Deponi","status":"Uavklart"},"geometry":{"type":"Polygon","coordinates":[[[11.44979,59.91554],[11.45032,59.91551],[11.45023,59.91503],[11.44982,59.91463],[11.44947,59.91462],[11.44991,59.91498],[11.44979,59.91554]]]}},{"type":"Feature","properties":{"k":"old","n":"ØRA 3 - øvrig areal","a":99442,"type":"Kommunalt deponi","status":"Avsluttet"},"geometry":{"type":"Polygon","coordinates":[[[10.96684,59.18169],[10.96719,59.18178],[10.96829,59.18187],[10.96906,59.18201],[10.96961,59.18248],[10.97042,59.18368],[10.9729,59.18321],[10.97211,59.18219],[10.97173,59.18103],[10.97059,59.17929],[10.97023,59.17895],[10.96893,59.17869],[10.96872,59.17826],[10.96684,59.18169]]]}},{"type":"Feature","properties":{"k":"old","n":"Sulfid Mørkoppdalen","a":1990,"type":"Deponi","status":"Overvåking"},"geometry":{"type":"Polygon","coordinates":[[[8.85991,58.54397],[8.86114,58.54376],[8.86111,58.54355],[8.86089,58.54352],[8.85992,58.54374],[8.85991,58.54397]]]}},{"type":"Feature","properties":{"k":"old","n":"Sulfid Mørkoppdalen","a":2738,"type":"Deponi","status":"Overvåking"},"geometry":{"type":"Polygon","coordinates":[[[8.8607,58.54417],[8.86131,58.54441],[8.86183,58.5445],[8.86225,58.5443],[8.86136,58.54395],[8.8607,58.54417]]]}},{"type":"Feature","properties":{"k":"old","n":"Moelven Soknabruket","a":1623,"type":"Deponi","status":"Undersøkelser igangsatt"},"geometry":{"type":"Polygon","coordinates":[[[9.94695,60.23935],[9.94775,60.23962],[9.94802,60.23937],[9.94737,60.23912],[9.94695,60.23935]]]}},{"type":"Feature","properties":{"k":"old","n":"Bokerøya avfallsdeponi - nedlagt","a":4631,"type":"Kommunalt deponi","status":"Avsluttet"},"geometry":{"type":"Polygon","coordinates":[[[10.40007,59.59344],[10.39897,59.59374],[10.39953,59.59426],[10.40064,59.59393],[10.40007,59.59344]]]}},{"type":"Feature","properties":{"k":"old","n":"Bokerøya avfallsdeponi - nedlagt","a":42606,"type":"Kommunalt deponi","status":"Avsluttet"},"geometry":{"type":"Polygon","coordinates":[[[10.39977,59.59141],[10.39683,59.59229],[10.39932,59.59453],[10.4021,59.59363],[10.39977,59.59141]],[[10.40007,59.5934],[10.40068,59.59393],[10.39951,59.59429],[10.3989,59.59373],[10.40007,59.5934]],[[10.39843,59.5927],[10.39899,59.59319],[10.39849,59.59333],[10.39794,59.59284],[10.39843,59.5927]],[[10.40029,59.59206],[10.40084,59.5926],[10.40003,59.59283],[10.39944,59.59229],[10.40029,59.59206]]]}},{"type":"Feature","properties":{"k":"old","n":"Moss Glassverk:  Industrifylling","a":4482,"type":"Deponi","status":"Avsluttet"},"geometry":{"type":"Polygon","coordinates":[[[10.64789,59.43221],[10.64828,59.43184],[10.64775,59.43169],[10.64746,59.43195],[10.64666,59.4318],[10.64633,59.43194],[10.6459,59.43185],[10.6459,59.43212],[10.64789,59.43221]]]}},{"type":"Feature","properties":{"k":"old","n":"Solgård avfallsplass (SOLGÅRD SKOG)","a":38952,"type":"Kommunalt deponi","status":"Avsluttet"},"geometry":{"type":"Polygon","coordinates":[[[10.70868,59.44288],[10.70972,59.44308],[10.71065,59.44345],[10.71061,59.44392],[10.71282,59.44394],[10.71348,59.44281],[10.71093,59.44176],[10.71044,59.44185],[10.7096,59.44221],[10.70868,59.44288]]]}},{"type":"Feature","properties":{"k":"old","n":"Trolldalen","a":105250,"type":"Kommunalt deponi","status":"Avsluttet"},"geometry":{"type":"Polygon","coordinates":[[[10.69025,59.45278],[10.69137,59.45153],[10.69152,59.45121],[10.69145,59.451],[10.69174,59.45074],[10.69147,59.45043],[10.69129,59.45035],[10.69146,59.44893],[10.69058,59.44889],[10.69001,59.44758],[10.68984,59.4476],[10.68842,59.44639],[10.68752,59.44609],[10.68696,59.44612],[10.68711,59.44643],[10.68713,59.44685],[10.68767,59.44669],[10.6884,59.44777],[10.68746,59.44789],[10.68769,59.44864],[10.68832,59.44884],[10.68832,59.44902],[10.68778,59.44906],[10.68789,59.45219],[10.68822,59.45216],[10.69025,59.45278]],[[10.68969,59.44977],[10.6898,59.44929],[10.6897,59.44931],[10.68969,59.44893],[10.69044,59.44889],[10.6909,59.44956],[10.68969,59.44977]],[[10.68903,59.44962],[10.68956,59.44965],[10.68958,59.44983],[10.68905,59.44982],[10.68903,59.44962]]]}},{"type":"Feature","properties":{"k":"old","n":"Regionfelt Østlandet deponi ved skyteveggen i Deifjellet","a":3479,"type":"Deponi","status":"Uavklart"},"geometry":{"type":"Polygon","coordinates":[[[11.52411,61.2938],[11.52433,61.2938],[11.52458,61.29368],[11.52505,61.29324],[11.52515,61.29306],[11.52505,61.29301],[11.52465,61.29297],[11.52432,61.29302],[11.52387,61.29375],[11.52411,61.2938]]]}},{"type":"Feature","properties":{"k":"old","n":"Heistadmoen fylling ved fotballbanen","a":1428,"type":"Deponi","status":"Uavklart"},"geometry":{"type":"Polygon","coordinates":[[[9.66243,59.59502],[9.66182,59.59509],[9.66184,59.59524],[9.66203,59.59532],[9.6627,59.59528],[9.66275,59.59505],[9.66243,59.59502]]]}},{"type":"Feature","properties":{"k":"old","n":"Jørstadmoen fylling ved lager","a":941,"type":"Deponi","status":"Avsluttet"},"geometry":{"type":"Polygon","coordinates":[[[10.38441,61.14966],[10.38575,61.14958],[10.38573,61.14946],[10.38438,61.14955],[10.38441,61.14966]]]}},{"type":"Feature","properties":{"k":"old","n":"Terningmoen deponi av tidligere skytevoll","a":1993,"type":"Deponi","status":"Uavklart"},"geometry":{"type":"Polygon","coordinates":[[[11.53333,60.87416],[11.53351,60.87423],[11.53371,60.87409],[11.53334,60.87359],[11.53277,60.87351],[11.53333,60.87416]]]}},{"type":"Feature","properties":{"k":"old","n":"Heistadmoen fylling ved Grønvad grustak","a":3490,"type":"Deponi","status":"Uavklart"},"geometry":{"type":"Polygon","coordinates":[[[9.64838,59.58791],[9.6489,59.58794],[9.64946,59.58817],[9.64964,59.58791],[9.64943,59.5876],[9.64906,59.58748],[9.64851,59.58755],[9.64826,59.58774],[9.64838,59.58791]]]}},{"type":"Feature","properties":{"k":"old","n":"Heistadmoen fylling på tidligere skytebane ved KV-hytta","a":390,"type":"Deponi","status":"Uavklart"},"geometry":{"type":"Polygon","coordinates":[[[9.64802,59.594],[9.64783,59.59399],[9.64788,59.59434],[9.64805,59.59433],[9.64802,59.594]]]}},{"type":"Feature","properties":{"k":"old","n":"Kjelsrudfylling 3","a":604897,"type":"Deponi","status":"Avsluttet"},"geometry":{"type":"Polygon","coordinates":[[[10.85774,59.94009],[10.85796,59.94016],[10.85783,59.93958],[10.85757,59.93922],[10.85788,59.93884],[10.85807,59.9379],[10.85777,59.93795],[10.85819,59.93695],[10.85606,59.9361],[10.8552,59.93593],[10.85442,59.93565],[10.85306,59.93647],[10.85559,59.93751],[10.85511,59.9375],[10.85477,59.9376],[10.8561,59.93819],[10.85614,59.93829],[10.85557,59.93841],[10.85454,59.93844],[10.85406,59.93831],[10.85402,59.93749],[10.85382,59.9374],[10.85347,59.93738],[10.85331,59.93744],[10.85331,59.93798],[10.85268,59.93833],[10.85244,59.93838],[10.85183,59.93828],[10.8514,59.93789],[10.85095,59.93779],[10.85066,59.93781],[10.85013,59.93807],[10.84937,59.93817],[10.84867,59.93797],[10.84831,59.93759],[10.84688,59.93746],[10.84629,59.93754],[10.84577,59.93742],[10.84514,59.93712],[10.84475,59.93637],[10.84449,59.93621],[10.84414,59.93616],[10.84408,59.93608],[10.84404,59.936],[10.84429,59.93569],[10.84316,59.93516],[10.84305,59.93515],[10.84292,59.93538],[10.84279,59.93542],[10.84243,59.93522],[10.84229,59.93499],[10.84226,59.93394],[10.84258,59.93379],[10.84305,59.93298],[10.84297,59.93275],[10.84267,59.93277],[10.84251,59.93269],[10.84268,59.93244],[10.84264,59.93235],[10.84242,59.93232],[10.84183,59.93248],[10.84171,59.93239],[10.84171,59.93243],[10.84107,59.93246],[10.83909,59.92957],[10.83886,59.92948],[10.83873,59.92926],[10.83834,59.92909],[10.8382,59.92889],[10.83773,59.92881],[10.8371,59.92853],[10.83581,59.92776],[10.83552,59.92753],[10.83527,59.92708],[10.83499,59.92712],[10.83466,59.92667],[10.83456,59.92667],[10.8345,59.92569],[10.83475,59.9257],[10.83496,59.92646],[10.83515,59.92656],[10.83538,59.92654],[10.83549,59.92643],[10.83588,59.92639],[10.83781,59.9264],[10.83896,59.92624],[10.83932,59.92633],[10.84027,59.92731],[10.84183,59.92998],[10.84192,59.93051],[10.84155,59.93176],[10.84165,59.93214],[10.8418,59.93206],[10.84198,59.93207],[10.84226,59.93217],[10.84252,59.93206],[10.84244,59.93203],[10.84272,59.9307],[10.84261,59.93056],[10.84281,59.93045],[10.84303,59.93048],[10.84371,59.93041],[10.84378,59.93031],[10.84354,59.93009],[10.84375,59.93],[10.84348,59.92988],[10.84328,59.92991],[10.84318,59.92979],[10.84239,59.92948],[10.84162,59.92841],[10.84124,59.92847],[10.84096,59.9277],[10.84059,59.92712],[10.83964,59.92617],[10.83688,59.92562],[10.83696,59.92583],[10.83684,59.92634],[10.83508,59.92624],[10.83487,59.92514],[10.83447,59.92459],[10.83433,59.92418],[10.83445,59.9241],[10.83364,59.92402],[10.8338,59.9248],[10.8334,59.92555],[10.83284,59.9259],[10.83264,59.92614],[10.83328,59.92642],[10.83378,59.92696],[10.83371,59.92692],[10.83379,59.92719],[10.83367,59.92752],[10.83298,59.92788],[10.83311,59.92806],[10.83321,59.92968],[10.83302,59.92973],[10.83237,59.92929],[10.83183,59.92848],[10.8309,59.92896],[10.83094,59.92978],[10.83189,59.92977],[10.83189,59.92952],[10.83256,59.9297],[10.83303,59.92997],[10.83369,59.93072],[10.83376,59.93084],[10.83368,59.93088],[10.83383,59.93104],[10.83371,59.93111],[10.83416,59.93157],[10.83559,59.93365],[10.83666,59.93475],[10.83787,59.93568],[10.83934,59.93653],[10.84103,59.93729],[10.84316,59.93799],[10.84556,59.93856],[10.8455,59.93864],[10.84877,59.93912],[10.84943,59.93917],[10.84978,59.93929],[10.85687,59.94006],[10.85773,59.94023],[10.85774,59.94009]]]}},{"type":"Feature","properties":{"k":"old","n":"Heftingsdalen avfallsanlegg","a":195,"type":"Mellomlager av forurensede masser","status":"Tiltak gjennomført"},"geometry":{"type":"Polygon","coordinates":[[[8.81297,58.50036],[8.81324,58.50029],[8.81294,58.50015],[8.81297,58.50036]]]}},{"type":"Feature","properties":{"k":"old","n":"Stensarmen (Træleborgodden)","a":59650,"type":"Kommunalt deponi","status":"Uavklart"},"geometry":{"type":"Polygon","coordinates":[[[10.4206,59.26105],[10.42412,59.26048],[10.42516,59.26039],[10.4267,59.26042],[10.42685,59.25871],[10.41938,59.25991],[10.4206,59.26105]]]}},{"type":"Feature","properties":{"k":"old","n":"Furnes-Hamjern SCC as, avd. Hamar","a":1908,"type":"Deponi","status":"Avsluttet"},"geometry":{"type":"Polygon","coordinates":[[[11.06979,60.79369],[11.06994,60.79366],[11.06984,60.79356],[11.06894,60.79364],[11.06751,60.79358],[11.06746,60.79362],[11.06764,60.79374],[11.068,60.79377],[11.06979,60.79369]]]}},{"type":"Feature","properties":{"k":"old","n":"Nysæterhøgda","a":24082,"type":"Deponi","status":"Uavklart"},"geometry":{"type":"Polygon","coordinates":[[[10.24525,61.03549],[10.24693,61.03594],[10.24902,61.03395],[10.24752,61.03357],[10.24525,61.03549]]]}},{"type":"Feature","properties":{"k":"old","n":"Veden askedeponi","a":47959,"type":"Deponi","status":"Uavklart"},"geometry":{"type":"Polygon","coordinates":[[[11.45102,59.13123],[11.45498,59.13116],[11.45772,59.12976],[11.45326,59.12929],[11.45102,59.13123]]]}},{"type":"Feature","properties":{"k":"old","n":"Tunnsjø bruk","a":3674,"type":"Deponi","status":"Uavklart"},"geometry":{"type":"Polygon","coordinates":[[[11.3634,59.84051],[11.3635,59.8403],[11.3634,59.84004],[11.36289,59.84016],[11.36196,59.84094],[11.36322,59.84068],[11.3634,59.84051]]]}},{"type":"Feature","properties":{"k":"old","n":"Regionfelt Østlandet deponi ved lager Styggedalen","a":1106,"type":"Deponi","status":"Uavklart"},"geometry":{"type":"Polygon","coordinates":[[[11.54353,61.25585],[11.54357,61.25566],[11.54333,61.25548],[11.54307,61.25545],[11.54292,61.25564],[11.543,61.25572],[11.54353,61.25585]]]}},{"type":"Feature","properties":{"k":"old","n":"Sessvollmoen gammelt deponi ved bygg 0023","a":93,"type":"Deponi","status":"Avsluttet"},"geometry":{"type":"Polygon","coordinates":[[[11.14979,60.23514],[11.1499,60.23509],[11.1498,60.23504],[11.1497,60.23508],[11.14979,60.23514]]]}},{"type":"Feature","properties":{"k":"old","n":"TJUVHOLMEN FYLLPLASS","a":46459,"type":"Kommunalt deponi","status":"Avsluttet"},"geometry":{"type":"Polygon","coordinates":[[[11.06921,60.78801],[11.0712,60.78851],[11.07063,60.78916],[11.07189,60.78919],[11.07238,60.7893],[11.07292,60.78958],[11.07292,60.78965],[11.07321,60.78964],[11.07424,60.7891],[11.07538,60.78965],[11.07507,60.78914],[11.07525,60.78883],[11.07584,60.78885],[11.07646,60.78898],[11.07694,60.789],[11.07712,60.78912],[11.07772,60.78926],[11.07765,60.78943],[11.07781,60.78954],[11.07794,60.78949],[11.07783,60.7894],[11.07789,60.78928],[11.07753,60.78902],[11.07634,60.78853],[11.07554,60.78837],[11.07534,60.78822],[11.07507,60.78828],[11.07511,60.78824],[11.07474,60.78826],[11.07445,60.78816],[11.07396,60.78818],[11.07279,60.78793],[11.07231,60.78791],[11.07189,60.78763],[11.06981,60.78742],[11.0695,60.7875],[11.0688,60.78792],[11.06777,60.78899],[11.07011,60.78976],[11.07033,60.78996],[11.07045,60.78991],[11.07047,60.78969],[11.06809,60.78893],[11.06921,60.78801]],[[11.07225,60.78839],[11.07359,60.78863],[11.07343,60.78935],[11.07289,60.78912],[11.07166,60.78881],[11.07166,60.7886],[11.07202,60.78841],[11.07225,60.78839]],[[11.0753,60.78863],[11.07578,60.7887],[11.07572,60.7888],[11.07524,60.78874],[11.0753,60.78863]],[[11.0736,60.78811],[11.07388,60.78818],[11.07374,60.78832],[11.07346,60.78825],[11.0736,60.78811]],[[11.0758,60.78858],[11.07558,60.78853],[11.07561,60.78848],[11.07584,60.78851],[11.0758,60.78858]]]}},{"type":"Feature","properties":{"k":"old","n":"Gravenfoss","a":1872,"type":"Deponi","status":"Uavklart"},"geometry":{"type":"Polygon","coordinates":[[[9.66751,59.60859],[9.66771,59.60827],[9.66682,59.60818],[9.66668,59.60852],[9.66751,59.60859]]]}},{"type":"Feature","properties":{"k":"old","n":"Skedsmo kirke","a":3271,"type":"Deponi","status":"Uavklart"},"geometry":{"type":"Polygon","coordinates":[[[11.04446,59.99433],[11.04462,59.9951],[11.04522,59.99503],[11.04535,59.99439],[11.04446,59.99433]]]}},{"type":"Feature","properties":{"k":"old","n":"Søppelfylling i Skulerudskauen","a":493,"type":"Deponi","status":"Uavklart"},"geometry":{"type":"Polygon","coordinates":[[[11.55877,59.66419],[11.55859,59.66427],[11.55893,59.66447],[11.55911,59.66441],[11.55907,59.66427],[11.55877,59.66419]]]}},{"type":"Feature","properties":{"k":"old","n":"Tørnbysaga","a":7700,"type":"Deponi","status":"Uavklart"},"geometry":{"type":"Polygon","coordinates":[[[11.8244,59.74381],[11.82508,59.74266],[11.82368,59.74265],[11.82363,59.74373],[11.8244,59.74381]]]}},{"type":"Feature","properties":{"k":"old","n":"Avfallsfylling på Myrhaug, Stensgårdsveien 25","a":569,"type":"Deponi","status":"Uavklart"},"geometry":{"type":"Polygon","coordinates":[[[11.07069,60.26329],[11.07091,60.26307],[11.07143,60.26302],[11.07058,60.26295],[11.07069,60.26329]]]}},{"type":"Feature","properties":{"k":"old","n":"Stensrud gård","a":661,"type":"Deponi","status":"Undersøkelser gjennomført"},"geometry":{"type":"Polygon","coordinates":[[[11.14028,59.516],[11.14028,59.51626],[11.14074,59.51624],[11.14074,59.51602],[11.14028,59.516]]]}},{"type":"Feature","properties":{"k":"old","n":"KASTBAKKEN","a":5417,"type":"Kommunalt deponi","status":"Uavklart"},"geometry":{"type":"Polygon","coordinates":[[[10.69951,60.91585],[10.69888,60.91599],[10.69865,60.91618],[10.69852,60.91642],[10.69884,60.91662],[10.69952,60.91666],[10.69993,60.91649],[10.70005,60.91628],[10.69979,60.91595],[10.69951,60.91585]]]}},{"type":"Feature","properties":{"k":"old","n":"ANDERKVERN","a":223921,"type":"Deponi","status":"Uavklart"},"geometry":{"type":"Polygon","coordinates":[[[10.72202,60.93662],[10.72208,60.93591],[10.72228,60.93548],[10.7236,60.93539],[10.72391,60.9351],[10.72538,60.93413],[10.72622,60.93341],[10.72636,60.93337],[10.72509,60.93339],[10.72474,60.93396],[10.72381,60.93417],[10.72244,60.93402],[10.7225,60.93363],[10.72295,60.93329],[10.72152,60.93282],[10.72117,60.93252],[10.72112,60.93216],[10.72172,60.93177],[10.72132,60.93161],[10.7202,60.93138],[10.71986,60.93138],[10.7196,60.93148],[10.71852,60.93161],[10.71785,60.93175],[10.71766,60.93187],[10.71751,60.93261],[10.71678,60.93278],[10.71504,60.93261],[10.71399,60.93286],[10.71444,60.93338],[10.71412,60.93366],[10.71366,60.93462],[10.71312,60.93467],[10.71336,60.93524],[10.71257,60.93531],[10.71249,60.93557],[10.71223,60.93573],[10.71308,60.93585],[10.715,60.93565],[10.71565,60.9359],[10.71559,60.93594],[10.71584,60.93606],[10.71638,60.9362],[10.71826,60.93632],[10.72039,60.93627],[10.72147,60.93661],[10.72202,60.93662]],[[10.71545,60.93308],[10.71549,60.93316],[10.71653,60.9331],[10.7166,60.93331],[10.71651,60.93337],[10.71558,60.93339],[10.71555,60.93331],[10.7148,60.93348],[10.7145,60.93318],[10.71545,60.93308]],[[10.71643,60.9349],[10.71555,60.93467],[10.71575,60.93455],[10.71562,60.93444],[10.71613,60.9343],[10.71697,60.93455],[10.71643,60.9349]]]}},{"type":"Feature","properties":{"k":"old","n":"Tønsbergsaga","a":1750,"type":"Deponi","status":"Uavklart"},"geometry":{"type":"Polygon","coordinates":[[[11.37389,59.91634],[11.37338,59.91563],[11.37295,59.91613],[11.37389,59.91634]]]}},{"type":"Feature","properties":{"k":"old","n":"Kodal fyllplass","a":2606,"type":"Deponi","status":"Uavklart"},"geometry":{"type":"Polygon","coordinates":[[[10.1338,59.2113],[10.1336,59.2113],[10.13347,59.21144],[10.13339,59.21176],[10.13359,59.21201],[10.13402,59.21203],[10.13411,59.21146],[10.1338,59.2113]]]}},{"type":"Feature","properties":{"k":"old","n":"Trømborg","a":7577,"type":"Deponi","status":"Uavklart"},"geometry":{"type":"Polygon","coordinates":[[[11.33651,59.50719],[11.33645,59.50739],[11.33633,59.50744],[11.33641,59.50766],[11.33598,59.50788],[11.33603,59.50793],[11.33629,59.50789],[11.33711,59.50746],[11.33886,59.50695],[11.33911,59.50675],[11.33912,59.50657],[11.339,59.50646],[11.33773,59.50691],[11.33651,59.50719]]]}},{"type":"Feature","properties":{"k":"old","n":"Almsfeltet","a":1870,"type":"Deponi","status":"Uavklart"},"geometry":{"type":"Polygon","coordinates":[[[10.63553,60.77588],[10.63599,60.77599],[10.63667,60.77566],[10.63586,60.77548],[10.63553,60.77588]]]}},{"type":"Feature","properties":{"k":"old","n":"Butjernet slamdeponi","a":1398,"type":"Deponi","status":"Uavklart"},"geometry":{"type":"Polygon","coordinates":[[[10.23089,60.501],[10.23139,60.50105],[10.23162,60.50061],[10.23111,60.50057],[10.23089,60.501]]]}},{"type":"Feature","properties":{"k":"old","n":"HAMMERN FYLLPLASS","a":99,"type":"Kommunalt deponi","status":"Uavklart"},"geometry":{"type":"Polygon","coordinates":[[[11.39594,60.7938],[11.39584,60.79375],[11.39573,60.79379],[11.39583,60.79385],[11.39594,60.7938]]]}},{"type":"Feature","properties":{"k":"old","n":"NØDSLEMYRA FYLLPLASS","a":13398,"type":"Kommunalt deponi","status":"Uavklart"},"geometry":{"type":"Polygon","coordinates":[[[11.18965,60.67929],[11.19003,60.67924],[11.19038,60.6789],[11.19037,60.67855],[11.18957,60.67813],[11.18959,60.6777],[11.18944,60.67751],[11.18919,60.67748],[11.18876,60.67779],[11.1885,60.67817],[11.18848,60.67847],[11.18907,60.67922],[11.18965,60.67929]]]}},{"type":"Feature","properties":{"k":"old","n":"Furnes-Hamjern SCC as, avd. Stange","a":27948,"type":"Deponi","status":"Avsluttet"},"geometry":{"type":"Polygon","coordinates":[[[11.23066,60.72014],[11.23029,60.72004],[11.22939,60.72207],[11.22962,60.72289],[11.23046,60.72273],[11.23202,60.72257],[11.23202,60.72238],[11.2309,60.72021],[11.23066,60.72014]]]}},{"type":"Feature","properties":{"k":"old","n":"SOLSTAD FYLLPLASS","a":13477,"type":"Deponi","status":"Uavklart"},"geometry":{"type":"Polygon","coordinates":[[[11.65201,60.22061],[11.65112,60.22125],[11.65272,60.2222],[11.65401,60.22188],[11.65201,60.22061]]]}},{"type":"Feature","properties":{"k":"old","n":"REPSHUS FYLLPLASS","a":8156,"type":"Kommunalt deponi","status":"Avsluttet"},"geometry":{"type":"Polygon","coordinates":[[[12.08682,59.99307],[12.08768,59.99292],[12.08764,59.99208],[12.08636,59.99201],[12.08619,59.99284],[12.08682,59.99307]]]}},{"type":"Feature","properties":{"k":"old","n":"Terningmoen skytefelt - fyllplass ved Terninga","a":799,"type":"Deponi","status":"Undersøkelser gjennomført"},"geometry":{"type":"Polygon","coordinates":[[[11.52831,60.87769],[11.52837,60.87759],[11.52821,60.87746],[11.52774,60.87739],[11.52795,60.87775],[11.52831,60.87769]]]}},{"type":"Feature","properties":{"k":"old","n":"BORREVEIEN 42","a":746,"type":"Deponi","status":"Uavklart"},"geometry":{"type":"Polygon","coordinates":[[[10.46487,59.39942],[10.46506,59.39939],[10.46494,59.39921],[10.46438,59.39929],[10.46449,59.39947],[10.46487,59.39942]]]}},{"type":"Feature","properties":{"k":"old","n":"KUJORDET, VALLØ","a":55366,"type":"Deponi","status":"Uavklart"},"geometry":{"type":"Polygon","coordinates":[[[10.49463,59.26437],[10.49601,59.2645],[10.49628,59.26467],[10.49648,59.26467],[10.4965,59.26478],[10.49653,59.26467],[10.49668,59.26459],[10.49669,59.26464],[10.4969,59.26441],[10.49715,59.26431],[10.49713,59.26422],[10.49772,59.2638],[10.49797,59.26351],[10.49828,59.26347],[10.49832,59.26351],[10.49837,59.26345],[10.49764,59.26325],[10.49708,59.26376],[10.49599,59.26347],[10.49582,59.26351],[10.49251,59.26265],[10.49234,59.26276],[10.49198,59.26268],[10.49236,59.26481],[10.49232,59.26517],[10.49209,59.26539],[10.49233,59.26681],[10.49254,59.26681],[10.4934,59.26504],[10.49398,59.26453],[10.49463,59.26437]],[[10.49559,59.26385],[10.49598,59.26396],[10.49571,59.26422],[10.49532,59.26411],[10.49559,59.26385]]]}},{"type":"Feature","properties":{"k":"old","n":"Veraåsen","a":2325,"type":"Deponi","status":"Undersøkelser gjennomført"},"geometry":{"type":"Polygon","coordinates":[[[10.23788,59.11171],[10.2376,59.11167],[10.23735,59.11204],[10.23746,59.11228],[10.23766,59.11232],[10.23794,59.11203],[10.23842,59.11181],[10.23788,59.11171]]]}},{"type":"Feature","properties":{"k":"old","n":"GRINDA","a":542751,"type":"Kommunalt deponi","status":"Uavklart"},"geometry":{"type":"Polygon","coordinates":[[[10.06171,59.09364],[10.06235,59.09267],[10.06314,59.09266],[10.06379,59.09283],[10.06416,59.09172],[10.06318,59.09158],[10.0625,59.09103],[10.0623,59.09023],[10.06242,59.08907],[10.06213,59.08814],[10.06261,59.08774],[10.062,59.08748],[10.06193,59.08786],[10.0606,59.08791],[10.06073,59.08779],[10.06019,59.08646],[10.05998,59.08636],[10.05993,59.08596],[10.05921,59.08561],[10.05931,59.08546],[10.05906,59.08533],[10.05888,59.085],[10.05814,59.08476],[10.0584,59.0846],[10.05797,59.08437],[10.05783,59.08415],[10.05732,59.08374],[10.05666,59.08369],[10.05672,59.0841],[10.05646,59.08446],[10.05651,59.08514],[10.05239,59.08629],[10.05165,59.08769],[10.05249,59.0879],[10.05113,59.09032],[10.05189,59.09104],[10.0522,59.09203],[10.05329,59.09206],[10.0537,59.09347],[10.05477,59.09316],[10.05639,59.09327],[10.05743,59.09364],[10.05779,59.09461],[10.05857,59.09539],[10.06004,59.09515],[10.06114,59.09439],[10.06171,59.09364]]]}},{"type":"Feature","properties":{"k":"old","n":"DOLVENHØGDA","a":3221,"type":"Deponi","status":"Uavklart"},"geometry":{"type":"Polygon","coordinates":[[[9.89397,59.01362],[9.89477,59.01398],[9.89518,59.01407],[9.89546,59.01369],[9.89535,59.01365],[9.89407,59.01341],[9.8939,59.0136],[9.89397,59.01362]]]}},{"type":"Feature","properties":{"k":"old","n":"Haga","a":1484,"type":"Deponi","status":"Uavklart"},"geometry":{"type":"Polygon","coordinates":[[[10.0501,59.07624],[10.04993,59.07611],[10.04958,59.0761],[10.04943,59.07618],[10.04939,59.07637],[10.0495,59.07645],[10.04982,59.07647],[10.05006,59.07638],[10.0501,59.07624]]]}},{"type":"Feature","properties":{"k":"old","n":"Larvik havnesenter","a":41940,"type":"Deponi","status":"Uavklart"},"geometry":{"type":"Polygon","coordinates":[[[10.04401,59.04076],[10.04435,59.04067],[10.04471,59.04065],[10.04478,59.04071],[10.0468,59.04011],[10.0464,59.03947],[10.04536,59.03849],[10.04167,59.03952],[10.04213,59.03985],[10.04232,59.03978],[10.04257,59.03978],[10.04342,59.04066],[10.04362,59.04067],[10.04383,59.04082],[10.04401,59.04076]]]}},{"type":"Feature","properties":{"k":"old","n":"HEKSHUS AVFALLSFYLLING","a":48099,"type":"Kommunalt deponi","status":"Undersøkelser gjennomført"},"geometry":{"type":"Polygon","coordinates":[[[10.84139,60.72552],[10.84234,60.72545],[10.84252,60.72426],[10.84238,60.72402],[10.84217,60.72382],[10.84172,60.72368],[10.84148,60.72347],[10.84149,60.72326],[10.84112,60.72308],[10.83985,60.72295],[10.83945,60.72306],[10.83883,60.72336],[10.83802,60.72399],[10.84067,60.72566],[10.84103,60.72568],[10.84139,60.72552]]]}},{"type":"Feature","properties":{"k":"old","n":"HEGGEN FYLLPLASS","a":17195,"type":"Deponi","status":"Uavklart"},"geometry":{"type":"Polygon","coordinates":[[[10.57116,60.3305],[10.57181,60.33047],[10.57187,60.33039],[10.57135,60.32934],[10.57142,60.32905],[10.57076,60.32907],[10.56884,60.32934],[10.56955,60.32988],[10.56965,60.32988],[10.57012,60.33035],[10.57014,60.3305],[10.57023,60.33045],[10.57051,60.33052],[10.57039,60.33059],[10.57116,60.3305]]]}},{"type":"Feature","properties":{"k":"old","n":"ÅMOTSTUEN","a":7830,"type":"Kommunalt deponi","status":"Uavklart"},"geometry":{"type":"Polygon","coordinates":[[[10.06016,60.82736],[10.06009,60.82722],[10.05983,60.82721],[10.05964,60.82704],[10.05948,60.82706],[10.05884,60.82749],[10.05925,60.82792],[10.0587,60.8281],[10.05953,60.82828],[10.06042,60.82809],[10.06016,60.82736]]]}},{"type":"Feature","properties":{"k":"old","n":"TRONHUS FYLLPLASS","a":99,"type":"Deponi","status":"Uavklart"},"geometry":{"type":"Polygon","coordinates":[[[9.68632,60.75461],[9.68622,60.75455],[9.68611,60.7546],[9.68621,60.75465],[9.68632,60.75461]]]}},{"type":"Feature","properties":{"k":"old","n":"LIASKOGEN","a":792,"type":"Kommunalt deponi","status":"Uavklart"},"geometry":{"type":"Polygon","coordinates":[[[9.40671,60.90735],[9.40663,60.90725],[9.40623,60.90727],[9.40618,60.90749],[9.40638,60.90753],[9.40659,60.90749],[9.40673,60.90742],[9.40671,60.90735]]]}},{"type":"Feature","properties":{"k":"old","n":"ØLKENSKOGEN AVFALLSPLASS","a":5731,"type":"Kommunalt deponi","status":"Uavklart"},"geometry":{"type":"Polygon","coordinates":[[[8.97016,61.09547],[8.96989,61.09458],[8.96914,61.09448],[8.96897,61.09453],[8.96888,61.09472],[8.96895,61.09487],[8.9691,61.09494],[8.96914,61.09515],[8.96878,61.09536],[8.96881,61.09544],[8.96898,61.09547],[8.96969,61.09542],[8.97016,61.09547]]]}},{"type":"Feature","properties":{"k":"old","n":"SYNSHAGEN FYLLPLASS","a":6235,"type":"Kommunalt deponi","status":"Uavklart"},"geometry":{"type":"Polygon","coordinates":[[[8.6144,61.1389],[8.61419,61.13883],[8.61421,61.13891],[8.6148,61.13927],[8.61405,61.14058],[8.61447,61.14085],[8.61538,61.14056],[8.61516,61.14005],[8.61469,61.13975],[8.61496,61.13922],[8.61486,61.1391],[8.6144,61.1389]]]}},{"type":"Feature","properties":{"k":"old","n":"FJELL (TIDL. SKOGER KOMM.)","a":8887,"type":"Kommunalt deponi","status":"Uavklart"},"geometry":{"type":"Polygon","coordinates":[[[10.22454,59.71661],[10.22454,59.71631],[10.22206,59.71633],[10.22206,59.71661],[10.22365,59.71717],[10.22454,59.71661]]]}},{"type":"Feature","properties":{"k":"old","n":"Gosen - Gulskogen Cellulose","a":29727,"type":"Deponi","status":"Uavklart"},"geometry":{"type":"Polygon","coordinates":[[[10.1476,59.74322],[10.1474,59.74263],[10.1458,59.74274],[10.14244,59.74337],[10.1429,59.7444],[10.14354,59.74413],[10.14768,59.74344],[10.1476,59.74322]]]}},{"type":"Feature","properties":{"k":"old","n":"Braate gård (NGU 231 023)","a":2282,"type":"Deponi","status":"Uavklart"},"geometry":{"type":"Polygon","coordinates":[[[10.99457,59.95474],[10.99531,59.95523],[10.99573,59.95499],[10.99507,59.95453],[10.99457,59.95474]]]}},{"type":"Feature","properties":{"k":"old","n":"Strand Brænderi","a":1155,"type":"Kommunalt deponi","status":"Uavklart"},"geometry":{"type":"Polygon","coordinates":[[[10.69486,60.91746],[10.69547,60.9174],[10.69556,60.9172],[10.6954,60.91716],[10.69491,60.91723],[10.69474,60.91738],[10.69486,60.91746]]]}},{"type":"Feature","properties":{"k":"old","n":"ANDERKVERN","a":53712,"type":"Deponi","status":"Uavklart"},"geometry":{"type":"Polygon","coordinates":[[[10.72294,60.92803],[10.71392,60.92957],[10.71451,60.9296],[10.71543,60.92985],[10.71535,60.93041],[10.71659,60.93065],[10.72368,60.92835],[10.72294,60.92803]]]}},{"type":"Feature","properties":{"k":"old","n":"ÅBOGEN FYLLPLASS","a":3174,"type":"Kommunalt deponi","status":"Avsluttet"},"geometry":{"type":"Polygon","coordinates":[[[12.13689,60.1002],[12.13701,60.10011],[12.13699,60.09993],[12.13663,60.09983],[12.13628,60.09985],[12.13591,60.09995],[12.13576,60.10017],[12.13591,60.1003],[12.13622,60.1004],[12.13648,60.10038],[12.13689,60.1002]]]}},{"type":"Feature","properties":{"k":"old","n":"KROKEN","a":99,"type":"Kommunalt deponi","status":"Uavklart"},"geometry":{"type":"Polygon","coordinates":[[[12.02785,60.41839],[12.02775,60.41834],[12.02764,60.41838],[12.02774,60.41844],[12.02785,60.41839]]]}},{"type":"Feature","properties":{"k":"old","n":"Forestia AS, Braskereidfoss (Deponi mellomlager)","a":5002,"type":"Deponi","status":"Uavklart"},"geometry":{"type":"Polygon","coordinates":[[[11.81243,60.71544],[11.81412,60.71588],[11.81459,60.71546],[11.81327,60.71515],[11.8127,60.71524],[11.81243,60.71544]]]}},{"type":"Feature","properties":{"k":"old","n":"JØMNA BRUG A/S","a":5754,"type":"Deponi","status":"Uavklart"},"geometry":{"type":"Polygon","coordinates":[[[11.7098,60.80405],[11.70971,60.80401],[11.70903,60.80459],[11.70862,60.80535],[11.70899,60.80572],[11.70948,60.80557],[11.70931,60.80537],[11.70933,60.80518],[11.7096,60.80466],[11.71009,60.80419],[11.7098,60.80405]]]}},{"type":"Feature","properties":{"k":"old","n":"KABBEDIKET FYLLPLASS","a":25249,"type":"Kommunalt deponi","status":"Uavklart"},"geometry":{"type":"Polygon","coordinates":[[[12.23472,61.38162],[12.23544,61.3815],[12.23632,61.3812],[12.23635,61.38055],[12.23605,61.38007],[12.23459,61.3798],[12.23419,61.38015],[12.23334,61.38048],[12.23324,61.38129],[12.23372,61.38155],[12.23472,61.38162]]]}},{"type":"Feature","properties":{"k":"old","n":"ELTDALEN FYLLPLASS","a":99,"type":"Deponi","status":"Uavklart"},"geometry":{"type":"Polygon","coordinates":[[[11.90576,61.49584],[11.90566,61.49579],[11.90555,61.49584],[11.90565,61.49589],[11.90576,61.49584]]]}},{"type":"Feature","properties":{"k":"old","n":"ENGERDAL FYLLPLASS","a":2590,"type":"Kommunalt deponi","status":"Uavklart"},"geometry":{"type":"Polygon","coordinates":[[[11.97449,61.71404],[11.97479,61.7141],[11.97533,61.71401],[11.97545,61.71394],[11.97539,61.71375],[11.97479,61.71362],[11.97434,61.71367],[11.97422,61.71378],[11.97449,61.71404]]]}},{"type":"Feature","properties":{"k":"old","n":"SK2 Nygata/Lerdalsgata","a":6778,"type":"Deponi","status":"Uavklart"},"geometry":{"type":"Polygon","coordinates":[[[11.01485,59.94632],[11.01735,59.94585],[11.01634,59.94517],[11.01485,59.94632]]]}},{"type":"Feature","properties":{"k":"old","n":"Hemnes sag","a":11202,"type":"Deponi","status":"Uavklart"},"geometry":{"type":"Polygon","coordinates":[[[11.46489,59.71952],[11.46397,59.71932],[11.4633,59.7199],[11.4628,59.72078],[11.46355,59.72089],[11.46382,59.72101],[11.46489,59.71952]]]}},{"type":"Feature","properties":{"k":"old","n":"Stensrud gård","a":1840,"type":"Deponi","status":"Undersøkelser gjennomført"},"geometry":{"type":"Polygon","coordinates":[[[11.14127,59.51459],[11.14153,59.515],[11.14165,59.51503],[11.14198,59.51496],[11.14222,59.51473],[11.14191,59.51455],[11.14159,59.51462],[11.14127,59.51459]]]}},{"type":"Feature","properties":{"k":"old","n":"KASTBAKKEN","a":768,"type":"Kommunalt deponi","status":"Uavklart"},"geometry":{"type":"Polygon","coordinates":[[[10.70594,60.91783],[10.70638,60.91785],[10.70623,60.91771],[10.70592,60.91767],[10.70556,60.918],[10.7056,60.9181],[10.7057,60.91811],[10.70594,60.91783]]]}},{"type":"Feature","properties":{"k":"old","n":"Ringerike gård Nord","a":4604,"type":"Deponi","status":"Uavklart"},"geometry":{"type":"Polygon","coordinates":[[[10.62633,59.99701],[10.62502,59.99705],[10.62519,59.99779],[10.62645,59.99738],[10.62633,59.99701]]]}},{"type":"Feature","properties":{"k":"old","n":"Midtskogen planteskole","a":6872,"type":"Deponi","status":"Avsluttet"},"geometry":{"type":"Polygon","coordinates":[[[11.27949,60.50039],[11.27865,60.49999],[11.2781,60.50022],[11.27596,60.49989],[11.27587,60.49997],[11.27645,60.50024],[11.27723,60.50042],[11.27953,60.50054],[11.27949,60.50039]]]}},{"type":"Feature","properties":{"k":"old","n":"BRUVOLL FYLLPLASS","a":3107,"type":"Kommunalt deponi","status":"Uavklart"},"geometry":{"type":"Polygon","coordinates":[[[11.49883,60.44473],[11.49856,60.44449],[11.49811,60.44444],[11.4979,60.44451],[11.49787,60.44495],[11.49805,60.44503],[11.49845,60.44505],[11.49877,60.44498],[11.49883,60.44473]]]}},{"type":"Feature","properties":{"k":"old","n":"SMIDEHOLEN FYLLPLASS","a":31950,"type":"Kommunalt deponi","status":"Avsluttet"},"geometry":{"type":"Polygon","coordinates":[[[12.11894,60.5162],[12.11934,60.51629],[12.1207,60.51644],[12.12067,60.51648],[12.12097,60.51651],[12.12126,60.51666],[12.12137,60.51665],[12.12248,60.51463],[12.12225,60.51455],[12.12143,60.51462],[12.12043,60.51442],[12.11997,60.51486],[12.1202,60.515],[12.11996,60.51515],[12.11908,60.51518],[12.11885,60.51559],[12.11815,60.51559],[12.11848,60.51591],[12.11894,60.5162]]]}},{"type":"Feature","properties":{"k":"old","n":"GLESMYRA FYLLPLASS","a":9742,"type":"Kommunalt deponi","status":"Uavklart"},"geometry":{"type":"Polygon","coordinates":[[[11.86067,60.6987],[11.86069,60.69874],[11.86109,60.69869],[11.86291,60.69897],[11.86324,60.6983],[11.86297,60.69821],[11.86142,60.69828],[11.8612,60.69814],[11.86077,60.69814],[11.86043,60.6983],[11.86025,60.69851],[11.86064,60.69862],[11.86067,60.6987]]]}},{"type":"Feature","properties":{"k":"old","n":"Forestia AS, Braskereidfoss (NORSKE SKOGINDUSTRIER","a":32937,"type":"Deponi","status":"Uavklart"},"geometry":{"type":"Polygon","coordinates":[[[11.81066,60.71864],[11.81401,60.71594],[11.81209,60.71545],[11.81114,60.71646],[11.81131,60.71652],[11.81094,60.71685],[11.81112,60.71692],[11.81078,60.7172],[11.81052,60.71715],[11.81044,60.71719],[11.80943,60.7183],[11.81066,60.71864]]]}},{"type":"Feature","properties":{"k":"old","n":"HORNMOEN FYLLPLASS","a":50027,"type":"Kommunalt deponi","status":"Avsluttet"},"geometry":{"type":"Polygon","coordinates":[[[11.64156,60.89255],[11.6406,60.89287],[11.64067,60.8931],[11.64156,60.89348],[11.64245,60.89362],[11.6431,60.89369],[11.64518,60.89341],[11.64638,60.89312],[11.64635,60.89227],[11.64577,60.89172],[11.64499,60.89167],[11.64367,60.8915],[11.6431,60.89186],[11.64305,60.89209],[11.64214,60.89233],[11.64055,60.89288],[11.64156,60.89255]]]}},{"type":"Feature","properties":{"k":"old","n":"Grustak, Hanstad","a":99,"type":"Deponi","status":"Uavklart"},"geometry":{"type":"Polygon","coordinates":[[[11.58865,60.85457],[11.58855,60.85451],[11.58844,60.85456],[11.58854,60.85461],[11.58865,60.85457]]]}},{"type":"Feature","properties":{"k":"old","n":"Mosanden","a":15382,"type":"Kommunalt deponi","status":"Uavklart"},"geometry":{"type":"Polygon","coordinates":[[[12.27111,61.29786],[12.27199,61.29707],[12.27082,61.29671],[12.27015,61.29728],[12.2694,61.2971],[12.26887,61.2976],[12.26946,61.29803],[12.27042,61.29827],[12.2707,61.29823],[12.27111,61.29786]]]}},{"type":"Feature","properties":{"k":"old","n":"MOEN, RENA","a":3272,"type":"Kommunalt deponi","status":"Uavklart"},"geometry":{"type":"Polygon","coordinates":[[[11.38203,61.13623],[11.38222,61.13547],[11.38099,61.13551],[11.38183,61.13621],[11.38203,61.13623]]]}},{"type":"Feature","properties":{"k":"old","n":"KJEMSJØHØGDA  FYLLPLASS","a":111385,"type":"Kommunalt deponi","status":"Uavklart"},"geometry":{"type":"Polygon","coordinates":[[[11.13311,61.56939],[11.13222,61.56905],[11.12988,61.56897],[11.12967,61.56905],[11.12867,61.56975],[11.1285,61.57033],[11.12793,61.57132],[11.12795,61.57141],[11.12826,61.57158],[11.13048,61.57221],[11.13118,61.57255],[11.13187,61.57302],[11.13267,61.57298],[11.13306,61.57271],[11.1338,61.57253],[11.13452,61.57158],[11.13461,61.57125],[11.13449,61.57033],[11.13393,61.56982],[11.13311,61.56939]]]}},{"type":"Feature","properties":{"k":"old","n":"MOGRENDA","a":99,"type":"Kommunalt deponi","status":"Uavklart"},"geometry":{"type":"Polygon","coordinates":[[[10.50441,61.77886],[10.50431,61.77881],[10.5042,61.77885],[10.5043,61.77891],[10.50441,61.77886]]]}},{"type":"Feature","properties":{"k":"old","n":"Kråketorp planteskole","a":99,"type":"Deponi","status":"Avsluttet"},"geometry":{"type":"Polygon","coordinates":[[[10.76191,59.27573],[10.76181,59.27567],[10.76171,59.27572],[10.7618,59.27578],[10.76191,59.27573]]]}},{"type":"Feature","properties":{"k":"old","n":"SØLEN FYLLPLASS","a":2446,"type":"Kommunalt deponi","status":"Uavklart"},"geometry":{"type":"Polygon","coordinates":[[[11.73497,61.84332],[11.73482,61.84329],[11.73446,61.84337],[11.7344,61.84344],[11.73454,61.84355],[11.73517,61.84373],[11.73551,61.84369],[11.7358,61.84353],[11.73579,61.84346],[11.7353,61.84333],[11.73497,61.84332]]]}},{"type":"Feature","properties":{"k":"old","n":"SKJELLERUDDALEN","a":83,"type":"Kommunalt deponi","status":"Uavklart"},"geometry":{"type":"Polygon","coordinates":[[[10.45649,61.12019],[10.45633,61.12027],[10.45639,61.1203],[10.45658,61.12021],[10.45649,61.12019]]]}},{"type":"Feature","properties":{"k":"old","n":"SKJELLERUDDALEN","a":40475,"type":"Kommunalt deponi","status":"Uavklart"},"geometry":{"type":"Polygon","coordinates":[[[10.45568,61.11966],[10.45637,61.11933],[10.45641,61.11925],[10.45635,61.11922],[10.45549,61.11957],[10.45447,61.11939],[10.45457,61.11889],[10.45482,61.11857],[10.45551,61.1187],[10.45555,61.11864],[10.45708,61.11893],[10.45703,61.1191],[10.45754,61.11908],[10.45835,61.11923],[10.45858,61.11911],[10.45775,61.11898],[10.45771,61.11891],[10.45881,61.11735],[10.45896,61.1173],[10.45946,61.11728],[10.46027,61.11732],[10.46034,61.11725],[10.46065,61.11725],[10.46069,61.1171],[10.46051,61.11706],[10.46048,61.11716],[10.45991,61.11711],[10.45881,61.11693],[10.45877,61.11705],[10.45889,61.11705],[10.45873,61.11735],[10.45789,61.11839],[10.4548,61.118],[10.45518,61.11741],[10.45566,61.1175],[10.45562,61.11756],[10.45645,61.11767],[10.45581,61.11756],[10.45574,61.11748],[10.45522,61.11735],[10.45566,61.1167],[10.45493,61.11602],[10.45357,61.1155],[10.45303,61.1155],[10.45239,61.11536],[10.45192,61.11537],[10.45169,61.11545],[10.44976,61.11685],[10.44957,61.11705],[10.44954,61.11737],[10.44912,61.11778],[10.4495,61.11779],[10.44979,61.11716],[10.45188,61.11553],[10.45271,61.11578],[10.44997,61.11791],[10.45005,61.11796],[10.45088,61.1173],[10.4514,61.11745],[10.45171,61.11721],[10.4513,61.11709],[10.45126,61.11701],[10.45266,61.11596],[10.45303,61.11592],[10.45342,61.11608],[10.45359,61.11626],[10.45243,61.11716],[10.45194,61.11704],[10.45239,61.11719],[10.45123,61.11804],[10.45115,61.11808],[10.45086,61.11799],[10.45109,61.11772],[10.45099,61.11769],[10.45079,61.11794],[10.45029,61.1181],[10.45068,61.11829],[10.45101,61.1182],[10.45098,61.1184],[10.45128,61.11817],[10.45161,61.11846],[10.45153,61.11853],[10.45204,61.11867],[10.45138,61.11809],[10.45158,61.11793],[10.45317,61.11823],[10.45238,61.11905],[10.45442,61.11942],[10.45433,61.11979],[10.45446,61.11947],[10.45544,61.11966],[10.45492,61.1199],[10.45513,61.11993],[10.45568,61.11966]],[[10.45294,61.11858],[10.45303,61.1186],[10.45313,61.11847],[10.45331,61.11846],[10.45336,61.11818],[10.45483,61.11845],[10.45449,61.11887],[10.45439,61.11938],[10.45253,61.11904],[10.45294,61.11858]],[[10.45467,61.11831],[10.45343,61.11808],[10.4542,61.1171],[10.45469,61.11665],[10.4554,61.11683],[10.45463,61.118],[10.45475,61.11829],[10.45467,61.11831]],[[10.45321,61.11734],[10.4538,61.11745],[10.45322,61.11819],[10.45165,61.11788],[10.45252,61.11721],[10.45321,61.11734]],[[10.45484,61.11832],[10.45473,61.11805],[10.45749,61.1184],[10.45711,61.11888],[10.45517,61.11852],[10.45521,61.11847],[10.45488,61.11841],[10.45484,61.11832]],[[10.45382,61.11742],[10.45256,61.11719],[10.45369,61.11637],[10.45459,61.11662],[10.45382,61.11742]]]}},{"type":"Feature","properties":{"k":"old","n":"Nordbysaga","a":7758,"type":"Deponi","status":"Uavklart"},"geometry":{"type":"Polygon","coordinates":[[[11.55454,59.93261],[11.55524,59.9325],[11.55573,59.93187],[11.55592,59.93122],[11.55543,59.93116],[11.55531,59.9314],[11.5547,59.93152],[11.55472,59.93182],[11.55449,59.93192],[11.55454,59.93261]]]}},{"type":"Feature","properties":{"k":"old","n":"Melsom","a":1535,"type":"Deponi","status":"Uavklart"},"geometry":{"type":"Polygon","coordinates":[[[10.32599,59.22317],[10.32622,59.22351],[10.3267,59.22352],[10.3266,59.22312],[10.32635,59.22305],[10.32599,59.22317]]]}},{"type":"Feature","properties":{"k":"old","n":"Spinneridalen","a":7891,"type":"Deponi","status":"Uavklart"},"geometry":{"type":"Polygon","coordinates":[[[11.32077,59.55516],[11.32103,59.5552],[11.32153,59.55515],[11.32219,59.55488],[11.32231,59.55475],[11.32222,59.5546],[11.32253,59.55445],[11.32262,59.5539],[11.32211,59.55396],[11.32181,59.55418],[11.32139,59.55412],[11.32126,59.5542],[11.32118,59.55434],[11.32148,59.5545],[11.32153,59.5546],[11.321,59.5548],[11.32107,59.55495],[11.32082,59.55498],[11.32077,59.55516]]]}},{"type":"Feature","properties":{"k":"old","n":"STRANDSAGA (LANGMOEN A/S)","a":116431,"type":"Deponi","status":"Uavklart"},"geometry":{"type":"Polygon","coordinates":[[[10.92115,60.88127],[10.92208,60.88039],[10.92236,60.88046],[10.92353,60.87999],[10.92387,60.87978],[10.92445,60.88019],[10.92603,60.87958],[10.92636,60.87925],[10.92648,60.8786],[10.92627,60.87839],[10.92434,60.87767],[10.92366,60.87753],[10.92211,60.87699],[10.92193,60.87698],[10.92174,60.87709],[10.92138,60.8771],[10.92103,60.87742],[10.92024,60.87777],[10.91996,60.87778],[10.91966,60.87772],[10.91931,60.87751],[10.91893,60.8775],[10.91854,60.87769],[10.91823,60.87806],[10.91838,60.87809],[10.91873,60.87776],[10.91931,60.87774],[10.92144,60.87826],[10.92172,60.87846],[10.92119,60.87907],[10.92098,60.8792],[10.92075,60.87923],[10.92087,60.87934],[10.92084,60.87954],[10.91987,60.88014],[10.91994,60.88021],[10.92105,60.88031],[10.92103,60.88037],[10.91989,60.88031],[10.91936,60.88037],[10.91891,60.88084],[10.91779,60.88159],[10.91783,60.88173],[10.91842,60.88224],[10.91848,60.8824],[10.91864,60.8823],[10.9208,60.88174],[10.92171,60.88143],[10.92115,60.88127]]]}},{"type":"Feature","properties":{"k":"old","n":"HAMMERN FYLLPLASS","a":7624,"type":"Kommunalt deponi","status":"Uavklart"},"geometry":{"type":"Polygon","coordinates":[[[11.39555,60.79342],[11.39527,60.79355],[11.39505,60.7938],[11.39522,60.7941],[11.39607,60.79416],[11.39655,60.7941],[11.39688,60.79378],[11.39694,60.7935],[11.39664,60.79336],[11.39612,60.7933],[11.39555,60.79342]]]}},{"type":"Feature","properties":{"k":"old","n":"TANGEN METALLSTØPERI","a":11228,"type":"Deponi","status":"Avsluttet"},"geometry":{"type":"Polygon","coordinates":[[[11.24923,60.61127],[11.24912,60.61117],[11.2482,60.61143],[11.24726,60.61214],[11.24734,60.61232],[11.24854,60.61267],[11.24916,60.61191],[11.24976,60.61161],[11.24923,60.61127]]]}},{"type":"Feature","properties":{"k":"old","n":"Midtskogen planteskole","a":22611,"type":"Deponi","status":"Avsluttet"},"geometry":{"type":"Polygon","coordinates":[[[11.27473,60.49958],[11.27442,60.49952],[11.2738,60.50098],[11.27327,60.5018],[11.27399,60.50194],[11.27498,60.50131],[11.27599,60.50099],[11.27675,60.50092],[11.276,60.50084],[11.2763,60.50029],[11.27473,60.49958]]]}},{"type":"Feature","properties":{"k":"old","n":"BRUVOLL FYLLPLASS","a":99,"type":"Kommunalt deponi","status":"Uavklart"},"geometry":{"type":"Polygon","coordinates":[[[11.49836,60.44474],[11.49826,60.44469],[11.49815,60.44474],[11.49825,60.44479],[11.49836,60.44474]]]}},{"type":"Feature","properties":{"k":"old","n":"OS FYLLPLASS","a":99,"type":"Kommunalt deponi","status":"Uavklart"},"geometry":{"type":"Polygon","coordinates":[[[11.69247,60.26353],[11.69237,60.26348],[11.69226,60.26353],[11.69236,60.26358],[11.69247,60.26353]]]}},{"type":"Feature","properties":{"k":"old","n":"Kalgårdsmoen avfallsplass","a":37861,"type":"Kommunalt deponi","status":"Uavklart"},"geometry":{"type":"Polygon","coordinates":[[[11.93682,60.6103],[11.93417,60.6097],[11.93111,60.61116],[11.9334,60.61199],[11.93682,60.6103]]]}},{"type":"Feature","properties":{"k":"old","n":"Klevfos (PAPIRFABRIKK)","a":50231,"type":"Deponi","status":"Uavklart"},"geometry":{"type":"Polygon","coordinates":[[[11.31105,60.7874],[11.31149,60.78742],[11.31287,60.78718],[11.31379,60.7871],[11.3174,60.78726],[11.31743,60.78687],[11.31611,60.78675],[11.3153,60.7862],[11.31511,60.78626],[11.31421,60.78593],[11.31335,60.78575],[11.31201,60.78567],[11.31178,60.78588],[11.31101,60.78621],[11.30954,60.78716],[11.30869,60.78729],[11.30825,60.78759],[11.30856,60.78778],[11.30945,60.78749],[11.31105,60.7874]]]}},{"type":"Feature","properties":{"k":"old","n":"DDT-deponi, Benningstad Planteskole","a":99,"type":"Deponi","status":"Avsluttet"},"geometry":{"type":"Polygon","coordinates":[[[11.3545,60.7673],[11.3544,60.76724],[11.35429,60.76729],[11.35439,60.76735],[11.3545,60.7673]]]}},{"type":"Feature","properties":{"k":"old","n":"AUSTVATN FYLLPLASS","a":27225,"type":"Kommunalt deponi","status":"Uavklart"},"geometry":{"type":"Polygon","coordinates":[[[11.70868,60.38511],[11.70593,60.38454],[11.70556,60.38665],[11.70751,60.38671],[11.70763,60.38607],[11.70837,60.38565],[11.70875,60.38512],[11.70868,60.38511]]]}},{"type":"Feature","properties":{"k":"old","n":"SANDSKOGEN FYLLPLASS","a":2913,"type":"Kommunalt deponi","status":"Uavklart"},"geometry":{"type":"Polygon","coordinates":[[[11.57044,60.41767],[11.57046,60.41771],[11.5707,60.41772],[11.57127,60.41757],[11.57143,60.41736],[11.57127,60.41719],[11.57089,60.41713],[11.57046,60.41722],[11.57028,60.41737],[11.57044,60.41767]]]}},{"type":"Feature","properties":{"k":"old","n":"ENGEBAKKEN","a":16032,"type":"Kommunalt deponi","status":"Uavklart"},"geometry":{"type":"Polygon","coordinates":[[[12.05995,60.51023],[12.05893,60.51079],[12.06306,60.51102],[12.0638,60.51066],[12.06409,60.51044],[12.0643,60.51045],[12.05995,60.51023]]]}},{"type":"Feature","properties":{"k":"old","n":"DDT-deponi, Sønsterud Skogplanteskole AS","a":99,"type":"Deponi","status":"Avsluttet"},"geometry":{"type":"Polygon","coordinates":[[[12.07419,60.66592],[12.07409,60.66586],[12.07398,60.66591],[12.07408,60.66597],[12.07419,60.66592]]]}},{"type":"Feature","properties":{"k":"old","n":"Svesæterlia avfallsplass","a":8062,"type":"Kommunalt deponi","status":"Uavklart"},"geometry":{"type":"Polygon","coordinates":[[[12.03185,60.62539],[12.0322,60.62541],[12.03245,60.62526],[12.03253,60.62491],[12.03235,60.6246],[12.03154,60.62453],[12.03098,60.62457],[12.03055,60.62468],[12.03074,60.62498],[12.03118,60.62533],[12.03185,60.62539]]]}},{"type":"Feature","properties":{"k":"old","n":"JØMNA BRUG A/S","a":23286,"type":"Deponi","status":"Uavklart"},"geometry":{"type":"Polygon","coordinates":[[[11.71067,60.80717],[11.71084,60.80725],[11.71309,60.80704],[11.71429,60.80672],[11.71189,60.8065],[11.71096,60.80649],[11.70699,60.80701],[11.70652,60.80712],[11.70678,60.80751],[11.70739,60.80739],[11.70839,60.80728],[11.71067,60.80717]]]}},{"type":"Feature","properties":{"k":"old","n":"ROVERUDMYRA","a":312574,"type":"Kommunalt deponi","status":"Uavklart"},"geometry":{"type":"Polygon","coordinates":[[[10.51654,61.08055],[10.51639,61.08044],[10.5161,61.08039],[10.51487,61.08057],[10.51369,61.08056],[10.51254,61.08035],[10.512,61.08014],[10.5118,61.07994],[10.51174,61.0797],[10.51305,61.0797],[10.51325,61.07771],[10.51285,61.07616],[10.50965,61.07349],[10.50852,61.07305],[10.50682,61.07302],[10.50379,61.07511],[10.50372,61.07968],[10.5115,61.07969],[10.51155,61.0799],[10.51195,61.08026],[10.51222,61.08037],[10.51337,61.08061],[10.51439,61.08068],[10.51539,61.08062],[10.51609,61.08051],[10.51632,61.08056],[10.51638,61.08064],[10.51624,61.08076],[10.51475,61.08121],[10.51478,61.08148],[10.51505,61.08139],[10.51501,61.08127],[10.51648,61.08078],[10.51654,61.08055]],[[10.51221,61.07711],[10.51267,61.07766],[10.5127,61.07824],[10.51185,61.07816],[10.51185,61.07808],[10.51135,61.07799],[10.51119,61.07776],[10.51163,61.07737],[10.51221,61.07711]]]}},{"type":"Feature","properties":{"k":"old","n":"NORDSETER","a":9017,"type":"Kommunalt deponi","status":"Uavklart"},"geometry":{"type":"Polygon","coordinates":[[[10.60747,61.17022],[10.60855,61.17018],[10.60914,61.16962],[10.60899,61.16913],[10.60805,61.16913],[10.60732,61.1697],[10.60747,61.17022]]]}},{"type":"Feature","properties":{"k":"old","n":"A/S TOTEN CELLULOSEFABRIKK","a":11484,"type":"Deponi","status":"Uavklart"},"geometry":{"type":"Polygon","coordinates":[[[10.6486,60.78205],[10.64893,60.78224],[10.64984,60.78204],[10.65006,60.78154],[10.64989,60.78107],[10.64942,60.78102],[10.64806,60.78117],[10.64792,60.78147],[10.64818,60.78179],[10.6486,60.78205]]]}},{"type":"Feature","properties":{"k":"old","n":"O. Mustad & Søn AS - Fylling 2","a":78665,"type":"Deponi","status":"Uavklart"},"geometry":{"type":"Polygon","coordinates":[[[10.67921,60.79063],[10.67925,60.79039],[10.67822,60.79039],[10.67807,60.79033],[10.67723,60.7903],[10.67687,60.79034],[10.67652,60.79025],[10.6763,60.79],[10.67682,60.78949],[10.67686,60.78933],[10.67638,60.78908],[10.67556,60.7888],[10.67488,60.78875],[10.67171,60.78883],[10.67177,60.78944],[10.6706,60.7895],[10.66973,60.78937],[10.66967,60.78886],[10.66699,60.78869],[10.66528,60.7885],[10.66376,60.78808],[10.6636,60.78809],[10.66317,60.78791],[10.6625,60.78935],[10.66466,60.78929],[10.66529,60.78899],[10.66557,60.78891],[10.66594,60.78889],[10.66618,60.78874],[10.66647,60.78872],[10.66662,60.78875],[10.66629,60.78902],[10.6666,60.78912],[10.66693,60.78932],[10.66691,60.78938],[10.66758,60.78944],[10.66763,60.78937],[10.67064,60.78976],[10.67085,60.78984],[10.67526,60.79023],[10.67524,60.79028],[10.67659,60.79041],[10.67802,60.79064],[10.67927,60.79073],[10.67933,60.79065],[10.67921,60.79063]]]}},{"type":"Feature","properties":{"k":"old","n":"Torgeir Forseths veg 11, 237, 130 ","a":1157,"type":"Deponi","status":"Avsluttet"},"geometry":{"type":"Polygon","coordinates":[[[10.67138,60.79154],[10.6713,60.7917],[10.67174,60.79175],[10.67182,60.79157],[10.67129,60.79146],[10.67132,60.79132],[10.67089,60.79127],[10.67079,60.79146],[10.67138,60.79154]]]}},{"type":"Feature","properties":{"k":"old","n":"LALM","a":4154,"type":"Kommunalt deponi","status":"Uavklart"},"geometry":{"type":"Polygon","coordinates":[[[9.27512,61.81393],[9.27567,61.81366],[9.27582,61.81326],[9.27573,61.81302],[9.27542,61.81286],[9.27513,61.81283],[9.27493,61.81348],[9.27495,61.81373],[9.27512,61.81393]]]}},{"type":"Feature","properties":{"k":"old","n":"FLÅTÅMO","a":1574,"type":"Kommunalt deponi","status":"Uavklart"},"geometry":{"type":"Polygon","coordinates":[[[10.28873,61.35202],[10.28857,61.35211],[10.28856,61.35228],[10.28887,61.35237],[10.28924,61.35237],[10.28947,61.35216],[10.28929,61.35206],[10.28873,61.35202]]]}},{"type":"Feature","properties":{"k":"old","n":"SLETTEN","a":18211,"type":"Kommunalt deponi","status":"Uavklart"},"geometry":{"type":"Polygon","coordinates":[[[10.39363,61.26605],[10.39383,61.26601],[10.39408,61.26564],[10.39405,61.26538],[10.3926,61.26499],[10.39132,61.26475],[10.39072,61.26471],[10.39031,61.26506],[10.39042,61.26533],[10.39246,61.26594],[10.39363,61.26605]]]}},{"type":"Feature","properties":{"k":"old","n":"HYLLERÅSEN","a":1521,"type":"Kommunalt deponi","status":"Uavklart"},"geometry":{"type":"Polygon","coordinates":[[[12.04236,61.6136],[12.0421,61.61353],[12.04183,61.61357],[12.04184,61.6139],[12.04194,61.61397],[12.04252,61.61395],[12.04236,61.6136]]]}},{"type":"Feature","properties":{"k":"old","n":"SKJELLERUDDALEN","a":59,"type":"Kommunalt deponi","status":"Uavklart"},"geometry":{"type":"Polygon","coordinates":[[[10.46007,61.11853],[10.46003,61.11852],[10.45969,61.11888],[10.46007,61.11853]]]}},{"type":"Feature","properties":{"k":"old","n":"HOVEMOEN","a":51233,"type":"Kommunalt deponi","status":"Undersøkelser gjennomført"},"geometry":{"type":"Polygon","coordinates":[[[10.40596,61.14365],[10.4065,61.14374],[10.40751,61.14366],[10.40833,61.14275],[10.40868,61.14221],[10.40865,61.14118],[10.40875,61.14084],[10.40861,61.14044],[10.4072,61.14038],[10.40681,61.14047],[10.40631,61.14127],[10.40498,61.14289],[10.40505,61.14306],[10.40549,61.14333],[10.40567,61.14357],[10.40596,61.14365]]]}},{"type":"Feature","properties":{"k":"old","n":"NORDSETER","a":99,"type":"Kommunalt deponi","status":"Uavklart"},"geometry":{"type":"Polygon","coordinates":[[[10.60902,61.16922],[10.60892,61.16916],[10.60881,61.16921],[10.60891,61.16926],[10.60902,61.16922]]]}},{"type":"Feature","properties":{"k":"old","n":"ØSD,avfallsfylling på Rauøy","a":146,"type":"Deponi","status":"Avsluttet"},"geometry":{"type":"Polygon","coordinates":[[[10.68819,59.22529],[10.68832,59.22524],[10.68821,59.22517],[10.68808,59.22523],[10.68819,59.22529]]]}},{"type":"Feature","properties":{"k":"old","n":"Hagejordet A","a":20,"type":"Mellomlager av forurensede masser","status":"Avsluttet"},"geometry":{"type":"Polygon","coordinates":[[[10.46948,61.09854],[10.46955,61.09856],[10.46958,61.09851],[10.46952,61.0985],[10.46948,61.09854]]]}},{"type":"Feature","properties":{"k":"old","n":"DALEMOEN","a":7248,"type":"Kommunalt deponi","status":"Uavklart"},"geometry":{"type":"Polygon","coordinates":[[[9.48705,61.77494],[9.4847,61.77499],[9.48456,61.77505],[9.48471,61.77544],[9.48512,61.77555],[9.48618,61.77549],[9.48702,61.77527],[9.48727,61.77506],[9.48705,61.77494]]]}},{"type":"Feature","properties":{"k":"old","n":"FLATMOEN","a":2951,"type":"Kommunalt deponi","status":"Uavklart"},"geometry":{"type":"Polygon","coordinates":[[[9.93197,61.55306],[9.9316,61.5529],[9.93127,61.55288],[9.93093,61.55299],[9.93081,61.55319],[9.93093,61.5533],[9.93129,61.55342],[9.93172,61.55338],[9.932,61.55332],[9.93206,61.55319],[9.93197,61.55306]]]}},{"type":"Feature","properties":{"k":"old","n":"RANDKLEIVBRUA","a":99,"type":"Kommunalt deponi","status":"Uavklart"},"geometry":{"type":"Polygon","coordinates":[[[10.13744,61.52173],[10.13734,61.52168],[10.13723,61.52173],[10.13733,61.52178],[10.13744,61.52173]]]}},{"type":"Feature","properties":{"k":"old","n":"KAMPEN, FÅVANG","a":99,"type":"Kommunalt deponi","status":"Uavklart"},"geometry":{"type":"Polygon","coordinates":[[[10.20672,61.46107],[10.20662,61.46102],[10.20651,61.46107],[10.2066,61.46112],[10.20672,61.46107]]]}},{"type":"Feature","properties":{"k":"old","n":"GRANSET","a":99,"type":"Kommunalt deponi","status":"Uavklart"},"geometry":{"type":"Polygon","coordinates":[[[10.24776,61.21074],[10.24766,61.21068],[10.24755,61.21073],[10.24765,61.21079],[10.24776,61.21074]]]}},{"type":"Feature","properties":{"k":"old","n":"Deponitomta AS","a":21752,"type":"Deponi","status":"Uavklart"},"geometry":{"type":"Polygon","coordinates":[[[11.5426,60.86871],[11.54235,60.86713],[11.54179,60.86752],[11.54136,60.86759],[11.54103,60.86753],[11.54006,60.86787],[11.53979,60.86785],[11.53903,60.86848],[11.53965,60.8684],[11.54063,60.86888],[11.54152,60.86898],[11.5426,60.86871]]]}},{"type":"Feature","properties":{"k":"old","n":"Terningmoen skytefelt-Multemyra fyllplass","a":547,"type":"Deponi","status":"Undersøkelser gjennomført"},"geometry":{"type":"Polygon","coordinates":[[[11.5015,60.87769],[11.50126,60.87764],[11.50111,60.87773],[11.50141,60.87791],[11.50163,60.87786],[11.5015,60.87769]]]}},{"type":"Feature","properties":{"k":"old","n":"Kronos Titan AS","a":70795,"type":"Deponi","status":"Uavklart"},"geometry":{"type":"Polygon","coordinates":[[[10.95572,59.1893],[10.95577,59.18916],[10.95531,59.18911],[10.9554,59.18886],[10.95586,59.1889],[10.95612,59.18816],[10.95572,59.18813],[10.95577,59.18799],[10.95616,59.18803],[10.95688,59.18595],[10.95309,59.18621],[10.95211,59.18897],[10.95484,59.18921],[10.95487,59.18913],[10.95514,59.18915],[10.95511,59.18924],[10.95572,59.1893]]]}},{"type":"Feature","properties":{"k":"old","n":"SKJELLERUDDALEN","a":275,"type":"Kommunalt deponi","status":"Uavklart"},"geometry":{"type":"Polygon","coordinates":[[[10.4601,61.1194],[10.46028,61.11917],[10.45996,61.11936],[10.45889,61.11919],[10.4587,61.11929],[10.45882,61.11932],[10.45893,61.11922],[10.4601,61.1194]]]}},{"type":"Feature","properties":{"k":"old","n":"Trollmyra avfallsdeponi","a":5512,"type":"Kommunalt deponi","status":"Uavklart"},"geometry":{"type":"Polygon","coordinates":[[[10.34346,60.22591],[10.3439,60.22584],[10.34402,60.22599],[10.34447,60.22602],[10.34472,60.22591],[10.34476,60.22555],[10.34461,60.2253],[10.34429,60.22515],[10.34346,60.22524],[10.3432,60.22533],[10.34353,60.22559],[10.34401,60.22564],[10.34357,60.22575],[10.34346,60.22591]]]}},{"type":"Feature","properties":{"k":"old","n":"RÅTARUD FYLLPLASS","a":13590,"type":"Deponi","status":"Avsluttet"},"geometry":{"type":"Polygon","coordinates":[[[10.40698,60.23896],[10.40693,60.23875],[10.40763,60.23871],[10.40764,60.23834],[10.40755,60.23833],[10.40752,60.23867],[10.40694,60.23868],[10.40665,60.23806],[10.4082,60.23764],[10.41067,60.23729],[10.41069,60.23715],[10.41097,60.23695],[10.41064,60.23714],[10.40917,60.23665],[10.40692,60.23714],[10.40675,60.23712],[10.40668,60.23705],[10.4073,60.23619],[10.408,60.23631],[10.40806,60.23624],[10.40734,60.23613],[10.4073,60.2359],[10.4071,60.23597],[10.40712,60.23623],[10.40648,60.23712],[10.40653,60.23802],[10.40568,60.23813],[10.40341,60.23817],[10.40334,60.23808],[10.40366,60.23784],[10.40349,60.23785],[10.40282,60.23838],[10.40239,60.23844],[10.40226,60.23805],[10.40194,60.2382],[10.40201,60.23843],[10.40224,60.23851],[10.40282,60.23841],[10.40429,60.23904],[10.40432,60.23912],[10.40413,60.2393],[10.40436,60.23937],[10.4043,60.23932],[10.4045,60.23911],[10.40573,60.23933],[10.40587,60.23882],[10.40683,60.23876],[10.40679,60.23917],[10.40638,60.23974],[10.40626,60.23977],[10.40653,60.23982],[10.40646,60.23976],[10.40698,60.23896]],[[10.40689,60.23721],[10.40901,60.23676],[10.40964,60.23687],[10.41036,60.23712],[10.41042,60.2372],[10.41033,60.23728],[10.40803,60.2376],[10.4069,60.23789],[10.40668,60.23783],[10.40665,60.2373],[10.40689,60.23721]],[[10.40541,60.23881],[10.40449,60.23888],[10.40425,60.23821],[10.40586,60.23818],[10.40654,60.23809],[10.40666,60.23836],[10.40621,60.23843],[10.4067,60.23845],[10.40677,60.2387],[10.40541,60.23881]],[[10.40441,60.23887],[10.40411,60.23888],[10.40301,60.23842],[10.40305,60.23829],[10.40324,60.23824],[10.40416,60.23822],[10.40441,60.23887]],[[10.40487,60.2389],[10.40565,60.23885],[10.40576,60.2389],[10.40571,60.2392],[10.40544,60.23924],[10.40452,60.23905],[10.40465,60.23894],[10.40487,60.2389]]]}},{"type":"Feature","properties":{"k":"old","n":"RÅTARUD FYLLPLASS","a":35117,"type":"Deponi","status":"Avsluttet"},"geometry":{"type":"Polygon","coordinates":[[[10.40534,60.2424],[10.40579,60.24164],[10.40571,60.24139],[10.40305,60.24012],[10.40301,60.24004],[10.40262,60.24029],[10.40262,60.24171],[10.4021,60.24233],[10.40243,60.24229],[10.40454,60.24262],[10.40536,60.24264],[10.40534,60.2424]]]}},{"type":"Feature","properties":{"k":"old","n":"VERKEVIKA (Hadeland glassverk)","a":99,"type":"Deponi","status":"Avsluttet"},"geometry":{"type":"Polygon","coordinates":[[[10.40065,60.23944],[10.40055,60.23939],[10.40044,60.23943],[10.40054,60.23949],[10.40065,60.23944]]]}},{"type":"Feature","properties":{"k":"old","n":"NOREMA - FLISFYLLING","a":3606,"type":"Deponi","status":"Avsluttet"},"geometry":{"type":"Polygon","coordinates":[[[10.35106,60.23021],[10.3505,60.23033],[10.35063,60.23076],[10.35105,60.23102],[10.35177,60.23058],[10.35106,60.23021]]]}},{"type":"Feature","properties":{"k":"old","n":"BLOKKHUS","a":99,"type":"Kommunalt deponi","status":"Uavklart"},"geometry":{"type":"Polygon","coordinates":[[[10.57523,60.46514],[10.57513,60.46508],[10.57502,60.46513],[10.57512,60.46519],[10.57523,60.46514]]]}},{"type":"Feature","properties":{"k":"old","n":"TREVATN","a":1380,"type":"Kommunalt deponi","status":"Uavklart"},"geometry":{"type":"Polygon","coordinates":[[[10.41195,60.68469],[10.41203,60.68483],[10.4124,60.68484],[10.4126,60.68475],[10.41265,60.68464],[10.41247,60.68447],[10.41227,60.68443],[10.41211,60.68445],[10.41195,60.68469]]]}},{"type":"Feature","properties":{"k":"old","n":"GLARUDDALEN","a":8697,"type":"Kommunalt deponi","status":"Uavklart"},"geometry":{"type":"Polygon","coordinates":[[[10.36658,60.76749],[10.36696,60.7676],[10.36768,60.76759],[10.36829,60.76779],[10.36931,60.76775],[10.36967,60.76759],[10.36968,60.76748],[10.36953,60.76727],[10.36916,60.76719],[10.36856,60.76722],[10.36775,60.76706],[10.36738,60.76712],[10.36709,60.76731],[10.36658,60.76749]]]}},{"type":"Feature","properties":{"k":"old","n":"NYGARD RENOVASJONSANLEGG","a":395675,"type":"Kommunalt deponi","status":"Uavklart"},"geometry":{"type":"Polygon","coordinates":[[[10.65165,60.77492],[10.65271,60.77508],[10.65349,60.77547],[10.65446,60.77681],[10.65417,60.77704],[10.65482,60.77757],[10.65533,60.77684],[10.65525,60.77627],[10.65544,60.77582],[10.6554,60.7756],[10.65442,60.77558],[10.65442,60.77508],[10.65323,60.77505],[10.65234,60.77482],[10.64949,60.77468],[10.64883,60.77454],[10.6483,60.77394],[10.65088,60.77278],[10.65259,60.77254],[10.65352,60.77267],[10.65361,60.77195],[10.65356,60.77142],[10.65335,60.77112],[10.65287,60.77073],[10.65237,60.77016],[10.6509,60.76909],[10.65026,60.76818],[10.64913,60.76743],[10.64733,60.76835],[10.64672,60.76852],[10.64427,60.76962],[10.64291,60.77014],[10.64203,60.7703],[10.64201,60.77069],[10.64238,60.77119],[10.64243,60.77139],[10.64386,60.77188],[10.64492,60.77264],[10.64575,60.77406],[10.64636,60.77483],[10.64677,60.77518],[10.64753,60.77634],[10.64808,60.7782],[10.6525,60.77837],[10.65192,60.77751],[10.65292,60.77731],[10.65176,60.77654],[10.65217,60.77645],[10.65186,60.77617],[10.65205,60.77561],[10.65132,60.77492],[10.65165,60.77492]]]}},{"type":"Feature","properties":{"k":"old","n":"DDT-deponi, Biri skogplanteskole","a":99,"type":"Deponi","status":"Avsluttet"},"geometry":{"type":"Polygon","coordinates":[[[10.59203,60.95739],[10.59193,60.95734],[10.59182,60.95738],[10.59192,60.95744],[10.59203,60.95739]]]}},{"type":"Feature","properties":{"k":"old","n":"Østre Totenveg 134, GNR/BNR 62/270 - Tidl. Fina-depotet","a":638,"type":"Deponi","status":"Avsluttet"},"geometry":{"type":"Polygon","coordinates":[[[10.69714,60.77951],[10.69677,60.77941],[10.69655,60.7796],[10.69685,60.77961],[10.6972,60.77976],[10.69714,60.77951]]]}},{"type":"Feature","properties":{"k":"old","n":"KÅJA","a":21211,"type":"Kommunalt deponi","status":"Uavklart"},"geometry":{"type":"Polygon","coordinates":[[[9.76082,61.5903],[9.76292,61.58962],[9.76252,61.58933],[9.76265,61.58929],[9.76254,61.58921],[9.76241,61.58925],[9.76135,61.5885],[9.76072,61.58875],[9.75934,61.58904],[9.75949,61.5894],[9.7601,61.58975],[9.75971,61.58991],[9.75982,61.59016],[9.76032,61.59002],[9.76082,61.5903]]]}},{"type":"Feature","properties":{"k":"old","n":"FRYA FORBRENNINGSANLEGG","a":17719,"type":"Kommunalt deponi","status":"Uavklart"},"geometry":{"type":"Polygon","coordinates":[[[10.05029,61.54989],[10.05241,61.5501],[10.05352,61.55026],[10.05348,61.54974],[10.05293,61.54952],[10.05301,61.54902],[10.05198,61.54865],[10.05155,61.54868],[10.05029,61.54989]]]}},{"type":"Feature","properties":{"k":"old","n":"STAV","a":697,"type":"Deponi","status":"Avsluttet"},"geometry":{"type":"Polygon","coordinates":[[[10.2938,61.31992],[10.29385,61.31978],[10.29374,61.31972],[10.29339,61.31972],[10.2933,61.31983],[10.29342,61.31995],[10.2938,61.31992]]]}},{"type":"Feature","properties":{"k":"old","n":"AVFALLSPLASS VED VESTRE GAUSDAL KIRKE","a":4515,"type":"Kommunalt deponi","status":"Uavklart"},"geometry":{"type":"Polygon","coordinates":[[[10.1478,61.19997],[10.14891,61.19961],[10.14803,61.19917],[10.14705,61.19957],[10.1478,61.19997]]]}},{"type":"Feature","properties":{"k":"old","n":"SKUNDBERGTOMTA","a":23861,"type":"Kommunalt deponi","status":"Avsluttet"},"geometry":{"type":"Polygon","coordinates":[[[10.65386,60.72574],[10.65364,60.7255],[10.65256,60.72549],[10.65217,60.72615],[10.65254,60.72654],[10.65299,60.72738],[10.65523,60.72736],[10.65497,60.72652],[10.65443,60.7261],[10.65394,60.72589],[10.65386,60.72574]]]}},{"type":"Feature","properties":{"k":"old","n":"BRADALSMYRA - BRENNPLASS","a":99,"type":"Deponi","status":"Uavklart"},"geometry":{"type":"Polygon","coordinates":[[[10.548,60.70243],[10.5479,60.70237],[10.54779,60.70242],[10.54789,60.70247],[10.548,60.70243]]]}},{"type":"Feature","properties":{"k":"old","n":"Hammerdalen","a":3617,"type":"Deponi","status":"Uavklart"},"geometry":{"type":"Polygon","coordinates":[[[10.01453,59.0533],[10.01448,59.05319],[10.01355,59.05323],[10.01301,59.05333],[10.01265,59.0535],[10.01234,59.05392],[10.01247,59.05398],[10.01338,59.05356],[10.01453,59.0533]]]}},{"type":"Feature","properties":{"k":"old","n":"Bjørnstadfeltet, R. J. Rygg","a":23397,"type":"Deponi","status":"Undersøkelser gjennomført"},"geometry":{"type":"Polygon","coordinates":[[[10.26097,59.57679],[10.2609,59.57666],[10.26076,59.57668],[10.26059,59.57618],[10.26041,59.57628],[10.26006,59.57676],[10.25964,59.57763],[10.25935,59.57794],[10.25942,59.57804],[10.25859,59.57932],[10.25872,59.57938],[10.26005,59.57933],[10.26019,59.5792],[10.26058,59.57807],[10.26132,59.57691],[10.26097,59.57679]]]}},{"type":"Feature","properties":{"k":"old","n":"KULLERØD AVFALLSPLASS","a":9193,"type":"Kommunalt deponi","status":"Avsluttet"},"geometry":{"type":"Polygon","coordinates":[[[10.18293,59.31127],[10.18163,59.31157],[10.18161,59.31166],[10.18386,59.31205],[10.18424,59.31202],[10.18454,59.31179],[10.18457,59.31148],[10.18427,59.3114],[10.18293,59.31127]]]}},{"type":"Feature","properties":{"k":"old","n":"HØYJORD AVFALLSPLASS","a":3404,"type":"Kommunalt deponi","status":"Uavklart"},"geometry":{"type":"Polygon","coordinates":[[[10.12289,59.36371],[10.12201,59.36358],[10.122,59.364],[10.12182,59.3643],[10.12229,59.36435],[10.12251,59.36429],[10.12282,59.36395],[10.12289,59.36371]]]}},{"type":"Feature","properties":{"k":"old","n":"Veierland","a":3093,"type":"Kommunalt deponi","status":"Uavklart"},"geometry":{"type":"Polygon","coordinates":[[[10.35872,59.15404],[10.35907,59.15384],[10.35946,59.15339],[10.35921,59.15328],[10.35872,59.15334],[10.35839,59.15372],[10.35836,59.15385],[10.35872,59.15404]]]}},{"type":"Feature","properties":{"k":"old","n":"GJERVÅG","a":2516,"type":"Kommunalt deponi","status":"Uavklart"},"geometry":{"type":"Polygon","coordinates":[[[10.39544,59.15249],[10.39579,59.15244],[10.39588,59.15232],[10.39547,59.15172],[10.39526,59.1517],[10.39508,59.15174],[10.39508,59.15187],[10.39544,59.15249]]]}},{"type":"Feature","properties":{"k":"old","n":"LSTN Mågerø - avfallsfylling","a":2119,"type":"Deponi","status":"Uavklart"},"geometry":{"type":"Polygon","coordinates":[[[10.44311,59.1543],[10.4434,59.15421],[10.44318,59.15364],[10.44271,59.15368],[10.44278,59.15421],[10.44311,59.1543]]]}},{"type":"Feature","properties":{"k":"old","n":"Eidefyllinga","a":2203,"type":"Deponi","status":"Uavklart"},"geometry":{"type":"Polygon","coordinates":[[[9.90941,59.34356],[9.90945,59.34344],[9.90923,59.34334],[9.90838,59.34349],[9.9083,59.34357],[9.90857,59.3438],[9.90873,59.34383],[9.90941,59.34356]]]}},{"type":"Feature","properties":{"k":"old","n":"Trollmyra avfallsdeponi","a":26376,"type":"Kommunalt deponi","status":"Uavklart"},"geometry":{"type":"Polygon","coordinates":[[[10.34149,60.22362],[10.33801,60.2249],[10.33835,60.22518],[10.33903,60.22536],[10.34098,60.22519],[10.34182,60.22495],[10.34226,60.22464],[10.34262,60.22458],[10.34238,60.22433],[10.34229,60.22403],[10.34149,60.22362]]]}},{"type":"Feature","properties":{"k":"old","n":"RÅTARUD FYLLPLASS","a":27261,"type":"Deponi","status":"Avsluttet"},"geometry":{"type":"Polygon","coordinates":[[[10.40253,60.23951],[10.40255,60.23933],[10.40187,60.2391],[10.40156,60.23903],[10.4009,60.23929],[10.40003,60.23888],[10.39881,60.23925],[10.39937,60.2395],[10.39949,60.24062],[10.39937,60.24094],[10.40093,60.24073],[10.40196,60.24005],[10.40234,60.23951],[10.40253,60.23951]]]}},{"type":"Feature","properties":{"k":"old","n":"RANDSFJORD GLASSVERK A/S","a":99,"type":"Deponi","status":"Avsluttet"},"geometry":{"type":"Polygon","coordinates":[[[10.42164,60.2446],[10.42155,60.24455],[10.42144,60.2446],[10.42153,60.24465],[10.42164,60.2446]]]}},{"type":"Feature","properties":{"k":"old","n":"HARESTUA FYLLPLASS","a":99,"type":"Kommunalt deponi","status":"Uavklart"},"geometry":{"type":"Polygon","coordinates":[[[10.70617,60.21682],[10.70607,60.21677],[10.70596,60.21682],[10.70606,60.21687],[10.70617,60.21682]]]}},{"type":"Feature","properties":{"k":"old","n":"MOEN/SØRJORDET GRUSTAK","a":134403,"type":"Deponi","status":"Uavklart"},"geometry":{"type":"Polygon","coordinates":[[[10.36426,60.648],[10.36496,60.6482],[10.36726,60.64814],[10.36777,60.64831],[10.36811,60.64832],[10.36737,60.64778],[10.36691,60.64717],[10.36673,60.64603],[10.36611,60.64494],[10.36597,60.64488],[10.3656,60.64411],[10.36479,60.64414],[10.36458,60.64363],[10.36551,60.64353],[10.36554,60.64326],[10.36411,60.64302],[10.36278,60.64299],[10.36228,60.64377],[10.36178,60.64514],[10.36135,60.64563],[10.36129,60.64603],[10.36168,60.6466],[10.36192,60.64667],[10.36233,60.64723],[10.36233,60.64855],[10.3633,60.64833],[10.36352,60.64809],[10.36426,60.648]]]}},{"type":"Feature","properties":{"k":"old","n":"BRUDALEN","a":1269,"type":"Deponi","status":"Uavklart"},"geometry":{"type":"Polygon","coordinates":[[[10.04122,60.8843],[10.04131,60.88425],[10.04093,60.88398],[10.04074,60.88391],[10.04054,60.88391],[10.04055,60.88417],[10.04086,60.8843],[10.04122,60.8843]]]}},{"type":"Feature","properties":{"k":"old","n":"LINDUM AVFALLSPLASS","a":58058,"type":"Kommunalt deponi","status":"Uavklart"},"geometry":{"type":"Polygon","coordinates":[[[10.27747,59.69083],[10.27435,59.69094],[10.27471,59.69156],[10.27597,59.69314],[10.27634,59.69386],[10.27663,59.69559],[10.27724,59.69576],[10.27791,59.69571],[10.27771,59.69449],[10.27817,59.69338],[10.27805,59.69306],[10.27765,59.6927],[10.27716,59.69166],[10.27754,59.69083],[10.27437,59.69096],[10.27747,59.69083]]]}},{"type":"Feature","properties":{"k":"old","n":"BANGELØKKA","a":1825,"type":"Kommunalt deponi","status":"Avsluttet"},"geometry":{"type":"Polygon","coordinates":[[[10.22552,59.72845],[10.22596,59.728],[10.22575,59.72796],[10.22559,59.72822],[10.22542,59.72823],[10.22519,59.72837],[10.225,59.72856],[10.22477,59.72909],[10.22552,59.72845]]]}},{"type":"Feature","properties":{"k":"old","n":"Deponi med kulefangermasser , leirskytebane","a":613,"type":"Deponi","status":"Uavklart"},"geometry":{"type":"Polygon","coordinates":[[[11.39954,61.15376],[11.39967,61.15377],[11.39986,61.15358],[11.39961,61.15349],[11.3995,61.15349],[11.39933,61.15366],[11.39954,61.15376]]]}},{"type":"Feature","properties":{"k":"old","n":"MOGRENDA","a":19968,"type":"Kommunalt deponi","status":"Uavklart"},"geometry":{"type":"Polygon","coordinates":[[[10.50579,61.78011],[10.50616,61.78023],[10.50653,61.78023],[10.50719,61.77968],[10.50717,61.77947],[10.50654,61.7793],[10.50618,61.77913],[10.50632,61.77894],[10.50621,61.7788],[10.50591,61.77869],[10.50477,61.77859],[10.5042,61.77859],[10.50364,61.77875],[10.50354,61.77894],[10.50374,61.7791],[10.50579,61.78011]]]}},{"type":"Feature","properties":{"k":"old","n":"Kronos Titan AS","a":11849,"type":"Deponi","status":"Uavklart"},"geometry":{"type":"Polygon","coordinates":[[[10.95496,59.19145],[10.95529,59.19052],[10.95449,59.19045],[10.95445,59.19053],[10.95323,59.19042],[10.95294,59.19126],[10.95466,59.19147],[10.95496,59.19145]]]}},{"type":"Feature","properties":{"k":"old","n":"SKJELLERUDDALEN","a":44896,"type":"Kommunalt deponi","status":"Uavklart"},"geometry":{"type":"Polygon","coordinates":[[[10.44771,61.11846],[10.44759,61.11854],[10.45152,61.11926],[10.45174,61.11906],[10.4522,61.11915],[10.45297,61.1184],[10.44974,61.11657],[10.44771,61.11846]]]}},{"type":"Feature","properties":{"k":"old","n":"Hovedarsenalet Hovemoen - nedlagt vannbasseng","a":188,"type":"Deponi","status":"Uavklart"},"geometry":{"type":"Polygon","coordinates":[[[10.42365,61.1333],[10.42339,61.13326],[10.42332,61.13336],[10.42358,61.13341],[10.42365,61.1333]]]}},{"type":"Feature","properties":{"k":"old","n":"SNERTINGDAL FYLLPLASS","a":1166,"type":"Kommunalt deponi","status":"Uavklart"},"geometry":{"type":"Polygon","coordinates":[[[10.34594,60.91282],[10.34552,60.91293],[10.34556,60.91313],[10.34595,60.91328],[10.34618,60.91327],[10.34594,60.91282]]]}},{"type":"Feature","properties":{"k":"old","n":"NYGARD RENOVASJONSANLEGG","a":67602,"type":"Kommunalt deponi","status":"Uavklart"},"geometry":{"type":"Polygon","coordinates":[[[10.65129,60.77495],[10.64772,60.77485],[10.64797,60.77797],[10.65155,60.77808],[10.65129,60.77495]]]}},{"type":"Feature","properties":{"k":"old","n":"O. MUSTAD & SØN A/S - FYLLING","a":78665,"type":"Deponi","status":"Avsluttet"},"geometry":{"type":"Polygon","coordinates":[[[10.67921,60.79063],[10.67925,60.79039],[10.67822,60.79039],[10.67807,60.79033],[10.67723,60.7903],[10.67687,60.79034],[10.67652,60.79025],[10.6763,60.79],[10.67682,60.78949],[10.67686,60.78933],[10.67638,60.78908],[10.67556,60.7888],[10.67488,60.78875],[10.67171,60.78883],[10.67177,60.78944],[10.6706,60.7895],[10.66973,60.78937],[10.66967,60.78886],[10.66699,60.78869],[10.66528,60.7885],[10.66376,60.78808],[10.6636,60.78809],[10.66317,60.78791],[10.6625,60.78935],[10.66466,60.78929],[10.66529,60.78899],[10.66557,60.78891],[10.66594,60.78889],[10.66618,60.78874],[10.66647,60.78872],[10.66662,60.78875],[10.66629,60.78902],[10.6666,60.78912],[10.66693,60.78932],[10.66691,60.78938],[10.66758,60.78944],[10.66763,60.78937],[10.67064,60.78976],[10.67085,60.78984],[10.67526,60.79023],[10.67524,60.79028],[10.67659,60.79041],[10.67802,60.79064],[10.67927,60.79073],[10.67933,60.79065],[10.67921,60.79063]]]}},{"type":"Feature","properties":{"k":"old","n":"Østre Totenveg 134, GNR/BNR 62/270 - Tidl. Fina-depotet","a":36,"type":"Deponi","status":"Avsluttet"},"geometry":{"type":"Polygon","coordinates":[[[10.69675,60.77947],[10.69702,60.77951],[10.69703,60.77949],[10.69677,60.77944],[10.69675,60.77947]]]}},{"type":"Feature","properties":{"k":"old","n":"Bryggevegen 3-5, GNR/BNR 67/645 - Forurenset grunn","a":3734,"type":"Kommunalt deponi","status":"Avsluttet"},"geometry":{"type":"Polygon","coordinates":[[[10.69878,60.79629],[10.70019,60.79637],[10.70042,60.79616],[10.70044,60.79596],[10.69881,60.79592],[10.69878,60.79629]]]}},{"type":"Feature","properties":{"k":"old","n":"RUSTMOEN","a":99,"type":"Kommunalt deponi","status":"Uavklart"},"geometry":{"type":"Polygon","coordinates":[[[9.74598,61.58252],[9.74589,61.58246],[9.74577,61.58251],[9.74587,61.58257],[9.74598,61.58252]]]}},{"type":"Feature","properties":{"k":"old","n":"DALEMOEN","a":99,"type":"Kommunalt deponi","status":"Uavklart"},"geometry":{"type":"Polygon","coordinates":[[[9.48681,61.77504],[9.48672,61.77498],[9.4866,61.77503],[9.4867,61.77508],[9.48681,61.77504]]]}},{"type":"Feature","properties":{"k":"old","n":"Eramet Porsgrunn - ELKEM`S FRIERTIPP","a":111102,"type":"Deponi","status":"Uavklart"},"geometry":{"type":"Polygon","coordinates":[[[9.62473,59.12978],[9.6267,59.12887],[9.62528,59.12787],[9.62517,59.12792],[9.62522,59.12796],[9.62424,59.12843],[9.62398,59.12828],[9.62513,59.12775],[9.62529,59.12786],[9.62551,59.12776],[9.62433,59.12704],[9.62425,59.12708],[9.62353,59.12656],[9.62271,59.12617],[9.62188,59.12596],[9.62118,59.12596],[9.6203,59.12636],[9.61991,59.12613],[9.62038,59.12592],[9.62059,59.12593],[9.62038,59.12551],[9.6193,59.12539],[9.61864,59.12498],[9.61737,59.12536],[9.61973,59.12661],[9.61889,59.12701],[9.62305,59.12942],[9.62318,59.12936],[9.62428,59.12999],[9.62473,59.12978]]]}},{"type":"Feature","properties":{"k":"old","n":"Kjørbekk II","a":114591,"type":"Kommunalt deponi","status":"Undersøkelser gjennomført"},"geometry":{"type":"Polygon","coordinates":[[[9.60372,59.17664],[9.59941,59.17755],[9.59894,59.17759],[9.59793,59.17754],[9.59735,59.17732],[9.59691,59.17693],[9.59666,59.17595],[9.59643,59.17586],[9.59568,59.17517],[9.59476,59.17492],[9.59433,59.17445],[9.59423,59.17443],[9.59348,59.17456],[9.5934,59.17466],[9.59381,59.17527],[9.59517,59.1761],[9.5951,59.17622],[9.59442,59.17635],[9.59509,59.17701],[9.59512,59.17715],[9.59501,59.17725],[9.59438,59.17713],[9.5937,59.17724],[9.59338,59.17718],[9.59281,59.1761],[9.5926,59.17598],[9.5924,59.176],[9.5922,59.17623],[9.59312,59.17755],[9.59322,59.17779],[9.59325,59.17847],[9.59355,59.17906],[9.59394,59.17919],[9.59493,59.17909],[9.59651,59.17882],[9.59734,59.1785],[9.59771,59.17843],[9.60403,59.1773],[9.60463,59.17739],[9.60553,59.17742],[9.60557,59.17705],[9.60466,59.17695],[9.60435,59.17672],[9.60395,59.17663],[9.60372,59.17664]]]}},{"type":"Feature","properties":{"k":"old","n":"Skotfoss Bruk - SKOTFOSS III","a":149091,"type":"Deponi","status":"Uavklart"},"geometry":{"type":"Polygon","coordinates":[[[9.53739,59.20531],[9.53784,59.20533],[9.53872,59.20519],[9.53931,59.20525],[9.54004,59.20517],[9.54016,59.20527],[9.54032,59.20525],[9.54019,59.20533],[9.54059,59.20525],[9.54082,59.20512],[9.54169,59.20493],[9.54276,59.20452],[9.54285,59.2045],[9.54299,59.20462],[9.54372,59.20448],[9.5441,59.20418],[9.54406,59.20409],[9.5442,59.20396],[9.54469,59.20373],[9.54555,59.20342],[9.54591,59.2034],[9.54627,59.20348],[9.54605,59.20318],[9.54638,59.2035],[9.54704,59.20354],[9.54722,59.20377],[9.54779,59.20381],[9.5482,59.20374],[9.5486,59.20377],[9.54945,59.20355],[9.55014,59.20302],[9.55045,59.20337],[9.55112,59.20332],[9.55164,59.20339],[9.55246,59.2034],[9.55344,59.20328],[9.55429,59.20305],[9.55437,59.20313],[9.55459,59.20314],[9.55466,59.20309],[9.5548,59.20314],[9.55514,59.20304],[9.55531,59.20308],[9.55548,59.20298],[9.55562,59.20309],[9.55603,59.20294],[9.5567,59.20297],[9.5582,59.20291],[9.558,59.20218],[9.55566,59.2023],[9.55455,59.20227],[9.55059,59.20247],[9.5485,59.20252],[9.54595,59.20248],[9.54578,59.20268],[9.54518,59.20268],[9.5443,59.20323],[9.54427,59.20356],[9.54397,59.20376],[9.54053,59.20449],[9.53949,59.20453],[9.53709,59.20437],[9.53706,59.20414],[9.53734,59.20377],[9.53798,59.20338],[9.5386,59.20316],[9.53815,59.20258],[9.53792,59.20276],[9.53645,59.20341],[9.53575,59.20381],[9.53438,59.20423],[9.5339,59.20419],[9.53344,59.20434],[9.53281,59.20431],[9.53224,59.20452],[9.53395,59.205],[9.53714,59.20533],[9.53739,59.20531]]]}},{"type":"Feature","properties":{"k":"old","n":"Norske Skog Union, Findalen barkdeponi","a":88834,"type":"Deponi","status":"Avsluttet"},"geometry":{"type":"Polygon","coordinates":[[[9.55163,59.15294],[9.55144,59.1529],[9.55085,59.15338],[9.54753,59.1564],[9.54851,59.15674],[9.55211,59.15674],[9.55406,59.15658],[9.55374,59.15626],[9.55367,59.15595],[9.5524,59.15364],[9.55163,59.15294]]]}},{"type":"Feature","properties":{"k":"old","n":"DDT-deponi, Løvenskjold-Fossum","a":99,"type":"Deponi","status":"Avsluttet"},"geometry":{"type":"Polygon","coordinates":[[[9.55908,59.24967],[9.55899,59.24962],[9.55889,59.24966],[9.55898,59.24972],[9.55908,59.24967]]]}},{"type":"Feature","properties":{"k":"old","n":"Nilsens Bilhuggeri","a":6820,"type":"Deponi","status":"Avsluttet"},"geometry":{"type":"Polygon","coordinates":[[[9.66988,59.63224],[9.66773,59.6322],[9.66754,59.63229],[9.66881,59.633],[9.66982,59.63254],[9.66988,59.63224]]]}},{"type":"Feature","properties":{"k":"old","n":"LYSMYRA","a":99,"type":"Kommunalt deponi","status":"Uavklart"},"geometry":{"type":"Polygon","coordinates":[[[9.66382,59.61554],[9.66373,59.61549],[9.66362,59.61553],[9.66371,59.61559],[9.66382,59.61554]]]}},{"type":"Feature","properties":{"k":"old","n":"Heistadmoen tekniske verksted, fylling","a":519,"type":"Deponi","status":"Uavklart"},"geometry":{"type":"Polygon","coordinates":[[[9.66008,59.59696],[9.66032,59.59685],[9.66011,59.59672],[9.65987,59.59683],[9.66008,59.59696]]]}},{"type":"Feature","properties":{"k":"old","n":"Arsenalet på Kongsgårdsmoen 8","a":79,"type":"Deponi","status":"Avsluttet"},"geometry":{"type":"Polygon","coordinates":[[[9.63588,59.62765],[9.63597,59.6276],[9.63588,59.62756],[9.63579,59.6276],[9.63588,59.62765]]]}},{"type":"Feature","properties":{"k":"old","n":"Norske Skog Follum - Ådalsvika","a":130,"type":"Deponi","status":"Uavklart"},"geometry":{"type":"Polygon","coordinates":[[[10.24216,60.20593],[10.24203,60.20599],[10.24213,60.20605],[10.24226,60.206],[10.24216,60.20593]]]}},{"type":"Feature","properties":{"k":"old","n":"VEIEN SKOLE","a":2736,"type":"Kommunalt deponi","status":"Uavklart"},"geometry":{"type":"Polygon","coordinates":[[[10.23219,60.17429],[10.23228,60.17433],[10.23282,60.17428],[10.23296,60.17402],[10.23289,60.17373],[10.23272,60.17363],[10.23249,60.17364],[10.23231,60.17374],[10.23219,60.17429]]]}},{"type":"Feature","properties":{"k":"old","n":"Terningmoen - avfallsfylling (tysk) v/grav bane 3","a":1114,"type":"Deponi","status":"Undersøkelser gjennomført"},"geometry":{"type":"Polygon","coordinates":[[[11.53271,60.87246],[11.53253,60.87232],[11.53196,60.8724],[11.53183,60.87248],[11.53203,60.87263],[11.53271,60.87246]]]}},{"type":"Feature","properties":{"k":"old","n":"SNIPPEN FYLLPLASS (Haugedalen)","a":20675,"type":"Kommunalt deponi","status":"Uavklart"},"geometry":{"type":"Polygon","coordinates":[[[11.47017,61.15994],[11.47008,61.15996],[11.47067,61.16037],[11.46907,61.16094],[11.47033,61.16235],[11.47151,61.16228],[11.47162,61.16084],[11.47017,61.15994]]]}},{"type":"Feature","properties":{"k":"old","n":"SOLLIA","a":16172,"type":"Kommunalt deponi","status":"Uavklart"},"geometry":{"type":"Polygon","coordinates":[[[10.38716,61.77939],[10.38725,61.77942],[10.38941,61.77901],[10.39112,61.77896],[10.39309,61.77919],[10.39376,61.77918],[10.39464,61.77937],[10.39513,61.77919],[10.39326,61.77876],[10.39293,61.77883],[10.39081,61.77867],[10.38905,61.77888],[10.38686,61.77902],[10.38555,61.77928],[10.38566,61.77939],[10.38591,61.77944],[10.38716,61.77939]]]}},{"type":"Feature","properties":{"k":"old","n":"KVERNESMOEN (MISTEREGGA)  FYLLPLASS","a":6943,"type":"Kommunalt deponi","status":"Uavklart"},"geometry":{"type":"Polygon","coordinates":[[[11.23138,61.71084],[11.23135,61.71092],[11.23226,61.71113],[11.23276,61.71081],[11.2329,61.71057],[11.23234,61.7104],[11.23129,61.71023],[11.23096,61.70995],[11.23039,61.71004],[11.23039,61.71023],[11.23104,61.71028],[11.23147,61.71064],[11.23138,61.71084]]]}},{"type":"Feature","properties":{"k":"old","n":"BJØRNÅSMOEN","a":8109,"type":"Kommunalt deponi","status":"Uavklart"},"geometry":{"type":"Polygon","coordinates":[[[12.05988,61.86117],[12.05809,61.86087],[12.05764,61.86155],[12.05947,61.86187],[12.05988,61.86117]]]}},{"type":"Feature","properties":{"k":"old","n":"KVÆRNER MESNA A/S - DEPONI","a":81892,"type":"Deponi","status":"Uavklart"},"geometry":{"type":"Polygon","coordinates":[[[10.44861,61.11556],[10.44899,61.11567],[10.44947,61.11569],[10.44995,61.11564],[10.44998,61.11568],[10.45137,61.1153],[10.45209,61.11524],[10.45182,61.11501],[10.4512,61.11518],[10.45114,61.11514],[10.45103,61.11517],[10.45112,61.11525],[10.44985,61.11558],[10.4495,61.11528],[10.4491,61.11539],[10.44828,61.1147],[10.45048,61.11409],[10.45058,61.11417],[10.45127,61.11398],[10.45143,61.11411],[10.45327,61.11356],[10.45366,61.11256],[10.45297,61.11199],[10.44989,61.11236],[10.44921,61.11264],[10.44874,61.11273],[10.44812,61.11325],[10.44774,61.1134],[10.44668,61.11372],[10.44533,61.11382],[10.44597,61.11498],[10.44685,61.11485],[10.44775,61.11553],[10.44847,61.11579],[10.44861,61.11556]],[[10.45207,61.1131],[10.4527,61.11365],[10.45207,61.11383],[10.45144,61.11328],[10.45207,61.1131]],[[10.44827,61.11497],[10.44871,61.11534],[10.44823,61.11552],[10.44771,61.11538],[10.44748,61.1152],[10.44827,61.11497]]]}},{"type":"Feature","properties":{"k":"old","n":"Korsegårdsmyra","a":8032,"type":"Deponi","status":"Tiltak gjennomført"},"geometry":{"type":"Polygon","coordinates":[[[10.74108,59.66104],[10.74127,59.66086],[10.74105,59.66067],[10.74095,59.66017],[10.74064,59.65994],[10.73942,59.66055],[10.73972,59.66087],[10.74025,59.66106],[10.74092,59.66109],[10.74108,59.66104]]]}},{"type":"Feature","properties":{"k":"old","n":"BANGELØKKA","a":1321,"type":"Kommunalt deponi","status":"Avsluttet"},"geometry":{"type":"Polygon","coordinates":[[[10.21682,59.72846],[10.2163,59.72854],[10.21662,59.7289],[10.21712,59.72879],[10.21682,59.72846]]]}},{"type":"Feature","properties":{"k":"old","n":"Nøsted (deponi tilknyttet Nøsted Bruk)","a":1588,"type":"Deponi","status":"Undersøkelser gjennomført"},"geometry":{"type":"Polygon","coordinates":[[[10.26428,59.70595],[10.26398,59.70574],[10.2635,59.70595],[10.26361,59.70609],[10.26402,59.70626],[10.26448,59.706],[10.26428,59.70595]]]}},{"type":"Feature","properties":{"k":"old","n":"DRAMMEN SLIP OG VERKSTED","a":20096,"type":"Deponi","status":"Uavklart"},"geometry":{"type":"Polygon","coordinates":[[[10.2442,59.73008],[10.24393,59.72979],[10.24361,59.72986],[10.24344,59.72964],[10.24374,59.72959],[10.24368,59.72952],[10.2417,59.72996],[10.24185,59.73027],[10.2416,59.73031],[10.24204,59.73114],[10.24372,59.73116],[10.24442,59.73032],[10.2442,59.73008]]]}},{"type":"Feature","properties":{"k":"old","n":"Finstadsaga","a":25477,"type":"Deponi","status":"Uavklart"},"geometry":{"type":"Polygon","coordinates":[[[11.43108,59.93901],[11.42922,59.93965],[11.42992,59.93988],[11.43288,59.94017],[11.43296,59.94],[11.434,59.94011],[11.43518,59.93947],[11.43108,59.93901]]]}},{"type":"Feature","properties":{"k":"old","n":"Arsenalet på Kongsgårdsmoen 2","a":839,"type":"Deponi","status":"Avsluttet"},"geometry":{"type":"Polygon","coordinates":[[[9.63799,59.6275],[9.63817,59.62749],[9.63815,59.62733],[9.63748,59.62731],[9.63755,59.62755],[9.63799,59.6275]]]}},{"type":"Feature","properties":{"k":"old","n":"Arsenalet på Kongsgårdsmoen 3","a":1173,"type":"Deponi","status":"Avsluttet"},"geometry":{"type":"Polygon","coordinates":[[[9.63972,59.62743],[9.64041,59.62737],[9.64034,59.62713],[9.63961,59.62716],[9.63972,59.62743]]]}},{"type":"Feature","properties":{"k":"old","n":"Arsenalet på Kongsgårdsmoen 4","a":1015,"type":"Deponi","status":"Avsluttet"},"geometry":{"type":"Polygon","coordinates":[[[9.63869,59.62985],[9.63773,59.62966],[9.63767,59.62981],[9.6386,59.63001],[9.63869,59.62985]]]}},{"type":"Feature","properties":{"k":"old","n":"Arsenalet på Kongsgårdsmoen 5","a":480,"type":"Deponi","status":"Avsluttet"},"geometry":{"type":"Polygon","coordinates":[[[9.63992,59.63046],[9.64042,59.63052],[9.64038,59.63037],[9.63985,59.6303],[9.63992,59.63046]]]}},{"type":"Feature","properties":{"k":"old","n":"TYRIMYRA AVFALLSPLASS","a":54851,"type":"Kommunalt deponi","status":"Uavklart"},"geometry":{"type":"Polygon","coordinates":[[[10.25181,60.18898],[10.24962,60.19023],[10.25027,60.19042],[10.25103,60.19099],[10.25191,60.19128],[10.25258,60.19159],[10.25425,60.19113],[10.25501,60.19105],[10.25572,60.1907],[10.25641,60.19063],[10.25657,60.19034],[10.25633,60.19002],[10.25572,60.18985],[10.25547,60.18993],[10.25543,60.19019],[10.25521,60.1904],[10.25459,60.19023],[10.25391,60.18974],[10.25181,60.18898]]]}},{"type":"Feature","properties":{"k":"old","n":"SKJÆRDALEN BRUG","a":99,"type":"Deponi","status":"Uavklart"},"geometry":{"type":"Polygon","coordinates":[[[10.11275,60.0853],[10.11265,60.08524],[10.11254,60.08529],[10.11264,60.08534],[10.11275,60.0853]]]}},{"type":"Feature","properties":{"k":"old","n":"Findalen avfallsfylling","a":559,"type":"Kommunalt deponi","status":"Uavklart"},"geometry":{"type":"Polygon","coordinates":[[[9.65142,59.03738],[9.65148,59.03728],[9.65139,59.03722],[9.65107,59.03719],[9.65103,59.03735],[9.65116,59.0374],[9.65142,59.03738]]]}},{"type":"Feature","properties":{"k":"old","n":"Stormo","a":68382,"type":"Kommunalt deponi","status":"Overvåking"},"geometry":{"type":"Polygon","coordinates":[[[9.0273,59.30571],[9.02389,59.30659],[9.02525,59.30728],[9.02722,59.30844],[9.02785,59.30811],[9.02825,59.30838],[9.02885,59.30865],[9.02946,59.30881],[9.03084,59.3073],[9.0292,59.30668],[9.0273,59.30571]]]}},{"type":"Feature","properties":{"k":"old","n":"Dalekåsa avfallsplass","a":6890,"type":"Kommunalt deponi","status":"Uavklart"},"geometry":{"type":"Polygon","coordinates":[[[8.46298,59.04224],[8.46281,59.04216],[8.46244,59.04213],[8.46207,59.04222],[8.4619,59.04318],[8.46211,59.04328],[8.46257,59.04329],[8.46283,59.04319],[8.46298,59.04224]]]}},{"type":"Feature","properties":{"k":"old","n":"LANGSÆ GRUVER (nedlagt)","a":5316,"type":"Deponi","status":"Uavklart"},"geometry":{"type":"Polygon","coordinates":[[[8.752,58.46888],[8.7521,58.46873],[8.75182,58.46886],[8.75035,58.46886],[8.75165,58.46974],[8.75198,58.46968],[8.75193,58.46957],[8.7524,58.46942],[8.75158,58.46913],[8.752,58.46888]]]}},{"type":"Feature","properties":{"k":"old","n":"PHILLIPS LAMPEFABRIKK","a":12561,"type":"Deponi","status":"Overvåking"},"geometry":{"type":"Polygon","coordinates":[[[8.74415,58.46547],[8.74494,58.46549],[8.7448,58.4641],[8.74318,58.46456],[8.74326,58.46555],[8.74415,58.46547]]]}},{"type":"Feature","properties":{"k":"old","n":"KRØGENES","a":6499,"type":"Deponi","status":"Avsluttet"},"geometry":{"type":"Polygon","coordinates":[[[8.8176,58.47335],[8.81693,58.47318],[8.8167,58.47325],[8.81647,58.47357],[8.81657,58.47405],[8.81812,58.47391],[8.81795,58.47357],[8.8176,58.47335]]]}},{"type":"Feature","properties":{"k":"old","n":"Brødrene Berntsen AS","a":10351,"type":"Deponi","status":"Undersøkelser gjennomført"},"geometry":{"type":"Polygon","coordinates":[[[10.2387,60.22765],[10.23831,60.2278],[10.23957,60.22869],[10.24077,60.22828],[10.2404,60.22802],[10.24067,60.22793],[10.23998,60.2274],[10.23887,60.22777],[10.2387,60.22765]]]}},{"type":"Feature","properties":{"k":"old","n":"Norske Skog Follum - Begna deponi","a":24258,"type":"Deponi","status":"Uavklart"},"geometry":{"type":"Polygon","coordinates":[[[10.24849,60.20102],[10.2471,60.20129],[10.2466,60.2015],[10.2464,60.20169],[10.24711,60.2024],[10.24746,60.20302],[10.24808,60.20303],[10.24845,60.20295],[10.24924,60.20269],[10.24931,60.20257],[10.2493,60.20232],[10.24945,60.20218],[10.24849,60.20102]]]}},{"type":"Feature","properties":{"k":"old","n":"HUSEMOEN","a":152698,"type":"Kommunalt deponi","status":"Uavklart"},"geometry":{"type":"Polygon","coordinates":[[[9.14178,60.54714],[9.14144,60.54703],[9.13994,60.54701],[9.13374,60.54579],[9.13217,60.54728],[9.13568,60.55048],[9.13685,60.55076],[9.14178,60.54714]]]}},{"type":"Feature","properties":{"k":"old","n":"RUKKEDALEN","a":99,"type":"Kommunalt deponi","status":"Uavklart"},"geometry":{"type":"Polygon","coordinates":[[[8.99492,60.56164],[8.99483,60.56159],[8.99472,60.56163],[8.99481,60.56169],[8.99492,60.56164]]]}},{"type":"Feature","properties":{"k":"old","n":"FUGLEHAUGEN AVFALLSPLASS","a":13692,"type":"Kommunalt deponi","status":"Uavklart"},"geometry":{"type":"Polygon","coordinates":[[[8.77747,60.80344],[8.77636,60.80215],[8.77569,60.80206],[8.77472,60.80256],[8.77515,60.80325],[8.77747,60.80344]]]}},{"type":"Feature","properties":{"k":"old","n":"Kleivi","a":5973,"type":"Deponi","status":"Uavklart"},"geometry":{"type":"Polygon","coordinates":[[[8.4412,60.57655],[8.44129,60.57642],[8.43987,60.57615],[8.43971,60.57666],[8.4398,60.57685],[8.44007,60.57702],[8.44048,60.57705],[8.44086,60.57693],[8.4412,60.57655]]]}},{"type":"Feature","properties":{"k":"old","n":"GREN SØPPELPLASS","a":3963,"type":"Kommunalt deponi","status":"Avsluttet"},"geometry":{"type":"Polygon","coordinates":[[[9.72283,59.96882],[9.72237,59.96912],[9.72234,59.96926],[9.72332,59.96949],[9.72381,59.96924],[9.7239,59.96906],[9.72283,59.96882]]]}},{"type":"Feature","properties":{"k":"old","n":"DØVIK - KONGSFOSS FABRIKKER","a":99,"type":"Deponi","status":"Uavklart"},"geometry":{"type":"Polygon","coordinates":[[[9.90695,59.88903],[9.90685,59.88898],[9.90675,59.88902],[9.90684,59.88908],[9.90695,59.88903]]]}},{"type":"Feature","properties":{"k":"old","n":"VASSENGEN (FYLLPLASS V/SKOTSELV)","a":99,"type":"Kommunalt deponi","status":"Uavklart"},"geometry":{"type":"Polygon","coordinates":[[[9.84964,59.849],[9.84954,59.84895],[9.84943,59.849],[9.84953,59.84905],[9.84964,59.849]]]}},{"type":"Feature","properties":{"k":"old","n":"SKOTSELV CELLULOSEFABRIKK","a":1974,"type":"Deponi","status":"Uavklart"},"geometry":{"type":"Polygon","coordinates":[[[9.89589,59.84021],[9.8957,59.84027],[9.89553,59.84127],[9.89539,59.84152],[9.89579,59.84154],[9.89585,59.84147],[9.89574,59.84095],[9.89588,59.84082],[9.89589,59.84021]]]}},{"type":"Feature","properties":{"k":"old","n":"NYMOEN","a":60728,"type":"Kommunalt deponi","status":"Uavklart"},"geometry":{"type":"Polygon","coordinates":[[[10.39311,61.26722],[10.39416,61.26651],[10.3894,61.26534],[10.38611,61.26663],[10.38529,61.26708],[10.38633,61.26736],[10.38708,61.26705],[10.38755,61.26695],[10.38865,61.26697],[10.38978,61.26717],[10.39011,61.26707],[10.3923,61.2677],[10.39311,61.26722]]]}},{"type":"Feature","properties":{"k":"old","n":"NEDRE BRENNUM","a":5043,"type":"Kommunalt deponi","status":"Uavklart"},"geometry":{"type":"Polygon","coordinates":[[[10.1418,61.19138],[10.14116,61.19143],[10.14097,61.19154],[10.14097,61.19175],[10.14133,61.19209],[10.14181,61.19214],[10.14226,61.19202],[10.14236,61.19189],[10.14231,61.1916],[10.1418,61.19138]]]}},{"type":"Feature","properties":{"k":"old","n":"Trollmyra avfallsdeponi","a":21129,"type":"Kommunalt deponi","status":"Uavklart"},"geometry":{"type":"Polygon","coordinates":[[[10.34064,60.22385],[10.33853,60.2229],[10.33753,60.22328],[10.33725,60.2236],[10.33726,60.22401],[10.33748,60.22419],[10.33855,60.22467],[10.34064,60.22385]]]}},{"type":"Feature","properties":{"k":"old","n":"Trollmyra avfallsdeponi","a":2563,"type":"Kommunalt deponi","status":"Uavklart"},"geometry":{"type":"Polygon","coordinates":[[[10.33646,60.22473],[10.33701,60.22489],[10.33758,60.22482],[10.33788,60.22452],[10.33759,60.22439],[10.33678,60.22455],[10.33646,60.22473]]]}},{"type":"Feature","properties":{"k":"old","n":"RAUHAUGEN","a":31034,"type":"Kommunalt deponi","status":"Uavklart"},"geometry":{"type":"Polygon","coordinates":[[[10.48184,60.41702],[10.48464,60.41751],[10.48464,60.41613],[10.48325,60.41503],[10.48172,60.41579],[10.48184,60.41702]]]}},{"type":"Feature","properties":{"k":"old","n":"MUUSØYA","a":9108,"type":"Kommunalt deponi","status":"Uavklart"},"geometry":{"type":"Polygon","coordinates":[[[10.15911,59.74935],[10.15783,59.74942],[10.15611,59.7496],[10.15654,59.75043],[10.15751,59.75025],[10.15743,59.74978],[10.1586,59.74966],[10.15919,59.74945],[10.15911,59.74935]]]}},{"type":"Feature","properties":{"k":"old","n":"Nøsted (deponi tilknyttet Nøsted Bruk)","a":1928,"type":"Deponi","status":"Undersøkelser gjennomført"},"geometry":{"type":"Polygon","coordinates":[[[10.26355,59.70603],[10.2635,59.70596],[10.2631,59.70627],[10.26307,59.70643],[10.26331,59.70653],[10.26356,59.70651],[10.26402,59.70626],[10.26355,59.70603]]]}},{"type":"Feature","properties":{"k":"old","n":"Drammen Jernstøberi (Norsk Gjenvinning Metall AS)","a":25771,"type":"Deponi","status":"Tiltak gjennomført"},"geometry":{"type":"Polygon","coordinates":[[[10.25464,59.72624],[10.25341,59.7256],[10.25398,59.72531],[10.25351,59.72505],[10.2534,59.72506],[10.25325,59.7251],[10.25341,59.72517],[10.2529,59.7257],[10.25234,59.72568],[10.25174,59.72597],[10.25188,59.72605],[10.25173,59.72613],[10.25181,59.72617],[10.25165,59.72632],[10.2518,59.72639],[10.25141,59.72658],[10.25305,59.72743],[10.25503,59.7265],[10.25464,59.72624]]]}},{"type":"Feature","properties":{"k":"old","n":"Gesellveien 25 (v/kirkegård)","a":7221,"type":"Kommunalt deponi","status":"Uavklart"},"geometry":{"type":"Polygon","coordinates":[[[9.64573,59.65171],[9.64608,59.65184],[9.64696,59.65198],[9.64718,59.65196],[9.64731,59.6518],[9.64732,59.65156],[9.64708,59.65125],[9.64652,59.65107],[9.6462,59.65105],[9.64602,59.65111],[9.64573,59.65144],[9.64573,59.65171]]]}},{"type":"Feature","properties":{"k":"old","n":"VEIEN SKOLE","a":4547,"type":"Kommunalt deponi","status":"Uavklart"},"geometry":{"type":"Polygon","coordinates":[[[10.23358,60.17531],[10.23392,60.17503],[10.23391,60.17468],[10.23357,60.17456],[10.23311,60.17456],[10.23282,60.17477],[10.23298,60.17535],[10.23314,60.17542],[10.23358,60.17531]]]}},{"type":"Feature","properties":{"k":"old","n":"LILLEBYSKOGEN","a":99,"type":"Kommunalt deponi","status":"Uavklart"},"geometry":{"type":"Polygon","coordinates":[[[10.25724,60.07923],[10.25715,60.07918],[10.25704,60.07923],[10.25714,60.07928],[10.25724,60.07923]]]}},{"type":"Feature","properties":{"k":"old","n":"Helgelandsmoen-Deponi, myr ved stasjon","a":489,"type":"Deponi","status":"Uavklart"},"geometry":{"type":"Polygon","coordinates":[[[10.21151,60.11209],[10.21166,60.1119],[10.2116,60.11182],[10.2113,60.11177],[10.21126,60.11198],[10.21151,60.11209]]]}},{"type":"Feature","properties":{"k":"old","n":"Gulsvikskogen (Gulvikskogen)","a":2261,"type":"Kommunalt deponi","status":"Uavklart"},"geometry":{"type":"Polygon","coordinates":[[[9.52999,60.38661],[9.52987,60.38653],[9.52947,60.38647],[9.52925,60.38652],[9.52911,60.38672],[9.52931,60.38694],[9.52961,60.38699],[9.52979,60.38696],[9.52999,60.38681],[9.52999,60.38661]]]}},{"type":"Feature","properties":{"k":"old","n":"RUD AVFALLSPLASS","a":99,"type":"Kommunalt deponi","status":"Uavklart"},"geometry":{"type":"Polygon","coordinates":[[[9.07852,60.60371],[9.07843,60.60365],[9.07831,60.6037],[9.07841,60.60375],[9.07852,60.60371]]]}},{"type":"Feature","properties":{"k":"old","n":"SANDBEKK-KLYPE","a":8649,"type":"Deponi","status":"Uavklart"},"geometry":{"type":"Polygon","coordinates":[[[9.12923,60.55738],[9.12893,60.55733],[9.12868,60.55743],[9.12741,60.5582],[9.12775,60.55839],[9.12722,60.55863],[9.12794,60.55895],[9.12862,60.55836],[9.1293,60.55746],[9.12923,60.55738]]]}},{"type":"Feature","properties":{"k":"old","n":"SLÅTTO","a":1188,"type":"Kommunalt deponi","status":"Uavklart"},"geometry":{"type":"Polygon","coordinates":[[[8.88519,60.69266],[8.88522,60.69254],[8.88482,60.69247],[8.8845,60.69281],[8.88458,60.69291],[8.88498,60.69287],[8.88519,60.69266]]]}},{"type":"Feature","properties":{"k":"old","n":"HEMSIL","a":99,"type":"Kommunalt deponi","status":"Uavklart"},"geometry":{"type":"Polygon","coordinates":[[[8.65274,60.80956],[8.65264,60.8095],[8.65253,60.80955],[8.65262,60.8096],[8.65274,60.80956]]]}},{"type":"Feature","properties":{"k":"old","n":"HOVET AVFALLSPLASS","a":99,"type":"Kommunalt deponi","status":"Uavklart"},"geometry":{"type":"Polygon","coordinates":[[[8.20623,60.61889],[8.20614,60.61883],[8.20603,60.61887],[8.20612,60.61893],[8.20623,60.61889]]]}},{"type":"Feature","properties":{"k":"old","n":"GEILO (GAMMEL FYLLING)","a":1813,"type":"Kommunalt deponi","status":"Uavklart"},"geometry":{"type":"Polygon","coordinates":[[[8.23574,60.53651],[8.23505,60.53636],[8.23496,60.5365],[8.23513,60.53668],[8.23564,60.53689],[8.23607,60.53661],[8.23574,60.53651]]]}},{"type":"Feature","properties":{"k":"old","n":"Gatedalen miljøanlegg","a":35617,"type":"Kommunalt deponi","status":"Overvåking"},"geometry":{"type":"Polygon","coordinates":[[[11.11783,59.26037],[11.12031,59.25994],[11.11759,59.2583],[11.11486,59.2594],[11.11783,59.26037]]]}},{"type":"Feature","properties":{"k":"old","n":"Saint-Gobain Ceramic Materials AS,  Bukkevika (ARE","a":106237,"type":"Deponi","status":"Uavklart"},"geometry":{"type":"Polygon","coordinates":[[[8.8794,58.50127],[8.88001,58.50138],[8.88007,58.50131],[8.88056,58.50134],[8.8807,58.50125],[8.88109,58.50133],[8.88113,58.50121],[8.8815,58.50127],[8.88204,58.50125],[8.88231,58.50114],[8.88294,58.50134],[8.88394,58.50137],[8.88419,58.50148],[8.88448,58.50178],[8.88485,58.50184],[8.88499,58.50195],[8.8851,58.50178],[8.88498,58.50164],[8.88515,58.50152],[8.8853,58.50151],[8.88547,58.50157],[8.8858,58.5015],[8.88629,58.50166],[8.88622,58.50156],[8.88631,58.5015],[8.88672,58.50174],[8.88685,58.50168],[8.88695,58.50181],[8.88704,58.50179],[8.88723,58.50188],[8.88729,58.50176],[8.88708,58.50152],[8.88722,58.50148],[8.88719,58.5014],[8.88758,58.5014],[8.88783,58.50128],[8.88541,58.50112],[8.88386,58.50088],[8.88227,58.50051],[8.88167,58.50067],[8.88027,58.49996],[8.88089,58.4993],[8.88031,58.49916],[8.88153,58.49821],[8.88179,58.49767],[8.88095,58.49764],[8.88031,58.49752],[8.8793,58.49715],[8.87895,58.49687],[8.87755,58.49779],[8.87509,58.4979],[8.87476,58.49817],[8.87499,58.49814],[8.87688,58.49867],[8.87727,58.4986],[8.8776,58.49868],[8.87755,58.49878],[8.87766,58.49891],[8.87851,58.4992],[8.87829,58.49939],[8.87974,58.49987],[8.87949,58.50018],[8.87931,58.50072],[8.87754,58.50066],[8.87678,58.50076],[8.87738,58.50097],[8.87738,58.50085],[8.87773,58.50083],[8.87761,58.50129],[8.8774,58.50142],[8.87775,58.50149],[8.87781,58.50144],[8.87769,58.50139],[8.87791,58.5008],[8.8785,58.50081],[8.87851,58.50107],[8.87817,58.50126],[8.87958,58.50173],[8.87958,58.5016],[8.87927,58.50134],[8.8794,58.50127]]]}},{"type":"Feature","properties":{"k":"old","n":"Rannekleiv","a":20514,"type":"Kommunalt deponi","status":"Avsluttet"},"geometry":{"type":"Polygon","coordinates":[[[8.69901,58.42528],[8.69943,58.42554],[8.69966,58.42497],[8.69964,58.42431],[8.69926,58.42398],[8.69836,58.42347],[8.69746,58.42324],[8.69695,58.42376],[8.69699,58.42393],[8.69764,58.42442],[8.69858,58.42494],[8.69901,58.42528]]]}},{"type":"Feature","properties":{"k":"old","n":"BRÅSTAD 1","a":12425,"type":"Deponi","status":"Avsluttet"},"geometry":{"type":"Polygon","coordinates":[[[8.70194,58.46308],[8.70185,58.46307],[8.70195,58.46324],[8.70135,58.46374],[8.70092,58.46383],[8.701,58.46394],[8.70163,58.46422],[8.70256,58.46479],[8.7037,58.46422],[8.7025,58.46365],[8.70194,58.46308]]]}},{"type":"Feature","properties":{"k":"old","n":"Rygene-Smith og Thommessen - tidligere deponi","a":40085,"type":"Deponi","status":"Uavklart"},"geometry":{"type":"Polygon","coordinates":[[[8.64631,58.40662],[8.64498,58.40642],[8.64412,58.40604],[8.64377,58.40555],[8.644,58.40547],[8.64436,58.40547],[8.64436,58.40539],[8.64444,58.40542],[8.64441,58.40533],[8.64433,58.40531],[8.64432,58.40536],[8.64404,58.40522],[8.64392,58.40498],[8.64413,58.40492],[8.64427,58.40466],[8.6441,58.40453],[8.64432,58.40443],[8.64454,58.40404],[8.64394,58.40391],[8.64293,58.40385],[8.64286,58.40402],[8.6422,58.40469],[8.64198,58.40502],[8.64197,58.4052],[8.64181,58.40526],[8.6418,58.40568],[8.64159,58.40584],[8.64161,58.40659],[8.64185,58.40636],[8.64169,58.4059],[8.64191,58.40576],[8.64251,58.40583],[8.64272,58.4063],[8.64531,58.40716],[8.64615,58.4069],[8.64631,58.40662]]]}},{"type":"Feature","properties":{"k":"old","n":"ØRJE SENTRUM IDRETTSPLASS.","a":77352,"type":"Kommunalt deponi","status":"Avsluttet"},"geometry":{"type":"Polygon","coordinates":[[[11.65675,59.47573],[11.65674,59.47566],[11.65524,59.47544],[11.65536,59.47514],[11.65526,59.47435],[11.65633,59.47439],[11.65639,59.47427],[11.65725,59.47432],[11.65785,59.47306],[11.65652,59.47253],[11.65594,59.47223],[11.65575,59.47224],[11.65573,59.47212],[11.65499,59.47232],[11.65438,59.47237],[11.65432,59.47259],[11.65384,59.47283],[11.65343,59.47283],[11.65333,59.47259],[11.65255,59.47304],[11.65238,59.47331],[11.65232,59.47382],[11.65192,59.47434],[11.65183,59.47512],[11.65382,59.47515],[11.65538,59.47551],[11.65675,59.47573]]]}},{"type":"Feature","properties":{"k":"old","n":"Mile avfallsdeponi","a":54797,"type":"Kommunalt deponi","status":"Overvåking"},"geometry":{"type":"Polygon","coordinates":[[[10.02782,59.74623],[10.02938,59.74629],[10.02963,59.74558],[10.03403,59.74595],[10.03438,59.74517],[10.03267,59.74475],[10.0303,59.74443],[10.02747,59.74458],[10.02721,59.7449],[10.02729,59.74544],[10.02782,59.74623]]]}},{"type":"Feature","properties":{"k":"old","n":"Mjøndalen Kalkfabrikk","a":29028,"type":"Deponi","status":"Uavklart"},"geometry":{"type":"Polygon","coordinates":[[[10.01856,59.73595],[10.0186,59.7364],[10.01902,59.73674],[10.02029,59.73709],[10.02113,59.73721],[10.02124,59.73708],[10.02108,59.73692],[10.02115,59.73688],[10.02217,59.73709],[10.02268,59.73693],[10.02273,59.73683],[10.02261,59.73676],[10.02098,59.73641],[10.02049,59.73603],[10.01953,59.73573],[10.01935,59.7354],[10.01829,59.73494],[10.01803,59.73486],[10.01767,59.73488],[10.01705,59.73513],[10.0171,59.73532],[10.01759,59.73563],[10.01785,59.73569],[10.01822,59.73564],[10.01839,59.73569],[10.01856,59.73595]]]}},{"type":"Feature","properties":{"k":"old","n":"SOLBERG SPINNERI","a":774,"type":"Deponi","status":"Uavklart"},"geometry":{"type":"Polygon","coordinates":[[[10.08108,59.76708],[10.08125,59.7672],[10.08137,59.76719],[10.0811,59.76702],[10.08114,59.76691],[10.08085,59.76691],[10.08093,59.76698],[10.08073,59.76722],[10.08076,59.76754],[10.08039,59.76781],[10.08061,59.76808],[10.08047,59.76781],[10.08081,59.76754],[10.08078,59.76723],[10.08108,59.76708]]]}},{"type":"Feature","properties":{"k":"old","n":"Lierstranda","a":21466,"type":"Kommunalt deponi","status":"Undersøkelser gjennomført"},"geometry":{"type":"Polygon","coordinates":[[[10.24172,59.74545],[10.24109,59.74553],[10.24002,59.74594],[10.23966,59.74634],[10.23969,59.74654],[10.2401,59.74677],[10.24252,59.74738],[10.24264,59.74727],[10.24092,59.74685],[10.24123,59.74647],[10.24242,59.74672],[10.24189,59.74708],[10.24265,59.74727],[10.243,59.74687],[10.24241,59.74666],[10.2425,59.74593],[10.24213,59.74558],[10.24172,59.74545]]]}},{"type":"Feature","properties":{"k":"old","n":"Juel Fuglerud industrideponi","a":17659,"type":"Deponi","status":"Overvåking"},"geometry":{"type":"Polygon","coordinates":[[[10.28619,59.89135],[10.28548,59.89121],[10.2851,59.89123],[10.28477,59.89179],[10.28527,59.89207],[10.28537,59.89272],[10.28549,59.89282],[10.28587,59.89291],[10.28707,59.89278],[10.28723,59.89269],[10.28727,59.89243],[10.28703,59.892],[10.28649,59.89149],[10.28619,59.89135]]]}},{"type":"Feature","properties":{"k":"old","n":"MORTENSRUD","a":273978,"type":"Kommunalt deponi","status":"Uavklart"},"geometry":{"type":"Polygon","coordinates":[[[10.46005,59.73271],[10.46162,59.73279],[10.46173,59.7325],[10.46382,59.73235],[10.46683,59.732],[10.46647,59.73161],[10.46598,59.73129],[10.46638,59.73093],[10.46535,59.73064],[10.46469,59.73007],[10.46469,59.72972],[10.46238,59.73046],[10.46169,59.73053],[10.46093,59.73023],[10.46108,59.72915],[10.46098,59.72876],[10.46349,59.72867],[10.46363,59.7284],[10.46444,59.72801],[10.4644,59.72774],[10.46397,59.72741],[10.46399,59.72717],[10.46359,59.72694],[10.46313,59.72571],[10.46275,59.72545],[10.46173,59.72566],[10.46066,59.72571],[10.46009,59.72583],[10.45982,59.72595],[10.45999,59.72611],[10.4597,59.72618],[10.45935,59.72647],[10.45886,59.72631],[10.45871,59.72638],[10.45835,59.72662],[10.45948,59.72758],[10.45847,59.72788],[10.45862,59.72908],[10.45787,59.72902],[10.45673,59.72925],[10.4564,59.72941],[10.45604,59.72976],[10.45596,59.73001],[10.45649,59.73043],[10.45588,59.73065],[10.45594,59.73076],[10.45572,59.73093],[10.45562,59.73129],[10.45674,59.73268],[10.45768,59.7328],[10.45837,59.73303],[10.45894,59.73283],[10.46005,59.73271]],[[10.46156,59.7307],[10.46181,59.73101],[10.46153,59.7312],[10.46111,59.73125],[10.46099,59.7308],[10.46156,59.7307]]]}},{"type":"Feature","properties":{"k":"old","n":"ØYI FYLLPLASS (ØYA FYLLPLASS)","a":5657,"type":"Kommunalt deponi","status":"Uavklart"},"geometry":{"type":"Polygon","coordinates":[[[9.1783,60.04717],[9.17876,60.04693],[9.17865,60.04617],[9.17854,60.04603],[9.1782,60.04597],[9.17764,60.04644],[9.17789,60.04696],[9.1783,60.04717]]]}},{"type":"Feature","properties":{"k":"old","n":"INDRE HAVN","a":108512,"type":"Kommunalt deponi","status":"Overvåking"},"geometry":{"type":"Polygon","coordinates":[[[10.47899,59.42323],[10.47911,59.42325],[10.47918,59.42355],[10.4795,59.42356],[10.4796,59.42317],[10.48036,59.42316],[10.48301,59.42333],[10.48569,59.42375],[10.4861,59.42345],[10.48564,59.4231],[10.48566,59.42303],[10.48587,59.42292],[10.48612,59.4226],[10.48555,59.42252],[10.48456,59.42218],[10.48342,59.42209],[10.48327,59.42242],[10.4807,59.4223],[10.48033,59.42236],[10.4796,59.42261],[10.47876,59.42272],[10.47766,59.42276],[10.47753,59.42271],[10.47722,59.42181],[10.47733,59.42154],[10.47708,59.42156],[10.477,59.42145],[10.47629,59.42179],[10.46962,59.42417],[10.46762,59.42495],[10.46815,59.42529],[10.46852,59.42541],[10.46877,59.42535],[10.46869,59.42534],[10.46874,59.42523],[10.47047,59.42454],[10.47303,59.42386],[10.47406,59.42364],[10.47634,59.42332],[10.47778,59.42322],[10.47899,59.42323]]]}},{"type":"Feature","properties":{"k":"old","n":"MJØSSTRANDA","a":34673,"type":"Kommunalt deponi","status":"Uavklart"},"geometry":{"type":"Polygon","coordinates":[[[10.70024,60.79584],[10.69731,60.79579],[10.69687,60.79588],[10.69655,60.79654],[10.69652,60.79752],[10.69788,60.7977],[10.69799,60.79755],[10.6986,60.79755],[10.69901,60.79744],[10.70042,60.79618],[10.70048,60.79593],[10.70024,60.79584]]]}},{"type":"Feature","properties":{"k":"old","n":"STRANDA FYLLPLASS/HUNTONSTRANDA","a":166,"type":"Deponi","status":"Avsluttet"},"geometry":{"type":"Polygon","coordinates":[[[10.69834,60.7906],[10.69825,60.79038],[10.69811,60.79041],[10.69837,60.79072],[10.69834,60.7906]]]}},{"type":"Feature","properties":{"k":"old","n":"Damstedet - turbinledning - massedeponi","a":1284,"type":"Deponi","status":"Avsluttet"},"geometry":{"type":"Polygon","coordinates":[[[10.64059,60.7757],[10.64043,60.77574],[10.64314,60.77684],[10.64318,60.77681],[10.64059,60.7757]]]}},{"type":"Feature","properties":{"k":"old","n":"GRANLIEN GRUSTAK","a":99,"type":"Kommunalt deponi","status":"Uavklart"},"geometry":{"type":"Polygon","coordinates":[[[10.13633,61.19484],[10.13624,61.19479],[10.13612,61.19483],[10.13622,61.19489],[10.13633,61.19484]]]}},{"type":"Feature","properties":{"k":"old","n":"Sanitetsmagasin Østlandet - Renseanlegg","a":25209,"type":"Deponi","status":"Uavklart"},"geometry":{"type":"Polygon","coordinates":[[[10.8592,60.71772],[10.85971,60.71728],[10.86031,60.71722],[10.86079,60.71706],[10.86022,60.71657],[10.86002,60.71663],[10.85816,60.71648],[10.85743,60.71674],[10.857,60.71706],[10.8566,60.71772],[10.85658,60.71811],[10.85706,60.71823],[10.85779,60.71766],[10.8589,60.71801],[10.85832,60.71845],[10.85856,60.71852],[10.85848,60.71858],[10.85897,60.71873],[10.85904,60.71868],[10.8586,60.71854],[10.8587,60.71841],[10.85944,60.71805],[10.85909,60.71787],[10.8592,60.71772]],[[10.85748,60.71722],[10.85777,60.71731],[10.85765,60.71741],[10.85792,60.71751],[10.85777,60.71763],[10.85754,60.71756],[10.85736,60.71763],[10.85707,60.71754],[10.85748,60.71722]],[[10.85738,60.71786],[10.85725,60.71782],[10.85738,60.71772],[10.85751,60.71776],[10.85738,60.71786]]]}},{"type":"Feature","properties":{"k":"old","n":"GRANDVIKA","a":9192,"type":"Kommunalt deponi","status":"Uavklart"},"geometry":{"type":"Polygon","coordinates":[[[9.9995,59.96948],[9.99979,59.96935],[9.9999,59.96915],[9.99885,59.96804],[9.99787,59.96831],[9.99901,59.96941],[9.99915,59.96947],[9.99924,59.96943],[9.99934,59.96949],[9.9995,59.96948]]]}},{"type":"Feature","properties":{"k":"old","n":"V/DRAMMENSELVEN PAPIRFABRIKK","a":20311,"type":"Deponi","status":"Uavklart"},"geometry":{"type":"Polygon","coordinates":[[[9.96107,59.92876],[9.96193,59.9288],[9.96218,59.92894],[9.96322,59.92912],[9.9632,59.92928],[9.96401,59.92907],[9.96434,59.92908],[9.96442,59.92895],[9.96429,59.92856],[9.96391,59.92857],[9.96371,59.9278],[9.96328,59.92775],[9.96221,59.92782],[9.96229,59.92857],[9.96022,59.92848],[9.96,59.92857],[9.96037,59.9287],[9.96,59.92908],[9.9606,59.92924],[9.96077,59.92921],[9.96107,59.92876]]]}},{"type":"Feature","properties":{"k":"old","n":"Burud fyllplass","a":37305,"type":"Kommunalt deponi","status":"Overvåking"},"geometry":{"type":"Polygon","coordinates":[[[9.88722,59.81098],[9.88707,59.81207],[9.88632,59.81243],[9.88605,59.81271],[9.88587,59.81319],[9.88576,59.81407],[9.88592,59.81427],[9.88644,59.81446],[9.88659,59.81459],[9.88649,59.81523],[9.88672,59.81534],[9.8872,59.81538],[9.8874,59.81528],[9.88747,59.81433],[9.88772,59.81354],[9.8877,59.81326],[9.88809,59.81255],[9.88816,59.81207],[9.88809,59.81151],[9.88782,59.81097],[9.88748,59.81087],[9.88733,59.81088],[9.88722,59.81098]]]}},{"type":"Feature","properties":{"k":"old","n":"ØDEGÅRDEN (FYLLPLASS V/HOKKSUND)","a":9308,"type":"Kommunalt deponi","status":"Uavklart"},"geometry":{"type":"Polygon","coordinates":[[[9.84961,59.7594],[9.84672,59.76017],[9.84717,59.76055],[9.84992,59.75987],[9.84961,59.7594]]]}},{"type":"Feature","properties":{"k":"old","n":"PLANTESKOLEN, FYLLING V/SEM","a":15181,"type":"Kommunalt deponi","status":"Uavklart"},"geometry":{"type":"Polygon","coordinates":[[[9.88643,59.76178],[9.88605,59.76156],[9.88615,59.76194],[9.8845,59.76254],[9.88567,59.76326],[9.88762,59.76253],[9.88793,59.76247],[9.88725,59.76225],[9.88643,59.76178]]]}},{"type":"Feature","properties":{"k":"old","n":"VESTFOSSEN CELLULOSEFABRIKK","a":99,"type":"Deponi","status":"Uavklart"},"geometry":{"type":"Polygon","coordinates":[[[9.87606,59.73389],[9.87597,59.73383],[9.87586,59.73388],[9.87595,59.73393],[9.87606,59.73389]]]}},{"type":"Feature","properties":{"k":"old","n":"HORGEN BYGGESYSTEMER","a":2038,"type":"Deponi","status":"Uavklart"},"geometry":{"type":"Polygon","coordinates":[[[9.94093,59.76546],[9.94161,59.76563],[9.94172,59.76536],[9.94109,59.76502],[9.94067,59.7654],[9.94093,59.76546]]]}},{"type":"Feature","properties":{"k":"old","n":"Norske Skog Follum - Ådalsvika","a":159969,"type":"Deponi","status":"Uavklart"},"geometry":{"type":"Polygon","coordinates":[[[10.24128,60.20692],[10.24149,60.20692],[10.24239,60.2063],[10.24226,60.20628],[10.24196,60.20645],[10.24201,60.20638],[10.24158,60.20581],[10.24233,60.20577],[10.24261,60.20566],[10.24319,60.20558],[10.24365,60.20544],[10.24313,60.20576],[10.24317,60.20581],[10.24374,60.20551],[10.24397,60.20527],[10.24431,60.20515],[10.24612,60.20471],[10.24718,60.20438],[10.24749,60.2042],[10.248,60.20412],[10.24819,60.20403],[10.24862,60.20411],[10.24912,60.20387],[10.24958,60.20341],[10.24889,60.20263],[10.24919,60.20175],[10.24931,60.20173],[10.24925,60.20156],[10.24882,60.20151],[10.24914,60.20147],[10.24888,60.20135],[10.24928,60.20108],[10.2496,60.20102],[10.24965,60.20089],[10.24913,60.2008],[10.24636,60.20152],[10.24587,60.20134],[10.24532,60.20152],[10.24446,60.20216],[10.244,60.20192],[10.24355,60.20156],[10.24347,60.20263],[10.24321,60.20331],[10.24295,60.20363],[10.24238,60.2042],[10.24103,60.20501],[10.2397,60.2061],[10.23956,60.20607],[10.23907,60.20645],[10.23889,60.20678],[10.23899,60.20696],[10.23879,60.20733],[10.23983,60.2076],[10.23991,60.20747],[10.24022,60.20742],[10.24024,60.20735],[10.24076,60.20713],[10.24089,60.207],[10.24128,60.20692]],[[10.24626,60.20241],[10.24694,60.20244],[10.24699,60.20284],[10.246,60.20268],[10.24626,60.20241]]]}},{"type":"Feature","properties":{"k":"old","n":"ØDEGÅRDVIKA","a":2194,"type":"Deponi","status":"Uavklart"},"geometry":{"type":"Polygon","coordinates":[[[10.29929,60.0741],[10.29934,60.07398],[10.29915,60.07378],[10.29869,60.07373],[10.29841,60.07381],[10.29845,60.07416],[10.2989,60.0742],[10.29929,60.0741]]]}},{"type":"Feature","properties":{"k":"old","n":"HUSEMOEN","a":40618,"type":"Kommunalt deponi","status":"Uavklart"},"geometry":{"type":"Polygon","coordinates":[[[9.13961,60.61708],[9.13722,60.61628],[9.13692,60.6166],[9.13696,60.61667],[9.13636,60.61663],[9.13978,60.61782],[9.14493,60.61941],[9.14658,60.6198],[9.14735,60.61992],[9.14768,60.61948],[9.14645,60.61921],[9.14343,60.61835],[9.13961,60.61708]]]}},{"type":"Feature","properties":{"k":"old","n":"Fuglehaugen II","a":99,"type":"Kommunalt deponi","status":"Uavklart"},"geometry":{"type":"Polygon","coordinates":[[[8.77246,60.7985],[8.77237,60.79845],[8.77226,60.79849],[8.77235,60.79855],[8.77246,60.7985]]]}},{"type":"Feature","properties":{"k":"old","n":"Tukudalen grovfyllplass","a":6334,"type":"Kommunalt deponi","status":"Overvåking"},"geometry":{"type":"Polygon","coordinates":[[[9.6804,60.05229],[9.68081,60.05294],[9.68182,60.0528],[9.68214,60.05245],[9.68158,60.0521],[9.68085,60.05209],[9.6804,60.05229]]]}},{"type":"Feature","properties":{"k":"old","n":"ENGER FYLLPLASS","a":5535,"type":"Kommunalt deponi","status":"Uavklart"},"geometry":{"type":"Polygon","coordinates":[[[9.91801,59.88938],[9.91879,59.88922],[9.9172,59.88873],[9.91651,59.88913],[9.91704,59.88944],[9.91753,59.88947],[9.91801,59.88938]]]}},{"type":"Feature","properties":{"k":"old","n":"ENGER FYLLPLASS","a":25500,"type":"Kommunalt deponi","status":"Uavklart"},"geometry":{"type":"MultiPolygon","coordinates":[[[[9.91384,59.89399],[9.91408,59.894],[9.91425,59.89386],[9.91426,59.89396],[9.91449,59.89368],[9.91412,59.893],[9.91374,59.89311],[9.91256,59.89117],[9.91236,59.89064],[9.91244,59.88941],[9.91222,59.88866],[9.91228,59.88847],[9.912,59.88781],[9.91177,59.88742],[9.9112,59.88683],[9.91047,59.88636],[9.91049,59.88623],[9.91048,59.88646],[9.91063,59.88677],[9.91092,59.88687],[9.91149,59.88736],[9.91188,59.88824],[9.91185,59.88854],[9.91197,59.88862],[9.91182,59.88913],[9.91204,59.88963],[9.91191,59.88974],[9.91206,59.8898],[9.91186,59.88995],[9.91201,59.89057],[9.91194,59.89071],[9.91178,59.89065],[9.91166,59.89071],[9.91162,59.89086],[9.91171,59.89099],[9.91198,59.891],[9.91199,59.89108],[9.91185,59.89107],[9.91205,59.89141],[9.91209,59.89175],[9.91234,59.89192],[9.9125,59.89188],[9.9126,59.89192],[9.91283,59.89222],[9.91285,59.89212],[9.91301,59.89227],[9.91351,59.89323],[9.91336,59.89349],[9.91357,59.89365],[9.91348,59.89389],[9.91378,59.89402],[9.91384,59.89399]]],[[[9.91203,59.88686],[9.91085,59.88625],[9.91085,59.88608],[9.91136,59.88569],[9.91119,59.88552],[9.91121,59.88559],[9.91091,59.88573],[9.91087,59.8859],[9.9107,59.88591],[9.91057,59.886],[9.9105,59.88621],[9.91124,59.88672],[9.91143,59.88671],[9.91159,59.88677],[9.91164,59.88704],[9.91248,59.88701],[9.91203,59.88686]]]]}},{"type":"Feature","properties":{"k":"old","n":"BREIVIK GÅRD","a":2069,"type":"Deponi","status":"Uavklart"},"geometry":{"type":"Polygon","coordinates":[[[9.91536,59.90122],[9.9159,59.90112],[9.9156,59.90058],[9.915,59.90073],[9.91536,59.90122]]]}},{"type":"Feature","properties":{"k":"old","n":"Brynildsens Fabrikker","a":23659,"type":"Deponi","status":"Avsluttet"},"geometry":{"type":"Polygon","coordinates":[[[10.92413,59.21649],[10.9222,59.21615],[10.92201,59.21619],[10.92003,59.21583],[10.91934,59.21654],[10.92348,59.21732],[10.92394,59.21695],[10.92419,59.21658],[10.92413,59.21649]]]}},{"type":"Feature","properties":{"k":"old","n":"Roaskogen, Norcem Fabrikker","a":9563,"type":"Deponi","status":"Uavklart"},"geometry":{"type":"Polygon","coordinates":[[[9.88462,59.76616],[9.88502,59.76604],[9.88507,59.76588],[9.88388,59.76537],[9.8833,59.76529],[9.88265,59.76549],[9.88256,59.7657],[9.88328,59.76607],[9.88399,59.76619],[9.88462,59.76616]]]}},{"type":"Feature","properties":{"k":"old","n":"Saint-Gobain Ceramic Materials AS - SKORROBEKKEN 2","a":99,"type":"Deponi","status":"Uavklart"},"geometry":{"type":"Polygon","coordinates":[[[8.2762,58.28304],[8.27612,58.28298],[8.27601,58.28303],[8.2761,58.28308],[8.2762,58.28304]]]}},{"type":"Feature","properties":{"k":"old","n":"Epletveitsletta avfallsplass","a":1296,"type":"Kommunalt deponi","status":"Uavklart"},"geometry":{"type":"Polygon","coordinates":[[[8.51982,58.80119],[8.51956,58.8008],[8.51914,58.80095],[8.51911,58.80107],[8.51927,58.8012],[8.51982,58.80119]]]}},{"type":"Feature","properties":{"k":"old","n":"Nidarå deponi","a":5167,"type":"Deponi","status":"Uavklart"},"geometry":{"type":"Polygon","coordinates":[[[8.59797,58.708],[8.59684,58.70854],[8.5969,58.70867],[8.59712,58.70871],[8.59802,58.70865],[8.59852,58.70852],[8.5986,58.70822],[8.59853,58.70815],[8.59811,58.70798],[8.59797,58.708]]]}},{"type":"Feature","properties":{"k":"old","n":"MOENFYLLINGA","a":61656,"type":"Kommunalt deponi","status":"Avsluttet"},"geometry":{"type":"Polygon","coordinates":[[[11.16643,59.56557],[11.16528,59.5656],[11.16566,59.56607],[11.16485,59.56745],[11.1644,59.5679],[11.16449,59.56819],[11.16442,59.56968],[11.16556,59.56974],[11.16622,59.56938],[11.16704,59.56927],[11.16724,59.56916],[11.16746,59.56896],[11.16731,59.56873],[11.16797,59.56881],[11.16818,59.56863],[11.16784,59.56848],[11.16612,59.56846],[11.1662,59.56808],[11.16731,59.56721],[11.16832,59.56694],[11.16795,59.56627],[11.16784,59.56568],[11.16643,59.56557]]]}},{"type":"Feature","properties":{"k":"old","n":"REVHAUGFYLLINGA","a":37679,"type":"Deponi","status":"Overvåking"},"geometry":{"type":"Polygon","coordinates":[[[11.16021,59.56391],[11.15925,59.56588],[11.16235,59.56622],[11.16316,59.56465],[11.16314,59.56449],[11.16277,59.56437],[11.16111,59.56415],[11.16021,59.56391]]]}},{"type":"Feature","properties":{"k":"old","n":"STØA","a":6761,"type":"Kommunalt deponi","status":"Avsluttet"},"geometry":{"type":"Polygon","coordinates":[[[10.74623,59.3943],[10.74518,59.39388],[10.74419,59.39457],[10.7451,59.39494],[10.74623,59.3943]]]}},{"type":"Feature","properties":{"k":"old","n":"Eikjol","a":12645,"type":"Kommunalt deponi","status":"Uavklart"},"geometry":{"type":"Polygon","coordinates":[[[10.89672,59.75114],[10.8958,59.75123],[10.89519,59.75137],[10.89515,59.75148],[10.89583,59.75169],[10.89646,59.7522],[10.898,59.75189],[10.89823,59.75174],[10.89758,59.75122],[10.89672,59.75114]]]}},{"type":"Feature","properties":{"k":"old","n":"Gislerud","a":2975,"type":"Kommunalt deponi","status":"Avsluttet"},"geometry":{"type":"Polygon","coordinates":[[[10.66416,59.67917],[10.66431,59.67932],[10.66469,59.67916],[10.66479,59.67903],[10.66476,59.67884],[10.66436,59.67865],[10.664,59.67862],[10.66364,59.67867],[10.66416,59.67917]]]}},{"type":"Feature","properties":{"k":"old","n":"Mile avfallsdeponi","a":35043,"type":"Kommunalt deponi","status":"Overvåking"},"geometry":{"type":"Polygon","coordinates":[[[10.03337,59.74589],[10.02964,59.74559],[10.02937,59.74629],[10.03653,59.74672],[10.03672,59.74656],[10.03515,59.74532],[10.03439,59.74517],[10.03403,59.74595],[10.03337,59.74589]]]}},{"type":"Feature","properties":{"k":"old","n":"Steinberg Bilopphoggeri","a":7499,"type":"Deponi","status":"Uavklart"},"geometry":{"type":"Polygon","coordinates":[[[9.99494,59.75622],[9.99469,59.75621],[9.99468,59.75614],[9.99479,59.75615],[9.99447,59.75572],[9.99312,59.75613],[9.99317,59.75662],[9.99486,59.75658],[9.99501,59.75646],[9.99494,59.75622]]]}},{"type":"Feature","properties":{"k":"old","n":"Lierstranda","a":3112,"type":"Kommunalt deponi","status":"Undersøkelser gjennomført"},"geometry":{"type":"Polygon","coordinates":[[[10.24093,59.74684],[10.24188,59.74708],[10.2424,59.74672],[10.24124,59.74648],[10.24093,59.74684]]]}},{"type":"Feature","properties":{"k":"old","n":"Vivelstadfyllinga","a":18239,"type":"Deponi","status":"Uavklart"},"geometry":{"type":"Polygon","coordinates":[[[10.21456,59.77362],[10.21479,59.77397],[10.21545,59.77413],[10.21691,59.77427],[10.2183,59.77351],[10.21751,59.77291],[10.21456,59.77362]]]}},{"type":"Feature","properties":{"k":"old","n":"BRYNSHOLMEN","a":29927,"type":"Kommunalt deponi","status":"Uavklart"},"geometry":{"type":"Polygon","coordinates":[[[10.44131,59.7527],[10.44158,59.75172],[10.44247,59.75075],[10.44235,59.75065],[10.44238,59.75046],[10.44212,59.75036],[10.44211,59.75018],[10.44237,59.75004],[10.44277,59.75004],[10.44334,59.75025],[10.44371,59.75031],[10.44384,59.75026],[10.44402,59.75001],[10.44411,59.74948],[10.44387,59.74921],[10.44369,59.74914],[10.44221,59.74923],[10.44151,59.74935],[10.44131,59.74951],[10.44129,59.74963],[10.44167,59.74995],[10.44151,59.75018],[10.44107,59.75023],[10.44069,59.75012],[10.43953,59.7502],[10.43957,59.75039],[10.4399,59.75067],[10.44018,59.75081],[10.44133,59.75113],[10.44149,59.75126],[10.44156,59.75161],[10.44121,59.75289],[10.44131,59.7527]]]}},{"type":"Feature","properties":{"k":"old","n":"RØDBERG FYLLPLASS","a":946,"type":"Kommunalt deponi","status":"Uavklart"},"geometry":{"type":"Polygon","coordinates":[[[8.97264,60.26423],[8.97273,60.26448],[8.97323,60.26447],[8.97316,60.26414],[8.97264,60.26423]]]}},{"type":"Feature","properties":{"k":"old","n":"ESSO VALLØY - tidligere raffineri og syrebekdeponi","a":265830,"type":"Deponi","status":"Tiltak igangsatt"},"geometry":{"type":"Polygon","coordinates":[[[10.49902,59.26266],[10.49984,59.262],[10.49999,59.26142],[10.50039,59.26122],[10.50038,59.26135],[10.50059,59.26127],[10.50073,59.261],[10.50082,59.26106],[10.50093,59.26104],[10.50079,59.26088],[10.50093,59.26081],[10.50091,59.26007],[10.50147,59.25986],[10.50162,59.25972],[10.50238,59.25842],[10.50233,59.25822],[10.50175,59.25759],[10.50195,59.25738],[10.50182,59.25696],[10.50209,59.25648],[10.50188,59.25641],[10.50184,59.25629],[10.50196,59.25585],[10.50215,59.2557],[10.50267,59.25554],[10.50299,59.25554],[10.50358,59.25571],[10.50428,59.25563],[10.50447,59.2555],[10.50453,59.25533],[10.5044,59.25529],[10.50434,59.2551],[10.50399,59.25489],[10.50358,59.25488],[10.50317,59.25501],[10.50283,59.25493],[10.50304,59.25514],[10.50269,59.2554],[10.50254,59.25537],[10.50262,59.25543],[10.50256,59.25549],[10.50206,59.2557],[10.50174,59.2557],[10.50119,59.25558],[10.50076,59.25563],[10.50071,59.25572],[10.5005,59.25572],[10.5005,59.25567],[10.49952,59.25631],[10.49862,59.25673],[10.49782,59.25665],[10.49734,59.25646],[10.49737,59.25631],[10.49767,59.25619],[10.49762,59.25602],[10.49753,59.25605],[10.49726,59.25595],[10.49737,59.25578],[10.49727,59.25557],[10.49706,59.2558],[10.49712,59.25609],[10.49726,59.25621],[10.49707,59.25657],[10.49664,59.25673],[10.4967,59.25678],[10.49653,59.25686],[10.49536,59.25713],[10.4945,59.25741],[10.49425,59.25737],[10.4943,59.25748],[10.49451,59.25753],[10.49402,59.25788],[10.49361,59.25792],[10.49229,59.25741],[10.49217,59.25748],[10.49343,59.25799],[10.49351,59.25826],[10.49324,59.25818],[10.49321,59.25835],[10.49343,59.25842],[10.49318,59.25859],[10.49214,59.25855],[10.49336,59.25895],[10.49348,59.25878],[10.49416,59.25899],[10.49421,59.25896],[10.49424,59.25908],[10.49503,59.25929],[10.4935,59.26086],[10.49367,59.2609],[10.49402,59.26057],[10.49429,59.26065],[10.49419,59.26074],[10.4946,59.26085],[10.4944,59.26104],[10.49462,59.26086],[10.497,59.26151],[10.4969,59.26161],[10.49618,59.26141],[10.49568,59.26189],[10.49476,59.26164],[10.49465,59.26174],[10.49629,59.26218],[10.4964,59.26208],[10.49655,59.26212],[10.49644,59.26223],[10.49792,59.26263],[10.49817,59.2626],[10.49832,59.26264],[10.49834,59.26282],[10.49873,59.26292],[10.49902,59.26266]]]}},{"type":"Feature","properties":{"k":"old","n":"Kilen Syd","a":50392,"type":"Kommunalt deponi","status":"Avsluttet"},"geometry":{"type":"Polygon","coordinates":[[[10.43505,59.27082],[10.4336,59.2725],[10.43316,59.27326],[10.43514,59.2734],[10.43692,59.27312],[10.43722,59.27272],[10.43738,59.27214],[10.43826,59.27137],[10.43505,59.27082]]]}},{"type":"Feature","properties":{"k":"old","n":"Jotun - VERAFYLLINGEN (Deponi 1)","a":77406,"type":"Deponi","status":"Avsluttet"},"geometry":{"type":"Polygon","coordinates":[[[10.23962,59.10694],[10.24223,59.10491],[10.24093,59.10452],[10.24121,59.10434],[10.24052,59.10421],[10.24005,59.10438],[10.23908,59.10402],[10.23864,59.10422],[10.23787,59.10496],[10.23712,59.10544],[10.23683,59.10581],[10.2366,59.10581],[10.2366,59.10576],[10.23599,59.10564],[10.23538,59.10625],[10.23513,59.10663],[10.23722,59.10682],[10.23801,59.10732],[10.23842,59.10774],[10.23877,59.10758],[10.23962,59.10694]]]}},{"type":"Feature","properties":{"k":"old","n":"Drammen Jernstøberi (Norsk Gjenvinning Metall AS)","a":283,"type":"Deponi","status":"Tiltak gjennomført"},"geometry":{"type":"Polygon","coordinates":[[[10.25166,59.72735],[10.25184,59.72743],[10.25215,59.72729],[10.252,59.72723],[10.25166,59.72735]]]}},{"type":"Feature","properties":{"k":"old","n":"ERIK HEN AVFALLSPLASS","a":3130,"type":"Deponi","status":"Uavklart"},"geometry":{"type":"Polygon","coordinates":[[[10.21925,60.22601],[10.21931,60.22585],[10.21919,60.22566],[10.21886,60.22564],[10.21824,60.22577],[10.21803,60.22594],[10.21827,60.22612],[10.21872,60.22618],[10.21905,60.22614],[10.21925,60.22601]]]}},{"type":"Feature","properties":{"k":"old","n":"ASKVEIEN","a":197,"type":"Kommunalt deponi","status":"Uavklart"},"geometry":{"type":"Polygon","coordinates":[[[10.25168,60.16441],[10.25126,60.16427],[10.25227,60.16465],[10.2523,60.1646],[10.25168,60.16441]]]}},{"type":"Feature","properties":{"k":"old","n":"Brødrene Berntsen AS","a":11835,"type":"Deponi","status":"Undersøkelser gjennomført"},"geometry":{"type":"Polygon","coordinates":[[[10.2395,60.227],[10.23864,60.22729],[10.23835,60.22721],[10.23758,60.22749],[10.23756,60.22761],[10.23904,60.22865],[10.23938,60.22881],[10.23965,60.22883],[10.23989,60.2288],[10.24117,60.22831],[10.24068,60.22793],[10.24041,60.22802],[10.24076,60.22829],[10.23956,60.22869],[10.23831,60.2278],[10.23871,60.22765],[10.23887,60.22777],[10.23998,60.2274],[10.2395,60.227]]]}},{"type":"Feature","properties":{"k":"old","n":"Hvalsmoen - fylling ved Lunstadfossen ( Frimerket)","a":673,"type":"Deponi","status":"Avsluttet"},"geometry":{"type":"Polygon","coordinates":[[[10.29879,60.19461],[10.29819,60.19465],[10.29826,60.19483],[10.29881,60.19481],[10.29879,60.19461]]]}},{"type":"Feature","properties":{"k":"old","n":"BJØRNALIE","a":1083,"type":"Deponi","status":"Uavklart"},"geometry":{"type":"Polygon","coordinates":[[[9.28827,60.65149],[9.28866,60.65153],[9.28892,60.6514],[9.28878,60.65125],[9.28853,60.65119],[9.28824,60.65126],[9.28815,60.65139],[9.28827,60.65149]]]}},{"type":"Feature","properties":{"k":"old","n":"KLEIVI FYLLPLASS","a":99,"type":"Kommunalt deponi","status":"Uavklart"},"geometry":{"type":"Polygon","coordinates":[[[8.4005,60.57209],[8.40041,60.57203],[8.4003,60.57208],[8.40039,60.57213],[8.4005,60.57209]]]}},{"type":"Feature","properties":{"k":"old","n":"HOL SLAMDEPONI","a":99,"type":"Kommunalt deponi","status":"Uavklart"},"geometry":{"type":"Polygon","coordinates":[[[8.2696,60.61043],[8.26951,60.61037],[8.2694,60.61042],[8.26949,60.61047],[8.2696,60.61043]]]}},{"type":"Feature","properties":{"k":"old","n":"FTD - Sandtak ved Dagali","a":24,"type":"Deponi","status":"Tiltak gjennomført"},"geometry":{"type":"Polygon","coordinates":[[[8.44411,60.42897],[8.44415,60.42896],[8.44417,60.42895],[8.44416,60.42893],[8.44412,60.42892],[8.44409,60.42892],[8.44407,60.42894],[8.44408,60.42896],[8.44411,60.42897]]]}},{"type":"Feature","properties":{"k":"old","n":"Skinnesmoen","a":3582,"type":"Deponi","status":"Avsluttet"},"geometry":{"type":"Polygon","coordinates":[[[9.73821,60.14817],[9.73854,60.14826],[9.73904,60.14824],[9.73947,60.14805],[9.7396,60.14784],[9.73954,60.14772],[9.73929,60.14767],[9.73903,60.14769],[9.73819,60.14801],[9.73821,60.14817]]]}},{"type":"Feature","properties":{"k":"old","n":"KONGSHAUG","a":99,"type":"Kommunalt deponi","status":"Uavklart"},"geometry":{"type":"Polygon","coordinates":[[[9.90784,59.89749],[9.90775,59.89744],[9.90764,59.89749],[9.90773,59.89754],[9.90784,59.89749]]]}},{"type":"Feature","properties":{"k":"old","n":"Fylling Østøya, Mastedammen nord","a":1387,"type":"Deponi","status":"Overvåking"},"geometry":{"type":"Polygon","coordinates":[[[10.47523,59.44802],[10.47554,59.44812],[10.47553,59.44728],[10.4753,59.44725],[10.47523,59.44802]]]}},{"type":"Feature","properties":{"k":"old","n":"Avfallsfylling Østøya Øst","a":666,"type":"Deponi","status":"Avsluttet"},"geometry":{"type":"Polygon","coordinates":[[[10.47561,59.44816],[10.4752,59.44816],[10.47526,59.44843],[10.47569,59.44831],[10.47573,59.44816],[10.47561,59.44816]]]}},{"type":"Feature","properties":{"k":"old","n":"Helvetesdalen (tidl. Fibodalen Sør og Nord)","a":11438,"type":"Kommunalt deponi","status":"Uavklart"},"geometry":{"type":"Polygon","coordinates":[[[10.32349,59.47505],[10.32337,59.47517],[10.32352,59.47574],[10.32378,59.47586],[10.32457,59.47592],[10.32471,59.47588],[10.32567,59.4749],[10.3257,59.47475],[10.32498,59.47476],[10.32449,59.47468],[10.32445,59.47478],[10.32413,59.47495],[10.32349,59.47505]]]}},{"type":"Feature","properties":{"k":"old","n":"TARANRØD","a":290560,"type":"Kommunalt deponi","status":"Uavklart"},"geometry":{"type":"Polygon","coordinates":[[[10.29174,59.29618],[10.29159,59.29711],[10.29205,59.29803],[10.29149,59.2986],[10.29099,59.30158],[10.29149,59.3018],[10.29173,59.30178],[10.29206,59.30163],[10.29244,59.30177],[10.29283,59.30156],[10.29314,59.30197],[10.29409,59.30221],[10.29485,59.30219],[10.29561,59.30202],[10.29615,59.30158],[10.29628,59.30021],[10.29652,59.29938],[10.29669,59.29917],[10.29733,59.29893],[10.29786,59.29885],[10.2983,59.29825],[10.2989,59.2978],[10.29899,59.29752],[10.29928,59.29733],[10.29944,59.29652],[10.29931,59.29605],[10.29889,59.29572],[10.29869,59.2953],[10.29873,59.2948],[10.29886,59.29467],[10.29884,59.29411],[10.29852,59.29372],[10.29646,59.29361],[10.29633,59.29484],[10.29619,59.29509],[10.29505,59.29506],[10.29447,59.29494],[10.29204,59.29558],[10.29174,59.29618]]]}},{"type":"Feature","properties":{"k":"old","n":"BREIDABLIKK","a":7844,"type":"Kommunalt deponi","status":"Uavklart"},"geometry":{"type":"Polygon","coordinates":[[[10.23145,59.14685],[10.23191,59.14631],[10.23068,59.14611],[10.23051,59.14628],[10.23014,59.14729],[10.23058,59.14734],[10.23145,59.14685]]]}},{"type":"Feature","properties":{"k":"old","n":"Veraåsen","a":22840,"type":"Deponi","status":"Undersøkelser gjennomført"},"geometry":{"type":"Polygon","coordinates":[[[10.23738,59.11175],[10.2378,59.11162],[10.23857,59.11172],[10.23943,59.11059],[10.23999,59.11025],[10.24005,59.11003],[10.23995,59.10981],[10.23967,59.10966],[10.2392,59.10958],[10.23894,59.10964],[10.23853,59.10973],[10.23808,59.10998],[10.23704,59.11161],[10.23712,59.11171],[10.23738,59.11175]]]}},{"type":"Feature","properties":{"k":"old","n":"Jotun - VERA-SØR (Deponi 2)","a":119362,"type":"Deponi","status":"Avsluttet"},"geometry":{"type":"Polygon","coordinates":[[[10.24651,59.1089],[10.24621,59.1068],[10.24657,59.10662],[10.24664,59.10634],[10.24645,59.10611],[10.24603,59.10611],[10.24585,59.1056],[10.24491,59.10529],[10.24397,59.1053],[10.24335,59.10524],[10.24293,59.10542],[10.24279,59.10517],[10.24261,59.10515],[10.24224,59.10539],[10.24201,59.10527],[10.24048,59.10646],[10.24088,59.10653],[10.2409,59.10661],[10.24064,59.10673],[10.24033,59.10658],[10.24007,59.10679],[10.24006,59.10697],[10.24471,59.1092],[10.24662,59.1104],[10.24674,59.11038],[10.24655,59.11007],[10.24651,59.1089]]]}},{"type":"Feature","properties":{"k":"old","n":"Odalen","a":25901,"type":"Deponi","status":"Uavklart"},"geometry":{"type":"Polygon","coordinates":[[[10.65212,59.65411],[10.65232,59.65409],[10.65231,59.65346],[10.65193,59.65317],[10.65154,59.65258],[10.65046,59.65221],[10.6495,59.65266],[10.64863,59.65332],[10.64884,59.65358],[10.64975,59.65368],[10.64959,59.65346],[10.6504,59.65332],[10.65031,59.65386],[10.65053,59.65397],[10.65139,59.6541],[10.65212,59.65411]]]}},{"type":"Feature","properties":{"k":"old","n":"Oscarsborg festning - Dumpeplass i sjø 1","a":1087,"type":"Deponi","status":"Undersøkelser gjennomført"},"geometry":{"type":"Polygon","coordinates":[[[10.61017,59.67898],[10.61039,59.67895],[10.61053,59.67882],[10.61046,59.67871],[10.61022,59.67865],[10.60996,59.6787],[10.60987,59.6788],[10.60993,59.67891],[10.61017,59.67898]]]}},{"type":"Feature","properties":{"k":"old","n":"BÆRUMS VERK A/S","a":31257,"type":"Deponi","status":"Uavklart"},"geometry":{"type":"Polygon","coordinates":[[[10.50177,59.93812],[10.50151,59.93811],[10.50107,59.93799],[10.50115,59.94018],[10.50085,59.94072],[10.50056,59.94095],[10.50082,59.94141],[10.50098,59.94142],[10.50133,59.94176],[10.5017,59.94185],[10.50242,59.94218],[10.50256,59.94205],[10.50222,59.94163],[10.50271,59.93985],[10.50248,59.93932],[10.50225,59.93918],[10.50209,59.93894],[10.50177,59.93812]]]}},{"type":"Feature","properties":{"k":"old","n":"Fornebu, fylling sør for gartneri - 151 (lok.3)","a":6887,"type":"Deponi","status":"Avsluttet"},"geometry":{"type":"Polygon","coordinates":[[[10.6104,59.90154],[10.61013,59.9011],[10.61047,59.90121],[10.61076,59.90117],[10.61158,59.90062],[10.6115,59.90058],[10.61125,59.90071],[10.61094,59.90055],[10.60981,59.90086],[10.60936,59.90078],[10.60936,59.9015],[10.60978,59.90143],[10.61032,59.9016],[10.6104,59.90154]]]}},{"type":"Feature","properties":{"k":"old","n":"BRADALSMYRA - METALLDEPONI","a":526,"type":"Deponi","status":"Uavklart"},"geometry":{"type":"Polygon","coordinates":[[[10.55397,60.71368],[10.55408,60.71352],[10.55382,60.71342],[10.55357,60.71361],[10.55397,60.71368]]]}},{"type":"Feature","properties":{"k":"old","n":"Grua Stasjon","a":27324,"type":"Deponi","status":"Avsluttet"},"geometry":{"type":"Polygon","coordinates":[[[10.66676,60.26071],[10.66663,60.26043],[10.66626,60.26009],[10.66639,60.25995],[10.66546,60.25948],[10.66485,60.25884],[10.66433,60.25846],[10.66426,60.25812],[10.6639,60.25768],[10.66389,60.25792],[10.66318,60.25789],[10.66401,60.25906],[10.66432,60.25942],[10.66482,60.25976],[10.66492,60.26011],[10.66569,60.26068],[10.66631,60.26057],[10.66651,60.26105],[10.6664,60.26136],[10.66649,60.26191],[10.6664,60.26206],[10.66636,60.26412],[10.66659,60.26416],[10.66704,60.2619],[10.66705,60.26135],[10.66676,60.26071]]]}},{"type":"Feature","properties":{"k":"old","n":"BJONEROA","a":1737,"type":"Kommunalt deponi","status":"Uavklart"},"geometry":{"type":"Polygon","coordinates":[[[10.18842,60.52296],[10.18804,60.52288],[10.18786,60.52291],[10.18773,60.52305],[10.18783,60.52323],[10.1885,60.5233],[10.18869,60.52301],[10.18842,60.52296]]]}},{"type":"Feature","properties":{"k":"old","n":"JØLSEN","a":99,"type":"Kommunalt deponi","status":"Uavklart"},"geometry":{"type":"Polygon","coordinates":[[[10.52807,60.44665],[10.52798,60.44659],[10.52787,60.44664],[10.52796,60.4467],[10.52807,60.44665]]]}},{"type":"Feature","properties":{"k":"old","n":"HEGGEN FYLLPLASS","a":84055,"type":"Deponi","status":"Uavklart"},"geometry":{"type":"Polygon","coordinates":[[[10.56814,60.33095],[10.56852,60.331],[10.56916,60.33094],[10.56814,60.32959],[10.56743,60.32986],[10.56749,60.33031],[10.56736,60.33029],[10.56725,60.33058],[10.56711,60.33061],[10.56604,60.33049],[10.56659,60.32826],[10.56662,60.32768],[10.56647,60.32718],[10.56578,60.32759],[10.56549,60.32742],[10.56531,60.32825],[10.56486,60.32896],[10.56422,60.32938],[10.56339,60.3304],[10.56239,60.33077],[10.56236,60.33101],[10.56267,60.33162],[10.56372,60.33231],[10.56441,60.33206],[10.56477,60.33204],[10.56473,60.33169],[10.56481,60.33164],[10.56825,60.33146],[10.56814,60.33095]]]}},{"type":"Feature","properties":{"k":"old","n":"Huvik brygge","a":2426,"type":"Deponi","status":"Avsluttet"},"geometry":{"type":"Polygon","coordinates":[[[10.23377,59.12322],[10.23348,59.12356],[10.23388,59.12377],[10.2343,59.12385],[10.23465,59.12363],[10.23377,59.12322]]]}},{"type":"Feature","properties":{"k":"old","n":"BOMMESTAD FYLLPLASS","a":21487,"type":"Kommunalt deponi","status":"Uavklart"},"geometry":{"type":"Polygon","coordinates":[[[10.0689,59.08402],[10.0694,59.08436],[10.06965,59.08438],[10.07009,59.0843],[10.07012,59.08424],[10.06957,59.0837],[10.07085,59.08302],[10.07108,59.08272],[10.07091,59.08229],[10.07026,59.08216],[10.06887,59.08265],[10.06817,59.08343],[10.0689,59.08402]]]}},{"type":"Feature","properties":{"k":"old","n":"HEGGDAL FYLLPLASS","a":20021,"type":"Kommunalt deponi","status":"Uavklart"},"geometry":{"type":"Polygon","coordinates":[[[10.08241,59.06083],[10.0821,59.06093],[10.08169,59.06153],[10.08175,59.06177],[10.08249,59.06216],[10.08272,59.06215],[10.08303,59.06234],[10.08354,59.06243],[10.08385,59.06237],[10.08446,59.0611],[10.08422,59.06099],[10.08241,59.06083]]]}},{"type":"Feature","properties":{"k":"old","n":"Fornebu, fylling ved enden av støyvoll","a":26206,"type":"Deponi","status":"Avsluttet"},"geometry":{"type":"Polygon","coordinates":[[[10.61571,59.89106],[10.61556,59.89075],[10.61561,59.89041],[10.61365,59.89045],[10.61348,59.89061],[10.61311,59.8907],[10.61277,59.89086],[10.61192,59.89098],[10.61189,59.89116],[10.61377,59.89169],[10.61521,59.89227],[10.61577,59.89163],[10.61582,59.89134],[10.61571,59.89106]]]}},{"type":"Feature","properties":{"k":"old","n":"Fornebu, Boblaområdet v/ inv.237 og 238","a":739,"type":"Deponi","status":"Avsluttet"},"geometry":{"type":"Polygon","coordinates":[[[10.60831,59.89683],[10.60797,59.89683],[10.6084,59.89736],[10.60844,59.89689],[10.60831,59.89683]]]}},{"type":"Feature","properties":{"k":"old","n":"Fornebu, Boblaområdet v/ inv.237 og 238","a":1877,"type":"Deponi","status":"Avsluttet"},"geometry":{"type":"Polygon","coordinates":[[[10.60846,59.89662],[10.6085,59.89611],[10.6079,59.8963],[10.60778,59.89645],[10.6079,59.89669],[10.60836,59.89669],[10.60846,59.89662]]]}},{"type":"Feature","properties":{"k":"old","n":"VALDRES KOMMUNALE RENOVASJON - REBNESKOGEN","a":133150,"type":"Kommunalt deponi","status":"Uavklart"},"geometry":{"type":"Polygon","coordinates":[[[9.15418,61.0519],[9.15647,61.05255],[9.15837,61.05173],[9.15863,61.05112],[9.15958,61.05062],[9.16065,61.05016],[9.16202,61.04908],[9.16252,61.04853],[9.16211,61.04793],[9.15919,61.04778],[9.15858,61.04818],[9.15798,61.04812],[9.15781,61.04798],[9.15853,61.04751],[9.15748,61.04695],[9.1563,61.04896],[9.15418,61.0519]]]}},{"type":"Feature","properties":{"k":"old","n":"Gomsrud avfallsdeponi (Laugerud fyllplass)","a":6908,"type":"Kommunalt deponi","status":"Uavklart"},"geometry":{"type":"Polygon","coordinates":[[[9.6643,59.63404],[9.66459,59.6344],[9.66485,59.6344],[9.66548,59.63376],[9.66553,59.63328],[9.66446,59.63326],[9.66435,59.63334],[9.6643,59.63404]]]}},{"type":"Feature","properties":{"k":"old","n":"Arsenalet på Kongsgårdsmoen 6","a":502,"type":"Deponi","status":"Avsluttet"},"geometry":{"type":"Polygon","coordinates":[[[9.63542,59.62663],[9.63542,59.62647],[9.63498,59.62645],[9.63495,59.62664],[9.63542,59.62663]]]}},{"type":"Feature","properties":{"k":"old","n":"Keyes Norway, Breien","a":12085,"type":"Deponi","status":"Uavklart"},"geometry":{"type":"Polygon","coordinates":[[[10.13531,60.10778],[10.13487,60.10777],[10.13446,60.10789],[10.13349,60.10856],[10.13487,60.1091],[10.13578,60.10848],[10.13591,60.10829],[10.13588,60.10806],[10.13531,60.10778]]]}},{"type":"Feature","properties":{"k":"old","n":"ASKVEIEN","a":241,"type":"Kommunalt deponi","status":"Uavklart"},"geometry":{"type":"Polygon","coordinates":[[[10.2503,60.16396],[10.24989,60.16383],[10.24987,60.16387],[10.25115,60.16424],[10.2503,60.16396]]]}},{"type":"Feature","properties":{"k":"old","n":"Helgelandsmoen - avfallsfylling 1","a":8710,"type":"Deponi","status":"Avsluttet"},"geometry":{"type":"Polygon","coordinates":[[[10.2309,60.10953],[10.23057,60.10967],[10.23044,60.11002],[10.23066,60.11029],[10.23194,60.1104],[10.23251,60.11033],[10.23245,60.11004],[10.23194,60.10957],[10.23141,60.1095],[10.2309,60.10953]]]}},{"type":"Feature","properties":{"k":"old","n":"SLAMDEPONI / FLISFYLLING SVØO SAG OG HØVLERI","a":1983,"type":"Kommunalt deponi","status":"Avsluttet"},"geometry":{"type":"Polygon","coordinates":[[[8.91549,60.72039],[8.91579,60.72061],[8.91613,60.72067],[8.91648,60.72059],[8.9165,60.7204],[8.91618,60.72021],[8.91591,60.72019],[8.91549,60.72039]]]}},{"type":"Feature","properties":{"k":"old","n":"BREIE FYLLPLASS","a":25897,"type":"Kommunalt deponi","status":"Uavklart"},"geometry":{"type":"Polygon","coordinates":[[[8.44335,60.57777],[8.44325,60.57774],[8.44327,60.57734],[8.44296,60.57684],[8.44272,60.57668],[8.442,60.5767],[8.44114,60.5785],[8.44383,60.57913],[8.44397,60.5788],[8.44393,60.57827],[8.44352,60.57783],[8.44335,60.57777]]]}},{"type":"Feature","properties":{"k":"old","n":"SUNDVOLLHOVET AVFALLSPLASS","a":802,"type":"Kommunalt deponi","status":"Uavklart"},"geometry":{"type":"Polygon","coordinates":[[[9.7935,60.12061],[9.79312,60.12054],[9.79295,60.12081],[9.79351,60.12084],[9.7935,60.12061]]]}},{"type":"Feature","properties":{"k":"old","n":"ENGER FYLLPLASS","a":70921,"type":"Kommunalt deponi","status":"Uavklart"},"geometry":{"type":"Polygon","coordinates":[[[9.91969,59.89179],[9.9201,59.89174],[9.91917,59.89025],[9.91896,59.8893],[9.91994,59.88921],[9.91874,59.88929],[9.91781,59.8895],[9.91687,59.88955],[9.91621,59.88972],[9.91568,59.88975],[9.91526,59.88985],[9.91476,59.88987],[9.91358,59.89007],[9.91355,59.89045],[9.91368,59.89076],[9.91402,59.89091],[9.91411,59.89108],[9.91387,59.89141],[9.91393,59.89171],[9.9152,59.89147],[9.91602,59.89143],[9.91637,59.8919],[9.91793,59.89214],[9.91841,59.89198],[9.91762,59.89156],[9.91886,59.89105],[9.91895,59.89112],[9.91889,59.89139],[9.91916,59.89178],[9.91954,59.89172],[9.91998,59.89262],[9.91875,59.89307],[9.91864,59.89325],[9.91879,59.89327],[9.91879,59.89312],[9.91894,59.89303],[9.92018,59.89267],[9.91969,59.89179]],[[9.91796,59.8899],[9.91788,59.89005],[9.91762,59.89007],[9.91731,59.89],[9.91729,59.8899],[9.91796,59.8899]]]}},{"type":"Feature","properties":{"k":"old","n":"JERPÅSEN","a":99,"type":"Deponi","status":"Uavklart"},"geometry":{"type":"Polygon","coordinates":[[[10.36024,59.83035],[10.36015,59.8303],[10.36004,59.83034],[10.36013,59.8304],[10.36024,59.83035]]]}},{"type":"Feature","properties":{"k":"old","n":"Kloppedalen","a":9333,"type":"Kommunalt deponi","status":"Avsluttet"},"geometry":{"type":"Polygon","coordinates":[[[10.44234,59.78751],[10.44321,59.78776],[10.44336,59.78786],[10.44348,59.7878],[10.44362,59.78824],[10.44407,59.7883],[10.4445,59.78772],[10.44446,59.78754],[10.44419,59.78735],[10.44318,59.78706],[10.44267,59.78698],[10.44234,59.78751]]]}},{"type":"Feature","properties":{"k":"old","n":"Kloppedalen","a":2496,"type":"Kommunalt deponi","status":"Avsluttet"},"geometry":{"type":"Polygon","coordinates":[[[10.44433,59.78815],[10.44537,59.78825],[10.44561,59.78794],[10.44468,59.78775],[10.44433,59.78815]]]}},{"type":"Feature","properties":{"k":"old","n":"SPILLHAUG","a":27352,"type":"Kommunalt deponi","status":"Avsluttet"},"geometry":{"type":"Polygon","coordinates":[[[11.60145,59.92568],[11.60181,59.92534],[11.60148,59.92541],[11.60059,59.92521],[11.59977,59.92499],[11.59873,59.92452],[11.59825,59.92469],[11.59786,59.92509],[11.59675,59.9256],[11.59742,59.92591],[11.59821,59.92557],[11.59895,59.92537],[11.60023,59.9262],[11.60041,59.92682],[11.60022,59.92747],[11.60042,59.9275],[11.6011,59.92664],[11.60145,59.92568]]]}},{"type":"Feature","properties":{"k":"old","n":"SPILLHAUG","a":81772,"type":"Kommunalt deponi","status":"Avsluttet"},"geometry":{"type":"Polygon","coordinates":[[[11.59741,59.9259],[11.59889,59.92535],[11.60026,59.92624],[11.6004,59.9269],[11.60031,59.92763],[11.59993,59.92852],[11.60039,59.92884],[11.60126,59.92925],[11.60181,59.92928],[11.60206,59.929],[11.6019,59.92833],[11.60228,59.92818],[11.60294,59.92724],[11.60303,59.9269],[11.60481,59.92567],[11.60191,59.92533],[11.60152,59.92539],[11.59984,59.92501],[11.59873,59.92451],[11.59826,59.92466],[11.59774,59.92517],[11.59675,59.92558],[11.59741,59.9259]]]}},{"type":"Feature","properties":{"k":"old","n":"Momoen","a":2566,"type":"Deponi","status":"Uavklart"},"geometry":{"type":"Polygon","coordinates":[[[11.39399,59.80275],[11.39451,59.80284],[11.39504,59.80279],[11.39516,59.8026],[11.39502,59.8025],[11.39443,59.80243],[11.39396,59.80251],[11.39383,59.8026],[11.39399,59.80275]]]}},{"type":"Feature","properties":{"k":"old","n":"ÅSHEIMVEGEN - fylling ","a":7798,"type":"Deponi","status":"Uavklart"},"geometry":{"type":"Polygon","coordinates":[[[11.07722,60.02311],[11.0775,60.02349],[11.07836,60.02369],[11.07902,60.02376],[11.07972,60.02374],[11.08001,60.02357],[11.07978,60.02339],[11.07902,60.02328],[11.07894,60.02315],[11.07863,60.02308],[11.07722,60.02311]]]}},{"type":"Feature","properties":{"k":"old","n":"NES SØPPELPLASS","a":30368,"type":"Kommunalt deponi","status":"Avsluttet"},"geometry":{"type":"Polygon","coordinates":[[[11.0974,59.87583],[11.09748,59.87588],[11.0985,59.87588],[11.09921,59.87576],[11.09956,59.87577],[11.10006,59.87569],[11.10112,59.87536],[11.10188,59.87507],[11.10206,59.87494],[11.10248,59.87436],[11.10247,59.87411],[11.10229,59.87399],[11.10172,59.87392],[11.09949,59.87455],[11.09914,59.87467],[11.0985,59.87521],[11.0974,59.87583]]]}},{"type":"Feature","properties":{"k":"old","n":"Gran industriområde - alunskifer","a":7850,"type":"Deponi","status":"Tiltak gjennomført"},"geometry":{"type":"Polygon","coordinates":[[[10.99159,59.76686],[10.99028,59.76623],[10.98976,59.76723],[10.991,59.76744],[10.99159,59.76686]]]}},{"type":"Feature","properties":{"k":"old","n":"Holm","a":4348,"type":"Deponi","status":"Uavklart"},"geometry":{"type":"Polygon","coordinates":[[[10.00524,59.18533],[10.00495,59.18543],[10.00505,59.18556],[10.00673,59.18619],[10.0071,59.18598],[10.00699,59.18591],[10.00619,59.18566],[10.0055,59.18535],[10.00524,59.18533]]]}},{"type":"Feature","properties":{"k":"old","n":"EFTEDAL","a":519,"type":"Deponi","status":"Uavklart"},"geometry":{"type":"Polygon","coordinates":[[[10.05812,59.14182],[10.05826,59.14174],[10.05816,59.14158],[10.05803,59.14155],[10.05785,59.1417],[10.05798,59.14181],[10.05812,59.14182]]]}},{"type":"Feature","properties":{"k":"old","n":"NORDKVELDMOEN","a":603,"type":"Deponi","status":"Uavklart"},"geometry":{"type":"Polygon","coordinates":[[[9.95702,59.22429],[9.95714,59.22435],[9.95763,59.22426],[9.95771,59.22409],[9.95702,59.22429]]]}},{"type":"Feature","properties":{"k":"old","n":"FAGERHOLT","a":3432,"type":"Deponi","status":"Uavklart"},"geometry":{"type":"Polygon","coordinates":[[[9.96001,59.06317],[9.9601,59.06352],[9.96195,59.06341],[9.96189,59.06333],[9.9613,59.06325],[9.96084,59.06308],[9.96023,59.06311],[9.96001,59.06317]]]}},{"type":"Feature","properties":{"k":"old","n":"Slettaveien","a":1831,"type":"Deponi","status":"Uavklart"},"geometry":{"type":"Polygon","coordinates":[[[10.35458,59.67856],[10.35448,59.67833],[10.35376,59.6786],[10.35366,59.67877],[10.35386,59.67886],[10.35415,59.67886],[10.35458,59.67856]]]}},{"type":"Feature","properties":{"k":"old","n":"LIAN GRUSTAK (2)","a":3306,"type":"Kommunalt deponi","status":"Uavklart"},"geometry":{"type":"Polygon","coordinates":[[[10.0556,59.51877],[10.05618,59.519],[10.05611,59.5191],[10.05691,59.51912],[10.05642,59.51846],[10.05569,59.51852],[10.0556,59.51877]]]}},{"type":"Feature","properties":{"k":"old","n":"STAVNUMSSKOGEN (HUSUMSKOG)","a":8939,"type":"Kommunalt deponi","status":"Uavklart"},"geometry":{"type":"Polygon","coordinates":[[[10.29124,59.19882],[10.29178,59.19884],[10.29174,59.19862],[10.28985,59.19861],[10.28977,59.19948],[10.29132,59.19953],[10.29124,59.19882]]]}},{"type":"Feature","properties":{"k":"old","n":"Pasadalen avfallsdeponi","a":60983,"type":"Kommunalt deponi","status":"Overvåking"},"geometry":{"type":"Polygon","coordinates":[[[9.68082,59.11792],[9.68078,59.11777],[9.68052,59.11767],[9.68029,59.11769],[9.67995,59.11791],[9.67959,59.11793],[9.6789,59.11836],[9.67855,59.11878],[9.67831,59.11939],[9.67824,59.1196],[9.67857,59.12003],[9.67915,59.12038],[9.6799,59.12064],[9.681,59.12061],[9.68117,59.12052],[9.68155,59.12004],[9.68227,59.11982],[9.68264,59.11964],[9.68376,59.11836],[9.68379,59.11825],[9.68362,59.11814],[9.68322,59.11819],[9.68287,59.11881],[9.68243,59.11882],[9.68226,59.11875],[9.6819,59.11837],[9.68082,59.11792]]]}},{"type":"Feature","properties":{"k":"old","n":"Eramet Porsgrunn - SKJELSVIKDALEN","a":15922,"type":"Deponi","status":"Uavklart"},"geometry":{"type":"Polygon","coordinates":[[[9.6697,59.1005],[9.66735,59.10085],[9.66786,59.10183],[9.66857,59.10175],[9.66961,59.10154],[9.67035,59.10128],[9.6697,59.1005]]]}},{"type":"Feature","properties":{"k":"old","n":"HERØYA, FRIERTIPPEN - HYDRO","a":99,"type":"Deponi","status":"Avsluttet"},"geometry":{"type":"Polygon","coordinates":[[[9.61931,59.12109],[9.61922,59.12104],[9.61912,59.12109],[9.61921,59.12114],[9.61931,59.12109]]]}},{"type":"Feature","properties":{"k":"old","n":"Fjellhamarveien v/Granlund bru","a":7153,"type":"Kommunalt deponi","status":"Uavklart"},"geometry":{"type":"Polygon","coordinates":[[[10.99509,59.94376],[10.99488,59.94375],[10.99483,59.94385],[10.99448,59.94384],[10.99462,59.94466],[10.99499,59.94492],[10.99606,59.94409],[10.99592,59.94391],[10.99509,59.94376]]]}},{"type":"Feature","properties":{"k":"old","n":"Blåkollen","a":4913,"type":"Kommunalt deponi","status":"Uavklart"},"geometry":{"type":"Polygon","coordinates":[[[10.99025,59.93972],[10.98992,59.93976],[10.98986,59.93984],[10.99069,59.94033],[10.99119,59.94022],[10.99174,59.94029],[10.99205,59.94022],[10.99195,59.93995],[10.99025,59.93972]]]}},{"type":"Feature","properties":{"k":"old","n":"STENSRUD ØST","a":402135,"type":"Deponi","status":"Uavklart"},"geometry":{"type":"Polygon","coordinates":[[[11.01021,59.92015],[11.01007,59.92056],[11.00899,59.92102],[11.00666,59.92124],[11.00645,59.92106],[11.0061,59.92097],[11.00513,59.92095],[11.00483,59.92081],[11.00448,59.9208],[11.00301,59.92135],[11.00272,59.92159],[11.00232,59.9217],[11.00176,59.92218],[11.00022,59.92287],[11.00113,59.92429],[11.00002,59.92447],[10.99927,59.92448],[10.99656,59.92483],[10.99643,59.92456],[10.99633,59.92457],[10.99642,59.92484],[10.99556,59.92495],[10.99404,59.92554],[10.99332,59.92509],[10.99184,59.92581],[10.992,59.9264],[10.99171,59.9265],[10.99225,59.92664],[10.9926,59.92686],[10.9938,59.92735],[10.99518,59.92681],[10.9959,59.92661],[10.99626,59.92657],[10.99677,59.92639],[10.99733,59.9261],[10.99852,59.92587],[10.99911,59.92555],[10.9996,59.92542],[11.00005,59.92514],[11.00078,59.92497],[11.00079,59.9248],[11.0011,59.92466],[11.00178,59.92529],[11.00196,59.92565],[11.00284,59.92544],[11.00327,59.92587],[11.00392,59.92553],[11.00409,59.92552],[11.00455,59.92563],[11.0055,59.92569],[11.00591,59.92624],[11.00666,59.9263],[11.00838,59.92628],[11.00791,59.92528],[11.00789,59.92498],[11.00843,59.92474],[11.00989,59.92473],[11.01279,59.92437],[11.01239,59.92389],[11.01219,59.92378],[11.01271,59.92349],[11.01351,59.92319],[11.01404,59.92308],[11.01477,59.92245],[11.01021,59.92015]]]}},{"type":"Feature","properties":{"k":"old","n":"Østby (ØSTBYENGA SØR)","a":2438,"type":"Deponi","status":"Uavklart"},"geometry":{"type":"Polygon","coordinates":[[[10.99785,59.92663],[10.99853,59.9263],[10.99858,59.92617],[10.99827,59.92604],[10.99801,59.92609],[10.99728,59.9264],[10.99785,59.92663]]]}},{"type":"Feature","properties":{"k":"old","n":"LENA VEL'S FYLLPLASS","a":3228,"type":"Deponi","status":"Avsluttet"},"geometry":{"type":"Polygon","coordinates":[[[10.82133,60.66481],[10.82247,60.66503],[10.82286,60.6648],[10.82244,60.66452],[10.82203,60.66456],[10.82139,60.66452],[10.82133,60.66481]]]}},{"type":"Feature","properties":{"k":"old","n":"PIPEBEKKEN FYLLPLASS","a":3431,"type":"Kommunalt deponi","status":"Uavklart"},"geometry":{"type":"Polygon","coordinates":[[[10.37869,60.23578],[10.37863,60.23561],[10.37812,60.23546],[10.37784,60.23548],[10.37744,60.23565],[10.37744,60.23581],[10.37762,60.23597],[10.37783,60.23601],[10.37857,60.23597],[10.37869,60.23578]]]}},{"type":"Feature","properties":{"k":"old","n":"HADELANDS GLASSVERK - GAMMEL FYLLING","a":99,"type":"Deponi","status":"Uavklart"},"geometry":{"type":"Polygon","coordinates":[[[10.39367,60.23757],[10.39357,60.23752],[10.39346,60.23757],[10.39356,60.23762],[10.39367,60.23757]]]}},{"type":"Feature","properties":{"k":"old","n":"HEGGEN FYLLPLASS","a":185612,"type":"Deponi","status":"Uavklart"},"geometry":{"type":"Polygon","coordinates":[[[10.56286,60.33199],[10.56311,60.33206],[10.56278,60.33183],[10.56262,60.33181],[10.56163,60.33137],[10.56121,60.33108],[10.56131,60.33094],[10.562,60.33075],[10.56219,60.33092],[10.56229,60.33072],[10.56327,60.33037],[10.5641,60.32935],[10.56474,60.32893],[10.56507,60.32845],[10.56545,60.32706],[10.56441,60.32694],[10.56432,60.32671],[10.56236,60.32656],[10.56243,60.32731],[10.56166,60.32804],[10.56137,60.32766],[10.56106,60.32639],[10.56027,60.32639],[10.56034,60.32692],[10.55945,60.32691],[10.55928,60.32759],[10.5588,60.32772],[10.55855,60.32737],[10.55848,60.32685],[10.55862,60.32654],[10.55824,60.32636],[10.55782,60.32582],[10.55734,60.3256],[10.55683,60.32588],[10.55633,60.32632],[10.55536,60.32799],[10.5547,60.32864],[10.55436,60.32888],[10.55377,60.32907],[10.55522,60.32915],[10.55683,60.32914],[10.55944,60.32934],[10.56001,60.32925],[10.56068,60.32922],[10.56048,60.32986],[10.56005,60.33031],[10.56005,60.33041],[10.56056,60.33085],[10.56124,60.33114],[10.56126,60.33181],[10.56216,60.33194],[10.56233,60.33203],[10.56286,60.33199]]]}},{"type":"Feature","properties":{"k":"old","n":"ØVRE LUNDEN","a":4419,"type":"Kommunalt deponi","status":"Uavklart"},"geometry":{"type":"Polygon","coordinates":[[[10.20916,59.14099],[10.20931,59.14114],[10.20944,59.14114],[10.20977,59.14054],[10.21014,59.14058],[10.21022,59.14038],[10.20898,59.1402],[10.20876,59.14025],[10.20916,59.14099]]]}},{"type":"Feature","properties":{"k":"old","n":"Jotun, HOLTSKJÆR","a":130,"type":"Deponi","status":"Uavklart"},"geometry":{"type":"Polygon","coordinates":[[[10.26438,59.04181],[10.26426,59.04186],[10.26436,59.04192],[10.26448,59.04187],[10.26438,59.04181]]]}},{"type":"Feature","properties":{"k":"old","n":"Veraåsen","a":2010,"type":"Deponi","status":"Undersøkelser gjennomført"},"geometry":{"type":"Polygon","coordinates":[[[10.23908,59.10963],[10.23836,59.11],[10.23919,59.11001],[10.23984,59.10988],[10.23908,59.10963]]]}},{"type":"Feature","properties":{"k":"old","n":"BUKTA-STAVERN","a":59691,"type":"Kommunalt deponi","status":"Overvåking"},"geometry":{"type":"Polygon","coordinates":[[[10.03879,59.00123],[10.03873,59.00143],[10.03905,59.00147],[10.03917,59.00168],[10.03886,59.00192],[10.03877,59.00244],[10.03924,59.00264],[10.0401,59.00261],[10.04124,59.0028],[10.04146,59.00293],[10.04155,59.0032],[10.04191,59.00355],[10.0419,59.00378],[10.04206,59.00386],[10.04254,59.00391],[10.04264,59.00398],[10.0427,59.0042],[10.04227,59.00441],[10.04229,59.0045],[10.04265,59.00444],[10.04282,59.00452],[10.04364,59.0046],[10.04415,59.00491],[10.04465,59.00499],[10.0447,59.00505],[10.04497,59.00424],[10.04515,59.00424],[10.04527,59.00357],[10.04505,59.00337],[10.04434,59.00318],[10.04376,59.0029],[10.04457,59.00266],[10.04321,59.00192],[10.04285,59.00301],[10.0412,59.00277],[10.04185,59.00157],[10.03879,59.00123]]]}},{"type":"Feature","properties":{"k":"old","n":"HAGTVEDT-1","a":3524,"type":"Deponi","status":"Uavklart"},"geometry":{"type":"Polygon","coordinates":[[[10.06526,59.13895],[10.06645,59.13894],[10.0666,59.13874],[10.06646,59.13857],[10.06537,59.13846],[10.06526,59.13895]]]}},{"type":"Feature","properties":{"k":"old","n":"SEIERSTAD","a":3848,"type":"Deponi","status":"Uavklart"},"geometry":{"type":"Polygon","coordinates":[[[10.07649,59.0981],[10.07634,59.09821],[10.07652,59.09845],[10.07642,59.09867],[10.07657,59.09892],[10.07688,59.09911],[10.07725,59.09909],[10.07733,59.0989],[10.07687,59.09819],[10.07649,59.0981]]]}},{"type":"Feature","properties":{"k":"old","n":"FAGERHOLT","a":4142,"type":"Deponi","status":"Uavklart"},"geometry":{"type":"Polygon","coordinates":[[[9.96025,59.06397],[9.9603,59.06401],[9.96316,59.06387],[9.96318,59.06375],[9.9626,59.06369],[9.9606,59.06374],[9.96013,59.06379],[9.96025,59.06397]]]}},{"type":"Feature","properties":{"k":"old","n":"Grunnane","a":24485,"type":"Kommunalt deponi","status":"Undersøkelser gjennomført"},"geometry":{"type":"Polygon","coordinates":[[[10.40089,59.5905],[10.40022,59.59061],[10.40026,59.59111],[10.40101,59.59229],[10.40259,59.59282],[10.40299,59.59269],[10.40285,59.59151],[10.40226,59.59119],[10.40165,59.59096],[10.40135,59.59049],[10.40089,59.5905]]]}},{"type":"Feature","properties":{"k":"old","n":"Grunnane","a":104536,"type":"Kommunalt deponi","status":"Undersøkelser gjennomført"},"geometry":{"type":"Polygon","coordinates":[[[10.40213,59.59361],[10.40386,59.59241],[10.40285,59.59152],[10.403,59.59269],[10.40259,59.59282],[10.40101,59.59229],[10.40026,59.59111],[10.40021,59.59061],[10.40088,59.5905],[10.40135,59.59049],[10.40165,59.59096],[10.40267,59.59136],[10.40299,59.59122],[10.40261,59.59123],[10.40147,59.59022],[10.4016,59.59016],[10.40567,59.59095],[10.4058,59.59086],[10.40134,59.59001],[10.39791,59.58946],[10.39767,59.58937],[10.39716,59.5893],[10.39658,59.58894],[10.39615,59.58881],[10.39588,59.58898],[10.39413,59.5897],[10.39481,59.59046],[10.39682,59.59228],[10.39978,59.59139],[10.40213,59.59361]]]}},{"type":"Feature","properties":{"k":"old","n":"SKOTFOSS I","a":1275,"type":"Deponi","status":"Uavklart"},"geometry":{"type":"Polygon","coordinates":[[[9.52039,59.21541],[9.52107,59.21526],[9.52107,59.21506],[9.52076,59.21504],[9.52054,59.21513],[9.52024,59.2153],[9.52039,59.21541]]]}},{"type":"Feature","properties":{"k":"old","n":"Skotfoss Bruk - SKOTFOSS II","a":99,"type":"Deponi","status":"Uavklart"},"geometry":{"type":"Polygon","coordinates":[[[9.53685,59.20947],[9.53676,59.20942],[9.53665,59.20946],[9.53675,59.20952],[9.53685,59.20947]]]}},{"type":"Feature","properties":{"k":"old","n":"Skotfoss Bruk - SKOTFOSS III","a":18649,"type":"Deponi","status":"Uavklart"},"geometry":{"type":"Polygon","coordinates":[[[9.53244,59.20698],[9.53294,59.20693],[9.53401,59.20665],[9.53413,59.20654],[9.53466,59.20647],[9.53494,59.20636],[9.53563,59.20623],[9.53581,59.20612],[9.53573,59.20571],[9.53541,59.20533],[9.53367,59.20588],[9.53267,59.20611],[9.53288,59.20627],[9.53222,59.20649],[9.53198,59.20647],[9.53227,59.20699],[9.53244,59.20698]]]}},{"type":"Feature","properties":{"k":"old","n":"Norske Skog Union, Findalen barkdeponi","a":290602,"type":"Deponi","status":"Avsluttet"},"geometry":{"type":"Polygon","coordinates":[[[9.53872,59.15965],[9.53923,59.15969],[9.53965,59.15959],[9.54043,59.16002],[9.54147,59.15985],[9.54411,59.15875],[9.5445,59.15824],[9.5437,59.1577],[9.54298,59.15694],[9.54751,59.1564],[9.54572,59.15635],[9.54416,59.15576],[9.54209,59.1542],[9.54081,59.15486],[9.54007,59.15499],[9.53943,59.15561],[9.53869,59.15669],[9.53737,59.1577],[9.53649,59.15791],[9.53554,59.15749],[9.5351,59.15761],[9.53103,59.15825],[9.53225,59.16006],[9.53502,59.16096],[9.53606,59.16155],[9.53664,59.16113],[9.53713,59.1606],[9.53783,59.16035],[9.53872,59.15965]],[[9.53827,59.15916],[9.53827,59.15926],[9.53803,59.15926],[9.53804,59.15916],[9.53827,59.15916]]]}},{"type":"Feature","properties":{"k":"old","n":"Sandbrekkene","a":1780,"type":"Kommunalt deponi","status":"Uavklart"},"geometry":{"type":"Polygon","coordinates":[[[9.77258,59.28334],[9.77247,59.28301],[9.77205,59.28282],[9.77182,59.28293],[9.77171,59.2831],[9.7719,59.28321],[9.77258,59.28334]]]}},{"type":"Feature","properties":{"k":"old","n":"Ineos Bamble AS TØNNEDEPONI - (tidl. BOREALIS AS)","a":99,"type":"Deponi","status":"Avsluttet"},"geometry":{"type":"Polygon","coordinates":[[[9.61048,59.08715],[9.61039,59.0871],[9.61029,59.08714],[9.61038,59.0872],[9.61048,59.08715]]]}},{"type":"Feature","properties":{"k":"old","n":"LOESMOEN","a":38,"type":"Kommunalt deponi","status":"Uavklart"},"geometry":{"type":"Polygon","coordinates":[[[9.92326,59.76266],[9.92327,59.76258],[9.92315,59.76259],[9.92326,59.76266]]]}},{"type":"Feature","properties":{"k":"old","n":"Hellefoss AS (deponi)","a":99,"type":"Deponi","status":"Uavklart"},"geometry":{"type":"Polygon","coordinates":[[[9.89529,59.78764],[9.89519,59.78758],[9.89508,59.78763],[9.89518,59.78768],[9.89529,59.78764]]]}},{"type":"Feature","properties":{"k":"old","n":"Fylling ved Loe bruk","a":1517,"type":"Deponi","status":"Uavklart"},"geometry":{"type":"Polygon","coordinates":[[[9.92075,59.76924],[9.91968,59.76929],[9.91951,59.76936],[9.91961,59.76966],[9.9198,59.76955],[9.92077,59.7693],[9.92075,59.76924]]]}},{"type":"Feature","properties":{"k":"old","n":"Teigen Skraphandler","a":996,"type":"Deponi","status":"Uavklart"},"geometry":{"type":"Polygon","coordinates":[[[9.89317,59.84343],[9.89293,59.84328],[9.89239,59.84339],[9.89249,59.8436],[9.89307,59.84355],[9.89317,59.84343]]]}},{"type":"Feature","properties":{"k":"old","n":"DDT-deponi, Buskerud Skogselskaps Planteskole","a":61345,"type":"Deponi","status":"Avsluttet"},"geometry":{"type":"Polygon","coordinates":[[[9.8917,59.76185],[9.89152,59.76158],[9.89215,59.76122],[9.89198,59.76083],[9.8918,59.76047],[9.89068,59.75966],[9.88734,59.76145],[9.88679,59.76133],[9.88649,59.76142],[9.88724,59.76184],[9.88875,59.7624],[9.89125,59.76296],[9.89145,59.76291],[9.89231,59.76231],[9.89197,59.7622],[9.8917,59.76185]]]}},{"type":"Feature","properties":{"k":"old","n":"TRETEKNIKK A/S","a":99,"type":"Deponi","status":"Uavklart"},"geometry":{"type":"Polygon","coordinates":[[[9.98884,59.75823],[9.98874,59.75818],[9.98864,59.75822],[9.98873,59.75828],[9.98884,59.75823]]]}},{"type":"Feature","properties":{"k":"old","n":"Lier Bilgjenvinning AS","a":7784,"type":"Deponi","status":"Uavklart"},"geometry":{"type":"Polygon","coordinates":[[[10.24535,59.78532],[10.24663,59.78636],[10.24714,59.78629],[10.2475,59.78613],[10.24713,59.78578],[10.24641,59.78534],[10.24563,59.78513],[10.24548,59.78515],[10.24535,59.78532]]]}},{"type":"Feature","properties":{"k":"old","n":"MORTENSRUD","a":629,"type":"Kommunalt deponi","status":"Uavklart"},"geometry":{"type":"Polygon","coordinates":[[[10.45775,59.72727],[10.45747,59.72701],[10.45712,59.72702],[10.45741,59.72723],[10.45808,59.72748],[10.45775,59.72727]]]}},{"type":"Feature","properties":{"k":"old","n":"Nilsemarka (Slemmestad A/S NORCEM)","a":83729,"type":"Deponi","status":"Overvåking"},"geometry":{"type":"Polygon","coordinates":[[[10.47821,59.78048],[10.47933,59.78023],[10.48048,59.78013],[10.48268,59.78025],[10.48415,59.78054],[10.48542,59.78094],[10.48658,59.78143],[10.48683,59.7813],[10.48654,59.78105],[10.48701,59.78104],[10.48724,59.78089],[10.48738,59.7806],[10.48837,59.78058],[10.48802,59.78022],[10.47951,59.77843],[10.47882,59.7786],[10.47849,59.77844],[10.47876,59.77819],[10.47773,59.77846],[10.47821,59.78048]]]}},{"type":"Feature","properties":{"k":"old","n":"LOESMOEN","a":14414,"type":"Kommunalt deponi","status":"Uavklart"},"geometry":{"type":"Polygon","coordinates":[[[9.92266,59.76094],[9.92243,59.76075],[9.92167,59.76096],[9.92136,59.76097],[9.91991,59.76146],[9.92029,59.76168],[9.92037,59.762],[9.92327,59.76161],[9.92266,59.76094]]]}},{"type":"Feature","properties":{"k":"old","n":"FYLLING I STRYKENBUKTA","a":19302,"type":"Deponi","status":"Uavklart"},"geometry":{"type":"Polygon","coordinates":[[[9.91812,59.77405],[9.91914,59.77353],[9.9172,59.77246],[9.91697,59.77263],[9.91637,59.77233],[9.91527,59.77281],[9.91616,59.77344],[9.91673,59.77347],[9.91742,59.77369],[9.91812,59.77405]]]}},{"type":"Feature","properties":{"k":"old","n":"Industrifylling for Mjøndalen Cellulose","a":59894,"type":"Deponi","status":"Uavklart"},"geometry":{"type":"Polygon","coordinates":[[[10.0081,59.75255],[10.01046,59.75234],[10.01216,59.75233],[10.01242,59.75226],[10.01387,59.75227],[10.01433,59.75218],[10.01596,59.75221],[10.01932,59.7521],[10.02019,59.75222],[10.02162,59.75229],[10.02322,59.75254],[10.02581,59.75245],[10.02651,59.75255],[10.0276,59.75285],[10.02911,59.75278],[10.0301,59.75288],[10.03111,59.75311],[10.03122,59.75301],[10.03136,59.75301],[10.0312,59.75282],[10.03134,59.75268],[10.02857,59.75184],[10.0259,59.75129],[10.02414,59.75102],[10.02477,59.75114],[10.02494,59.75131],[10.02479,59.75142],[10.02488,59.75145],[10.02463,59.75156],[10.02457,59.75194],[10.02236,59.75183],[10.02232,59.75216],[10.01955,59.75202],[10.01215,59.75216],[10.01078,59.75222],[10.00904,59.75239],[10.00732,59.75265],[10.0081,59.75255]]]}},{"type":"Feature","properties":{"k":"old","n":"Åserud Teglverk","a":15706,"type":"Deponi","status":"Uavklart"},"geometry":{"type":"Polygon","coordinates":[[[10.08682,59.75509],[10.08784,59.75624],[10.08886,59.75618],[10.08877,59.75586],[10.09017,59.75575],[10.09009,59.75529],[10.08974,59.75528],[10.08848,59.75505],[10.08728,59.75502],[10.08682,59.75509]]]}},{"type":"Feature","properties":{"k":"old","n":"SOLBERG SPINNERI","a":15359,"type":"Deponi","status":"Uavklart"},"geometry":{"type":"Polygon","coordinates":[[[10.0806,59.76993],[10.08089,59.76938],[10.08052,59.76915],[10.08032,59.76909],[10.08009,59.76866],[10.07941,59.76889],[10.07917,59.76889],[10.0792,59.76838],[10.07912,59.76857],[10.07885,59.76863],[10.07895,59.76878],[10.07878,59.76888],[10.07874,59.76913],[10.07859,59.76921],[10.07845,59.76945],[10.07858,59.7696],[10.07835,59.76954],[10.07837,59.76979],[10.07853,59.76962],[10.0792,59.76975],[10.07924,59.77004],[10.08,59.77009],[10.08024,59.77044],[10.08036,59.77038],[10.0806,59.76993]]]}},{"type":"Feature","properties":{"k":"old","n":"RENSKAUGDALEN","a":99,"type":"Kommunalt deponi","status":"Uavklart"},"geometry":{"type":"Polygon","coordinates":[[[10.23405,59.79477],[10.23396,59.79472],[10.23385,59.79477],[10.23394,59.79482],[10.23405,59.79477]]]}},{"type":"Feature","properties":{"k":"old","n":"Ineos Norge AS - Deponi 3","a":99,"type":"Deponi","status":"Avsluttet"},"geometry":{"type":"Polygon","coordinates":[[[9.60438,59.09036],[9.60429,59.09031],[9.60418,59.09035],[9.60427,59.09041],[9.60438,59.09036]]]}},{"type":"Feature","properties":{"k":"old","n":"Bråten","a":6485,"type":"Kommunalt deponi","status":"Tiltak gjennomført"},"geometry":{"type":"Polygon","coordinates":[[[9.39604,58.86974],[9.39564,58.87005],[9.39564,58.87017],[9.39587,58.8703],[9.39682,58.87047],[9.39726,58.87044],[9.39774,58.87032],[9.39777,58.87022],[9.39756,58.87012],[9.39652,58.86979],[9.39604,58.86974]]]}},{"type":"Feature","properties":{"k":"old","n":"Prestheftet","a":8859,"type":"Kommunalt deponi","status":"Uavklart"},"geometry":{"type":"Polygon","coordinates":[[[9.0397,59.07855],[9.03986,59.07829],[9.03961,59.07781],[9.03912,59.07748],[9.03866,59.07743],[9.03835,59.0776],[9.03842,59.07813],[9.03878,59.07843],[9.03904,59.07854],[9.03914,59.07876],[9.03942,59.07878],[9.0397,59.07855]]]}},{"type":"Feature","properties":{"k":"old","n":"Øra avfallsplass","a":6801,"type":"Kommunalt deponi","status":"Undersøkelser gjennomført"},"geometry":{"type":"Polygon","coordinates":[[[9.26634,59.28457],[9.26776,59.28446],[9.26808,59.28428],[9.26806,59.28404],[9.26778,59.28388],[9.26696,59.28374],[9.26674,59.28385],[9.26622,59.28443],[9.26634,59.28457]]]}},{"type":"Feature","properties":{"k":"old","n":"Revdalen avfallsdeponi","a":30086,"type":"Kommunalt deponi","status":"Overvåking"},"geometry":{"type":"Polygon","coordinates":[[[9.10144,59.43378],[9.10141,59.43174],[9.09818,59.43214],[9.09927,59.43283],[9.09897,59.43355],[9.09964,59.43381],[9.10144,59.43378]]]}},{"type":"Feature","properties":{"k":"old","n":"Sanden grovavfallsplass","a":875,"type":"Kommunalt deponi","status":"Uavklart"},"geometry":{"type":"Polygon","coordinates":[[[8.78373,59.9283],[8.78364,59.92852],[8.78424,59.92858],[8.78435,59.92836],[8.78373,59.9283]]]}},{"type":"Feature","properties":{"k":"old","n":"Raudjuv (Steinbudalen søppelplass)","a":5459,"type":"Kommunalt deponi","status":"Uavklart"},"geometry":{"type":"Polygon","coordinates":[[[8.66847,59.48379],[8.66801,59.48383],[8.66762,59.48401],[8.66683,59.48401],[8.66659,59.48396],[8.66714,59.4844],[8.66771,59.48441],[8.66891,59.48423],[8.66847,59.48379]]]}},{"type":"Feature","properties":{"k":"old","n":"Kviteseid-Kleivane","a":3845,"type":"Kommunalt deponi","status":"Uavklart"},"geometry":{"type":"Polygon","coordinates":[[[8.51388,59.35215],[8.51361,59.35204],[8.51332,59.35211],[8.51302,59.3521],[8.51277,59.35233],[8.51279,59.35258],[8.51322,59.35267],[8.5138,59.35256],[8.514,59.35236],[8.51388,59.35215]]]}},{"type":"Feature","properties":{"k":"old","n":"BJØRGE AVFALLSPLASS","a":3735,"type":"Kommunalt deponi","status":"Uavklart"},"geometry":{"type":"Polygon","coordinates":[[[10.57383,60.32881],[10.57428,60.32879],[10.5745,60.32862],[10.57433,60.32839],[10.57388,60.32823],[10.57342,60.32828],[10.57311,60.32845],[10.57322,60.32872],[10.57383,60.32881]]]}},{"type":"Feature","properties":{"k":"old","n":"TREVATN","a":99,"type":"Kommunalt deponi","status":"Uavklart"},"geometry":{"type":"Polygon","coordinates":[[[10.41218,60.68468],[10.41208,60.68463],[10.41197,60.68468],[10.41207,60.68473],[10.41218,60.68468]]]}},{"type":"Feature","properties":{"k":"old","n":"BANGELØKKA","a":26142,"type":"Kommunalt deponi","status":"Avsluttet"},"geometry":{"type":"Polygon","coordinates":[[[10.21469,59.7309],[10.21744,59.73012],[10.21681,59.72946],[10.21761,59.72926],[10.21728,59.72897],[10.21654,59.72917],[10.21632,59.72915],[10.21589,59.72944],[10.21399,59.73003],[10.21365,59.73004],[10.21293,59.73019],[10.21405,59.73106],[10.21469,59.7309]]]}},{"type":"Feature","properties":{"k":"old","n":"MUUSØYA","a":46780,"type":"Kommunalt deponi","status":"Uavklart"},"geometry":{"type":"Polygon","coordinates":[[[10.15312,59.75108],[10.15435,59.75113],[10.15446,59.74993],[10.15416,59.74888],[10.1509,59.7491],[10.15058,59.75089],[10.15108,59.75101],[10.15103,59.75121],[10.15278,59.75128],[10.15279,59.75108],[10.15312,59.75108]],[[10.15364,59.74999],[10.15366,59.75037],[10.15241,59.75038],[10.15241,59.75006],[10.15364,59.74999]]]}},{"type":"Feature","properties":{"k":"old","n":"DRAMMEN TRAVBANE","a":81601,"type":"Kommunalt deponi","status":"Uavklart"},"geometry":{"type":"Polygon","coordinates":[[[10.12373,59.75609],[10.1235,59.75483],[10.12335,59.75482],[10.12324,59.7535],[10.12172,59.75324],[10.12163,59.75275],[10.12106,59.7528],[10.12081,59.75259],[10.12102,59.75256],[10.121,59.75251],[10.11931,59.7528],[10.12015,59.75378],[10.11872,59.75416],[10.11973,59.75571],[10.12001,59.75658],[10.12373,59.75609]],[[10.12068,59.7526],[10.12086,59.75285],[10.11998,59.75303],[10.11981,59.75276],[10.12068,59.7526]]]}},{"type":"Feature","properties":{"k":"old","n":"Bokerøya","a":8990,"type":"Deponi","status":"Uavklart"},"geometry":{"type":"Polygon","coordinates":[[[10.41005,59.59125],[10.41038,59.5924],[10.41076,59.59237],[10.41073,59.59223],[10.41084,59.59222],[10.41089,59.59235],[10.41111,59.59209],[10.41169,59.59182],[10.41164,59.59157],[10.41132,59.5911],[10.41005,59.59125]]]}},{"type":"Feature","properties":{"k":"old","n":"Rørvik","a":932,"type":"Kommunalt deponi","status":"Uavklart"},"geometry":{"type":"Polygon","coordinates":[[[10.40728,59.62679],[10.40747,59.62681],[10.40782,59.62663],[10.40794,59.62637],[10.40786,59.62626],[10.40728,59.62679]]]}},{"type":"Feature","properties":{"k":"old","n":"Salta","a":2183,"type":"Deponi","status":"Uavklart"},"geometry":{"type":"Polygon","coordinates":[[[10.35451,59.68498],[10.35451,59.68502],[10.35505,59.68493],[10.35531,59.68481],[10.35551,59.68446],[10.35523,59.68438],[10.35489,59.68443],[10.35451,59.68498]]]}},{"type":"Feature","properties":{"k":"old","n":"BJØRØYMOLOEN","a":997,"type":"Deponi","status":"Uavklart"},"geometry":{"type":"Polygon","coordinates":[[[10.34062,59.53308],[10.34024,59.53312],[10.34037,59.53356],[10.34068,59.53353],[10.34062,59.53308]]]}},{"type":"Feature","properties":{"k":"old","n":"Markenrudveien","a":746,"type":"Kommunalt deponi","status":"Avsluttet"},"geometry":{"type":"Polygon","coordinates":[[[10.03839,59.59182],[10.03813,59.59184],[10.03815,59.59205],[10.03863,59.59202],[10.03864,59.59188],[10.03839,59.59182]]]}},{"type":"Feature","properties":{"k":"old","n":"LIAN GRUSTAK (1)","a":14215,"type":"Kommunalt deponi","status":"Uavklart"},"geometry":{"type":"Polygon","coordinates":[[[10.05958,59.51961],[10.05922,59.5197],[10.05908,59.52048],[10.06142,59.52076],[10.06171,59.52072],[10.06195,59.5206],[10.0623,59.52019],[10.06122,59.51992],[10.06061,59.51987],[10.06066,59.51996],[10.06056,59.51998],[10.06051,59.51985],[10.05998,59.5198],[10.05958,59.51961]]]}},{"type":"Feature","properties":{"k":"old","n":"HORNET GÅRD","a":2577,"type":"Deponi","status":"Uavklart"},"geometry":{"type":"Polygon","coordinates":[[[10.27359,59.43267],[10.27335,59.4329],[10.27419,59.43317],[10.27445,59.43314],[10.27465,59.43297],[10.27458,59.43293],[10.27389,59.43265],[10.27359,59.43267]]]}},{"type":"Feature","properties":{"k":"old","n":"RAMNES AVFALLSDEPONI","a":12831,"type":"Kommunalt deponi","status":"Uavklart"},"geometry":{"type":"Polygon","coordinates":[[[10.25368,59.34745],[10.25371,59.34816],[10.25323,59.34845],[10.25423,59.34872],[10.25489,59.34863],[10.25627,59.34875],[10.25643,59.34853],[10.25549,59.34825],[10.25508,59.34786],[10.25368,59.34745]]]}},{"type":"Feature","properties":{"k":"old","n":"KODAL AVFALLSPLASS","a":2623,"type":"Kommunalt deponi","status":"Uavklart"},"geometry":{"type":"Polygon","coordinates":[[[10.13522,59.21363],[10.13538,59.21361],[10.13548,59.21336],[10.13537,59.21313],[10.13504,59.21306],[10.1346,59.21313],[10.13465,59.21343],[10.13479,59.2136],[10.13522,59.21363]]]}},{"type":"Feature","properties":{"k":"old","n":"MELSOMVIKBUKTA","a":5796,"type":"Kommunalt deponi","status":"Uavklart"},"geometry":{"type":"Polygon","coordinates":[[[10.33849,59.22053],[10.33879,59.2213],[10.33988,59.2213],[10.34004,59.22068],[10.33849,59.22053]]]}},{"type":"Feature","properties":{"k":"old","n":"HANEVOLDMOEN","a":6976,"type":"Deponi","status":"Uavklart"},"geometry":{"type":"Polygon","coordinates":[[[9.89885,59.32844],[9.89729,59.32833],[9.89713,59.32877],[9.89759,59.32881],[9.89754,59.32906],[9.89889,59.32916],[9.89885,59.32844]]]}},{"type":"Feature","properties":{"k":"old","n":"FYLLING V/LOEN INDUSTRIER, MOT DRAMMENSELVA","a":6591,"type":"Deponi","status":"Uavklart"},"geometry":{"type":"Polygon","coordinates":[[[9.93264,59.7687],[9.93236,59.76839],[9.93186,59.76843],[9.93196,59.7687],[9.93082,59.76878],[9.93115,59.76932],[9.93205,59.76921],[9.93284,59.76902],[9.93264,59.7687]]]}},{"type":"Feature","properties":{"k":"old","n":"Teigen Skraphandler","a":3313,"type":"Deponi","status":"Uavklart"},"geometry":{"type":"Polygon","coordinates":[[[9.89478,59.84421],[9.89475,59.84364],[9.89403,59.84366],[9.89381,59.84344],[9.89365,59.84346],[9.89362,59.84354],[9.89482,59.84461],[9.89478,59.84421]]]}},{"type":"Feature","properties":{"k":"old","n":"Industrifylling for Mjøndalen Cellulose","a":412,"type":"Deponi","status":"Uavklart"},"geometry":{"type":"Polygon","coordinates":[[[10.03117,59.75186],[10.03108,59.75184],[10.03064,59.75229],[10.03086,59.75237],[10.03091,59.75224],[10.03082,59.75223],[10.03117,59.75186]]]}},{"type":"Feature","properties":{"k":"old","n":"KLOPPETJERN","a":3260,"type":"Kommunalt deponi","status":"Uavklart"},"geometry":{"type":"Polygon","coordinates":[[[10.01317,59.74868],[10.01273,59.74851],[10.01185,59.74865],[10.01208,59.74898],[10.01222,59.74903],[10.01359,59.74884],[10.01317,59.74868]]]}},{"type":"Feature","properties":{"k":"old","n":"INOR INDUSTRIOMRÅDE","a":80993,"type":"Deponi","status":"Uavklart"},"geometry":{"type":"Polygon","coordinates":[[[10.08731,59.75572],[10.08655,59.75502],[10.08637,59.75499],[10.08567,59.75507],[10.0856,59.75513],[10.08541,59.75511],[10.08517,59.75522],[10.08501,59.75525],[10.08489,59.75521],[10.08455,59.75533],[10.08403,59.75528],[10.08388,59.75534],[10.08377,59.75529],[10.08418,59.75781],[10.08653,59.75917],[10.08734,59.759],[10.08755,59.7589],[10.08747,59.75853],[10.08827,59.7582],[10.08814,59.75768],[10.08777,59.75737],[10.08777,59.75628],[10.08731,59.75572]]]}},{"type":"Feature","properties":{"k":"old","n":"Lortbrua deponi","a":5149,"type":"Deponi","status":"Undersøkelser igangsatt"},"geometry":{"type":"Polygon","coordinates":[[[11.76774,59.7291],[11.76682,59.72975],[11.76788,59.73004],[11.76854,59.72954],[11.76774,59.7291]]]}},{"type":"Feature","properties":{"k":"old","n":"SYLLING FYLLPLASS","a":9181,"type":"Kommunalt deponi","status":"Uavklart"},"geometry":{"type":"Polygon","coordinates":[[[10.29799,59.88842],[10.29778,59.88811],[10.29655,59.88823],[10.29566,59.88789],[10.29518,59.88841],[10.2953,59.88858],[10.29522,59.88881],[10.29556,59.88892],[10.29687,59.88865],[10.29734,59.88849],[10.29799,59.88842]]]}},{"type":"Feature","properties":{"k":"old","n":"ILA GARTNERI","a":192328,"type":"Deponi","status":"Uavklart"},"geometry":{"type":"Polygon","coordinates":[[[10.25041,59.78932],[10.25105,59.78931],[10.25119,59.78948],[10.25107,59.78951],[10.25249,59.78943],[10.2533,59.78756],[10.2516,59.78736],[10.25134,59.78648],[10.25263,59.78524],[10.25264,59.78511],[10.25335,59.78506],[10.25358,59.78496],[10.25376,59.78476],[10.25408,59.78466],[10.25455,59.78414],[10.25573,59.78421],[10.25559,59.78368],[10.25575,59.78351],[10.25619,59.78337],[10.25688,59.78338],[10.25568,59.78237],[10.2554,59.7813],[10.25504,59.78135],[10.25317,59.78131],[10.25206,59.78153],[10.25164,59.78168],[10.25179,59.7822],[10.25253,59.78263],[10.25236,59.78283],[10.25301,59.78358],[10.25261,59.78391],[10.25131,59.78402],[10.25112,59.78427],[10.25047,59.78469],[10.24925,59.78507],[10.24809,59.78558],[10.24752,59.78614],[10.24875,59.78719],[10.24878,59.78739],[10.24862,59.78746],[10.2487,59.78759],[10.2458,59.788],[10.2459,59.78807],[10.24675,59.78794],[10.24683,59.78798],[10.24867,59.78769],[10.24888,59.78787],[10.24878,59.7881],[10.24835,59.78826],[10.24825,59.78823],[10.24786,59.78854],[10.24777,59.78851],[10.24762,59.7886],[10.24778,59.78872],[10.24988,59.78953],[10.25003,59.78936],[10.25041,59.78932]]]}},{"type":"Feature","properties":{"k":"old","n":"STEINSET","a":99,"type":"Kommunalt deponi","status":"Uavklart"},"geometry":{"type":"Polygon","coordinates":[[[9.5688,59.86488],[9.56871,59.86483],[9.5686,59.86488],[9.5687,59.86493],[9.5688,59.86488]]]}},{"type":"Feature","properties":{"k":"old","n":"Veggli","a":1040,"type":"Kommunalt deponi","status":"Uavklart"},"geometry":{"type":"Polygon","coordinates":[[[9.14727,60.04659],[9.14672,60.04671],[9.14653,60.04681],[9.14657,60.04686],[9.14689,60.04694],[9.1472,60.04694],[9.14727,60.04659]]]}},{"type":"Feature","properties":{"k":"old","n":"RØRESTRAND","a":19386,"type":"Kommunalt deponi","status":"Uavklart"},"geometry":{"type":"Polygon","coordinates":[[[10.48294,59.39744],[10.48283,59.39748],[10.48298,59.3977],[10.48285,59.39778],[10.48177,59.39802],[10.48137,59.39775],[10.48147,59.39777],[10.48164,59.39767],[10.48041,59.39794],[10.47988,59.39827],[10.47911,59.39849],[10.48055,59.39956],[10.48092,59.39951],[10.48076,59.39904],[10.48085,59.39895],[10.48285,59.39865],[10.48247,59.39861],[10.48241,59.39855],[10.48189,59.39857],[10.48181,59.39846],[10.48217,59.39823],[10.4824,59.39851],[10.48215,59.39803],[10.48316,59.39781],[10.4831,59.39759],[10.48325,59.39752],[10.48305,59.39752],[10.48294,59.39744]]]}},{"type":"Feature","properties":{"k":"old","n":"Møringa, Karljohansvern - Avfallsfylling","a":49100,"type":"Deponi","status":"Avsluttet"},"geometry":{"type":"Polygon","coordinates":[[[10.4938,59.43559],[10.49452,59.43563],[10.49546,59.43517],[10.49634,59.43439],[10.49218,59.43379],[10.48926,59.43385],[10.49037,59.43482],[10.4938,59.43559]]]}},{"type":"Feature","properties":{"k":"old","n":"NORDISK ALUMINIUM","a":95667,"type":"Kommunalt deponi","status":"Avsluttet"},"geometry":{"type":"Polygon","coordinates":[[[10.32389,59.48586],[10.32295,59.4862],[10.32257,59.48608],[10.3224,59.48609],[10.32082,59.48639],[10.31906,59.48704],[10.32026,59.48753],[10.32343,59.48934],[10.32749,59.4873],[10.32723,59.48707],[10.32389,59.48586]]]}},{"type":"Feature","properties":{"k":"old","n":"FELLESKJØPET SØR","a":30845,"type":"Kommunalt deponi","status":"Tiltak gjennomført"},"geometry":{"type":"Polygon","coordinates":[[[10.33182,59.47583],[10.332,59.47585],[10.33271,59.47475],[10.33297,59.47397],[10.33295,59.4736],[10.33314,59.47319],[10.33299,59.47316],[10.33226,59.47352],[10.33049,59.47581],[10.33035,59.4768],[10.33061,59.47697],[10.33163,59.47714],[10.33184,59.47638],[10.33092,59.47626],[10.33188,59.47638],[10.33205,59.47617],[10.33209,59.47588],[10.33182,59.47583]]]}},{"type":"Feature","properties":{"k":"old","n":"OREDALEN AVFALLSPLASS","a":218485,"type":"Kommunalt deponi","status":"Uavklart"},"geometry":{"type":"Polygon","coordinates":[[[10.5227,59.55453],[10.52336,59.55468],[10.52391,59.5541],[10.52529,59.55301],[10.52758,59.55146],[10.52696,59.55037],[10.52483,59.54946],[10.52337,59.54913],[10.52137,59.54887],[10.51885,59.54944],[10.51728,59.55032],[10.51689,59.55064],[10.51531,59.55017],[10.51479,59.55109],[10.51591,59.55134],[10.51583,59.55101],[10.51553,59.55083],[10.51587,59.55055],[10.51886,59.55119],[10.51879,59.55203],[10.52043,59.5533],[10.52062,59.55327],[10.52094,59.55298],[10.52312,59.55387],[10.5227,59.55453]]]}},{"type":"Feature","properties":{"k":"old","n":"Grønneflåta fyllplass","a":20038,"type":"Kommunalt deponi","status":"Uavklart"},"geometry":{"type":"Polygon","coordinates":[[[8.74655,60.26615],[8.74688,60.26571],[8.74679,60.26554],[8.74644,60.26553],[8.74634,60.2654],[8.74585,60.26524],[8.74544,60.26523],[8.74528,60.26515],[8.74502,60.26515],[8.74476,60.26527],[8.74397,60.26525],[8.74348,60.26563],[8.74335,60.26591],[8.74361,60.26608],[8.74432,60.26635],[8.74572,60.26638],[8.74604,60.26632],[8.74652,60.26634],[8.74655,60.26615]]]}},{"type":"Feature","properties":{"k":"old","n":"Haraldstad pukkverk, Bliksekilen","a":6306,"type":"Kommunalt deponi","status":"Undersøkelser gjennomført"},"geometry":{"type":"Polygon","coordinates":[[[10.49415,59.32075],[10.49358,59.32091],[10.49355,59.32134],[10.49419,59.32152],[10.49461,59.32154],[10.49483,59.32148],[10.49525,59.321],[10.49456,59.32077],[10.49415,59.32075]]]}},{"type":"Feature","properties":{"k":"old","n":"KILEN FYLLPLASS","a":51563,"type":"Kommunalt deponi","status":"Avsluttet"},"geometry":{"type":"Polygon","coordinates":[[[10.2417,59.12656],[10.24104,59.12705],[10.24015,59.12749],[10.24093,59.12787],[10.2418,59.12845],[10.24074,59.12869],[10.24179,59.1292],[10.24153,59.12935],[10.2422,59.1298],[10.24391,59.13065],[10.24439,59.13026],[10.2439,59.12959],[10.24509,59.12928],[10.24398,59.12827],[10.24369,59.12823],[10.24304,59.12801],[10.24275,59.12728],[10.2417,59.12656]],[[10.24255,59.12833],[10.24342,59.12913],[10.24326,59.1292],[10.2421,59.12847],[10.2421,59.12841],[10.24255,59.12833]]]}},{"type":"Feature","properties":{"k":"old","n":"LASKEN","a":10855,"type":"Kommunalt deponi","status":"Uavklart"},"geometry":{"type":"Polygon","coordinates":[[[10.183,59.14548],[10.18224,59.14508],[10.18105,59.14561],[10.18148,59.14586],[10.18193,59.14596],[10.18273,59.14597],[10.18333,59.14635],[10.18386,59.14651],[10.18396,59.14647],[10.18382,59.14636],[10.18383,59.1458],[10.18355,59.14577],[10.183,59.14548]]]}},{"type":"Feature","properties":{"k":"old","n":"MOBAKKEN","a":8927,"type":"Kommunalt deponi","status":"Avsluttet"},"geometry":{"type":"Polygon","coordinates":[[[10.20785,59.13884],[10.20667,59.13915],[10.2066,59.13924],[10.20641,59.13923],[10.20621,59.13931],[10.20579,59.13955],[10.20564,59.13974],[10.20428,59.14034],[10.20376,59.14085],[10.20404,59.14089],[10.20423,59.14071],[10.20505,59.14027],[10.20519,59.14026],[10.20711,59.13933],[10.20761,59.13928],[10.20809,59.13912],[10.20811,59.13897],[10.20785,59.13884]]]}},{"type":"Feature","properties":{"k":"old","n":"FARMEN","a":470,"type":"Deponi","status":"Uavklart"},"geometry":{"type":"Polygon","coordinates":[[[9.97431,59.22238],[9.97449,59.2223],[9.97438,59.22218],[9.97402,59.22227],[9.97406,59.22233],[9.97431,59.22238]]]}},{"type":"Feature","properties":{"k":"old","n":"Larvik Cell, YTTERSØ","a":23452,"type":"Deponi","status":"Uavklart"},"geometry":{"type":"Polygon","coordinates":[[[10.06593,59.05121],[10.06686,59.05136],[10.0672,59.05023],[10.06723,59.04966],[10.06414,59.05024],[10.06466,59.05134],[10.06593,59.05121]]]}},{"type":"Feature","properties":{"k":"old","n":"NYSTED","a":2263,"type":"Kommunalt deponi","status":"Uavklart"},"geometry":{"type":"Polygon","coordinates":[[[10.07164,59.11207],[10.07267,59.11234],[10.0722,59.11203],[10.07204,59.11154],[10.07179,59.11149],[10.07161,59.11164],[10.07164,59.11207]]]}},{"type":"Feature","properties":{"k":"old","n":"HOBEKK","a":2734,"type":"Deponi","status":"Uavklart"},"geometry":{"type":"Polygon","coordinates":[[[9.8956,59.07212],[9.89603,59.0721],[9.89621,59.07198],[9.89641,59.07173],[9.8963,59.07158],[9.89516,59.07186],[9.89521,59.07202],[9.8956,59.07212]]]}},{"type":"Feature","properties":{"k":"old","n":"Drammen Jernstøberi (Norsk Gjenvinning Metall AS)","a":38238,"type":"Deponi","status":"Tiltak gjennomført"},"geometry":{"type":"Polygon","coordinates":[[[10.25166,59.72594],[10.25103,59.72623],[10.25096,59.72619],[10.24911,59.72705],[10.24931,59.72713],[10.24872,59.72742],[10.2486,59.72755],[10.24854,59.72776],[10.2492,59.72794],[10.2489,59.72813],[10.25018,59.72866],[10.25068,59.72853],[10.25305,59.72743],[10.2514,59.72658],[10.25179,59.72639],[10.25165,59.72624],[10.25187,59.72605],[10.25166,59.72594]]]}},{"type":"Feature","properties":{"k":"old","n":"Drammen Jernstøberi (Norsk Gjenvinning Metall AS)","a":2959,"type":"Deponi","status":"Tiltak gjennomført"},"geometry":{"type":"Polygon","coordinates":[[[10.24917,59.72782],[10.25056,59.72837],[10.2514,59.72785],[10.25087,59.72763],[10.25052,59.72783],[10.25096,59.72803],[10.25062,59.72823],[10.24939,59.72771],[10.24917,59.72782]]]}},{"type":"Feature","properties":{"k":"old","n":"Gomsrud avfallsdeponi (Laugerud fyllplass)","a":28248,"type":"Kommunalt deponi","status":"Uavklart"},"geometry":{"type":"Polygon","coordinates":[[[9.66708,59.63192],[9.66845,59.63123],[9.66849,59.63099],[9.6684,59.63084],[9.66792,59.63062],[9.6668,59.63058],[9.66555,59.63031],[9.66533,59.62988],[9.66491,59.62986],[9.66433,59.63015],[9.66393,59.63044],[9.6643,59.63073],[9.66526,59.63122],[9.66678,59.63188],[9.66708,59.63192]]]}},{"type":"Feature","properties":{"k":"old","n":"TYRIMYRA AVFALLSPLASS","a":68264,"type":"Kommunalt deponi","status":"Uavklart"},"geometry":{"type":"Polygon","coordinates":[[[10.24953,60.19033],[10.25273,60.19172],[10.25437,60.19112],[10.25602,60.19088],[10.25722,60.19058],[10.25659,60.19011],[10.25494,60.18965],[10.25387,60.1896],[10.25188,60.18884],[10.24953,60.19033]]]}},{"type":"Feature","properties":{"k":"old","n":"Hofsfoss Brug, Follum","a":128126,"type":"Deponi","status":"Uavklart"},"geometry":{"type":"Polygon","coordinates":[[[10.24913,60.2008],[10.24636,60.20152],[10.24587,60.20134],[10.24532,60.20152],[10.24446,60.20216],[10.244,60.20192],[10.24355,60.20156],[10.24357,60.20215],[10.24321,60.20331],[10.24238,60.2042],[10.24056,60.20533],[10.24393,60.2053],[10.24718,60.20438],[10.24749,60.2042],[10.248,60.20412],[10.24819,60.20403],[10.24862,60.20411],[10.24901,60.20394],[10.24958,60.20341],[10.24889,60.20263],[10.24919,60.20175],[10.24931,60.20173],[10.24925,60.20156],[10.24882,60.20152],[10.24914,60.20147],[10.24887,60.20137],[10.2492,60.20112],[10.24964,60.20097],[10.24965,60.20089],[10.24913,60.2008]],[[10.24627,60.20241],[10.24694,60.20244],[10.24699,60.20284],[10.246,60.20268],[10.24627,60.20241]]]}},{"type":"Feature","properties":{"k":"old","n":"Kulltangen","a":2510,"type":"Kommunalt deponi","status":"Undersøkelser gjennomført"},"geometry":{"type":"Polygon","coordinates":[[[9.62966,59.13155],[9.62907,59.13181],[9.62974,59.13223],[9.63024,59.13188],[9.62966,59.13155]]]}},{"type":"Feature","properties":{"k":"old","n":"Norske Skog Union, Findalen barkdeponi","a":191963,"type":"Deponi","status":"Avsluttet"},"geometry":{"type":"Polygon","coordinates":[[[9.55764,59.15619],[9.55803,59.15624],[9.55804,59.1559],[9.55864,59.15574],[9.55926,59.15571],[9.56099,59.15455],[9.56228,59.15412],[9.56329,59.15361],[9.55944,59.15255],[9.55403,59.15219],[9.55351,59.15266],[9.55229,59.15216],[9.55166,59.15267],[9.55164,59.15282],[9.55197,59.15299],[9.55257,59.15361],[9.55427,59.15657],[9.55706,59.1562],[9.55764,59.15619]],[[9.55749,59.15459],[9.55752,59.15498],[9.55656,59.15497],[9.55681,59.15458],[9.55749,59.15459]]]}},{"type":"Feature","properties":{"k":"old","n":"TUNGA","a":99,"type":"Deponi","status":"Uavklart"},"geometry":{"type":"Polygon","coordinates":[[[9.29282,59.54701],[9.29273,59.54695],[9.29262,59.547],[9.29271,59.54705],[9.29282,59.54701]]]}},{"type":"Feature","properties":{"k":"old","n":"Lysthusodden","a":3185,"type":"Deponi","status":"Uavklart"},"geometry":{"type":"Polygon","coordinates":[[[9.18945,59.57057],[9.19023,59.57084],[9.19074,59.57062],[9.19081,59.57052],[9.19052,59.57035],[9.19003,59.57023],[9.1898,59.57026],[9.18945,59.57057]]]}},{"type":"Feature","properties":{"k":"old","n":"Stiftelsen Herresenteret (BAMBLE CELLULOSE)","a":18228,"type":"Deponi","status":"Uavklart"},"geometry":{"type":"Polygon","coordinates":[[[9.54962,59.10203],[9.54928,59.1023],[9.54891,59.10225],[9.54848,59.1025],[9.54765,59.10274],[9.54842,59.10335],[9.54957,59.10303],[9.54988,59.10327],[9.55129,59.10309],[9.55129,59.10277],[9.55084,59.10243],[9.55029,59.1022],[9.54962,59.10203]]]}},{"type":"Feature","properties":{"k":"old","n":"Idrettsbanen","a":1589,"type":"Kommunalt deponi","status":"Uavklart"},"geometry":{"type":"Polygon","coordinates":[[[9.04983,59.09202],[9.04975,59.09182],[9.04957,59.09172],[9.04918,59.09176],[9.04905,59.09191],[9.04923,59.09209],[9.04962,59.09211],[9.04983,59.09202]]]}},{"type":"Feature","properties":{"k":"old","n":"Sanden grovavfallsplass","a":2464,"type":"Kommunalt deponi","status":"Uavklart"},"geometry":{"type":"Polygon","coordinates":[[[8.78233,59.92803],[8.78142,59.92812],[8.78108,59.92825],[8.78111,59.92841],[8.78131,59.92844],[8.78247,59.92825],[8.78257,59.9281],[8.78233,59.92803]]]}},{"type":"Feature","properties":{"k":"old","n":"Norsk Leca AS (MOUM BRUK)","a":273967,"type":"Deponi","status":"Avsluttet"},"geometry":{"type":"Polygon","coordinates":[[[11.03482,59.25199],[11.03427,59.25238],[11.03394,59.25317],[11.0336,59.25348],[11.03336,59.2545],[11.03304,59.25507],[11.03272,59.25608],[11.03268,59.25711],[11.03286,59.25755],[11.03284,59.25783],[11.03308,59.25805],[11.03294,59.25827],[11.03303,59.25872],[11.03271,59.25896],[11.03251,59.25926],[11.03264,59.25967],[11.03263,59.26019],[11.03288,59.26047],[11.03321,59.26054],[11.03362,59.2605],[11.03426,59.26054],[11.03526,59.26047],[11.03561,59.26051],[11.0363,59.26073],[11.03656,59.26058],[11.03763,59.26067],[11.0396,59.25741],[11.04022,59.25535],[11.03869,59.25521],[11.0379,59.25536],[11.03757,59.25547],[11.03699,59.25454],[11.03709,59.2526],[11.03632,59.2523],[11.03557,59.25221],[11.03482,59.25199]],[[11.03611,59.25497],[11.03676,59.25568],[11.03627,59.25583],[11.036,59.2556],[11.03528,59.25575],[11.03554,59.25529],[11.03546,59.25517],[11.03611,59.25497]],[[11.03897,59.25535],[11.03908,59.25573],[11.03844,59.25581],[11.03821,59.25547],[11.03897,59.25535]]]}},{"type":"Feature","properties":{"k":"old","n":"Moheim 1","a":2617,"type":"Deponi","status":"Uavklart"},"geometry":{"type":"Polygon","coordinates":[[[9.09774,58.844],[9.09752,58.8441],[9.09761,58.84424],[9.09866,58.84456],[9.09885,58.8443],[9.09845,58.84412],[9.09774,58.844]]]}},{"type":"Feature","properties":{"k":"old","n":"GRUVER VED PINNEN, DNN","a":57135,"type":"Deponi","status":"Avsluttet"},"geometry":{"type":"Polygon","coordinates":[[[8.8794,58.50127],[8.88001,58.50138],[8.88007,58.50131],[8.88056,58.50134],[8.8807,58.50125],[8.88109,58.50133],[8.88113,58.50121],[8.8815,58.50127],[8.88204,58.50125],[8.88231,58.50114],[8.88294,58.50134],[8.88394,58.50137],[8.88419,58.50148],[8.88448,58.50178],[8.88485,58.50184],[8.88499,58.50195],[8.8851,58.50178],[8.88498,58.50164],[8.88515,58.50152],[8.8853,58.50151],[8.88547,58.50157],[8.8858,58.5015],[8.88629,58.50166],[8.88622,58.50156],[8.88631,58.5015],[8.88672,58.50174],[8.88685,58.50168],[8.88695,58.50181],[8.88704,58.50179],[8.88723,58.50188],[8.88729,58.50176],[8.88708,58.50152],[8.88722,58.50148],[8.88719,58.5014],[8.88758,58.5014],[8.88783,58.50128],[8.88541,58.50112],[8.88386,58.50088],[8.88227,58.50051],[8.88167,58.50067],[8.88027,58.49996],[8.88089,58.4993],[8.88031,58.49916],[8.88153,58.49821],[8.88135,58.49809],[8.88068,58.49871],[8.87981,58.49901],[8.87865,58.49909],[8.87829,58.49939],[8.87974,58.49988],[8.87949,58.50018],[8.87932,58.50072],[8.87754,58.50066],[8.87679,58.50075],[8.87738,58.50097],[8.87738,58.50085],[8.87773,58.50083],[8.87761,58.50129],[8.8774,58.50142],[8.87775,58.50149],[8.87781,58.50144],[8.87769,58.50139],[8.87791,58.5008],[8.8785,58.50081],[8.87851,58.50107],[8.87817,58.50126],[8.87958,58.50173],[8.87958,58.5016],[8.87927,58.50134],[8.8794,58.50127]]]}},{"type":"Feature","properties":{"k":"old","n":"Rannekleiv","a":17232,"type":"Kommunalt deponi","status":"Avsluttet"},"geometry":{"type":"Polygon","coordinates":[[[8.69775,58.42299],[8.69747,58.42323],[8.69833,58.42344],[8.69929,58.42399],[8.69965,58.4243],[8.69967,58.42497],[8.69943,58.42554],[8.69974,58.42589],[8.7001,58.42597],[8.70029,58.42563],[8.70095,58.42535],[8.7012,58.42516],[8.70034,58.42425],[8.69969,58.42381],[8.6983,58.42312],[8.69775,58.42299]]]}},{"type":"Feature","properties":{"k":"old","n":"Klodeborg 1","a":1146,"type":"Deponi","status":"Uavklart"},"geometry":{"type":"Polygon","coordinates":[[[8.72332,58.45053],[8.72316,58.45069],[8.72335,58.4509],[8.72359,58.45096],[8.72373,58.45069],[8.72365,58.4506],[8.72332,58.45053]]]}},{"type":"Feature","properties":{"k":"old","n":"Elim fyllplass","a":5826,"type":"Kommunalt deponi","status":"Uavklart"},"geometry":{"type":"Polygon","coordinates":[[[8.74688,58.43348],[8.74683,58.4333],[8.74487,58.43371],[8.745,58.43396],[8.74538,58.43409],[8.74585,58.43406],[8.74674,58.4337],[8.74688,58.43348]]]}},{"type":"Feature","properties":{"k":"old","n":"Epletveitmoen søppelplass","a":24431,"type":"Kommunalt deponi","status":"Uavklart"},"geometry":{"type":"Polygon","coordinates":[[[8.52392,58.80486],[8.5243,58.8047],[8.52569,58.80451],[8.52669,58.80417],[8.52657,58.80386],[8.52451,58.80314],[8.52409,58.80313],[8.52376,58.80322],[8.52325,58.8042],[8.52331,58.80449],[8.52377,58.80483],[8.52392,58.80486]]]}},{"type":"Feature","properties":{"k":"old","n":"Gjøvdal søppelplass","a":4189,"type":"Kommunalt deponi","status":"Uavklart"},"geometry":{"type":"Polygon","coordinates":[[[8.34496,58.84492],[8.34446,58.8446],[8.34399,58.84454],[8.34373,58.84462],[8.34352,58.84494],[8.34364,58.84506],[8.3444,58.84513],[8.34488,58.84507],[8.34496,58.84492]]]}},{"type":"Feature","properties":{"k":"old","n":"ÅLEKILENE","a":14366,"type":"Kommunalt deponi","status":"Avsluttet"},"geometry":{"type":"Polygon","coordinates":[[[10.89359,59.20565],[10.89366,59.20662],[10.89288,59.20726],[10.89307,59.20733],[10.89344,59.20712],[10.89438,59.20698],[10.89426,59.20684],[10.8938,59.20685],[10.89386,59.20671],[10.89431,59.20651],[10.89478,59.2064],[10.89516,59.20638],[10.89578,59.20662],[10.89572,59.20569],[10.89542,59.20561],[10.89359,59.20565]]]}},{"type":"Feature","properties":{"k":"old","n":"STARENGÅSEN","a":99,"type":"Kommunalt deponi","status":"Avsluttet"},"geometry":{"type":"Polygon","coordinates":[[[10.86811,59.36158],[10.86801,59.36152],[10.86791,59.36157],[10.868,59.36162],[10.86811,59.36158]]]}},{"type":"Feature","properties":{"k":"old","n":"Rygge Hovedflystasjon - Stubbetipp","a":5822,"type":"Deponi","status":"Uavklart"},"geometry":{"type":"Polygon","coordinates":[[[10.81438,59.37041],[10.81305,59.36964],[10.81277,59.36995],[10.81297,59.37053],[10.81432,59.37068],[10.81438,59.37041]]]}},{"type":"Feature","properties":{"k":"old","n":"TORSNES","a":138548,"type":"Kommunalt deponi","status":"Avsluttet"},"geometry":{"type":"Polygon","coordinates":[[[10.84462,59.48727],[10.84452,59.48721],[10.84375,59.48757],[10.84373,59.48778],[10.84326,59.4879],[10.84296,59.48816],[10.84273,59.48896],[10.84285,59.48925],[10.84242,59.49016],[10.84253,59.49128],[10.84238,59.4916],[10.84193,59.49466],[10.84448,59.49476],[10.84543,59.49393],[10.84567,59.4935],[10.84567,59.49194],[10.84577,59.49152],[10.84569,59.4896],[10.84536,59.48831],[10.84519,59.48795],[10.84462,59.48727]]]}},{"type":"Feature","properties":{"k":"old","n":"TICON","a":10807,"type":"Deponi","status":"Tiltak gjennomført"},"geometry":{"type":"Polygon","coordinates":[[[10.30262,59.73067],[10.30451,59.73081],[10.30485,59.72995],[10.30299,59.72975],[10.30262,59.73067]]]}},{"type":"Feature","properties":{"k":"old","n":"HANS O. SYLLING","a":99,"type":"Deponi","status":"Uavklart"},"geometry":{"type":"Polygon","coordinates":[[[10.24734,59.89261],[10.24725,59.89255],[10.24714,59.8926],[10.24724,59.89265],[10.24734,59.89261]]]}},{"type":"Feature","properties":{"k":"old","n":"BRYNSHOLMEN","a":54762,"type":"Kommunalt deponi","status":"Uavklart"},"geometry":{"type":"Polygon","coordinates":[[[10.43921,59.75021],[10.43801,59.75013],[10.43806,59.75102],[10.43692,59.75292],[10.43792,59.75318],[10.43899,59.75328],[10.44059,59.75326],[10.44101,59.75313],[10.44068,59.75298],[10.44076,59.75214],[10.44103,59.75186],[10.44104,59.75139],[10.44081,59.75116],[10.43966,59.75078],[10.43926,59.75049],[10.43921,59.75021]]]}},{"type":"Feature","properties":{"k":"old","n":"OREDALEN AVFALLSPLASS","a":166646,"type":"Kommunalt deponi","status":"Uavklart"},"geometry":{"type":"Polygon","coordinates":[[[10.51707,59.55195],[10.51633,59.55273],[10.51815,59.55438],[10.51619,59.55551],[10.5157,59.55568],[10.5159,59.55756],[10.51622,59.55864],[10.51695,59.55918],[10.51819,59.5592],[10.51992,59.55818],[10.52122,59.557],[10.52193,59.55592],[10.52148,59.55492],[10.52142,59.55448],[10.5201,59.55402],[10.51916,59.55295],[10.51737,59.55245],[10.51707,59.55195]]]}},{"type":"Feature","properties":{"k":"old","n":"Sødra Cell Tofte AS, Toftedalen","a":25561,"type":"Deponi","status":"Uavklart"},"geometry":{"type":"Polygon","coordinates":[[[10.56969,59.55572],[10.57068,59.55553],[10.57058,59.55428],[10.57069,59.55337],[10.57014,59.55278],[10.56898,59.55296],[10.56882,59.55376],[10.56969,59.55572]]]}},{"type":"Feature","properties":{"k":"old","n":"OREDALEN SLAMDEPONI","a":99,"type":"Kommunalt deponi","status":"Uavklart"},"geometry":{"type":"Polygon","coordinates":[[[10.5258,59.54922],[10.5257,59.54916],[10.5256,59.54921],[10.52569,59.54926],[10.5258,59.54922]]]}},{"type":"Feature","properties":{"k":"old","n":"Grønneflåta fyllplass","a":798,"type":"Kommunalt deponi","status":"Uavklart"},"geometry":{"type":"Polygon","coordinates":[[[8.74806,60.26595],[8.7481,60.2658],[8.7473,60.26575],[8.74726,60.26592],[8.74806,60.26595]]]}},{"type":"Feature","properties":{"k":"old","n":"Barlinddalen","a":5739,"type":"Kommunalt deponi","status":"Uavklart"},"geometry":{"type":"Polygon","coordinates":[[[10.31408,59.48072],[10.31503,59.48083],[10.31515,59.48037],[10.31478,59.47996],[10.31409,59.47983],[10.31393,59.47987],[10.31375,59.48008],[10.31426,59.4804],[10.31408,59.48072]]]}},{"type":"Feature","properties":{"k":"old","n":"Esso Slagentangen - grustak","a":99,"type":"Deponi","status":"Avsluttet"},"geometry":{"type":"Polygon","coordinates":[[[10.5108,59.31273],[10.5107,59.31267],[10.5106,59.31272],[10.51069,59.31278],[10.5108,59.31273]]]}},{"type":"Feature","properties":{"k":"old","n":"BYGGEGRUBE VED TINE MEIERIER","a":5452,"type":"Deponi","status":"Uavklart"},"geometry":{"type":"Polygon","coordinates":[[[10.34798,59.29837],[10.3474,59.29792],[10.34694,59.29775],[10.3461,59.29812],[10.34695,59.29853],[10.34731,59.2986],[10.34798,59.29837]]]}},{"type":"Feature","properties":{"k":"old","n":"NORD-JARLSBERG (N. FOSS)","a":59674,"type":"Kommunalt deponi","status":"Uavklart"},"geometry":{"type":"Polygon","coordinates":[[[10.26905,59.50935],[10.26774,59.50933],[10.26761,59.50999],[10.2677,59.51076],[10.26784,59.51076],[10.26787,59.51171],[10.26814,59.51171],[10.26784,59.51218],[10.26773,59.51335],[10.26802,59.51335],[10.26923,59.51291],[10.27111,59.51104],[10.27086,59.51012],[10.26905,59.50935]]]}},{"type":"Feature","properties":{"k":"old","n":"Deponi Slagendalen","a":20632,"type":"Kommunalt deponi","status":"Avsluttet"},"geometry":{"type":"Polygon","coordinates":[[[10.42977,59.27993],[10.42964,59.28005],[10.42904,59.28019],[10.4278,59.28033],[10.42793,59.2806],[10.42791,59.28092],[10.42962,59.28093],[10.4304,59.28111],[10.43181,59.28098],[10.43129,59.28006],[10.42977,59.27993]]]}},{"type":"Feature","properties":{"k":"old","n":"Jotun - VERAFYLLINGEN (Deponi 1)","a":119362,"type":"Deponi","status":"Avsluttet"},"geometry":{"type":"Polygon","coordinates":[[[10.24651,59.1089],[10.24621,59.1068],[10.24657,59.10662],[10.24664,59.10634],[10.24645,59.10611],[10.24603,59.10611],[10.24585,59.1056],[10.24491,59.10529],[10.24397,59.1053],[10.24335,59.10524],[10.24293,59.10542],[10.24279,59.10517],[10.24261,59.10515],[10.24224,59.10539],[10.24201,59.10527],[10.24048,59.10646],[10.24088,59.10653],[10.2409,59.10661],[10.24064,59.10673],[10.24033,59.10658],[10.24007,59.10679],[10.24006,59.10697],[10.24471,59.1092],[10.24662,59.1104],[10.24674,59.11038],[10.24655,59.11007],[10.24651,59.1089]]]}},{"type":"Feature","properties":{"k":"old","n":"TIVOLITOMTA","a":14321,"type":"Kommunalt deponi","status":"Undersøkelser gjennomført"},"geometry":{"type":"Polygon","coordinates":[[[10.22536,59.12891],[10.22666,59.12903],[10.22726,59.12821],[10.22773,59.12787],[10.22777,59.12775],[10.22703,59.12763],[10.22644,59.1276],[10.22577,59.12782],[10.22565,59.12788],[10.22529,59.1289],[10.22536,59.12891]]]}},{"type":"Feature","properties":{"k":"old","n":"Huvik brygge","a":2480,"type":"Deponi","status":"Avsluttet"},"geometry":{"type":"Polygon","coordinates":[[[10.23318,59.12278],[10.23267,59.12293],[10.23326,59.12346],[10.23347,59.12355],[10.23375,59.12323],[10.23318,59.12278]]]}},{"type":"Feature","properties":{"k":"old","n":"HANDELSSKOLEN","a":5077,"type":"Kommunalt deponi","status":"Uavklart"},"geometry":{"type":"Polygon","coordinates":[[[10.04719,59.04897],[10.0474,59.04961],[10.04841,59.04969],[10.04865,59.04911],[10.04719,59.04897]]]}},{"type":"Feature","properties":{"k":"old","n":"HAGTVET-2","a":1565,"type":"Deponi","status":"Uavklart"},"geometry":{"type":"Polygon","coordinates":[[[10.06906,59.13714],[10.06905,59.13738],[10.06996,59.13754],[10.07016,59.13734],[10.06906,59.13714]]]}},{"type":"Feature","properties":{"k":"old","n":"MELØ","a":33598,"type":"Deponi","status":"Uavklart"},"geometry":{"type":"Polygon","coordinates":[[[10.03835,59.15484],[10.03895,59.15493],[10.03979,59.1549],[10.04017,59.15446],[10.04376,59.15441],[10.04385,59.1541],[10.04366,59.15387],[10.04191,59.15354],[10.04004,59.15329],[10.03897,59.15364],[10.03836,59.15443],[10.03835,59.15484]]]}},{"type":"Feature","properties":{"k":"old","n":"BERGERVEIEN","a":197,"type":"Deponi","status":"Uavklart"},"geometry":{"type":"Polygon","coordinates":[[[10.37414,59.54541],[10.3742,59.5455],[10.37445,59.54543],[10.37427,59.54536],[10.37414,59.54541]]]}},{"type":"Feature","properties":{"k":"old","n":"AADNE","a":1531,"type":"Deponi","status":"Uavklart"},"geometry":{"type":"Polygon","coordinates":[[[10.38334,59.57325],[10.38363,59.57319],[10.38322,59.57274],[10.38276,59.57287],[10.38318,59.57328],[10.38334,59.57325]]]}},{"type":"Feature","properties":{"k":"old","n":"Stomperudveien","a":9776,"type":"Deponi","status":"Undersøkelser gjennomført"},"geometry":{"type":"Polygon","coordinates":[[[10.34715,59.68485],[10.34633,59.68534],[10.34577,59.68584],[10.34516,59.68756],[10.34558,59.68744],[10.34565,59.68703],[10.34608,59.68629],[10.34738,59.68511],[10.34743,59.68489],[10.34715,59.68485]]]}},{"type":"Feature","properties":{"k":"old","n":"ÅS-FYLLINGEN","a":29082,"type":"Kommunalt deponi","status":"Undersøkelser gjennomført"},"geometry":{"type":"Polygon","coordinates":[[[10.21747,59.603],[10.21698,59.60295],[10.21411,59.60304],[10.21367,59.60318],[10.21222,59.60319],[10.21233,59.60349],[10.21264,59.60383],[10.2126,59.60396],[10.21647,59.60394],[10.21702,59.60387],[10.21779,59.60387],[10.21747,59.603]]]}},{"type":"Feature","properties":{"k":"old","n":"Heerema Tønsberg","a":66879,"type":"Deponi","status":"Undersøkelser gjennomført"},"geometry":{"type":"Polygon","coordinates":[[[10.39041,59.26791],[10.39049,59.26784],[10.39226,59.26763],[10.39312,59.26729],[10.39383,59.26711],[10.39443,59.2671],[10.39371,59.26553],[10.39284,59.26556],[10.39193,59.26524],[10.39162,59.26402],[10.39152,59.26403],[10.39177,59.26515],[10.39077,59.2651],[10.39028,59.26514],[10.39021,59.26587],[10.3903,59.26587],[10.39035,59.26648],[10.38831,59.26678],[10.38868,59.26688],[10.38872,59.26705],[10.38848,59.26708],[10.38868,59.26774],[10.38891,59.26772],[10.38899,59.26778],[10.39041,59.26791]]]}},{"type":"Feature","properties":{"k":"old","n":"Svelleveien","a":13214,"type":"Kommunalt deponi","status":"Uavklart"},"geometry":{"type":"Polygon","coordinates":[[[11.05954,59.9473],[11.05888,59.94746],[11.05879,59.94753],[11.05922,59.94806],[11.05932,59.9485],[11.05965,59.94869],[11.05977,59.94888],[11.05989,59.9495],[11.06011,59.94956],[11.06025,59.94948],[11.0604,59.94874],[11.06004,59.94823],[11.06031,59.94797],[11.06084,59.94789],[11.061,59.94776],[11.06081,59.94744],[11.0607,59.94741],[11.06,59.94755],[11.05954,59.9473]]]}},{"type":"Feature","properties":{"k":"old","n":"Rv4 Gjelleråsen-Slattum","a":426273,"type":"Deponi","status":"Avsluttet"},"geometry":{"type":"Polygon","coordinates":[[[10.92753,59.9971],[10.9287,59.99685],[10.92978,59.99654],[10.92971,59.99649],[10.92953,59.99653],[10.92941,59.99647],[10.92931,59.9965],[10.92935,59.9966],[10.92851,59.99684],[10.92739,59.99706],[10.92693,59.99707],[10.92641,59.99693],[10.926,59.99673],[10.92592,59.99659],[10.92597,59.99617],[10.92624,59.99617],[10.92655,59.99641],[10.92686,59.9964],[10.92704,59.99627],[10.92695,59.99604],[10.92729,59.99581],[10.92765,59.99617],[10.93157,59.99616],[10.93208,59.99595],[10.93726,59.99287],[10.93756,59.99152],[10.93916,59.98981],[10.93821,59.98971],[10.93612,59.99024],[10.93458,59.99047],[10.93377,59.99053],[10.93255,59.99025],[10.93222,59.98997],[10.93214,59.9899],[10.93231,59.98957],[10.93281,59.98921],[10.9319,59.98885],[10.93152,59.98879],[10.93063,59.9889],[10.92982,59.98965],[10.92916,59.98945],[10.92984,59.98876],[10.9299,59.98842],[10.92959,59.9879],[10.92946,59.98693],[10.92921,59.98695],[10.92911,59.98666],[10.92815,59.98663],[10.92805,59.98671],[10.92872,59.98732],[10.92896,59.98773],[10.92904,59.98848],[10.92853,59.98934],[10.9284,59.98934],[10.92744,59.99053],[10.92715,59.99074],[10.92546,59.9912],[10.92474,59.99165],[10.92462,59.99219],[10.92485,59.99282],[10.92468,59.9931],[10.92522,59.99318],[10.92478,59.99357],[10.924,59.99379],[10.92412,59.99392],[10.92492,59.99355],[10.92516,59.99369],[10.92621,59.99346],[10.92654,59.99384],[10.92589,59.99399],[10.92617,59.99432],[10.92584,59.99501],[10.92571,59.99501],[10.92617,59.99579],[10.92581,59.99583],[10.9251,59.99518],[10.92507,59.99503],[10.92531,59.99459],[10.92507,59.99439],[10.92482,59.99436],[10.92457,59.9944],[10.9239,59.99487],[10.92345,59.99496],[10.92362,59.99511],[10.92378,59.99509],[10.92464,59.99449],[10.92484,59.99445],[10.92504,59.9945],[10.92512,59.9946],[10.92494,59.99515],[10.92571,59.99592],[10.92586,59.99623],[10.92587,59.99674],[10.92666,59.99709],[10.92708,59.99714],[10.92753,59.9971]],[[10.92611,59.99587],[10.92656,59.99581],[10.92688,59.99614],[10.92682,59.99633],[10.92665,59.99635],[10.92651,59.9963],[10.92611,59.99587]]]}},{"type":"Feature","properties":{"k":"old","n":"FOSSUM","a":181158,"type":"Deponi","status":"Uavklart"},"geometry":{"type":"Polygon","coordinates":[[[11.03377,60.08994],[11.03426,60.08985],[11.0352,60.0899],[11.03433,60.0894],[11.03423,60.08922],[11.03446,60.08898],[11.03439,60.08848],[11.03399,60.08806],[11.03368,60.08733],[11.03371,60.08719],[11.03306,60.08709],[11.03268,60.0869],[11.03264,60.08624],[11.03214,60.0859],[11.03146,60.08573],[11.03094,60.0859],[11.03056,60.08595],[11.03042,60.08583],[11.02921,60.08602],[11.02905,60.08595],[11.02895,60.08569],[11.02865,60.08546],[11.02808,60.08505],[11.02775,60.08497],[11.02752,60.08482],[11.02722,60.08442],[11.02702,60.08441],[11.02603,60.0848],[11.02556,60.08531],[11.02544,60.08595],[11.02465,60.08617],[11.02474,60.08676],[11.02494,60.08698],[11.02479,60.08725],[11.02593,60.08763],[11.02548,60.08791],[11.02514,60.08847],[11.02619,60.08848],[11.02712,60.08837],[11.02862,60.08785],[11.02873,60.08831],[11.02897,60.0885],[11.02906,60.08875],[11.0291,60.08928],[11.0289,60.08964],[11.02962,60.08958],[11.03012,60.08943],[11.03024,60.08919],[11.03072,60.08886],[11.03103,60.08906],[11.03112,60.08916],[11.03103,60.08935],[11.03117,60.08937],[11.03154,60.08917],[11.03169,60.0888],[11.03204,60.08875],[11.03202,60.08947],[11.03258,60.08946],[11.03332,60.08973],[11.03357,60.08992],[11.03377,60.08994]]]}},{"type":"Feature","properties":{"k":"old","n":"VESET","a":99,"type":"Deponi","status":"Avsluttet"},"geometry":{"type":"Polygon","coordinates":[[[8.51185,59.87842],[8.51176,59.87836],[8.51165,59.87841],[8.51174,59.87846],[8.51185,59.87842]]]}},{"type":"Feature","properties":{"k":"old","n":"Åmot fyllplass","a":3340,"type":"Kommunalt deponi","status":"Uavklart"},"geometry":{"type":"Polygon","coordinates":[[[7.99769,59.56768],[7.99676,59.56755],[7.99656,59.56793],[7.99761,59.56816],[7.99783,59.56801],[7.99769,59.56768]]]}},{"type":"Feature","properties":{"k":"old","n":"Stensås","a":161,"type":"Kommunalt deponi","status":"Avsluttet"},"geometry":{"type":"Polygon","coordinates":[[[8.76137,58.47229],[8.76148,58.4722],[8.76132,58.47212],[8.7612,58.4722],[8.76137,58.47229]]]}},{"type":"Feature","properties":{"k":"old","n":"BAUGEN I","a":33457,"type":"Kommunalt deponi","status":"Avsluttet"},"geometry":{"type":"Polygon","coordinates":[[[11.11452,59.26568],[11.11366,59.26623],[11.11379,59.26654],[11.11361,59.26652],[11.11355,59.26681],[11.11388,59.26696],[11.11404,59.2669],[11.11397,59.26699],[11.1142,59.26707],[11.11426,59.26701],[11.11447,59.2672],[11.11468,59.26716],[11.11503,59.26726],[11.11511,59.26777],[11.11841,59.26727],[11.11847,59.26699],[11.11582,59.26627],[11.1159,59.2661],[11.11452,59.26568]]]}},{"type":"Feature","properties":{"k":"old","n":"LØEN","a":86201,"type":"Kommunalt deponi","status":"Avsluttet"},"geometry":{"type":"Polygon","coordinates":[[[11.18408,59.20063],[11.18717,59.19933],[11.18735,59.1993],[11.18753,59.19935],[11.18741,59.19922],[11.18689,59.19933],[11.18641,59.19952],[11.18697,59.19912],[11.1867,59.19867],[11.18657,59.19815],[11.18485,59.19779],[11.18309,59.1969],[11.18038,59.19886],[11.18155,59.19883],[11.18168,59.19925],[11.18161,59.19937],[11.18124,59.19947],[11.18024,59.19951],[11.1799,59.1996],[11.18174,59.19947],[11.1824,59.20011],[11.18281,59.20019],[11.1829,59.2004],[11.18408,59.20063]]]}},{"type":"Feature","properties":{"k":"old","n":"Norske Skog Follum - Årbogen deponi","a":60864,"type":"Deponi","status":"Uavklart"},"geometry":{"type":"Polygon","coordinates":[[[10.23896,60.18733],[10.24001,60.18749],[10.24142,60.18789],[10.24206,60.18838],[10.2428,60.18813],[10.24545,60.18874],[10.24678,60.18888],[10.24768,60.18785],[10.2472,60.18768],[10.243,60.18672],[10.24185,60.18662],[10.23966,60.18709],[10.23896,60.18733]]]}},{"type":"Feature","properties":{"k":"old","n":"Fonkalsrud","a":8264,"type":"Deponi","status":"Uavklart"},"geometry":{"type":"Polygon","coordinates":[[[10.05481,60.21174],[10.05535,60.21271],[10.05719,60.21243],[10.0566,60.21205],[10.056,60.21179],[10.0554,60.21181],[10.05481,60.21174]]]}},{"type":"Feature","properties":{"k":"old","n":"HALLSTEINRUD","a":590,"type":"Deponi","status":"Uavklart"},"geometry":{"type":"Polygon","coordinates":[[[10.18903,60.1883],[10.1893,60.18824],[10.18937,60.18815],[10.18898,60.18806],[10.18884,60.18818],[10.18903,60.1883]]]}},{"type":"Feature","properties":{"k":"old","n":"ASKVEIEN","a":484,"type":"Kommunalt deponi","status":"Uavklart"},"geometry":{"type":"Polygon","coordinates":[[[10.24981,60.16385],[10.24986,60.16377],[10.24905,60.1636],[10.24789,60.16346],[10.24856,60.16353],[10.24981,60.16385]]]}},{"type":"Feature","properties":{"k":"old","n":"BÅRDSPLASSEN","a":99,"type":"Kommunalt deponi","status":"Uavklart"},"geometry":{"type":"Polygon","coordinates":[[[9.51367,60.39848],[9.51357,60.39842],[9.51346,60.39847],[9.51355,60.39852],[9.51367,60.39848]]]}},{"type":"Feature","properties":{"k":"old","n":"ROTA AVFALLSPLASS","a":99,"type":"Kommunalt deponi","status":"Uavklart"},"geometry":{"type":"Polygon","coordinates":[[[8.60449,60.62335],[8.60439,60.62329],[8.60428,60.62334],[8.60437,60.62339],[8.60449,60.62335]]]}},{"type":"Feature","properties":{"k":"old","n":"Slaatto sag og høvleri flisfylling","a":3700,"type":"Deponi","status":"Uavklart"},"geometry":{"type":"Polygon","coordinates":[[[8.77443,60.66747],[8.77433,60.66736],[8.77404,60.6673],[8.77317,60.66736],[8.77293,60.6675],[8.77287,60.66766],[8.77327,60.66779],[8.77431,60.66773],[8.77442,60.66769],[8.77443,60.66747]]]}},{"type":"Feature","properties":{"k":"old","n":"GEILO SØPPELPLASS","a":99,"type":"Kommunalt deponi","status":"Uavklart"},"geometry":{"type":"Polygon","coordinates":[[[8.24875,60.53868],[8.24866,60.53862],[8.24854,60.53867],[8.24864,60.53873],[8.24875,60.53868]]]}},{"type":"Feature","properties":{"k":"old","n":"ÅMODT","a":18068,"type":"Kommunalt deponi","status":"Avsluttet"},"geometry":{"type":"Polygon","coordinates":[[[10.76972,59.551],[10.76907,59.55077],[10.76836,59.55073],[10.768,59.55101],[10.7677,59.55146],[10.7688,59.55218],[10.7698,59.55263],[10.77035,59.55232],[10.77043,59.55209],[10.77024,59.55183],[10.76988,59.55166],[10.76968,59.55144],[10.76958,59.55115],[10.76972,59.551]]]}},{"type":"Feature","properties":{"k":"old","n":"GEISDALEN AVFALLSPLASS","a":1692,"type":"Deponi","status":"Uavklart"},"geometry":{"type":"Polygon","coordinates":[[[7.71913,61.23662],[7.71949,61.23662],[7.71972,61.23643],[7.71829,61.23632],[7.71856,61.23649],[7.71913,61.23662]]]}},{"type":"Feature","properties":{"k":"old","n":"Haver avfallsplass","a":24623,"type":"Kommunalt deponi","status":"Uavklart"},"geometry":{"type":"Polygon","coordinates":[[[10.67449,59.65248],[10.67406,59.65256],[10.67385,59.65267],[10.6737,59.653],[10.67413,59.65411],[10.67454,59.65428],[10.67504,59.65433],[10.67575,59.65415],[10.67635,59.65384],[10.67655,59.6536],[10.6766,59.65334],[10.67633,59.65309],[10.67566,59.65269],[10.67507,59.65254],[10.67449,59.65248]]]}},{"type":"Feature","properties":{"k":"old","n":"Jar Kirke","a":4613,"type":"Kommunalt deponi","status":"Uavklart"},"geometry":{"type":"Polygon","coordinates":[[[10.61771,59.91878],[10.61828,59.91822],[10.61726,59.91796],[10.61668,59.91856],[10.61771,59.91878]]]}},{"type":"Feature","properties":{"k":"old","n":"Øverland II","a":45675,"type":"Kommunalt deponi","status":"Uavklart"},"geometry":{"type":"Polygon","coordinates":[[[10.56279,59.92977],[10.56262,59.93],[10.56341,59.92997],[10.56402,59.92963],[10.56244,59.92832],[10.56191,59.92858],[10.5616,59.92832],[10.56212,59.92807],[10.56108,59.9267],[10.5595,59.92577],[10.55905,59.92606],[10.55938,59.92625],[10.55914,59.92655],[10.55915,59.92687],[10.56102,59.92947],[10.5612,59.92937],[10.56208,59.92916],[10.56279,59.92977]]]}},{"type":"Feature","properties":{"k":"old","n":"Fornebu, gartnerifylling","a":99,"type":"Deponi","status":"Avsluttet"},"geometry":{"type":"Polygon","coordinates":[[[10.60628,59.89653],[10.60619,59.89647],[10.60608,59.89652],[10.60618,59.89657],[10.60628,59.89653]]]}},{"type":"Feature","properties":{"k":"old","n":"Kadettangen strandkantdeponi","a":4908,"type":"Deponi","status":"Avsluttet"},"geometry":{"type":"Polygon","coordinates":[[[10.5296,59.88759],[10.53222,59.88607],[10.53207,59.88602],[10.52784,59.88828],[10.52797,59.88833],[10.5296,59.88759]]]}},{"type":"Feature","properties":{"k":"old","n":"Hofmoen","a":2267,"type":"Kommunalt deponi","status":"Uavklart"},"geometry":{"type":"Polygon","coordinates":[[[11.39736,59.80212],[11.39631,59.80235],[11.39634,59.80242],[11.39681,59.80267],[11.39699,59.80267],[11.39748,59.80225],[11.39736,59.80212]]]}},{"type":"Feature","properties":{"k":"old","n":"Casco Nordsjø as","a":4750,"type":"Deponi","status":"Avsluttet"},"geometry":{"type":"Polygon","coordinates":[[[11.26479,59.98073],[11.26481,59.98047],[11.26374,59.98032],[11.2619,59.98049],[11.26196,59.98057],[11.26479,59.98077],[11.26479,59.98073]]]}},{"type":"Feature","properties":{"k":"old","n":"Ekornes fabrikker","a":20489,"type":"Deponi","status":"Avsluttet"},"geometry":{"type":"Polygon","coordinates":[[[11.13511,59.91759],[11.13452,59.91804],[11.13468,59.91814],[11.13495,59.91775],[11.13523,59.91763],[11.13607,59.91773],[11.13626,59.91769],[11.13717,59.91786],[11.138,59.91836],[11.13827,59.91864],[11.13829,59.91893],[11.13907,59.91945],[11.14023,59.91907],[11.1401,59.91893],[11.13953,59.91881],[11.13909,59.91859],[11.1392,59.91824],[11.13783,59.9178],[11.13779,59.91743],[11.13756,59.91711],[11.13764,59.91699],[11.13734,59.91689],[11.13708,59.91689],[11.13693,59.91706],[11.13725,59.91728],[11.13711,59.91747],[11.1365,59.91743],[11.13607,59.91725],[11.13504,59.91723],[11.13511,59.91759]]]}},{"type":"Feature","properties":{"k":"old","n":"FOSS SLIPESKIVEFABRIKK","a":99,"type":"Deponi","status":"Uavklart"},"geometry":{"type":"Polygon","coordinates":[[[11.18715,59.8978],[11.18706,59.89775],[11.18695,59.8978],[11.18705,59.89785],[11.18715,59.8978]]]}},{"type":"Feature","properties":{"k":"old","n":"Moheim 1","a":869,"type":"Deponi","status":"Uavklart"},"geometry":{"type":"Polygon","coordinates":[[[9.09866,58.84455],[9.09932,58.8447],[9.09939,58.84463],[9.09885,58.8443],[9.09866,58.84455]]]}},{"type":"Feature","properties":{"k":"old","n":"Fiane 1","a":10385,"type":"Deponi","status":"Uavklart"},"geometry":{"type":"Polygon","coordinates":[[[9.07911,58.81017],[9.08011,58.8104],[9.08077,58.81028],[9.08087,58.80997],[9.08056,58.80941],[9.0799,58.80927],[9.07905,58.80952],[9.07888,58.8098],[9.07911,58.81017]]]}},{"type":"Feature","properties":{"k":"old","n":"Arendal Lettmetall Industrier (Alicraft) nedlagt","a":6291,"type":"Deponi","status":"Avsluttet"},"geometry":{"type":"Polygon","coordinates":[[[8.83132,58.48347],[8.83075,58.48277],[8.8294,58.48297],[8.82939,58.48343],[8.82961,58.48342],[8.82966,58.48313],[8.8299,58.48336],[8.83015,58.48334],[8.83056,58.48341],[8.83067,58.48358],[8.83082,58.48363],[8.83135,58.48356],[8.83132,58.48347]]]}},{"type":"Feature","properties":{"k":"old","n":"Saint-Gobain Ceramic Materials AS v/ kvartslageret","a":13299,"type":"Deponi","status":"Uavklart"},"geometry":{"type":"Polygon","coordinates":[[[8.87832,58.5026],[8.87887,58.50265],[8.87924,58.50248],[8.87964,58.50269],[8.87986,58.50277],[8.88006,58.50276],[8.87985,58.50266],[8.8802,58.50248],[8.88071,58.50274],[8.88152,58.50242],[8.88141,58.50237],[8.88031,58.50234],[8.87895,58.50204],[8.87849,58.50248],[8.87651,58.50209],[8.87623,58.5024],[8.87793,58.50308],[8.87809,58.50282],[8.87829,58.5028],[8.87832,58.5026]]]}},{"type":"Feature","properties":{"k":"old","n":"SOLBORG GRUVER","a":845,"type":"Kommunalt deponi","status":"Uavklart"},"geometry":{"type":"Polygon","coordinates":[[[8.73269,58.46596],[8.73237,58.46578],[8.73201,58.466],[8.7324,58.46616],[8.73269,58.46596]]]}},{"type":"Feature","properties":{"k":"old","n":"Bakkemoen avfallsplass","a":8425,"type":"Kommunalt deponi","status":"Avsluttet"},"geometry":{"type":"Polygon","coordinates":[[[8.22077,58.32957],[8.22051,58.32973],[8.2205,58.33029],[8.22079,58.33037],[8.22228,58.33041],[8.22259,58.33037],[8.22263,58.33029],[8.22172,58.32974],[8.22124,58.32959],[8.22077,58.32957]]]}},{"type":"Feature","properties":{"k":"old","n":"RUUD","a":99,"type":"Deponi","status":"Uavklart"},"geometry":{"type":"Polygon","coordinates":[[[11.28274,59.7273],[11.28264,59.72725],[11.28254,59.72729],[11.28263,59.72735],[11.28274,59.7273]]]}},{"type":"Feature","properties":{"k":"old","n":"Trenregimentet - militær fylling","a":8756,"type":"Deponi","status":"Avsluttet"},"geometry":{"type":"Polygon","coordinates":[[[11.13676,60.23146],[11.13661,60.23009],[11.13558,60.23004],[11.13573,60.23143],[11.13676,60.23146]]]}},{"type":"Feature","properties":{"k":"old","n":"Esval Miljøpark Nes KF","a":387887,"type":"Deponi","status":"Avsluttet"},"geometry":{"type":"Polygon","coordinates":[[[11.38665,60.18962],[11.38904,60.18959],[11.39002,60.1901],[11.39079,60.19025],[11.3919,60.19097],[11.3934,60.1912],[11.39427,60.19115],[11.39662,60.19059],[11.39745,60.19064],[11.39951,60.18979],[11.40204,60.18843],[11.40281,60.18707],[11.40803,60.18609],[11.40828,60.18467],[11.40175,60.18477],[11.39368,60.18737],[11.39155,60.18767],[11.39091,60.18758],[11.39045,60.18764],[11.38952,60.18834],[11.38668,60.18851],[11.38665,60.18962]]]}},{"type":"Feature","properties":{"k":"old","n":"Eivindsdalen, 62V og 52V","a":14434,"type":"Deponi","status":"Uavklart"},"geometry":{"type":"Polygon","coordinates":[[[11.18669,60.29617],[11.18669,60.29604],[11.18655,60.29596],[11.18531,60.2958],[11.18513,60.29587],[11.18472,60.29636],[11.1848,60.29656],[11.1852,60.29674],[11.18518,60.29717],[11.18604,60.29732],[11.18628,60.29744],[11.18649,60.29744],[11.18666,60.29737],[11.18655,60.29643],[11.18669,60.29617]]]}},{"type":"Feature","properties":{"k":"old","n":"Svenskerud","a":1505,"type":"Deponi","status":"Uavklart"},"geometry":{"type":"Polygon","coordinates":[[[11.19121,60.27682],[11.19212,60.27701],[11.19238,60.27681],[11.19152,60.2766],[11.19121,60.27682]]]}},{"type":"Feature","properties":{"k":"old","n":"ARONSENS GARTNERI","a":37561,"type":"Deponi","status":"Uavklart"},"geometry":{"type":"Polygon","coordinates":[[[10.79161,59.94616],[10.7911,59.94595],[10.791,59.94601],[10.79042,59.94576],[10.78915,59.94543],[10.78928,59.94514],[10.78912,59.9451],[10.78899,59.94537],[10.78825,59.94514],[10.78776,59.9448],[10.78756,59.94474],[10.78627,59.94581],[10.78685,59.94588],[10.78632,59.94606],[10.7892,59.94639],[10.78905,59.94648],[10.78954,59.94673],[10.78986,59.94703],[10.79005,59.94762],[10.7919,59.94651],[10.79139,59.9463],[10.79161,59.94616]]]}},{"type":"Feature","properties":{"k":"old","n":"Marienlyst parkeringsplass","a":2248,"type":"Deponi","status":"Uavklart"},"geometry":{"type":"Polygon","coordinates":[[[10.72222,59.93667],[10.72152,59.93691],[10.72209,59.93726],[10.72274,59.93702],[10.72222,59.93667]]]}},{"type":"Feature","properties":{"k":"old","n":"Ratoppen/Teientoppen ll","a":216471,"type":"Deponi","status":"Uavklart"},"geometry":{"type":"Polygon","coordinates":[[[10.09455,59.09128],[10.09512,59.09101],[10.09565,59.09123],[10.09664,59.0918],[10.09669,59.09213],[10.097,59.09186],[10.09701,59.09164],[10.09729,59.09129],[10.0957,59.09051],[10.09441,59.09121],[10.09364,59.09085],[10.09122,59.09063],[10.09135,59.09116],[10.09199,59.09206],[10.08883,59.09271],[10.08953,59.09323],[10.0904,59.09555],[10.09031,59.09579],[10.09296,59.09616],[10.09512,59.09616],[10.0958,59.09609],[10.09585,59.09595],[10.09606,59.09587],[10.09787,59.09551],[10.09686,59.09383],[10.09669,59.09214],[10.09455,59.09128]]]}},{"type":"Feature","properties":{"k":"old","n":"Rakke fort - deponi","a":345,"type":"Deponi","status":"Tiltak gjennomført"},"geometry":{"type":"Polygon","coordinates":[[[10.02614,58.97875],[10.02632,58.97879],[10.02644,58.97875],[10.02649,58.9786],[10.02627,58.97857],[10.02614,58.97875]]]}},{"type":"Feature","properties":{"k":"old","n":"EBBESTADMARKA","a":1354,"type":"Deponi","status":"Uavklart"},"geometry":{"type":"Polygon","coordinates":[[[10.39811,59.629],[10.39825,59.62892],[10.39817,59.62876],[10.39787,59.62864],[10.39757,59.62864],[10.39747,59.62875],[10.39757,59.62889],[10.3979,59.629],[10.39811,59.629]]]}},{"type":"Feature","properties":{"k":"old","n":"LANGØYA","a":985195,"type":"Deponi","status":"Uavklart"},"geometry":{"type":"Polygon","coordinates":[[[10.36334,59.50312],[10.36352,59.50308],[10.36413,59.50317],[10.36461,59.50305],[10.3652,59.50269],[10.36592,59.50238],[10.36615,59.50203],[10.36638,59.50206],[10.36653,59.50213],[10.36654,59.50223],[10.36684,59.50233],[10.36723,59.50231],[10.36742,59.50242],[10.36768,59.50236],[10.36833,59.50205],[10.36869,59.50206],[10.36912,59.50194],[10.36907,59.50205],[10.36923,59.50204],[10.36983,59.50171],[10.37043,59.50112],[10.37055,59.50114],[10.3707,59.50097],[10.37102,59.50084],[10.3712,59.50088],[10.37124,59.50096],[10.37067,59.50138],[10.37073,59.50143],[10.37087,59.50135],[10.37119,59.50136],[10.37154,59.50118],[10.37196,59.50125],[10.37231,59.5012],[10.37249,59.50062],[10.37277,59.50052],[10.37274,59.50047],[10.37289,59.50043],[10.37325,59.50013],[10.37325,59.4997],[10.3736,59.49925],[10.37381,59.4992],[10.37395,59.49924],[10.37404,59.49937],[10.37387,59.49948],[10.37416,59.49953],[10.37517,59.49898],[10.37534,59.49878],[10.37557,59.4987],[10.37567,59.49874],[10.37592,59.49853],[10.3765,59.49841],[10.37698,59.49791],[10.37782,59.49758],[10.37856,59.49742],[10.37933,59.49742],[10.37953,59.49745],[10.37944,59.49755],[10.37991,59.49776],[10.38055,59.49747],[10.38079,59.49723],[10.38128,59.49696],[10.38149,59.49692],[10.38168,59.49698],[10.38253,59.49666],[10.38262,59.4961],[10.38284,59.49597],[10.38294,59.49566],[10.38423,59.49513],[10.38439,59.49501],[10.38469,59.49452],[10.38543,59.49416],[10.38585,59.49383],[10.38602,59.49383],[10.38655,59.49352],[10.38688,59.49346],[10.38768,59.49274],[10.38793,59.49261],[10.38812,59.49213],[10.38851,59.49184],[10.38945,59.49171],[10.38995,59.49142],[10.39035,59.49143],[10.3911,59.49109],[10.39116,59.49069],[10.39143,59.49061],[10.39151,59.49068],[10.3918,59.49063],[10.39194,59.49053],[10.39198,59.49027],[10.39258,59.49002],[10.39282,59.48971],[10.39297,59.48969],[10.39312,59.48938],[10.39297,59.48917],[10.39307,59.48915],[10.39296,59.48902],[10.39305,59.48892],[10.39352,59.48863],[10.39392,59.48849],[10.39455,59.48841],[10.39452,59.48819],[10.39482,59.48805],[10.39498,59.48802],[10.3952,59.48808],[10.39568,59.48798],[10.39577,59.48789],[10.39585,59.48795],[10.39598,59.48781],[10.39621,59.48781],[10.39656,59.48768],[10.39706,59.48732],[10.39712,59.48717],[10.39702,59.48699],[10.3974,59.48678],[10.39747,59.48643],[10.39829,59.48615],[10.39851,59.48586],[10.39894,59.48574],[10.3993,59.48516],[10.39929,59.48442],[10.39939,59.48437],[10.39924,59.48371],[10.3993,59.48362],[10.39947,59.48359],[10.39958,59.48377],[10.39971,59.48372],[10.39984,59.48376],[10.39997,59.48357],[10.40018,59.48354],[10.40014,59.4835],[10.40002,59.48351],[10.39992,59.48331],[10.4,59.48324],[10.40011,59.4833],[10.40026,59.48317],[10.4001,59.48297],[10.40003,59.48315],[10.39996,59.48312],[10.3997,59.48319],[10.39965,59.48313],[10.39988,59.48304],[10.39997,59.48285],[10.3998,59.48267],[10.3996,59.48266],[10.39933,59.48229],[10.39953,59.48198],[10.3995,59.48158],[10.39939,59.48158],[10.39902,59.48175],[10.39893,59.4817],[10.39881,59.48171],[10.39866,59.4819],[10.39847,59.4819],[10.39845,59.48202],[10.3982,59.48207],[10.39795,59.4824],[10.39737,59.48268],[10.39662,59.48346],[10.39643,59.48356],[10.39622,59.48357],[10.39602,59.48387],[10.39566,59.48408],[10.3954,59.48443],[10.3945,59.48488],[10.39381,59.48534],[10.39327,59.48556],[10.39274,59.486],[10.39231,59.48617],[10.39214,59.48638],[10.39106,59.48668],[10.3907,59.48695],[10.38995,59.48716],[10.38894,59.48722],[10.38853,59.48736],[10.38823,59.48781],[10.38772,59.4881],[10.3868,59.48844],[10.38657,59.48865],[10.38583,59.48913],[10.38536,59.48933],[10.38446,59.49],[10.384,59.49016],[10.3839,59.49037],[10.38352,59.49046],[10.383,59.49035],[10.38304,59.49054],[10.38283,59.49064],[10.38262,59.49065],[10.3828,59.4908],[10.38231,59.49096],[10.38197,59.49144],[10.3816,59.49161],[10.38124,59.4916],[10.38103,59.49177],[10.38115,59.49188],[10.3809,59.49207],[10.38087,59.49221],[10.38036,59.49234],[10.38009,59.4923],[10.3799,59.49238],[10.38009,59.49252],[10.37976,59.49283],[10.37936,59.49304],[10.37913,59.49302],[10.37885,59.49275],[10.37925,59.49259],[10.37859,59.49281],[10.37846,59.49292],[10.37814,59.49293],[10.3781,59.49305],[10.37764,59.49312],[10.37743,59.49309],[10.37705,59.49335],[10.37676,59.49342],[10.37648,59.49367],[10.37597,59.49377],[10.37533,59.49403],[10.37489,59.49437],[10.37366,59.49488],[10.37251,59.49578],[10.37076,59.49672],[10.37043,59.49704],[10.37022,59.49707],[10.36968,59.49755],[10.36926,59.49771],[10.36878,59.49811],[10.36864,59.49816],[10.36851,59.4981],[10.3684,59.49813],[10.36828,59.49826],[10.36797,59.49819],[10.3678,59.49822],[10.36766,59.49839],[10.36737,59.49852],[10.36734,59.49873],[10.36649,59.49909],[10.36621,59.49936],[10.366,59.49942],[10.36605,59.49928],[10.36579,59.4994],[10.3657,59.49954],[10.36595,59.49955],[10.36497,59.5],[10.36498,59.50006],[10.36542,59.50001],[10.36523,59.50016],[10.36536,59.50023],[10.36486,59.50039],[10.36474,59.50036],[10.36481,59.5003],[10.36461,59.50035],[10.3646,59.50023],[10.36447,59.50034],[10.36426,59.50031],[10.36393,59.50048],[10.36409,59.50052],[10.36394,59.50056],[10.36372,59.50074],[10.36359,59.50071],[10.3633,59.50086],[10.36335,59.5009],[10.36377,59.50078],[10.36378,59.50085],[10.36393,59.50088],[10.36335,59.50119],[10.36344,59.50124],[10.3634,59.50143],[10.36325,59.50155],[10.36284,59.50172],[10.36266,59.50189],[10.36259,59.50191],[10.36255,59.50183],[10.36233,59.50193],[10.36233,59.50204],[10.36262,59.50198],[10.36269,59.50211],[10.36252,59.50214],[10.36246,59.50221],[10.36254,59.50233],[10.36204,59.50266],[10.36233,59.50276],[10.36225,59.5028],[10.36226,59.50304],[10.36252,59.50288],[10.3626,59.50271],[10.36271,59.50287],[10.36296,59.50286],[10.36265,59.50305],[10.36281,59.50311],[10.36282,59.50327],[10.36326,59.50324],[10.36334,59.50312]]]}},{"type":"Feature","properties":{"k":"old","n":"LUNDEN (DJUPEDAL)","a":30596,"type":"Kommunalt deponi","status":"Uavklart"},"geometry":{"type":"Polygon","coordinates":[[[10.32638,59.21865],[10.32664,59.21914],[10.32736,59.21976],[10.32726,59.22003],[10.32742,59.22019],[10.32767,59.22031],[10.32849,59.22014],[10.32907,59.22099],[10.32976,59.22096],[10.33033,59.22085],[10.33041,59.2208],[10.32992,59.22026],[10.32959,59.22011],[10.32938,59.21991],[10.32948,59.2197],[10.3294,59.21954],[10.32852,59.21874],[10.32834,59.21833],[10.32721,59.21857],[10.32638,59.21865]]]}},{"type":"Feature","properties":{"k":"old","n":"HERØYA, GUNNEKLEVTIPPEN","a":508189,"type":"Deponi","status":"Avsluttet"},"geometry":{"type":"Polygon","coordinates":[[[9.63105,59.1245],[9.63145,59.12388],[9.63192,59.12338],[9.63213,59.1234],[9.63249,59.12326],[9.63258,59.12312],[9.6325,59.12294],[9.63352,59.12236],[9.63504,59.12177],[9.63949,59.12044],[9.64041,59.12007],[9.64126,59.11962],[9.64228,59.11885],[9.64303,59.11794],[9.64316,59.11761],[9.64334,59.11698],[9.64336,59.11645],[9.64274,59.11447],[9.64226,59.11453],[9.64288,59.11618],[9.64286,59.11721],[9.64253,59.11776],[9.64225,59.11793],[9.64187,59.11793],[9.64053,59.11765],[9.64003,59.11765],[9.63821,59.11739],[9.63797,59.11718],[9.63733,59.11736],[9.63721,59.11733],[9.63607,59.11766],[9.63551,59.11716],[9.63735,59.11662],[9.63549,59.11495],[9.63585,59.11465],[9.63611,59.11336],[9.63599,59.11329],[9.63582,59.11338],[9.63561,59.11338],[9.63528,59.11349],[9.63495,59.11328],[9.63486,59.11331],[9.63466,59.11323],[9.63506,59.11299],[9.63499,59.11297],[9.63408,59.11357],[9.63435,59.11368],[9.63432,59.11374],[9.63283,59.11455],[9.63256,59.11483],[9.63254,59.1151],[9.63019,59.1155],[9.62948,59.11549],[9.62949,59.11536],[9.62869,59.11558],[9.62852,59.11554],[9.62352,59.11702],[9.62095,59.11784],[9.62073,59.1178],[9.621,59.11935],[9.62057,59.11937],[9.62059,59.11945],[9.62049,59.11946],[9.62053,59.11975],[9.62028,59.11979],[9.62013,59.11988],[9.62066,59.11984],[9.62077,59.11973],[9.621,59.11969],[9.62126,59.1198],[9.6214,59.12023],[9.62104,59.12021],[9.62086,59.12031],[9.62095,59.12043],[9.62135,59.12043],[9.6212,59.12112],[9.62098,59.12119],[9.62185,59.12197],[9.62893,59.11992],[9.62886,59.11986],[9.6277,59.1202],[9.62733,59.11986],[9.6276,59.11978],[9.62718,59.11941],[9.6305,59.11846],[9.63219,59.12002],[9.62756,59.12139],[9.63018,59.12369],[9.63014,59.12608],[9.63082,59.12607],[9.63084,59.12509],[9.63105,59.1245]],[[9.62919,59.11734],[9.62216,59.11942],[9.62192,59.11943],[9.62168,59.11803],[9.62174,59.11777],[9.6221,59.11748],[9.62754,59.11585],[9.62919,59.11734]],[[9.63149,59.11914],[9.63213,59.11895],[9.63199,59.11883],[9.6325,59.11868],[9.63231,59.11844],[9.63257,59.11836],[9.63268,59.11846],[9.63285,59.11841],[9.63306,59.1186],[9.6344,59.1182],[9.63527,59.11898],[9.63228,59.11986],[9.63149,59.11914]],[[9.62673,59.1193],[9.62584,59.1185],[9.62751,59.11801],[9.62791,59.11837],[9.6287,59.11819],[9.62883,59.11831],[9.62903,59.11825],[9.62912,59.11833],[9.63,59.11808],[9.63033,59.11838],[9.62817,59.11901],[9.62805,59.11891],[9.62673,59.1193]],[[9.63384,59.11616],[9.63555,59.11561],[9.63588,59.1159],[9.63644,59.11598],[9.63688,59.11638],[9.63664,59.11645],[9.6366,59.11652],[9.6352,59.11693],[9.63464,59.11701],[9.63384,59.11616]],[[9.62552,59.11999],[9.62567,59.12],[9.62633,59.12059],[9.62556,59.12088],[9.62547,59.1208],[9.62437,59.12113],[9.62369,59.12052],[9.62552,59.11999]],[[9.63814,59.11866],[9.63942,59.11981],[9.63853,59.12008],[9.63725,59.11893],[9.63814,59.11866]],[[9.62805,59.11611],[9.62907,59.11581],[9.63011,59.1168],[9.62914,59.11709],[9.62805,59.11611]],[[9.62559,59.11858],[9.62616,59.1191],[9.62453,59.11957],[9.62396,59.11906],[9.62559,59.11858]],[[9.63067,59.11841],[9.63209,59.11799],[9.63218,59.11807],[9.63227,59.11835],[9.63217,59.11864],[9.63189,59.11889],[9.63143,59.11909],[9.63067,59.11841]],[[9.62621,59.11919],[9.62655,59.11949],[9.62495,59.11996],[9.62461,59.11966],[9.62621,59.11919]],[[9.62445,59.11971],[9.62479,59.12001],[9.62323,59.12047],[9.62283,59.12011],[9.62311,59.12003],[9.62319,59.12009],[9.62445,59.11971]],[[9.63476,59.11825],[9.63398,59.11755],[9.63458,59.11737],[9.63537,59.11808],[9.63476,59.11825]],[[9.62932,59.12183],[9.62994,59.12239],[9.62921,59.12261],[9.62865,59.1221],[9.62932,59.12183]],[[9.62641,59.1205],[9.6258,59.11995],[9.62627,59.11981],[9.62689,59.12036],[9.62641,59.1205]],[[9.63111,59.11784],[9.63136,59.11807],[9.6308,59.11823],[9.63055,59.118],[9.63111,59.11784]],[[9.63162,59.11799],[9.63141,59.1178],[9.63179,59.11769],[9.632,59.11788],[9.63162,59.11799]]]}},{"type":"Feature","properties":{"k":"old","n":"MYREN","a":26364,"type":"Deponi","status":"Uavklart"},"geometry":{"type":"Polygon","coordinates":[[[9.59073,59.20115],[9.59089,59.201],[9.59105,59.20096],[9.59139,59.20063],[9.592,59.20031],[9.59205,59.20021],[9.59198,59.20017],[9.59211,59.20002],[9.59198,59.19996],[9.59231,59.19957],[9.59144,59.19938],[9.59143,59.19933],[9.59097,59.19932],[9.59027,59.19919],[9.58921,59.2004],[9.58931,59.20043],[9.58905,59.20073],[9.58918,59.20078],[9.589,59.20102],[9.58975,59.20115],[9.59,59.20117],[9.59004,59.20112],[9.59057,59.20124],[9.59073,59.20115]]]}},{"type":"Feature","properties":{"k":"old","n":"BØLE TØNNEDEPONI","a":90,"type":"Deponi","status":"Avsluttet"},"geometry":{"type":"Polygon","coordinates":[[[9.63658,59.1779],[9.63676,59.17777],[9.63642,59.17786],[9.63658,59.1779]]]}},{"type":"Feature","properties":{"k":"old","n":"Ineos Norge AS - deponi 1 (nedlagt)","a":99,"type":"Deponi","status":"Avsluttet"},"geometry":{"type":"Polygon","coordinates":[[[9.60376,59.09102],[9.60367,59.09096],[9.60357,59.09101],[9.60366,59.09107],[9.60376,59.09102]]]}},{"type":"Feature","properties":{"k":"old","n":"Avfallsfylling vestre Bolærne","a":184,"type":"Deponi","status":"Uavklart"},"geometry":{"type":"Polygon","coordinates":[[[10.53583,59.21201],[10.53649,59.21213],[10.5361,59.212],[10.53583,59.21201]]]}},{"type":"Feature","properties":{"k":"old","n":"Sandøya vest","a":283,"type":"Kommunalt deponi","status":"Uavklart"},"geometry":{"type":"Polygon","coordinates":[[[9.72788,59.0501],[9.72783,59.0502],[9.72823,59.05027],[9.72829,59.05017],[9.72788,59.0501]]]}},{"type":"Feature","properties":{"k":"old","n":"Sandøya øst","a":2228,"type":"Kommunalt deponi","status":"Uavklart"},"geometry":{"type":"Polygon","coordinates":[[[9.73959,59.05182],[9.73947,59.0523],[9.73993,59.05233],[9.74027,59.05226],[9.74033,59.05218],[9.74014,59.0519],[9.73959,59.05182]]]}},{"type":"Feature","properties":{"k":"old","n":"Kulltangen","a":1500,"type":"Kommunalt deponi","status":"Undersøkelser gjennomført"},"geometry":{"type":"Polygon","coordinates":[[[9.62911,59.13184],[9.62883,59.13196],[9.62966,59.13249],[9.62988,59.13227],[9.62911,59.13184]]]}},{"type":"Feature","properties":{"k":"old","n":"Eramet Porsgrunn - GAMMELT SLAMDEPONI ELKEM","a":111102,"type":"Deponi","status":"Uavklart"},"geometry":{"type":"Polygon","coordinates":[[[9.62473,59.12978],[9.6267,59.12887],[9.62528,59.12787],[9.62517,59.12792],[9.62522,59.12796],[9.62424,59.12843],[9.62398,59.12828],[9.62513,59.12775],[9.62529,59.12786],[9.62551,59.12776],[9.62433,59.12704],[9.62425,59.12708],[9.62353,59.12656],[9.62271,59.12617],[9.62188,59.12596],[9.62118,59.12596],[9.6203,59.12636],[9.61991,59.12613],[9.62038,59.12592],[9.62059,59.12593],[9.62038,59.12551],[9.6193,59.12539],[9.61864,59.12498],[9.61737,59.12536],[9.61973,59.12661],[9.61889,59.12701],[9.62305,59.12942],[9.62318,59.12936],[9.62428,59.12999],[9.62473,59.12978]]]}},{"type":"Feature","properties":{"k":"old","n":"SIGDAL INDUSTRIER","a":11408,"type":"Deponi","status":"Uavklart"},"geometry":{"type":"Polygon","coordinates":[[[9.43805,60.14815],[9.43776,60.14895],[9.43783,60.14907],[9.43878,60.14899],[9.44028,60.14865],[9.44004,60.14827],[9.43865,60.14797],[9.43808,60.14796],[9.43805,60.14815]]]}},{"type":"Feature","properties":{"k":"old","n":"OVERNDALEN","a":99,"type":"Deponi","status":"Uavklart"},"geometry":{"type":"Polygon","coordinates":[[[9.89741,59.9331],[9.89732,59.93304],[9.89721,59.93309],[9.8973,59.93315],[9.89741,59.9331]]]}},{"type":"Feature","properties":{"k":"old","n":"SKOTSELV CELLULOSEFABRIKK","a":30524,"type":"Deponi","status":"Uavklart"},"geometry":{"type":"Polygon","coordinates":[[[9.89229,59.84115],[9.89225,59.84087],[9.89299,59.84036],[9.89328,59.84045],[9.89431,59.84053],[9.89449,59.84062],[9.89502,59.84065],[9.89493,59.84048],[9.89519,59.83929],[9.89557,59.83819],[9.89475,59.8383],[9.89245,59.83916],[9.89217,59.83934],[9.89141,59.84048],[9.89127,59.84056],[9.89117,59.84087],[9.891,59.84089],[9.89106,59.84096],[9.8909,59.84141],[9.89121,59.8415],[9.89134,59.84145],[9.89098,59.84139],[9.89124,59.84089],[9.8919,59.84097],[9.89143,59.84146],[9.8918,59.84157],[9.89229,59.84115]],[[9.89198,59.83963],[9.89219,59.83936],[9.89243,59.83924],[9.89302,59.83945],[9.89335,59.83918],[9.89416,59.83947],[9.89249,59.84057],[9.89153,59.84045],[9.89198,59.83963]]]}},{"type":"Feature","properties":{"k":"old","n":"EIKER KOBBERVERK","a":51582,"type":"Deponi","status":"Uavklart"},"geometry":{"type":"Polygon","coordinates":[[[9.81104,59.7565],[9.81013,59.75632],[9.80931,59.75648],[9.80872,59.75648],[9.80843,59.75722],[9.80891,59.75786],[9.81048,59.75907],[9.812,59.75985],[9.81228,59.75962],[9.81152,59.75918],[9.81182,59.75868],[9.81229,59.75835],[9.81238,59.75752],[9.81217,59.75705],[9.81104,59.7565]]]}},{"type":"Feature","properties":{"k":"old","n":"TICON","a":6122,"type":"Deponi","status":"Tiltak gjennomført"},"geometry":{"type":"Polygon","coordinates":[[[10.30295,59.72974],[10.30191,59.72965],[10.30184,59.72973],[10.30201,59.73038],[10.3017,59.73058],[10.30171,59.73077],[10.30253,59.73083],[10.30295,59.72974]]]}},{"type":"Feature","properties":{"k":"old","n":"TRONDSTAD BRUK","a":5916,"type":"Deponi","status":"Uavklart"},"geometry":{"type":"Polygon","coordinates":[[[10.24208,59.8756],[10.24254,59.87556],[10.24272,59.87549],[10.24272,59.87527],[10.2423,59.87486],[10.24164,59.87467],[10.24136,59.87475],[10.24126,59.87504],[10.24148,59.87535],[10.24208,59.8756]]]}},{"type":"Feature","properties":{"k":"old","n":"SKOGEN","a":5105,"type":"Deponi","status":"Uavklart"},"geometry":{"type":"Polygon","coordinates":[[[10.31941,59.73035],[10.31948,59.731],[10.31984,59.73161],[10.31968,59.73187],[10.3199,59.73187],[10.32003,59.73183],[10.32007,59.73171],[10.32007,59.7312],[10.32025,59.73094],[10.32025,59.73047],[10.31941,59.73035]]]}},{"type":"Feature","properties":{"k":"old","n":"Stokkeråsen deponi","a":50401,"type":"Deponi","status":"Avsluttet"},"geometry":{"type":"Polygon","coordinates":[[[10.44807,59.773],[10.44786,59.7729],[10.44704,59.77277],[10.4465,59.77278],[10.44622,59.77284],[10.44604,59.77298],[10.44644,59.77381],[10.44629,59.77393],[10.44572,59.77412],[10.44565,59.77432],[10.44575,59.77455],[10.44623,59.77511],[10.44765,59.77518],[10.44803,59.77532],[10.44894,59.77614],[10.44941,59.77611],[10.44978,59.77604],[10.45001,59.77592],[10.45001,59.77572],[10.44989,59.77552],[10.4489,59.77484],[10.4496,59.77453],[10.44957,59.77426],[10.44928,59.77387],[10.44889,59.77386],[10.44807,59.773]]]}},{"type":"Feature","properties":{"k":"old","n":"OREDALEN AVFALLSPLASS","a":50936,"type":"Kommunalt deponi","status":"Uavklart"},"geometry":{"type":"Polygon","coordinates":[[[10.52149,59.55484],[10.52227,59.55481],[10.52312,59.55387],[10.52091,59.55299],[10.52057,59.55328],[10.52043,59.55328],[10.51882,59.55199],[10.51883,59.5512],[10.51747,59.55085],[10.51585,59.55052],[10.51555,59.55084],[10.51586,59.55099],[10.51593,59.55134],[10.51697,59.5516],[10.51744,59.55249],[10.51921,59.55296],[10.52021,59.55408],[10.52144,59.55447],[10.52146,59.55487],[10.52149,59.55484]]]}},{"type":"Feature","properties":{"k":"old","n":"ÅSGÅRDSTRAND HAVN","a":7914,"type":"Deponi","status":"Avsluttet"},"geometry":{"type":"Polygon","coordinates":[[[10.47304,59.34753],[10.47235,59.34803],[10.4718,59.34862],[10.47156,59.34902],[10.47166,59.34922],[10.47312,59.34944],[10.47323,59.34935],[10.4728,59.34916],[10.47307,59.3488],[10.47244,59.3487],[10.47238,59.34859],[10.47249,59.3483],[10.47306,59.34767],[10.47304,59.34753]]]}},{"type":"Feature","properties":{"k":"old","n":"DURUD GÅRD","a":99,"type":"Deponi","status":"Uavklart"},"geometry":{"type":"Polygon","coordinates":[[[11.00705,59.7574],[11.00695,59.75735],[11.00685,59.7574],[11.00694,59.75745],[11.00705,59.7574]]]}},{"type":"Feature","properties":{"k":"old","n":"BJERKE BRUK","a":2238,"type":"Deponi","status":"Uavklart"},"geometry":{"type":"Polygon","coordinates":[[[11.06384,59.72535],[11.06362,59.72516],[11.06326,59.72524],[11.06341,59.72552],[11.06384,59.72586],[11.06432,59.72582],[11.06384,59.72535]]]}},{"type":"Feature","properties":{"k":"old","n":"ALUMINIUMSSMELTERIET","a":71495,"type":"Deponi","status":"Uavklart"},"geometry":{"type":"Polygon","coordinates":[[[10.96313,59.92811],[10.9642,59.928],[10.9649,59.928],[10.96498,59.92759],[10.96377,59.92699],[10.96502,59.92698],[10.96501,59.92614],[10.96221,59.92618],[10.96112,59.92577],[10.96132,59.92591],[10.96117,59.926],[10.96119,59.92606],[10.96025,59.92656],[10.9602,59.92666],[10.95905,59.92611],[10.95873,59.92628],[10.95871,59.92647],[10.95765,59.92642],[10.95763,59.92664],[10.95774,59.92664],[10.95772,59.92669],[10.9562,59.92668],[10.95603,59.92731],[10.95844,59.9276],[10.95855,59.92755],[10.95857,59.92765],[10.95928,59.92773],[10.95915,59.92801],[10.96133,59.92817],[10.96313,59.92811]],[[10.96233,59.92777],[10.96238,59.92775],[10.96075,59.92699],[10.96169,59.92651],[10.9637,59.9275],[10.9634,59.92765],[10.96371,59.92782],[10.96359,59.92794],[10.96278,59.92803],[10.96233,59.92777]]]}},{"type":"Feature","properties":{"k":"old","n":"Skytebanene i Losby","a":4812,"type":"Deponi","status":"Avsluttet"},"geometry":{"type":"Polygon","coordinates":[[[10.97514,59.89102],[10.97438,59.89102],[10.97409,59.89129],[10.97348,59.89152],[10.97353,59.89189],[10.97412,59.89179],[10.97423,59.89165],[10.97494,59.8914],[10.97519,59.89108],[10.97514,59.89102]]]}},{"type":"Feature","properties":{"k":"old","n":"Kopledalen vest","a":4517,"type":"Deponi","status":"Uavklart"},"geometry":{"type":"Polygon","coordinates":[[[11.02039,59.92857],[11.02029,59.92866],[11.02036,59.929],[11.02008,59.92931],[11.02028,59.92957],[11.02066,59.92952],[11.02107,59.92911],[11.02138,59.92898],[11.0211,59.92876],[11.02039,59.92857]]]}},{"type":"Feature","properties":{"k":"old","n":"Freddies Billakkering m.fl.","a":18275,"type":"Deponi","status":"Avsluttet"},"geometry":{"type":"Polygon","coordinates":[[[11.01107,59.95313],[11.01069,59.95321],[11.01088,59.95343],[11.01078,59.95346],[11.01093,59.95401],[11.01156,59.95483],[11.01194,59.95553],[11.0115,59.95566],[11.01145,59.95599],[11.01323,59.95624],[11.01285,59.95572],[11.01268,59.95485],[11.01249,59.95476],[11.01256,59.9546],[11.01208,59.95424],[11.0119,59.95392],[11.01138,59.95358],[11.01107,59.95313]]]}},{"type":"Feature","properties":{"k":"old","n":"STRØMMEN STORSENTER","a":54332,"type":"Deponi","status":"Uavklart"},"geometry":{"type":"Polygon","coordinates":[[[11.00887,59.94924],[11.00969,59.94923],[11.01027,59.9491],[11.00979,59.94896],[11.00936,59.94857],[11.00929,59.94858],[11.00817,59.94707],[11.00762,59.94675],[11.00652,59.94632],[11.00436,59.94775],[11.00381,59.94828],[11.00461,59.94849],[11.00608,59.94846],[11.00667,59.94868],[11.00735,59.9487],[11.00803,59.94917],[11.00836,59.94929],[11.00887,59.94924]]]}},{"type":"Feature","properties":{"k":"old","n":"SVARTDALSSVINGEN","a":2153,"type":"Deponi","status":"Uavklart"},"geometry":{"type":"Polygon","coordinates":[[[10.79966,59.90238],[10.79952,59.90257],[10.80028,59.90276],[10.80046,59.90267],[10.80038,59.90226],[10.80004,59.90223],[10.79966,59.90238]]]}},{"type":"Feature","properties":{"k":"old","n":"SØNNICHSEN A/S","a":24878,"type":"Deponi","status":"Avsluttet"},"geometry":{"type":"Polygon","coordinates":[[[10.76873,59.94913],[10.76915,59.94917],[10.77014,59.94791],[10.77004,59.94789],[10.77008,59.94784],[10.7676,59.9474],[10.76712,59.94817],[10.76718,59.9483],[10.76734,59.94833],[10.76703,59.94879],[10.76723,59.94886],[10.76697,59.94897],[10.76708,59.94922],[10.76697,59.94928],[10.76873,59.94913]]]}},{"type":"Feature","properties":{"k":"old","n":"GRANSDALEN, FURUSET","a":1506,"type":"Kommunalt deponi","status":"Avsluttet"},"geometry":{"type":"Polygon","coordinates":[[[10.89695,59.95084],[10.89736,59.95123],[10.89874,59.95137],[10.89695,59.95084]]]}},{"type":"Feature","properties":{"k":"old","n":"MYRA","a":31445,"type":"Kommunalt deponi","status":"Uavklart"},"geometry":{"type":"Polygon","coordinates":[[[10.76108,59.93654],[10.76123,59.93654],[10.76159,59.93621],[10.7605,59.93592],[10.75969,59.93559],[10.76046,59.93505],[10.75979,59.93384],[10.75954,59.93387],[10.75948,59.93379],[10.75745,59.93411],[10.75813,59.93549],[10.75937,59.93597],[10.75931,59.93601],[10.7598,59.93621],[10.75988,59.93616],[10.7609,59.93655],[10.76108,59.93654]]]}},{"type":"Feature","properties":{"k":"old","n":"SOLLISTRAND","a":103177,"type":"Deponi","status":"Uavklart"},"geometry":{"type":"Polygon","coordinates":[[[10.48551,59.4053],[10.48567,59.40532],[10.48622,59.40572],[10.48632,59.406],[10.48642,59.40601],[10.48638,59.40569],[10.48593,59.40532],[10.48605,59.40485],[10.48542,59.40472],[10.48531,59.40456],[10.48535,59.40438],[10.48569,59.40433],[10.48581,59.40413],[10.48564,59.40393],[10.48594,59.40362],[10.48599,59.40344],[10.48591,59.40298],[10.48537,59.40299],[10.48524,59.40281],[10.48348,59.40249],[10.48302,59.40249],[10.48299,59.40242],[10.48246,59.40239],[10.48239,59.40244],[10.48143,59.40223],[10.48082,59.40202],[10.48044,59.40211],[10.48015,59.40225],[10.47983,59.40262],[10.4811,59.40387],[10.4817,59.40463],[10.48268,59.40641],[10.48485,59.40641],[10.48467,59.40618],[10.48484,59.40618],[10.48483,59.40548],[10.48502,59.40537],[10.48551,59.4053]],[[10.48056,59.40259],[10.4811,59.40262],[10.48103,59.40287],[10.48049,59.40287],[10.48056,59.40259]]]}},{"type":"Feature","properties":{"k":"old","n":"BLIXJORDET","a":31043,"type":"Deponi","status":"Uavklart"},"geometry":{"type":"Polygon","coordinates":[[[10.46387,59.40042],[10.4634,59.39971],[10.46325,59.39973],[10.46321,59.39952],[10.46202,59.39962],[10.46193,59.39896],[10.45854,59.39911],[10.45862,59.39964],[10.45906,59.39965],[10.45908,59.40004],[10.45865,59.39998],[10.45874,59.40013],[10.46387,59.40042]]]}},{"type":"Feature","properties":{"k":"old","n":"FADUM","a":1947,"type":"Deponi","status":"Uavklart"},"geometry":{"type":"Polygon","coordinates":[[[10.32702,59.29256],[10.32742,59.29251],[10.32756,59.29238],[10.32752,59.29225],[10.32698,59.29198],[10.32676,59.29251],[10.32702,59.29256]]]}},{"type":"Feature","properties":{"k":"old","n":"VALLØY 2 B","a":3019,"type":"Deponi","status":"Uavklart"},"geometry":{"type":"Polygon","coordinates":[[[10.49169,59.26704],[10.49023,59.26621],[10.48988,59.26636],[10.49111,59.26706],[10.49169,59.26704]]]}},{"type":"Feature","properties":{"k":"old","n":"Esso Slagentangen - deponi","a":99,"type":"Deponi","status":"Uavklart"},"geometry":{"type":"Polygon","coordinates":[[[10.51978,59.31905],[10.51968,59.319],[10.51958,59.31905],[10.51967,59.3191],[10.51978,59.31905]]]}},{"type":"Feature","properties":{"k":"old","n":"REVEODDEN","a":11677,"type":"Deponi","status":"Avsluttet"},"geometry":{"type":"Polygon","coordinates":[[[10.39524,59.26707],[10.39613,59.26698],[10.39675,59.26663],[10.39623,59.26621],[10.39523,59.26595],[10.39437,59.2661],[10.39423,59.2665],[10.39524,59.26707]]]}},{"type":"Feature","properties":{"k":"old","n":"Kilen","a":164380,"type":"Kommunalt deponi","status":"Undersøkelser gjennomført"},"geometry":{"type":"Polygon","coordinates":[[[10.43192,59.2736],[10.43139,59.27359],[10.43089,59.27371],[10.42773,59.27374],[10.42752,59.27378],[10.42736,59.27391],[10.42766,59.27432],[10.43047,59.27986],[10.43169,59.27998],[10.43233,59.27983],[10.43268,59.27968],[10.43325,59.27934],[10.43347,59.27907],[10.43297,59.27644],[10.43297,59.2737],[10.43192,59.2736]]]}},{"type":"Feature","properties":{"k":"old","n":"STEINBRUDD - FOKSRØD","a":117733,"type":"Deponi","status":"Uavklart"},"geometry":{"type":"Polygon","coordinates":[[[10.20052,59.17095],[10.20062,59.1702],[10.19835,59.1728],[10.19696,59.17285],[10.19545,59.17375],[10.19589,59.17378],[10.19602,59.17408],[10.19577,59.17439],[10.19591,59.17576],[10.19618,59.17638],[10.20148,59.17582],[10.20148,59.17562],[10.20129,59.1753],[10.20057,59.17453],[10.20012,59.17344],[10.20088,59.17298],[10.20047,59.17245],[10.20028,59.17164],[10.20052,59.17095]]]}},{"type":"Feature","properties":{"k":"old","n":"Tyskerfyllinga (1&2)","a":11283,"type":"Deponi","status":"Uavklart"},"geometry":{"type":"Polygon","coordinates":[[[9.68379,59.0613],[9.6844,59.0608],[9.68339,59.06049],[9.6826,59.06039],[9.68239,59.06042],[9.68183,59.06069],[9.68171,59.06083],[9.68173,59.06103],[9.682,59.06115],[9.683,59.06133],[9.68379,59.0613]]]}},{"type":"Feature","properties":{"k":"old","n":"Dalen, deponi syd","a":99,"type":"Deponi","status":"Uavklart"},"geometry":{"type":"Polygon","coordinates":[[[9.67854,59.06535],[9.67845,59.0653],[9.67835,59.06534],[9.67844,59.0654],[9.67854,59.06535]]]}},{"type":"Feature","properties":{"k":"old","n":"Bratsberg","a":9799,"type":"Kommunalt deponi","status":"Uavklart"},"geometry":{"type":"Polygon","coordinates":[[[9.62662,59.20104],[9.62591,59.20118],[9.62441,59.20132],[9.62383,59.20112],[9.62338,59.20115],[9.62269,59.20169],[9.62263,59.20183],[9.62295,59.20193],[9.62321,59.2017],[9.6242,59.20144],[9.62452,59.20148],[9.62457,59.20178],[9.62468,59.20185],[9.62576,59.20146],[9.62629,59.20156],[9.62671,59.20119],[9.62662,59.20104]]]}},{"type":"Feature","properties":{"k":"old","n":"Juteskar I","a":8067,"type":"Deponi","status":"Avsluttet"},"geometry":{"type":"Polygon","coordinates":[[[9.20171,59.56593],[9.20166,59.56618],[9.20186,59.56645],[9.20217,59.56659],[9.20253,59.56663],[9.20314,59.56659],[9.2037,59.56648],[9.20402,59.56629],[9.20419,59.56596],[9.20268,59.56603],[9.20171,59.56593]]]}},{"type":"Feature","properties":{"k":"old","n":"Extruding","a":1692,"type":"Deponi","status":"Uavklart"},"geometry":{"type":"Polygon","coordinates":[[[9.28679,59.55081],[9.28715,59.55049],[9.28662,59.55032],[9.28627,59.55068],[9.28679,59.55081]]]}},{"type":"Feature","properties":{"k":"old","n":"Findalen avfallsfylling","a":2635,"type":"Kommunalt deponi","status":"Uavklart"},"geometry":{"type":"Polygon","coordinates":[[[9.65068,59.03844],[9.6508,59.03864],[9.65115,59.03873],[9.65148,59.03867],[9.65163,59.03851],[9.65155,59.03829],[9.651,59.0382],[9.65071,59.03827],[9.65068,59.03844]]]}},{"type":"Feature","properties":{"k":"old","n":"Ineos Norge AS Rafnes - deponi 4","a":99,"type":"Deponi","status":"Uavklart"},"geometry":{"type":"Polygon","coordinates":[[[9.60358,59.09053],[9.60349,59.09048],[9.60338,59.09053],[9.60347,59.09058],[9.60358,59.09053]]]}},{"type":"Feature","properties":{"k":"old","n":"Kåsa avfallsplass","a":1913,"type":"Kommunalt deponi","status":"Uavklart"},"geometry":{"type":"Polygon","coordinates":[[[9.09561,59.29904],[9.09557,59.2989],[9.09507,59.29869],[9.09465,59.29866],[9.09448,59.29873],[9.09449,59.29886],[9.09471,59.299],[9.09561,59.29904]]]}},{"type":"Feature","properties":{"k":"old","n":"Ulefos NV AS","a":83789,"type":"Deponi","status":"Uavklart"},"geometry":{"type":"Polygon","coordinates":[[[9.2653,59.28617],[9.26555,59.28572],[9.26513,59.28521],[9.26529,59.28508],[9.26498,59.2848],[9.2643,59.28475],[9.26433,59.28465],[9.26326,59.2846],[9.26028,59.28402],[9.2595,59.28346],[9.25938,59.28349],[9.25878,59.28329],[9.25869,59.28332],[9.25816,59.28285],[9.25828,59.28269],[9.25797,59.28261],[9.25728,59.28256],[9.2562,59.28224],[9.25582,59.28258],[9.25663,59.28296],[9.2571,59.28353],[9.25827,59.28445],[9.25947,59.28506],[9.25999,59.28512],[9.26039,59.28538],[9.26181,59.28597],[9.26209,59.28595],[9.26493,59.2865],[9.26507,59.28649],[9.2653,59.28617]]]}},{"type":"Feature","properties":{"k":"old","n":"SKJØNHAUG SENTRUM","a":99,"type":"Kommunalt deponi","status":"Avsluttet"},"geometry":{"type":"Polygon","coordinates":[[[11.31584,59.64003],[11.31575,59.63998],[11.31564,59.64003],[11.31574,59.64008],[11.31584,59.64003]]]}},{"type":"Feature","properties":{"k":"old","n":"SLITU (VED TENOR SKOLE)","a":99,"type":"Kommunalt deponi","status":"Avsluttet"},"geometry":{"type":"Polygon","coordinates":[[[11.25639,59.57369],[11.25629,59.57364],[11.25619,59.57369],[11.25628,59.57374],[11.25639,59.57369]]]}},{"type":"Feature","properties":{"k":"old","n":"STIGEN (MYSEN SENTRUM)","a":2497,"type":"Kommunalt deponi","status":"Avsluttet"},"geometry":{"type":"Polygon","coordinates":[[[11.32153,59.55455],[11.32201,59.55461],[11.32208,59.55446],[11.32139,59.55428],[11.32012,59.55444],[11.32026,59.5546],[11.32153,59.55455]]]}},{"type":"Feature","properties":{"k":"old","n":"SMERTU","a":130,"type":"Kommunalt deponi","status":"Avsluttet"},"geometry":{"type":"Polygon","coordinates":[[[10.94446,59.20137],[10.94434,59.20142],[10.94444,59.20148],[10.94456,59.20143],[10.94446,59.20137]]]}},{"type":"Feature","properties":{"k":"old","n":"Rygge Hovedflystasjon - Bilverksted/smørehall","a":2441,"type":"Deponi","status":"Uavklart"},"geometry":{"type":"Polygon","coordinates":[[[10.80135,59.3816],[10.80233,59.3817],[10.80249,59.38133],[10.8015,59.38122],[10.80135,59.3816]]]}},{"type":"Feature","properties":{"k":"old","n":"KNALSTAD","a":4230,"type":"Deponi","status":"Uavklart"},"geometry":{"type":"Polygon","coordinates":[[[10.69537,59.60885],[10.69532,59.60863],[10.6947,59.6087],[10.69468,59.60952],[10.69491,59.60964],[10.69506,59.60951],[10.69552,59.60942],[10.69554,59.60908],[10.69537,59.60885]]]}},{"type":"Feature","properties":{"k":"old","n":"PADDETJERN","a":56607,"type":"Kommunalt deponi","status":"Avsluttet"},"geometry":{"type":"Polygon","coordinates":[[[10.86347,59.79499],[10.86238,59.79401],[10.86212,59.79347],[10.86176,59.79185],[10.86008,59.79185],[10.85986,59.79285],[10.85991,59.79304],[10.86054,59.79331],[10.8605,59.7938],[10.86082,59.79462],[10.85949,59.79526],[10.85966,59.79546],[10.86099,59.7959],[10.86262,59.79592],[10.86347,59.79499]]]}},{"type":"Feature","properties":{"k":"old","n":"DDT-DEPONI, TELEM. SKOGPL.","a":6098,"type":"Deponi","status":"Avsluttet"},"geometry":{"type":"Polygon","coordinates":[[[9.15948,59.39277],[9.15882,59.39243],[9.15815,59.39287],[9.15683,59.39401],[9.15948,59.39277]]]}},{"type":"Feature","properties":{"k":"old","n":"Krosskeitippen","a":15809,"type":"Kommunalt deponi","status":"Uavklart"},"geometry":{"type":"Polygon","coordinates":[[[8.78997,59.92894],[8.79031,59.92886],[8.79102,59.92765],[8.79088,59.92758],[8.78994,59.9275],[8.7896,59.92755],[8.78887,59.92804],[8.78836,59.92866],[8.78844,59.92875],[8.78874,59.92883],[8.78997,59.92894]]]}},{"type":"Feature","properties":{"k":"old","n":"Tuddal avfallsplass","a":3170,"type":"Kommunalt deponi","status":"Uavklart"},"geometry":{"type":"Polygon","coordinates":[[[8.92278,59.64957],[8.92242,59.64979],[8.92256,59.64985],[8.92307,59.64978],[8.92366,59.64961],[8.92377,59.64941],[8.92368,59.64925],[8.92341,59.64921],[8.92279,59.64931],[8.92278,59.64957]]]}},{"type":"Feature","properties":{"k":"old","n":"Litveit avfallsplass","a":31035,"type":"Kommunalt deponi","status":"Overvåking"},"geometry":{"type":"Polygon","coordinates":[[[8.48714,59.36317],[8.48666,59.36352],[8.48603,59.36462],[8.48545,59.36504],[8.48522,59.36537],[8.48539,59.36546],[8.48486,59.36575],[8.48506,59.3659],[8.48613,59.36586],[8.48646,59.36568],[8.48632,59.36537],[8.48851,59.36444],[8.48923,59.3642],[8.48829,59.36344],[8.48775,59.36321],[8.48714,59.36317]]]}},{"type":"Feature","properties":{"k":"old","n":"Vistadmoen avfallsplass","a":11760,"type":"Kommunalt deponi","status":"Overvåking"},"geometry":{"type":"Polygon","coordinates":[[[7.94766,59.44809],[7.94694,59.44826],[7.94608,59.44891],[7.94603,59.44912],[7.94612,59.44922],[7.94665,59.44945],[7.94691,59.44946],[7.94727,59.44938],[7.94823,59.44854],[7.9481,59.44846],[7.94804,59.44821],[7.94766,59.44809]]]}},{"type":"Feature","properties":{"k":"old","n":"Hestemyr avfallsplass","a":76628,"type":"Kommunalt deponi","status":"Overvåking"},"geometry":{"type":"Polygon","coordinates":[[[9.16996,58.71238],[9.17063,58.71259],[9.17193,58.71258],[9.17196,58.71229],[9.17247,58.71221],[9.17284,58.71162],[9.17228,58.71143],[9.17236,58.71129],[9.17274,58.71107],[9.16909,58.71065],[9.16822,58.71024],[9.16856,58.71006],[9.16789,58.7096],[9.16676,58.7097],[9.16615,58.71013],[9.16541,58.71128],[9.16593,58.71157],[9.16587,58.71192],[9.16639,58.71206],[9.16814,58.71202],[9.16811,58.71173],[9.1689,58.71171],[9.1697,58.71156],[9.16979,58.71162],[9.16973,58.71193],[9.16916,58.71244],[9.16943,58.71256],[9.16996,58.71238]]]}},{"type":"Feature","properties":{"k":"old","n":"PHILLIPS LAMPEFABRIKK","a":863,"type":"Deponi","status":"Overvåking"},"geometry":{"type":"Polygon","coordinates":[[[8.74273,58.46509],[8.74276,58.46487],[8.74227,58.46532],[8.74275,58.46542],[8.74273,58.46509]]]}},{"type":"Feature","properties":{"k":"old","n":"Tykkemyr","a":130,"type":"Deponi","status":"Avsluttet"},"geometry":{"type":"Polygon","coordinates":[[[10.68284,59.44328],[10.68271,59.44333],[10.68282,59.44339],[10.68294,59.44334],[10.68284,59.44328]]]}},{"type":"Feature","properties":{"k":"old","n":"HAUG GÅRD","a":865,"type":"Deponi","status":"Uavklart"},"geometry":{"type":"Polygon","coordinates":[[[11.01527,59.99691],[11.01553,59.9969],[11.0156,59.99648],[11.01519,59.99651],[11.01527,59.99691]]]}},{"type":"Feature","properties":{"k":"old","n":"Brånåsen avfallsdeponi","a":122578,"type":"Kommunalt deponi","status":"Undersøkelser igangsatt"},"geometry":{"type":"Polygon","coordinates":[[[11.0224,59.98403],[11.02308,59.98429],[11.0241,59.98454],[11.02522,59.98438],[11.0271,59.98497],[11.02806,59.98561],[11.02835,59.98568],[11.02856,59.98568],[11.02873,59.98549],[11.0292,59.98526],[11.02841,59.98467],[11.02818,59.98456],[11.02787,59.98452],[11.02723,59.98422],[11.02658,59.9842],[11.02661,59.98409],[11.026,59.98402],[11.0254,59.98378],[11.02511,59.98389],[11.02478,59.98386],[11.02463,59.98378],[11.02414,59.98386],[11.02385,59.98379],[11.02429,59.98358],[11.02453,59.98357],[11.02457,59.9834],[11.02491,59.98335],[11.02716,59.98332],[11.02908,59.9834],[11.02988,59.98354],[11.02994,59.98347],[11.03005,59.98347],[11.03001,59.98337],[11.03022,59.98337],[11.03007,59.98318],[11.03033,59.98317],[11.03027,59.98311],[11.02956,59.98309],[11.02944,59.983],[11.02907,59.98303],[11.02844,59.98286],[11.02785,59.98289],[11.02764,59.98285],[11.02735,59.98292],[11.02711,59.98268],[11.02757,59.98261],[11.02761,59.9824],[11.02682,59.98246],[11.02676,59.98225],[11.02849,59.98215],[11.02858,59.98205],[11.02808,59.98199],[11.028,59.98185],[11.02737,59.98175],[11.02794,59.98128],[11.02838,59.98126],[11.02826,59.98111],[11.02795,59.98111],[11.02827,59.98029],[11.02769,59.98007],[11.0272,59.98039],[11.02731,59.98052],[11.02712,59.98062],[11.02642,59.98054],[11.02611,59.98063],[11.02601,59.981],[11.02493,59.97999],[11.02444,59.97992],[11.024,59.97998],[11.02448,59.98013],[11.02456,59.98034],[11.02427,59.98042],[11.02425,59.98076],[11.02376,59.98088],[11.024,59.98122],[11.02431,59.98146],[11.02484,59.98162],[11.02512,59.98178],[11.02512,59.98203],[11.02486,59.98211],[11.02454,59.98196],[11.02402,59.98202],[11.0237,59.9811],[11.02349,59.98118],[11.02357,59.98148],[11.02354,59.98173],[11.02342,59.98182],[11.02356,59.98204],[11.023,59.98209],[11.02298,59.98219],[11.02362,59.98239],[11.02348,59.9825],[11.02303,59.98245],[11.02313,59.98284],[11.02329,59.98299],[11.02264,59.98314],[11.0225,59.98299],[11.02237,59.98303],[11.02226,59.98279],[11.02163,59.98285],[11.02139,59.98367],[11.02155,59.98412],[11.02209,59.98426],[11.0224,59.98403]]]}},{"type":"Feature","properties":{"k":"old","n":"Elvegata avfallsdeponi","a":544,"type":"Kommunalt deponi","status":"Overvåking"},"geometry":{"type":"Polygon","coordinates":[[[11.03151,59.95955],[11.03144,59.9598],[11.03193,59.95973],[11.03192,59.95957],[11.03151,59.95955]]]}},{"type":"Feature","properties":{"k":"old","n":"Mortens Kro AS","a":8218,"type":"Deponi","status":"Avsluttet"},"geometry":{"type":"Polygon","coordinates":[[[10.95167,59.98566],[10.95145,59.98551],[10.95106,59.98555],[10.95082,59.98551],[10.94954,59.98565],[10.9489,59.98587],[10.94884,59.98608],[10.94903,59.98619],[10.95156,59.98598],[10.95172,59.9859],[10.95167,59.98566]]]}},{"type":"Feature","properties":{"k":"old","n":"SKY","a":11795,"type":"Deponi","status":"Uavklart"},"geometry":{"type":"Polygon","coordinates":[[[9.98115,59.06629],[9.98048,59.06745],[9.98163,59.06752],[9.98211,59.0672],[9.98221,59.06695],[9.9828,59.06667],[9.98293,59.06635],[9.98115,59.06629]]]}},{"type":"Feature","properties":{"k":"old","n":"ØSTRE HALSEN","a":3695,"type":"Kommunalt deponi","status":"Uavklart"},"geometry":{"type":"Polygon","coordinates":[[[10.06151,59.03333],[10.06146,59.03383],[10.06239,59.03375],[10.06256,59.03368],[10.0628,59.03338],[10.06278,59.03322],[10.06151,59.03333]]]}},{"type":"Feature","properties":{"k":"old","n":"EBBESTADMARKA","a":178,"type":"Deponi","status":"Uavklart"},"geometry":{"type":"Polygon","coordinates":[[[10.39603,59.62844],[10.39618,59.62848],[10.39631,59.62839],[10.39611,59.62835],[10.39603,59.62844]]]}},{"type":"Feature","properties":{"k":"old","n":"Gjerrud","a":3104,"type":"Kommunalt deponi","status":"Uavklart"},"geometry":{"type":"Polygon","coordinates":[[[10.37966,59.65441],[10.37959,59.65424],[10.37819,59.65418],[10.37804,59.65424],[10.37805,59.65445],[10.37823,59.6545],[10.37936,59.65456],[10.37966,59.65441]]]}},{"type":"Feature","properties":{"k":"old","n":"Jordfallbukta","a":90355,"type":"Deponi","status":"Avsluttet"},"geometry":{"type":"Polygon","coordinates":[[[10.37364,59.66932],[10.37373,59.66947],[10.3732,59.6695],[10.3729,59.66939],[10.37178,59.66999],[10.37124,59.67009],[10.37136,59.67035],[10.37096,59.6704],[10.3707,59.67025],[10.37041,59.67046],[10.36884,59.67053],[10.36595,59.6705],[10.36587,59.67111],[10.36561,59.67156],[10.36516,59.67198],[10.36525,59.67211],[10.36545,59.67218],[10.36545,59.67273],[10.36598,59.67328],[10.36718,59.67321],[10.3677,59.67333],[10.36757,59.67348],[10.36777,59.67378],[10.36757,59.67417],[10.36855,59.67377],[10.36894,59.67252],[10.3686,59.67201],[10.36874,59.67121],[10.36918,59.67104],[10.37146,59.6712],[10.372,59.67093],[10.37453,59.67028],[10.37456,59.66978],[10.37437,59.66952],[10.37364,59.66932]]]}},{"type":"Feature","properties":{"k":"old","n":"DDT-deponi, Torp skogplanteskole","a":6839,"type":"Deponi","status":"Avsluttet"},"geometry":{"type":"Polygon","coordinates":[[[10.26153,59.20294],[10.26144,59.20287],[10.26041,59.20287],[10.25948,59.20272],[10.25943,59.20343],[10.26121,59.20338],[10.26153,59.20294]]]}},{"type":"Feature","properties":{"k":"old","n":"Barbu 2","a":185,"type":"Deponi","status":"Avsluttet"},"geometry":{"type":"Polygon","coordinates":[[[8.76382,58.46856],[8.76369,58.46864],[8.76389,58.46873],[8.76402,58.46865],[8.76382,58.46856]]]}},{"type":"Feature","properties":{"k":"old","n":"Sulesnes","a":1294,"type":"Deponi","status":"Uavklart"},"geometry":{"type":"Polygon","coordinates":[[[11.1572,59.32364],[11.15698,59.32343],[11.15644,59.32345],[11.15625,59.32354],[11.15631,59.32364],[11.15647,59.32369],[11.1572,59.32364]]]}},{"type":"Feature","properties":{"k":"old","n":"Gjerstad søppelplass, Vehusmyr","a":6985,"type":"Kommunalt deponi","status":"Uavklart"},"geometry":{"type":"Polygon","coordinates":[[[8.9805,58.85182],[8.97983,58.85191],[8.98044,58.85236],[8.98105,58.85269],[8.98165,58.85265],[8.98193,58.85251],[8.98175,58.85204],[8.9805,58.85182]]]}},{"type":"Feature","properties":{"k":"old","n":"Gatedalen miljøanlegg","a":142115,"type":"Kommunalt deponi","status":"Overvåking"},"geometry":{"type":"Polygon","coordinates":[[[11.11716,59.25705],[11.11733,59.25658],[11.11718,59.25676],[11.11637,59.25699],[11.11592,59.25685],[11.11541,59.25653],[11.11532,59.25655],[11.11577,59.25734],[11.11566,59.25849],[11.11576,59.25916],[11.11524,59.25958],[11.11543,59.26017],[11.11382,59.26114],[11.11401,59.26152],[11.11608,59.26267],[11.11731,59.2619],[11.11795,59.26174],[11.12014,59.26179],[11.12122,59.26137],[11.12133,59.26038],[11.11918,59.25923],[11.11973,59.25876],[11.11811,59.25836],[11.11716,59.25705]]]}},{"type":"Feature","properties":{"k":"old","n":"Saint-Gobain Ceramic Materials AS v/ kvartslageret","a":168050,"type":"Deponi","status":"Uavklart"},"geometry":{"type":"Polygon","coordinates":[[[8.8794,58.50127],[8.88001,58.50138],[8.88007,58.50131],[8.88056,58.50134],[8.8807,58.50125],[8.88109,58.50133],[8.88113,58.50121],[8.8815,58.50127],[8.88204,58.50125],[8.88231,58.50114],[8.88294,58.50134],[8.88394,58.50137],[8.88419,58.50148],[8.88448,58.50178],[8.88485,58.50184],[8.88499,58.50195],[8.8851,58.50178],[8.88498,58.50164],[8.88515,58.50152],[8.8853,58.50151],[8.88547,58.50157],[8.8858,58.5015],[8.88629,58.50166],[8.88622,58.50156],[8.88631,58.5015],[8.88672,58.50174],[8.88685,58.50168],[8.88695,58.50181],[8.88704,58.50179],[8.88723,58.50188],[8.88729,58.50176],[8.88708,58.50152],[8.88722,58.50148],[8.88719,58.5014],[8.88758,58.5014],[8.88783,58.50128],[8.88541,58.50112],[8.88386,58.50088],[8.88227,58.50051],[8.88167,58.50067],[8.88027,58.49996],[8.88089,58.4993],[8.88031,58.49916],[8.88153,58.49821],[8.88179,58.49767],[8.88095,58.49764],[8.88031,58.49752],[8.8793,58.49715],[8.87895,58.49687],[8.87755,58.49779],[8.87509,58.4979],[8.87476,58.49817],[8.87499,58.49814],[8.87525,58.49823],[8.87521,58.49837],[8.87477,58.49842],[8.87417,58.49865],[8.87467,58.49904],[8.87419,58.49936],[8.8727,58.49881],[8.87238,58.49916],[8.87738,58.50097],[8.87738,58.50085],[8.87773,58.50083],[8.87761,58.50129],[8.8774,58.50142],[8.87775,58.50149],[8.87781,58.50144],[8.87769,58.50139],[8.87791,58.5008],[8.8785,58.50081],[8.87851,58.50107],[8.87817,58.50126],[8.87958,58.50173],[8.87958,58.5016],[8.87927,58.50134],[8.8794,58.50127]]]}},{"type":"Feature","properties":{"k":"old","n":"Heggedalstippen, Tippen DNN","a":57135,"type":"Deponi","status":"Avsluttet"},"geometry":{"type":"Polygon","coordinates":[[[8.8794,58.50127],[8.88001,58.50138],[8.88007,58.50131],[8.88056,58.50134],[8.8807,58.50125],[8.88109,58.50133],[8.88113,58.50121],[8.8815,58.50127],[8.88204,58.50125],[8.88231,58.50114],[8.88294,58.50134],[8.88394,58.50137],[8.88419,58.50148],[8.88448,58.50178],[8.88485,58.50184],[8.88499,58.50195],[8.8851,58.50178],[8.88498,58.50164],[8.88515,58.50152],[8.8853,58.50151],[8.88547,58.50157],[8.8858,58.5015],[8.88629,58.50166],[8.88622,58.50156],[8.88631,58.5015],[8.88672,58.50174],[8.88685,58.50168],[8.88695,58.50181],[8.88704,58.50179],[8.88723,58.50188],[8.88729,58.50176],[8.88708,58.50152],[8.88722,58.50148],[8.88719,58.5014],[8.88758,58.5014],[8.88783,58.50128],[8.88541,58.50112],[8.88386,58.50088],[8.88227,58.50051],[8.88167,58.50067],[8.88027,58.49996],[8.88089,58.4993],[8.88031,58.49916],[8.88153,58.49821],[8.88135,58.49809],[8.88068,58.49871],[8.87981,58.49901],[8.87865,58.49909],[8.87829,58.49939],[8.87974,58.49988],[8.87949,58.50018],[8.87932,58.50072],[8.87754,58.50066],[8.87679,58.50075],[8.87738,58.50097],[8.87738,58.50085],[8.87773,58.50083],[8.87761,58.50129],[8.8774,58.50142],[8.87775,58.50149],[8.87781,58.50144],[8.87769,58.50139],[8.87791,58.5008],[8.8785,58.50081],[8.87851,58.50107],[8.87817,58.50126],[8.87958,58.50173],[8.87958,58.5016],[8.87927,58.50134],[8.8794,58.50127]]]}},{"type":"Feature","properties":{"k":"old","n":"Gjerstad","a":6943,"type":"Kommunalt deponi","status":"Uavklart"},"geometry":{"type":"Polygon","coordinates":[[[8.83103,58.45828],[8.83127,58.45934],[8.83149,58.45972],[8.83216,58.45971],[8.83204,58.45868],[8.83103,58.45828]]]}},{"type":"Feature","properties":{"k":"old","n":"ALVE GRUVER","a":99,"type":"Deponi","status":"Uavklart"},"geometry":{"type":"Polygon","coordinates":[[[8.88181,58.4687],[8.88173,58.46865],[8.88162,58.4687],[8.88171,58.46875],[8.88181,58.4687]]]}},{"type":"Feature","properties":{"k":"old","n":"K.K. Lien Fabrikker","a":6984,"type":"Deponi","status":"Uavklart"},"geometry":{"type":"Polygon","coordinates":[[[8.85097,58.48066],[8.84998,58.48087],[8.85002,58.48096],[8.8498,58.48104],[8.84964,58.48121],[8.84978,58.4813],[8.84966,58.48136],[8.84984,58.48147],[8.84993,58.48142],[8.8506,58.48169],[8.85093,58.48153],[8.85116,58.48155],[8.8512,58.48142],[8.85138,58.48139],[8.85142,58.48127],[8.85104,58.48107],[8.85097,58.48066]]]}},{"type":"Feature","properties":{"k":"old","n":"STANGEBY","a":18854,"type":"Kommunalt deponi","status":"Uavklart"},"geometry":{"type":"Polygon","coordinates":[[[10.37939,59.20561],[10.37853,59.2058],[10.37809,59.2061],[10.37796,59.20643],[10.37863,59.20687],[10.37837,59.20706],[10.37918,59.20745],[10.38076,59.20704],[10.37939,59.20561]]]}},{"type":"Feature","properties":{"k":"old","n":"Nøtterøy pukkverk","a":53045,"type":"Deponi","status":"Avsluttet"},"geometry":{"type":"Polygon","coordinates":[[[10.3958,59.19081],[10.39802,59.19026],[10.39712,59.18948],[10.39646,59.18875],[10.39604,59.18884],[10.39528,59.18827],[10.39503,59.18782],[10.3928,59.18766],[10.39216,59.18781],[10.39246,59.18797],[10.39281,59.18832],[10.39314,59.18826],[10.39314,59.18852],[10.393,59.18854],[10.39383,59.18943],[10.39375,59.18945],[10.39467,59.19034],[10.3948,59.1904],[10.39494,59.19025],[10.39525,59.19025],[10.39563,59.19047],[10.3958,59.19081]]]}},{"type":"Feature","properties":{"k":"old","n":"KVIBERGMOEN FYLLPLASS","a":18234,"type":"Kommunalt deponi","status":"Uavklart"},"geometry":{"type":"Polygon","coordinates":[[[9.87701,59.44179],[9.87675,59.44194],[9.87677,59.44212],[9.87692,59.44221],[9.87718,59.44219],[9.87763,59.44328],[9.87797,59.44355],[9.87825,59.44342],[9.87911,59.44327],[9.87949,59.44294],[9.87884,59.44198],[9.87856,59.44187],[9.87701,59.44179]]]}},{"type":"Feature","properties":{"k":"old","n":"Blikkvaren - deponi Skipsbakken (før: Banken)","a":1305,"type":"Kommunalt deponi","status":"Avsluttet"},"geometry":{"type":"Polygon","coordinates":[[[9.70699,59.05273],[9.70695,59.05287],[9.70652,59.05294],[9.70657,59.0531],[9.70675,59.05315],[9.70708,59.05296],[9.70727,59.05293],[9.7076,59.05306],[9.7078,59.05306],[9.70735,59.05286],[9.7074,59.0528],[9.70699,59.05273]]]}},{"type":"Feature","properties":{"k":"old","n":"Norcem/Fjeldh. tipp-plass","a":4938,"type":"Deponi","status":"Uavklart"},"geometry":{"type":"Polygon","coordinates":[[[9.67207,59.12607],[9.67123,59.12632],[9.67122,59.12661],[9.67151,59.12674],[9.6719,59.12679],[9.67212,59.12675],[9.67252,59.12645],[9.67264,59.12624],[9.67256,59.12611],[9.67207,59.12607]]]}},{"type":"Feature","properties":{"k":"old","n":"TVEITAN AVFALLSPLASS","a":99,"type":"Deponi","status":"Avsluttet"},"geometry":{"type":"Polygon","coordinates":[[[9.30932,59.52185],[9.30923,59.5218],[9.30912,59.52184],[9.30921,59.5219],[9.30932,59.52185]]]}},{"type":"Feature","properties":{"k":"old","n":"Årdal Carbon - STEINDEPONI","a":8,"type":"Deponi","status":"Avsluttet"},"geometry":{"type":"Polygon","coordinates":[[[7.71319,61.23515],[7.71317,61.23514],[7.71315,61.23515],[7.71314,61.23516],[7.71315,61.23517],[7.71317,61.23517],[7.71319,61.23517],[7.7132,61.23516],[7.71319,61.23515]]]}},{"type":"Feature","properties":{"k":"old","n":"Årdal Carbon - GEISDALEN 1","a":99,"type":"Deponi","status":"Avsluttet"},"geometry":{"type":"Polygon","coordinates":[[[7.71309,61.23102],[7.713,61.23097],[7.71288,61.23101],[7.71297,61.23107],[7.71309,61.23102]]]}},{"type":"Feature","properties":{"k":"old","n":"Dalsurdi avfallsplass","a":27538,"type":"Kommunalt deponi","status":"Undersøkelser igangsatt"},"geometry":{"type":"Polygon","coordinates":[[[7.83899,61.32331],[7.83892,61.32347],[7.83817,61.3236],[7.83871,61.3244],[7.83946,61.32469],[7.84099,61.32411],[7.8427,61.32434],[7.84317,61.32446],[7.84362,61.32438],[7.84385,61.32427],[7.8437,61.32406],[7.84235,61.32359],[7.84203,61.3234],[7.84018,61.32341],[7.83988,61.32319],[7.83899,61.32331]]]}},{"type":"Feature","properties":{"k":"old","n":"GEITHUS AVFALLSPLASS","a":99,"type":"Deponi","status":"Uavklart"},"geometry":{"type":"Polygon","coordinates":[[[7.68563,61.21954],[7.68554,61.21948],[7.68542,61.21953],[7.68551,61.21958],[7.68563,61.21954]]]}},{"type":"Feature","properties":{"k":"old","n":"FURUMOEN","a":6817,"type":"Kommunalt deponi","status":"Uavklart"},"geometry":{"type":"Polygon","coordinates":[[[10.83571,59.63847],[10.83513,59.63805],[10.83463,59.63784],[10.83424,59.63818],[10.83387,59.63868],[10.83447,59.63888],[10.83535,59.63868],[10.83571,59.63847]]]}},{"type":"Feature","properties":{"k":"old","n":"ØIERUD","a":99,"type":"Deponi","status":"Avsluttet"},"geometry":{"type":"Polygon","coordinates":[[[10.65713,59.64902],[10.65703,59.64897],[10.65693,59.64902],[10.65702,59.64907],[10.65713,59.64902]]]}},{"type":"Feature","properties":{"k":"old","n":"Oscarsborg festning -avfallsfylling","a":2423,"type":"Deponi","status":"Tiltak gjennomført"},"geometry":{"type":"Polygon","coordinates":[[[10.60627,59.67952],[10.60699,59.67938],[10.60674,59.67916],[10.60655,59.67915],[10.6058,59.67934],[10.60545,59.67952],[10.60568,59.67958],[10.60627,59.67952]]]}},{"type":"Feature","properties":{"k":"old","n":"Teigen fyllplass","a":62635,"type":"Kommunalt deponi","status":"Uavklart"},"geometry":{"type":"Polygon","coordinates":[[[10.64264,59.75753],[10.64283,59.75676],[10.64342,59.75612],[10.64318,59.75579],[10.6429,59.75567],[10.64265,59.75598],[10.64211,59.75612],[10.64035,59.75556],[10.64008,59.75572],[10.63958,59.75576],[10.63915,59.75644],[10.63872,59.75677],[10.63844,59.75684],[10.63775,59.75658],[10.63767,59.75665],[10.63856,59.75716],[10.63936,59.75788],[10.64112,59.75879],[10.64192,59.75871],[10.64256,59.75808],[10.64264,59.75753]]]}},{"type":"Feature","properties":{"k":"old","n":"Tanum","a":6607,"type":"Kommunalt deponi","status":"Uavklart"},"geometry":{"type":"Polygon","coordinates":[[[10.49096,59.88368],[10.49177,59.88379],[10.49714,59.88503],[10.49813,59.88533],[10.49877,59.88564],[10.49889,59.8856],[10.49883,59.88546],[10.49779,59.88509],[10.4909,59.88343],[10.4907,59.88356],[10.49096,59.88368]]]}},{"type":"Feature","properties":{"k":"old","n":"LAKK & SVEIS","a":14718,"type":"Deponi","status":"Avsluttet"},"geometry":{"type":"Polygon","coordinates":[[[10.31877,59.28313],[10.31881,59.28258],[10.31781,59.28155],[10.31729,59.28164],[10.31723,59.28157],[10.31659,59.28239],[10.31661,59.28249],[10.3173,59.2824],[10.31755,59.28319],[10.31822,59.28343],[10.31852,59.28342],[10.31877,59.28313]]]}},{"type":"Feature","properties":{"k":"old","n":"KILEN FYLLPLASS","a":2281,"type":"Kommunalt deponi","status":"Avsluttet"},"geometry":{"type":"Polygon","coordinates":[[[10.24316,59.12889],[10.24256,59.12833],[10.2421,59.12841],[10.24214,59.12851],[10.24327,59.12919],[10.24342,59.12913],[10.24316,59.12889]]]}},{"type":"Feature","properties":{"k":"old","n":"SMI-FYLLINGA","a":44557,"type":"Kommunalt deponi","status":"Avsluttet"},"geometry":{"type":"Polygon","coordinates":[[[10.23342,59.12726],[10.23365,59.12732],[10.23368,59.12742],[10.23353,59.12755],[10.2331,59.1276],[10.23315,59.12787],[10.23381,59.12797],[10.23419,59.12795],[10.23491,59.12809],[10.23616,59.12801],[10.23613,59.12771],[10.23644,59.12772],[10.2372,59.12797],[10.23955,59.12844],[10.23972,59.12833],[10.23993,59.12841],[10.24014,59.12828],[10.24054,59.12818],[10.24078,59.12787],[10.24006,59.1275],[10.24014,59.12735],[10.23938,59.12695],[10.2383,59.12694],[10.23779,59.12761],[10.2361,59.12735],[10.23685,59.12667],[10.2367,59.12665],[10.23544,59.12678],[10.23342,59.12726]]]}},{"type":"Feature","properties":{"k":"old","n":"BUKTA-STAVERN","a":32456,"type":"Kommunalt deponi","status":"Overvåking"},"geometry":{"type":"Polygon","coordinates":[[[10.03927,59.00007],[10.03918,59.00029],[10.03945,59.00032],[10.03941,59.00043],[10.0407,59.00062],[10.0404,59.00124],[10.04199,59.0014],[10.04273,59.00156],[10.0434,59.00181],[10.04506,59.00268],[10.04593,59.00243],[10.04593,59.00221],[10.04631,59.00144],[10.04514,59.00129],[10.04543,59.0006],[10.04524,59.00053],[10.04498,59.00045],[10.04469,59.00068],[10.0442,59.00158],[10.04369,59.0018],[10.04224,59.00088],[10.04188,59.00098],[10.04063,59.0002],[10.03927,59.00007]]]}},{"type":"Feature","properties":{"k":"old","n":"REVET FYLLPLASS","a":26734,"type":"Kommunalt deponi","status":"Uavklart"},"geometry":{"type":"Polygon","coordinates":[[[10.0459,59.03683],[10.0455,59.03707],[10.04539,59.03734],[10.04685,59.03862],[10.04726,59.03862],[10.04818,59.0385],[10.04905,59.03811],[10.04927,59.03764],[10.04862,59.03749],[10.04812,59.03713],[10.04778,59.03707],[10.04666,59.03713],[10.04634,59.03705],[10.0459,59.03683]]]}},{"type":"Feature","properties":{"k":"old","n":"Juteskar II","a":2982,"type":"Deponi","status":"Avsluttet"},"geometry":{"type":"Polygon","coordinates":[[[9.20262,59.56585],[9.20405,59.56575],[9.20414,59.56561],[9.20393,59.5655],[9.20272,59.56555],[9.20252,59.56567],[9.20251,59.5658],[9.20262,59.56585]]]}},{"type":"Feature","properties":{"k":"old","n":"Kirkebukta","a":2647,"type":"Kommunalt deponi","status":"Uavklart"},"geometry":{"type":"Polygon","coordinates":[[[9.41548,58.87301],[9.41536,58.87202],[9.41514,58.87202],[9.41497,58.87228],[9.41494,58.87275],[9.41526,58.87301],[9.41548,58.87301]]]}},{"type":"Feature","properties":{"k":"old","n":"VAFOS BRUG - Nordskogen barkdeponi og fabrikkområde vest","a":94073,"type":"Deponi","status":"Uavklart"},"geometry":{"type":"Polygon","coordinates":[[[9.33711,58.90029],[9.33682,58.90026],[9.33672,58.9],[9.33692,58.89986],[9.33697,58.89944],[9.33685,58.89897],[9.3372,58.89866],[9.33719,58.89851],[9.3369,58.89843],[9.33663,58.89863],[9.33649,58.89862],[9.33642,58.8985],[9.33669,58.89832],[9.33659,58.8981],[9.33644,58.89807],[9.33619,58.89817],[9.33606,58.89804],[9.3365,58.89764],[9.33656,58.89718],[9.33676,58.89688],[9.33672,58.89682],[9.33657,58.8968],[9.33627,58.89649],[9.33643,58.89632],[9.33618,58.89619],[9.3364,58.89613],[9.3365,58.8959],[9.3369,58.89591],[9.33699,58.89579],[9.33685,58.89526],[9.337,58.89516],[9.33687,58.89496],[9.33688,58.89475],[9.33738,58.89426],[9.33752,58.89371],[9.33708,58.8938],[9.33642,58.89419],[9.33635,58.89432],[9.33616,58.89426],[9.33604,58.89436],[9.33554,58.895],[9.33536,58.89549],[9.33512,58.89572],[9.33461,58.89592],[9.33404,58.89628],[9.33312,58.8965],[9.3331,58.89668],[9.33319,58.89729],[9.33308,58.89811],[9.33314,58.89845],[9.33413,58.89881],[9.33492,58.89925],[9.33694,58.90059],[9.33713,58.90151],[9.33756,58.90132],[9.33724,58.90075],[9.33739,58.90053],[9.33711,58.90029]]]}},{"type":"Feature","properties":{"k":"old","n":"ULEFOS JERNVÆRK","a":99,"type":"Deponi","status":"Uavklart"},"geometry":{"type":"Polygon","coordinates":[[[9.25896,59.28306],[9.25887,59.28301],[9.25876,59.28305],[9.25885,59.28311],[9.25896,59.28306]]]}},{"type":"Feature","properties":{"k":"old","n":"Djupegrop","a":2536,"type":"Kommunalt deponi","status":"Overvåking"},"geometry":{"type":"Polygon","coordinates":[[[9.09925,59.43116],[9.09939,59.43117],[9.09941,59.43101],[9.09985,59.43075],[9.09985,59.43056],[9.09961,59.43048],[9.09932,59.43047],[9.09894,59.43062],[9.09898,59.43085],[9.09926,59.43102],[9.09925,59.43116]]]}},{"type":"Feature","properties":{"k":"old","n":"Edingsås søppelplass","a":21766,"type":"Kommunalt deponi","status":"Uavklart"},"geometry":{"type":"Polygon","coordinates":[[[9.23636,59.38378],[9.23628,59.38345],[9.23591,59.38331],[9.23484,59.38362],[9.23477,59.38369],[9.23591,59.38492],[9.23608,59.38499],[9.23789,59.38523],[9.23814,59.3847],[9.23709,59.38397],[9.23636,59.38378]]]}},{"type":"Feature","properties":{"k":"old","n":"KRAFTLEDNINGSVEIEN","a":27587,"type":"Deponi","status":"Avsluttet"},"geometry":{"type":"Polygon","coordinates":[[[8.5581,59.87836],[8.55824,59.87807],[8.55784,59.87793],[8.55746,59.8777],[8.55705,59.87767],[8.55592,59.8778],[8.55269,59.87785],[8.55246,59.87792],[8.55181,59.87795],[8.55049,59.87791],[8.55048,59.87785],[8.54878,59.87774],[8.54836,59.87834],[8.55006,59.87822],[8.55273,59.87835],[8.55281,59.87828],[8.55406,59.87813],[8.55611,59.87811],[8.55686,59.87831],[8.55683,59.8784],[8.55648,59.87858],[8.55738,59.87884],[8.55793,59.87855],[8.5581,59.87836]]]}},{"type":"Feature","properties":{"k":"old","n":"GARDERMOEN FLYSTASJON, DEPONI NR. 14","a":99,"type":"Deponi","status":"Uavklart"},"geometry":{"type":"Polygon","coordinates":[[[11.09587,60.20782],[11.09577,60.20777],[11.09567,60.20782],[11.09576,60.20787],[11.09587,60.20782]]]}},{"type":"Feature","properties":{"k":"old","n":"OSL,  lok. 018, GML BRANNPL. F FLY","a":99,"type":"Deponi","status":"Avsluttet"},"geometry":{"type":"Polygon","coordinates":[[[11.11434,60.20035],[11.11424,60.20029],[11.11413,60.20034],[11.11423,60.20039],[11.11434,60.20035]]]}},{"type":"Feature","properties":{"k":"old","n":"GARDERMOEN FLYSTASJON, FBT lok. 029, TYSKERFYLLING","a":99,"type":"Deponi","status":"Avsluttet"},"geometry":{"type":"Polygon","coordinates":[[[11.09802,60.19342],[11.09792,60.19337],[11.09781,60.19341],[11.09791,60.19347],[11.09802,60.19342]]]}},{"type":"Feature","properties":{"k":"old","n":"Nordia","a":45173,"type":"Deponi","status":"Avsluttet"},"geometry":{"type":"Polygon","coordinates":[[[11.1837,60.14513],[11.18361,60.14489],[11.18159,60.14495],[11.18175,60.14532],[11.17922,60.14555],[11.17935,60.14578],[11.17903,60.14581],[11.17916,60.1462],[11.17956,60.14627],[11.18014,60.14763],[11.1831,60.14733],[11.18241,60.14523],[11.1837,60.14513]]]}},{"type":"Feature","properties":{"k":"old","n":"Trenregimentet,Onsrud leir oljeforurenset grunn","a":146,"type":"Deponi","status":"Undersøkelser gjennomført"},"geometry":{"type":"Polygon","coordinates":[[[11.28693,60.13375],[11.28706,60.13369],[11.28695,60.13363],[11.28682,60.13368],[11.28693,60.13375]]]}},{"type":"Feature","properties":{"k":"old","n":"Eidsvoll Trådvare AS","a":2688,"type":"Deponi","status":"Uavklart"},"geometry":{"type":"Polygon","coordinates":[[[11.18272,60.28112],[11.18095,60.28121],[11.1809,60.28155],[11.18129,60.28153],[11.18195,60.28139],[11.18272,60.28112]]]}},{"type":"Feature","properties":{"k":"old","n":"Myrer søppelplass 2","a":23746,"type":"Kommunalt deponi","status":"Avsluttet"},"geometry":{"type":"Polygon","coordinates":[[[11.23273,60.33086],[11.23122,60.33124],[11.23003,60.33161],[11.22964,60.33194],[11.22967,60.33216],[11.22994,60.33225],[11.23042,60.33228],[11.23171,60.33213],[11.23309,60.33185],[11.23384,60.33142],[11.2342,60.33103],[11.23394,60.33081],[11.23318,60.3308],[11.23273,60.33086]]]}},{"type":"Feature","properties":{"k":"old","n":"Nyvegen gårdsfylling - plassering usikker","a":99,"type":"Deponi","status":"Uavklart"},"geometry":{"type":"Polygon","coordinates":[[[11.17869,60.28643],[11.1786,60.28638],[11.17849,60.28643],[11.17858,60.28648],[11.17869,60.28643]]]}},{"type":"Feature","properties":{"k":"old","n":"Siritun","a":4236,"type":"Kommunalt deponi","status":"Uavklart"},"geometry":{"type":"Polygon","coordinates":[[[9.40101,58.86778],[9.40164,58.86774],[9.40179,58.86751],[9.40173,58.86735],[9.40031,58.8673],[9.40036,58.8677],[9.40101,58.86778]]]}},{"type":"Feature","properties":{"k":"old","n":"Øra avfallsplass","a":37269,"type":"Kommunalt deponi","status":"Undersøkelser gjennomført"},"geometry":{"type":"Polygon","coordinates":[[[9.27056,59.28229],[9.27088,59.282],[9.27246,59.28138],[9.27243,59.28115],[9.27211,59.28095],[9.27192,59.28091],[9.2715,59.28096],[9.27069,59.28143],[9.26827,59.28227],[9.26748,59.28292],[9.26712,59.28356],[9.2672,59.28373],[9.26818,59.28394],[9.26846,59.28392],[9.26898,59.28374],[9.26909,59.28347],[9.26944,59.28348],[9.26993,59.28319],[9.26993,59.28292],[9.27056,59.28229]]]}},{"type":"Feature","properties":{"k":"old","n":"Miland avfallsplass","a":11816,"type":"Kommunalt deponi","status":"Uavklart"},"geometry":{"type":"Polygon","coordinates":[[[8.75661,59.92468],[8.75607,59.92561],[8.75863,59.92631],[8.75893,59.92591],[8.75848,59.92579],[8.75787,59.92547],[8.75744,59.92511],[8.75723,59.9251],[8.75713,59.92493],[8.75661,59.92468]]]}},{"type":"Feature","properties":{"k":"old","n":"Århusmoen forbrenningsovn","a":3546,"type":"Kommunalt deponi","status":"Uavklart"},"geometry":{"type":"Polygon","coordinates":[[[8.64507,59.51715],[8.64549,59.5171],[8.64563,59.51703],[8.64546,59.51633],[8.64527,59.5162],[8.64481,59.51618],[8.64447,59.5164],[8.64488,59.51653],[8.6451,59.51671],[8.64517,59.5169],[8.64507,59.51715]]]}},{"type":"Feature","properties":{"k":"old","n":"Prestårhus grovavfallsplass","a":6184,"type":"Kommunalt deponi","status":"Uavklart"},"geometry":{"type":"Polygon","coordinates":[[[8.6381,59.51264],[8.63733,59.51264],[8.63688,59.51324],[8.63799,59.51319],[8.63875,59.51326],[8.63889,59.51278],[8.63862,59.51269],[8.6381,59.51264]]]}},{"type":"Feature","properties":{"k":"old","n":"Kilen - Kviteseid","a":99,"type":"Deponi","status":"Uavklart"},"geometry":{"type":"Polygon","coordinates":[[[8.79087,59.34547],[8.79078,59.34542],[8.79067,59.34547],[8.79076,59.34552],[8.79087,59.34547]]]}},{"type":"Feature","properties":{"k":"old","n":"Skårmoen","a":37929,"type":"Kommunalt deponi","status":"Overvåking"},"geometry":{"type":"Polygon","coordinates":[[[8.07273,59.23411],[8.07352,59.23407],[8.07367,59.234],[8.07674,59.23408],[8.07668,59.23331],[8.07697,59.23267],[8.07648,59.23203],[8.07524,59.2321],[8.07476,59.2326],[8.07423,59.23287],[8.07232,59.23361],[8.07273,59.23411]]]}},{"type":"Feature","properties":{"k":"old","n":"Hovdestadmoen","a":13288,"type":"Kommunalt deponi","status":"Overvåking"},"geometry":{"type":"Polygon","coordinates":[[[7.99993,59.55889],[8.0006,59.55871],[8.0007,59.55859],[8.00049,59.55835],[7.99988,59.55803],[7.9989,59.55774],[7.99842,59.55769],[7.99771,59.55781],[7.99736,59.55817],[7.99764,59.55859],[7.99924,59.55836],[7.99993,59.55889]]]}},{"type":"Feature","properties":{"k":"old","n":"BERGERUD","a":99,"type":"Deponi","status":"Uavklart"},"geometry":{"type":"Polygon","coordinates":[[[11.19693,59.35417],[11.19684,59.35411],[11.19674,59.35416],[11.19683,59.35422],[11.19693,59.35417]]]}},{"type":"Feature","properties":{"k":"old","n":"Isi avfallsdeponi (del av Isi avfallsanlegg) ISI 2","a":110173,"type":"Kommunalt deponi","status":"Uavklart"},"geometry":{"type":"Polygon","coordinates":[[[10.43763,59.93941],[10.43839,59.93858],[10.43694,59.93733],[10.43665,59.93657],[10.43631,59.93661],[10.43456,59.93644],[10.43239,59.93746],[10.43246,59.93819],[10.43152,59.93907],[10.43191,59.93933],[10.43282,59.93957],[10.43348,59.94022],[10.43475,59.94022],[10.4348,59.94028],[10.43505,59.94031],[10.43508,59.94024],[10.43572,59.9402],[10.43621,59.94031],[10.43674,59.94022],[10.43701,59.93991],[10.43719,59.93942],[10.43763,59.93941]]]}},{"type":"Feature","properties":{"k":"old","n":"Høvik Verk skole","a":39,"type":"Deponi","status":"Tiltak gjennomført"},"geometry":{"type":"Polygon","coordinates":[[[10.56897,59.89367],[10.56907,59.89365],[10.56907,59.89359],[10.56897,59.8936],[10.56897,59.89367]]]}},{"type":"Feature","properties":{"k":"old","n":"Fornebu, fylling sør for gartneri - 151 (lok.3)","a":12514,"type":"Deponi","status":"Avsluttet"},"geometry":{"type":"Polygon","coordinates":[[[10.60713,59.8988],[10.60735,59.89886],[10.60702,59.89867],[10.60694,59.89875],[10.60672,59.89869],[10.60695,59.89863],[10.60678,59.89853],[10.6063,59.89894],[10.60662,59.89926],[10.6067,59.89962],[10.60702,59.90006],[10.60751,59.90045],[10.60794,59.90064],[10.60833,59.90029],[10.60814,59.89987],[10.60803,59.89982],[10.60812,59.8998],[10.60808,59.89966],[10.60782,59.8993],[10.60728,59.89893],[10.60703,59.89885],[10.60713,59.8988]]]}},{"type":"Feature","properties":{"k":"old","n":"Fornebu, Støyvoll","a":4933,"type":"Deponi","status":"Avsluttet"},"geometry":{"type":"Polygon","coordinates":[[[10.60929,59.89252],[10.60914,59.89263],[10.60937,59.89272],[10.60958,59.89292],[10.60956,59.89331],[10.61026,59.89353],[10.61066,59.89336],[10.61048,59.89312],[10.61053,59.8927],[10.60978,59.89264],[10.60929,59.89252]]]}},{"type":"Feature","properties":{"k":"old","n":"A/S MINERALFOREDLING","a":5039,"type":"Deponi","status":"Uavklart"},"geometry":{"type":"Polygon","coordinates":[[[10.14278,59.04254],[10.14296,59.04324],[10.14284,59.04375],[10.14326,59.04389],[10.14385,59.04354],[10.14326,59.04281],[10.14295,59.04253],[10.14278,59.04254]]]}},{"type":"Feature","properties":{"k":"old","n":"HAUGANE DOLVEN","a":9584,"type":"Deponi","status":"Uavklart"},"geometry":{"type":"Polygon","coordinates":[[[9.89788,59.00257],[9.89898,59.00242],[9.89909,59.00141],[9.89724,59.00163],[9.89788,59.00257]]]}},{"type":"Feature","properties":{"k":"old","n":"EIKEDALEN","a":274,"type":"Deponi","status":"Uavklart"},"geometry":{"type":"Polygon","coordinates":[[[9.94074,59.0626],[9.94066,59.06261],[9.94073,59.06282],[9.94086,59.06284],[9.94095,59.0628],[9.94074,59.0626]]]}},{"type":"Feature","properties":{"k":"old","n":"Balzer (Gamlehaugen)","a":3703,"type":"Kommunalt deponi","status":"Uavklart"},"geometry":{"type":"Polygon","coordinates":[[[10.40401,59.616],[10.40394,59.61605],[10.40403,59.61608],[10.40483,59.61608],[10.40505,59.61602],[10.4052,59.61585],[10.4054,59.61519],[10.40519,59.61518],[10.40457,59.61573],[10.40401,59.616]]]}},{"type":"Feature","properties":{"k":"old","n":"DDT-deponi, Torp skogplanteskole","a":24931,"type":"Deponi","status":"Avsluttet"},"geometry":{"type":"Polygon","coordinates":[[[10.25526,59.20155],[10.25666,59.20148],[10.25791,59.20152],[10.25797,59.20061],[10.25416,59.2006],[10.2539,59.201],[10.25354,59.20133],[10.2538,59.20135],[10.25364,59.20141],[10.25376,59.20141],[10.25372,59.20173],[10.25526,59.20155]]]}},{"type":"Feature","properties":{"k":"old","n":"ROSANES","a":54500,"type":"Kommunalt deponi","status":"Undersøkelser gjennomført"},"geometry":{"type":"Polygon","coordinates":[[[10.42993,59.25258],[10.43036,59.2526],[10.43094,59.25255],[10.43152,59.25227],[10.43129,59.25216],[10.43023,59.25213],[10.42904,59.25197],[10.42887,59.25188],[10.42886,59.25175],[10.42561,59.25164],[10.42558,59.25307],[10.42577,59.25384],[10.42558,59.25396],[10.42571,59.25439],[10.4267,59.25449],[10.42649,59.25434],[10.42652,59.25424],[10.42753,59.2541],[10.42821,59.25376],[10.42834,59.25342],[10.42818,59.25312],[10.42823,59.25298],[10.42873,59.25278],[10.42993,59.25258]]]}},{"type":"Feature","properties":{"k":"old","n":"Hesnes Avfallsplass","a":10706,"type":"Kommunalt deponi","status":"Undersøkelser gjennomført"},"geometry":{"type":"Polygon","coordinates":[[[8.62903,58.34291],[8.62984,58.34275],[8.62984,58.34235],[8.62999,58.34222],[8.63067,58.3422],[8.63084,58.34206],[8.6306,58.34181],[8.62981,58.34175],[8.62933,58.34158],[8.62852,58.34194],[8.62903,58.34291]]]}},{"type":"Feature","properties":{"k":"old","n":"BAUGEN II","a":15520,"type":"Kommunalt deponi","status":"Avsluttet"},"geometry":{"type":"Polygon","coordinates":[[[11.12047,59.26716],[11.11958,59.26672],[11.11885,59.26671],[11.11834,59.26742],[11.11811,59.26822],[11.11922,59.26829],[11.11997,59.26779],[11.12047,59.26716]]]}},{"type":"Feature","properties":{"k":"old","n":"Forstøl avfallsplass","a":5957,"type":"Kommunalt deponi","status":"Uavklart"},"geometry":{"type":"Polygon","coordinates":[[[8.77085,58.75787],[8.77007,58.75831],[8.77005,58.75854],[8.77158,58.75895],[8.77172,58.75869],[8.77107,58.75826],[8.77113,58.75794],[8.77085,58.75787]]]}},{"type":"Feature","properties":{"k":"old","n":"Grendstøl","a":35152,"type":"Kommunalt deponi","status":"Overvåking"},"geometry":{"type":"Polygon","coordinates":[[[8.90407,58.61972],[8.90256,58.6197],[8.90234,58.61993],[8.90224,58.62179],[8.90364,58.6224],[8.90476,58.62212],[8.90458,58.62055],[8.90435,58.6203],[8.90406,58.6202],[8.90407,58.61972]]]}},{"type":"Feature","properties":{"k":"old","n":"Blødemyr","a":8957,"type":"Kommunalt deponi","status":"Uavklart"},"geometry":{"type":"Polygon","coordinates":[[[8.85187,58.49397],[8.85023,58.4944],[8.85046,58.49474],[8.8516,58.49485],[8.85226,58.49478],[8.85258,58.49421],[8.85187,58.49397]]]}},{"type":"Feature","properties":{"k":"old","n":"Saint-Gobain Ceramic Materials AS,  Breidablikk (A","a":168050,"type":"Deponi","status":"Avsluttet"},"geometry":{"type":"Polygon","coordinates":[[[8.8794,58.50127],[8.88001,58.50138],[8.88007,58.50131],[8.88056,58.50134],[8.8807,58.50125],[8.88109,58.50133],[8.88113,58.50121],[8.8815,58.50127],[8.88204,58.50125],[8.88231,58.50114],[8.88294,58.50134],[8.88394,58.50137],[8.88419,58.50148],[8.88448,58.50178],[8.88485,58.50184],[8.88499,58.50195],[8.8851,58.50178],[8.88498,58.50164],[8.88515,58.50152],[8.8853,58.50151],[8.88547,58.50157],[8.8858,58.5015],[8.88629,58.50166],[8.88622,58.50156],[8.88631,58.5015],[8.88672,58.50174],[8.88685,58.50168],[8.88695,58.50181],[8.88704,58.50179],[8.88723,58.50188],[8.88729,58.50176],[8.88708,58.50152],[8.88722,58.50148],[8.88719,58.5014],[8.88758,58.5014],[8.88783,58.50128],[8.88541,58.50112],[8.88386,58.50088],[8.88227,58.50051],[8.88167,58.50067],[8.88027,58.49996],[8.88089,58.4993],[8.88031,58.49916],[8.88153,58.49821],[8.88179,58.49767],[8.88095,58.49764],[8.88031,58.49752],[8.8793,58.49715],[8.87895,58.49687],[8.87755,58.49779],[8.87509,58.4979],[8.87476,58.49817],[8.87499,58.49814],[8.87525,58.49823],[8.87521,58.49837],[8.87477,58.49842],[8.87417,58.49865],[8.87467,58.49904],[8.87419,58.49936],[8.8727,58.49881],[8.87238,58.49916],[8.87738,58.50097],[8.87738,58.50085],[8.87773,58.50083],[8.87761,58.50129],[8.8774,58.50142],[8.87775,58.50149],[8.87781,58.50144],[8.87769,58.50139],[8.87791,58.5008],[8.8785,58.50081],[8.87851,58.50107],[8.87817,58.50126],[8.87958,58.50173],[8.87958,58.5016],[8.87927,58.50134],[8.8794,58.50127]]]}},{"type":"Feature","properties":{"k":"old","n":"Reiersøl og Lyngdal Planteskole, avd. Reiersøl","a":99,"type":"Deponi","status":"Avsluttet"},"geometry":{"type":"Polygon","coordinates":[[[8.61317,58.47233],[8.61308,58.47227],[8.61298,58.47232],[8.61306,58.47237],[8.61317,58.47233]]]}},{"type":"Feature","properties":{"k":"old","n":"SKJULSTAD","a":99,"type":"Kommunalt deponi","status":"Avsluttet"},"geometry":{"type":"Polygon","coordinates":[[[11.68647,59.25919],[11.68638,59.25914],[11.68627,59.25919],[11.68637,59.25924],[11.68647,59.25919]]]}},{"type":"Feature","properties":{"k":"old","n":"BRÅSTAD 2","a":29945,"type":"Deponi","status":"Uavklart"},"geometry":{"type":"Polygon","coordinates":[[[8.70279,58.46183],[8.70144,58.46231],[8.70188,58.46273],[8.702,58.46322],[8.70248,58.46364],[8.70377,58.46425],[8.70428,58.46411],[8.70457,58.46392],[8.7054,58.46372],[8.70279,58.46183]]]}},{"type":"Feature","properties":{"k":"old","n":"Vei 3441 Felt C (Kjøttbyfyllingen)","a":1399,"type":"Deponi","status":"Avsluttet"},"geometry":{"type":"Polygon","coordinates":[[[10.88682,59.93957],[10.88779,59.93928],[10.88788,59.93905],[10.8884,59.93899],[10.88855,59.93902],[10.88891,59.93929],[10.88946,59.93927],[10.88973,59.93933],[10.88947,59.93925],[10.88893,59.93927],[10.88858,59.939],[10.88842,59.93897],[10.88786,59.93903],[10.88777,59.93926],[10.88727,59.93939],[10.88654,59.93887],[10.88404,59.93868],[10.88352,59.93848],[10.88366,59.9386],[10.88401,59.9387],[10.88642,59.93888],[10.88666,59.93895],[10.88717,59.93943],[10.88582,59.93989],[10.88654,59.93971],[10.88682,59.93957]]]}},{"type":"Feature","properties":{"k":"old","n":"SVARTDALSPARKEN","a":5662,"type":"Deponi","status":"Uavklart"},"geometry":{"type":"Polygon","coordinates":[[[10.799,59.90338],[10.79849,59.90374],[10.79846,59.90389],[10.79863,59.904],[10.79923,59.90416],[10.79987,59.90411],[10.80013,59.90391],[10.80006,59.90376],[10.79973,59.90353],[10.79938,59.90342],[10.799,59.90338]]]}},{"type":"Feature","properties":{"k":"old","n":"Alfasetveien vest","a":99,"type":"Deponi","status":"Uavklart"},"geometry":{"type":"Polygon","coordinates":[[[10.84842,59.93128],[10.84833,59.93123],[10.84822,59.93128],[10.84832,59.93133],[10.84842,59.93128]]]}},{"type":"Feature","properties":{"k":"old","n":"Kjelsrudfyllingen 5","a":89099,"type":"Deponi","status":"Uavklart"},"geometry":{"type":"Polygon","coordinates":[[[10.8631,59.93482],[10.86517,59.93383],[10.8651,59.93369],[10.86464,59.93356],[10.86311,59.93426],[10.86235,59.93405],[10.86184,59.93429],[10.86181,59.9344],[10.86129,59.93426],[10.85982,59.93416],[10.8587,59.93727],[10.8605,59.93826],[10.86102,59.93826],[10.86297,59.93641],[10.8627,59.93634],[10.86298,59.93608],[10.86279,59.93592],[10.86387,59.93524],[10.8631,59.93482]]]}},{"type":"Feature","properties":{"k":"old","n":"Grønmo søppelfyllplass - Flygeaskedeponiet","a":7298,"type":"Kommunalt deponi","status":"Uavklart"},"geometry":{"type":"Polygon","coordinates":[[[10.87103,59.84417],[10.87151,59.84407],[10.87158,59.84392],[10.87153,59.84377],[10.87123,59.84366],[10.86948,59.8433],[10.86881,59.84364],[10.87103,59.84417]]]}},{"type":"Feature","properties":{"k":"old","n":"Fornebu, Boblaområdet v/ inv.237 og 238","a":67,"type":"Deponi","status":"Avsluttet"},"geometry":{"type":"Polygon","coordinates":[[[10.60872,59.89816],[10.60867,59.89812],[10.60868,59.8983],[10.60872,59.89816]]]}},{"type":"Feature","properties":{"k":"old","n":"FALLDALSVEIEN","a":3627,"type":"Kommunalt deponi","status":"Uavklart"},"geometry":{"type":"Polygon","coordinates":[[[11.16392,59.92835],[11.16317,59.92809],[11.16256,59.92852],[11.16334,59.92881],[11.16397,59.92847],[11.16392,59.92835]]]}},{"type":"Feature","properties":{"k":"old","n":"Enebakkneset (Melnes)","a":1630,"type":"Deponi","status":"Uavklart"},"geometry":{"type":"Polygon","coordinates":[[[11.24367,59.78087],[11.24403,59.78093],[11.24451,59.78089],[11.24466,59.7807],[11.24411,59.78059],[11.24377,59.78064],[11.24362,59.78076],[11.24367,59.78087]]]}},{"type":"Feature","properties":{"k":"old","n":"Stensrud","a":14731,"type":"Kommunalt deponi","status":"Uavklart"},"geometry":{"type":"Polygon","coordinates":[[[11.24277,59.87646],[11.2425,59.87648],[11.2423,59.87684],[11.24204,59.87687],[11.24188,59.87698],[11.24195,59.87786],[11.24207,59.87793],[11.24251,59.87798],[11.24285,59.87786],[11.24284,59.87746],[11.24333,59.87726],[11.24463,59.87723],[11.24486,59.87714],[11.24497,59.87699],[11.2448,59.8768],[11.24334,59.8767],[11.24303,59.87651],[11.24277,59.87646]]]}},{"type":"Feature","properties":{"k":"old","n":"FETSUND STASJONSOMRÅDE","a":815,"type":"Deponi","status":"Avsluttet"},"geometry":{"type":"Polygon","coordinates":[[[11.16157,59.9276],[11.16092,59.92733],[11.16082,59.92742],[11.16129,59.92776],[11.16157,59.9276]]]}},{"type":"Feature","properties":{"k":"old","n":"Thorud deponi sør","a":81434,"type":"Kommunalt deponi","status":"Uavklart"},"geometry":{"type":"Polygon","coordinates":[[[11.16221,59.75478],[11.16122,59.7536],[11.16105,59.75308],[11.16024,59.75233],[11.16024,59.75205],[11.15984,59.75209],[11.15574,59.75331],[11.15363,59.75359],[11.1539,59.75383],[11.15439,59.754],[11.15637,59.75411],[11.15843,59.75472],[11.15859,59.75468],[11.1586,59.75481],[11.15983,59.75531],[11.16221,59.75478]]]}},{"type":"Feature","properties":{"k":"old","n":"SOLBORG GRUVER","a":193,"type":"Kommunalt deponi","status":"Uavklart"},"geometry":{"type":"Polygon","coordinates":[[[8.73076,58.46513],[8.73077,58.46504],[8.73046,58.46497],[8.73038,58.46505],[8.73076,58.46513]]]}},{"type":"Feature","properties":{"k":"old","n":"Tidl. ARENDAL MEK. VERKSTED","a":1125,"type":"Deponi","status":"Avsluttet"},"geometry":{"type":"Polygon","coordinates":[[[8.7703,58.45465],[8.77028,58.4546],[8.7705,58.45451],[8.7703,58.45441],[8.7701,58.45455],[8.77019,58.45441],[8.7699,58.4544],[8.76974,58.45457],[8.76988,58.45439],[8.76956,58.45441],[8.76954,58.45459],[8.77022,58.4546],[8.7703,58.45465]]]}},{"type":"Feature","properties":{"k":"old","n":"Storemyr fyllplass","a":18741,"type":"Kommunalt deponi","status":"Uavklart"},"geometry":{"type":"Polygon","coordinates":[[[8.32395,58.28198],[8.32366,58.28059],[8.32292,58.28056],[8.32177,58.28115],[8.32135,58.28151],[8.32196,58.28201],[8.32312,58.28208],[8.32395,58.28198]]]}},{"type":"Feature","properties":{"k":"old","n":"KOAB","a":7448,"type":"Deponi","status":"Uavklart"},"geometry":{"type":"Polygon","coordinates":[[[8.21766,58.33886],[8.21703,58.33908],[8.21683,58.33935],[8.21704,58.33965],[8.21836,58.33968],[8.21879,58.33951],[8.21828,58.33896],[8.21766,58.33886]]]}},{"type":"Feature","properties":{"k":"old","n":"KOPLA","a":52919,"type":"Kommunalt deponi","status":"Avsluttet"},"geometry":{"type":"Polygon","coordinates":[[[11.37332,59.41615],[11.37605,59.41596],[11.37526,59.41312],[11.37463,59.41311],[11.37432,59.41292],[11.37452,59.4126],[11.37385,59.41253],[11.37342,59.41264],[11.37307,59.41348],[11.37276,59.41355],[11.37255,59.41444],[11.3735,59.41536],[11.37332,59.41615]]]}},{"type":"Feature","properties":{"k":"old","n":"GJERLØW-EVJA, HAFSLUNDSØY.","a":123473,"type":"Kommunalt deponi","status":"Avsluttet"},"geometry":{"type":"Polygon","coordinates":[[[11.14888,59.28925],[11.14893,59.28908],[11.14951,59.28907],[11.15006,59.28937],[11.15211,59.28879],[11.15235,59.28878],[11.1526,59.28885],[11.1533,59.28869],[11.15394,59.28879],[11.15426,59.28889],[11.15422,59.28901],[11.15815,59.28902],[11.15755,59.28783],[11.15674,59.28772],[11.1562,59.28715],[11.15666,59.28683],[11.15673,59.28648],[11.15658,59.28633],[11.15688,59.28589],[11.15674,59.28568],[11.1565,59.28565],[11.15647,59.28559],[11.15592,59.28564],[11.1556,59.28556],[11.15574,59.28564],[11.15562,59.28565],[11.15567,59.28575],[11.15532,59.2861],[11.15478,59.28618],[11.15462,59.28599],[11.15448,59.28613],[11.15419,59.2862],[11.1541,59.28613],[11.15411,59.28563],[11.15397,59.2855],[11.15379,59.28548],[11.1538,59.28538],[11.15342,59.28526],[11.15334,59.28567],[11.15286,59.2857],[11.15177,59.28604],[11.15134,59.28627],[11.15156,59.28646],[11.15137,59.28677],[11.15153,59.28687],[11.15143,59.28695],[11.15149,59.2872],[11.15207,59.28777],[11.15204,59.2879],[11.15177,59.288],[11.15142,59.28796],[11.15149,59.28765],[11.15129,59.28749],[11.15103,59.28753],[11.15092,59.28749],[11.15016,59.28772],[11.1496,59.28802],[11.14815,59.2886],[11.14826,59.28885],[11.14793,59.28891],[11.14814,59.28915],[11.14827,59.28913],[11.14869,59.28957],[11.14902,59.28951],[11.14888,59.28925]],[[11.15402,59.28734],[11.15402,59.28684],[11.15424,59.28664],[11.15491,59.28659],[11.15518,59.28706],[11.15493,59.28706],[11.15498,59.28804],[11.15459,59.28807],[11.15409,59.28765],[11.15402,59.28734]],[[11.15327,59.28717],[11.15287,59.28629],[11.15368,59.28626],[11.15368,59.28712],[11.15327,59.28717]],[[11.14884,59.28836],[11.14906,59.28863],[11.14856,59.28871],[11.14846,59.28851],[11.14884,59.28836]]]}},{"type":"Feature","properties":{"k":"old","n":"ÅLESTRANDA","a":20271,"type":"Kommunalt deponi","status":"Avsluttet"},"geometry":{"type":"MultiPolygon","coordinates":[[[[10.89593,59.20836],[10.89492,59.20905],[10.8949,59.20921],[10.89516,59.20955],[10.89431,59.21008],[10.89466,59.21011],[10.89537,59.21034],[10.8955,59.21029],[10.89538,59.21022],[10.89561,59.21014],[10.89596,59.21038],[10.89578,59.21048],[10.89627,59.21027],[10.89637,59.21006],[10.8962,59.20979],[10.89624,59.20954],[10.89641,59.20976],[10.8968,59.20959],[10.89699,59.2096],[10.89712,59.20985],[10.89739,59.20975],[10.8978,59.20917],[10.89593,59.20836]],[[10.89569,59.2094],[10.89585,59.20957],[10.89539,59.2097],[10.89523,59.20953],[10.89569,59.2094]],[[10.89603,59.20881],[10.89634,59.20894],[10.89579,59.20913],[10.89576,59.20904],[10.89602,59.20899],[10.89603,59.20882],[10.8958,59.2089],[10.89603,59.20881]],[[10.89608,59.20989],[10.89619,59.20995],[10.89608,59.21],[10.89597,59.20995],[10.89608,59.20989]],[[10.89559,59.20902],[10.89565,59.20907],[10.89549,59.20912],[10.89543,59.20907],[10.89559,59.20902]],[[10.89591,59.20999],[10.89597,59.21004],[10.89581,59.21009],[10.89575,59.21004],[10.89591,59.20999]],[[10.89623,59.20919],[10.89629,59.20924],[10.89613,59.20929],[10.89607,59.20924],[10.89623,59.20919]],[[10.89612,59.20977],[10.89618,59.20982],[10.89602,59.20987],[10.89597,59.20982],[10.89612,59.20977]],[[10.89643,59.2086],[10.89649,59.20865],[10.89633,59.2087],[10.89627,59.20865],[10.89643,59.2086]],[[10.89574,59.20979],[10.8958,59.20984],[10.89564,59.20989],[10.89558,59.20984],[10.89574,59.20979]],[[10.89725,59.20948],[10.89731,59.20952],[10.89714,59.20957],[10.89709,59.20953],[10.89725,59.20948]],[[10.89609,59.21015],[10.89615,59.2102],[10.89599,59.21025],[10.89593,59.2102],[10.89609,59.21015]],[[10.89536,59.21024],[10.89544,59.21028],[10.89537,59.21032],[10.89528,59.21028],[10.89536,59.21024]],[[10.89638,59.20918],[10.89645,59.20921],[10.89638,59.20925],[10.89631,59.20921],[10.89638,59.20918]]],[[[10.89724,59.20948],[10.8971,59.20953],[10.89715,59.20957],[10.8973,59.20952],[10.89724,59.20948]]]]}},{"type":"Feature","properties":{"k":"old","n":"Gruva","a":99,"type":"Kommunalt deponi","status":"Avsluttet"},"geometry":{"type":"Polygon","coordinates":[[[10.86739,59.35975],[10.8673,59.3597],[10.86719,59.35975],[10.86729,59.3598],[10.86739,59.35975]]]}},{"type":"Feature","properties":{"k":"old","n":"SILDEBAUEN","a":130,"type":"Kommunalt deponi","status":"Avsluttet"},"geometry":{"type":"Polygon","coordinates":[[[10.71873,59.32671],[10.7186,59.32676],[10.71871,59.32682],[10.71883,59.32677],[10.71873,59.32671]]]}},{"type":"Feature","properties":{"k":"old","n":"BØFYLLINGA","a":3255,"type":"Deponi","status":"Uavklart"},"geometry":{"type":"Polygon","coordinates":[[[9.87531,59.30576],[9.87458,59.30583],[9.8741,59.30595],[9.87405,59.30613],[9.87442,59.30645],[9.87512,59.30617],[9.87531,59.30576]]]}},{"type":"Feature","properties":{"k":"old","n":"Norsk Gjenvinning på Øra","a":84257,"type":"Kommunalt deponi","status":"Uavklart"},"geometry":{"type":"Polygon","coordinates":[[[10.96502,59.18542],[10.96553,59.18546],[10.96659,59.18212],[10.9629,59.18177],[10.9623,59.18392],[10.96173,59.18533],[10.96496,59.1856],[10.96502,59.18542]]]}},{"type":"Feature","properties":{"k":"old","n":"Kulltangen","a":2222,"type":"Kommunalt deponi","status":"Undersøkelser gjennomført"},"geometry":{"type":"Polygon","coordinates":[[[9.63016,59.13129],[9.6296,59.1315],[9.63024,59.13189],[9.63075,59.13164],[9.63016,59.13129]]]}},{"type":"Feature","properties":{"k":"old","n":"Bøledalen","a":5497,"type":"Kommunalt deponi","status":"Uavklart"},"geometry":{"type":"Polygon","coordinates":[[[9.63741,59.17794],[9.63885,59.17819],[9.63897,59.17836],[9.63868,59.17868],[9.63873,59.17893],[9.64011,59.17806],[9.64,59.17802],[9.63959,59.17811],[9.63899,59.17792],[9.63792,59.17786],[9.63777,59.1778],[9.63741,59.17794]]]}},{"type":"Feature","properties":{"k":"old","n":"MENSTAD","a":2051,"type":"Deponi","status":"Uavklart"},"geometry":{"type":"Polygon","coordinates":[[[9.64856,59.17168],[9.64829,59.17163],[9.64777,59.17237],[9.6476,59.17291],[9.6477,59.17291],[9.64856,59.17168]]]}},{"type":"Feature","properties":{"k":"old","n":"BØLE TØNNEDEPONI","a":44911,"type":"Deponi","status":"Avsluttet"},"geometry":{"type":"Polygon","coordinates":[[[9.63849,59.17612],[9.63857,59.17613],[9.6391,59.1756],[9.64048,59.17404],[9.63866,59.17355],[9.6382,59.174],[9.63752,59.17506],[9.63691,59.17562],[9.63593,59.17613],[9.63428,59.1772],[9.63571,59.17756],[9.63587,59.1769],[9.63602,59.17677],[9.63659,59.17635],[9.63663,59.17649],[9.63691,59.17656],[9.63754,59.17603],[9.63829,59.17625],[9.63753,59.17693],[9.63767,59.17698],[9.63688,59.17764],[9.63697,59.17767],[9.63846,59.17624],[9.6384,59.1762],[9.63849,59.17612]],[[9.63827,59.1745],[9.63818,59.17449],[9.63819,59.17442],[9.63828,59.17443],[9.63827,59.1745]]]}},{"type":"Feature","properties":{"k":"old","n":"Icopal Øst (A/S Fjellhamar Brug 2)","a":11760,"type":"Deponi","status":"Uavklart"},"geometry":{"type":"Polygon","coordinates":[[[10.99274,59.94215],[10.99172,59.94248],[10.99186,59.9431],[10.99413,59.94367],[10.99388,59.94313],[10.99274,59.94215]]]}},{"type":"Feature","properties":{"k":"old","n":"Icopal Øst (A/S Fjellhamar Brug 2)","a":773,"type":"Deponi","status":"Uavklart"},"geometry":{"type":"Polygon","coordinates":[[[10.99149,59.94303],[10.99137,59.94284],[10.99143,59.9426],[10.99105,59.94263],[10.99106,59.94293],[10.99149,59.94303]]]}},{"type":"Feature","properties":{"k":"old","n":"Hovelsrud (HOVELSRUD SØR)","a":42371,"type":"Deponi","status":"Uavklart"},"geometry":{"type":"Polygon","coordinates":[[[11.01818,59.92965],[11.02034,59.92988],[11.02028,59.92958],[11.02066,59.92952],[11.02107,59.92911],[11.02138,59.92898],[11.02131,59.92887],[11.02013,59.92847],[11.01932,59.92802],[11.01807,59.92824],[11.01742,59.9282],[11.01695,59.92834],[11.01676,59.92851],[11.01664,59.92891],[11.0163,59.92945],[11.01647,59.92997],[11.01679,59.93029],[11.01693,59.93017],[11.01736,59.93005],[11.01756,59.92985],[11.01825,59.92969],[11.01818,59.92965]]]}},{"type":"Feature","properties":{"k":"old","n":"Elvegata avfallsdeponi","a":334,"type":"Kommunalt deponi","status":"Overvåking"},"geometry":{"type":"Polygon","coordinates":[[[11.03193,59.95974],[11.03145,59.9598],[11.03165,59.9599],[11.03185,59.95989],[11.03197,59.95986],[11.03193,59.95974]]]}},{"type":"Feature","properties":{"k":"old","n":"Avfallsdeponi ved Skjetten","a":12663,"type":"Kommunalt deponi","status":"Uavklart"},"geometry":{"type":"Polygon","coordinates":[[[10.99572,59.97413],[10.99579,59.97297],[10.99534,59.97287],[10.99534,59.97269],[10.99491,59.97202],[10.99459,59.97193],[10.99443,59.97203],[10.99442,59.97246],[10.99457,59.97263],[10.99412,59.9729],[10.99449,59.9732],[10.99444,59.97371],[10.99572,59.97413]]]}},{"type":"Feature","properties":{"k":"old","n":"BERGER","a":485,"type":"Deponi","status":"Uavklart"},"geometry":{"type":"Polygon","coordinates":[[[11.07108,60.01736],[11.07128,60.01733],[11.07129,60.01717],[11.07088,60.01717],[11.07084,60.01732],[11.07108,60.01736]]]}},{"type":"Feature","properties":{"k":"old","n":"Støyvoll ved Skogfaret","a":34092,"type":"Deponi","status":"Avsluttet"},"geometry":{"type":"Polygon","coordinates":[[[11.04172,59.999],[11.04158,59.99909],[11.0416,59.99922],[11.04312,60.00029],[11.04309,60.00037],[11.04249,60.0006],[11.04245,60.00078],[11.04439,60.00182],[11.04498,60.00221],[11.04516,60.00255],[11.04508,60.00343],[11.04522,60.00382],[11.04676,60.00522],[11.04713,60.00529],[11.04773,60.00606],[11.04819,60.00636],[11.04849,60.00637],[11.04852,60.00631],[11.04785,60.00575],[11.04685,60.00471],[11.0451,60.00185],[11.04463,60.00126],[11.04332,59.99998],[11.04202,59.99908],[11.04172,59.999]]]}},{"type":"Feature","properties":{"k":"old","n":"PRESTEGÅRDSHAGAN","a":501,"type":"Deponi","status":"Uavklart"},"geometry":{"type":"Polygon","coordinates":[[[11.10297,60.07752],[11.10316,60.07754],[11.10326,60.07738],[11.10279,60.07734],[11.10277,60.07749],[11.10297,60.07752]]]}},{"type":"Feature","properties":{"k":"old","n":"STØA","a":40014,"type":"Kommunalt deponi","status":"Avsluttet"},"geometry":{"type":"Polygon","coordinates":[[[10.74937,59.39339],[10.74817,59.39197],[10.74774,59.39167],[10.74802,59.39103],[10.74797,59.39018],[10.7473,59.391],[10.74592,59.39311],[10.74507,59.39376],[10.74557,59.39367],[10.74562,59.39361],[10.74565,59.39365],[10.74749,59.39329],[10.74754,59.39334],[10.74601,59.39369],[10.74642,59.39419],[10.74937,59.39339]]]}},{"type":"Feature","properties":{"k":"old","n":"SKOTVEDT","a":38798,"type":"Deponi","status":"Uavklart"},"geometry":{"type":"Polygon","coordinates":[[[11.06243,59.42858],[11.05968,59.42857],[11.05955,59.42885],[11.06089,59.43018],[11.06487,59.43006],[11.06322,59.42942],[11.06315,59.42887],[11.06467,59.42858],[11.06318,59.42813],[11.06243,59.42858]]]}},{"type":"Feature","properties":{"k":"old","n":"Årdal Carbon - GEISDALEN 2","a":99,"type":"Deponi","status":"Avsluttet"},"geometry":{"type":"Polygon","coordinates":[[[7.71304,61.23237],[7.71294,61.23231],[7.71283,61.23236],[7.71292,61.23241],[7.71304,61.23237]]]}},{"type":"Feature","properties":{"k":"old","n":"ÅRDAL VERK - ELEMENTTIPP","a":29321,"type":"Deponi","status":"Uavklart"},"geometry":{"type":"Polygon","coordinates":[[[7.83537,61.31685],[7.83602,61.31661],[7.83642,61.31626],[7.83591,61.31605],[7.83595,61.31557],[7.83554,61.31533],[7.83538,61.31425],[7.83493,61.31381],[7.83539,61.31331],[7.83555,61.3129],[7.83592,61.31253],[7.8359,61.31241],[7.83574,61.31232],[7.83508,61.31248],[7.83508,61.3126],[7.83401,61.31322],[7.83374,61.31364],[7.8347,61.31554],[7.83501,61.31522],[7.83549,61.31565],[7.83551,61.31608],[7.83567,61.31634],[7.83541,61.31652],[7.83473,61.3167],[7.83349,61.31678],[7.83233,61.31724],[7.83537,61.31685]]]}},{"type":"Feature","properties":{"k":"old","n":"Svelgfoss","a":54075,"type":"Kommunalt deponi","status":"Tiltak gjennomført"},"geometry":{"type":"Polygon","coordinates":[[[9.27171,59.59054],[9.27005,59.59112],[9.26967,59.59104],[9.26934,59.59083],[9.26904,59.59097],[9.26888,59.59131],[9.26813,59.59214],[9.26813,59.59238],[9.26837,59.5927],[9.26802,59.59309],[9.26805,59.59329],[9.26882,59.59362],[9.27024,59.5937],[9.27058,59.59363],[9.27137,59.59309],[9.27142,59.59268],[9.27123,59.59192],[9.27131,59.5918],[9.27247,59.59135],[9.2721,59.59087],[9.27171,59.59054]],[[9.272,59.59107],[9.27208,59.59103],[9.27222,59.59115],[9.2722,59.59132],[9.27203,59.59127],[9.272,59.59107]]]}},{"type":"Feature","properties":{"k":"old","n":"Bingen","a":20161,"type":"Kommunalt deponi","status":"Undersøkelser gjennomført"},"geometry":{"type":"Polygon","coordinates":[[[9.22089,59.56883],[9.22226,59.56883],[9.22291,59.56861],[9.22476,59.56714],[9.22489,59.5669],[9.22238,59.56729],[9.22249,59.56771],[9.22101,59.56859],[9.22089,59.56883]]]}},{"type":"Feature","properties":{"k":"old","n":"Roe II","a":5636,"type":"Deponi","status":"Avsluttet"},"geometry":{"type":"Polygon","coordinates":[[[9.15175,59.58457],[9.15234,59.58419],[9.15099,59.58354],[9.15045,59.584],[9.15175,59.58457]]]}},{"type":"Feature","properties":{"k":"old","n":"TINNES","a":14193,"type":"Deponi","status":"Uavklart"},"geometry":{"type":"Polygon","coordinates":[[[9.23802,59.56172],[9.23836,59.56175],[9.23847,59.56181],[9.23854,59.56253],[9.2388,59.56252],[9.23867,59.56245],[9.23859,59.56182],[9.23888,59.56169],[9.23922,59.56166],[9.23894,59.56158],[9.23797,59.56166],[9.23774,59.56152],[9.23756,59.56124],[9.237,59.56144],[9.23672,59.56136],[9.23571,59.56255],[9.23799,59.56255],[9.2379,59.56173],[9.23802,59.56172]]]}},{"type":"Feature","properties":{"k":"old","n":"Svarthol (Svarthol forbrenningsovn)","a":3095,"type":"Kommunalt deponi","status":"Uavklart"},"geometry":{"type":"Polygon","coordinates":[[[9.65432,59.04607],[9.65392,59.04599],[9.65369,59.04604],[9.65349,59.04637],[9.65356,59.04647],[9.65472,59.04651],[9.6548,59.04634],[9.65452,59.04628],[9.65432,59.04607]]]}},{"type":"Feature","properties":{"k":"old","n":"Dalane avfallsfylling","a":29060,"type":"Kommunalt deponi","status":"Undersøkelser gjennomført"},"geometry":{"type":"Polygon","coordinates":[[[9.36777,58.87166],[9.36915,58.87146],[9.37175,58.87127],[9.37204,58.8711],[9.37203,58.8709],[9.37165,58.87069],[9.37099,58.87053],[9.37051,58.8705],[9.36795,58.87093],[9.36719,58.87113],[9.36594,58.87117],[9.3658,58.87128],[9.36574,58.87166],[9.36582,58.8718],[9.36601,58.87188],[9.36669,58.87188],[9.36777,58.87166]]]}},{"type":"Feature","properties":{"k":"old","n":"Norsk Leca AS (MOUM BRUK)","a":305131,"type":"Deponi","status":"Avsluttet"},"geometry":{"type":"Polygon","coordinates":[[[11.02872,59.2506],[11.02418,59.25193],[11.02404,59.25225],[11.0248,59.25312],[11.02331,59.25487],[11.02417,59.25756],[11.02561,59.25915],[11.03064,59.26042],[11.03127,59.25944],[11.02907,59.25896],[11.03062,59.25285],[11.02987,59.25267],[11.02938,59.25151],[11.02872,59.2506]]]}},{"type":"Feature","properties":{"k":"old","n":"FARNESSTRANDA AVFALLSPLASS","a":5531,"type":"Kommunalt deponi","status":"Uavklart"},"geometry":{"type":"Polygon","coordinates":[[[7.79042,61.30654],[7.79187,61.30628],[7.7927,61.30627],[7.79274,61.3061],[7.79161,61.3058],[7.79119,61.30588],[7.79063,61.30616],[7.79042,61.30654]]]}},{"type":"Feature","properties":{"k":"old","n":"Hydro Aluminium Årdal Karbon","a":8,"type":"Kommunalt deponi","status":"Uavklart"},"geometry":{"type":"Polygon","coordinates":[[[7.71319,61.23515],[7.71317,61.23514],[7.71315,61.23515],[7.71314,61.23516],[7.71315,61.23517],[7.71317,61.23517],[7.71319,61.23517],[7.7132,61.23516],[7.71319,61.23515]]]}},{"type":"Feature","properties":{"k":"old","n":"Greverud Skog","a":7618,"type":"Kommunalt deponi","status":"Uavklart"},"geometry":{"type":"Polygon","coordinates":[[[10.81511,59.78907],[10.81553,59.78901],[10.81546,59.78875],[10.81525,59.78852],[10.81471,59.7883],[10.81393,59.7884],[10.81339,59.78881],[10.81348,59.7889],[10.81426,59.78905],[10.81511,59.78907]]]}},{"type":"Feature","properties":{"k":"old","n":"Gjønnes","a":3483,"type":"Kommunalt deponi","status":"Uavklart"},"geometry":{"type":"Polygon","coordinates":[[[10.57989,59.91707],[10.57904,59.91727],[10.57959,59.91787],[10.58044,59.91767],[10.5801,59.9173],[10.5798,59.91739],[10.57975,59.91712],[10.57992,59.91711],[10.57989,59.91707]]]}},{"type":"Feature","properties":{"k":"old","n":"Bærumsveien","a":130,"type":"Kommunalt deponi","status":"Uavklart"},"geometry":{"type":"Polygon","coordinates":[[[10.56796,59.90566],[10.56784,59.90572],[10.56794,59.90578],[10.56807,59.90573],[10.56796,59.90566]]]}},{"type":"Feature","properties":{"k":"old","n":"Høvik Verk skole","a":1806,"type":"Deponi","status":"Tiltak gjennomført"},"geometry":{"type":"Polygon","coordinates":[[[10.56883,59.89334],[10.56907,59.89337],[10.56908,59.89365],[10.56963,59.89357],[10.56977,59.89339],[10.56915,59.89304],[10.56883,59.89334]]]}},{"type":"Feature","properties":{"k":"old","n":"HØVIK IDRETTSPLASS","a":17164,"type":"Deponi","status":"Uavklart"},"geometry":{"type":"Polygon","coordinates":[[[10.57119,59.88979],[10.56944,59.88981],[10.56959,59.8908],[10.56993,59.89144],[10.57059,59.89132],[10.57121,59.89136],[10.57149,59.89119],[10.57119,59.88979]]]}},{"type":"Feature","properties":{"k":"old","n":"Hauglandsmoen søppelplass","a":5762,"type":"Kommunalt deponi","status":"Uavklart"},"geometry":{"type":"Polygon","coordinates":[[[8.50178,58.78432],[8.50156,58.78409],[8.50159,58.7838],[8.50148,58.78367],[8.5009,58.78371],[8.50063,58.78383],[8.50055,58.78401],[8.50068,58.78429],[8.50112,58.78466],[8.50177,58.78456],[8.50178,58.78432]]]}},{"type":"Feature","properties":{"k":"old","n":"KASTBAKKEN","a":99,"type":"Deponi","status":"Uavklart"},"geometry":{"type":"Polygon","coordinates":[[[11.66374,59.61905],[11.66364,59.61899],[11.66354,59.61904],[11.66363,59.61909],[11.66374,59.61905]]]}},{"type":"Feature","properties":{"k":"old","n":"Jonsrud","a":99,"type":"Kommunalt deponi","status":"Avsluttet"},"geometry":{"type":"Polygon","coordinates":[[[11.52048,59.35148],[11.52039,59.35143],[11.52028,59.35148],[11.52037,59.35153],[11.52048,59.35148]]]}},{"type":"Feature","properties":{"k":"old","n":"STIKKAÅSEN, EIDET.","a":99,"type":"Kommunalt deponi","status":"Avsluttet"},"geometry":{"type":"Polygon","coordinates":[[[11.00366,59.32556],[11.00357,59.32551],[11.00346,59.32556],[11.00356,59.32561],[11.00366,59.32556]]]}},{"type":"Feature","properties":{"k":"old","n":"OPSTAD","a":99,"type":"Deponi","status":"Uavklart"},"geometry":{"type":"Polygon","coordinates":[[[11.03063,59.27961],[11.03054,59.27956],[11.03043,59.27961],[11.03053,59.27966],[11.03063,59.27961]]]}},{"type":"Feature","properties":{"k":"old","n":"HORGEN","a":25451,"type":"Kommunalt deponi","status":"Avsluttet"},"geometry":{"type":"Polygon","coordinates":[[[10.93836,59.30756],[10.93861,59.30882],[10.93861,59.30935],[10.94015,59.30952],[10.9406,59.3088],[10.94072,59.30828],[10.9411,59.30811],[10.94143,59.30775],[10.94155,59.30748],[10.94018,59.30773],[10.93975,59.30774],[10.93836,59.30756]]]}},{"type":"Feature","properties":{"k":"old","n":"BUSKOGEN","a":14876,"type":"Kommunalt deponi","status":"Avsluttet"},"geometry":{"type":"Polygon","coordinates":[[[10.94247,59.18191],[10.94211,59.18192],[10.94154,59.18216],[10.9416,59.18328],[10.94198,59.18354],[10.94283,59.18327],[10.94351,59.18266],[10.943,59.18197],[10.94247,59.18191]]]}},{"type":"Feature","properties":{"k":"old","n":"OKSRUD","a":82122,"type":"Kommunalt deponi","status":"Avsluttet"},"geometry":{"type":"Polygon","coordinates":[[[10.87002,59.78642],[10.87307,59.7885],[10.87473,59.78728],[10.87402,59.78675],[10.87382,59.78601],[10.87556,59.78379],[10.87161,59.78391],[10.87214,59.7847],[10.87206,59.78523],[10.87053,59.78592],[10.87002,59.78642]]]}},{"type":"Feature","properties":{"k":"old","n":"Årdal Carbon - STEINDEPONI","a":192845,"type":"Deponi","status":"Avsluttet"},"geometry":{"type":"Polygon","coordinates":[[[7.71135,61.23917],[7.71215,61.23908],[7.71218,61.23892],[7.71207,61.23838],[7.71154,61.23746],[7.71174,61.23674],[7.71184,61.23669],[7.71272,61.23657],[7.71305,61.23588],[7.71317,61.23471],[7.71375,61.23383],[7.7144,61.23361],[7.71375,61.23323],[7.71368,61.23287],[7.71264,61.23232],[7.71201,61.23268],[7.71168,61.23274],[7.71125,61.23302],[7.71093,61.23292],[7.70992,61.23368],[7.71019,61.23378],[7.70968,61.23418],[7.70504,61.23489],[7.70511,61.235],[7.70451,61.23546],[7.70453,61.23556],[7.70384,61.23573],[7.70488,61.2367],[7.70581,61.2374],[7.7065,61.23768],[7.70891,61.23814],[7.70949,61.23835],[7.7113,61.23922],[7.71135,61.23917]],[[7.70566,61.23654],[7.70593,61.2366],[7.70701,61.23638],[7.7072,61.23642],[7.70748,61.2364],[7.70836,61.23773],[7.70828,61.23786],[7.70687,61.23767],[7.70649,61.23754],[7.706,61.23708],[7.70566,61.23654]]]}},{"type":"Feature","properties":{"k":"old","n":"Hydro Aluminium Årda - FIBERDEPONI","a":99,"type":"Kommunalt deponi","status":"Avsluttet"},"geometry":{"type":"Polygon","coordinates":[[[7.83294,61.31426],[7.83285,61.31421],[7.83273,61.31425],[7.83283,61.31431],[7.83294,61.31426]]]}},{"type":"Feature","properties":{"k":"old","n":"Fornebu, gml. fylling sør for brannøv.felt (lok.4)","a":99,"type":"Deponi","status":"Avsluttet"},"geometry":{"type":"Polygon","coordinates":[[[10.6114,59.89622],[10.61131,59.89617],[10.6112,59.89621],[10.61129,59.89627],[10.6114,59.89622]]]}},{"type":"Feature","properties":{"k":"old","n":"Fornebu, fylling sør for gartneri - 151 (lok.3)","a":610732,"type":"Deponi","status":"Avsluttet"},"geometry":{"type":"Polygon","coordinates":[[[10.60798,59.89686],[10.60762,59.89683],[10.60762,59.89669],[10.60789,59.89669],[10.60778,59.89645],[10.60789,59.8963],[10.6085,59.8961],[10.60861,59.89479],[10.60849,59.89466],[10.60436,59.89294],[10.60353,59.89277],[10.60325,59.89238],[10.60582,59.89067],[10.60744,59.89093],[10.60681,59.89002],[10.60688,59.88992],[10.60657,59.88987],[10.60642,59.88963],[10.60507,59.88869],[10.6049,59.88843],[10.60445,59.88836],[10.60406,59.88801],[10.60383,59.88804],[10.60359,59.88795],[10.60326,59.88769],[10.60329,59.88751],[10.60301,59.88756],[10.60245,59.88728],[10.60236,59.88714],[10.60245,59.88706],[10.60261,59.88706],[10.60331,59.88728],[10.60345,59.88736],[10.60333,59.88746],[10.60344,59.88754],[10.604,59.88752],[10.60407,59.88745],[10.60432,59.88745],[10.60459,59.88763],[10.6052,59.88779],[10.60547,59.88777],[10.60499,59.88741],[10.60443,59.88724],[10.60434,59.88741],[10.60408,59.88742],[10.60335,59.88693],[10.60251,59.88665],[10.60225,59.88663],[10.60234,59.88702],[10.60222,59.88707],[10.60213,59.88703],[10.60208,59.88719],[10.60158,59.88737],[10.60075,59.88707],[10.60055,59.8871],[10.60038,59.88701],[10.60026,59.88704],[10.59996,59.88696],[10.59985,59.88699],[10.59982,59.88709],[10.60002,59.88716],[10.59992,59.88731],[10.60006,59.88749],[10.59953,59.8877],[10.59883,59.88756],[10.59782,59.88685],[10.59757,59.88686],[10.59592,59.88648],[10.59566,59.88663],[10.59537,59.88651],[10.59531,59.88662],[10.59549,59.88685],[10.59566,59.88681],[10.59594,59.88698],[10.5965,59.88708],[10.59642,59.88722],[10.59537,59.88727],[10.59418,59.88767],[10.59276,59.8875],[10.59255,59.88752],[10.59192,59.88804],[10.59176,59.88823],[10.59179,59.88834],[10.59378,59.88927],[10.59374,59.88945],[10.59417,59.88991],[10.5944,59.89004],[10.59466,59.89041],[10.59539,59.89062],[10.59663,59.89125],[10.59763,59.89148],[10.59766,59.89159],[10.59753,59.89161],[10.5976,59.89175],[10.59776,59.89165],[10.59795,59.89166],[10.59831,59.89194],[10.59911,59.89198],[10.59924,59.89207],[10.59968,59.8921],[10.60104,59.89254],[10.60107,59.89264],[10.60124,59.89263],[10.60138,59.89271],[10.60141,59.89282],[10.60125,59.89293],[10.60144,59.89292],[10.60161,59.89314],[10.60135,59.8932],[10.60143,59.89331],[10.60232,59.89361],[10.60307,59.89368],[10.6038,59.8939],[10.6035,59.89392],[10.6034,59.89405],[10.60284,59.89412],[10.60259,59.89438],[10.6017,59.89432],[10.60121,59.8941],[10.59943,59.89377],[10.59909,59.89357],[10.59883,59.89355],[10.59787,59.8932],[10.59738,59.89289],[10.59693,59.8928],[10.596,59.89291],[10.59533,59.89289],[10.59422,59.89309],[10.59381,59.89287],[10.59315,59.89312],[10.59229,59.89305],[10.59217,59.89321],[10.59181,59.8929],[10.59172,59.89291],[10.59152,59.89327],[10.5919,59.89332],[10.59189,59.89339],[10.59173,59.89343],[10.59185,59.89348],[10.59181,59.89362],[10.592,59.89362],[10.59221,59.89376],[10.59242,59.89375],[10.59274,59.89401],[10.593,59.89408],[10.59318,59.8944],[10.59359,59.89451],[10.59576,59.89564],[10.59651,59.89582],[10.59716,59.89583],[10.59753,59.8956],[10.59804,59.89572],[10.59844,59.89573],[10.59904,59.89563],[10.59927,59.89564],[10.59948,59.89547],[10.60006,59.89566],[10.59986,59.89581],[10.60059,59.89604],[10.60053,59.89609],[10.60077,59.89621],[10.60164,59.89648],[10.60234,59.89656],[10.60293,59.897],[10.60281,59.89704],[10.60317,59.89731],[10.60337,59.89731],[10.60347,59.8975],[10.60358,59.89685],[10.60384,59.89637],[10.60503,59.89637],[10.60672,59.89761],[10.60699,59.89752],[10.60798,59.89686]]]}},{"type":"Feature","properties":{"k":"old","n":"Fornebu, Støyvoll","a":981,"type":"Deponi","status":"Avsluttet"},"geometry":{"type":"Polygon","coordinates":[[[10.61494,59.89364],[10.61449,59.89363],[10.61443,59.894],[10.61498,59.89387],[10.61494,59.89364]]]}},{"type":"Feature","properties":{"k":"old","n":"Fornebu, Boblaområdet v/ inv.237 og 238","a":497,"type":"Deponi","status":"Avsluttet"},"geometry":{"type":"Polygon","coordinates":[[[10.60869,59.89789],[10.60862,59.89785],[10.60887,59.89825],[10.60917,59.89813],[10.60869,59.89789]]]}},{"type":"Feature","properties":{"k":"old","n":"Fornebu, Boblaområdet v/ inv.237 og 238","a":23379,"type":"Deponi","status":"Avsluttet"},"geometry":{"type":"Polygon","coordinates":[[[10.61145,59.90022],[10.61158,59.90029],[10.61191,59.90014],[10.61239,59.8996],[10.6117,59.89937],[10.60925,59.89818],[10.60869,59.89837],[10.60875,59.89887],[10.60913,59.89931],[10.60935,59.8995],[10.61117,59.90036],[10.61145,59.90022]]]}},{"type":"Feature","properties":{"k":"old","n":"Molandsmoen Avfallsplass","a":4763,"type":"Kommunalt deponi","status":"Uavklart"},"geometry":{"type":"Polygon","coordinates":[[[8.07823,59.20598],[8.07652,59.2064],[8.07656,59.20664],[8.0776,59.20649],[8.07823,59.2066],[8.07851,59.20655],[8.07861,59.20647],[8.07841,59.20621],[8.07845,59.20609],[8.07823,59.20598]]]}},{"type":"Feature","properties":{"k":"old","n":"Øygardsnuten","a":4010,"type":"Kommunalt deponi","status":"Uavklart"},"geometry":{"type":"Polygon","coordinates":[[[7.93925,59.57657],[7.9396,59.57637],[7.93869,59.57567],[7.93838,59.57585],[7.93809,59.57588],[7.938,59.57601],[7.93855,59.57632],[7.93925,59.57657]]]}},{"type":"Feature","properties":{"k":"old","n":"LANGSÆ GRUVER (nedlagt)","a":123,"type":"Deponi","status":"Uavklart"},"geometry":{"type":"Polygon","coordinates":[[[8.75312,58.46856],[8.7529,58.46853],[8.75337,58.46865],[8.7534,58.4686],[8.75312,58.46856]]]}},{"type":"Feature","properties":{"k":"old","n":"Krutthusdalen","a":2609,"type":"Kommunalt deponi","status":"Uavklart"},"geometry":{"type":"Polygon","coordinates":[[[8.74717,58.4678],[8.74724,58.46839],[8.74735,58.46846],[8.74767,58.46844],[8.74783,58.46836],[8.74785,58.46826],[8.74762,58.46775],[8.74717,58.4678]]]}},{"type":"Feature","properties":{"k":"old","n":"Barbu 1","a":424,"type":"Deponi","status":"Uavklart"},"geometry":{"type":"Polygon","coordinates":[[[8.76704,58.46745],[8.76679,58.46756],[8.76694,58.46772],[8.76706,58.46774],[8.76714,58.46759],[8.76704,58.46745]]]}},{"type":"Feature","properties":{"k":"old","n":"Morholt","a":13838,"type":"Kommunalt deponi","status":"Tiltak gjennomført"},"geometry":{"type":"Polygon","coordinates":[[[8.54075,58.32814],[8.54138,58.32791],[8.54105,58.32688],[8.54063,58.32647],[8.54006,58.3266],[8.5392,58.327],[8.53991,58.32772],[8.54075,58.32814]]]}},{"type":"Feature","properties":{"k":"old","n":"Høgskolen i Agder, Dømmesmoen Kurssenter","a":99,"type":"Deponi","status":"Avsluttet"},"geometry":{"type":"Polygon","coordinates":[[[8.57693,58.35197],[8.57684,58.35192],[8.57674,58.35197],[8.57682,58.35202],[8.57693,58.35197]]]}},{"type":"Feature","properties":{"k":"old","n":"Viig Østre","a":3649,"type":"Deponi","status":"Uavklart"},"geometry":{"type":"Polygon","coordinates":[[[11.20333,59.24551],[11.20459,59.24535],[11.20427,59.24494],[11.20294,59.24516],[11.20333,59.24551]]]}},{"type":"Feature","properties":{"k":"old","n":"Ungdomsskolen","a":1986,"type":"Kommunalt deponi","status":"Uavklart"},"geometry":{"type":"Polygon","coordinates":[[[8.93359,58.62865],[8.93285,58.62896],[8.93264,58.62912],[8.93308,58.62928],[8.93381,58.62874],[8.93359,58.62865]]]}},{"type":"Feature","properties":{"k":"old","n":"Ura","a":3118,"type":"Kommunalt deponi","status":"Uavklart"},"geometry":{"type":"Polygon","coordinates":[[[8.85924,58.5054],[8.85892,58.50517],[8.85867,58.50521],[8.85844,58.50544],[8.85845,58.50562],[8.85886,58.50581],[8.85934,58.50585],[8.85946,58.5056],[8.85924,58.5054]]]}},{"type":"Feature","properties":{"k":"old","n":"TORSHOV","a":99,"type":"Deponi","status":"Uavklart"},"geometry":{"type":"Polygon","coordinates":[[[11.08453,60.10022],[11.08444,60.10017],[11.08433,60.10021],[11.08442,60.10027],[11.08453,60.10022]]]}},{"type":"Feature","properties":{"k":"old","n":"IDRETTSPLASSEN","a":8196,"type":"Deponi","status":"Uavklart"},"geometry":{"type":"Polygon","coordinates":[[[11.08356,60.09706],[11.08326,60.09708],[11.08324,60.09738],[11.08369,60.09792],[11.08386,60.09785],[11.08381,60.09769],[11.0843,60.09758],[11.08455,60.0977],[11.08481,60.09796],[11.08495,60.09797],[11.08498,60.09781],[11.08515,60.09775],[11.08574,60.09772],[11.08598,60.09744],[11.08356,60.09706]]]}},{"type":"Feature","properties":{"k":"old","n":"OSL -  FBT lok. 009, DEPONI NR. 3","a":99,"type":"Deponi","status":"Avsluttet"},"geometry":{"type":"Polygon","coordinates":[[[11.09687,60.19523],[11.09677,60.19518],[11.09667,60.19523],[11.09676,60.19528],[11.09687,60.19523]]]}},{"type":"Feature","properties":{"k":"old","n":"Trandum fylling","a":24872,"type":"Deponi","status":"Avsluttet"},"geometry":{"type":"Polygon","coordinates":[[[11.11951,60.20935],[11.11889,60.20939],[11.11835,60.20955],[11.11796,60.2098],[11.1178,60.21009],[11.11788,60.21041],[11.11819,60.21067],[11.11869,60.21087],[11.11929,60.21095],[11.11992,60.21091],[11.12046,60.21075],[11.12084,60.2105],[11.121,60.2102],[11.12092,60.20989],[11.12061,60.20962],[11.12011,60.20943],[11.11951,60.20935]]]}},{"type":"Feature","properties":{"k":"old","n":"Ålborg (SNEISRUD)","a":5454,"type":"Deponi","status":"Uavklart"},"geometry":{"type":"Polygon","coordinates":[[[11.24718,60.31159],[11.24855,60.31173],[11.24885,60.31156],[11.24912,60.31118],[11.24767,60.31105],[11.24718,60.31159]]]}},{"type":"Feature","properties":{"k":"old","n":"Stena Miljø AS (BERGMETALL A/S)","a":5077,"type":"Deponi","status":"Undersøkelser gjennomført"},"geometry":{"type":"Polygon","coordinates":[[[10.83537,59.92151],[10.83466,59.92152],[10.83469,59.92183],[10.83433,59.9219],[10.83431,59.9221],[10.83565,59.92214],[10.83606,59.92174],[10.83604,59.92166],[10.83537,59.92151]]]}},{"type":"Feature","properties":{"k":"old","n":"ÅMODTBRUA PARKERINGSPLASS","a":15502,"type":"Deponi","status":"Uavklart"},"geometry":{"type":"Polygon","coordinates":[[[10.61542,60.01933],[10.6149,60.01953],[10.61484,60.01985],[10.61513,60.02018],[10.61542,60.02035],[10.61579,60.02048],[10.61741,60.02026],[10.61681,60.01914],[10.61542,60.01933]]]}},{"type":"Feature","properties":{"k":"old","n":"Smalvollveien 30","a":1654,"type":"Deponi","status":"Uavklart"},"geometry":{"type":"Polygon","coordinates":[[[10.83529,59.91807],[10.83504,59.91784],[10.83415,59.91805],[10.8344,59.91829],[10.83529,59.91807]]]}},{"type":"Feature","properties":{"k":"old","n":"Alna Tegelverk","a":13931,"type":"Deponi","status":"Uavklart"},"geometry":{"type":"Polygon","coordinates":[[[10.84561,59.92514],[10.84591,59.92498],[10.8463,59.92487],[10.84678,59.92479],[10.84745,59.92482],[10.84671,59.92469],[10.84515,59.92458],[10.84404,59.92433],[10.84288,59.92419],[10.84289,59.92433],[10.84448,59.9247],[10.84422,59.925],[10.84382,59.92508],[10.84314,59.9248],[10.84312,59.92493],[10.84332,59.92512],[10.84439,59.92562],[10.84519,59.92555],[10.84561,59.92514]]]}},{"type":"Feature","properties":{"k":"old","n":"Hogset fyllplass","a":6604,"type":"Kommunalt deponi","status":"Uavklart"},"geometry":{"type":"Polygon","coordinates":[[[11.35197,59.97232],[11.35065,59.971],[11.35015,59.97128],[11.35008,59.97152],[11.35015,59.97173],[11.35047,59.97193],[11.35115,59.97209],[11.35167,59.97239],[11.35197,59.97232]]]}},{"type":"Feature","properties":{"k":"old","n":"FETSUND STASJONSOMRÅDE","a":1391,"type":"Deponi","status":"Avsluttet"},"geometry":{"type":"Polygon","coordinates":[[[11.1632,59.92891],[11.16339,59.92881],[11.16321,59.92881],[11.16229,59.92841],[11.16209,59.92826],[11.16255,59.92793],[11.16244,59.92788],[11.16182,59.92818],[11.16233,59.92853],[11.1632,59.92891]]]}},{"type":"Feature","properties":{"k":"old","n":"HOLSTAD BRUK","a":4671,"type":"Deponi","status":"Uavklart"},"geometry":{"type":"Polygon","coordinates":[[[11.16527,59.93303],[11.16517,59.93303],[11.16509,59.93375],[11.16588,59.93379],[11.16621,59.93364],[11.16635,59.93335],[11.16575,59.93309],[11.16527,59.93303]]]}},{"type":"Feature","properties":{"k":"old","n":"Elvegata avfallsdeponi","a":2644,"type":"Kommunalt deponi","status":"Overvåking"},"geometry":{"type":"Polygon","coordinates":[[[11.03189,59.95876],[11.03185,59.95911],[11.03206,59.95923],[11.03194,59.95958],[11.03199,59.95985],[11.03214,59.95972],[11.03207,59.95953],[11.03223,59.95922],[11.0324,59.95921],[11.0328,59.95934],[11.03291,59.95951],[11.03302,59.95951],[11.03311,59.95938],[11.03305,59.95924],[11.03269,59.95905],[11.03217,59.959],[11.03223,59.95878],[11.03189,59.95876]]]}},{"type":"Feature","properties":{"k":"old","n":"Elvegata avfallsdeponi","a":21,"type":"Kommunalt deponi","status":"Overvåking"},"geometry":{"type":"Polygon","coordinates":[[[11.03154,59.95958],[11.03153,59.95964],[11.03158,59.95965],[11.03159,59.95958],[11.03154,59.95958]]]}},{"type":"Feature","properties":{"k":"old","n":"Kjeller - Asfalt på rullebanen","a":99,"type":"Deponi","status":"Undersøkelser gjennomført"},"geometry":{"type":"Polygon","coordinates":[[[11.03074,59.97231],[11.03064,59.97225],[11.03054,59.9723],[11.03063,59.97235],[11.03074,59.97231]]]}},{"type":"Feature","properties":{"k":"old","n":"Saint-Gobain Ceramic Materials AS,  Bukkevika (ARE","a":13299,"type":"Deponi","status":"Uavklart"},"geometry":{"type":"Polygon","coordinates":[[[8.87832,58.5026],[8.87887,58.50265],[8.87924,58.50248],[8.87964,58.50269],[8.87986,58.50277],[8.88006,58.50276],[8.87985,58.50266],[8.8802,58.50248],[8.88071,58.50274],[8.88152,58.50242],[8.88141,58.50237],[8.88031,58.50234],[8.87895,58.50204],[8.87849,58.50248],[8.87651,58.50209],[8.87623,58.5024],[8.87793,58.50308],[8.87809,58.50282],[8.87829,58.5028],[8.87832,58.5026]]]}},{"type":"Feature","properties":{"k":"old","n":"Saint-Gobain Ceramic Materials AS,  Buøya (ARENDAL","a":2926,"type":"Deponi","status":"Uavklart"},"geometry":{"type":"Polygon","coordinates":[[[8.89039,58.50448],[8.89051,58.50422],[8.89001,58.50446],[8.88975,58.50437],[8.88979,58.50428],[8.88952,58.5041],[8.88991,58.50395],[8.89051,58.50421],[8.89058,58.50408],[8.88974,58.50382],[8.88933,58.50375],[8.88952,58.50442],[8.89042,58.50474],[8.89039,58.50448]]]}},{"type":"Feature","properties":{"k":"old","n":"HEGGEDALSBUKTA, deponi fra land ut i sjø","a":61337,"type":"Deponi","status":"Avsluttet"},"geometry":{"type":"Polygon","coordinates":[[[8.88568,58.49929],[8.88552,58.49914],[8.88534,58.49915],[8.88508,58.49903],[8.8847,58.4987],[8.88497,58.49862],[8.88447,58.49814],[8.88423,58.49814],[8.88391,58.49794],[8.8836,58.49803],[8.88304,58.49778],[8.88281,58.49778],[8.88289,58.49769],[8.8818,58.49767],[8.88154,58.49821],[8.88173,58.49824],[8.88168,58.4983],[8.8815,58.49825],[8.88032,58.49916],[8.8809,58.4993],[8.88028,58.49996],[8.88167,58.50066],[8.88317,58.50027],[8.88438,58.49964],[8.88577,58.49946],[8.88566,58.49939],[8.88568,58.49929]],[[8.88186,58.49863],[8.88229,58.49875],[8.8821,58.49893],[8.88168,58.49881],[8.88186,58.49863]]]}},{"type":"Feature","properties":{"k":"old","n":"Kjøttbyen vest","a":1399,"type":"Deponi","status":"Avsluttet"},"geometry":{"type":"Polygon","coordinates":[[[10.88682,59.93957],[10.88779,59.93928],[10.88788,59.93905],[10.8884,59.93899],[10.88855,59.93902],[10.88891,59.93929],[10.88946,59.93927],[10.88973,59.93933],[10.88947,59.93925],[10.88893,59.93927],[10.88858,59.939],[10.88842,59.93897],[10.88786,59.93903],[10.88777,59.93926],[10.88727,59.93939],[10.88654,59.93887],[10.88404,59.93868],[10.88352,59.93848],[10.88366,59.9386],[10.88401,59.9387],[10.88642,59.93888],[10.88666,59.93895],[10.88717,59.93943],[10.88582,59.93989],[10.88654,59.93971],[10.88682,59.93957]]]}},{"type":"Feature","properties":{"k":"old","n":"Kjøttbyen vest","a":185257,"type":"Deponi","status":"Avsluttet"},"geometry":{"type":"Polygon","coordinates":[[[10.88669,59.94567],[10.88672,59.94576],[10.887,59.94574],[10.88703,59.94516],[10.88677,59.94517],[10.88619,59.94444],[10.88636,59.94442],[10.88683,59.94323],[10.88779,59.94326],[10.88783,59.94317],[10.88788,59.94279],[10.88777,59.94234],[10.88737,59.94182],[10.88703,59.94153],[10.88581,59.94176],[10.8839,59.94115],[10.88428,59.94149],[10.88561,59.94231],[10.88625,59.94296],[10.88622,59.94392],[10.88603,59.94429],[10.88514,59.94338],[10.88133,59.93994],[10.88142,59.93971],[10.88217,59.93956],[10.88302,59.94036],[10.88245,59.93965],[10.88256,59.93963],[10.88285,59.93977],[10.88332,59.9397],[10.88378,59.93973],[10.88405,59.9397],[10.88267,59.9391],[10.88242,59.93892],[10.8823,59.93897],[10.88203,59.93864],[10.88016,59.93713],[10.88005,59.93678],[10.87847,59.93673],[10.87836,59.9368],[10.87845,59.93697],[10.88102,59.93957],[10.88023,59.93997],[10.88063,59.93991],[10.88087,59.93998],[10.88485,59.94352],[10.88528,59.94411],[10.88534,59.94472],[10.88531,59.94482],[10.88311,59.94511],[10.88139,59.94406],[10.8815,59.94402],[10.88115,59.94393],[10.88012,59.94316],[10.87811,59.94077],[10.87803,59.94057],[10.87816,59.94047],[10.87776,59.94061],[10.87781,59.94067],[10.8773,59.94079],[10.8771,59.94073],[10.87694,59.94055],[10.8762,59.94095],[10.87645,59.9411],[10.87668,59.94109],[10.87698,59.94127],[10.87699,59.94136],[10.87649,59.94139],[10.87631,59.94146],[10.87617,59.94167],[10.87591,59.94179],[10.87556,59.94185],[10.87633,59.94242],[10.87663,59.94252],[10.87641,59.9426],[10.87694,59.94297],[10.87731,59.94308],[10.87927,59.94301],[10.87938,59.94311],[10.87933,59.94336],[10.87876,59.94364],[10.8785,59.94403],[10.87833,59.94414],[10.87756,59.94432],[10.87708,59.94451],[10.87704,59.94472],[10.87728,59.94481],[10.87802,59.94495],[10.87814,59.94542],[10.87867,59.94538],[10.87912,59.94557],[10.87937,59.9454],[10.87999,59.9453],[10.8803,59.94535],[10.88082,59.94558],[10.88173,59.94553],[10.882,59.94522],[10.88214,59.94521],[10.88239,59.94527],[10.88221,59.9454],[10.88234,59.94548],[10.88293,59.94536],[10.88303,59.94559],[10.88345,59.94573],[10.88394,59.94563],[10.88462,59.94561],[10.88518,59.9452],[10.88576,59.94525],[10.8858,59.94531],[10.88552,59.94543],[10.88558,59.94587],[10.88645,59.94578],[10.88669,59.94567]]]}},{"type":"Feature","properties":{"k":"old","n":"Bølstad avfallsdeponi (BØLSTAD)","a":73385,"type":"Kommunalt deponi","status":"Avsluttet"},"geometry":{"type":"Polygon","coordinates":[[[10.77502,59.68948],[10.77403,59.68911],[10.77319,59.68939],[10.77251,59.6894],[10.77024,59.68927],[10.76819,59.68931],[10.76786,59.68918],[10.76657,59.68949],[10.76844,59.68975],[10.77144,59.68965],[10.77181,59.69299],[10.77292,59.69276],[10.77356,59.69256],[10.77381,59.69157],[10.77514,59.69096],[10.77502,59.68948]]]}},{"type":"Feature","properties":{"k":"old","n":"Øverland I","a":16054,"type":"Kommunalt deponi","status":"Uavklart"},"geometry":{"type":"Polygon","coordinates":[[[10.56652,59.93042],[10.56933,59.93271],[10.56986,59.93295],[10.57009,59.93264],[10.56847,59.931],[10.56702,59.93022],[10.56673,59.93026],[10.56652,59.93042]]]}},{"type":"Feature","properties":{"k":"old","n":"Skui","a":3896,"type":"Kommunalt deponi","status":"Uavklart"},"geometry":{"type":"Polygon","coordinates":[[[10.44393,59.92727],[10.44303,59.92723],[10.44304,59.92755],[10.44372,59.92771],[10.44469,59.92762],[10.44461,59.92744],[10.44393,59.92727]]]}},{"type":"Feature","properties":{"k":"old","n":"Isi avfallsdeponi (del av Isi avfallsanlegg) ISI 1","a":5291,"type":"Kommunalt deponi","status":"Uavklart"},"geometry":{"type":"Polygon","coordinates":[[[10.43788,59.93535],[10.44093,59.93538],[10.43955,59.93494],[10.43838,59.93498],[10.43788,59.93535]]]}},{"type":"Feature","properties":{"k":"old","n":"VØYEN","a":10469,"type":"Deponi","status":"Uavklart"},"geometry":{"type":"Polygon","coordinates":[[[10.47472,59.91201],[10.47438,59.91198],[10.47431,59.91204],[10.47388,59.91275],[10.47545,59.91317],[10.47618,59.91275],[10.47592,59.9125],[10.47594,59.91234],[10.47472,59.91201]]]}},{"type":"Feature","properties":{"k":"old","n":"Finn Holters Kjemiske Renseri","a":97,"type":"Deponi","status":"Uavklart"},"geometry":{"type":"Polygon","coordinates":[[[10.56619,59.91582],[10.5661,59.91611],[10.56629,59.91584],[10.56619,59.91582]]]}},{"type":"Feature","properties":{"k":"old","n":"Fornebu, Støyvoll","a":49837,"type":"Deponi","status":"Avsluttet"},"geometry":{"type":"Polygon","coordinates":[[[10.61521,59.89227],[10.61376,59.8917],[10.61188,59.89116],[10.61192,59.89098],[10.61153,59.89102],[10.61059,59.89074],[10.60981,59.89031],[10.6083,59.89013],[10.60783,59.89001],[10.60745,59.89002],[10.60689,59.88992],[10.60681,59.89002],[10.60745,59.89093],[10.60889,59.89114],[10.60946,59.89141],[10.61086,59.89185],[10.61155,59.89195],[10.61327,59.89199],[10.61376,59.8933],[10.61506,59.89335],[10.61504,59.89272],[10.61521,59.89227]]]}},{"type":"Feature","properties":{"k":"old","n":"Morholt","a":8626,"type":"Kommunalt deponi","status":"Tiltak gjennomført"},"geometry":{"type":"Polygon","coordinates":[[[8.54002,58.32605],[8.54023,58.32621],[8.54056,58.32628],[8.54078,58.32616],[8.54097,58.32589],[8.54178,58.32533],[8.54174,58.32524],[8.54122,58.32499],[8.54101,58.32495],[8.54021,58.32538],[8.53998,58.3256],[8.54002,58.32605]]]}},{"type":"Feature","properties":{"k":"old","n":"MAURÅSEN - HAGERSMOEN","a":99,"type":"Deponi","status":"Avsluttet"},"geometry":{"type":"Polygon","coordinates":[[[8.48895,58.3497],[8.48887,58.34964],[8.48876,58.34969],[8.48885,58.34974],[8.48895,58.3497]]]}},{"type":"Feature","properties":{"k":"old","n":"Møretrømoen","a":3877,"type":"Deponi","status":"Uavklart"},"geometry":{"type":"Polygon","coordinates":[[[8.47151,58.34389],[8.4729,58.34401],[8.47321,58.34336],[8.47148,58.34375],[8.47151,58.34389]]]}},{"type":"Feature","properties":{"k":"old","n":"STRANDLI","a":99,"type":"Deponi","status":"Uavklart"},"geometry":{"type":"Polygon","coordinates":[[[9.05987,58.83832],[9.05978,58.83826],[9.05967,58.83831],[9.05976,58.83836],[9.05987,58.83832]]]}},{"type":"Feature","properties":{"k":"old","n":"Lisanden - industrideponi","a":8686,"type":"Deponi","status":"Uavklart"},"geometry":{"type":"Polygon","coordinates":[[[9.07408,58.68295],[9.07405,58.68305],[9.07393,58.68308],[9.07399,58.68328],[9.07463,58.68373],[9.07528,58.68407],[9.07601,58.68414],[9.07618,58.68366],[9.07554,58.68334],[9.07408,58.68295]]]}},{"type":"Feature","properties":{"k":"old","n":"Ruud gård gårdsdeponi","a":99,"type":"Deponi","status":"Uavklart"},"geometry":{"type":"Polygon","coordinates":[[[10.90912,60.02176],[10.90903,60.02171],[10.90892,60.02176],[10.90902,60.02181],[10.90912,60.02176]]]}},{"type":"Feature","properties":{"k":"old","n":"ELSTAD","a":12686,"type":"Deponi","status":"Uavklart"},"geometry":{"type":"Polygon","coordinates":[[[11.16951,60.20503],[11.17013,60.2053],[11.17093,60.20527],[11.17166,60.20497],[11.17174,60.20461],[11.17096,60.20429],[11.17041,60.20416],[11.16967,60.20423],[11.1692,60.20473],[11.16951,60.20503]]]}},{"type":"Feature","properties":{"k":"old","n":"OSL- lok. 030, OPPRYDDNINGSDEPONI","a":99,"type":"Deponi","status":"Uavklart"},"geometry":{"type":"Polygon","coordinates":[[[11.08393,60.18466],[11.08384,60.18461],[11.08373,60.18465],[11.08382,60.18471],[11.08393,60.18466]]]}},{"type":"Feature","properties":{"k":"old","n":"KULMOEN","a":91934,"type":"Deponi","status":"Uavklart"},"geometry":{"type":"Polygon","coordinates":[[[11.39454,60.14551],[11.39395,60.14565],[11.39305,60.14558],[11.39332,60.14584],[11.39232,60.14596],[11.39292,60.14638],[11.39295,60.14667],[11.39339,60.14699],[11.39352,60.14721],[11.39345,60.14747],[11.39445,60.14772],[11.39533,60.14773],[11.39579,60.14789],[11.39614,60.14789],[11.39791,60.14733],[11.39795,60.14714],[11.39867,60.14661],[11.39901,60.1461],[11.39953,60.14565],[11.39963,60.14533],[11.39851,60.14592],[11.39813,60.14608],[11.39799,60.14604],[11.39898,60.1453],[11.39929,60.14493],[11.39959,60.14476],[11.40069,60.14449],[11.40054,60.14448],[11.39936,60.14476],[11.39905,60.14493],[11.39913,60.1446],[11.39999,60.14417],[11.39969,60.14404],[11.39884,60.14455],[11.39778,60.14426],[11.39611,60.14515],[11.39454,60.14551]]]}},{"type":"Feature","properties":{"k":"old","n":"Heftingsdalen avfallsplass","a":139319,"type":"Kommunalt deponi","status":"Overvåking"},"geometry":{"type":"Polygon","coordinates":[[[8.81475,58.49734],[8.81413,58.49737],[8.81403,58.49781],[8.81268,58.49893],[8.81245,58.49976],[8.81177,58.50016],[8.81092,58.50049],[8.81061,58.50097],[8.81023,58.5011],[8.81037,58.50292],[8.81061,58.503],[8.81181,58.50303],[8.81213,58.50338],[8.81273,58.50352],[8.81468,58.50321],[8.81485,58.50279],[8.81454,58.50235],[8.8152,58.50188],[8.81554,58.5012],[8.81585,58.50096],[8.81612,58.5002],[8.81611,58.49957],[8.8152,58.49898],[8.81527,58.49792],[8.81483,58.49765],[8.81475,58.49734]]]}},{"type":"Feature","properties":{"k":"old","n":"Saint-Gobain Ceramic Materials AS,  Breidablikk (A","a":13299,"type":"Deponi","status":"Avsluttet"},"geometry":{"type":"Polygon","coordinates":[[[8.87832,58.5026],[8.87887,58.50265],[8.87924,58.50248],[8.87964,58.50269],[8.87986,58.50277],[8.88006,58.50276],[8.87985,58.50266],[8.8802,58.50248],[8.88071,58.50274],[8.88152,58.50242],[8.88141,58.50237],[8.88031,58.50234],[8.87895,58.50204],[8.87849,58.50248],[8.87651,58.50209],[8.87623,58.5024],[8.87793,58.50308],[8.87809,58.50282],[8.87829,58.5028],[8.87832,58.5026]]]}},{"type":"Feature","properties":{"k":"old","n":"GRUVER VED PINNEN, DNN","a":13299,"type":"Deponi","status":"Avsluttet"},"geometry":{"type":"Polygon","coordinates":[[[8.87832,58.5026],[8.87887,58.50265],[8.87924,58.50248],[8.87964,58.50269],[8.87986,58.50277],[8.88006,58.50276],[8.87985,58.50266],[8.8802,58.50248],[8.88071,58.50274],[8.88152,58.50242],[8.88141,58.50237],[8.88031,58.50234],[8.87895,58.50204],[8.87849,58.50248],[8.87651,58.50209],[8.87623,58.5024],[8.87793,58.50308],[8.87809,58.50282],[8.87829,58.5028],[8.87832,58.5026]]]}},{"type":"Feature","properties":{"k":"old","n":"Mølla Eiendom AS og AS Nidelv Eiendomselskap","a":18073,"type":"Deponi","status":"Avsluttet"},"geometry":{"type":"Polygon","coordinates":[[[8.70502,58.43493],[8.70519,58.43489],[8.70556,58.43454],[8.70573,58.43449],[8.70564,58.43444],[8.70696,58.43362],[8.70748,58.43318],[8.70829,58.43266],[8.70903,58.43231],[8.70851,58.43167],[8.70768,58.43181],[8.70804,58.4323],[8.70798,58.43242],[8.70736,58.43276],[8.70734,58.43292],[8.70649,58.43351],[8.70538,58.43404],[8.70547,58.43415],[8.70385,58.43437],[8.70405,58.43469],[8.70434,58.43464],[8.70487,58.43498],[8.70502,58.43493]]]}},{"type":"Feature","properties":{"k":"old","n":"Brekka","a":20974,"type":"Kommunalt deponi","status":"Uavklart"},"geometry":{"type":"Polygon","coordinates":[[[8.86166,58.45039],[8.8621,58.45083],[8.8643,58.45136],[8.86453,58.45145],[8.86491,58.45177],[8.86519,58.45186],[8.86548,58.45183],[8.86615,58.45156],[8.86638,58.45139],[8.86616,58.45116],[8.86573,58.45101],[8.8647,58.45072],[8.86364,58.45049],[8.86192,58.4502],[8.86167,58.45027],[8.86166,58.45039]]]}},{"type":"Feature","properties":{"k":"old","n":"Tidl. ARENDAL MEK. VERKSTED","a":3654,"type":"Deponi","status":"Avsluttet"},"geometry":{"type":"Polygon","coordinates":[[[8.77156,58.45494],[8.77188,58.45474],[8.77116,58.45428],[8.77059,58.45409],[8.77048,58.45421],[8.77073,58.45426],[8.77057,58.45467],[8.77069,58.45482],[8.77082,58.45485],[8.77084,58.45474],[8.77136,58.45493],[8.77141,58.45489],[8.77156,58.45494]]]}},{"type":"Feature","properties":{"k":"old","n":"HAUGBAKK","a":99,"type":"Deponi","status":"Uavklart"},"geometry":{"type":"Polygon","coordinates":[[[11.28792,59.64681],[11.28782,59.64676],[11.28772,59.6468],[11.28781,59.64686],[11.28792,59.64681]]]}},{"type":"Feature","properties":{"k":"old","n":"Trøgstad fort - Gammel fylling","a":863,"type":"Deponi","status":"Uavklart"},"geometry":{"type":"Polygon","coordinates":[[[11.33754,59.63425],[11.33674,59.63427],[11.3367,59.63433],[11.33692,59.63453],[11.33709,59.63456],[11.33721,59.6344],[11.33754,59.63425]]]}},{"type":"Feature","properties":{"k":"old","n":"KRUGERUD, TRØMBORG","a":237319,"type":"Kommunalt deponi","status":"Avsluttet"},"geometry":{"type":"Polygon","coordinates":[[[11.36675,59.53001],[11.36796,59.5303],[11.36948,59.53108],[11.37088,59.53121],[11.37463,59.53092],[11.37512,59.52957],[11.37493,59.52825],[11.37432,59.52808],[11.37346,59.52766],[11.3723,59.52756],[11.37156,59.52757],[11.37009,59.52771],[11.36935,59.52763],[11.3686,59.52776],[11.36816,59.52797],[11.36804,59.52812],[11.36748,59.52835],[11.36668,59.5282],[11.3657,59.52827],[11.36494,59.52818],[11.36394,59.52842],[11.36321,59.5285],[11.36245,59.5285],[11.36228,59.52862],[11.36155,59.52878],[11.36122,59.52871],[11.36087,59.52894],[11.36102,59.52917],[11.36088,59.52937],[11.36097,59.52968],[11.36083,59.52982],[11.36086,59.53005],[11.36073,59.53027],[11.3609,59.53065],[11.36084,59.53108],[11.36241,59.53081],[11.36328,59.53059],[11.36491,59.53061],[11.3659,59.53017],[11.36675,59.53001]]]}},{"type":"Feature","properties":{"k":"old","n":"GARDERMOEN FLYSTASJON, FBT lok. 012, DEPONI NR. 1","a":99,"type":"Deponi","status":"Uavklart"},"geometry":{"type":"Polygon","coordinates":[[[11.07158,60.18036],[11.07148,60.18031],[11.07137,60.18036],[11.07147,60.18041],[11.07158,60.18036]]]}},{"type":"Feature","properties":{"k":"old","n":"RINGERIKE GÅRD","a":52890,"type":"Deponi","status":"Uavklart"},"geometry":{"type":"Polygon","coordinates":[[[10.62898,59.99434],[10.62867,59.99448],[10.62903,59.99476],[10.6294,59.99561],[10.62948,59.99629],[10.63137,59.99636],[10.63198,59.99632],[10.6328,59.99599],[10.63308,59.99553],[10.63296,59.99475],[10.63257,59.99422],[10.63174,59.99377],[10.63127,59.99368],[10.63075,59.99378],[10.62969,59.99428],[10.62898,59.99434]]]}},{"type":"Feature","properties":{"k":"old","n":"Leirdalfyllinga","a":31544,"type":"Deponi","status":"Uavklart"},"geometry":{"type":"Polygon","coordinates":[[[10.87707,59.93653],[10.87704,59.93637],[10.87678,59.93635],[10.87659,59.93627],[10.87639,59.93599],[10.87602,59.93585],[10.87567,59.93596],[10.87602,59.93627],[10.87393,59.93688],[10.87498,59.93778],[10.87496,59.93789],[10.87515,59.93805],[10.87646,59.93859],[10.87685,59.93829],[10.87718,59.93781],[10.87694,59.9376],[10.87741,59.93693],[10.87707,59.93653]]]}},{"type":"Feature","properties":{"k":"old","n":"Kjørbo lager (Fornebu, Kjørbo lager)","a":38231,"type":"Deponi","status":"Uavklart"},"geometry":{"type":"Polygon","coordinates":[[[10.51711,59.88657],[10.51655,59.88658],[10.51675,59.88685],[10.51605,59.8875],[10.51556,59.88755],[10.51523,59.88776],[10.51437,59.88811],[10.51394,59.88861],[10.51584,59.8894],[10.51636,59.88908],[10.51645,59.88911],[10.51605,59.88936],[10.51661,59.88957],[10.51733,59.88914],[10.51772,59.88853],[10.51751,59.88738],[10.51764,59.88696],[10.51737,59.88684],[10.51711,59.88657]],[[10.51542,59.88883],[10.51602,59.88909],[10.51584,59.88919],[10.51525,59.88894],[10.51542,59.88883]]]}},{"type":"Feature","properties":{"k":"old","n":"Fornebu, Oslo kommunes avfallsfylling -B","a":99,"type":"Kommunalt deponi","status":"Avsluttet"},"geometry":{"type":"Polygon","coordinates":[[[10.61199,59.894],[10.6119,59.89394],[10.61179,59.89399],[10.61188,59.89404],[10.61199,59.894]]]}},{"type":"Feature","properties":{"k":"old","n":"Bodalsåsen","a":33796,"type":"Deponi","status":"Avsluttet"},"geometry":{"type":"Polygon","coordinates":[[[11.32043,59.39462],[11.32017,59.39447],[11.32055,59.39582],[11.31985,59.39649],[11.32111,59.39676],[11.32277,59.39743],[11.32332,59.39831],[11.32485,59.39948],[11.32442,59.39845],[11.32371,59.39741],[11.32043,59.39462]]]}},{"type":"Feature","properties":{"k":"old","n":"Grustaket på Vestby","a":99,"type":"Deponi","status":"Avsluttet"},"geometry":{"type":"Polygon","coordinates":[[[11.23456,59.44661],[11.23447,59.44656],[11.23436,59.44661],[11.23445,59.44666],[11.23456,59.44661]]]}},{"type":"Feature","properties":{"k":"old","n":"KALNES JORDBRUKSSKOLE","a":99,"type":"Deponi","status":"Avsluttet"},"geometry":{"type":"Polygon","coordinates":[[[11.04851,59.31708],[11.04841,59.31702],[11.04831,59.31707],[11.0484,59.31713],[11.04851,59.31708]]]}},{"type":"Feature","properties":{"k":"old","n":"BØRSEBAKKE","a":99,"type":"Kommunalt deponi","status":"Avsluttet"},"geometry":{"type":"Polygon","coordinates":[[[10.6845,59.36135],[10.6844,59.36129],[10.6843,59.36134],[10.68439,59.36139],[10.6845,59.36135]]]}},{"type":"Feature","properties":{"k":"old","n":"LILLEBY","a":99,"type":"Kommunalt deponi","status":"Avsluttet"},"geometry":{"type":"Polygon","coordinates":[[[11.00023,59.64343],[11.00014,59.64338],[11.00003,59.64342],[11.00013,59.64348],[11.00023,59.64343]]]}},{"type":"Feature","properties":{"k":"old","n":"Nordre Breivik","a":5410,"type":"Deponi","status":"Uavklart"},"geometry":{"type":"Polygon","coordinates":[[[10.68343,59.51151],[10.68334,59.5112],[10.68243,59.51127],[10.68238,59.51172],[10.68202,59.5124],[10.68282,59.5124],[10.68297,59.51153],[10.68343,59.51151]]]}},{"type":"Feature","properties":{"k":"old","n":"Finstadgropa","a":11506,"type":"Deponi","status":"Uavklart"},"geometry":{"type":"Polygon","coordinates":[[[10.80641,59.71432],[10.80708,59.71446],[10.80754,59.71437],[10.80758,59.71424],[10.80747,59.71409],[10.80662,59.71381],[10.80588,59.71347],[10.80524,59.71342],[10.80492,59.71358],[10.80468,59.71383],[10.8047,59.71406],[10.80496,59.71425],[10.80547,59.71435],[10.80641,59.71432]]]}},{"type":"Feature","properties":{"k":"old","n":"PRESTEGÅRDSSKOGEN","a":3525,"type":"Deponi","status":"Uavklart"},"geometry":{"type":"Polygon","coordinates":[[[10.85138,59.67986],[10.85213,59.6799],[10.85238,59.67918],[10.85161,59.67913],[10.85138,59.67986]]]}},{"type":"Feature","properties":{"k":"old","n":"DRØMTORP TEGLVERK","a":8171,"type":"Deponi","status":"Uavklart"},"geometry":{"type":"Polygon","coordinates":[[[10.85522,59.71485],[10.85533,59.7143],[10.85569,59.71386],[10.85553,59.71388],[10.85532,59.71377],[10.8538,59.71395],[10.85404,59.71449],[10.85429,59.71444],[10.85468,59.71495],[10.85522,59.71485]]]}},{"type":"Feature","properties":{"k":"old","n":"Hydro Aluminium Årdal - SLAGGHAUG","a":99,"type":"Deponi","status":"Avsluttet"},"geometry":{"type":"Polygon","coordinates":[[[7.70561,61.23185],[7.70551,61.23179],[7.7054,61.23184],[7.70549,61.2319],[7.70561,61.23185]]]}},{"type":"Feature","properties":{"k":"old","n":"Hydro Aluminium Årdal - Deponi for Sot","a":99,"type":"Deponi","status":"Avsluttet"},"geometry":{"type":"Polygon","coordinates":[[[7.83233,61.31474],[7.83223,61.31469],[7.83212,61.31473],[7.83221,61.31479],[7.83233,61.31474]]]}},{"type":"Feature","properties":{"k":"old","n":"Hydro Aluminium Årdal Karbon","a":189084,"type":"Kommunalt deponi","status":"Uavklart"},"geometry":{"type":"Polygon","coordinates":[[[7.71181,61.23843],[7.71188,61.23905],[7.7115,61.23912],[7.71151,61.23916],[7.71215,61.23908],[7.71218,61.23892],[7.71207,61.23838],[7.71154,61.23746],[7.71174,61.23674],[7.71184,61.23669],[7.71272,61.23657],[7.71305,61.23588],[7.71317,61.23471],[7.71375,61.23383],[7.7144,61.23361],[7.71375,61.23323],[7.71368,61.23287],[7.71264,61.23232],[7.71201,61.23268],[7.71168,61.23274],[7.71125,61.23302],[7.71093,61.23292],[7.70992,61.23368],[7.71019,61.23378],[7.70968,61.23418],[7.70504,61.23489],[7.70511,61.235],[7.70451,61.23546],[7.70453,61.23556],[7.70384,61.23573],[7.70411,61.23605],[7.70525,61.23701],[7.70581,61.2374],[7.70637,61.23764],[7.70891,61.23814],[7.70949,61.23835],[7.7113,61.23922],[7.71135,61.23917],[7.71052,61.23875],[7.71074,61.2386],[7.71181,61.23843]],[[7.70566,61.23654],[7.70593,61.2366],[7.70701,61.23638],[7.7072,61.23642],[7.70748,61.2364],[7.70836,61.23773],[7.70828,61.23786],[7.70687,61.23767],[7.70649,61.23754],[7.706,61.23708],[7.70566,61.23654]]]}},{"type":"Feature","properties":{"k":"old","n":"Taraldrud","a":577160,"type":"Deponi","status":"Undersøkelser gjennomført"},"geometry":{"type":"Polygon","coordinates":[[[10.84495,59.80046],[10.84738,59.8005],[10.84936,59.80023],[10.84951,59.79955],[10.84971,59.79914],[10.84976,59.79799],[10.84928,59.79585],[10.849,59.79548],[10.8488,59.79493],[10.84818,59.79382],[10.84822,59.79374],[10.848,59.79378],[10.8473,59.79367],[10.84694,59.79352],[10.84646,59.79317],[10.84642,59.79298],[10.84664,59.79237],[10.84718,59.79204],[10.84718,59.79177],[10.84686,59.79116],[10.84698,59.79088],[10.84691,59.79083],[10.84662,59.79071],[10.84436,59.79118],[10.84327,59.79148],[10.84289,59.7915],[10.84118,59.79183],[10.84091,59.79153],[10.84087,59.79106],[10.84021,59.78972],[10.83995,59.7888],[10.83909,59.78895],[10.83935,59.78975],[10.83933,59.78999],[10.84018,59.79202],[10.83796,59.79249],[10.83636,59.79273],[10.83722,59.79346],[10.83767,59.79402],[10.83794,59.79422],[10.8391,59.79587],[10.83924,59.79622],[10.83927,59.79687],[10.83969,59.79714],[10.83999,59.79769],[10.83953,59.79792],[10.83941,59.79816],[10.83976,59.79898],[10.83966,59.79925],[10.83994,59.79932],[10.83998,59.79919],[10.84085,59.79883],[10.84077,59.79924],[10.84095,59.79929],[10.84107,59.79966],[10.84056,59.79963],[10.84058,59.79943],[10.84001,59.79951],[10.84008,59.79972],[10.84064,59.79991],[10.84063,59.80006],[10.8408,59.80017],[10.84075,59.80034],[10.84086,59.80043],[10.84249,59.80076],[10.84258,59.80174],[10.84246,59.80188],[10.84242,59.80269],[10.84356,59.80264],[10.84349,59.80085],[10.84495,59.80046]],[[10.83996,59.79912],[10.83982,59.79853],[10.84023,59.79854],[10.84079,59.7988],[10.83996,59.79912]]]}},{"type":"Feature","properties":{"k":"old","n":"FROEN GÅRD SLAMDEPONI","a":2356,"type":"Kommunalt deponi","status":"Uavklart"},"geometry":{"type":"Polygon","coordinates":[[[10.71768,59.70347],[10.71746,59.7035],[10.71737,59.7036],[10.71744,59.7041],[10.71759,59.70415],[10.71799,59.70414],[10.71809,59.70401],[10.7178,59.7035],[10.71768,59.70347]]]}},{"type":"Feature","properties":{"k":"old","n":"LANGØYENE","a":107049,"type":"Kommunalt deponi","status":"Tiltak gjennomført"},"geometry":{"type":"Polygon","coordinates":[[[10.71529,59.87086],[10.71635,59.87139],[10.71774,59.87164],[10.71833,59.87196],[10.72315,59.87375],[10.72303,59.87344],[10.72325,59.87299],[10.7231,59.87259],[10.72271,59.87228],[10.72298,59.87207],[10.72336,59.87212],[10.72384,59.87206],[10.72521,59.87151],[10.72543,59.87127],[10.7258,59.87113],[10.72627,59.87114],[10.7262,59.87096],[10.72432,59.8709],[10.72361,59.87069],[10.72196,59.87067],[10.72145,59.87039],[10.71848,59.86954],[10.71877,59.86972],[10.71867,59.8699],[10.71796,59.87049],[10.71755,59.87072],[10.71634,59.87094],[10.71546,59.87061],[10.71529,59.87086]]]}},{"type":"Feature","properties":{"k":"old","n":"Ringeriksveien 282","a":6891,"type":"Kommunalt deponi","status":"Uavklart"},"geometry":{"type":"Polygon","coordinates":[[[10.43489,59.93356],[10.43342,59.93436],[10.43269,59.93464],[10.43276,59.9347],[10.43389,59.93463],[10.43455,59.93443],[10.43484,59.93426],[10.43533,59.93375],[10.43489,59.93356]]]}},{"type":"Feature","properties":{"k":"old","n":"Finn Holters Kjemiske Renseri","a":1040,"type":"Deponi","status":"Uavklart"},"geometry":{"type":"Polygon","coordinates":[[[10.56624,59.91628],[10.56681,59.9159],[10.56636,59.9158],[10.56611,59.91614],[10.56624,59.91628]]]}},{"type":"Feature","properties":{"k":"old","n":"Høvikodden","a":5279,"type":"Kommunalt deponi","status":"Uavklart"},"geometry":{"type":"Polygon","coordinates":[[[10.55209,59.88854],[10.5518,59.88883],[10.55197,59.8891],[10.55247,59.88924],[10.55325,59.88919],[10.55344,59.88897],[10.5533,59.88883],[10.55229,59.88854],[10.55209,59.88854]]]}},{"type":"Feature","properties":{"k":"old","n":"Fornebu, fylling sør for gartneri - 151 (lok.3)","a":77,"type":"Deponi","status":"Avsluttet"},"geometry":{"type":"Polygon","coordinates":[[[10.58913,59.89257],[10.58912,59.89276],[10.5892,59.89266],[10.58913,59.89257]]]}},{"type":"Feature","properties":{"k":"old","n":"Fornebu, Støyvoll","a":2812,"type":"Deponi","status":"Avsluttet"},"geometry":{"type":"Polygon","coordinates":[[[10.61602,59.8926],[10.61539,59.89235],[10.61528,59.8924],[10.61516,59.89276],[10.61519,59.89335],[10.61544,59.89336],[10.61557,59.89293],[10.61602,59.8926]]]}},{"type":"Feature","properties":{"k":"old","n":"Fornebu, fylling ved enden av støyvoll","a":11707,"type":"Deponi","status":"Avsluttet"},"geometry":{"type":"Polygon","coordinates":[[[10.6171,59.89183],[10.61786,59.89212],[10.61776,59.89163],[10.61578,59.89086],[10.61595,59.89149],[10.61609,59.89155],[10.61542,59.8922],[10.6154,59.89235],[10.61603,59.8926],[10.6171,59.89183]]]}},{"type":"Feature","properties":{"k":"old","n":"Fornebu, Luftfartsverkets avfallsfylling","a":99,"type":"Deponi","status":"Avsluttet"},"geometry":{"type":"Polygon","coordinates":[[[10.62604,59.89993],[10.62595,59.89988],[10.62584,59.89992],[10.62594,59.89998],[10.62604,59.89993]]]}},{"type":"Feature","properties":{"k":"old","n":"Hagaløkka","a":37881,"type":"Kommunalt deponi","status":"Avsluttet"},"geometry":{"type":"Polygon","coordinates":[[[10.42978,59.83362],[10.4306,59.83385],[10.43149,59.83398],[10.4319,59.83394],[10.43172,59.833],[10.43141,59.83252],[10.43077,59.83233],[10.43074,59.83195],[10.43094,59.83166],[10.42993,59.83168],[10.4286,59.83181],[10.42758,59.83206],[10.42665,59.83218],[10.42719,59.83244],[10.42899,59.83276],[10.42908,59.8332],[10.42978,59.83362]]]}},{"type":"Feature","properties":{"k":"old","n":"Hagaløkka","a":24349,"type":"Kommunalt deponi","status":"Avsluttet"},"geometry":{"type":"Polygon","coordinates":[[[10.42664,59.83218],[10.4255,59.83257],[10.42522,59.83325],[10.42529,59.83333],[10.42806,59.83357],[10.42978,59.83363],[10.42907,59.8332],[10.42911,59.83304],[10.42898,59.83277],[10.42717,59.83244],[10.42664,59.83218]]]}},{"type":"Feature","properties":{"k":"old","n":"BØRKE","a":99,"type":"Deponi","status":"Uavklart"},"geometry":{"type":"Polygon","coordinates":[[[11.0914,60.00984],[11.0913,60.00979],[11.09119,60.00983],[11.09129,60.00989],[11.0914,60.00984]]]}},{"type":"Feature","properties":{"k":"old","n":"Stimoen","a":4825,"type":"Kommunalt deponi","status":"Uavklart"},"geometry":{"type":"Polygon","coordinates":[[[8.6247,58.51408],[8.62426,58.51406],[8.624,58.51421],[8.62376,58.51453],[8.62396,58.51475],[8.62452,58.51474],[8.62503,58.51455],[8.62511,58.51424],[8.6247,58.51408]]]}},{"type":"Feature","properties":{"k":"old","n":"Skrubbedalen","a":28816,"type":"Kommunalt deponi","status":"Overvåking"},"geometry":{"type":"Polygon","coordinates":[[[8.71302,58.44702],[8.71093,58.44819],[8.71059,58.44809],[8.7104,58.4482],[8.71009,58.44892],[8.71028,58.44959],[8.71053,58.4498],[8.71156,58.44987],[8.7117,58.44948],[8.71216,58.449],[8.71222,58.44873],[8.71276,58.44827],[8.71316,58.44777],[8.71314,58.44744],[8.71327,58.44715],[8.71302,58.44702]]]}},{"type":"Feature","properties":{"k":"old","n":"SOLBORG GRUVER","a":87910,"type":"Kommunalt deponi","status":"Uavklart"},"geometry":{"type":"Polygon","coordinates":[[[8.73084,58.46313],[8.73139,58.46315],[8.73169,58.46281],[8.73225,58.46286],[8.73186,58.46274],[8.73219,58.46274],[8.7324,58.46255],[8.73284,58.46256],[8.73291,58.46263],[8.73344,58.4627],[8.73372,58.46256],[8.73457,58.46257],[8.73477,58.46247],[8.7344,58.46221],[8.73417,58.46216],[8.73409,58.46223],[8.73393,58.46222],[8.73381,58.46202],[8.73393,58.46192],[8.73379,58.46182],[8.73326,58.46172],[8.73298,58.46185],[8.73264,58.4618],[8.73263,58.46165],[8.73306,58.46133],[8.73293,58.46126],[8.73299,58.46112],[8.73321,58.461],[8.73337,58.46099],[8.73262,58.46068],[8.72917,58.45996],[8.72891,58.4602],[8.72933,58.46118],[8.72903,58.46135],[8.72877,58.46142],[8.72851,58.46162],[8.72838,58.46112],[8.72831,58.46123],[8.72854,58.46187],[8.72882,58.46204],[8.72756,58.46291],[8.72801,58.46319],[8.72801,58.46328],[8.72895,58.46371],[8.72952,58.46378],[8.72991,58.46379],[8.73059,58.46323],[8.73084,58.46313]],[[8.73035,58.46245],[8.73079,58.46262],[8.73063,58.46284],[8.73038,58.46287],[8.72999,58.46278],[8.72992,58.46271],[8.73035,58.46245]]]}},{"type":"Feature","properties":{"k":"old","n":"Rygene-Smith og Thommessen - tidligere deponi","a":25870,"type":"Deponi","status":"Uavklart"},"geometry":{"type":"Polygon","coordinates":[[[8.64025,58.40596],[8.64059,58.40538],[8.641,58.40499],[8.64206,58.40436],[8.64236,58.40412],[8.64244,58.4039],[8.64148,58.4041],[8.64121,58.40422],[8.64102,58.40441],[8.64068,58.40438],[8.64034,58.40478],[8.64037,58.40493],[8.64025,58.40496],[8.64035,58.40498],[8.64012,58.40527],[8.63995,58.40531],[8.64008,58.40544],[8.63991,58.4057],[8.63962,58.40573],[8.63952,58.40579],[8.63942,58.40574],[8.63921,58.40583],[8.63849,58.40638],[8.63823,58.40689],[8.63772,58.40722],[8.63746,58.40751],[8.63723,58.40761],[8.63819,58.40799],[8.64025,58.40596]]]}},{"type":"Feature","properties":{"k":"old","n":"SEM FORSØKSGÅRD","a":99,"type":"Deponi","status":"Uavklart"},"geometry":{"type":"Polygon","coordinates":[[[10.43268,59.85563],[10.43259,59.85557],[10.43248,59.85562],[10.43258,59.85567],[10.43268,59.85563]]]}},{"type":"Feature","properties":{"k":"old","n":"Holtermoen","a":9696,"type":"Kommunalt deponi","status":"Uavklart"},"geometry":{"type":"Polygon","coordinates":[[[11.56251,59.85863],[11.56257,59.85913],[11.56464,59.85919],[11.56485,59.85914],[11.56509,59.85858],[11.56496,59.8585],[11.56263,59.85857],[11.56251,59.85863]]]}},{"type":"Feature","properties":{"k":"old","n":"Prestegårdsskogen","a":21328,"type":"Kommunalt deponi","status":"Uavklart"},"geometry":{"type":"Polygon","coordinates":[[[11.25078,60.01045],[11.25041,60.01046],[11.24888,60.0112],[11.24924,60.01173],[11.2492,60.01208],[11.2497,60.01225],[11.24991,60.01224],[11.25203,60.01129],[11.25157,60.01076],[11.25078,60.01045]]]}},{"type":"Feature","properties":{"k":"old","n":"Nerdrum Bruk","a":49482,"type":"Kommunalt deponi","status":"Uavklart"},"geometry":{"type":"Polygon","coordinates":[[[11.13535,59.91764],[11.13497,59.91775],[11.13469,59.91815],[11.1345,59.91804],[11.13396,59.91828],[11.1325,59.91863],[11.13572,59.91996],[11.13702,59.91933],[11.13846,59.91973],[11.13907,59.91946],[11.13826,59.91893],[11.13824,59.91865],[11.13718,59.91801],[11.13734,59.91796],[11.13626,59.91771],[11.13581,59.91772],[11.13535,59.91764]]]}},{"type":"Feature","properties":{"k":"old","n":"TUEN BRUK","a":23742,"type":"Deponi","status":"Uavklart"},"geometry":{"type":"Polygon","coordinates":[[[11.09991,59.94249],[11.10114,59.94201],[11.1005,59.94161],[11.09923,59.94208],[11.09844,59.9416],[11.09643,59.94197],[11.09849,59.94321],[11.10021,59.94268],[11.09991,59.94249]],[[11.09712,59.94202],[11.09723,59.94212],[11.09705,59.94217],[11.09695,59.94206],[11.09712,59.94202]]]}},{"type":"Feature","properties":{"k":"old","n":"TOFSRUD","a":1968,"type":"Deponi","status":"Uavklart"},"geometry":{"type":"Polygon","coordinates":[[[11.20936,59.93802],[11.20963,59.93801],[11.20977,59.93792],[11.20995,59.93762],[11.2094,59.93752],[11.20903,59.93786],[11.20915,59.93797],[11.20936,59.93802]]]}},{"type":"Feature","properties":{"k":"old","n":"Icopal vest (A/S Fjellhamar Brug 1)","a":23003,"type":"Deponi","status":"Uavklart"},"geometry":{"type":"Polygon","coordinates":[[[10.98805,59.94084],[10.98679,59.94093],[10.98646,59.94079],[10.98425,59.94086],[10.98407,59.94104],[10.98471,59.9412],[10.98532,59.94146],[10.98768,59.94204],[10.98794,59.94202],[10.9885,59.94224],[10.9889,59.94231],[10.98888,59.94206],[10.98856,59.94167],[10.98846,59.94127],[10.98834,59.94127],[10.98824,59.94114],[10.9883,59.94091],[10.98805,59.94084]]]}},{"type":"Feature","properties":{"k":"old","n":"Fedrelandet/Øya","a":19823,"type":"Kommunalt deponi","status":"Uavklart"},"geometry":{"type":"Polygon","coordinates":[[[11.13703,59.91521],[11.1373,59.91625],[11.13711,59.91656],[11.1372,59.9167],[11.14018,59.91765],[11.14054,59.91766],[11.14057,59.91749],[11.13954,59.9171],[11.13926,59.9169],[11.13864,59.91595],[11.13824,59.9156],[11.13725,59.91506],[11.13703,59.91508],[11.13703,59.91521]]]}},{"type":"Feature","properties":{"k":"old","n":"Dynea - JØLSEN GÅRD","a":99,"type":"Deponi","status":"Uavklart"},"geometry":{"type":"Polygon","coordinates":[[[11.10159,59.96414],[11.1015,59.96408],[11.10139,59.96413],[11.10148,59.96418],[11.10159,59.96414]]]}},{"type":"Feature","properties":{"k":"old","n":"Tuen Tangen","a":43949,"type":"Kommunalt deponi","status":"Uavklart"},"geometry":{"type":"Polygon","coordinates":[[[11.09094,59.93911],[11.09071,59.9393],[11.08992,59.93903],[11.08971,59.93909],[11.08785,59.94064],[11.0901,59.94076],[11.09149,59.94071],[11.09309,59.94094],[11.09354,59.94081],[11.09427,59.94027],[11.09094,59.93911]]]}},{"type":"Feature","properties":{"k":"old","n":"Hovelsrud (HOVELSRUD SØR)","a":257317,"type":"Deponi","status":"Uavklart"},"geometry":{"type":"Polygon","coordinates":[[[11.0009,59.92877],[11.00119,59.92901],[11.00148,59.92893],[11.00268,59.92816],[11.00371,59.92779],[11.00477,59.92758],[11.00529,59.92756],[11.0075,59.92763],[11.00978,59.92748],[11.01236,59.9277],[11.01482,59.9272],[11.01412,59.9273],[11.01396,59.92707],[11.0152,59.92682],[11.01542,59.92709],[11.01654,59.927],[11.01727,59.92708],[11.01968,59.92601],[11.02054,59.92555],[11.0213,59.92528],[11.02238,59.92478],[11.02393,59.92358],[11.0246,59.92286],[11.02564,59.92247],[11.0258,59.92234],[11.02647,59.92218],[11.02799,59.92218],[11.02744,59.92137],[11.02778,59.92019],[11.02737,59.91956],[11.02542,59.91977],[11.0247,59.92012],[11.02287,59.92178],[11.02165,59.92269],[11.0212,59.92333],[11.02101,59.92394],[11.02058,59.9244],[11.01945,59.92503],[11.01897,59.92503],[11.0183,59.92523],[11.01824,59.92562],[11.01746,59.9261],[11.01716,59.92616],[11.01701,59.92631],[11.01621,59.92653],[11.01544,59.92636],[11.01492,59.92632],[11.01417,59.9264],[11.014,59.92652],[11.01378,59.92644],[11.01178,59.92614],[11.01163,59.92618],[11.01152,59.92635],[11.01049,59.92617],[11.01015,59.92625],[11.00995,59.92624],[11.0097,59.92614],[11.00917,59.92613],[11.00839,59.92629],[11.0078,59.92632],[11.00591,59.92624],[11.00429,59.92636],[11.00387,59.92653],[11.00373,59.9267],[11.0025,59.92713],[11.00241,59.92722],[11.00212,59.92727],[11.00078,59.92805],[10.99948,59.92828],[10.99922,59.9284],[10.99905,59.92864],[11.00012,59.92935],[10.99995,59.92914],[11.0009,59.92877]]]}},{"type":"Feature","properties":{"k":"old","n":"Myrer søppelplass 1","a":6426,"type":"Kommunalt deponi","status":"Avsluttet"},"geometry":{"type":"Polygon","coordinates":[[[11.22903,60.33401],[11.22975,60.33385],[11.23005,60.3337],[11.23013,60.33332],[11.23001,60.33324],[11.22919,60.33329],[11.22848,60.33301],[11.22839,60.33305],[11.2285,60.33365],[11.22903,60.33401]]]}},{"type":"Feature","properties":{"k":"old","n":"Eidsvoll Skogeierlags planteskole","a":111278,"type":"Deponi","status":"Avsluttet"},"geometry":{"type":"Polygon","coordinates":[[[11.21684,60.36515],[11.21662,60.36535],[11.21434,60.36511],[11.21396,60.36597],[11.21311,60.3659],[11.21274,60.36717],[11.21224,60.36722],[11.21189,60.36724],[11.21207,60.36676],[11.21244,60.36677],[11.21264,60.36619],[11.21224,60.36616],[11.21233,60.36586],[11.21197,60.36582],[11.21103,60.36557],[11.20826,60.36772],[11.20862,60.36793],[11.20881,60.3684],[11.20932,60.36887],[11.20983,60.3692],[11.21095,60.36966],[11.21123,60.3702],[11.21153,60.3702],[11.21183,60.37008],[11.21222,60.37011],[11.21252,60.36904],[11.21164,60.36867],[11.21128,60.36872],[11.2119,60.36727],[11.2168,60.36677],[11.21761,60.36656],[11.21808,60.36634],[11.21974,60.36586],[11.21684,60.36515]],[[11.21769,60.36595],[11.21865,60.36614],[11.2176,60.36653],[11.21694,60.36669],[11.21724,60.36621],[11.21753,60.36627],[11.21769,60.36595]],[[11.21638,60.36562],[11.21714,60.36575],[11.21676,60.36623],[11.21613,60.36616],[11.21638,60.36562]],[[11.21471,60.366],[11.21527,60.36606],[11.21534,60.36628],[11.21483,60.36635],[11.21471,60.366]]]}},{"type":"Feature","properties":{"k":"old","n":"RØTTERUD SØPPELFYLLPLASS","a":54989,"type":"Kommunalt deponi","status":"Uavklart"},"geometry":{"type":"Polygon","coordinates":[[[10.95174,60.20242],[10.95155,60.20242],[10.95114,60.2026],[10.95101,60.20266],[10.95097,60.20281],[10.95047,60.20299],[10.95007,60.20326],[10.94989,60.20329],[10.94937,60.20319],[10.94894,60.20336],[10.94857,60.20354],[10.94828,60.20383],[10.94766,60.20409],[10.94729,60.20478],[10.94744,60.20481],[10.94726,60.20504],[10.94698,60.20514],[10.94718,60.20532],[10.94751,60.20534],[10.94767,60.20547],[10.94788,60.20551],[10.94835,60.20544],[10.94886,60.20522],[10.94958,60.20513],[10.94984,60.20518],[10.94981,60.20531],[10.94992,60.20539],[10.95023,60.2054],[10.95076,60.20532],[10.95214,60.20492],[10.9514,60.203],[10.95174,60.20242]]]}},{"type":"Feature","properties":{"k":"old","n":"KLOKKERMOEN AVFALLSPLASS","a":5779,"type":"Kommunalt deponi","status":"Avsluttet"},"geometry":{"type":"Polygon","coordinates":[[[11.02789,60.4124],[11.02694,60.41229],[11.02651,60.41261],[11.02626,60.41313],[11.02767,60.4129],[11.02821,60.41252],[11.02789,60.4124]]]}},{"type":"Feature","properties":{"k":"old","n":"KUDALEN","a":9460,"type":"Kommunalt deponi","status":"Uavklart"},"geometry":{"type":"Polygon","coordinates":[[[11.00977,60.41525],[11.00741,60.41556],[11.00665,60.41611],[11.00751,60.41637],[11.00781,60.4161],[11.00855,60.41593],[11.00901,60.41593],[11.00967,60.41544],[11.00977,60.41525]]]}},{"type":"Feature","properties":{"k":"old","n":"ARONSENS GARTNERI","a":6212,"type":"Deponi","status":"Uavklart"},"geometry":{"type":"Polygon","coordinates":[[[10.78748,59.94676],[10.78831,59.94689],[10.78911,59.94671],[10.78841,59.94649],[10.78608,59.94622],[10.78675,59.94658],[10.78726,59.94704],[10.78753,59.9475],[10.7876,59.94809],[10.7876,59.94748],[10.78713,59.94681],[10.78748,59.94676]]]}},{"type":"Feature","properties":{"k":"old","n":"Rolvsrud (EMALJEVERKET (NOREMA))","a":21181,"type":"Deponi","status":"Uavklart"},"geometry":{"type":"Polygon","coordinates":[[[10.95368,59.92261],[10.95391,59.92178],[10.95384,59.92177],[10.95388,59.92156],[10.95234,59.92149],[10.95206,59.92295],[10.95223,59.92297],[10.95206,59.92353],[10.95389,59.92361],[10.95405,59.92305],[10.9536,59.92302],[10.95368,59.92261]]]}},{"type":"Feature","properties":{"k":"old","n":"Stensrud vest","a":418432,"type":"Deponi","status":"Uavklart"},"geometry":{"type":"Polygon","coordinates":[[[11.00175,59.91665],[11.00148,59.91674],[11.00084,59.91678],[10.99721,59.91743],[10.99544,59.91816],[10.99415,59.9191],[10.99377,59.91918],[10.99269,59.91972],[10.99127,59.92027],[10.99094,59.92053],[10.99323,59.92249],[10.99381,59.92225],[10.99403,59.9225],[10.99331,59.92269],[10.99428,59.9232],[10.99487,59.92336],[10.9964,59.92355],[10.99717,59.92341],[10.99784,59.92343],[10.99862,59.92319],[10.99962,59.9231],[11.00176,59.92218],[11.00231,59.9217],[11.00271,59.92159],[11.00301,59.92135],[11.00447,59.9208],[11.00483,59.92081],[11.00513,59.92095],[11.00569,59.92098],[11.00683,59.92082],[11.00581,59.91991],[11.00588,59.91974],[11.00631,59.91969],[11.00657,59.91913],[11.00742,59.91813],[11.00175,59.91665]],[[11.00248,59.91821],[11.00315,59.91849],[11.00298,59.91872],[11.0017,59.91939],[11.00123,59.91933],[11.00083,59.91873],[11.00248,59.91821]]]}},{"type":"Feature","properties":{"k":"old","n":"Husebyjordet","a":18390,"type":"Deponi","status":"Avsluttet"},"geometry":{"type":"Polygon","coordinates":[[[11.03706,59.99837],[11.03688,59.9982],[11.03501,59.99791],[11.03479,59.99795],[11.03458,59.99886],[11.03472,59.99944],[11.03491,59.99947],[11.03588,59.99937],[11.03673,59.9991],[11.03706,59.99837]]]}},{"type":"Feature","properties":{"k":"old","n":"Hellen søppelplass","a":22932,"type":"Kommunalt deponi","status":"Overvåking"},"geometry":{"type":"Polygon","coordinates":[[[11.03462,60.08588],[11.03305,60.08626],[11.03287,60.08635],[11.03283,60.08669],[11.03312,60.08693],[11.03376,60.08706],[11.03435,60.08818],[11.03456,60.08836],[11.03479,60.08839],[11.0349,60.08835],[11.03478,60.08811],[11.03513,60.08765],[11.03507,60.08714],[11.03557,60.0869],[11.03567,60.08671],[11.03513,60.08596],[11.03479,60.08585],[11.03462,60.08588]]]}},{"type":"Feature","properties":{"k":"old","n":"Icopal Øst (A/S Fjellhamar Brug 2)","a":1310,"type":"Deponi","status":"Uavklart"},"geometry":{"type":"Polygon","coordinates":[[[10.99151,59.94247],[10.99138,59.94284],[10.99151,59.94303],[10.99185,59.94311],[10.99181,59.94259],[10.99171,59.94248],[10.99151,59.94247]]]}},{"type":"Feature","properties":{"k":"old","n":"EB STRØMMENS VERKSTED","a":1969,"type":"Deponi","status":"Uavklart"},"geometry":{"type":"Polygon","coordinates":[[[11.0097,59.95074],[11.00886,59.95079],[11.00898,59.95102],[11.01003,59.95107],[11.01013,59.95083],[11.0097,59.95074]]]}},{"type":"Feature","properties":{"k":"old","n":"EB STRØMMENS VERKSTED","a":3107,"type":"Deponi","status":"Uavklart"},"geometry":{"type":"Polygon","coordinates":[[[11.00846,59.95091],[11.00843,59.95081],[11.00772,59.95089],[11.00734,59.95087],[11.00805,59.95146],[11.00872,59.95125],[11.00846,59.95091]]]}},{"type":"Feature","properties":{"k":"old","n":"Loenga","a":10815,"type":"Deponi","status":"Tiltak gjennomført"},"geometry":{"type":"Polygon","coordinates":[[[10.76851,59.90389],[10.76825,59.90388],[10.76784,59.90361],[10.76744,59.90378],[10.76702,59.90434],[10.76709,59.90457],[10.76781,59.90464],[10.76853,59.90484],[10.76925,59.90523],[10.76929,59.90482],[10.76912,59.90479],[10.76884,59.90421],[10.76851,59.90389]]]}},{"type":"Feature","properties":{"k":"old","n":"Elvegata avfallsdeponi","a":57,"type":"Kommunalt deponi","status":"Overvåking"},"geometry":{"type":"Polygon","coordinates":[[[11.03208,59.95972],[11.03214,59.95971],[11.03211,59.95962],[11.03213,59.95953],[11.03208,59.95953],[11.03208,59.95972]]]}},{"type":"Feature","properties":{"k":"old","n":"Elvegata avfallsdeponi","a":9035,"type":"Kommunalt deponi","status":"Overvåking"},"geometry":{"type":"Polygon","coordinates":[[[11.02886,59.96028],[11.03032,59.96013],[11.03115,59.95977],[11.03143,59.9598],[11.03156,59.9593],[11.0315,59.95927],[11.03079,59.95932],[11.03,59.95968],[11.02881,59.95962],[11.02896,59.95987],[11.02913,59.95994],[11.02886,59.96028]]]}},{"type":"Feature","properties":{"k":"old","n":"Gjerdrum Allmenning","a":99,"type":"Deponi","status":"Uavklart"},"geometry":{"type":"Polygon","coordinates":[[[10.99596,60.07823],[10.99586,60.07818],[10.99575,60.07823],[10.99585,60.07828],[10.99596,60.07823]]]}},{"type":"Feature","properties":{"k":"old","n":"Galgehaug","a":863,"type":"Kommunalt deponi","status":"Uavklart"},"geometry":{"type":"Polygon","coordinates":[[[11.15416,60.08144],[11.15431,60.08125],[11.15395,60.08113],[11.15377,60.08136],[11.15391,60.08144],[11.15416,60.08144]]]}},{"type":"Feature","properties":{"k":"old","n":"ØSTBY, TOSEBYGDA","a":6427,"type":"Deponi","status":"Uavklart"},"geometry":{"type":"Polygon","coordinates":[[[11.24398,59.6407],[11.24356,59.64083],[11.24395,59.64136],[11.24505,59.64164],[11.24566,59.64127],[11.24398,59.6407]]]}},{"type":"Feature","properties":{"k":"old","n":"ØSTBY","a":3714,"type":"Deponi","status":"Uavklart"},"geometry":{"type":"Polygon","coordinates":[[[11.1087,59.65348],[11.10866,59.6537],[11.10887,59.65387],[11.10945,59.65392],[11.10966,59.65387],[11.10987,59.65374],[11.10994,59.65356],[11.10969,59.6534],[11.10893,59.65334],[11.1087,59.65348]]]}},{"type":"Feature","properties":{"k":"old","n":"STIGEN (MYSEN SENTRUM)","a":2988,"type":"Kommunalt deponi","status":"Avsluttet"},"geometry":{"type":"Polygon","coordinates":[[[11.32123,59.55406],[11.32191,59.55414],[11.3219,59.55399],[11.32131,59.55397],[11.32068,59.55375],[11.3203,59.55373],[11.32007,59.55401],[11.32033,59.55416],[11.32104,59.55424],[11.32123,59.55406]]]}},{"type":"Feature","properties":{"k":"old","n":"TRØMBORG","a":99,"type":"Kommunalt deponi","status":"Avsluttet"},"geometry":{"type":"Polygon","coordinates":[[[11.33765,59.50714],[11.33756,59.50708],[11.33745,59.50713],[11.33755,59.50719],[11.33765,59.50714]]]}},{"type":"Feature","properties":{"k":"old","n":"KOPLA","a":46987,"type":"Kommunalt deponi","status":"Avsluttet"},"geometry":{"type":"Polygon","coordinates":[[[11.37447,59.41567],[11.37442,59.41515],[11.37418,59.4148],[11.37448,59.41456],[11.37415,59.41406],[11.37518,59.4131],[11.37486,59.41304],[11.37471,59.41263],[11.3739,59.41252],[11.37344,59.4126],[11.3731,59.41346],[11.37296,59.41352],[11.37209,59.4136],[11.37144,59.41496],[11.3717,59.4157],[11.37349,59.41539],[11.37334,59.41616],[11.37436,59.41603],[11.37447,59.41567]]]}},{"type":"Feature","properties":{"k":"old","n":"BREVIKDALEN","a":99,"type":"Kommunalt deponi","status":"Avsluttet"},"geometry":{"type":"Polygon","coordinates":[[[11.0836,59.28461],[11.0835,59.28456],[11.0834,59.28461],[11.08349,59.28466],[11.0836,59.28461]]]}},{"type":"Feature","properties":{"k":"old","n":"ÅLEKILENE","a":16523,"type":"Kommunalt deponi","status":"Avsluttet"},"geometry":{"type":"Polygon","coordinates":[[[10.89462,59.20916],[10.89605,59.20845],[10.89584,59.20831],[10.8959,59.2081],[10.8943,59.20743],[10.89314,59.20764],[10.89462,59.20916]]]}},{"type":"Feature","properties":{"k":"old","n":"Lundeby","a":1639,"type":"Deponi","status":"Uavklart"},"geometry":{"type":"Polygon","coordinates":[[[10.90622,59.35748],[10.90583,59.35743],[10.90554,59.35758],[10.9057,59.35779],[10.90604,59.35786],[10.90641,59.35777],[10.90641,59.35762],[10.90622,59.35748]]]}},{"type":"Feature","properties":{"k":"old","n":"Rygge Hovedflystasjon - Fylling ved tårn","a":377,"type":"Deponi","status":"Uavklart"},"geometry":{"type":"Polygon","coordinates":[[[10.79857,59.38575],[10.79833,59.38593],[10.79857,59.38599],[10.79882,59.38583],[10.79857,59.38575]]]}},{"type":"Feature","properties":{"k":"old","n":"FYLLING VED BREVIKBRÅTEN","a":3564,"type":"Deponi","status":"Uavklart"},"geometry":{"type":"Polygon","coordinates":[[[10.7083,59.51337],[10.70801,59.51341],[10.70781,59.5136],[10.70795,59.51438],[10.70848,59.51437],[10.70843,59.51363],[10.7083,59.51337]]]}},{"type":"Feature","properties":{"k":"old","n":"ASK","a":7359,"type":"Deponi","status":"Uavklart"},"geometry":{"type":"Polygon","coordinates":[[[11.03642,60.07033],[11.03677,60.06993],[11.03483,60.06949],[11.03446,60.06993],[11.03498,60.07016],[11.03553,60.07029],[11.03556,60.07025],[11.0363,60.07046],[11.03642,60.07033]]]}},{"type":"Feature","properties":{"k":"old","n":"VESTENGA, NORDKISA","a":99,"type":"Kommunalt deponi","status":"Uavklart"},"geometry":{"type":"Polygon","coordinates":[[[11.26558,60.1956],[11.26549,60.19555],[11.26538,60.1956],[11.26547,60.19565],[11.26558,60.1956]]]}},{"type":"Feature","properties":{"k":"old","n":"OSL - gml lokalitet FBT lok. 008, DEPONI NR. 9","a":99,"type":"Deponi","status":"Avsluttet"},"geometry":{"type":"Polygon","coordinates":[[[11.11053,60.19726],[11.11044,60.19721],[11.11033,60.19726],[11.11042,60.19731],[11.11053,60.19726]]]}},{"type":"Feature","properties":{"k":"old","n":"OSL - FBT lok. 010, DEPONI NR. 2","a":99,"type":"Deponi","status":"Avsluttet"},"geometry":{"type":"Polygon","coordinates":[[[11.09949,60.19385],[11.09939,60.19379],[11.09928,60.19384],[11.09938,60.19389],[11.09949,60.19385]]]}},{"type":"Feature","properties":{"k":"old","n":"Arsenalet på Hauerseter, grushøl","a":5161,"type":"Deponi","status":"Uavklart"},"geometry":{"type":"Polygon","coordinates":[[[11.20302,60.1868],[11.20401,60.18691],[11.20458,60.18662],[11.20454,60.18651],[11.20438,60.18636],[11.2041,60.18629],[11.20314,60.18634],[11.20272,60.18645],[11.20302,60.1868]]]}},{"type":"Feature","properties":{"k":"old","n":"Statsbygg Trandum militære fyllplass","a":1081,"type":"Deponi","status":"Undersøkelser gjennomført"},"geometry":{"type":"Polygon","coordinates":[[[11.12,60.21056],[11.11991,60.2105],[11.11969,60.21049],[11.11948,60.21037],[11.11936,60.21045],[11.11938,60.21063],[11.11963,60.21076],[11.12004,60.21069],[11.12,60.21056]]]}},{"type":"Feature","properties":{"k":"old","n":"Trenregimentet, Onsrud leir, avfallsfylling 1","a":1684,"type":"Deponi","status":"Undersøkelser gjennomført"},"geometry":{"type":"Polygon","coordinates":[[[11.28784,60.13579],[11.28798,60.13603],[11.28878,60.13575],[11.28867,60.13544],[11.28784,60.13579]]]}},{"type":"Feature","properties":{"k":"old","n":"MAAE GÅRD","a":718,"type":"Deponi","status":"Uavklart"},"geometry":{"type":"Polygon","coordinates":[[[11.26217,60.35107],[11.2624,60.35103],[11.26242,60.35079],[11.26222,60.35074],[11.26201,60.35077],[11.26199,60.351],[11.26217,60.35107]]]}},{"type":"Feature","properties":{"k":"old","n":"BAKKELØKKA","a":3317,"type":"Deponi","status":"Avsluttet"},"geometry":{"type":"Polygon","coordinates":[[[10.83192,59.85837],[10.83174,59.85807],[10.8312,59.8599],[10.832,59.8589],[10.83205,59.85868],[10.83192,59.85837]]]}},{"type":"Feature","properties":{"k":"old","n":"BAKKELØKKA","a":92357,"type":"Deponi","status":"Avsluttet"},"geometry":{"type":"Polygon","coordinates":[[[10.83194,59.86135],[10.83217,59.86137],[10.83236,59.86129],[10.83257,59.86108],[10.83288,59.86106],[10.83289,59.86097],[10.83332,59.86072],[10.83377,59.86057],[10.83362,59.86008],[10.8338,59.85967],[10.83403,59.85944],[10.83366,59.85917],[10.83399,59.85909],[10.83376,59.85899],[10.83383,59.85868],[10.83397,59.85859],[10.83425,59.85858],[10.83438,59.85842],[10.8342,59.85812],[10.83463,59.85793],[10.83562,59.85668],[10.83366,59.85642],[10.83474,59.85406],[10.835,59.85323],[10.83424,59.85312],[10.83393,59.8537],[10.83415,59.85372],[10.83453,59.85393],[10.8343,59.8544],[10.83402,59.85439],[10.83393,59.85427],[10.83374,59.85421],[10.83291,59.85548],[10.8318,59.8579],[10.83217,59.85861],[10.83218,59.8589],[10.83169,59.85938],[10.83135,59.8599],[10.83181,59.86005],[10.83161,59.86042],[10.8311,59.86038],[10.83112,59.86142],[10.83116,59.86153],[10.83153,59.86175],[10.83175,59.86177],[10.83194,59.86135]]]}},{"type":"Feature","properties":{"k":"old","n":"HAVNAJORDET, NYDALEN","a":11783,"type":"Deponi","status":"Avsluttet"},"geometry":{"type":"Polygon","coordinates":[[[10.7676,59.94738],[10.76766,59.94729],[10.76785,59.94732],[10.76827,59.94665],[10.76749,59.94643],[10.76704,59.94638],[10.76633,59.94641],[10.7659,59.94655],[10.76568,59.94671],[10.76587,59.94709],[10.7676,59.94738]]]}},{"type":"Feature","properties":{"k":"old","n":"MERRADALEN Oslo","a":51411,"type":"Kommunalt deponi","status":"Uavklart"},"geometry":{"type":"MultiPolygon","coordinates":[[[[10.66123,59.92956],[10.66138,59.92946],[10.6617,59.92946],[10.66356,59.92988],[10.66365,59.92985],[10.66209,59.92947],[10.66212,59.92936],[10.66372,59.9296],[10.66376,59.9295],[10.66405,59.9295],[10.66221,59.92927],[10.66198,59.92912],[10.6619,59.92917],[10.66045,59.92893],[10.66063,59.92879],[10.66065,59.92865],[10.66053,59.92854],[10.66004,59.92825],[10.65947,59.92814],[10.65925,59.92835],[10.65887,59.92849],[10.65864,59.9285],[10.658,59.92832],[10.65787,59.92841],[10.65091,59.92604],[10.64962,59.92559],[10.64942,59.92546],[10.64926,59.92549],[10.64908,59.92539],[10.64886,59.92536],[10.64865,59.92542],[10.64858,59.92554],[10.64821,59.92557],[10.64823,59.92569],[10.6486,59.92602],[10.64847,59.92606],[10.64894,59.92623],[10.64911,59.92615],[10.65199,59.92695],[10.65322,59.92737],[10.65492,59.9278],[10.65556,59.92823],[10.65549,59.92811],[10.65563,59.92802],[10.65749,59.92863],[10.65837,59.92885],[10.6596,59.92957],[10.6604,59.92966],[10.66084,59.92982],[10.66119,59.92972],[10.66123,59.92956]],[[10.65928,59.92853],[10.6597,59.92836],[10.66018,59.92853],[10.66021,59.92875],[10.65994,59.92883],[10.6593,59.9287],[10.65928,59.92853]],[[10.66004,59.92916],[10.6607,59.92929],[10.66074,59.92945],[10.66039,59.92953],[10.65977,59.92945],[10.65968,59.92926],[10.66004,59.92916]]],[[[10.66444,59.92966],[10.66381,59.92962],[10.66646,59.9308],[10.66662,59.93071],[10.6645,59.92978],[10.66444,59.92966]]]]}},{"type":"Feature","properties":{"k":"old","n":"OSLO SPRENGE- OG GRAVESERVICE","a":99,"type":"Deponi","status":"Uavklart"},"geometry":{"type":"Polygon","coordinates":[[[10.84758,59.93219],[10.84749,59.93214],[10.84738,59.93219],[10.84747,59.93224],[10.84758,59.93219]]]}},{"type":"Feature","properties":{"k":"old","n":"RØDTVEDT STEINBRUDD","a":2818,"type":"Deponi","status":"Uavklart"},"geometry":{"type":"Polygon","coordinates":[[[10.84837,59.95755],[10.84808,59.95756],[10.84777,59.95798],[10.84783,59.95811],[10.84803,59.95819],[10.84837,59.95822],[10.84853,59.95815],[10.84863,59.95793],[10.84859,59.95762],[10.84837,59.95755]]]}},{"type":"Feature","properties":{"k":"old","n":"SOLIDITAS A/S","a":14875,"type":"Deponi","status":"Uavklart"},"geometry":{"type":"Polygon","coordinates":[[[10.87195,59.9381],[10.87308,59.93733],[10.87237,59.93664],[10.87318,59.93645],[10.87313,59.9364],[10.87116,59.93687],[10.87032,59.93783],[10.87117,59.93793],[10.87141,59.93787],[10.87183,59.93798],[10.87195,59.9381]]]}},{"type":"Feature","properties":{"k":"old","n":"Årdal Carbon - NYKAIA","a":192845,"type":"Deponi","status":"Avsluttet"},"geometry":{"type":"Polygon","coordinates":[[[7.71135,61.23917],[7.71215,61.23908],[7.71218,61.23892],[7.71207,61.23838],[7.71154,61.23746],[7.71174,61.23674],[7.71184,61.23669],[7.71272,61.23657],[7.71305,61.23588],[7.71317,61.23471],[7.71375,61.23383],[7.7144,61.23361],[7.71375,61.23323],[7.71368,61.23287],[7.71264,61.23232],[7.71201,61.23268],[7.71168,61.23274],[7.71125,61.23302],[7.71093,61.23292],[7.70992,61.23368],[7.71019,61.23378],[7.70968,61.23418],[7.70504,61.23489],[7.70511,61.235],[7.70451,61.23546],[7.70453,61.23556],[7.70384,61.23573],[7.70488,61.2367],[7.70581,61.2374],[7.7065,61.23768],[7.70891,61.23814],[7.70949,61.23835],[7.7113,61.23922],[7.71135,61.23917]],[[7.70566,61.23654],[7.70593,61.2366],[7.70701,61.23638],[7.7072,61.23642],[7.70748,61.2364],[7.70836,61.23773],[7.70828,61.23786],[7.70687,61.23767],[7.70649,61.23754],[7.706,61.23708],[7.70566,61.23654]]]}},{"type":"Feature","properties":{"k":"old","n":"REVHAUG","a":201546,"type":"Deponi","status":"Uavklart"},"geometry":{"type":"Polygon","coordinates":[[[10.83805,59.6478],[10.83932,59.64709],[10.83992,59.64705],[10.83999,59.64672],[10.83977,59.64666],[10.8398,59.6466],[10.84079,59.64627],[10.8401,59.64519],[10.84034,59.64403],[10.84014,59.64386],[10.84006,59.64359],[10.84035,59.64311],[10.84021,59.64178],[10.84043,59.64141],[10.83844,59.64203],[10.8381,59.6422],[10.83778,59.64253],[10.83769,59.64322],[10.83744,59.64349],[10.83577,59.64379],[10.83443,59.64429],[10.83386,59.64462],[10.83311,59.64527],[10.83241,59.64654],[10.83225,59.64742],[10.83363,59.64761],[10.83435,59.64764],[10.8347,59.64772],[10.83735,59.64789],[10.83805,59.6478]]]}},{"type":"Feature","properties":{"k":"old","n":"BRENNA","a":2404,"type":"Deponi","status":"Uavklart"},"geometry":{"type":"Polygon","coordinates":[[[10.75125,59.67013],[10.75157,59.67025],[10.75208,59.67026],[10.75229,59.67001],[10.75216,59.66985],[10.75181,59.66977],[10.7516,59.66979],[10.75136,59.66988],[10.75125,59.67013]]]}},{"type":"Feature","properties":{"k":"old","n":"Oscarsborgfestning -dumpeplass i sjø 2","a":789,"type":"Deponi","status":"Undersøkelser gjennomført"},"geometry":{"type":"Polygon","coordinates":[[[10.58459,59.67381],[10.58482,59.67377],[10.5849,59.67368],[10.58481,59.67357],[10.58463,59.67353],[10.58445,59.67356],[10.58433,59.67366],[10.58439,59.67376],[10.58459,59.67381]]]}},{"type":"Feature","properties":{"k":"old","n":"STUBBERUD SØPPELFYLLING","a":157784,"type":"Kommunalt deponi","status":"Avsluttet"},"geometry":{"type":"Polygon","coordinates":[[[10.85871,59.9303],[10.85861,59.93057],[10.85828,59.9309],[10.85833,59.93111],[10.8586,59.93136],[10.85913,59.93152],[10.85962,59.93155],[10.86072,59.93131],[10.86197,59.93081],[10.8627,59.93044],[10.86299,59.93018],[10.86304,59.92979],[10.86286,59.92932],[10.86258,59.92892],[10.86211,59.92869],[10.86166,59.92834],[10.8607,59.92788],[10.85849,59.92717],[10.85753,59.92702],[10.85704,59.92702],[10.85651,59.92687],[10.85541,59.92673],[10.8549,59.92684],[10.85412,59.92745],[10.85401,59.92731],[10.8535,59.92727],[10.85319,59.92747],[10.85315,59.92777],[10.8536,59.92793],[10.85344,59.92812],[10.85401,59.92865],[10.85825,59.92998],[10.85871,59.9303]]]}},{"type":"Feature","properties":{"k":"old","n":"ØDEGÅRDEN, SØRKEDAL","a":115653,"type":"Deponi","status":"Uavklart"},"geometry":{"type":"Polygon","coordinates":[[[10.62678,59.9899],[10.62658,59.98949],[10.62764,59.98931],[10.62656,59.98946],[10.62636,59.98906],[10.62749,59.9889],[10.62732,59.98774],[10.62748,59.98737],[10.62681,59.98708],[10.62753,59.98681],[10.62628,59.98629],[10.62566,59.98562],[10.62463,59.98526],[10.6241,59.98476],[10.62227,59.9836],[10.62193,59.98378],[10.62179,59.98432],[10.62222,59.98445],[10.62263,59.98497],[10.6232,59.98549],[10.62378,59.98576],[10.6239,59.98604],[10.62344,59.98645],[10.62304,59.98667],[10.62201,59.98693],[10.62187,59.9871],[10.62191,59.98723],[10.62214,59.9874],[10.6234,59.98784],[10.62323,59.9884],[10.62329,59.98871],[10.62369,59.98939],[10.62402,59.98965],[10.62556,59.99005],[10.62678,59.9899]]]}},{"type":"Feature","properties":{"k":"old","n":"ULVEN INNFØRINGSSTASJON","a":63171,"type":"Deponi","status":"Avsluttet"},"geometry":{"type":"Polygon","coordinates":[[[10.81618,59.92282],[10.81504,59.9227],[10.81521,59.92249],[10.81456,59.92235],[10.81468,59.92205],[10.81426,59.92183],[10.81369,59.9217],[10.81332,59.92198],[10.81279,59.92213],[10.81258,59.9226],[10.81245,59.92268],[10.8092,59.92234],[10.80972,59.92127],[10.81038,59.92116],[10.81071,59.92091],[10.81128,59.92103],[10.8118,59.92084],[10.8121,59.92094],[10.81202,59.92111],[10.81369,59.92169],[10.81423,59.92058],[10.81123,59.92012],[10.80945,59.9202],[10.80928,59.92034],[10.80901,59.92036],[10.80863,59.9223],[10.80928,59.92267],[10.81041,59.92288],[10.81278,59.92306],[10.81471,59.92314],[10.81574,59.92316],[10.81618,59.92282]]]}},{"type":"Feature","properties":{"k":"old","n":"Dønskiveien","a":13636,"type":"Kommunalt deponi","status":"Uavklart"},"geometry":{"type":"Polygon","coordinates":[[[10.50704,59.90221],[10.50752,59.90183],[10.50635,59.90152],[10.50554,59.90124],[10.50486,59.90089],[10.5045,59.9009],[10.50373,59.90134],[10.50426,59.90153],[10.50443,59.90153],[10.50655,59.90227],[10.50689,59.90234],[10.50704,59.90221]]]}},{"type":"Feature","properties":{"k":"old","n":"Fornebu, fylling sør for gartneri - 151 (lok.3)","a":1791,"type":"Deponi","status":"Avsluttet"},"geometry":{"type":"Polygon","coordinates":[[[10.59051,59.89307],[10.59085,59.89305],[10.5907,59.89302],[10.59057,59.89282],[10.58993,59.89264],[10.58975,59.89265],[10.58983,59.89297],[10.59051,59.89307]]]}},{"type":"Feature","properties":{"k":"old","n":"Fornebu, søppelfylling ved Holtekilen (lok. 6)","a":99,"type":"Deponi","status":"Avsluttet"},"geometry":{"type":"Polygon","coordinates":[[[10.60704,59.89852],[10.60695,59.89847],[10.60684,59.89851],[10.60694,59.89857],[10.60704,59.89852]]]}},{"type":"Feature","properties":{"k":"old","n":"Fornebu, Støyvoll","a":212,"type":"Deponi","status":"Avsluttet"},"geometry":{"type":"Polygon","coordinates":[[[10.61537,59.89366],[10.61515,59.89367],[10.61511,59.89384],[10.61534,59.89379],[10.61537,59.89366]]]}},{"type":"Feature","properties":{"k":"old","n":"Fornebu, fylling sørvest for bygn. 133","a":99,"type":"Deponi","status":"Avsluttet"},"geometry":{"type":"Polygon","coordinates":[[[10.5953,59.8942],[10.59521,59.89414],[10.5951,59.89419],[10.5952,59.89425],[10.5953,59.8942]]]}},{"type":"Feature","properties":{"k":"old","n":"Gjestad fyllplass (GJESTAD)","a":15275,"type":"Kommunalt deponi","status":"Uavklart"},"geometry":{"type":"Polygon","coordinates":[[[11.14898,60.14071],[11.14825,60.14058],[11.14785,60.14062],[11.14762,60.14101],[11.14768,60.14145],[11.14852,60.14173],[11.14975,60.14178],[11.15025,60.1416],[11.15036,60.14134],[11.15005,60.14109],[11.14898,60.14071]]]}},{"type":"Feature","properties":{"k":"old","n":"Østli dekkdeponi","a":7567,"type":"Deponi","status":"Avsluttet"},"geometry":{"type":"Polygon","coordinates":[[[11.14805,60.2336],[11.1482,60.23361],[11.14849,60.23336],[11.14855,60.23319],[11.14844,60.23302],[11.14791,60.23281],[11.14743,60.23276],[11.1468,60.23274],[11.14636,60.23287],[11.14638,60.23311],[11.14805,60.2336]]]}},{"type":"Feature","properties":{"k":"old","n":"GARDERMOEN FLYSTASJON, DEPONI NR. 13","a":99,"type":"Deponi","status":"Uavklart"},"geometry":{"type":"Polygon","coordinates":[[[11.09767,60.2078],[11.09758,60.20774],[11.09747,60.20779],[11.09756,60.20784],[11.09767,60.2078]]]}},{"type":"Feature","properties":{"k":"old","n":"Statsbygg Trandum-Fyllplass 2 idrettsbane","a":150,"type":"Deponi","status":"Undersøkelser gjennomført"},"geometry":{"type":"Polygon","coordinates":[[[11.12881,60.21457],[11.12894,60.21451],[11.12883,60.21445],[11.12869,60.2145],[11.12881,60.21457]]]}},{"type":"Feature","properties":{"k":"old","n":"Trenregimentet,Onsrud leir oljeforurenset grunn","a":146,"type":"Deponi","status":"Undersøkelser gjennomført"},"geometry":{"type":"Polygon","coordinates":[[[11.28814,60.13281],[11.28827,60.13275],[11.28815,60.13268],[11.28802,60.13274],[11.28814,60.13281]]]}},{"type":"Feature","properties":{"k":"old","n":"Vilberg deponi - Feiring bruk AS","a":7359,"type":"Deponi","status":"Uavklart"},"geometry":{"type":"Polygon","coordinates":[[[11.15635,60.18101],[11.15651,60.18114],[11.15772,60.18115],[11.15831,60.18075],[11.15826,60.18063],[11.15809,60.18051],[11.15776,60.18049],[11.15719,60.18035],[11.15676,60.18038],[11.1565,60.18052],[11.15635,60.18101]]]}},{"type":"Feature","properties":{"k":"old","n":"MOSTU","a":44577,"type":"Deponi","status":"Uavklart"},"geometry":{"type":"Polygon","coordinates":[[[11.17115,60.28792],[11.17074,60.28808],[11.17049,60.28936],[11.17071,60.28962],[11.17179,60.28984],[11.17237,60.29007],[11.17306,60.29022],[11.17389,60.29012],[11.17448,60.28986],[11.17472,60.28947],[11.17469,60.28887],[11.17408,60.28849],[11.17384,60.28846],[11.17282,60.28803],[11.17115,60.28792]]]}},{"type":"Feature","properties":{"k":"old","n":"Skansebakken","a":4603,"type":"Deponi","status":"Uavklart"},"geometry":{"type":"Polygon","coordinates":[[[10.58416,60.01908],[10.58391,60.01915],[10.58346,60.01911],[10.58319,60.01917],[10.58267,60.01947],[10.58197,60.01968],[10.58207,60.0198],[10.58235,60.01985],[10.58335,60.01968],[10.58422,60.01923],[10.58416,60.01908]]]}},{"type":"Feature","properties":{"k":"old","n":"NSB, VERKSTEDET GRORUD II","a":99,"type":"Deponi","status":"Avsluttet"},"geometry":{"type":"Polygon","coordinates":[[[10.87395,59.94068],[10.87386,59.94062],[10.87375,59.94067],[10.87385,59.94072],[10.87395,59.94068]]]}},{"type":"Feature","properties":{"k":"old","n":"AVKJØRING RISLØKKV.ØKERNKR","a":11161,"type":"Deponi","status":"Uavklart"},"geometry":{"type":"Polygon","coordinates":[[[10.81164,59.927],[10.81138,59.92689],[10.81105,59.92686],[10.80966,59.92705],[10.80941,59.92719],[10.8093,59.92737],[10.80953,59.92777],[10.80975,59.92783],[10.81109,59.9276],[10.81197,59.92753],[10.81164,59.927]]]}},{"type":"Feature","properties":{"k":"old","n":"Gurifylling","a":12866,"type":"Kommunalt deponi","status":"Avsluttet"},"geometry":{"type":"Polygon","coordinates":[[[10.8008,59.9249],[10.80111,59.92477],[10.80103,59.92445],[10.79956,59.92456],[10.79867,59.92451],[10.7972,59.9242],[10.79683,59.92455],[10.79839,59.92493],[10.79858,59.92485],[10.79887,59.92485],[10.79909,59.92511],[10.7996,59.92534],[10.8008,59.9249]]]}},{"type":"Feature","properties":{"k":"old","n":"Smalvollveien  6","a":2432,"type":"Deponi","status":"Uavklart"},"geometry":{"type":"Polygon","coordinates":[[[10.83008,59.91401],[10.83,59.91396],[10.82972,59.91407],[10.82967,59.91421],[10.83031,59.91468],[10.8308,59.91445],[10.83008,59.91401]]]}},{"type":"Feature","properties":{"k":"old","n":"Bellux","a":1399,"type":"Deponi","status":"Avsluttet"},"geometry":{"type":"Polygon","coordinates":[[[10.88682,59.93957],[10.88779,59.93928],[10.88788,59.93905],[10.8884,59.93899],[10.88855,59.93902],[10.88891,59.93929],[10.88946,59.93927],[10.88973,59.93933],[10.88947,59.93925],[10.88893,59.93927],[10.88858,59.939],[10.88842,59.93897],[10.88786,59.93903],[10.88777,59.93926],[10.88727,59.93939],[10.88654,59.93887],[10.88404,59.93868],[10.88352,59.93848],[10.88366,59.9386],[10.88401,59.9387],[10.88642,59.93888],[10.88666,59.93895],[10.88717,59.93943],[10.88582,59.93989],[10.88654,59.93971],[10.88682,59.93957]]]}},{"type":"Feature","properties":{"k":"old","n":"Bellux","a":156313,"type":"Deponi","status":"Avsluttet"},"geometry":{"type":"Polygon","coordinates":[[[10.88669,59.94567],[10.88672,59.94576],[10.887,59.94574],[10.88703,59.94516],[10.88677,59.94517],[10.88619,59.94444],[10.88636,59.94442],[10.88683,59.94323],[10.88779,59.94326],[10.88783,59.94317],[10.88788,59.94279],[10.88777,59.94234],[10.88737,59.94182],[10.88703,59.94153],[10.88581,59.94176],[10.8839,59.94115],[10.88428,59.94149],[10.88561,59.94231],[10.88625,59.94296],[10.88622,59.94392],[10.88603,59.94429],[10.88514,59.94338],[10.88133,59.93994],[10.88142,59.93971],[10.88217,59.93956],[10.88302,59.94036],[10.88245,59.93965],[10.88256,59.93963],[10.88285,59.93977],[10.88332,59.9397],[10.88378,59.93973],[10.88405,59.9397],[10.88267,59.9391],[10.88242,59.93892],[10.88231,59.93897],[10.88242,59.93933],[10.88234,59.93943],[10.88146,59.93959],[10.88102,59.93957],[10.88023,59.93997],[10.88063,59.93991],[10.88087,59.93998],[10.88483,59.94349],[10.88519,59.94394],[10.88535,59.94438],[10.88532,59.94482],[10.88311,59.94511],[10.88139,59.94406],[10.8815,59.94402],[10.88115,59.94393],[10.88007,59.94312],[10.8782,59.94088],[10.87892,59.94067],[10.87858,59.94037],[10.87796,59.94051],[10.87776,59.94061],[10.87781,59.94067],[10.8773,59.94079],[10.8771,59.94073],[10.87694,59.94055],[10.8762,59.94095],[10.87645,59.9411],[10.87668,59.94109],[10.87698,59.94127],[10.87699,59.94136],[10.87649,59.94139],[10.87631,59.94146],[10.87617,59.94167],[10.87591,59.94179],[10.87556,59.94185],[10.87633,59.94242],[10.87663,59.94252],[10.87641,59.9426],[10.87694,59.94297],[10.87731,59.94308],[10.87927,59.94301],[10.87938,59.94311],[10.87933,59.94336],[10.87876,59.94364],[10.87833,59.94414],[10.87756,59.94432],[10.87708,59.94451],[10.877,59.94463],[10.87704,59.94472],[10.87728,59.94481],[10.87802,59.94495],[10.87814,59.94542],[10.87867,59.94538],[10.8792,59.94557],[10.87937,59.9454],[10.87999,59.9453],[10.8803,59.94535],[10.88082,59.94558],[10.88173,59.94553],[10.882,59.94522],[10.88214,59.94521],[10.88239,59.94527],[10.88221,59.9454],[10.88234,59.94548],[10.88293,59.94536],[10.88303,59.94559],[10.88345,59.94573],[10.88394,59.94563],[10.88462,59.94561],[10.88518,59.9452],[10.88576,59.94525],[10.8858,59.94531],[10.88552,59.94543],[10.88558,59.94587],[10.88645,59.94578],[10.88669,59.94567]]]}},{"type":"Feature","properties":{"k":"old","n":"Motor-crossbanen","a":9450,"type":"Deponi","status":"Avsluttet"},"geometry":{"type":"Polygon","coordinates":[[[10.86998,59.93781],[10.87031,59.93783],[10.87116,59.93687],[10.87312,59.9364],[10.87301,59.93634],[10.87108,59.93683],[10.87045,59.93755],[10.8673,59.9371],[10.86721,59.93771],[10.86749,59.93759],[10.86788,59.93757],[10.86891,59.9377],[10.86926,59.93793],[10.86998,59.93781]]]}},{"type":"Feature","properties":{"k":"old","n":"Grønmo søppelfyllplass - Sørlimosen","a":203507,"type":"Kommunalt deponi","status":"Uavklart"},"geometry":{"type":"Polygon","coordinates":[[[10.85026,59.83736],[10.85023,59.83746],[10.85045,59.83759],[10.85072,59.83806],[10.85127,59.83818],[10.85117,59.83839],[10.85149,59.83869],[10.85256,59.83944],[10.85223,59.83956],[10.85249,59.83978],[10.85336,59.84019],[10.85407,59.84036],[10.85481,59.84049],[10.85608,59.84055],[10.85689,59.8403],[10.86078,59.84002],[10.86157,59.83994],[10.86263,59.83973],[10.86257,59.83965],[10.86241,59.83962],[10.86175,59.83964],[10.86154,59.83957],[10.8621,59.83872],[10.86167,59.83855],[10.86167,59.83841],[10.86139,59.8383],[10.86027,59.83826],[10.85978,59.8378],[10.8593,59.8377],[10.85922,59.83755],[10.85848,59.83759],[10.85805,59.8371],[10.85782,59.83699],[10.8571,59.83694],[10.85676,59.8368],[10.855,59.83653],[10.85403,59.83654],[10.85356,59.83648],[10.85311,59.83652],[10.85201,59.83645],[10.85142,59.83659],[10.8506,59.83708],[10.85033,59.83717],[10.85026,59.83736]]]}},{"type":"Feature","properties":{"k":"old","n":"Fornebu, Boblaområdet v/ inv.237 og 238","a":10944,"type":"Deponi","status":"Avsluttet"},"geometry":{"type":"Polygon","coordinates":[[[10.61332,59.89745],[10.61394,59.89765],[10.61442,59.89689],[10.61347,59.89637],[10.61325,59.89713],[10.61295,59.89737],[10.61255,59.89748],[10.61078,59.89761],[10.6101,59.89779],[10.60972,59.89797],[10.61,59.89812],[10.61332,59.89745]]]}},{"type":"Feature","properties":{"k":"old","n":"Fornebu, Boblaområdet v/ inv.237 og 238","a":17297,"type":"Deponi","status":"Avsluttet"},"geometry":{"type":"Polygon","coordinates":[[[10.6098,59.89783],[10.61088,59.89753],[10.61251,59.89742],[10.61288,59.89733],[10.61315,59.89711],[10.61336,59.89633],[10.61062,59.89559],[10.60976,59.89511],[10.60935,59.89583],[10.60911,59.89595],[10.6113,59.89617],[10.61195,59.8963],[10.61248,59.89646],[10.61263,59.89677],[10.61241,59.897],[10.61185,59.89724],[10.60939,59.89781],[10.6096,59.89791],[10.6098,59.89783]]]}},{"type":"Feature","properties":{"k":"old","n":"NORDBERGVEIEN","a":1323,"type":"Deponi","status":"Uavklart"},"geometry":{"type":"Polygon","coordinates":[[[10.74626,59.95789],[10.74641,59.95772],[10.7469,59.95755],[10.74708,59.95741],[10.74721,59.95708],[10.74712,59.95674],[10.74712,59.95721],[10.74688,59.95751],[10.74576,59.95783],[10.74497,59.95782],[10.74495,59.95787],[10.74575,59.95789],[10.74636,59.9581],[10.74626,59.95789]]]}},{"type":"Feature","properties":{"k":"old","n":"GAUSTADS EIENDOM","a":2717,"type":"Deponi","status":"Uavklart"},"geometry":{"type":"Polygon","coordinates":[[[10.7196,59.94539],[10.72003,59.94549],[10.72058,59.9454],[10.72058,59.9452],[10.72032,59.945],[10.71967,59.94499],[10.71945,59.94517],[10.7196,59.94539]]]}},{"type":"Feature","properties":{"k":"old","n":"MERRADALEN Oslo","a":7371,"type":"Kommunalt deponi","status":"Uavklart"},"geometry":{"type":"Polygon","coordinates":[[[10.66233,59.92871],[10.66277,59.92827],[10.6614,59.92777],[10.66092,59.92803],[10.66075,59.92802],[10.66059,59.92809],[10.66104,59.92826],[10.66086,59.92839],[10.6614,59.92858],[10.66159,59.92844],[10.66187,59.92854],[10.66149,59.92881],[10.66207,59.92893],[10.66233,59.92871]]]}},{"type":"Feature","properties":{"k":"old","n":"Kjelsrudfyllingen 2","a":30277,"type":"Deponi","status":"Undersøkelser gjennomført"},"geometry":{"type":"Polygon","coordinates":[[[10.86244,59.93842],[10.86252,59.93802],[10.863,59.93746],[10.86323,59.93696],[10.86343,59.93687],[10.86397,59.93688],[10.86438,59.93699],[10.86546,59.93744],[10.86584,59.9369],[10.86509,59.93679],[10.86469,59.93666],[10.86298,59.93641],[10.86102,59.93827],[10.8605,59.93827],[10.8587,59.93727],[10.85838,59.9381],[10.85939,59.93834],[10.8603,59.93871],[10.86059,59.93875],[10.86213,59.9386],[10.86244,59.93842]]]}},{"type":"Feature","properties":{"k":"old","n":"Fornebu, avfallsfylling ved Mar Tek","a":99,"type":"Deponi","status":"Avsluttet"},"geometry":{"type":"Polygon","coordinates":[[[10.59729,59.89538],[10.5972,59.89532],[10.59709,59.89537],[10.59718,59.89542],[10.59729,59.89538]]]}},{"type":"Feature","properties":{"k":"old","n":"TØRKOPP","a":6595,"type":"Deponi","status":"Uavklart"},"geometry":{"type":"Polygon","coordinates":[[[10.48099,59.8135],[10.48039,59.81363],[10.48075,59.81376],[10.48076,59.81405],[10.48179,59.81438],[10.48207,59.81418],[10.48245,59.81405],[10.4825,59.8139],[10.48241,59.81382],[10.48162,59.81357],[10.48099,59.8135]]]}},{"type":"Feature","properties":{"k":"old","n":"Frogner fyllplass","a":1663,"type":"Kommunalt deponi","status":"Uavklart"},"geometry":{"type":"Polygon","coordinates":[[[11.1021,60.02449],[11.10218,60.02442],[11.10174,60.02404],[11.10147,60.024],[11.10134,60.02411],[11.10139,60.02438],[11.1021,60.02449]]]}},{"type":"Feature","properties":{"k":"old","n":"ULVERUD","a":27929,"type":"Deponi","status":"Uavklart"},"geometry":{"type":"Polygon","coordinates":[[[11.24901,59.84003],[11.24968,59.83945],[11.25018,59.83876],[11.2504,59.83859],[11.24913,59.83828],[11.24864,59.83788],[11.24838,59.83828],[11.24779,59.83844],[11.24721,59.83796],[11.2474,59.83907],[11.2473,59.83987],[11.2476,59.83999],[11.24799,59.83999],[11.24832,59.84032],[11.24857,59.8404],[11.24901,59.84003]]]}},{"type":"Feature","properties":{"k":"old","n":"Strømsdalen","a":5432,"type":"Deponi","status":"Uavklart"},"geometry":{"type":"Polygon","coordinates":[[[11.02773,59.9523],[11.02778,59.95243],[11.02891,59.95243],[11.02884,59.95154],[11.02804,59.95163],[11.02773,59.9523]]]}},{"type":"Feature","properties":{"k":"old","n":"THORUD FYLLPLASS","a":19877,"type":"Deponi","status":"Avsluttet"},"geometry":{"type":"Polygon","coordinates":[[[11.15653,59.75623],[11.15664,59.75616],[11.15674,59.75566],[11.15733,59.75548],[11.15744,59.75479],[11.15649,59.75427],[11.156,59.75418],[11.15495,59.75415],[11.15553,59.75477],[11.15531,59.75593],[11.15653,59.75623]]]}},{"type":"Feature","properties":{"k":"old","n":"Store stensrud","a":5595,"type":"Deponi","status":"Uavklart"},"geometry":{"type":"Polygon","coordinates":[[[11.00014,59.9222],[10.99968,59.92191],[10.99892,59.92167],[10.99845,59.92177],[10.99838,59.92206],[10.99884,59.92235],[10.9995,59.92249],[10.99989,59.92242],[11.00014,59.9222]]]}},{"type":"Feature","properties":{"k":"old","n":"Skytebanene i Losby","a":5999,"type":"Deponi","status":"Avsluttet"},"geometry":{"type":"Polygon","coordinates":[[[10.9731,59.89199],[10.97315,59.8919],[10.97289,59.89154],[10.97227,59.89104],[10.97167,59.89074],[10.97104,59.89092],[10.97105,59.89102],[10.97184,59.89136],[10.97279,59.89197],[10.9731,59.89199]]]}},{"type":"Feature","properties":{"k":"old","n":"Freddies Billakkering m.fl.","a":1087,"type":"Deponi","status":"Avsluttet"},"geometry":{"type":"Polygon","coordinates":[[[11.01074,59.95565],[11.01063,59.95581],[11.01145,59.95599],[11.01149,59.95567],[11.01111,59.9557],[11.01074,59.95565]]]}},{"type":"Feature","properties":{"k":"old","n":"EB STRØMMENS VERKSTED","a":62121,"type":"Deponi","status":"Uavklart"},"geometry":{"type":"Polygon","coordinates":[[[11.00916,59.95053],[11.00968,59.95053],[11.01006,59.95041],[11.01038,59.95046],[11.01109,59.95035],[11.01085,59.94979],[11.01029,59.94984],[11.01007,59.94961],[11.00957,59.94972],[11.00935,59.94965],[11.0091,59.94935],[11.00968,59.94923],[11.00836,59.94929],[11.00803,59.94917],[11.00735,59.9487],[11.00667,59.94868],[11.00608,59.94847],[11.0046,59.94849],[11.00384,59.94829],[11.00359,59.94836],[11.0031,59.9487],[11.00313,59.94891],[11.00589,59.95028],[11.00761,59.95064],[11.00842,59.95063],[11.00878,59.95054],[11.00916,59.95053]]]}},{"type":"Feature","properties":{"k":"old","n":"Elvegata avfallsdeponi","a":27,"type":"Kommunalt deponi","status":"Overvåking"},"geometry":{"type":"Polygon","coordinates":[[[11.03288,59.95957],[11.03297,59.95955],[11.03301,59.95951],[11.0329,59.95952],[11.03288,59.95957]]]}},{"type":"Feature","properties":{"k":"old","n":"Elvegata avfallsdeponi","a":557,"type":"Kommunalt deponi","status":"Overvåking"},"geometry":{"type":"Polygon","coordinates":[[[11.03164,59.95906],[11.03157,59.95931],[11.03198,59.95934],[11.03202,59.95919],[11.03164,59.95906]]]}},{"type":"Feature","properties":{"k":"old","n":"Kjeller -avfallsfylling","a":985,"type":"Deponi","status":"Overvåking"},"geometry":{"type":"Polygon","coordinates":[[[11.03237,59.97052],[11.03206,59.97035],[11.03186,59.97034],[11.03171,59.97041],[11.0317,59.97054],[11.03189,59.97067],[11.03222,59.97066],[11.03237,59.97052]]]}},{"type":"Feature","properties":{"k":"old","n":"Dam (gamle søppelplass)","a":1776,"type":"Kommunalt deponi","status":"Avsluttet"},"geometry":{"type":"Polygon","coordinates":[[[10.87452,60.04673],[10.87525,60.04673],[10.87512,60.04646],[10.87463,60.04627],[10.87435,60.04628],[10.87452,60.04673]]]}},{"type":"Feature","properties":{"k":"old","n":"Dølihaugen","a":1852,"type":"Kommunalt deponi","status":"Uavklart"},"geometry":{"type":"Polygon","coordinates":[[[11.16787,60.1348],[11.16674,60.13432],[11.16665,60.13456],[11.16684,60.13472],[11.16749,60.13486],[11.16787,60.1348]]]}},{"type":"Feature","properties":{"k":"old","n":"Dal Skog avfallsdeponi, del av miljøstasjonen Dal","a":221334,"type":"Kommunalt deponi","status":"Avsluttet"},"geometry":{"type":"Polygon","coordinates":[[[11.19475,60.23335],[11.19617,60.23279],[11.19737,60.23213],[11.1975,60.23193],[11.20081,60.23051],[11.20016,60.22941],[11.19882,60.22887],[11.19444,60.22891],[11.19413,60.22838],[11.19096,60.2284],[11.18987,60.22938],[11.1899,60.23114],[11.19327,60.23298],[11.19417,60.23298],[11.19475,60.23335]]]}},{"type":"Feature","properties":{"k":"old","n":"DANIELSETER","a":99,"type":"Deponi","status":"Avsluttet"},"geometry":{"type":"Polygon","coordinates":[[[11.1298,60.20234],[11.12971,60.20229],[11.1296,60.20234],[11.1297,60.20239],[11.1298,60.20234]]]}},{"type":"Feature","properties":{"k":"old","n":"GARDERMOEN FLYSTASJON, FBT lok. 027, SLAMDEPONI","a":99,"type":"Deponi","status":"Avsluttet"},"geometry":{"type":"Polygon","coordinates":[[[11.08166,60.1829],[11.08156,60.18285],[11.08145,60.18289],[11.08155,60.18295],[11.08166,60.1829]]]}},{"type":"Feature","properties":{"k":"old","n":"Høie, Årnes","a":7963,"type":"Kommunalt deponi","status":"Uavklart"},"geometry":{"type":"Polygon","coordinates":[[[11.47717,60.13325],[11.47653,60.13337],[11.47647,60.13351],[11.47697,60.13411],[11.47762,60.13466],[11.4778,60.13478],[11.47805,60.13478],[11.47839,60.13434],[11.47813,60.13436],[11.47779,60.13386],[11.47717,60.13325]]]}},{"type":"Feature","properties":{"k":"old","n":"Ødegård avfallsdeponi","a":67296,"type":"Deponi","status":"Uavklart"},"geometry":{"type":"Polygon","coordinates":[[[11.51442,60.11188],[11.51457,60.11268],[11.51712,60.11265],[11.5172,60.1137],[11.51864,60.11359],[11.5198,60.11365],[11.52066,60.11318],[11.52095,60.1132],[11.52121,60.11339],[11.52169,60.11315],[11.52216,60.11303],[11.52177,60.11176],[11.51766,60.11165],[11.51442,60.11188]]]}},{"type":"Feature","properties":{"k":"old","n":"MORK GÅRD","a":4833,"type":"Deponi","status":"Uavklart"},"geometry":{"type":"Polygon","coordinates":[[[11.23197,60.3176],[11.2315,60.31757],[11.2312,60.31772],[11.23098,60.31822],[11.23108,60.31835],[11.23137,60.31839],[11.23176,60.31824],[11.23222,60.31826],[11.23241,60.31817],[11.23197,60.3176]]]}},{"type":"Feature","properties":{"k":"old","n":"HJERA","a":3626,"type":"Deponi","status":"Uavklart"},"geometry":{"type":"Polygon","coordinates":[[[11.20503,60.28135],[11.20573,60.28117],[11.20593,60.28095],[11.20582,60.28079],[11.20482,60.28083],[11.20442,60.28106],[11.20457,60.28126],[11.20503,60.28135]]]}},{"type":"Feature","properties":{"k":"old","n":"Eidsvoll Skogeierlags planteskole","a":99,"type":"Deponi","status":"Avsluttet"},"geometry":{"type":"Polygon","coordinates":[[[11.2104,60.36663],[11.2103,60.36658],[11.21019,60.36662],[11.21029,60.36668],[11.2104,60.36663]]]}},{"type":"Feature","properties":{"k":"old","n":"BOGSTAD","a":7359,"type":"Deponi","status":"Uavklart"},"geometry":{"type":"Polygon","coordinates":[[[10.64421,59.96134],[10.64379,59.96153],[10.64387,59.96206],[10.64491,59.96236],[10.64536,59.96232],[10.64523,59.96151],[10.64421,59.96134]]]}},{"type":"Feature","properties":{"k":"old","n":"BUKKEN BRUSES VEI","a":3951,"type":"Deponi","status":"Uavklart"},"geometry":{"type":"Polygon","coordinates":[[[10.72033,59.94409],[10.72061,59.94394],[10.72066,59.94373],[10.72017,59.94357],[10.71985,59.94357],[10.71954,59.94365],[10.71928,59.94385],[10.71938,59.94403],[10.71978,59.94417],[10.72033,59.94409]]]}},{"type":"Feature","properties":{"k":"old","n":"GRØNMO SØPPELFYLLPLASS - Kullebunnmyr","a":194421,"type":"Kommunalt deponi","status":"Avsluttet"},"geometry":{"type":"Polygon","coordinates":[[[10.85528,59.84109],[10.85449,59.84116],[10.85435,59.84131],[10.85339,59.84142],[10.85318,59.84199],[10.85215,59.84192],[10.85206,59.84223],[10.85182,59.84246],[10.85332,59.8431],[10.85348,59.84356],[10.85413,59.84364],[10.85422,59.84392],[10.85405,59.84429],[10.85356,59.84466],[10.85269,59.84495],[10.85313,59.84543],[10.85405,59.84522],[10.85445,59.84505],[10.85467,59.84536],[10.85451,59.84551],[10.8542,59.84553],[10.85376,59.84569],[10.85343,59.84569],[10.85304,59.84669],[10.85476,59.84731],[10.85454,59.84778],[10.85501,59.84819],[10.85493,59.84884],[10.85518,59.84892],[10.85521,59.84905],[10.85556,59.8491],[10.85614,59.8486],[10.85644,59.84733],[10.85719,59.84659],[10.85806,59.84607],[10.85845,59.84562],[10.85827,59.8448],[10.85873,59.84376],[10.85926,59.84304],[10.85922,59.84244],[10.85889,59.84205],[10.85783,59.84201],[10.85752,59.84189],[10.85692,59.84191],[10.85657,59.84169],[10.8565,59.84153],[10.85528,59.84109]]]}},{"type":"Feature","properties":{"k":"old","n":"Kjelsrudfyllingen  I","a":148072,"type":"Deponi","status":"Undersøkelser gjennomført"},"geometry":{"type":"Polygon","coordinates":[[[10.86343,59.93687],[10.86397,59.93688],[10.86438,59.93699],[10.86546,59.93744],[10.86585,59.93689],[10.86863,59.93729],[10.86751,59.93605],[10.86354,59.93492],[10.86332,59.93495],[10.86313,59.93488],[10.8631,59.93482],[10.86517,59.93383],[10.8651,59.93369],[10.86464,59.93356],[10.86311,59.93426],[10.86235,59.93405],[10.86184,59.93429],[10.86177,59.93447],[10.86152,59.93468],[10.86079,59.93495],[10.86007,59.93532],[10.85989,59.93551],[10.85933,59.9357],[10.85838,59.9381],[10.85939,59.93834],[10.8603,59.93871],[10.86059,59.93875],[10.86213,59.9386],[10.86244,59.93842],[10.86252,59.93802],[10.863,59.93746],[10.86323,59.93696],[10.86343,59.93687]]]}},{"type":"Feature","properties":{"k":"old","n":"Kjelsrudfyllingen 4","a":99,"type":"Deponi","status":"Uavklart"},"geometry":{"type":"Polygon","coordinates":[[[10.86041,59.9392],[10.86032,59.93914],[10.86021,59.93919],[10.8603,59.93924],[10.86041,59.9392]]]}},{"type":"Feature","properties":{"k":"old","n":"ØDEGÅRDEN, SØRKEDAL","a":115133,"type":"Deponi","status":"Uavklart"},"geometry":{"type":"Polygon","coordinates":[[[10.63196,59.98916],[10.63342,59.98902],[10.63291,59.98835],[10.6327,59.9874],[10.63164,59.98742],[10.63151,59.9869],[10.63184,59.98678],[10.6317,59.98654],[10.6318,59.9864],[10.63201,59.98635],[10.63253,59.98589],[10.63237,59.9854],[10.63241,59.98514],[10.633,59.9846],[10.63324,59.98407],[10.63253,59.98346],[10.63251,59.98355],[10.6318,59.98393],[10.63123,59.9846],[10.63107,59.98492],[10.63101,59.98594],[10.63085,59.98627],[10.63055,59.98649],[10.63029,59.98656],[10.62954,59.98662],[10.62856,59.98602],[10.62621,59.98611],[10.62664,59.98639],[10.62765,59.98677],[10.62786,59.98701],[10.62745,59.98774],[10.62772,59.98912],[10.62868,59.98904],[10.629,59.98948],[10.63196,59.98916]]]}},{"type":"Feature","properties":{"k":"old","n":"Smalvollveien  10","a":2595,"type":"Deponi","status":"Uavklart"},"geometry":{"type":"Polygon","coordinates":[[[10.83198,59.91505],[10.83156,59.91484],[10.83102,59.91515],[10.83146,59.91554],[10.8322,59.91519],[10.83198,59.91505]]]}},{"type":"Feature","properties":{"k":"old","n":"Smalvollveien 48","a":9647,"type":"Deponi","status":"Uavklart"},"geometry":{"type":"Polygon","coordinates":[[[10.83897,59.92049],[10.83841,59.92014],[10.83761,59.92046],[10.83824,59.92085],[10.83709,59.92132],[10.83739,59.92162],[10.83963,59.9209],[10.83897,59.92049]]]}},{"type":"Feature","properties":{"k":"old","n":"Motor-crossbanen","a":11504,"type":"Deponi","status":"Avsluttet"},"geometry":{"type":"Polygon","coordinates":[[[10.87689,59.93824],[10.87718,59.93781],[10.87711,59.93775],[10.87678,59.93824],[10.87508,59.93685],[10.87421,59.93711],[10.87498,59.93778],[10.87496,59.93789],[10.87515,59.93805],[10.87646,59.93859],[10.87689,59.93824]]]}},{"type":"Feature","properties":{"k":"old","n":"Oslo Energi","a":1399,"type":"Deponi","status":"Avsluttet"},"geometry":{"type":"Polygon","coordinates":[[[10.88682,59.93957],[10.88779,59.93928],[10.88788,59.93905],[10.8884,59.93899],[10.88855,59.93902],[10.88891,59.93929],[10.88946,59.93927],[10.88973,59.93933],[10.88947,59.93925],[10.88893,59.93927],[10.88858,59.939],[10.88842,59.93897],[10.88786,59.93903],[10.88777,59.93926],[10.88727,59.93939],[10.88654,59.93887],[10.88404,59.93868],[10.88352,59.93848],[10.88366,59.9386],[10.88401,59.9387],[10.88642,59.93888],[10.88666,59.93895],[10.88717,59.93943],[10.88582,59.93989],[10.88654,59.93971],[10.88682,59.93957]]]}},{"type":"Feature","properties":{"k":"old","n":"Oslo Energi","a":154617,"type":"Deponi","status":"Avsluttet"},"geometry":{"type":"Polygon","coordinates":[[[10.88669,59.94567],[10.88672,59.94576],[10.887,59.94574],[10.88703,59.94516],[10.88677,59.94517],[10.88619,59.94444],[10.88636,59.94442],[10.88683,59.94323],[10.88779,59.94326],[10.88783,59.94317],[10.88788,59.94279],[10.88777,59.94234],[10.88737,59.94182],[10.88703,59.94153],[10.88581,59.94176],[10.8839,59.94115],[10.88428,59.94149],[10.88561,59.94231],[10.88625,59.94296],[10.88622,59.94392],[10.88603,59.94429],[10.88514,59.94338],[10.88133,59.93994],[10.88142,59.93971],[10.88217,59.93956],[10.88302,59.94036],[10.88245,59.93965],[10.88256,59.93963],[10.88285,59.93977],[10.88332,59.9397],[10.88378,59.93973],[10.88405,59.9397],[10.88267,59.9391],[10.88242,59.93892],[10.88231,59.93897],[10.88242,59.93933],[10.88234,59.93943],[10.88146,59.93959],[10.88102,59.93957],[10.88023,59.93997],[10.88063,59.93991],[10.88087,59.93998],[10.88483,59.94349],[10.88519,59.94394],[10.88535,59.94438],[10.88532,59.94482],[10.88311,59.94511],[10.88139,59.94406],[10.8815,59.94402],[10.88115,59.94393],[10.88012,59.94316],[10.87811,59.94077],[10.87803,59.94057],[10.87816,59.94047],[10.87776,59.94061],[10.87781,59.94067],[10.8773,59.94079],[10.8771,59.94073],[10.87694,59.94055],[10.8762,59.94095],[10.87645,59.9411],[10.87668,59.94109],[10.87698,59.94127],[10.87699,59.94136],[10.87649,59.94139],[10.87631,59.94146],[10.87617,59.94167],[10.87591,59.94179],[10.87556,59.94185],[10.87633,59.94242],[10.87663,59.94252],[10.87641,59.9426],[10.87694,59.94297],[10.87731,59.94308],[10.87927,59.94301],[10.87938,59.94311],[10.87933,59.94336],[10.87876,59.94364],[10.87833,59.94414],[10.87756,59.94432],[10.87708,59.94451],[10.877,59.94463],[10.87704,59.94472],[10.87728,59.94481],[10.87802,59.94495],[10.87814,59.94542],[10.87867,59.94538],[10.8792,59.94557],[10.87937,59.9454],[10.87999,59.9453],[10.8803,59.94535],[10.88082,59.94558],[10.88173,59.94553],[10.882,59.94522],[10.88214,59.94521],[10.88239,59.94527],[10.88221,59.9454],[10.88234,59.94548],[10.88293,59.94536],[10.88303,59.94559],[10.88345,59.94573],[10.88394,59.94563],[10.88462,59.94561],[10.88518,59.9452],[10.88576,59.94525],[10.8858,59.94531],[10.88552,59.94543],[10.88558,59.94587],[10.88645,59.94578],[10.88669,59.94567]]]}},{"type":"Feature","properties":{"k":"old","n":"Forurenset og forsøplet grunn på Torp Mellom","a":1673,"type":"Deponi","status":"Undersøkelser gjennomført"},"geometry":{"type":"Polygon","coordinates":[[[11.01282,59.24441],[11.01243,59.24433],[11.0121,59.24473],[11.01178,59.24482],[11.01213,59.24498],[11.01242,59.24486],[11.01282,59.24441]]]}},{"type":"Feature","properties":{"k":"old","n":"Asak Massemottak AS","a":129825,"type":"Deponi","status":"Tiltak igangsatt"},"geometry":{"type":"Polygon","coordinates":[[[11.183,60.04071],[11.18461,60.04073],[11.18499,60.03948],[11.1859,60.03782],[11.18667,60.03692],[11.18718,60.03656],[11.18594,60.03458],[11.18429,60.03423],[11.18403,60.03316],[11.18386,60.03306],[11.1832,60.03301],[11.18271,60.0331],[11.183,60.04071]]]}},{"type":"Feature","properties":{"k":"old","n":"Herstua Miljø AS","a":76102,"type":"Deponi","status":"Undersøkelser igangsatt"},"geometry":{"type":"Polygon","coordinates":[[[11.06988,60.25066],[11.07238,60.25107],[11.07651,60.25001],[11.07562,60.2499],[11.07184,60.24807],[11.0698,60.24849],[11.06938,60.24864],[11.06928,60.24949],[11.06982,60.24994],[11.06988,60.25066]]]}},{"type":"Feature","properties":{"k":"old","n":"Lier avfallsdeponi ","a":29076,"type":"Deponi","status":"Avsluttet"},"geometry":{"type":"Polygon","coordinates":[[[10.24299,59.8125],[10.24313,59.81214],[10.24259,59.81191],[10.24213,59.8118],[10.24191,59.81164],[10.24096,59.81153],[10.23983,59.81176],[10.23901,59.81206],[10.23981,59.81267],[10.2407,59.81284],[10.24172,59.81339],[10.24197,59.81338],[10.24281,59.81307],[10.24299,59.8125]]]}},{"type":"Feature","properties":{"k":"old","n":"Lindum Egge AS","a":63084,"type":"Deponi","status":"Uavklart"},"geometry":{"type":"Polygon","coordinates":[[[10.22373,59.81954],[10.22374,59.81812],[10.22323,59.81724],[10.22223,59.81746],[10.22204,59.81743],[10.22182,59.81735],[10.22138,59.81693],[10.22106,59.81706],[10.22062,59.81713],[10.22097,59.81748],[10.22078,59.81765],[10.22045,59.81769],[10.21991,59.81764],[10.21971,59.81752],[10.2191,59.81756],[10.21853,59.8177],[10.21749,59.81786],[10.21748,59.81842],[10.21786,59.81889],[10.21966,59.81908],[10.22225,59.81914],[10.2228,59.81937],[10.22373,59.81954]]]}},{"type":"Feature","properties":{"k":"old","n":"ALVIM","a":99,"type":"Kommunalt deponi","status":"Avsluttet"},"geometry":{"type":"Polygon","coordinates":[[[11.07853,59.27052],[11.07844,59.27047],[11.07833,59.27051],[11.07843,59.27057],[11.07853,59.27052]]]}},{"type":"Feature","properties":{"k":"old","n":"MOSS HAVN","a":10531,"type":"Deponi","status":"Uavklart"},"geometry":{"type":"Polygon","coordinates":[[[10.65495,59.43131],[10.65689,59.43068],[10.65685,59.43008],[10.6549,59.43022],[10.65495,59.43131]]]}},{"type":"Feature","properties":{"k":"old","n":"Solgård avfallsplass (SOLGÅRD SKOG)","a":170,"type":"Kommunalt deponi","status":"Avsluttet"},"geometry":{"type":"Polygon","coordinates":[[[10.70794,59.44361],[10.70769,59.44349],[10.70759,59.4435],[10.70761,59.44362],[10.70794,59.44361]]]}},{"type":"Feature","properties":{"k":"old","n":"Trolldalen","a":3120,"type":"Kommunalt deponi","status":"Avsluttet"},"geometry":{"type":"Polygon","coordinates":[[[10.68972,59.46104],[10.68962,59.46071],[10.68898,59.4608],[10.68963,59.46192],[10.68975,59.46191],[10.68972,59.46104]]]}},{"type":"Feature","properties":{"k":"old","n":"Heistadmoen fylling i myr ved bane C-8","a":187,"type":"Deponi","status":"Uavklart"},"geometry":{"type":"Polygon","coordinates":[[[9.62474,59.59917],[9.62519,59.59918],[9.62489,59.59912],[9.62474,59.59917]]]}},{"type":"Feature","properties":{"k":"old","n":"Rygge hovedflystasjon - Fylling vest","a":2938,"type":"Deponi","status":"Uavklart"},"geometry":{"type":"Polygon","coordinates":[[[10.76011,59.38615],[10.7606,59.38651],[10.76202,59.38631],[10.76116,59.38607],[10.76011,59.38615]]]}},{"type":"Feature","properties":{"k":"old","n":"Frolandsveien 68 - Forurensede fyllmasser","a":36,"type":"Deponi","status":"Uavklart"},"geometry":{"type":"Polygon","coordinates":[[[8.7371,58.46488],[8.73718,58.46483],[8.73713,58.4648],[8.73708,58.46482],[8.73704,58.46486],[8.7371,58.46488]]]}},{"type":"Feature","properties":{"k":"old","n":"Kjæråsen","a":101522,"type":"Deponi","status":"Uavklart"},"geometry":{"type":"Polygon","coordinates":[[[10.96497,59.21917],[10.96372,59.21992],[10.96334,59.22059],[10.96236,59.22105],[10.96383,59.22271],[10.96463,59.22316],[10.96598,59.22371],[10.96702,59.22358],[10.96841,59.22308],[10.96818,59.22212],[10.96658,59.22077],[10.96741,59.22061],[10.96638,59.21984],[10.96497,59.21917]]]}},{"type":"Feature","properties":{"k":"old","n":"KONGSVINGER TRAVBANE","a":28111,"type":"Kommunalt deponi","status":"Avsluttet"},"geometry":{"type":"Polygon","coordinates":[[[12.00565,60.19229],[12.00744,60.19156],[12.00794,60.19146],[12.00785,60.19132],[12.00881,60.1911],[12.00865,60.19068],[12.00838,60.19065],[12.00813,60.19079],[12.00704,60.19093],[12.00671,60.1909],[12.0062,60.19071],[12.00355,60.19179],[12.00422,60.19237],[12.0046,60.19226],[12.00512,60.19246],[12.00565,60.19229]]]}},{"type":"Feature","properties":{"k":"old","n":"SK5 Riisveien/Kjellerstuveien","a":3357,"type":"Deponi","status":"Uavklart"},"geometry":{"type":"Polygon","coordinates":[[[11.04213,59.97564],[11.04238,59.97521],[11.04229,59.97494],[11.04288,59.97393],[11.04254,59.97388],[11.04202,59.97495],[11.04212,59.97517],[11.04173,59.97545],[11.04213,59.97564]]]}},{"type":"Feature","properties":{"k":"old","n":"Skøienhagan/Vensli","a":1810,"type":"Deponi","status":"Uavklart"},"geometry":{"type":"Polygon","coordinates":[[[11.33184,60.81991],[11.33221,60.81977],[11.33214,60.8196],[11.33133,60.81959],[11.33113,60.81974],[11.33131,60.81988],[11.3316,60.81994],[11.33184,60.81991]]]}},{"type":"Feature","properties":{"k":"old","n":"ANDERKVERN","a":66100,"type":"Deponi","status":"Uavklart"},"geometry":{"type":"Polygon","coordinates":[[[10.72889,60.93089],[10.72561,60.92933],[10.72326,60.93063],[10.72407,60.93114],[10.72614,60.93218],[10.72754,60.93272],[10.72995,60.9314],[10.72889,60.93089]]]}},{"type":"Feature","properties":{"k":"old","n":"HEGGVIN AVFALLSPLASS","a":224928,"type":"Kommunalt deponi","status":"Uavklart"},"geometry":{"type":"Polygon","coordinates":[[[11.26932,60.85479],[11.27905,60.85454],[11.2788,60.85377],[11.27878,60.85266],[11.27852,60.85174],[11.27809,60.85125],[11.27676,60.85072],[11.27659,60.85037],[11.2763,60.85012],[11.27448,60.85006],[11.27346,60.85039],[11.27396,60.85117],[11.27069,60.85138],[11.26993,60.85121],[11.26916,60.85172],[11.26868,60.85335],[11.26867,60.85473],[11.26932,60.85479]]]}},{"type":"Feature","properties":{"k":"old","n":"LINDERUD GÅRD","a":99,"type":"Deponi","status":"Avsluttet"},"geometry":{"type":"Polygon","coordinates":[[[11.31546,60.63353],[11.31536,60.63348],[11.31525,60.63353],[11.31535,60.63358],[11.31546,60.63353]]]}},{"type":"Feature","properties":{"k":"old","n":"SLETTHOLEN FYLLPLASS","a":19602,"type":"Kommunalt deponi","status":"Uavklart"},"geometry":{"type":"Polygon","coordinates":[[[11.44307,60.45185],[11.44197,60.45296],[11.44209,60.45339],[11.44278,60.45358],[11.44334,60.45362],[11.44384,60.45353],[11.44403,60.4534],[11.44489,60.45255],[11.44424,60.45226],[11.44377,60.45213],[11.44346,60.45194],[11.44307,60.45185]]]}},{"type":"Feature","properties":{"k":"old","n":"KROKEN","a":138170,"type":"Kommunalt deponi","status":"Uavklart"},"geometry":{"type":"Polygon","coordinates":[[[12.02943,60.4172],[12.02827,60.41721],[12.02753,60.41769],[12.02633,60.41767],[12.02693,60.41948],[12.02649,60.42154],[12.02851,60.42182],[12.03225,60.42064],[12.03493,60.42036],[12.03313,60.41898],[12.03278,60.41847],[12.02942,60.41832],[12.02943,60.4172]]]}},{"type":"Feature","properties":{"k":"old","n":"JØMNA BRUG A/S","a":28218,"type":"Deponi","status":"Uavklart"},"geometry":{"type":"Polygon","coordinates":[[[11.71323,60.80653],[11.71338,60.8062],[11.71509,60.80615],[11.71511,60.80658],[11.71519,60.80655],[11.71517,60.80606],[11.7149,60.80554],[11.71417,60.80522],[11.7135,60.80481],[11.7126,60.80478],[11.71184,60.80466],[11.71163,60.80459],[11.71163,60.8044],[11.71144,60.8044],[11.71123,60.80451],[11.71109,60.80473],[11.71123,60.80511],[11.71109,60.80533],[11.71166,60.80546],[11.71213,60.80565],[11.71194,60.80571],[11.71186,60.80589],[11.71232,60.80591],[11.71219,60.8064],[11.71167,60.80636],[11.71166,60.80641],[11.71323,60.80653]],[[11.71338,60.80583],[11.71336,60.80606],[11.7132,60.80611],[11.71297,60.80596],[11.71338,60.80583]]]}},{"type":"Feature","properties":{"k":"old","n":"Terningmoen- fyllplass bak invnr 114","a":760,"type":"Deponi","status":"Undersøkelser gjennomført"},"geometry":{"type":"Polygon","coordinates":[[[11.53305,60.88148],[11.53302,60.88115],[11.53272,60.88117],[11.53279,60.88156],[11.53328,60.88154],[11.53328,60.88148],[11.53305,60.88148]]]}},{"type":"Feature","properties":{"k":"old","n":"DJUPBEKKMOEN SPESIALAVFALLSMOTTAK","a":39798,"type":"Deponi","status":"Uavklart"},"geometry":{"type":"Polygon","coordinates":[[[12.29714,61.27802],[12.29735,61.27798],[12.29793,61.27767],[12.30067,61.27582],[12.30096,61.27516],[12.2998,61.27529],[12.29958,61.27544],[12.29668,61.27583],[12.29649,61.27622],[12.29673,61.2763],[12.29697,61.27656],[12.29684,61.27675],[12.29581,61.27718],[12.29592,61.27734],[12.29585,61.27748],[12.29687,61.27765],[12.29688,61.27789],[12.29714,61.27802]]]}},{"type":"Feature","properties":{"k":"old","n":"ATNA","a":3210,"type":"Deponi","status":"Uavklart"},"geometry":{"type":"Polygon","coordinates":[[[10.88977,61.6594],[10.88928,61.65954],[10.88922,61.65971],[10.88923,61.65996],[10.88933,61.66004],[10.88969,61.6601],[10.88996,61.66002],[10.89026,61.65968],[10.89011,61.65946],[10.88977,61.6594]]]}},{"type":"Feature","properties":{"k":"old","n":"SOLLITANGEN","a":178,"type":"Kommunalt deponi","status":"Uavklart"},"geometry":{"type":"Polygon","coordinates":[[[10.48465,61.78929],[10.48481,61.78919],[10.48463,61.78911],[10.48455,61.78912],[10.48465,61.78929]]]}},{"type":"Feature","properties":{"k":"old","n":"Kjøkøy fort","a":351,"type":"Deponi","status":"Avsluttet"},"geometry":{"type":"Polygon","coordinates":[[[10.95141,59.13332],[10.95127,59.13354],[10.95141,59.13366],[10.95159,59.13336],[10.95141,59.13332]]]}},{"type":"Feature","properties":{"k":"old","n":"KVÆRNER MESNA A/S - DEPONI","a":2692,"type":"Deponi","status":"Uavklart"},"geometry":{"type":"Polygon","coordinates":[[[10.45207,61.11311],[10.45144,61.11328],[10.45207,61.11382],[10.4527,61.11365],[10.45207,61.11311]]]}},{"type":"Feature","properties":{"k":"old","n":"ØSD,Eternitdeponi på rauøy","a":176,"type":"Deponi","status":"Uavklart"},"geometry":{"type":"Polygon","coordinates":[[[10.69715,59.22922],[10.69729,59.22916],[10.69716,59.22909],[10.69702,59.22915],[10.69715,59.22922]]]}},{"type":"Feature","properties":{"k":"old","n":"O. MUSTAD & SØN A/S / ALFARVEGEN","a":1532,"type":"Deponi","status":"Avsluttet"},"geometry":{"type":"Polygon","coordinates":[[[10.66524,60.78902],[10.66594,60.78906],[10.66651,60.78867],[10.666,60.78864],[10.66524,60.78902]]]}},{"type":"Feature","properties":{"k":"old","n":"LOMOEN","a":8145,"type":"Kommunalt deponi","status":"Uavklart"},"geometry":{"type":"Polygon","coordinates":[[[9.73902,61.59531],[9.73966,61.59554],[9.74087,61.5948],[9.73925,61.5946],[9.73841,61.59458],[9.7387,61.59524],[9.73902,61.59531]]]}},{"type":"Feature","properties":{"k":"old","n":"BRYNSMOEN","a":13374,"type":"Kommunalt deponi","status":"Uavklart"},"geometry":{"type":"Polygon","coordinates":[[[9.74284,61.58665],[9.74098,61.58653],[9.74185,61.5878],[9.74371,61.58793],[9.74284,61.58665]]]}},{"type":"Feature","properties":{"k":"old","n":"ÅMILLOM","a":99,"type":"Kommunalt deponi","status":"Avsluttet"},"geometry":{"type":"Polygon","coordinates":[[[10.14599,61.52409],[10.14589,61.52403],[10.14577,61.52408],[10.14587,61.52413],[10.14599,61.52409]]]}},{"type":"Feature","properties":{"k":"old","n":"SKJÆRINGEN","a":99,"type":"Kommunalt deponi","status":"Uavklart"},"geometry":{"type":"Polygon","coordinates":[[[10.57038,61.69944],[10.57028,61.69939],[10.57017,61.69943],[10.57027,61.69949],[10.57038,61.69944]]]}},{"type":"Feature","properties":{"k":"old","n":"GRUSTAK, GAUSDAL BILRUTER","a":2953,"type":"Deponi","status":"Uavklart"},"geometry":{"type":"Polygon","coordinates":[[[10.13482,61.19403],[10.1347,61.19364],[10.13343,61.19375],[10.13361,61.19413],[10.13482,61.19403]]]}},{"type":"Feature","properties":{"k":"old","n":"GJESTRUMBRUDDET","a":9130,"type":"Deponi","status":"Uavklart"},"geometry":{"type":"Polygon","coordinates":[[[10.67048,60.6764],[10.67439,60.67675],[10.67465,60.67643],[10.67414,60.6763],[10.67186,60.67631],[10.67032,60.67617],[10.66907,60.67599],[10.66881,60.67627],[10.67048,60.6764]]]}},{"type":"Feature","properties":{"k":"old","n":"Raufoss Industripark - hydroksiddeponiet","a":4970,"type":"Deponi","status":"Avsluttet"},"geometry":{"type":"Polygon","coordinates":[[[10.6113,60.73599],[10.61051,60.73618],[10.61036,60.73662],[10.6116,60.73681],[10.61183,60.73624],[10.6113,60.73599]]]}},{"type":"Feature","properties":{"k":"old","n":"BRADALSMYRA - ASKEFYLLING","a":1014,"type":"Deponi","status":"Uavklart"},"geometry":{"type":"Polygon","coordinates":[[[10.54342,60.71138],[10.54377,60.71139],[10.54411,60.7113],[10.54412,60.71112],[10.54352,60.71113],[10.54342,60.71138]]]}},{"type":"Feature","properties":{"k":"old","n":"BJØRGE AVFALLSPLASS","a":99,"type":"Kommunalt deponi","status":"Uavklart"},"geometry":{"type":"Polygon","coordinates":[[[10.57304,60.32776],[10.57294,60.32771],[10.57284,60.32776],[10.57293,60.32781],[10.57304,60.32776]]]}},{"type":"Feature","properties":{"k":"old","n":"VINJARMOEN","a":5414,"type":"Kommunalt deponi","status":"Uavklart"},"geometry":{"type":"Polygon","coordinates":[[[10.04371,60.83321],[10.04485,60.83305],[10.04485,60.83244],[10.04411,60.83223],[10.04357,60.83283],[10.04371,60.83321]]]}},{"type":"Feature","properties":{"k":"old","n":"OLMHUS FYLLPLASS","a":514,"type":"Kommunalt deponi","status":"Uavklart"},"geometry":{"type":"Polygon","coordinates":[[[9.64528,60.77067],[9.64498,60.77088],[9.64505,60.77093],[9.64529,60.77092],[9.64548,60.77081],[9.64543,60.77069],[9.64528,60.77067]]]}},{"type":"Feature","properties":{"k":"old","n":"LINDUM AVFALLSPLASS","a":189232,"type":"Kommunalt deponi","status":"Uavklart"},"geometry":{"type":"Polygon","coordinates":[[[10.27387,59.69082],[10.2777,59.69066],[10.27748,59.68994],[10.2777,59.68937],[10.27827,59.68902],[10.27846,59.68898],[10.27741,59.68811],[10.27539,59.68592],[10.27413,59.68598],[10.27367,59.68571],[10.27267,59.68451],[10.27148,59.68443],[10.26938,59.6846],[10.26911,59.68488],[10.26945,59.68531],[10.27005,59.68572],[10.27005,59.68601],[10.26976,59.68607],[10.26997,59.68695],[10.27073,59.68722],[10.27154,59.68731],[10.27224,59.68822],[10.27238,59.68868],[10.27287,59.68903],[10.27343,59.68925],[10.27336,59.68995],[10.27349,59.69049],[10.27387,59.69082]]]}},{"type":"Feature","properties":{"k":"old","n":"BANGELØKKA","a":3027,"type":"Kommunalt deponi","status":"Avsluttet"},"geometry":{"type":"Polygon","coordinates":[[[10.21678,59.73447],[10.21727,59.73402],[10.21662,59.73383],[10.21606,59.734],[10.21607,59.73414],[10.21613,59.73437],[10.21636,59.73436],[10.21678,59.73447]]]}},{"type":"Feature","properties":{"k":"old","n":"BANGELØKKA","a":52760,"type":"Kommunalt deponi","status":"Avsluttet"},"geometry":{"type":"Polygon","coordinates":[[[10.21478,59.73229],[10.21516,59.73274],[10.21498,59.7328],[10.21504,59.7329],[10.21528,59.7328],[10.21561,59.73303],[10.21522,59.73318],[10.21534,59.73326],[10.21546,59.73322],[10.21581,59.73342],[10.2155,59.73355],[10.21599,59.7339],[10.21709,59.73353],[10.21615,59.73297],[10.21639,59.73276],[10.21613,59.73262],[10.21635,59.73252],[10.21599,59.73238],[10.21631,59.73195],[10.21618,59.73186],[10.21805,59.73128],[10.22117,59.73065],[10.22201,59.73045],[10.22303,59.7301],[10.2232,59.7301],[10.22317,59.73005],[10.2246,59.72925],[10.22441,59.72914],[10.22316,59.72987],[10.22221,59.73024],[10.22122,59.73051],[10.22017,59.73063],[10.22024,59.73071],[10.21997,59.73076],[10.22003,59.73066],[10.21922,59.73082],[10.21914,59.73077],[10.21884,59.73083],[10.21891,59.73075],[10.21855,59.73034],[10.21786,59.73056],[10.21758,59.73026],[10.2167,59.73057],[10.21689,59.73085],[10.21721,59.73111],[10.21741,59.73116],[10.21686,59.73133],[10.21617,59.73074],[10.21559,59.73081],[10.21489,59.73098],[10.21436,59.73115],[10.21441,59.7312],[10.21426,59.73125],[10.21484,59.73173],[10.2149,59.73192],[10.21668,59.73139],[10.20958,59.73374],[10.20966,59.73381],[10.20899,59.73404],[10.20909,59.73413],[10.21478,59.73229]]]}},{"type":"Feature","properties":{"k":"old","n":"DRAMMEN TRAVBANE","a":715,"type":"Kommunalt deponi","status":"Uavklart"},"geometry":{"type":"Polygon","coordinates":[[[10.11715,59.75723],[10.11711,59.75717],[10.11539,59.75739],[10.11541,59.75746],[10.11715,59.75723]]]}},{"type":"Feature","properties":{"k":"old","n":"Drammen Klisjeoffset","a":8291,"type":"Deponi","status":"Uavklart"},"geometry":{"type":"Polygon","coordinates":[[[10.21125,59.73672],[10.2087,59.73762],[10.20932,59.73804],[10.21144,59.73711],[10.21125,59.73672]]]}},{"type":"Feature","properties":{"k":"old","n":"HVITTINGFOSS FYLLPLASS","a":4207,"type":"Kommunalt deponi","status":"Uavklart"},"geometry":{"type":"Polygon","coordinates":[[[9.99889,59.47656],[9.99902,59.47622],[9.99955,59.47572],[9.99926,59.47554],[9.9985,59.47578],[9.99823,59.47618],[9.99854,59.47643],[9.99889,59.47656]]]}},{"type":"Feature","properties":{"k":"old","n":"Saggrenda Bilopphoggeri","a":14698,"type":"Deponi","status":"Uavklart"},"geometry":{"type":"Polygon","coordinates":[[[9.59976,59.62453],[9.59978,59.62431],[9.60016,59.62418],[9.60053,59.62418],[9.60082,59.62403],[9.601,59.62383],[9.60093,59.6237],[9.60057,59.62356],[9.59959,59.62359],[9.59915,59.62369],[9.59813,59.62409],[9.59795,59.62425],[9.59802,59.6244],[9.59877,59.6249],[9.59916,59.62487],[9.59976,59.62453]]]}},{"type":"Feature","properties":{"k":"old","n":"Arsenalet på Kongsgårdsmoen 7","a":98,"type":"Deponi","status":"Avsluttet"},"geometry":{"type":"Polygon","coordinates":[[[9.64286,59.62682],[9.64296,59.62677],[9.64286,59.62672],[9.64276,59.62677],[9.64286,59.62682]]]}},{"type":"Feature","properties":{"k":"old","n":"Helgelandsmoen - avfallsfylling 2","a":2002,"type":"Deponi","status":"Avsluttet"},"geometry":{"type":"Polygon","coordinates":[[[10.21174,60.10642],[10.21235,60.10652],[10.21254,60.10636],[10.21255,60.10616],[10.21219,60.10605],[10.2119,60.10606],[10.21174,60.10642]]]}},{"type":"Feature","properties":{"k":"old","n":"SLAMDEPONI / FLISFYLLING SVØO SAG OG HØVLERI","a":766,"type":"Kommunalt deponi","status":"Avsluttet"},"geometry":{"type":"Polygon","coordinates":[[[8.9169,60.72056],[8.91653,60.72065],[8.91661,60.72077],[8.91712,60.72081],[8.91725,60.72063],[8.9171,60.72056],[8.9169,60.72056]]]}},{"type":"Feature","properties":{"k":"old","n":"OLSGARD","a":6479,"type":"Deponi","status":"Uavklart"},"geometry":{"type":"Polygon","coordinates":[[[8.91906,60.71526],[8.9203,60.71518],[8.92083,60.71474],[8.92101,60.71432],[8.92058,60.714],[8.91906,60.71526]]]}},{"type":"Feature","properties":{"k":"old","n":"HAGASKOGEN SLAMLAGUNE (SLAMLAGUNE)","a":99,"type":"Kommunalt deponi","status":"Uavklart"},"geometry":{"type":"Polygon","coordinates":[[[8.7634,60.66233],[8.76331,60.66228],[8.76319,60.66232],[8.76329,60.66238],[8.7634,60.66233]]]}},{"type":"Feature","properties":{"k":"old","n":"SLETTEMOEN AVFALLSPLASS","a":99,"type":"Kommunalt deponi","status":"Uavklart"},"geometry":{"type":"Polygon","coordinates":[[[9.81656,60.09626],[9.81647,60.0962],[9.81636,60.09625],[9.81645,60.0963],[9.81656,60.09626]]]}},{"type":"Feature","properties":{"k":"old","n":"BRAKET","a":99,"type":"Kommunalt deponi","status":"Uavklart"},"geometry":{"type":"Polygon","coordinates":[[[9.60686,60.18887],[9.60676,60.18882],[9.60665,60.18886],[9.60675,60.18892],[9.60686,60.18887]]]}},{"type":"Feature","properties":{"k":"old","n":"ENGER FYLLPLASS","a":193376,"type":"Kommunalt deponi","status":"Uavklart"},"geometry":{"type":"Polygon","coordinates":[[[9.91989,59.88913],[9.9201,59.88917],[9.92039,59.88909],[9.92243,59.88829],[9.92286,59.88792],[9.92287,59.88766],[9.9222,59.88783],[9.92187,59.88747],[9.92179,59.88694],[9.92134,59.88672],[9.921,59.88643],[9.91913,59.8865],[9.91788,59.88648],[9.91754,59.88624],[9.91787,59.88583],[9.91824,59.88566],[9.91817,59.88564],[9.9199,59.88522],[9.92088,59.88506],[9.92075,59.88489],[9.92153,59.88474],[9.92133,59.88432],[9.92111,59.88421],[9.92063,59.88459],[9.92032,59.88474],[9.91982,59.88435],[9.91909,59.88448],[9.91771,59.88459],[9.91756,59.88459],[9.91755,59.88451],[9.91662,59.88449],[9.9161,59.88439],[9.91619,59.88398],[9.91686,59.88386],[9.91631,59.88367],[9.91504,59.8835],[9.91487,59.88369],[9.91495,59.88414],[9.91481,59.88446],[9.91444,59.88469],[9.9138,59.88491],[9.91402,59.88559],[9.91361,59.8861],[9.91349,59.88612],[9.91362,59.88639],[9.91297,59.88644],[9.91286,59.88623],[9.91209,59.88619],[9.9123,59.88581],[9.91148,59.8856],[9.91148,59.88571],[9.91098,59.8861],[9.91098,59.88623],[9.91211,59.88681],[9.91321,59.88719],[9.91371,59.88758],[9.91401,59.88722],[9.91415,59.88726],[9.9142,59.88721],[9.91469,59.88738],[9.91523,59.88789],[9.91627,59.88841],[9.91899,59.8892],[9.91989,59.88913]]]}},{"type":"Feature","properties":{"k":"old","n":"Vikersund avfallsplass","a":22008,"type":"Kommunalt deponi","status":"Uavklart"},"geometry":{"type":"Polygon","coordinates":[[[10.00202,59.96477],[10.00256,59.96494],[10.00461,59.96465],[10.00443,59.96346],[10.00465,59.9631],[10.0044,59.96259],[10.00412,59.96233],[10.00291,59.96256],[10.00365,59.96353],[10.00349,59.96386],[10.00259,59.96424],[10.00243,59.96458],[10.00202,59.96477]]]}},{"type":"Feature","properties":{"k":"old","n":"HOLLEIA SEPTIKLAGER","a":99,"type":"Kommunalt deponi","status":"Uavklart"},"geometry":{"type":"Polygon","coordinates":[[[9.95524,60.00462],[9.95515,60.00457],[9.95504,60.00461],[9.95514,60.00467],[9.95524,60.00462]]]}},{"type":"Feature","properties":{"k":"old","n":"KATFOSS FABRIKKER A/S","a":41503,"type":"Deponi","status":"Uavklart"},"geometry":{"type":"Polygon","coordinates":[[[9.95866,59.93314],[9.958,59.93286],[9.95729,59.93295],[9.9569,59.93281],[9.95606,59.93149],[9.95412,59.93173],[9.95473,59.9325],[9.95648,59.9338],[9.9575,59.93478],[9.95804,59.93466],[9.95867,59.9343],[9.9588,59.93406],[9.95877,59.9337],[9.95917,59.93329],[9.95866,59.93314]]]}},{"type":"Feature","properties":{"k":"old","n":"Kjerkevegen 54","a":4188,"type":"Deponi","status":"Tiltak gjennomført"},"geometry":{"type":"Polygon","coordinates":[[[11.15364,60.08546],[11.15347,60.08554],[11.15343,60.0859],[11.15365,60.08646],[11.15358,60.08672],[11.153,60.08721],[11.15271,60.08731],[11.15266,60.08739],[11.15296,60.08739],[11.15377,60.08685],[11.15393,60.08542],[11.15364,60.08546]]]}},{"type":"Feature","properties":{"k":"old","n":"Teigen Skraphandler","a":5550,"type":"Deponi","status":"Uavklart"},"geometry":{"type":"Polygon","coordinates":[[[9.89418,59.8442],[9.89385,59.84392],[9.89261,59.84405],[9.89258,59.84453],[9.89243,59.84467],[9.89439,59.8444],[9.89418,59.8442]]]}},{"type":"Feature","properties":{"k":"old","n":"FLISA INDUSTRIAVFALLSPLASS, KROKSTAD CELLULOSEFAB.","a":7499,"type":"Deponi","status":"Uavklart"},"geometry":{"type":"Polygon","coordinates":[[[9.99494,59.75622],[9.99469,59.75621],[9.99468,59.75614],[9.99479,59.75615],[9.99447,59.75572],[9.99312,59.75613],[9.99317,59.75662],[9.99486,59.75658],[9.99501,59.75646],[9.99494,59.75622]]]}},{"type":"Feature","properties":{"k":"old","n":"PAPYRUS PAPERMILL","a":14135,"type":"Deponi","status":"Uavklart"},"geometry":{"type":"Polygon","coordinates":[[[10.03911,59.75489],[10.04044,59.75482],[10.04048,59.75461],[10.03499,59.7536],[10.03495,59.75363],[10.03487,59.75382],[10.03625,59.75405],[10.03646,59.75418],[10.03709,59.75428],[10.03745,59.75454],[10.03756,59.75471],[10.03749,59.75479],[10.03911,59.75489]]]}},{"type":"Feature","properties":{"k":"old","n":"Kristoffer Loe","a":25608,"type":"Deponi","status":"Uavklart"},"geometry":{"type":"Polygon","coordinates":[[[9.94844,59.76326],[9.94838,59.76356],[9.94879,59.76416],[9.94896,59.76425],[9.9519,59.76442],[9.95207,59.76434],[9.9521,59.7642],[9.95138,59.76317],[9.95131,59.76294],[9.95146,59.76284],[9.95229,59.76283],[9.95241,59.7627],[9.95234,59.76242],[9.95222,59.76234],[9.9517,59.76227],[9.95095,59.76233],[9.9506,59.76243],[9.95052,59.76256],[9.95078,59.76349],[9.95071,59.7637],[9.95043,59.76384],[9.95001,59.76382],[9.94914,59.76331],[9.94872,59.76323],[9.94844,59.76326]]]}},{"type":"Feature","properties":{"k":"old","n":"TICON","a":19911,"type":"Deponi","status":"Tiltak gjennomført"},"geometry":{"type":"Polygon","coordinates":[[[10.30191,59.72962],[10.30414,59.72985],[10.30422,59.72972],[10.30386,59.72922],[10.30402,59.72895],[10.30442,59.72884],[10.30437,59.7286],[10.30385,59.72823],[10.30389,59.72788],[10.30377,59.72783],[10.30261,59.72793],[10.30265,59.728],[10.3023,59.72825],[10.3025,59.72831],[10.30243,59.72871],[10.30253,59.72875],[10.30251,59.7289],[10.30237,59.72919],[10.3021,59.72934],[10.30209,59.72952],[10.30191,59.72962]]]}},{"type":"Feature","properties":{"k":"old","n":"Prestenga 24","a":1967,"type":"Deponi","status":"Uavklart"},"geometry":{"type":"Polygon","coordinates":[[[10.48009,59.77207],[10.48026,59.77189],[10.48052,59.77198],[10.4799,59.77174],[10.4802,59.77187],[10.48002,59.77206],[10.47961,59.77196],[10.4794,59.77212],[10.47995,59.77248],[10.48055,59.77219],[10.48009,59.77207]]]}},{"type":"Feature","properties":{"k":"old","n":"Lyngveien 23","a":775,"type":"Deponi","status":"Uavklart"},"geometry":{"type":"Polygon","coordinates":[[[10.4856,59.7723],[10.48555,59.77223],[10.48517,59.77253],[10.48543,59.77266],[10.48576,59.77249],[10.4856,59.7723]]]}},{"type":"Feature","properties":{"k":"old","n":"MYRANE","a":99,"type":"Kommunalt deponi","status":"Uavklart"},"geometry":{"type":"Polygon","coordinates":[[[10.46368,59.54454],[10.46358,59.54448],[10.46348,59.54453],[10.46357,59.54459],[10.46368,59.54454]]]}},{"type":"Feature","properties":{"k":"old","n":"VÆRÅSMOGEN","a":99,"type":"Kommunalt deponi","status":"Uavklart"},"geometry":{"type":"Polygon","coordinates":[[[9.44405,59.84751],[9.44395,59.84746],[9.44385,59.8475],[9.44394,59.84756],[9.44405,59.84751]]]}},{"type":"Feature","properties":{"k":"old","n":"LINDEN","a":87569,"type":"Kommunalt deponi","status":"Avsluttet"},"geometry":{"type":"Polygon","coordinates":[[[10.48612,59.40619],[10.48473,59.40619],[10.48488,59.40642],[10.48355,59.40642],[10.4835,59.40652],[10.48387,59.40741],[10.48459,59.40837],[10.4852,59.40941],[10.48482,59.4095],[10.48479,59.40964],[10.48705,59.41238],[10.48857,59.41213],[10.48825,59.41113],[10.48841,59.41085],[10.48807,59.41075],[10.48759,59.40996],[10.48757,59.40946],[10.48722,59.40915],[10.4871,59.40881],[10.48712,59.40834],[10.48657,59.40779],[10.48629,59.40769],[10.48621,59.40754],[10.48613,59.4068],[10.48598,59.40649],[10.4862,59.40627],[10.48612,59.40619]]]}},{"type":"Feature","properties":{"k":"old","n":"Sælavika","a":35208,"type":"Kommunalt deponi","status":"Undersøkelser gjennomført"},"geometry":{"type":"Polygon","coordinates":[[[10.46334,59.42775],[10.46246,59.42773],[10.46012,59.42832],[10.45871,59.42899],[10.45785,59.42945],[10.45785,59.42976],[10.45833,59.43024],[10.45899,59.43027],[10.4592,59.43021],[10.45882,59.42974],[10.46442,59.42809],[10.46419,59.42788],[10.46334,59.42775]]]}},{"type":"Feature","properties":{"k":"old","n":"TARANRØD B","a":16243,"type":"Kommunalt deponi","status":"Uavklart"},"geometry":{"type":"Polygon","coordinates":[[[10.2861,59.30076],[10.28545,59.30076],[10.28506,59.30093],[10.28498,59.30111],[10.28531,59.30151],[10.28765,59.30196],[10.28796,59.30178],[10.28761,59.30087],[10.28701,59.30076],[10.2861,59.30076]]]}},{"type":"Feature","properties":{"k":"old","n":"VALLØY 2 B","a":161,"type":"Deponi","status":"Uavklart"},"geometry":{"type":"Polygon","coordinates":[[[10.49641,59.26295],[10.49592,59.26282],[10.49588,59.26286],[10.49636,59.26299],[10.49641,59.26295]]]}},{"type":"Feature","properties":{"k":"old","n":"Kilen","a":4461,"type":"Kommunalt deponi","status":"Undersøkelser gjennomført"},"geometry":{"type":"Polygon","coordinates":[[[10.43368,59.28001],[10.43363,59.27977],[10.43282,59.2802],[10.43159,59.28057],[10.43254,59.28086],[10.4332,59.28032],[10.43361,59.28022],[10.43368,59.28001]]]}},{"type":"Feature","properties":{"k":"old","n":"KASTET FYLLPLASS","a":97190,"type":"Kommunalt deponi","status":"Avsluttet"},"geometry":{"type":"Polygon","coordinates":[[[10.2605,59.12544],[10.26192,59.12549],[10.263,59.12544],[10.26534,59.12406],[10.26594,59.12339],[10.26601,59.12275],[10.2647,59.12184],[10.26472,59.12153],[10.26449,59.1213],[10.26302,59.12092],[10.2615,59.1209],[10.26149,59.12244],[10.26276,59.12265],[10.26194,59.12356],[10.26168,59.12356],[10.26114,59.12463],[10.2605,59.12544]]]}},{"type":"Feature","properties":{"k":"old","n":"JAHREDAMMEN","a":4803,"type":"Kommunalt deponi","status":"Uavklart"},"geometry":{"type":"Polygon","coordinates":[[[10.25155,59.12841],[10.25115,59.12845],[10.2509,59.12857],[10.25077,59.12871],[10.25085,59.12891],[10.25125,59.12905],[10.25206,59.1291],[10.25221,59.12905],[10.2521,59.12867],[10.25183,59.12846],[10.25155,59.12841]]]}},{"type":"Feature","properties":{"k":"old","n":"FJELLVIK","a":1676,"type":"Kommunalt deponi","status":"Uavklart"},"geometry":{"type":"Polygon","coordinates":[[[10.23601,59.12368],[10.23538,59.12399],[10.23615,59.12428],[10.23624,59.12423],[10.23614,59.12401],[10.2362,59.12374],[10.23601,59.12368]]]}},{"type":"Feature","properties":{"k":"old","n":"Jotun - VERA-SØR (Deponi 2)","a":77406,"type":"Deponi","status":"Avsluttet"},"geometry":{"type":"Polygon","coordinates":[[[10.23962,59.10694],[10.24223,59.10491],[10.24093,59.10452],[10.24121,59.10434],[10.24052,59.10421],[10.24005,59.10438],[10.23908,59.10402],[10.23864,59.10422],[10.23787,59.10496],[10.23712,59.10544],[10.23683,59.10581],[10.2366,59.10581],[10.2366,59.10576],[10.23599,59.10564],[10.23538,59.10625],[10.23513,59.10663],[10.23722,59.10682],[10.23801,59.10732],[10.23842,59.10774],[10.23877,59.10758],[10.23962,59.10694]]]}},{"type":"Feature","properties":{"k":"old","n":"Fokserød pukkverk deponi","a":40764,"type":"Deponi","status":"Uavklart"},"geometry":{"type":"Polygon","coordinates":[[[10.20541,59.17283],[10.20413,59.1728],[10.2041,59.17323],[10.2045,59.17394],[10.20376,59.17414],[10.20374,59.17463],[10.2035,59.17504],[10.20292,59.1751],[10.20279,59.17548],[10.20306,59.17577],[10.20363,59.17581],[10.20442,59.17545],[10.20479,59.17554],[10.20507,59.17577],[10.20541,59.17592],[10.20587,59.17588],[10.20626,59.1753],[10.20627,59.17465],[10.20569,59.17422],[10.20591,59.17355],[10.20574,59.17316],[10.20541,59.17283]]]}},{"type":"Feature","properties":{"k":"old","n":"HUSABØ","a":1816,"type":"Deponi","status":"Uavklart"},"geometry":{"type":"Polygon","coordinates":[[[10.07336,59.07978],[10.07327,59.07962],[10.07241,59.07969],[10.07256,59.08],[10.073,59.08001],[10.07337,59.0799],[10.07336,59.07978]]]}},{"type":"Feature","properties":{"k":"old","n":"RIMSTAD","a":359,"type":"Deponi","status":"Uavklart"},"geometry":{"type":"Polygon","coordinates":[[[9.94961,59.23113],[9.94951,59.23116],[9.94973,59.23134],[9.94995,59.23125],[9.94995,59.23116],[9.94961,59.23113]]]}},{"type":"Feature","properties":{"k":"old","n":"GRYTEBAKKE","a":2617,"type":"Kommunalt deponi","status":"Uavklart"},"geometry":{"type":"Polygon","coordinates":[[[10.20785,59.65529],[10.20808,59.65512],[10.20855,59.65503],[10.20872,59.65468],[10.20857,59.65461],[10.20825,59.65455],[10.20792,59.65472],[10.20771,59.65501],[10.20782,59.65513],[10.20774,59.65524],[10.20785,59.65529]]]}},{"type":"Feature","properties":{"k":"old","n":"SANDE TRESLIPERI","a":41783,"type":"Deponi","status":"Uavklart"},"geometry":{"type":"Polygon","coordinates":[[[10.26297,59.56161],[10.26258,59.5618],[10.26135,59.56374],[10.26278,59.56416],[10.26289,59.56423],[10.26278,59.5645],[10.26392,59.56514],[10.26512,59.56316],[10.2645,59.56306],[10.26367,59.56279],[10.26393,59.56213],[10.26372,59.5618],[10.26297,59.56161]]]}},{"type":"Feature","properties":{"k":"old","n":"FLÅTAHALLINGA","a":639,"type":"Deponi","status":"Uavklart"},"geometry":{"type":"Polygon","coordinates":[[[10.21503,59.66287],[10.21488,59.6628],[10.21446,59.66307],[10.21459,59.66317],[10.2151,59.66293],[10.21503,59.66287]]]}},{"type":"Feature","properties":{"k":"old","n":"LIAN GRUSTAK (3)","a":2764,"type":"Deponi","status":"Uavklart"},"geometry":{"type":"Polygon","coordinates":[[[10.05629,59.51945],[10.05574,59.51944],[10.05556,59.5201],[10.05659,59.52002],[10.05632,59.51975],[10.05629,59.51945]]]}},{"type":"Feature","properties":{"k":"old","n":"EIDSFOSS VERK","a":99,"type":"Deponi","status":"Uavklart"},"geometry":{"type":"Polygon","coordinates":[[[10.03945,59.59212],[10.03936,59.59207],[10.03925,59.59212],[10.03934,59.59217],[10.03945,59.59212]]]}},{"type":"Feature","properties":{"k":"old","n":"HAGA PÅ SØRBY","a":99,"type":"Kommunalt deponi","status":"Uavklart"},"geometry":{"type":"Polygon","coordinates":[[[10.30897,59.43212],[10.30887,59.43206],[10.30877,59.43211],[10.30886,59.43216],[10.30897,59.43212]]]}},{"type":"Feature","properties":{"k":"old","n":"DDT-deponi, Torp skogplanteskole","a":13609,"type":"Deponi","status":"Avsluttet"},"geometry":{"type":"Polygon","coordinates":[[[10.25778,59.20341],[10.25783,59.20275],[10.25516,59.20256],[10.25365,59.2025],[10.25365,59.20273],[10.25574,59.20299],[10.25588,59.20343],[10.25778,59.20341]]]}},{"type":"Feature","properties":{"k":"old","n":"LOFTERØD","a":50823,"type":"Kommunalt deponi","status":"Uavklart"},"geometry":{"type":"Polygon","coordinates":[[[10.39883,59.19786],[10.39899,59.19692],[10.39873,59.19613],[10.39799,59.19559],[10.39769,59.19546],[10.39632,59.19577],[10.3964,59.19603],[10.39613,59.1964],[10.39648,59.19707],[10.39624,59.19763],[10.39657,59.19885],[10.39671,59.19899],[10.39849,59.19906],[10.39869,59.19882],[10.39821,59.19829],[10.39883,59.19786]]]}},{"type":"Feature","properties":{"k":"old","n":"Torås,deponi","a":1191,"type":"Deponi","status":"Uavklart"},"geometry":{"type":"Polygon","coordinates":[[[10.41461,59.07384],[10.41466,59.07357],[10.41411,59.07353],[10.41383,59.07382],[10.41461,59.07384]]]}},{"type":"Feature","properties":{"k":"old","n":"Kirketjernet","a":9591,"type":"Kommunalt deponi","status":"Uavklart"},"geometry":{"type":"Polygon","coordinates":[[[9.64249,59.14327],[9.64275,59.1435],[9.64325,59.1436],[9.6433,59.142],[9.64318,59.14195],[9.64255,59.14192],[9.64243,59.142],[9.64216,59.14315],[9.64249,59.14327]]]}},{"type":"Feature","properties":{"k":"old","n":"Pumpedalen","a":6674,"type":"Kommunalt deponi","status":"Avsluttet"},"geometry":{"type":"Polygon","coordinates":[[[9.65536,59.1341],[9.65549,59.13413],[9.65612,59.13337],[9.6561,59.13265],[9.65588,59.1322],[9.65565,59.1323],[9.65536,59.13312],[9.65536,59.1341]]]}},{"type":"Feature","properties":{"k":"old","n":"Lundedalen","a":48854,"type":"Kommunalt deponi","status":"Avsluttet"},"geometry":{"type":"Polygon","coordinates":[[[9.60144,59.20436],[9.60131,59.20439],[9.60137,59.20454],[9.60097,59.20658],[9.60009,59.20677],[9.59954,59.20705],[9.59953,59.20729],[9.59963,59.20736],[9.59949,59.2075],[9.59902,59.20772],[9.59841,59.20785],[9.59812,59.20799],[9.59659,59.2095],[9.5966,59.20964],[9.59681,59.20972],[9.59695,59.20974],[9.59728,59.20959],[9.59755,59.20963],[9.59795,59.21006],[9.5991,59.21037],[9.59965,59.21022],[9.5997,59.21008],[9.59863,59.20978],[9.59837,59.20965],[9.59822,59.20903],[9.59885,59.20853],[9.59895,59.20826],[9.59927,59.20809],[9.59977,59.20803],[9.60021,59.20818],[9.60048,59.20813],[9.60061,59.20791],[9.60031,59.2076],[9.60042,59.20746],[9.60223,59.207],[9.60255,59.20674],[9.60235,59.20649],[9.60223,59.20604],[9.60219,59.20521],[9.60195,59.20512],[9.60144,59.20436]]]}},{"type":"Feature","properties":{"k":"old","n":"Gimsøy","a":47253,"type":"Kommunalt deponi","status":"Uavklart"},"geometry":{"type":"Polygon","coordinates":[[[9.60476,59.19238],[9.60261,59.1927],[9.60118,59.1933],[9.60115,59.19354],[9.6015,59.19353],[9.60159,59.19358],[9.60188,59.19357],[9.60196,59.19349],[9.60375,59.1934],[9.60585,59.19345],[9.60618,59.19327],[9.60894,59.1928],[9.60908,59.19245],[9.60872,59.19209],[9.60849,59.19203],[9.60799,59.19174],[9.60781,59.19174],[9.6064,59.19212],[9.6055,59.1922],[9.60476,59.19238]]]}},{"type":"Feature","properties":{"k":"old","n":"Kjørbekk I","a":106468,"type":"Kommunalt deponi","status":"Undersøkelser gjennomført"},"geometry":{"type":"Polygon","coordinates":[[[9.61994,59.17149],[9.6198,59.17165],[9.61863,59.17156],[9.61734,59.17186],[9.61661,59.17191],[9.61594,59.17204],[9.61277,59.1716],[9.61248,59.1723],[9.61582,59.17275],[9.61859,59.17245],[9.61962,59.17279],[9.62106,59.17273],[9.62405,59.17367],[9.6245,59.17373],[9.62644,59.17373],[9.62693,59.17378],[9.62871,59.17419],[9.63006,59.17462],[9.63084,59.17461],[9.63108,59.17474],[9.6316,59.17476],[9.6321,59.17502],[9.63226,59.17551],[9.63263,59.17544],[9.63274,59.17508],[9.6325,59.17478],[9.63261,59.17435],[9.63132,59.17426],[9.63092,59.17412],[9.62969,59.17415],[9.62871,59.17383],[9.62781,59.17362],[9.62758,59.17346],[9.62744,59.17284],[9.62673,59.17256],[9.6253,59.17256],[9.62351,59.17229],[9.62275,59.17226],[9.62129,59.17206],[9.62043,59.17169],[9.62009,59.17148],[9.61994,59.17149]]]}},{"type":"Feature","properties":{"k":"old","n":"ROE I","a":6771,"type":"Deponi","status":"Avsluttet"},"geometry":{"type":"Polygon","coordinates":[[[9.18728,59.56463],[9.18737,59.56465],[9.1874,59.56436],[9.18633,59.56377],[9.18492,59.56341],[9.18456,59.56335],[9.18421,59.56337],[9.18395,59.56356],[9.18413,59.56378],[9.18541,59.56377],[9.1859,59.56383],[9.18728,59.56463]]]}},{"type":"Feature","properties":{"k":"old","n":"Svelgfoss","a":326,"type":"Kommunalt deponi","status":"Tiltak gjennomført"},"geometry":{"type":"Polygon","coordinates":[[[9.27224,59.59128],[9.27222,59.59116],[9.27204,59.59104],[9.27204,59.59128],[9.27213,59.59133],[9.27224,59.59128]]]}},{"type":"Feature","properties":{"k":"old","n":"TØNNER UNDER VANN - HYDRO","a":130,"type":"Deponi","status":"Avsluttet"},"geometry":{"type":"Polygon","coordinates":[[[9.26273,59.55509],[9.2626,59.55514],[9.26271,59.5552],[9.26283,59.55515],[9.26273,59.55509]]]}},{"type":"Feature","properties":{"k":"old","n":"Noretyl gml. deponi (Deponi 2)","a":99,"type":"Deponi","status":"Uavklart"},"geometry":{"type":"Polygon","coordinates":[[[9.60512,59.09079],[9.60503,59.09073],[9.60492,59.09078],[9.60501,59.09083],[9.60512,59.09079]]]}},{"type":"Feature","properties":{"k":"old","n":"Kirkebukta","a":7905,"type":"Kommunalt deponi","status":"Uavklart"},"geometry":{"type":"Polygon","coordinates":[[[9.41491,58.86909],[9.41477,58.8691],[9.41466,58.86935],[9.4151,58.86978],[9.41519,58.87033],[9.41499,58.87034],[9.41488,58.87092],[9.41494,58.87111],[9.41476,58.87146],[9.41449,58.87173],[9.41466,58.87232],[9.41449,58.87273],[9.41459,58.87286],[9.41456,58.87329],[9.41442,58.87329],[9.41475,58.87345],[9.41486,58.87226],[9.41508,58.87197],[9.41506,58.87177],[9.41516,58.87174],[9.41507,58.87142],[9.41538,58.87051],[9.41534,58.87],[9.4151,58.86942],[9.4152,58.86922],[9.41491,58.86909]],[[9.41519,58.87036],[9.41508,58.87096],[9.41499,58.87101],[9.41504,58.8704],[9.41519,58.87036]]]}},{"type":"Feature","properties":{"k":"old","n":"Evju","a":17095,"type":"Kommunalt deponi","status":"Avsluttet"},"geometry":{"type":"Polygon","coordinates":[[[9.13566,59.30885],[9.13609,59.30888],[9.13618,59.30875],[9.13553,59.30844],[9.13461,59.30781],[9.13422,59.30767],[9.13303,59.30756],[9.13207,59.30734],[9.13143,59.30765],[9.13151,59.30783],[9.13186,59.30799],[9.13382,59.30829],[9.13566,59.30885]]]}},{"type":"Feature","properties":{"k":"old","n":"BAPTIST-TIPPEN","a":154798,"type":"Deponi","status":"Avsluttet"},"geometry":{"type":"Polygon","coordinates":[[[8.51677,59.87944],[8.51756,59.87951],[8.51914,59.87945],[8.52068,59.8795],[8.52122,59.87945],[8.52191,59.8795],[8.52283,59.87943],[8.52325,59.87951],[8.52393,59.87939],[8.52608,59.87944],[8.52782,59.87935],[8.52797,59.87957],[8.52869,59.87934],[8.5361,59.87922],[8.53739,59.87927],[8.53768,59.87923],[8.5379,59.87933],[8.53814,59.87901],[8.53861,59.87864],[8.53871,59.87842],[8.53753,59.87841],[8.53731,59.87831],[8.53604,59.87824],[8.53372,59.87829],[8.53352,59.87837],[8.53141,59.87838],[8.52972,59.87834],[8.52915,59.87824],[8.52884,59.87828],[8.5278,59.87817],[8.52624,59.87825],[8.52576,59.8782],[8.52534,59.87826],[8.52386,59.87826],[8.52323,59.87843],[8.52278,59.87844],[8.5217,59.87829],[8.52119,59.87834],[8.52023,59.87827],[8.51909,59.87832],[8.51866,59.87834],[8.5184,59.87842],[8.51698,59.8785],[8.51684,59.87859],[8.51497,59.8786],[8.51367,59.87886],[8.5133,59.87876],[8.51327,59.87908],[8.5134,59.87924],[8.51306,59.8796],[8.51385,59.8795],[8.51677,59.87944]],[[8.51947,59.87885],[8.51958,59.87854],[8.52189,59.87864],[8.52179,59.87897],[8.51947,59.87885]],[[8.5246,59.87885],[8.52475,59.87889],[8.52465,59.87902],[8.524,59.87902],[8.52384,59.87883],[8.5246,59.87885]]]}},{"type":"Feature","properties":{"k":"old","n":"Gaustadtippen","a":8780,"type":"Kommunalt deponi","status":"Avsluttet"},"geometry":{"type":"Polygon","coordinates":[[[8.72328,59.90743],[8.72296,59.90713],[8.72258,59.90711],[8.72205,59.90728],[8.72168,59.90749],[8.72155,59.9077],[8.72164,59.90784],[8.72194,59.908],[8.7224,59.90813],[8.72294,59.90814],[8.72319,59.90805],[8.7233,59.9079],[8.72328,59.90743]]]}},{"type":"Feature","properties":{"k":"old","n":"KRAFTLEDNINGSVEIEN","a":144759,"type":"Deponi","status":"Avsluttet"},"geometry":{"type":"Polygon","coordinates":[[[8.54921,59.8854],[8.55118,59.88315],[8.55271,59.8818],[8.55471,59.88135],[8.55491,59.88097],[8.55527,59.88072],[8.55513,59.88067],[8.5553,59.88035],[8.54921,59.87985],[8.54905,59.87916],[8.55071,59.87903],[8.55043,59.87863],[8.55045,59.87848],[8.55007,59.87844],[8.54834,59.87855],[8.54834,59.87894],[8.54747,59.88081],[8.54829,59.88089],[8.54793,59.88165],[8.54836,59.88174],[8.54811,59.88497],[8.54843,59.88498],[8.54921,59.8854]]]}},{"type":"Feature","properties":{"k":"old","n":"Garthe Søppelplass","a":7002,"type":"Kommunalt deponi","status":"Uavklart"},"geometry":{"type":"Polygon","coordinates":[[[9.12632,58.72017],[9.12725,58.72022],[9.12751,58.72013],[9.12876,58.72012],[9.12886,58.71995],[9.1281,58.71969],[9.12741,58.71969],[9.12656,58.71958],[9.12649,58.71988],[9.12623,58.71994],[9.12632,58.72017]]]}},{"type":"Feature","properties":{"k":"old","n":"Høgedal","a":32647,"type":"Kommunalt deponi","status":"Overvåking"},"geometry":{"type":"Polygon","coordinates":[[[8.74127,58.46655],[8.74087,58.46684],[8.74004,58.46714],[8.7398,58.46734],[8.74018,58.46756],[8.74014,58.46772],[8.74048,58.46778],[8.74084,58.46774],[8.74135,58.46799],[8.74296,58.46826],[8.74341,58.46769],[8.74365,58.46758],[8.74353,58.46709],[8.74274,58.46688],[8.74261,58.46665],[8.74218,58.46651],[8.74231,58.46622],[8.74276,58.46572],[8.74197,58.46563],[8.74176,58.46595],[8.74121,58.46612],[8.74127,58.46655]]]}},{"type":"Feature","properties":{"k":"old","n":"Håbbestad fyllplass","a":15826,"type":"Deponi","status":"Avsluttet"},"geometry":{"type":"Polygon","coordinates":[[[8.64579,58.39344],[8.6459,58.39311],[8.64544,58.39272],[8.64451,58.39244],[8.6433,58.39193],[8.64309,58.39194],[8.64256,58.39258],[8.64268,58.3927],[8.64455,58.39312],[8.64472,58.39346],[8.64579,58.39344]]]}},{"type":"Feature","properties":{"k":"old","n":"Møretrømoen","a":8494,"type":"Deponi","status":"Uavklart"},"geometry":{"type":"Polygon","coordinates":[[[8.4728,58.34486],[8.47177,58.34502],[8.47138,58.34567],[8.47231,58.34592],[8.47238,58.34584],[8.47336,58.34569],[8.4728,58.34486]]]}},{"type":"Feature","properties":{"k":"old","n":"Saint-Gobain Ceramic Materials AS,  Buøya (ARENDAL","a":1494,"type":"Deponi","status":"Uavklart"},"geometry":{"type":"Polygon","coordinates":[[[8.88831,58.50288],[8.88825,58.50269],[8.88769,58.50273],[8.88747,58.50283],[8.8875,58.50292],[8.8883,58.5031],[8.88831,58.50288]]]}},{"type":"Feature","properties":{"k":"old","n":"Nitridentomta, Tromøysundtippen,","a":172864,"type":"Deponi","status":"Avsluttet"},"geometry":{"type":"Polygon","coordinates":[[[8.87973,58.49988],[8.87828,58.49939],[8.87864,58.49908],[8.87981,58.499],[8.88067,58.49871],[8.88135,58.49809],[8.88154,58.49821],[8.88032,58.49916],[8.8809,58.4993],[8.88028,58.49996],[8.88167,58.50066],[8.88317,58.50027],[8.88438,58.49964],[8.88577,58.49946],[8.88552,58.49914],[8.88519,58.49909],[8.8847,58.4987],[8.88497,58.49862],[8.88447,58.49814],[8.88423,58.49814],[8.88396,58.49796],[8.88349,58.49786],[8.88313,58.49766],[8.88286,58.4977],[8.88126,58.49766],[8.88031,58.49752],[8.8793,58.49715],[8.87895,58.49687],[8.87755,58.49779],[8.87509,58.4979],[8.87476,58.49817],[8.87499,58.49814],[8.87525,58.49823],[8.87521,58.49837],[8.87477,58.49842],[8.87417,58.49865],[8.87467,58.49904],[8.87419,58.49936],[8.8727,58.49881],[8.87238,58.49916],[8.87678,58.50076],[8.87754,58.50065],[8.87931,58.50072],[8.87948,58.50018],[8.87973,58.49988]],[[8.8821,58.49893],[8.88168,58.49881],[8.88186,58.49863],[8.88229,58.49875],[8.8821,58.49893]]]}},{"type":"Feature","properties":{"k":"old","n":"FREMMEGÅRD","a":99,"type":"Kommunalt deponi","status":"Avsluttet"},"geometry":{"type":"Polygon","coordinates":[[[11.77405,59.25241],[11.77396,59.25236],[11.77386,59.25241],[11.77395,59.25246],[11.77405,59.25241]]]}},{"type":"Feature","properties":{"k":"old","n":"Heggedalstippen, Tippen DNN","a":13299,"type":"Deponi","status":"Avsluttet"},"geometry":{"type":"Polygon","coordinates":[[[8.87832,58.5026],[8.87887,58.50265],[8.87924,58.50248],[8.87964,58.50269],[8.87986,58.50277],[8.88006,58.50276],[8.87985,58.50266],[8.8802,58.50248],[8.88071,58.50274],[8.88152,58.50242],[8.88141,58.50237],[8.88031,58.50234],[8.87895,58.50204],[8.87849,58.50248],[8.87651,58.50209],[8.87623,58.5024],[8.87793,58.50308],[8.87809,58.50282],[8.87829,58.5028],[8.87832,58.5026]]]}},{"type":"Feature","properties":{"k":"old","n":"HEGGEDALSBUKTA, deponi fra land ut i sjø","a":130,"type":"Deponi","status":"Avsluttet"},"geometry":{"type":"Polygon","coordinates":[[[8.88294,58.50183],[8.88282,58.50188],[8.88292,58.50195],[8.88304,58.5019],[8.88294,58.50183]]]}},{"type":"Feature","properties":{"k":"old","n":"ØRJE SENTRUM","a":99,"type":"Kommunalt deponi","status":"Avsluttet"},"geometry":{"type":"Polygon","coordinates":[[[11.66318,59.47755],[11.66309,59.4775],[11.66298,59.47755],[11.66308,59.4776],[11.66318,59.47755]]]}},{"type":"Feature","properties":{"k":"old","n":"Nordbøveien avfallsplass","a":12226,"type":"Kommunalt deponi","status":"Uavklart"},"geometry":{"type":"Polygon","coordinates":[[[8.29142,58.27429],[8.29218,58.27418],[8.29255,58.27406],[8.29311,58.27371],[8.29324,58.27352],[8.29306,58.27329],[8.29276,58.27322],[8.29242,58.27325],[8.29165,58.27338],[8.29084,58.27344],[8.29072,58.27349],[8.29083,58.27394],[8.29104,58.27416],[8.29142,58.27429]]]}},{"type":"Feature","properties":{"k":"old","n":"ØRJE TOLLSTAJON","a":99,"type":"Kommunalt deponi","status":"Avsluttet"},"geometry":{"type":"Polygon","coordinates":[[[11.74089,59.48852],[11.7408,59.48847],[11.74069,59.48852],[11.74079,59.48857],[11.74089,59.48852]]]}},{"type":"Feature","properties":{"k":"old","n":"Mosfjell Kleiver","a":5555,"type":"Deponi","status":"Undersøkelser gjennomført"},"geometry":{"type":"Polygon","coordinates":[[[8.24015,58.36292],[8.24079,58.36272],[8.24188,58.36256],[8.24199,58.36237],[8.24143,58.36224],[8.2403,58.36236],[8.23997,58.36249],[8.23966,58.36277],[8.23995,58.3629],[8.24015,58.36292]]]}},{"type":"Feature","properties":{"k":"old","n":"Grensen omlastningsstasjon (ØRJE TOLLSTASJON)","a":99,"type":"Kommunalt deponi","status":"Avsluttet"},"geometry":{"type":"Polygon","coordinates":[[[11.73356,59.48571],[11.73347,59.48566],[11.73336,59.48571],[11.73346,59.48576],[11.73356,59.48571]]]}},{"type":"Feature","properties":{"k":"old","n":"Tovdal avfallsplass","a":9692,"type":"Kommunalt deponi","status":"Uavklart"},"geometry":{"type":"Polygon","coordinates":[[[8.15337,58.81282],[8.15356,58.81279],[8.15381,58.81264],[8.15429,58.81218],[8.15353,58.81133],[8.15329,58.81143],[8.15333,58.81176],[8.15262,58.81217],[8.15253,58.8125],[8.15257,58.81267],[8.15337,58.81282]]]}},{"type":"Feature","properties":{"k":"old","n":"STRØNES ULVESTUDALEN","a":99,"type":"Kommunalt deponi","status":"Avsluttet"},"geometry":{"type":"Polygon","coordinates":[[[11.27367,59.64616],[11.27358,59.64611],[11.27347,59.64615],[11.27357,59.64621],[11.27367,59.64616]]]}},{"type":"Feature","properties":{"k":"old","n":"Haugen (Spydeberg)","a":99,"type":"Deponi","status":"Avsluttet"},"geometry":{"type":"Polygon","coordinates":[[[11.12688,59.67157],[11.12678,59.67151],[11.12668,59.67156],[11.12677,59.67161],[11.12688,59.67157]]]}},{"type":"Feature","properties":{"k":"old","n":"IØR, stegen (INDRE ØSTF. RENOV.(STEGEN))","a":218365,"type":"Kommunalt deponi","status":"Avsluttet"},"geometry":{"type":"Polygon","coordinates":[[[11.18124,59.5652],[11.18009,59.56495],[11.17863,59.56481],[11.1774,59.56456],[11.17662,59.56419],[11.17599,59.56332],[11.17573,59.56167],[11.17607,59.56096],[11.17642,59.56055],[11.17668,59.55992],[11.17658,59.55952],[11.17611,59.56],[11.17383,59.5613],[11.17331,59.56152],[11.17168,59.56186],[11.17125,59.56209],[11.17059,59.5628],[11.17026,59.56299],[11.16979,59.56298],[11.16865,59.56251],[11.16838,59.56226],[11.1684,59.56181],[11.168,59.56169],[11.16757,59.56171],[11.16708,59.56214],[11.16804,59.56396],[11.16851,59.56439],[11.16916,59.56526],[11.16958,59.56567],[11.17,59.56593],[11.17057,59.56603],[11.17084,59.56575],[11.17044,59.56515],[11.17062,59.56503],[11.17099,59.56499],[11.17141,59.5653],[11.17173,59.5653],[11.17198,59.56522],[11.17188,59.56484],[11.17208,59.56474],[11.17238,59.56474],[11.17256,59.56502],[11.17289,59.5652],[11.17321,59.56511],[11.17344,59.56491],[11.17304,59.56451],[11.17306,59.56431],[11.17366,59.56426],[11.1746,59.56461],[11.1755,59.56517],[11.17614,59.56573],[11.17701,59.56627],[11.17847,59.56688],[11.17914,59.56652],[11.17935,59.56614],[11.17915,59.56583],[11.1793,59.56571],[11.17966,59.56565],[11.18023,59.56581],[11.18059,59.56571],[11.18124,59.5652]]]}},{"type":"Feature","properties":{"k":"old","n":"SLITU","a":99,"type":"Kommunalt deponi","status":"Avsluttet"},"geometry":{"type":"Polygon","coordinates":[[[11.25724,59.57323],[11.25715,59.57318],[11.25704,59.57322],[11.25714,59.57328],[11.25724,59.57323]]]}},{"type":"Feature","properties":{"k":"old","n":"ÅMOT (HOLSVINGENE)","a":20360,"type":"Kommunalt deponi","status":"Avsluttet"},"geometry":{"type":"Polygon","coordinates":[[[11.16035,59.45881],[11.16011,59.45866],[11.16031,59.46035],[11.16052,59.46083],[11.16092,59.46131],[11.16164,59.46104],[11.16243,59.4605],[11.1628,59.46035],[11.16189,59.46004],[11.16134,59.45941],[11.16035,59.45881]]]}},{"type":"Feature","properties":{"k":"old","n":"Jøtul A/S (KRÅKERØY VERK)","a":99,"type":"Deponi","status":"Avsluttet"},"geometry":{"type":"Polygon","coordinates":[[[10.90673,59.1984],[10.90664,59.19834],[10.90653,59.19839],[10.90662,59.19844],[10.90673,59.1984]]]}},{"type":"Feature","properties":{"k":"old","n":"BEKHUS","a":99,"type":"Kommunalt deponi","status":"Avsluttet"},"geometry":{"type":"Polygon","coordinates":[[[10.94265,59.19876],[10.94256,59.19871],[10.94245,59.19876],[10.94254,59.19881],[10.94265,59.19876]]]}},{"type":"Feature","properties":{"k":"old","n":"STRØMSHAUG","a":99,"type":"Kommunalt deponi","status":"Avsluttet"},"geometry":{"type":"Polygon","coordinates":[[[10.87215,59.34265],[10.87206,59.3426],[10.87195,59.34265],[10.87204,59.3427],[10.87215,59.34265]]]}},{"type":"Feature","properties":{"k":"old","n":"FUGLEVIK","a":941,"type":"Kommunalt deponi","status":"Avsluttet"},"geometry":{"type":"Polygon","coordinates":[[[10.65795,59.39048],[10.65756,59.39037],[10.65729,59.39053],[10.65725,59.39064],[10.65753,59.3907],[10.65794,59.39058],[10.65795,59.39048]]]}},{"type":"Feature","properties":{"k":"old","n":"SKISENG","a":22084,"type":"Deponi","status":"Uavklart"},"geometry":{"type":"Polygon","coordinates":[[[10.88936,59.71521],[10.88873,59.7157],[10.88763,59.71752],[10.89089,59.71679],[10.89084,59.71653],[10.89009,59.71608],[10.88936,59.71521]]]}},{"type":"Feature","properties":{"k":"old","n":"E6 AVKJØRING TIL SOFIEMYR","a":99,"type":"Deponi","status":"Uavklart"},"geometry":{"type":"Polygon","coordinates":[[[10.84349,59.79393],[10.8434,59.79388],[10.84329,59.79392],[10.84338,59.79398],[10.84349,59.79393]]]}},{"type":"Feature","properties":{"k":"old","n":"Årdal Carbon - NYKAIA","a":8,"type":"Deponi","status":"Avsluttet"},"geometry":{"type":"Polygon","coordinates":[[[7.71319,61.23515],[7.71317,61.23514],[7.71315,61.23515],[7.71314,61.23516],[7.71315,61.23517],[7.71317,61.23517],[7.71319,61.23517],[7.7132,61.23516],[7.71319,61.23515]]]}},{"type":"Feature","properties":{"k":"old","n":"Hydro Aluminium Årdal - NAUSTEBUKTI","a":99,"type":"Deponi","status":"Avsluttet"},"geometry":{"type":"Polygon","coordinates":[[[7.7941,61.3045],[7.79401,61.30444],[7.79389,61.30448],[7.79398,61.30454],[7.7941,61.3045]]]}},{"type":"Feature","properties":{"k":"old","n":"SALTVIKA SØPPELSJAKT","a":539,"type":"Kommunalt deponi","status":"Uavklart"},"geometry":{"type":"Polygon","coordinates":[[[7.69192,61.23486],[7.69231,61.23485],[7.69175,61.23453],[7.69171,61.23474],[7.69192,61.23486]]]}},{"type":"Feature","properties":{"k":"old","n":"Ski magasinleir - fylling","a":1564,"type":"Deponi","status":"Avsluttet"},"geometry":{"type":"Polygon","coordinates":[[[10.82374,59.71639],[10.82397,59.71625],[10.82369,59.71612],[10.82379,59.71607],[10.8237,59.71602],[10.82408,59.71582],[10.82366,59.71578],[10.82329,59.71605],[10.82329,59.71622],[10.82374,59.71639]]]}},{"type":"Feature","properties":{"k":"old","n":"Gjønnes","a":8660,"type":"Kommunalt deponi","status":"Uavklart"},"geometry":{"type":"Polygon","coordinates":[[[10.57968,59.91712],[10.57933,59.91674],[10.57917,59.91634],[10.57876,59.916],[10.57848,59.9159],[10.5782,59.91588],[10.57759,59.91608],[10.57894,59.91727],[10.57968,59.91712]]]}},{"type":"Feature","properties":{"k":"old","n":"Skytteråsen","a":1812,"type":"Kommunalt deponi","status":"Uavklart"},"geometry":{"type":"Polygon","coordinates":[[[10.52352,59.89715],[10.52305,59.89691],[10.5228,59.89712],[10.52373,59.8975],[10.52409,59.89722],[10.52352,59.89715]]]}},{"type":"Feature","properties":{"k":"old","n":"Isi avfallsdeponi (del av Isi avfallsanlegg) ISI 1","a":64296,"type":"Kommunalt deponi","status":"Uavklart"},"geometry":{"type":"Polygon","coordinates":[[[10.4397,59.93831],[10.43868,59.93812],[10.4397,59.9383],[10.44151,59.93813],[10.44171,59.93762],[10.44174,59.93702],[10.44149,59.93678],[10.44172,59.9357],[10.44109,59.93541],[10.43938,59.93509],[10.43789,59.93534],[10.43802,59.93673],[10.43826,59.93759],[10.43865,59.93812],[10.4397,59.93831]]]}},{"type":"Feature","properties":{"k":"old","n":"Strandkanten, gamle Høvik Verk","a":34371,"type":"Deponi","status":"Uavklart"},"geometry":{"type":"Polygon","coordinates":[[[10.56202,59.88707],[10.56165,59.88722],[10.56203,59.88778],[10.56158,59.88853],[10.56166,59.88874],[10.56203,59.88897],[10.56253,59.88911],[10.56296,59.88867],[10.56438,59.88903],[10.565,59.88842],[10.56636,59.8886],[10.56693,59.88852],[10.56704,59.88839],[10.56701,59.88809],[10.5667,59.88819],[10.56588,59.88815],[10.56549,59.88797],[10.56202,59.88707]]]}},{"type":"Feature","properties":{"k":"old","n":"Strandkanten, gamle Høvik Verk","a":6406,"type":"Deponi","status":"Uavklart"},"geometry":{"type":"Polygon","coordinates":[[[10.56379,59.88961],[10.56438,59.88903],[10.56296,59.88867],[10.5624,59.88926],[10.56379,59.88961]]]}},{"type":"Feature","properties":{"k":"old","n":"ØSTERN GÅRD","a":7813,"type":"Deponi","status":"Avsluttet"},"geometry":{"type":"Polygon","coordinates":[[[10.60575,59.95051],[10.60602,59.95065],[10.60619,59.95093],[10.60693,59.95108],[10.60771,59.95072],[10.60785,59.95055],[10.60756,59.95025],[10.60722,59.95016],[10.60671,59.95019],[10.60623,59.9503],[10.60575,59.95051]]]}},{"type":"Feature","properties":{"k":"old","n":"Fornebu, fylling sør for gartneri - 151 (lok.3)","a":2209,"type":"Deponi","status":"Avsluttet"},"geometry":{"type":"Polygon","coordinates":[[[10.60927,59.89493],[10.60912,59.8959],[10.60934,59.89582],[10.60975,59.8951],[10.60927,59.89493]]]}},{"type":"Feature","properties":{"k":"old","n":"Fornebu, fylling nordøst for bygn. 133","a":99,"type":"Deponi","status":"Avsluttet"},"geometry":{"type":"Polygon","coordinates":[[[10.59791,59.89459],[10.59782,59.89453],[10.59771,59.89458],[10.59781,59.89464],[10.59791,59.89459]]]}},{"type":"Feature","properties":{"k":"old","n":"Fornebu, Oslo kommunes avfallsfylling -A","a":99,"type":"Kommunalt deponi","status":"Avsluttet"},"geometry":{"type":"Polygon","coordinates":[[[10.62406,59.89951],[10.62396,59.89945],[10.62385,59.8995],[10.62395,59.89955],[10.62406,59.89951]]]}},{"type":"Feature","properties":{"k":"old","n":"Sem Bruk","a":33236,"type":"Kommunalt deponi","status":"Avsluttet"},"geometry":{"type":"Polygon","coordinates":[[[10.42548,59.85407],[10.42717,59.85421],[10.42791,59.85411],[10.42868,59.85237],[10.42567,59.85243],[10.42504,59.85252],[10.42497,59.85258],[10.42503,59.8527],[10.4257,59.85279],[10.42582,59.85286],[10.42487,59.85384],[10.42548,59.85407]]]}},{"type":"Feature","properties":{"k":"old","n":"Yggeset","a":99926,"type":"Kommunalt deponi","status":"Uavklart"},"geometry":{"type":"Polygon","coordinates":[[[10.47081,59.79436],[10.47145,59.79375],[10.47109,59.79347],[10.46711,59.79211],[10.46779,59.79143],[10.4672,59.7911],[10.46674,59.79054],[10.46669,59.78973],[10.46491,59.78945],[10.46296,59.79042],[10.46175,59.79135],[10.47081,59.79436]]]}},{"type":"Feature","properties":{"k":"old","n":"SETSKOG","a":64,"type":"Kommunalt deponi","status":"Uavklart"},"geometry":{"type":"Polygon","coordinates":[[[11.72384,59.82669],[11.72389,59.82673],[11.72401,59.82672],[11.72395,59.82666],[11.72384,59.82669]]]}},{"type":"Feature","properties":{"k":"old","n":"AUTEN","a":12467,"type":"Deponi","status":"Uavklart"},"geometry":{"type":"Polygon","coordinates":[[[11.51143,59.80664],[11.51073,59.80711],[11.5104,59.80755],[11.51069,59.80771],[11.51191,59.8081],[11.51299,59.80773],[11.51143,59.80664]]]}},{"type":"Feature","properties":{"k":"old","n":"BØRKE","a":982,"type":"Deponi","status":"Uavklart"},"geometry":{"type":"Polygon","coordinates":[[[11.09113,60.00999],[11.09139,60.00999],[11.0915,60.00993],[11.09136,60.00962],[11.09116,60.00962],[11.09099,60.00969],[11.09098,60.00987],[11.09113,60.00999]]]}},{"type":"Feature","properties":{"k":"old","n":"Lørenfallet søppelfyllplass","a":17003,"type":"Kommunalt deponi","status":"Uavklart"},"geometry":{"type":"Polygon","coordinates":[[[11.22184,60.02004],[11.22164,60.02023],[11.22189,60.02108],[11.2216,60.02129],[11.22159,60.02138],[11.22343,60.02165],[11.22426,60.02119],[11.22357,60.02086],[11.22325,60.02041],[11.2228,60.02],[11.22184,60.02004]]]}},{"type":"Feature","properties":{"k":"old","n":"LØVÅS","a":28564,"type":"Kommunalt deponi","status":"Avsluttet"},"geometry":{"type":"Polygon","coordinates":[[[11.19876,59.95641],[11.1997,59.95585],[11.19985,59.95543],[11.20018,59.95547],[11.20059,59.95575],[11.2009,59.95562],[11.20078,59.95552],[11.20088,59.9551],[11.20047,59.95403],[11.20032,59.95398],[11.19848,59.95518],[11.19824,59.95523],[11.1979,59.95508],[11.19761,59.95524],[11.19774,59.95546],[11.19768,59.95558],[11.19713,59.95591],[11.19741,59.95644],[11.1979,59.95653],[11.19876,59.95641]]]}},{"type":"Feature","properties":{"k":"old","n":"Lund","a":1713,"type":"Kommunalt deponi","status":"Uavklart"},"geometry":{"type":"Polygon","coordinates":[[[11.14914,59.92021],[11.14801,59.92003],[11.14765,59.92019],[11.14731,59.92024],[11.14732,59.92033],[11.14773,59.92032],[11.14817,59.92042],[11.14824,59.92037],[11.14802,59.92028],[11.14814,59.92021],[11.149,59.9203],[11.14914,59.92021]]]}},{"type":"Feature","properties":{"k":"old","n":"FETSUND STASJONSOMRÅDE","a":38150,"type":"Deponi","status":"Avsluttet"},"geometry":{"type":"Polygon","coordinates":[[[11.16599,59.92824],[11.16663,59.92829],[11.16679,59.92855],[11.16692,59.9285],[11.16667,59.928],[11.16624,59.92801],[11.1658,59.92795],[11.16474,59.92768],[11.16238,59.9267],[11.16171,59.92636],[11.16061,59.92553],[11.16031,59.92541],[11.16045,59.92535],[11.15962,59.92486],[11.15918,59.925],[11.15924,59.92544],[11.15951,59.92573],[11.16122,59.92686],[11.16156,59.92687],[11.16098,59.9272],[11.16074,59.92712],[11.16111,59.92692],[11.16019,59.92635],[11.15919,59.9256],[11.15971,59.92666],[11.15961,59.92668],[11.16025,59.92702],[11.16255,59.92779],[11.16277,59.92781],[11.16283,59.9276],[11.16296,59.92765],[11.16336,59.92743],[11.16462,59.92789],[11.16422,59.92817],[11.16368,59.92813],[11.1645,59.92844],[11.16581,59.92823],[11.16599,59.92839],[11.16568,59.92857],[11.16578,59.92862],[11.16619,59.92845],[11.16599,59.92824]],[[11.16458,59.92833],[11.16445,59.9282],[11.16475,59.92793],[11.16549,59.92811],[11.16547,59.92821],[11.16458,59.92833]]]}},{"type":"Feature","properties":{"k":"old","n":"WARÅ MØLLE","a":5005,"type":"Deponi","status":"Uavklart"},"geometry":{"type":"Polygon","coordinates":[[[11.18151,59.93159],[11.18103,59.93172],[11.18085,59.93191],[11.18099,59.93214],[11.18132,59.93225],[11.1822,59.93225],[11.18244,59.93206],[11.18244,59.93192],[11.18199,59.9317],[11.18151,59.93159]]]}},{"type":"Feature","properties":{"k":"old","n":"Nordlimyra","a":97625,"type":"Kommunalt deponi","status":"Avsluttet"},"geometry":{"type":"Polygon","coordinates":[[[10.96565,59.92807],[10.96869,59.92853],[10.97045,59.92754],[10.96988,59.92733],[10.96904,59.92687],[10.96896,59.92675],[10.96906,59.92652],[10.96932,59.92631],[10.96964,59.92624],[10.96999,59.92587],[10.96951,59.92591],[10.96947,59.92582],[10.97023,59.92447],[10.96964,59.92408],[10.96895,59.92388],[10.96865,59.92364],[10.96745,59.92361],[10.96711,59.92523],[10.96691,59.92529],[10.96662,59.92515],[10.96634,59.9253],[10.9662,59.92525],[10.96541,59.92532],[10.96543,59.92577],[10.9653,59.92602],[10.96551,59.92647],[10.96586,59.92652],[10.96605,59.92667],[10.96634,59.92669],[10.96628,59.92718],[10.96565,59.92807]]]}},{"type":"Feature","properties":{"k":"old","n":"Rolvsrud (EMALJEVERKET (NOREMA))","a":57952,"type":"Deponi","status":"Uavklart"},"geometry":{"type":"Polygon","coordinates":[[[10.95057,59.92347],[10.95127,59.9235],[10.9509,59.92104],[10.94955,59.92123],[10.94693,59.92128],[10.94731,59.92363],[10.95057,59.92347]]]}},{"type":"Feature","properties":{"k":"old","n":"Kopledalen vest","a":181342,"type":"Deponi","status":"Uavklart"},"geometry":{"type":"Polygon","coordinates":[[[11.0129,59.92762],[11.01482,59.9272],[11.01412,59.9273],[11.01396,59.92707],[11.0152,59.92682],[11.01542,59.92709],[11.01654,59.927],[11.01727,59.92708],[11.01968,59.92601],[11.02054,59.92555],[11.0213,59.92528],[11.02238,59.92478],[11.02393,59.92358],[11.0246,59.92286],[11.02564,59.92247],[11.0258,59.92234],[11.02647,59.92218],[11.02799,59.92218],[11.02744,59.92137],[11.02778,59.92019],[11.02737,59.91956],[11.02542,59.91977],[11.0247,59.92012],[11.02287,59.92178],[11.02165,59.92269],[11.0212,59.92333],[11.02101,59.92394],[11.02058,59.9244],[11.01945,59.92503],[11.01897,59.92503],[11.0183,59.92523],[11.01824,59.92562],[11.01746,59.9261],[11.01716,59.92616],[11.01701,59.92631],[11.01621,59.92653],[11.01544,59.92636],[11.01492,59.92632],[11.01417,59.9264],[11.014,59.92652],[11.01378,59.92644],[11.01178,59.92614],[11.01144,59.92635],[11.01087,59.9262],[11.01049,59.92617],[11.00995,59.92624],[11.0097,59.92614],[11.00917,59.92613],[11.00964,59.92653],[11.00972,59.9267],[11.00962,59.92748],[11.01191,59.92769],[11.01236,59.9277],[11.0129,59.92762]]]}},{"type":"Feature","properties":{"k":"old","n":"Elvegata avfallsdeponi","a":589,"type":"Kommunalt deponi","status":"Overvåking"},"geometry":{"type":"Polygon","coordinates":[[[11.03157,59.95932],[11.03151,59.95955],[11.03192,59.95957],[11.03198,59.95934],[11.03157,59.95932]]]}},{"type":"Feature","properties":{"k":"old","n":"BERGER","a":3825,"type":"Deponi","status":"Uavklart"},"geometry":{"type":"Polygon","coordinates":[[[11.07,60.01821],[11.07058,60.01817],[11.07082,60.01808],[11.07101,60.01795],[11.07085,60.01777],[11.07039,60.01764],[11.06977,60.01764],[11.06961,60.0178],[11.07,60.01821]]]}},{"type":"Feature","properties":{"k":"old","n":"Støyvoll ved Skogfaret","a":550,"type":"Deponi","status":"Avsluttet"},"geometry":{"type":"Polygon","coordinates":[[[11.04609,60.0049],[11.04552,60.00481],[11.04538,60.00493],[11.04561,60.00502],[11.04606,60.00497],[11.04609,60.0049]]]}},{"type":"Feature","properties":{"k":"old","n":"HOLM SØPPELFYLLPLASS","a":55362,"type":"Kommunalt deponi","status":"Avsluttet"},"geometry":{"type":"Polygon","coordinates":[[[10.94263,59.999],[10.94229,59.99949],[10.94301,60.00031],[10.94279,60.0007],[10.94307,60.00089],[10.94374,60.00089],[10.943,60.00129],[10.94334,60.00199],[10.94324,60.00207],[10.94343,60.00213],[10.94358,60.00205],[10.9443,60.00203],[10.94566,60.00148],[10.94606,60.00093],[10.94589,60.00058],[10.94566,60.00039],[10.9464,60.00049],[10.94593,60.0002],[10.94625,60.00026],[10.94681,59.99991],[10.94683,59.99948],[10.94606,59.99924],[10.9444,59.99938],[10.94324,59.99881],[10.94263,59.999]]]}},{"type":"Feature","properties":{"k":"old","n":"TANGEDALEN","a":1163,"type":"Deponi","status":"Uavklart"},"geometry":{"type":"Polygon","coordinates":[[[11.04353,60.05497],[11.04322,60.05503],[11.04318,60.05522],[11.04371,60.0553],[11.04391,60.0551],[11.04383,60.05502],[11.04353,60.05497]]]}},{"type":"Feature","properties":{"k":"old","n":"Køltjerndumpa","a":5108,"type":"Kommunalt deponi","status":"Undersøkelser gjennomført"},"geometry":{"type":"Polygon","coordinates":[[[11.14416,60.16987],[11.14314,60.17052],[11.14345,60.17082],[11.14371,60.17091],[11.14475,60.17022],[11.14416,60.16987]]]}},{"type":"Feature","properties":{"k":"old","n":"GARDERMOEN FLYSTASJON, FBT lok. 011, DEPONI NR. 10","a":99,"type":"Deponi","status":"Avsluttet"},"geometry":{"type":"Polygon","coordinates":[[[11.11146,60.1977],[11.11137,60.19764],[11.11126,60.19769],[11.11135,60.19774],[11.11146,60.1977]]]}},{"type":"Feature","properties":{"k":"old","n":"Gardermoen flystasjon, Vilberg leir","a":5607,"type":"Deponi","status":"Uavklart"},"geometry":{"type":"Polygon","coordinates":[[[11.14858,60.18849],[11.14915,60.18839],[11.14938,60.18816],[11.14921,60.18787],[11.14867,60.18773],[11.1481,60.18784],[11.14787,60.18807],[11.14803,60.18836],[11.14858,60.18849]]]}},{"type":"Feature","properties":{"k":"old","n":"Trenreg., Onsrud leir avfallsfylling II, utløp I","a":126,"type":"Deponi","status":"Undersøkelser gjennomført"},"geometry":{"type":"Polygon","coordinates":[[[11.28715,60.13575],[11.28727,60.1357],[11.28717,60.13564],[11.28705,60.13569],[11.28715,60.13575]]]}},{"type":"Feature","properties":{"k":"old","n":"HVAM LANDBRUKSSKOLE","a":99,"type":"Deponi","status":"Uavklart"},"geometry":{"type":"Polygon","coordinates":[[[11.37775,60.09756],[11.37765,60.09751],[11.37755,60.09756],[11.37764,60.09761],[11.37775,60.09756]]]}},{"type":"Feature","properties":{"k":"old","n":"TANSUM","a":99,"type":"Deponi","status":"Avsluttet"},"geometry":{"type":"Polygon","coordinates":[[[11.20521,60.39859],[11.20512,60.39854],[11.20501,60.39859],[11.2051,60.39864],[11.20521,60.39859]]]}},{"type":"Feature","properties":{"k":"old","n":"SLAMLAGUNER, FLAEN GÅRD","a":4648,"type":"Deponi","status":"Uavklart"},"geometry":{"type":"Polygon","coordinates":[[[11.0392,60.46176],[11.03942,60.46194],[11.03987,60.46202],[11.0404,60.462],[11.0407,60.46183],[11.04068,60.46159],[11.04027,60.4614],[11.03986,60.46139],[11.03948,60.46144],[11.03922,60.46163],[11.0392,60.46176]]]}},{"type":"Feature","properties":{"k":"old","n":"ULLERN ALDERS- OG SYKEHJEM","a":12836,"type":"Deponi","status":"Uavklart"},"geometry":{"type":"Polygon","coordinates":[[[10.64035,59.92228],[10.63993,59.92277],[10.64175,59.92317],[10.64175,59.92294],[10.64259,59.92284],[10.64259,59.92217],[10.64236,59.92217],[10.64225,59.92225],[10.6417,59.92202],[10.6404,59.92209],[10.64035,59.92228]]]}},{"type":"Feature","properties":{"k":"old","n":"NSB BRUBAKKVEIEN","a":99,"type":"Deponi","status":"Avsluttet"},"geometry":{"type":"Polygon","coordinates":[[[10.87564,59.94226],[10.87554,59.94221],[10.87544,59.94225],[10.87553,59.94231],[10.87564,59.94226]]]}},{"type":"Feature","properties":{"k":"old","n":"ISENE","a":11325,"type":"Deponi","status":"Avsluttet"},"geometry":{"type":"Polygon","coordinates":[[[10.87507,59.93921],[10.87623,59.93898],[10.87498,59.93791],[10.87347,59.93834],[10.87393,59.93856],[10.8739,59.93861],[10.8741,59.93863],[10.87491,59.93923],[10.87507,59.93921]]]}},{"type":"Feature","properties":{"k":"old","n":"Rommen avfallsfylling (ROMMENFYLLINGEN)","a":274887,"type":"Kommunalt deponi","status":"Avsluttet"},"geometry":{"type":"Polygon","coordinates":[[[10.909,59.96131],[10.90966,59.9616],[10.91016,59.96158],[10.91054,59.96145],[10.91053,59.96132],[10.91078,59.96119],[10.91118,59.96073],[10.91132,59.96042],[10.91187,59.96034],[10.91268,59.96037],[10.91297,59.96048],[10.91299,59.96068],[10.91332,59.96108],[10.91397,59.9614],[10.91435,59.96193],[10.91469,59.96177],[10.9147,59.96161],[10.91422,59.96109],[10.91435,59.96063],[10.91472,59.9605],[10.91516,59.96],[10.91618,59.9594],[10.91642,59.95913],[10.91649,59.9589],[10.91688,59.95868],[10.9174,59.95859],[10.9178,59.95835],[10.91763,59.95828],[10.91687,59.95832],[10.91498,59.95872],[10.9134,59.95862],[10.91215,59.95829],[10.91088,59.95786],[10.90985,59.95766],[10.90932,59.95762],[10.90955,59.95716],[10.90948,59.95701],[10.90962,59.95694],[10.9096,59.95681],[10.90929,59.95645],[10.90834,59.95567],[10.90929,59.95509],[10.91034,59.95489],[10.91012,59.9545],[10.9099,59.95435],[10.9082,59.95452],[10.90757,59.95443],[10.90679,59.95357],[10.90623,59.95324],[10.90555,59.95306],[10.90514,59.95303],[10.90501,59.95312],[10.90467,59.9531],[10.9045,59.95331],[10.90318,59.95343],[10.90302,59.95371],[10.90467,59.95457],[10.90474,59.95544],[10.90537,59.95639],[10.90543,59.95663],[10.90517,59.9567],[10.90421,59.95649],[10.90398,59.95653],[10.90448,59.9569],[10.90485,59.95705],[10.90511,59.95753],[10.90507,59.95787],[10.90541,59.95813],[10.90483,59.95828],[10.90483,59.95839],[10.90626,59.95876],[10.90675,59.95925],[10.90697,59.95989],[10.90867,59.95996],[10.90898,59.96035],[10.909,59.96131]]]}},{"type":"Feature","properties":{"k":"old","n":"Vei 3441 Felt C (Kjøttbyfyllingen)","a":170997,"type":"Deponi","status":"Avsluttet"},"geometry":{"type":"Polygon","coordinates":[[[10.88669,59.94567],[10.88672,59.94576],[10.887,59.94574],[10.88703,59.94516],[10.88677,59.94517],[10.88619,59.94444],[10.88636,59.94442],[10.88683,59.94323],[10.88779,59.94326],[10.88783,59.94317],[10.88788,59.94279],[10.88777,59.94234],[10.88737,59.94182],[10.88703,59.94153],[10.88581,59.94176],[10.8839,59.94115],[10.88428,59.94149],[10.88561,59.94231],[10.88625,59.94296],[10.88622,59.94392],[10.88603,59.94429],[10.88514,59.94338],[10.88133,59.93994],[10.88142,59.93971],[10.88217,59.93956],[10.88302,59.94036],[10.88245,59.93965],[10.88256,59.93963],[10.88285,59.93977],[10.88332,59.9397],[10.88378,59.93973],[10.88405,59.9397],[10.88267,59.9391],[10.88242,59.93892],[10.88231,59.93897],[10.88242,59.93933],[10.88234,59.93943],[10.88146,59.93959],[10.88102,59.93957],[10.88023,59.93997],[10.8806,59.93991],[10.88083,59.93995],[10.88152,59.9406],[10.87949,59.94118],[10.87954,59.94123],[10.87874,59.94146],[10.87808,59.94073],[10.87803,59.94056],[10.87816,59.94047],[10.87776,59.94061],[10.87781,59.94067],[10.8773,59.94079],[10.8771,59.94073],[10.87694,59.94055],[10.8762,59.94095],[10.87645,59.9411],[10.87668,59.94109],[10.87698,59.94127],[10.87699,59.94136],[10.87649,59.94139],[10.87631,59.94146],[10.87617,59.94167],[10.87591,59.94179],[10.87556,59.94185],[10.87633,59.94242],[10.87663,59.94252],[10.87641,59.9426],[10.87694,59.94297],[10.87731,59.94308],[10.87927,59.94301],[10.87938,59.94311],[10.87933,59.94336],[10.87876,59.94364],[10.87833,59.94414],[10.87756,59.94432],[10.87708,59.94451],[10.877,59.94463],[10.87704,59.94472],[10.87728,59.94481],[10.87802,59.94495],[10.87814,59.94542],[10.87867,59.94538],[10.8792,59.94557],[10.87937,59.9454],[10.87999,59.9453],[10.8803,59.94535],[10.88082,59.94558],[10.88173,59.94553],[10.882,59.94522],[10.88214,59.94521],[10.88239,59.94527],[10.88221,59.9454],[10.88234,59.94548],[10.88293,59.94536],[10.88303,59.94559],[10.88345,59.94573],[10.88394,59.94563],[10.88462,59.94561],[10.88518,59.9452],[10.88576,59.94525],[10.8858,59.94531],[10.88552,59.94543],[10.88558,59.94587],[10.88645,59.94578],[10.88669,59.94567]],[[10.88139,59.94405],[10.8815,59.94402],[10.88116,59.94394],[10.88015,59.94319],[10.87959,59.9425],[10.88202,59.94182],[10.88104,59.94094],[10.88169,59.94075],[10.88498,59.94365],[10.88531,59.94422],[10.88532,59.94482],[10.88311,59.94511],[10.88139,59.94405]],[[10.87953,59.94242],[10.87922,59.94203],[10.88034,59.94171],[10.88075,59.94208],[10.87953,59.94242]]]}},{"type":"Feature","properties":{"k":"old","n":"Nedre Breivoll","a":99,"type":"Deponi","status":"Avsluttet"},"geometry":{"type":"Polygon","coordinates":[[[10.83621,59.92067],[10.83611,59.92062],[10.836,59.92067],[10.8361,59.92072],[10.83621,59.92067]]]}},{"type":"Feature","properties":{"k":"old","n":"Grønmo søppelfyllplass - metallhydroksidslamdeponi","a":7313,"type":"Deponi","status":"Avsluttet"},"geometry":{"type":"Polygon","coordinates":[[[10.86131,59.83821],[10.86097,59.83825],[10.8608,59.83835],[10.86044,59.83889],[10.86005,59.83916],[10.8598,59.83959],[10.85997,59.83972],[10.86041,59.83967],[10.86108,59.83905],[10.86154,59.83846],[10.86157,59.83836],[10.86131,59.83821]]]}},{"type":"Feature","properties":{"k":"old","n":"Grønmo søppelfyllplass-Østre areal","a":154888,"type":"Kommunalt deponi","status":"Uavklart"},"geometry":{"type":"Polygon","coordinates":[[[10.85619,59.84056],[10.85672,59.84069],[10.85726,59.84092],[10.85737,59.84171],[10.85752,59.84187],[10.85785,59.842],[10.86005,59.84201],[10.86059,59.84206],[10.86106,59.84223],[10.86066,59.84298],[10.86062,59.84318],[10.86074,59.84328],[10.86094,59.84322],[10.86154,59.842],[10.86187,59.84182],[10.86251,59.84162],[10.86296,59.84164],[10.86348,59.84179],[10.86389,59.84213],[10.86475,59.84223],[10.86511,59.84242],[10.86534,59.84286],[10.8656,59.84299],[10.86646,59.84311],[10.86715,59.84327],[10.86788,59.84333],[10.86828,59.84353],[10.86876,59.84365],[10.86946,59.84329],[10.86856,59.84275],[10.86829,59.84248],[10.86809,59.84179],[10.86826,59.84099],[10.86803,59.84074],[10.8677,59.84057],[10.86735,59.84053],[10.86614,59.84056],[10.86517,59.84039],[10.86481,59.84025],[10.86502,59.84009],[10.86485,59.83991],[10.86494,59.83973],[10.86484,59.83959],[10.8647,59.83959],[10.8644,59.83977],[10.86413,59.84003],[10.86311,59.83987],[10.86263,59.83974],[10.86134,59.83998],[10.8601,59.84011],[10.85719,59.84029],[10.85666,59.84037],[10.85619,59.84056]]]}}]}